state,district,year,time_step,start_date,end_date,Red,NIR,SWIR1,SWIR2,image_count,mean_cloud_cover,quality_flag
Punjab,Fatehgarh Sahib,2010,0,2010-10-01,2010-10-06,0.0745184946488184,0.3187572192903969,0.1700173600483411,0.0880106442836749,3,0.3333333333333333,valid
Punjab,Fatehgarh Sahib,2010,1,2010-10-06,2010-10-11,0.10375348645801297,0.2878499066460697,0.1912941679766498,0.11209291024498154,0,,insufficient_data
Punjab,Fatehgarh Sahib,2010,2,2010-10-11,2010-10-16,0.118435323666152,0.2993526386196477,0.2006278544455276,0.1193652398128012,1,0.0,valid
Punjab,Fatehgarh Sahib,2010,3,2010-10-16,2010-10-21,0.1183066410590685,0.2454398620281645,0.2032372894360808,0.1289028466384685,2,3.0,valid
Punjab,Fatehgarh Sahib,2010,4,2010-10-21,2010-10-26,0.1220124348128494,0.24525767038148394,0.22223541893512597,0.15154493454616133,0,,insufficient_data
Punjab,Fatehgarh Sahib,2010,5,2010-10-26,2010-10-31,0.1337713113659727,0.2407433304752042,0.2540225685006601,0.1774492876288448,3,0.3333333333333333,valid
Punjab,Fatehgarh Sahib,2010,6,2010-10-31,2010-11-05,0.1175364631602044,0.1954948504029193,0.2310539633582354,0.1804623641045309,2,0.0,valid
Punjab,Fatehgarh Sahib,2010,7,2010-11-05,2010-11-10,0.1278247639386036,0.207397036825549,0.23082294048101556,0.18486884136633083,0,,insufficient_data
Punjab,Fatehgarh Sahib,2010,8,2010-11-10,2010-11-15,0.1426047342306669,0.1957303531665297,0.2260519838156064,0.1970236968708726,3,1.0,valid
Punjab,Fatehgarh Sahib,2010,9,2010-11-15,2010-11-20,0.1173865469975704,0.1976196132575427,0.2121632462495604,0.184540016861075,2,15.0,valid
Punjab,Fatehgarh Sahib,2010,10,2010-11-20,2010-11-25,0.11263338239853316,0.19953328087001543,0.2048107690066355,0.16724143785858867,0,,insufficient_data
Punjab,Fatehgarh Sahib,2010,11,2010-11-25,2010-11-30,0.1009803933749355,0.1943809173876822,0.1997656958562537,0.1621254614494964,3,0.6666666666666666,valid
Punjab,Fatehgarh Sahib,2010,12,2010-11-30,2010-12-05,0.0955763208460219,0.21019204632228555,0.18873418827872096,0.1436940999029565,0,,insufficient_data
Punjab,Fatehgarh Sahib,2010,13,2010-12-05,2010-12-10,0.0895618549909598,0.2104022396683072,0.1812621501051215,0.1252765762529107,3,0.3333333333333333,valid
Punjab,Fatehgarh Sahib,2010,14,2010-12-10,2010-12-15,0.0743764880206219,0.2383654149756102,0.1617456609039482,0.102834345048344,2,2.0,valid
Punjab,Fatehgarh Sahib,2010,15,2010-12-15,2010-12-20,0.0815580696852895,0.2361582760079595,0.16537075363380802,0.10679516893108092,0,,insufficient_data
Punjab,Fatehgarh Sahib,2010,16,2010-12-20,2010-12-25,0.0807358660442868,0.2597071733799611,0.1531044498923543,0.092274585491988,2,0.0,valid
Punjab,Fatehgarh Sahib,2010,17,2010-12-25,2010-12-30,0.07755617703245435,0.24903629417778564,0.15742505539815127,0.09755446527016601,0,,insufficient_data
Punjab,Fatehgarh Sahib,2010,18,2010-12-30,2011-01-04,0.06726734508620495,0.2636795677411209,0.14506457859313598,0.0790065677083843,0,,insufficient_data
Punjab,Fatehgarh Sahib,2010,19,2011-01-04,2011-01-09,0.060313160110696935,0.2803304675993135,0.14211726623082957,0.07405894779770762,0,,insufficient_data
Punjab,Fatehgarh Sahib,2010,20,2011-01-09,2011-01-14,0.050101807143902,0.29064211470898976,0.13662367440006723,0.06495112895056745,0,,insufficient_data
Punjab,Fatehgarh Sahib,2010,21,2011-01-14,2011-01-19,0.0537988241281231,0.2676519621022807,0.1370247072939177,0.0657385499247806,1,12.0,valid
Punjab,Fatehgarh Sahib,2010,22,2011-01-19,2011-01-24,0.0464047901596809,0.3136322673156988,0.1362226415062168,0.0641637079763543,1,0.0,valid
Punjab,Fatehgarh Sahib,2010,23,2011-01-24,2011-01-29,0.061967002304144404,0.31794506922715765,0.14127564900389183,0.06789612268073159,0,,insufficient_data
Punjab,Fatehgarh Sahib,2010,24,2011-01-29,2011-02-03,0.1018949819971952,0.3101484886072373,0.1515147476961842,0.0785784684298442,1,2.0,valid
Punjab,Fatehgarh Sahib,2010,25,2011-02-03,2011-02-08,0.06468972836281817,0.33470943826878324,0.1426926295738832,0.0686153135993819,0,,insufficient_data
Punjab,Fatehgarh Sahib,2010,26,2011-02-08,2011-02-13,0.0457694129315784,0.3803475588834137,0.1403404995192486,0.0631037643919472,1,2.0,valid
Punjab,Fatehgarh Sahib,2010,27,2011-02-13,2011-02-18,0.0738321974643868,0.3452480237453255,0.14592762360771638,0.0708411164108957,0,,insufficient_data
Punjab,Fatehgarh Sahib,2010,28,2011-02-18,2011-02-23,0.0457694129315784,0.3803475588834137,0.1403404995192486,0.0631037643919472,0,,insufficient_data
Punjab,Fatehgarh Sahib,2010,29,2011-02-23,2011-02-28,0.046117406065008054,0.3570604179369673,0.13673764685069484,0.06642848380466455,0,,insufficient_data
Punjab,Fatehgarh Sahib,2010,30,2011-02-28,2011-03-05,0.0464653991984377,0.3337732769905209,0.1331347941821411,0.0697532032173819,0,,insufficient_data
Punjab,Fatehgarh Sahib,2010,31,2011-03-05,2011-03-10,0.05531761877507635,0.3120944916601702,0.13866478005094995,0.0766380186246989,0,,insufficient_data
Punjab,Fatehgarh Sahib,2010,32,2011-03-10,2011-03-15,0.0464653991984377,0.3337732769905209,0.1331347941821411,0.0697532032173819,3,0.6666666666666666,valid
Punjab,Fatehgarh Sahib,2010,33,2011-03-15,2011-03-20,0.06018526392937573,0.28834349630744965,0.14040329278255562,0.08132899041884907,0,,insufficient_data
Punjab,Fatehgarh Sahib,2010,34,2011-03-20,2011-03-25,0.064169838351715,0.2904157063298196,0.1441947659197588,0.0835228340320159,1,2.0,valid
Punjab,Fatehgarh Sahib,2010,35,2011-03-25,2011-03-30,0.0699205542379745,0.2408415056020086,0.143880318245767,0.0907109340071494,2,1.0,valid
Punjab,Fatehgarh Sahib,2010,36,2011-03-30,2011-04-04,0.0901868915902618,0.25342082583972936,0.16529384596514154,0.1048964147350544,0,,insufficient_data
Punjab,Fatehgarh Sahib,2010,37,2011-04-04,2011-04-09,0.1052752068959974,0.2522567491838766,0.1777792622641432,0.1153372610161814,1,4.0,valid
Punjab,Fatehgarh Sahib,2010,38,2011-04-09,2011-04-14,0.1213819668753603,0.2301693422432128,0.1953210374308972,0.1300146298848709,1,26.0,valid
Punjab,Fatehgarh Sahib,2010,39,2011-04-14,2011-04-19,0.12115116761997326,0.2380590399793845,0.2085851547851784,0.14355667774767633,0,,insufficient_data
Punjab,Fatehgarh Sahib,2010,40,2011-04-19,2011-04-24,0.1367963290885621,0.2317510285110641,0.2526551646604948,0.1853181423419767,3,0.6666666666666666,valid
Punjab,Fatehgarh Sahib,2010,41,2011-04-24,2011-04-29,0.1290891479819612,0.23096018537713847,0.223988101045696,0.1576663861134238,0,,insufficient_data
Punjab,Fatehgarh Sahib,2010,42,2011-04-29,2011-05-04,0.1367963290885621,0.2317510285110641,0.2526551646604948,0.1853181423419767,0,,insufficient_data
Punjab,Fatehgarh Sahib,2011,0,2011-10-01,2011-10-06,0.1155175456325796,0.2614580213896401,0.2256241585206804,0.1482406410694052,0,,insufficient_data
Punjab,Fatehgarh Sahib,2011,1,2011-10-06,2011-10-11,0.12268246774750655,0.2466361369713726,0.23430590381977034,0.16224371584111047,0,,insufficient_data
Punjab,Fatehgarh Sahib,2011,2,2011-10-11,2011-10-16,0.1155175456325796,0.2614580213896401,0.2256241585206804,0.1482406410694052,1,7.0,valid
Punjab,Fatehgarh Sahib,2011,3,2011-10-16,2011-10-21,0.11951404330360178,0.2245509029116229,0.22584294400012497,0.16354787461301498,0,,insufficient_data
Punjab,Fatehgarh Sahib,2011,4,2011-10-21,2011-10-26,0.1298473898624335,0.2318142525531051,0.2429876491188603,0.1762467906128157,2,0.5,valid
Punjab,Fatehgarh Sahib,2011,5,2011-10-26,2011-10-31,0.1131771944157923,0.1803804347921235,0.2089170243608343,0.166156192156824,1,0.0,valid
Punjab,Fatehgarh Sahib,2011,6,2011-10-31,2011-11-05,0.11391774580623334,0.19026866862735953,0.21272612132872876,0.17277692099652828,0,,insufficient_data
Punjab,Fatehgarh Sahib,2011,7,2011-11-05,2011-11-10,0.103466027193804,0.1716586085304993,0.2036292602595153,0.1745540253086846,2,0.5,valid
Punjab,Fatehgarh Sahib,2011,8,2011-11-10,2011-11-15,0.1091803717529036,0.1772213786337103,0.1953705515757051,0.1741506759077888,2,8.5,valid
Punjab,Fatehgarh Sahib,2011,9,2011-11-15,2011-11-20,0.11819703211004562,0.1844605897947186,0.2004087033420611,0.17271622653611218,0,,insufficient_data
Punjab,Fatehgarh Sahib,2011,10,2011-11-20,2011-11-25,0.1419446973834292,0.2045017822199463,0.202226298190963,0.1694439783918632,2,14.0,valid
Punjab,Fatehgarh Sahib,2011,11,2011-11-25,2011-11-30,0.11692973257204582,0.2033398366814856,0.18622251984159696,0.14783376497253395,0,,insufficient_data
Punjab,Fatehgarh Sahib,2011,12,2011-11-30,2011-12-05,0.10590699030701474,0.23342259190692208,0.17096216296977054,0.11917713792573097,0,,insufficient_data
Punjab,Fatehgarh Sahib,2011,13,2011-12-05,2011-12-10,0.0996641285798047,0.2282963491908002,0.1610707097581228,0.0999066406179499,2,10.0,valid
Punjab,Fatehgarh Sahib,2011,14,2011-12-10,2011-12-15,0.0753500659317921,0.23899920468255154,0.13906301329140144,0.08316441157877304,0,,insufficient_data
Punjab,Fatehgarh Sahib,2011,15,2011-12-15,2011-12-20,0.0761121449578103,0.2674696443100198,0.1495894809602258,0.0881807947673798,1,8.0,valid
Punjab,Fatehgarh Sahib,2011,16,2011-12-20,2011-12-25,0.0502739242577613,0.2212316205468346,0.1065288491558557,0.0614057993509894,1,25.0,valid
Punjab,Fatehgarh Sahib,2011,17,2011-12-25,2011-12-30,0.09320188603956604,0.2730871984817978,0.1411265185497451,0.08020759317489648,0,,insufficient_data
Punjab,Fatehgarh Sahib,2011,18,2011-12-30,2012-01-04,0.1969242300187545,0.2954854713340618,0.1753732682481015,0.1030941931587063,1,10.0,valid
Punjab,Fatehgarh Sahib,2011,19,2012-01-04,2012-01-09,0.0988984664001513,0.27495971653905715,0.13830553107958485,0.07754985931073537,0,,insufficient_data
Punjab,Fatehgarh Sahib,2011,20,2012-01-09,2012-01-14,0.0494972449239381,0.3081620577362751,0.1330144758347973,0.0681495854225104,2,2.0,valid
Punjab,Fatehgarh Sahib,2011,21,2012-01-14,2012-01-19,0.09388060375814485,0.2946010712222303,0.1458067180919477,0.08003220038268867,0,,insufficient_data
Punjab,Fatehgarh Sahib,2011,22,2012-01-19,2012-01-24,0.04235879062784,0.2941588711663145,0.1310234430138708,0.06850120399467985,0,,insufficient_data
Punjab,Fatehgarh Sahib,2011,23,2012-01-24,2012-01-29,0.0352203363317419,0.2801556845963539,0.1290324101929443,0.0688528225668493,1,8.0,valid
Punjab,Fatehgarh Sahib,2011,24,2012-01-29,2012-02-03,0.039662210341425,0.3052134060768358,0.13710625385437625,0.075748997313933,0,,insufficient_data
Punjab,Fatehgarh Sahib,2011,25,2012-02-03,2012-02-08,0.040176971375567666,0.32374032067150205,0.13882561167765292,0.074974043090471,0,,insufficient_data
Punjab,Fatehgarh Sahib,2011,26,2012-02-08,2012-02-13,0.0441040843511081,0.3302711275573177,0.1451800975158082,0.0826451720610167,2,1.0,valid
Punjab,Fatehgarh Sahib,2011,27,2012-02-13,2012-02-18,0.042036187229760665,0.33824536377186315,0.14173115821002988,0.07917608210049716,0,,insufficient_data
Punjab,Fatehgarh Sahib,2011,28,2012-02-18,2012-02-23,0.041206493443853,0.3607941498608346,0.1422643273242062,0.073424134643547,1,11.0,valid
Punjab,Fatehgarh Sahib,2011,29,2012-02-23,2012-02-28,0.0407979838943209,0.3236708138974372,0.1377490497900752,0.0814589395969278,2,1.5,valid
Punjab,Fatehgarh Sahib,2011,30,2012-02-28,2012-03-04,0.0550145697206057,0.33199090042065027,0.1407788299493522,0.0803809826215953,0,,insufficient_data
Punjab,Fatehgarh Sahib,2011,31,2012-03-04,2012-03-09,0.0851719891128312,0.3483006148599667,0.1503439143819121,0.087077599125255,1,2.0,valid
Punjab,Fatehgarh Sahib,2011,32,2012-03-09,2012-03-14,0.0528818124314177,0.2951980230643624,0.1327580283012153,0.0795632571206514,2,4.0,valid
Punjab,Fatehgarh Sahib,2011,33,2012-03-14,2012-03-19,0.07137481044934497,0.29915110089559427,0.1421035358938779,0.08624129777683963,0,,insufficient_data
Punjab,Fatehgarh Sahib,2011,34,2012-03-19,2012-03-24,0.084589170234639,0.3114228641322504,0.1508980836739323,0.0932240074177713,1,0.0,valid
Punjab,Fatehgarh Sahib,2011,35,2012-03-24,2012-03-29,0.07403723877978657,0.2658514554882847,0.1447459704165889,0.09131624799716827,0,,insufficient_data
Punjab,Fatehgarh Sahib,2011,36,2012-03-29,2012-04-03,0.062856270018492,0.2416829015257977,0.1344141172184519,0.0851003274436808,2,7.0,valid
Punjab,Fatehgarh Sahib,2011,37,2012-04-03,2012-04-08,0.0958217024345976,0.2151020332307284,0.1609136524727561,0.1073774000065696,1,6.0,valid
Punjab,Fatehgarh Sahib,2011,38,2012-04-08,2012-04-13,0.10353826275498161,0.23312160208605825,0.18566252339059353,0.12743115121993398,0,,insufficient_data
Punjab,Fatehgarh Sahib,2011,39,2012-04-13,2012-04-18,0.10353826275498161,0.23312160208605825,0.18566252339059353,0.12743115121993398,0,,insufficient_data
Punjab,Fatehgarh Sahib,2011,40,2012-04-18,2012-04-23,0.12387925912322639,0.22884095236618857,0.21128672647666435,0.14859656310806055,0,,insufficient_data
Punjab,Fatehgarh Sahib,2011,41,2012-04-23,2012-04-28,0.1519368158118552,0.2425798715016487,0.2616598004805726,0.1898157262095515,1,1.0,valid
Punjab,Fatehgarh Sahib,2011,42,2012-04-28,2012-05-03,0.1519368158118552,0.2425798715016487,0.2616598004805726,0.1898157262095515,0,,insufficient_data
Punjab,Fatehgarh Sahib,2012,0,2012-10-01,2012-10-06,0.09488309786023849,0.29180646348205586,0.1933941718744264,0.1156420538190186,0,,insufficient_data
Punjab,Fatehgarh Sahib,2012,1,2012-10-06,2012-10-11,0.0805544161857511,0.3015515724597805,0.1737973037589328,0.099901473708764,2,0.0,valid
Punjab,Fatehgarh Sahib,2012,2,2012-10-11,2012-10-16,0.09897691000863255,0.27949945980479957,0.19966605198447188,0.12243502918279033,0,,insufficient_data
Punjab,Fatehgarh Sahib,2012,3,2012-10-16,2012-10-21,0.1092117795347259,0.2820613545043313,0.21299103998992,0.1313826339292732,1,0.0,valid
Punjab,Fatehgarh Sahib,2012,4,2012-10-21,2012-10-26,0.1071645343054207,0.2548854524502871,0.2122098122045629,0.1360209799103338,1,3.0,valid
Punjab,Fatehgarh Sahib,2012,5,2012-10-26,2012-10-31,0.11239921024940855,0.23231536873585557,0.21923851411636844,0.1577928963306542,0,,insufficient_data
Punjab,Fatehgarh Sahib,2012,6,2012-10-31,2012-11-05,0.1270166992851212,0.2117687653128245,0.2394990608636627,0.1831405438921172,1,0.0,valid
Punjab,Fatehgarh Sahib,2012,7,2012-11-05,2012-11-10,0.1062038278723664,0.1805459026759794,0.2122541434073282,0.1806274275908925,2,0.0,valid
Punjab,Fatehgarh Sahib,2012,8,2012-11-10,2012-11-15,0.11432949180026053,0.1912958661968237,0.2168894808723116,0.1818494130382449,0,,insufficient_data
Punjab,Fatehgarh Sahib,2012,9,2012-11-15,2012-11-20,0.1083304024032523,0.1757082842923662,0.2111280244983042,0.1890964640868421,1,0.0,valid
Punjab,Fatehgarh Sahib,2012,10,2012-11-20,2012-11-25,0.1157670376403022,0.1971605125061247,0.2046766947199513,0.1745332165831278,2,2.5,valid
Punjab,Fatehgarh Sahib,2012,11,2012-11-25,2012-11-30,0.1013555765212987,0.1999520508770636,0.1950149307115735,0.15984878589985904,0,,insufficient_data
Punjab,Fatehgarh Sahib,2012,12,2012-11-30,2012-12-05,0.0932368421014777,0.1963543604907082,0.1893911384394325,0.1517765058446501,1,0.0,valid
Punjab,Fatehgarh Sahib,2012,13,2012-12-05,2012-12-10,0.09034320126197623,0.2176392995835144,0.18438870556742237,0.13941665080191867,0,,insufficient_data
Punjab,Fatehgarh Sahib,2012,14,2012-12-10,2012-12-15,0.0880880239401626,0.2305850462190553,0.174863865188606,0.1239889570848162,2,9.0,valid
Punjab,Fatehgarh Sahib,2012,15,2012-12-15,2012-12-20,0.0642809013659624,0.2464572791181694,0.1686231239216997,0.1073679236950806,1,0.0,valid
Punjab,Fatehgarh Sahib,2012,16,2012-12-20,2012-12-25,0.0761844626530625,0.23852116266861234,0.17174349455515286,0.1156784403899484,0,,insufficient_data
Punjab,Fatehgarh Sahib,2012,17,2012-12-25,2012-12-30,0.06520594977276187,0.25137701792112893,0.16284588820559645,0.10402296831624364,0,,insufficient_data
Punjab,Fatehgarh Sahib,2012,18,2012-12-30,2013-01-04,0.0537649126890615,0.2617730037721657,0.15683689971409165,0.09403997393195734,0,,insufficient_data
Punjab,Fatehgarh Sahib,2012,19,2013-01-04,2013-01-09,0.0432489240121606,0.277088728426162,0.1450506755064836,0.0807120241688341,0,,insufficient_data
Punjab,Fatehgarh Sahib,2012,20,2013-01-09,2013-01-14,0.0432489240121606,0.277088728426162,0.1450506755064836,0.0807120241688341,2,6.5,valid
Punjab,Fatehgarh Sahib,2012,21,2013-01-14,2013-01-19,0.0432489240121606,0.277088728426162,0.1450506755064836,0.0807120241688341,0,,insufficient_data
Punjab,Fatehgarh Sahib,2012,22,2013-01-19,2013-01-24,0.0432489240121606,0.277088728426162,0.1450506755064836,0.0807120241688341,0,,insufficient_data
Punjab,Fatehgarh Sahib,2012,23,2013-01-24,2013-01-29,0.04289978250248355,0.32380835661980834,0.14281274792096416,0.07741333790634311,0,,insufficient_data
Punjab,Fatehgarh Sahib,2012,24,2013-01-29,2013-02-03,0.0425506409928065,0.3705279848134546,0.1405748203354447,0.0741146516438521,0,,insufficient_data
Punjab,Fatehgarh Sahib,2012,25,2013-02-03,2013-02-08,0.0425506409928065,0.3705279848134546,0.1405748203354447,0.0741146516438521,0,,insufficient_data
Punjab,Fatehgarh Sahib,2012,26,2013-02-08,2013-02-13,0.0425506409928065,0.3705279848134546,0.1405748203354447,0.0741146516438521,2,20.0,valid
Punjab,Fatehgarh Sahib,2012,27,2013-02-13,2013-02-18,0.041926258309059744,0.3579079082651633,0.13858973423582685,0.07230984799342105,0,,insufficient_data
Punjab,Fatehgarh Sahib,2012,28,2013-02-18,2013-02-23,0.04359021037043683,0.35898281492474693,0.1386164258072595,0.07211620883931642,0,,insufficient_data
Punjab,Fatehgarh Sahib,2012,29,2013-02-23,2013-02-28,0.04359021037043683,0.35898281492474693,0.1386164258072595,0.07211620883931642,0,,insufficient_data
Punjab,Fatehgarh Sahib,2012,30,2013-02-28,2013-03-05,0.041301875625313,0.3452878317168719,0.136604648136209,0.07050504434299,2,5.0,valid
Punjab,Fatehgarh Sahib,2012,31,2013-03-05,2013-03-10,0.046918114493191,0.3611326282439142,0.1386698089501248,0.0717289305311072,1,3.0,valid
Punjab,Fatehgarh Sahib,2012,32,2013-03-10,2013-03-15,0.0592261677532924,0.3396519804380766,0.13843495133435457,0.07385384922995984,0,,insufficient_data
Punjab,Fatehgarh Sahib,2012,33,2013-03-15,2013-03-20,0.06177478566673675,0.3117972552902997,0.14162700749579826,0.07961289458267343,0,,insufficient_data
Punjab,Fatehgarh Sahib,2012,34,2013-03-20,2013-03-25,0.068599089013878,0.3006337298147757,0.14330112728232802,0.0826488446625679,0,,insufficient_data
Punjab,Fatehgarh Sahib,2012,35,2013-03-25,2013-03-30,0.0894585131413732,0.3125354813534437,0.1400303969167299,0.0793275728157823,1,17.0,valid
Punjab,Fatehgarh Sahib,2012,36,2013-03-30,2013-04-04,0.0694206394070698,0.2282330798469692,0.1512031759801294,0.0968900306408142,2,1.0,valid
Punjab,Fatehgarh Sahib,2012,37,2013-04-04,2013-04-09,0.09646781095323409,0.2598729288680422,0.17566088187594228,0.1138647394897218,0,,insufficient_data
Punjab,Fatehgarh Sahib,2012,38,2013-04-09,2013-04-14,0.09646781095323409,0.2598729288680422,0.17566088187594228,0.1138647394897218,0,,insufficient_data
Punjab,Fatehgarh Sahib,2012,39,2013-04-14,2013-04-19,0.1305242803112593,0.2388502254037137,0.2357490727309675,0.1653766150125689,2,1.0,valid
Punjab,Fatehgarh Sahib,2012,40,2013-04-19,2013-04-24,0.1305242803112593,0.2388502254037137,0.2357490727309675,0.1653766150125689,0,,insufficient_data
Punjab,Fatehgarh Sahib,2012,41,2013-04-24,2013-04-29,0.1305242803112593,0.2388502254037137,0.2357490727309675,0.1653766150125689,0,,insufficient_data
Punjab,Fatehgarh Sahib,2012,42,2013-04-29,2013-05-04,0.1305242803112593,0.2388502254037137,0.2357490727309675,0.1653766150125689,0,,insufficient_data
Punjab,Fatehgarh Sahib,2013,0,2013-10-01,2013-10-06,0.0577273666320481,0.3338114471679569,0.160497596772862,0.0835675414202384,2,15.47,valid
Punjab,Fatehgarh Sahib,2013,1,2013-10-06,2013-10-11,0.3094980882425305,0.3656240321178788,0.238030460957247,0.1466607676272383,1,12.0,valid
Punjab,Fatehgarh Sahib,2013,2,2013-10-11,2013-10-16,0.1507371287782728,0.30247201063175033,0.21782257471872207,0.136078100982103,0,,insufficient_data
Punjab,Fatehgarh Sahib,2013,3,2013-10-16,2013-10-21,0.1016964052287391,0.2592092155335826,0.217959013414429,0.1366372003365161,3,1.89,valid
Punjab,Fatehgarh Sahib,2013,4,2013-10-21,2013-10-26,0.16945730491291217,0.2739603849974697,0.24196508941011693,0.16523054733406592,0,,insufficient_data
Punjab,Fatehgarh Sahib,2013,5,2013-10-26,2013-10-31,0.1340266550097735,0.251243347707583,0.2548032277303502,0.1774468945444192,3,3.1666666666666665,valid
Punjab,Fatehgarh Sahib,2013,6,2013-10-31,2013-11-05,0.1326080711706056,0.2197649446308346,0.2570676555384416,0.2001773268280901,3,0.18,valid
Punjab,Fatehgarh Sahib,2013,7,2013-11-05,2013-11-10,0.1196639165421102,0.20259602967142323,0.22934109527926982,0.1897955098858962,0,,insufficient_data
Punjab,Fatehgarh Sahib,2013,8,2013-11-10,2013-11-15,0.1113136270463157,0.1819255804091349,0.2155853281810904,0.1914451455298199,2,8.01,valid
Punjab,Fatehgarh Sahib,2013,9,2013-11-15,2013-11-20,0.0997518455062187,0.175123678230878,0.1993461233853798,0.1812435191574193,2,8.805,valid
Punjab,Fatehgarh Sahib,2013,10,2013-11-20,2013-11-25,0.1206193839776375,0.1849225973786856,0.2199031415610871,0.1986646633697324,1,0.0,valid
Punjab,Fatehgarh Sahib,2013,11,2013-11-25,2013-11-30,0.0963185475583383,0.1851088139187011,0.1958743793166767,0.1680075964124562,3,0.6699999999999999,valid
Punjab,Fatehgarh Sahib,2013,12,2013-11-30,2013-12-05,0.095132037050314,0.19167535218395423,0.18909089198556073,0.15831488475425542,0,,insufficient_data
Punjab,Fatehgarh Sahib,2013,13,2013-12-05,2013-12-10,0.0900551588993502,0.1954891714142897,0.1750132893289654,0.1360127986509812,3,6.13,valid
Punjab,Fatehgarh Sahib,2013,14,2013-12-10,2013-12-15,0.0689152493100253,0.2177324999772169,0.1553175263356946,0.1076458461806882,3,1.08,valid
Punjab,Fatehgarh Sahib,2013,15,2013-12-15,2013-12-20,0.06417108540163047,0.23393004432969577,0.1525887938384064,0.10149605432203498,0,,insufficient_data
Punjab,Fatehgarh Sahib,2013,16,2013-12-20,2013-12-25,0.0642440449731555,0.24580214157729943,0.14917037129009442,0.0974989042064895,0,,insufficient_data
Punjab,Fatehgarh Sahib,2013,17,2013-12-25,2013-12-30,0.0470862915773632,0.2618856818158971,0.147016533779217,0.0823280017480835,2,0.5,valid
Punjab,Fatehgarh Sahib,2013,18,2013-12-30,2014-01-04,0.0506276418197832,0.2606128241113794,0.1330078259097486,0.079997570708387,1,0.04,valid
Punjab,Fatehgarh Sahib,2013,19,2014-01-04,2014-01-09,0.0645358832592556,0.2932905305677139,0.1354966810968464,0.0815103037443076,3,10.673333333333332,valid
Punjab,Fatehgarh Sahib,2013,20,2014-01-09,2014-01-14,0.05006461959511486,0.2920036284880158,0.1355769037546488,0.07385032901246943,0,,insufficient_data
Punjab,Fatehgarh Sahib,2013,21,2014-01-14,2014-01-19,0.0539833066457717,0.29472207628806,0.1385323803152366,0.0736187046062515,1,2.0,valid
Punjab,Fatehgarh Sahib,2013,22,2014-01-19,2014-01-24,0.0340899746734006,0.3495070296570285,0.1238310976721954,0.0517970642553176,1,15.0,valid
Punjab,Fatehgarh Sahib,2013,23,2014-01-24,2014-01-29,0.04403664065958615,0.32211455297254427,0.131181738993716,0.06270788443078455,0,,insufficient_data
Punjab,Fatehgarh Sahib,2013,24,2014-01-29,2014-02-03,0.042869750763828464,0.3395568222511729,0.13099566181888178,0.0630449578842114,0,,insufficient_data
Punjab,Fatehgarh Sahib,2013,25,2014-02-03,2014-02-08,0.03731297282285685,0.36197419523272933,0.1272273025707044,0.05775808452319135,0,,insufficient_data
Punjab,Fatehgarh Sahib,2013,26,2014-02-08,2014-02-13,0.0480215881394812,0.3916086031618574,0.14163033877961478,0.06991066886248345,0,,insufficient_data
Punjab,Fatehgarh Sahib,2013,27,2014-02-13,2014-02-18,0.0405359709723131,0.3744413608084301,0.1306235074692134,0.0637191047910651,1,3.76,valid
Punjab,Fatehgarh Sahib,2013,28,2014-02-18,2014-02-23,0.0480215881394812,0.3916086031618574,0.14163033877961478,0.06991066886248345,0,,insufficient_data
Punjab,Fatehgarh Sahib,2013,29,2014-02-23,2014-02-28,0.0555072053066493,0.4087758455152848,0.1526371700900162,0.0761022329339018,2,6.965,valid
Punjab,Fatehgarh Sahib,2013,30,2014-02-28,2014-03-05,0.0492727047072963,0.3634079795899643,0.14170685233897296,0.07374440411941002,0,,insufficient_data
Punjab,Fatehgarh Sahib,2013,31,2014-03-05,2014-03-10,0.0524072327445382,0.35166033431786603,0.14346056612261837,0.07767455874684429,0,,insufficient_data
Punjab,Fatehgarh Sahib,2013,32,2014-03-10,2014-03-15,0.0467305219253467,0.3582813968368672,0.1420772522091421,0.0742029938536492,1,4.0,valid
Punjab,Fatehgarh Sahib,2013,33,2014-03-15,2014-03-20,0.0543171206248761,0.312133315199275,0.1414894795875201,0.080953284899024,2,1.0,valid
Punjab,Fatehgarh Sahib,2013,34,2014-03-20,2014-03-25,0.0530740831212807,0.3274507797200373,0.137638362603795,0.0794397233008022,1,18.58,valid
Punjab,Fatehgarh Sahib,2013,35,2014-03-25,2014-03-30,0.06891751829039729,0.29894792446210733,0.15420926730988682,0.09387597184584354,0,,insufficient_data
Punjab,Fatehgarh Sahib,2013,36,2014-03-30,2014-04-04,0.07446426738165993,0.28411455636841737,0.157242271085073,0.09879421634389213,0,,insufficient_data
Punjab,Fatehgarh Sahib,2013,37,2014-04-04,2014-04-09,0.0872086964249482,0.2537813159121307,0.1624788500772288,0.1056541763555293,1,5.37,valid
Punjab,Fatehgarh Sahib,2013,38,2014-04-09,2014-04-14,0.1032571693555347,0.2430928146422265,0.1873623920717481,0.129129680820213,1,5.55,valid
Punjab,Fatehgarh Sahib,2013,39,2014-04-14,2014-04-19,0.12895406688402442,0.25895896626761533,0.235195328919926,0.17149871271731887,0,,insufficient_data
Punjab,Fatehgarh Sahib,2013,40,2014-04-19,2014-04-24,0.1369492240306646,0.2463013232109429,0.2443117525945129,0.1800898696405929,3,1.29,valid
Punjab,Fatehgarh Sahib,2013,41,2014-04-24,2014-04-29,0.1403455219323472,0.2776663252988991,0.2740150537065943,0.207966916835689,2,0.215,valid
Punjab,Fatehgarh Sahib,2013,42,2014-04-29,2014-05-04,0.1770097226766274,0.2739530522738773,0.3078085961495458,0.2346529199345702,1,0.0,valid
Punjab,Fatehgarh Sahib,2014,0,2014-10-01,2014-10-06,0.0672994848032958,0.3163050022938842,0.1703950784847402,0.0967859697944734,2,6.0,valid
Punjab,Fatehgarh Sahib,2014,1,2014-10-06,2014-10-11,0.1600457433673761,0.3409312107335265,0.1959610741777703,0.1091306363868719,1,8.0,valid
Punjab,Fatehgarh Sahib,2014,2,2014-10-11,2014-10-16,0.087666742715788,0.2546168210826698,0.1926741938879406,0.1212248458600323,2,0.0,valid
Punjab,Fatehgarh Sahib,2014,3,2014-10-16,2014-10-21,0.1173060946603269,0.2786154360299341,0.20746405986876626,0.1330968215518257,0,,insufficient_data
Punjab,Fatehgarh Sahib,2014,4,2014-10-21,2014-10-26,0.1492467385760649,0.2640847974108714,0.2420559210914002,0.1636093508472083,3,0.1266666666666666,valid
Punjab,Fatehgarh Sahib,2014,5,2014-10-26,2014-10-31,0.1222717638391097,0.2171393486287185,0.2362340317019801,0.1747333048705426,2,3.0,valid
Punjab,Fatehgarh Sahib,2014,6,2014-10-31,2014-11-05,0.1224945297217277,0.2100527513734558,0.22549112740847838,0.18104305166189533,0,,insufficient_data
Punjab,Fatehgarh Sahib,2014,7,2014-11-05,2014-11-10,0.1337359645013745,0.1998352051547253,0.2321461798850755,0.1950692019886039,3,0.8833333333333333,valid
Punjab,Fatehgarh Sahib,2014,8,2014-11-10,2014-11-15,0.1004007878749544,0.1854119777937093,0.2085141367826743,0.1848288710902206,2,3.0,valid
Punjab,Fatehgarh Sahib,2014,9,2014-11-15,2014-11-20,0.106817393817135,0.1837924278792546,0.2085053675812619,0.1869745295129013,1,0.02,valid
Punjab,Fatehgarh Sahib,2014,10,2014-11-20,2014-11-25,0.1054903622258844,0.18797666070306,0.201215587640426,0.172283209400305,2,0.145,valid
Punjab,Fatehgarh Sahib,2014,11,2014-11-25,2014-11-30,0.09836419653277283,0.1940067520027569,0.1910315446587519,0.15837375951976634,0,,insufficient_data
Punjab,Fatehgarh Sahib,2014,12,2014-11-30,2014-12-05,0.0816194067890167,0.1943766187631184,0.1752550237599918,0.1371545549963676,3,0.3433333333333333,valid
Punjab,Fatehgarh Sahib,2014,13,2014-12-05,2014-12-10,0.0974930319568737,0.2184760748746424,0.1616676075294055,0.1106276325990371,3,0.48,valid
Punjab,Fatehgarh Sahib,2014,14,2014-12-10,2014-12-15,0.07814401700312935,0.21796582068339632,0.15459117215884643,0.10745721806934373,0,,insufficient_data
Punjab,Fatehgarh Sahib,2014,15,2014-12-15,2014-12-20,0.0553196122634977,0.2410447684124281,0.126850885187142,0.0745894666126265,2,17.98,valid
Punjab,Fatehgarh Sahib,2014,16,2014-12-20,2014-12-25,0.07761733837259042,0.234248650683703,0.1419599184649946,0.08674280674513779,0,,insufficient_data
Punjab,Fatehgarh Sahib,2014,17,2014-12-25,2014-12-30,0.06767949158044881,0.24213493858823326,0.13210607393278914,0.07480039381818815,0,,insufficient_data
Punjab,Fatehgarh Sahib,2014,18,2014-12-30,2015-01-04,0.0800393708973999,0.2432251087640384,0.1373612626784363,0.0750113210237498,2,1.5,valid
Punjab,Fatehgarh Sahib,2014,19,2015-01-04,2015-01-09,0.06079008035872545,0.2723911601799045,0.13162562172432324,0.06915652565454869,0,,insufficient_data
Punjab,Fatehgarh Sahib,2014,20,2015-01-09,2015-01-14,0.06079008035872545,0.2723911601799045,0.13162562172432324,0.06915652565454869,0,,insufficient_data
Punjab,Fatehgarh Sahib,2014,21,2015-01-14,2015-01-19,0.041540789820051,0.3015572115957706,0.1258899807702102,0.0633017302853476,2,14.0,valid
Punjab,Fatehgarh Sahib,2014,22,2015-01-19,2015-01-24,0.041540789820051,0.3015572115957706,0.1258899807702102,0.0633017302853476,0,,insufficient_data
Punjab,Fatehgarh Sahib,2014,23,2015-01-24,2015-01-29,0.043117701107188,0.3227241377920339,0.1334177966455833,0.072655701026821,0,,insufficient_data
Punjab,Fatehgarh Sahib,2014,24,2015-01-29,2015-02-03,0.043117701107188,0.3227241377920339,0.1334177966455833,0.072655701026821,0,,insufficient_data
Punjab,Fatehgarh Sahib,2014,25,2015-02-03,2015-02-08,0.0618227587301995,0.33543643352416197,0.13415261397764244,0.07825768979223616,0,,insufficient_data
Punjab,Fatehgarh Sahib,2014,26,2015-02-08,2015-02-13,0.044694612394325,0.3438910639882972,0.1409456125209564,0.0820096717682944,2,1.62,valid
Punjab,Fatehgarh Sahib,2014,27,2015-02-13,2015-02-18,0.059546932465180134,0.35340012911573787,0.14102673430423687,0.07980522551189667,0,,insufficient_data
Punjab,Fatehgarh Sahib,2014,28,2015-02-18,2015-02-23,0.078950905066074,0.3269818030600267,0.1273596154343285,0.0745057078161779,1,14.0,valid
Punjab,Fatehgarh Sahib,2014,29,2015-02-23,2015-02-28,0.0549952799351414,0.3893275202988898,0.1547749749574257,0.0829002969512177,2,1.295,valid
Punjab,Fatehgarh Sahib,2014,30,2015-02-28,2015-03-05,0.058930697819082,0.36275797560417816,0.1386441473194622,0.0751547502325058,0,,insufficient_data
Punjab,Fatehgarh Sahib,2014,31,2015-03-05,2015-03-10,0.0428459084560306,0.3719646034536181,0.1337978515666324,0.0680582459301218,3,6.613333333333333,valid
Punjab,Fatehgarh Sahib,2014,32,2015-03-10,2015-03-15,0.0499948553214521,0.3520278557026621,0.14424223382443527,0.07844576327760423,0,,insufficient_data
Punjab,Fatehgarh Sahib,2014,33,2015-03-15,2015-03-20,0.04749464301460745,0.33337802340454825,0.13897586325794004,0.0762184964407975,0,,insufficient_data
Punjab,Fatehgarh Sahib,2014,34,2015-03-20,2015-03-25,0.0521433775731843,0.2947914433554784,0.1441538749492477,0.0843787469514732,3,0.6733333333333333,valid
Punjab,Fatehgarh Sahib,2014,35,2015-03-25,2015-03-30,0.070166407587644,0.2573973695396847,0.1558617007595937,0.0969721871260695,0,,insufficient_data
Punjab,Fatehgarh Sahib,2014,36,2015-03-30,2015-04-04,0.0792561324068534,0.2466009193698364,0.17067862007663157,0.11025095813598466,0,,insufficient_data
Punjab,Fatehgarh Sahib,2014,37,2015-04-04,2015-04-09,0.0881894376021037,0.2200032957238909,0.1675695265699397,0.1095656273006658,1,12.5,valid
Punjab,Fatehgarh Sahib,2014,38,2015-04-09,2015-04-14,0.11602486990315698,0.23995653638830908,0.23263278364211534,0.16675255281711338,0,,insufficient_data
Punjab,Fatehgarh Sahib,2014,39,2015-04-14,2015-04-19,0.0974355820452722,0.2250080190301399,0.2003124587107073,0.136808500155815,2,3.56,valid
Punjab,Fatehgarh Sahib,2014,40,2015-04-19,2015-04-24,0.1290280786714895,0.2465768874434216,0.2678092333285449,0.1989004622136859,2,0.5,valid
Punjab,Fatehgarh Sahib,2014,41,2015-04-24,2015-04-29,0.1494463812937626,0.2682379433557839,0.2948399159592695,0.2217356215982868,1,0.05,valid
Punjab,Fatehgarh Sahib,2014,42,2015-04-29,2015-05-04,0.12530334733684143,0.24660761660978178,0.25432053599950727,0.18581486132259592,0,,insufficient_data
Punjab,Fatehgarh Sahib,2015,0,2015-10-01,2015-10-06,0.0624308195697924,0.3379192633547027,0.1583054629258591,0.0867014279082261,1,0.01,valid
Punjab,Fatehgarh Sahib,2015,1,2015-10-06,2015-10-11,0.0838546228121719,0.2832846311073735,0.1726361063775504,0.0999823319949421,3,0.0466666666666666,valid
Punjab,Fatehgarh Sahib,2015,2,2015-10-11,2015-10-16,0.1059202779848912,0.28576147745922487,0.19824621823547273,0.12444734787539483,0,,insufficient_data
Punjab,Fatehgarh Sahib,2015,3,2015-10-16,2015-10-21,0.108821570680719,0.2693334514595131,0.2084667417339077,0.1332230520183575,3,0.34,valid
Punjab,Fatehgarh Sahib,2015,4,2015-10-21,2015-10-26,0.1685740988768815,0.2525085639153103,0.2535765619045737,0.1778825795800536,1,9.0,valid
Punjab,Fatehgarh Sahib,2015,5,2015-10-26,2015-10-31,0.1442755623330703,0.25215489248834544,0.23088498429450063,0.161389679009074,0,,insufficient_data
Punjab,Fatehgarh Sahib,2015,6,2015-10-31,2015-11-05,0.1554310174416104,0.234622662090213,0.2306116492450204,0.1730634054288109,3,7.073333333333333,valid
Punjab,Fatehgarh Sahib,2015,7,2015-11-05,2015-11-10,0.1421200417486216,0.22352204823782582,0.229968306180814,0.17803675641203612,0,,insufficient_data
Punjab,Fatehgarh Sahib,2015,8,2015-11-10,2015-11-15,0.12228532862484907,0.205277969391603,0.2095678417164215,0.17151659511114045,0,,insufficient_data
Punjab,Fatehgarh Sahib,2015,9,2015-11-15,2015-11-20,0.102355008927373,0.1834349187079542,0.205716707392848,0.1831642842272439,3,0.7866666666666667,valid
Punjab,Fatehgarh Sahib,2015,10,2015-11-20,2015-11-25,0.0951409859634082,0.1955302907258878,0.18797638807117414,0.15523133406212045,0,,insufficient_data
Punjab,Fatehgarh Sahib,2015,11,2015-11-25,2015-11-30,0.1090699595055638,0.1977763273766418,0.1923751685113961,0.1583220956773665,2,22.46,valid
Punjab,Fatehgarh Sahib,2015,12,2015-11-30,2015-12-05,0.0739979894572878,0.2053796260930674,0.1658372883092783,0.1242076222817509,3,1.05,valid
Punjab,Fatehgarh Sahib,2015,13,2015-12-05,2015-12-10,0.08306109335962067,0.23710558237617638,0.16403874964023504,0.11238529332954372,0,,insufficient_data
Punjab,Fatehgarh Sahib,2015,14,2015-12-10,2015-12-15,0.1230374590603567,0.2611910597975812,0.1737016868772611,0.1089887552986408,1,11.0,valid
Punjab,Fatehgarh Sahib,2015,15,2015-12-15,2015-12-20,0.0562974039480952,0.2683001106955568,0.1525777636935643,0.0879825556833748,2,0.5,valid
Punjab,Fatehgarh Sahib,2015,16,2015-12-20,2015-12-25,0.0529026548267999,0.2528807879180347,0.1357018408096755,0.0824254377065856,1,0.01,valid
Punjab,Fatehgarh Sahib,2015,17,2015-12-25,2015-12-30,0.0484374964942718,0.2668373804003109,0.1405893471575621,0.0819995915775349,2,6.85,valid
Punjab,Fatehgarh Sahib,2015,18,2015-12-30,2016-01-04,0.05051889328235938,0.2728030153539147,0.13917506762763082,0.08065992094192334,0,,insufficient_data
Punjab,Fatehgarh Sahib,2015,19,2016-01-04,2016-01-09,0.0473258261296009,0.2818767944176041,0.1351746736914665,0.0750186730834079,1,0.43,valid
Punjab,Fatehgarh Sahib,2015,20,2016-01-09,2016-01-14,0.0476310850130291,0.294120003338067,0.1318317127858858,0.0758733466587135,2,3.515,valid
Punjab,Fatehgarh Sahib,2015,21,2016-01-14,2016-01-19,0.048040261012844136,0.28761918685726506,0.13324385958716817,0.07680919111675598,0,,insufficient_data
Punjab,Fatehgarh Sahib,2015,22,2016-01-19,2016-01-24,0.0471817618930635,0.2987557182382865,0.13319184167106848,0.0757966813624672,0,,insufficient_data
Punjab,Fatehgarh Sahib,2015,23,2016-01-24,2016-01-29,0.0491638718959024,0.2868607628161242,0.1327251922841522,0.0795355536081465,2,4.425,valid
Punjab,Fatehgarh Sahib,2015,24,2016-01-29,2016-02-03,0.046468271376719904,0.32348303083568913,0.13827684426778367,0.07652803133890586,0,,insufficient_data
Punjab,Fatehgarh Sahib,2015,25,2016-02-03,2016-02-08,0.0446062645337216,0.3321653123813509,0.1330357879227694,0.0727591520996009,3,8.033333333333333,valid
Punjab,Fatehgarh Sahib,2015,26,2016-02-08,2016-02-13,0.044179814775416576,0.3280322299026657,0.13713703074815758,0.07565971839794153,0,,insufficient_data
Punjab,Fatehgarh Sahib,2015,27,2016-02-13,2016-02-18,0.0456346777005357,0.3514230173095923,0.1490695525964294,0.0772893883089702,3,9.97,valid
Punjab,Fatehgarh Sahib,2015,28,2016-02-18,2016-02-23,0.0373144449715066,0.3416798271035952,0.1337175901892793,0.0730547795750485,3,2.3366666666666664,valid
Punjab,Fatehgarh Sahib,2015,29,2016-02-23,2016-02-28,0.05091798198023523,0.3297738436541556,0.14053566883783064,0.07817578384303542,0,,insufficient_data
Punjab,Fatehgarh Sahib,2015,30,2016-02-28,2016-03-04,0.0764483824773188,0.327807379820781,0.140866748113067,0.0817064128979226,3,1.3866666666666667,valid
Punjab,Fatehgarh Sahib,2015,31,2016-03-04,2016-03-09,0.0442744227715798,0.2981851503826538,0.1384887844525468,0.0806525545902004,2,1.0,valid
Punjab,Fatehgarh Sahib,2015,32,2016-03-09,2016-03-14,0.065165466392061,0.29840350267625665,0.14525145035879258,0.08712125355934015,0,,insufficient_data
Punjab,Fatehgarh Sahib,2015,33,2016-03-14,2016-03-19,0.08396416447981572,0.2910701467930662,0.15662239502203543,0.09728505732246792,0,,insufficient_data
Punjab,Fatehgarh Sahib,2015,34,2016-03-19,2016-03-24,0.0864694251473147,0.2788244024504946,0.1618742773250249,0.10247793879731637,0,,insufficient_data
Punjab,Fatehgarh Sahib,2015,35,2016-03-24,2016-03-29,0.0747735939272844,0.2692179778253352,0.1563988185107639,0.0990047931898975,1,21.0,valid
Punjab,Fatehgarh Sahib,2015,36,2016-03-29,2016-04-03,0.1403602587430799,0.2690700791434948,0.190735229011764,0.1277764686118512,1,21.0,valid
Punjab,Fatehgarh Sahib,2015,37,2016-04-03,2016-04-08,0.12939897297769176,0.2695697278582978,0.21886983872207627,0.14864131047883655,0,,insufficient_data
Punjab,Fatehgarh Sahib,2015,38,2016-04-08,2016-04-13,0.112467654829884,0.2461364512405129,0.1968071186183475,0.131329384196304,1,16.0,valid
Punjab,Fatehgarh Sahib,2015,39,2016-04-13,2016-04-18,0.1367468046024996,0.2804589145971656,0.2510769631834829,0.172640381857567,1,15.7,valid
Punjab,Fatehgarh Sahib,2015,40,2016-04-18,2016-04-23,0.1826465527857109,0.2829652164849804,0.299331064286023,0.2124555245385631,1,23.0,valid
Punjab,Fatehgarh Sahib,2015,41,2016-04-23,2016-04-28,0.1814717183966093,0.3042183898199239,0.3195292850555442,0.2443951058377479,3,13.21,valid
Punjab,Fatehgarh Sahib,2015,42,2016-04-28,2016-05-03,0.16695502526160663,0.2892141736340233,0.28997910417501666,0.20983033741129267,0,,insufficient_data
Punjab,Fatehgarh Sahib,2016,0,2016-10-01,2016-10-06,0.0749018341369125,0.329854102217067,0.1751081604895827,0.096993870779358,3,11.29,valid
Punjab,Fatehgarh Sahib,2016,1,2016-10-06,2016-10-11,0.0903774073864943,0.2716711194687435,0.1837369063192792,0.1152700095626103,2,0.6699999999999999,valid
Punjab,Fatehgarh Sahib,2016,2,2016-10-11,2016-10-16,0.1093350570104568,0.2651620307409347,0.2037720017028433,0.1270735043554702,1,0.0,valid
Punjab,Fatehgarh Sahib,2016,3,2016-10-16,2016-10-21,0.1331063060428455,0.2594451075859992,0.240135484573449,0.1673106783795356,3,0.0033333333333333,valid
Punjab,Fatehgarh Sahib,2016,4,2016-10-21,2016-10-26,0.11216719025927599,0.23336545681409868,0.21112479142419655,0.15093429692847832,0,,insufficient_data
Punjab,Fatehgarh Sahib,2016,5,2016-10-26,2016-10-31,0.1227916736517592,0.1993685173395272,0.2280967114518427,0.1760407240083246,3,0.1033333333333333,valid
Punjab,Fatehgarh Sahib,2016,6,2016-10-31,2016-11-05,0.1052255072048242,0.1711805089352889,0.1998828530735685,0.1689765683364509,2,1.835,valid
Punjab,Fatehgarh Sahib,2016,7,2016-11-05,2016-11-10,0.11606397571767582,0.18551875649383803,0.20976597344643427,0.17883157704942246,0,,insufficient_data
Punjab,Fatehgarh Sahib,2016,8,2016-11-10,2016-11-15,0.1282802229957212,0.1830617008631162,0.2144698623249541,0.1909125568558929,3,7.736666666666667,valid
Punjab,Fatehgarh Sahib,2016,9,2016-11-15,2016-11-20,0.1168444647282647,0.1924613349634347,0.2119934325477472,0.1893259082028665,2,6.5,valid
Punjab,Fatehgarh Sahib,2016,10,2016-11-20,2016-11-25,0.1071780100078098,0.1815217203678231,0.194387007834059,0.1689021278435773,1,0.01,valid
Punjab,Fatehgarh Sahib,2016,11,2016-11-25,2016-11-30,0.0908943263311685,0.1948692046783781,0.1933514371697793,0.1590502199107634,3,0.1333333333333333,valid
Punjab,Fatehgarh Sahib,2016,12,2016-11-30,2016-12-05,0.10321045204597754,0.2076003648909825,0.18601247292224307,0.14800698137825605,0,,insufficient_data
Punjab,Fatehgarh Sahib,2016,13,2016-12-05,2016-12-10,0.0760787405633305,0.2094957415979364,0.1574296575410847,0.113599457227294,3,6.78,valid
Punjab,Fatehgarh Sahib,2016,14,2016-12-10,2016-12-15,0.1250567185993142,0.2596538228473401,0.1729008295185451,0.109157193706779,1,17.0,valid
Punjab,Fatehgarh Sahib,2016,15,2016-12-15,2016-12-20,0.06969302643765884,0.2644666012904793,0.14620382802836301,0.08879947774361703,0,,insufficient_data
Punjab,Fatehgarh Sahib,2016,16,2016-12-20,2016-12-25,0.0485065804073263,0.2562797494076754,0.1334586252905864,0.0784376301910237,3,2.13,valid
Punjab,Fatehgarh Sahib,2016,17,2016-12-25,2016-12-30,0.0476484559622509,0.2807238828752558,0.1282007754732586,0.0743512701234738,1,13.01,valid
Punjab,Fatehgarh Sahib,2016,18,2016-12-30,2017-01-04,0.0511746366560723,0.3161798097241887,0.1390292523183403,0.0684518374695146,1,19.0,valid
Punjab,Fatehgarh Sahib,2016,19,2017-01-04,2017-01-09,0.047645125488181006,0.31045386113405016,0.1361730711469608,0.07245053912496317,0,,insufficient_data
Punjab,Fatehgarh Sahib,2016,20,2017-01-09,2017-01-14,0.04742976175839468,0.3239973890656438,0.1368516826110544,0.07095376635844805,0,,insufficient_data
Punjab,Fatehgarh Sahib,2016,21,2017-01-14,2017-01-19,0.047322757969759,0.3624935212609422,0.1466763964903182,0.0716458394943902,1,18.0,valid
Punjab,Fatehgarh Sahib,2016,22,2017-01-19,2017-01-24,0.0435731964454965,0.3365923424021886,0.1335003061623006,0.0693661183464136,2,9.715,valid
Punjab,Fatehgarh Sahib,2016,23,2017-01-24,2017-01-29,0.06709539851822058,0.3707634274610423,0.1512810341017294,0.07857326642413144,0,,insufficient_data
Punjab,Fatehgarh Sahib,2016,24,2017-01-29,2017-02-03,0.1339958062594216,0.4558531276385995,0.1803491593189349,0.095754628788041,1,23.0,valid
Punjab,Fatehgarh Sahib,2016,25,2017-02-03,2017-02-08,0.0434898333982052,0.3281147185424388,0.144598274435364,0.077526479067681,2,15.5,valid
Punjab,Fatehgarh Sahib,2016,26,2017-02-08,2017-02-13,0.06733794058358944,0.3667037776918874,0.1518601872092024,0.08366334875067857,0,,insufficient_data
Punjab,Fatehgarh Sahib,2016,27,2017-02-13,2017-02-18,0.0517439258803335,0.3395730639581743,0.1466262382616782,0.0834678665272875,3,10.146666666666668,valid
Punjab,Fatehgarh Sahib,2016,28,2017-02-18,2017-02-23,0.0453022926854912,0.33457726603442295,0.14084209147409543,0.0792056707577688,0,,insufficient_data
Punjab,Fatehgarh Sahib,2016,29,2017-02-23,2017-02-28,0.0401221967963975,0.3432742006283369,0.1358670768208326,0.0779044206197048,3,0.6699999999999999,valid
Punjab,Fatehgarh Sahib,2016,30,2017-02-28,2017-03-05,0.0458532146670286,0.3273470810087419,0.1362767763785069,0.0779239168164019,3,10.25,valid
Punjab,Fatehgarh Sahib,2016,31,2017-03-05,2017-03-10,0.056618843113215744,0.31455435509410135,0.1411851062160166,0.08459887885235028,0,,insufficient_data
Punjab,Fatehgarh Sahib,2016,32,2017-03-10,2017-03-15,0.0476207848305779,0.3271965808210497,0.1307556648222333,0.071448839329729,2,7.44,valid
Punjab,Fatehgarh Sahib,2016,33,2017-03-15,2017-03-20,0.0729254157126698,0.2769205558756514,0.1527736169627973,0.1057065803091094,2,0.57,valid
Punjab,Fatehgarh Sahib,2016,34,2017-03-20,2017-03-25,0.0765726035594049,0.2980333571367268,0.1502523960957128,0.0900106371868063,1,0.0,valid
Punjab,Fatehgarh Sahib,2016,35,2017-03-25,2017-03-30,0.0807809954656588,0.2634615165768254,0.1566393957570346,0.100607476375636,3,2.65,valid
Punjab,Fatehgarh Sahib,2016,36,2017-03-30,2017-04-04,0.09174649004316315,0.2736631599486216,0.17371093427740053,0.1157483513480598,0,,insufficient_data
Punjab,Fatehgarh Sahib,2016,37,2017-04-04,2017-04-09,0.11853701026652463,0.2747895364180642,0.20908276777995102,0.1418281402265771,1,24.39,missing_bands
Punjab,Fatehgarh Sahib,2016,38,2017-04-09,2017-04-14,0.1367069454349191,0.2562372102052828,0.2351783282940575,0.1666687115206875,3,0.1266666666666666,valid
Punjab,Fatehgarh Sahib,2016,39,2017-04-14,2017-04-19,0.16048719004586703,0.2762701272098755,0.2752866758953022,0.2015403407688763,0,,insufficient_data
Punjab,Fatehgarh Sahib,2016,40,2017-04-19,2017-04-24,0.1800874966061158,0.2814260617534218,0.2942609509729992,0.2100257358231786,3,10.26,valid
Punjab,Fatehgarh Sahib,2016,41,2017-04-24,2017-04-29,0.1505839120079652,0.2785728972267587,0.2740393746676606,0.2037791968323496,2,3.0,valid
Punjab,Fatehgarh Sahib,2016,42,2017-04-29,2017-05-04,0.1745704061344681,0.2888443396540387,0.2976680496464916,0.2256877188992895,1,5.7,valid
Punjab,Fatehgarh Sahib,2017,0,2017-10-01,2017-10-06,0.0746663662502625,0.2877253865921715,0.1715609948975453,0.0984655081474432,2,0.0,valid
Punjab,Fatehgarh Sahib,2017,1,2017-10-06,2017-10-11,0.0744145977270742,0.294747021218019,0.1680823337973967,0.0980516552652414,1,0.09,valid
Punjab,Fatehgarh Sahib,2017,2,2017-10-11,2017-10-16,0.1055901502966443,0.2523992283467916,0.2079665506091771,0.1343857449671219,3,0.6533333333333333,valid
Punjab,Fatehgarh Sahib,2017,3,2017-10-16,2017-10-21,0.11040080492238236,0.2548316722103464,0.19775255604195205,0.13081985212582756,0,,insufficient_data
Punjab,Fatehgarh Sahib,2017,4,2017-10-21,2017-10-26,0.1321343003406112,0.2335750490457376,0.2217869096750225,0.1558339852555562,3,1.7166666666666668,valid
Punjab,Fatehgarh Sahib,2017,5,2017-10-26,2017-10-31,0.1651986099973196,0.2057116758490122,0.2193659912306187,0.1673623669937751,2,0.25,valid
Punjab,Fatehgarh Sahib,2017,6,2017-10-31,2017-11-05,0.15949688337894877,0.22099504085168534,0.21429199621437223,0.15801566227527714,0,,insufficient_data
Punjab,Fatehgarh Sahib,2017,7,2017-11-05,2017-11-10,0.1811577397989155,0.2236983976603062,0.2017230877374755,0.1508506345765001,1,0.0,valid
Punjab,Fatehgarh Sahib,2017,8,2017-11-10,2017-11-15,0.1472903519978138,0.20171303710485758,0.20529644643379039,0.1635369451958757,0,,insufficient_data
Punjab,Fatehgarh Sahib,2017,9,2017-11-15,2017-11-20,0.12850776725232418,0.19757354632006652,0.19539378789938674,0.1597277695802752,0,,insufficient_data
Punjab,Fatehgarh Sahib,2017,10,2017-11-20,2017-11-25,0.0955147061972063,0.1757290378052544,0.1948002603332769,0.1723978340173519,3,1.9266666666666667,valid
Punjab,Fatehgarh Sahib,2017,11,2017-11-25,2017-11-30,0.09485087320605967,0.18978279181275481,0.18446925073680945,0.15317537311468618,0,,insufficient_data
Punjab,Fatehgarh Sahib,2017,12,2017-11-30,2017-12-05,0.1088508557608508,0.1932932034946389,0.1896580156274078,0.1559348401469736,3,9.526666666666667,valid
Punjab,Fatehgarh Sahib,2017,13,2017-12-05,2017-12-10,0.0801870576601219,0.2003261341383711,0.1689494762497436,0.131193445179733,3,0.0,valid
Punjab,Fatehgarh Sahib,2017,14,2017-12-10,2017-12-15,0.06692744854669411,0.19604244212145353,0.1404518025979688,0.09973825892883917,0,,insufficient_data
Punjab,Fatehgarh Sahib,2017,15,2017-12-15,2017-12-20,0.0573147035668704,0.217000602950403,0.1421245960840276,0.0865064917998039,3,10.816666666666668,valid
Punjab,Fatehgarh Sahib,2017,16,2017-12-20,2017-12-25,0.0324345243204281,0.1198380022953833,0.0594489334157554,0.0357360656767657,1,26.0,valid
Punjab,Fatehgarh Sahib,2017,17,2017-12-25,2017-12-30,0.0558501014251993,0.2497542677284712,0.1420779916129097,0.0893204518409197,1,0.9,valid
Punjab,Fatehgarh Sahib,2017,18,2017-12-30,2018-01-04,0.6833729020380783,0.722347819410195,0.5980555218320477,0.4738208981517414,2,13.695,valid
Punjab,Fatehgarh Sahib,2017,19,2018-01-04,2018-01-09,0.17352094357031642,0.33609008589608297,0.21417528831660465,0.1492176380463429,0,,insufficient_data
Punjab,Fatehgarh Sahib,2017,20,2018-01-09,2018-01-14,0.0446730025739724,0.2732646067853427,0.1295471356237673,0.0735598417355618,3,6.516666666666667,valid
Punjab,Fatehgarh Sahib,2017,21,2018-01-14,2018-01-19,0.051274187493904,0.3152457332610227,0.1417468590985431,0.0736509328267258,3,5.966666666666666,valid
Punjab,Fatehgarh Sahib,2017,22,2018-01-19,2018-01-24,0.048726417742857166,0.31519448302623143,0.13874467935873788,0.07443764196758873,0,,insufficient_data
Punjab,Fatehgarh Sahib,2017,23,2018-01-24,2018-01-29,0.0488934004288806,0.3196719814900772,0.1359858358870312,0.0678493806867346,1,27.0,valid
Punjab,Fatehgarh Sahib,2017,24,2018-01-29,2018-02-03,0.0525814806346049,0.3166021662706165,0.1427431716240089,0.0843720345165526,2,0.3999999999999999,valid
Punjab,Fatehgarh Sahib,2017,25,2018-02-03,2018-02-08,0.0462100175829239,0.3511879273240982,0.1437003945603389,0.0727560200723689,1,0.0,valid
Punjab,Fatehgarh Sahib,2017,26,2018-02-08,2018-02-13,0.0491019653432482,0.3655468448049585,0.1444901460731714,0.0808425002241496,3,11.496666666666664,valid
Punjab,Fatehgarh Sahib,2017,27,2018-02-13,2018-02-18,0.045777560548248504,0.3578401614196853,0.14368496248932144,0.07741856777027892,0,,insufficient_data
Punjab,Fatehgarh Sahib,2017,28,2018-02-18,2018-02-23,0.0407380619816721,0.3841462082475145,0.1474190621149139,0.0752687441385784,3,0.9433333333333334,valid
Punjab,Fatehgarh Sahib,2017,29,2018-02-23,2018-02-28,0.0402562771987934,0.3717176604512387,0.1400720380741743,0.0738535398997451,3,13.023333333333332,valid
Punjab,Fatehgarh Sahib,2017,30,2018-02-28,2018-03-05,0.043832369533462104,0.3507605419728951,0.14101471923527767,0.07728835980030341,0,,insufficient_data
Punjab,Fatehgarh Sahib,2017,31,2018-03-05,2018-03-10,0.0374164200206819,0.3492949890346233,0.1333733664061866,0.0709475966300723,3,2.99,valid
Punjab,Fatehgarh Sahib,2017,32,2018-03-10,2018-03-15,0.056918718932701,0.2978833101582038,0.1431944103458359,0.0890835585328178,2,5.5,valid
Punjab,Fatehgarh Sahib,2017,33,2018-03-15,2018-03-20,0.057875688194798755,0.298185058140516,0.14128346253082166,0.08312175490134627,0,,insufficient_data
Punjab,Fatehgarh Sahib,2017,34,2018-03-20,2018-03-25,0.0590772611273063,0.2865601598118057,0.1363652665594474,0.0758610467260477,2,4.2,valid
Punjab,Fatehgarh Sahib,2017,35,2018-03-25,2018-03-30,0.07731116940311222,0.26835174385662786,0.1553039220789551,0.09665346326548413,0,,insufficient_data
Punjab,Fatehgarh Sahib,2017,36,2018-03-30,2018-04-04,0.0780903526985058,0.2590017735574311,0.1522008068118168,0.0965948177164473,3,0.34,valid
Punjab,Fatehgarh Sahib,2017,37,2018-04-04,2018-04-09,0.1151583448539358,0.2299617318990708,0.1894552045987204,0.1250744300866237,3,4.683333333333334,valid
Punjab,Fatehgarh Sahib,2017,38,2018-04-09,2018-04-14,0.1235921143715859,0.2543251270629245,0.2257732380309835,0.15857920255167893,0,,insufficient_data
Punjab,Fatehgarh Sahib,2017,39,2018-04-14,2018-04-19,0.1127432290957089,0.228888887602473,0.2112616586143651,0.1472520425410119,2,1.5,valid
Punjab,Fatehgarh Sahib,2017,40,2018-04-19,2018-04-24,0.1371676573799634,0.2765011949584451,0.2656896006772889,0.1932961792343707,2,0.335,valid
Punjab,Fatehgarh Sahib,2017,41,2018-04-24,2018-04-29,0.1748009878298156,0.2772720472972027,0.3102589194527262,0.230678543179941,1,0.0,valid
Punjab,Fatehgarh Sahib,2017,42,2018-04-29,2018-05-04,0.14157062476849594,0.2608873766193736,0.2624033929147934,0.1904089216517745,0,,insufficient_data
Punjab,Fatehgarh Sahib,2018,0,2018-10-01,2018-10-06,0.0626233029876033,0.3188463366579137,0.1544297748309469,0.0796798237904346,1,0.0,valid
Punjab,Fatehgarh Sahib,2018,1,2018-10-06,2018-10-11,0.0891076503089351,0.2998582548070667,0.1729690245561904,0.1025340613904297,3,0.79,valid
Punjab,Fatehgarh Sahib,2018,2,2018-10-11,2018-10-16,0.09887604368481505,0.28661953928183254,0.19602829852623183,0.1237166604004606,0,,insufficient_data
Punjab,Fatehgarh Sahib,2018,3,2018-10-16,2018-10-21,0.1243944427262651,0.2817131827289118,0.2230304145118874,0.144532196074369,2,5.6,valid
Punjab,Fatehgarh Sahib,2018,4,2018-10-21,2018-10-26,0.1193787787164567,0.2460603829334381,0.2336839802059026,0.1681205603466091,3,4.116666666666666,valid
Punjab,Fatehgarh Sahib,2018,5,2018-10-26,2018-10-31,0.1257894047677281,0.2234274890262585,0.2240665792727869,0.1691569156740214,0,,insufficient_data
Punjab,Fatehgarh Sahib,2018,6,2018-10-31,2018-11-05,0.136028077019541,0.2111352760585543,0.2387174832837082,0.1835644420582173,1,9.0,valid
Punjab,Fatehgarh Sahib,2018,7,2018-11-05,2018-11-10,0.13321657490448,0.1864451779493825,0.2092122823396934,0.1709291676475307,2,13.5,valid
Punjab,Fatehgarh Sahib,2018,8,2018-11-10,2018-11-15,0.1159291504718977,0.1917834254610057,0.2156887360227428,0.178638212243381,1,0.09,valid
Punjab,Fatehgarh Sahib,2018,9,2018-11-15,2018-11-20,0.1153514450686244,0.1875080097574754,0.2204651541115591,0.1899282193277904,3,3.6833333333333336,valid
Punjab,Fatehgarh Sahib,2018,10,2018-11-20,2018-11-25,0.11685285460980459,0.195000966521744,0.20664690444918304,0.1713307386307447,0,,insufficient_data
Punjab,Fatehgarh Sahib,2018,11,2018-11-25,2018-11-30,0.1002043483694478,0.1892430775683245,0.2008009011421771,0.1707641681680648,3,0.44,valid
Punjab,Fatehgarh Sahib,2018,12,2018-11-30,2018-12-05,0.1195627542345731,0.220025141872532,0.1870674486297427,0.1463939257669566,3,15.51,valid
Punjab,Fatehgarh Sahib,2018,13,2018-12-05,2018-12-10,0.10316290194554467,0.22875265919552587,0.1731549985949132,0.12733324052245013,0,,insufficient_data
Punjab,Fatehgarh Sahib,2018,14,2018-12-10,2018-12-15,0.1436269954819277,0.2434593674698794,0.1779209036144577,0.1302767394578313,1,13.0,valid
Punjab,Fatehgarh Sahib,2018,15,2018-12-15,2018-12-20,0.0639626541807241,0.24367146992712,0.1455463556196217,0.0943637565221704,2,0.32,valid
Punjab,Fatehgarh Sahib,2018,16,2018-12-20,2018-12-25,0.0884577574610507,0.2473642391397736,0.1544393839685668,0.0948676126972275,1,5.0,valid
Punjab,Fatehgarh Sahib,2018,17,2018-12-25,2018-12-30,0.0603921130773175,0.2493885656037254,0.1390558100859894,0.0862565286559409,3,3.733333333333333,valid
Punjab,Fatehgarh Sahib,2018,18,2018-12-30,2019-01-04,0.06709027865782807,0.25773122434455165,0.14453551092947398,0.08831222113011239,0,,insufficient_data
Punjab,Fatehgarh Sahib,2018,19,2019-01-04,2019-01-09,0.06813282015019606,0.2624178091503622,0.14419856269942474,0.08629504266609307,0,,insufficient_data
Punjab,Fatehgarh Sahib,2018,20,2019-01-09,2019-01-14,0.05554858991222,0.2905006227075876,0.139100494043718,0.0777609866451108,2,9.755,valid
Punjab,Fatehgarh Sahib,2018,21,2019-01-14,2019-01-19,0.04665230029202183,0.31677340825420397,0.13673745223043596,0.0734623614651143,0,,insufficient_data
Punjab,Fatehgarh Sahib,2018,22,2019-01-19,2019-01-24,0.06765067995738624,0.31980475024365457,0.1396120034153769,0.07372218153044692,0,,insufficient_data
Punjab,Fatehgarh Sahib,2018,23,2019-01-24,2019-01-29,0.0395083454002985,0.3290224486866673,0.1397585032915876,0.0705688045319694,2,1.0,valid
Punjab,Fatehgarh Sahib,2018,24,2019-01-29,2019-02-03,0.044899965563547,0.3307971533683571,0.1313533593560022,0.0720572932182627,1,3.57,valid
Punjab,Fatehgarh Sahib,2018,25,2019-02-03,2019-02-08,0.1306458189534795,0.3288987762120064,0.1482356569701998,0.0745016417264448,2,15.52,valid
Punjab,Fatehgarh Sahib,2018,26,2019-02-08,2019-02-13,0.07168470997244165,0.3295727927556769,0.1397825065392632,0.0723759131588923,0,,insufficient_data
Punjab,Fatehgarh Sahib,2018,27,2019-02-13,2019-02-18,0.07254533300137579,0.3349298764319764,0.14430910455465193,0.07789296847280268,0,,insufficient_data
Punjab,Fatehgarh Sahib,2018,28,2019-02-18,2019-02-23,0.07313509647063526,0.33354600685544716,0.14641582523007038,0.0819841187036029,0,,insufficient_data
Punjab,Fatehgarh Sahib,2018,29,2019-02-23,2019-02-28,0.04324441372603124,0.3496698015792073,0.1446616970928282,0.08179684467200717,0,,insufficient_data
Punjab,Fatehgarh Sahib,2018,30,2019-02-28,2019-03-05,0.0420902144871009,0.3450936997155659,0.1533382973377537,0.0871199704737005,1,15.0,valid
Punjab,Fatehgarh Sahib,2018,31,2019-03-05,2019-03-10,0.0466692559713254,0.326645544638769,0.1376735213822576,0.0843307439106634,2,1.285,valid
Punjab,Fatehgarh Sahib,2018,32,2019-03-10,2019-03-15,0.0409737707196674,0.377270160383287,0.1429732725584733,0.0739398196316576,1,0.0,valid
Punjab,Fatehgarh Sahib,2018,33,2019-03-15,2019-03-20,0.0455401245985976,0.3400232698865897,0.1336430617798298,0.0758169113178962,2,3.735,valid
Punjab,Fatehgarh Sahib,2018,34,2019-03-20,2019-03-25,0.05015662523631699,0.3225668728501844,0.13782468825136615,0.07906571270577867,0,,insufficient_data
Punjab,Fatehgarh Sahib,2018,35,2019-03-25,2019-03-30,0.0548486465897614,0.3030782167365746,0.1357376391859629,0.0745468600628967,1,0.0,valid
Punjab,Fatehgarh Sahib,2018,36,2019-03-30,2019-04-04,0.0627513283022331,0.2658171726057018,0.1390959463503072,0.0866942286057795,3,4.363333333333333,valid
Punjab,Fatehgarh Sahib,2018,37,2019-04-04,2019-04-09,0.08516542544978294,0.24846790595072016,0.16098957498190225,0.10051102491213024,0,,insufficient_data
Punjab,Fatehgarh Sahib,2018,38,2019-04-09,2019-04-14,0.0980597689793085,0.2318420344021229,0.1739864257335351,0.1141272160737406,3,11.22,valid
Punjab,Fatehgarh Sahib,2018,39,2019-04-14,2019-04-19,0.0951228299846956,0.2119204972328349,0.1579372349218783,0.0938812185415114,1,9.0,valid
Punjab,Fatehgarh Sahib,2018,40,2019-04-19,2019-04-24,0.1150445533929161,0.2296816087763667,0.1981906287178278,0.133305601276723,1,0.15,valid
Punjab,Fatehgarh Sahib,2018,41,2019-04-24,2019-04-29,0.1517434449337175,0.2562448110482467,0.2759238632188942,0.2007673349433223,3,0.4066666666666667,valid
Punjab,Fatehgarh Sahib,2018,42,2019-04-29,2019-05-04,0.12063694277044307,0.23261563901914942,0.2106839089528668,0.1426513849205189,0,,insufficient_data
Punjab,Fatehgarh Sahib,2019,0,2019-10-01,2019-10-06,0.0566923143968714,0.3539012435146846,0.1588013892438986,0.0821417526287709,1,24.34,valid
Punjab,Fatehgarh Sahib,2019,1,2019-10-06,2019-10-11,0.07979990565083088,0.3060608961140075,0.18114122759011572,0.10552835150700811,0,,insufficient_data
Punjab,Fatehgarh Sahib,2019,2,2019-10-11,2019-10-16,0.0789544488986849,0.299174626926541,0.174341353923341,0.1002643583875631,3,0.0766666666666666,valid
Punjab,Fatehgarh Sahib,2019,3,2019-10-16,2019-10-21,0.1037529536569363,0.2651068179007969,0.2102809396031075,0.1341789435046903,3,1.5433333333333332,valid
Punjab,Fatehgarh Sahib,2019,4,2019-10-21,2019-10-26,0.10405532525364022,0.23663113023839105,0.21233521169076672,0.14966172305183192,0,,insufficient_data
Punjab,Fatehgarh Sahib,2019,5,2019-10-26,2019-10-31,0.1192077581984107,0.2315384991263249,0.2265083084347801,0.1612700897468668,3,0.01,valid
Punjab,Fatehgarh Sahib,2019,6,2019-10-31,2019-11-05,0.1026251251269039,0.195317821451892,0.2193182260986371,0.1692837413632515,2,0.725,valid
Punjab,Fatehgarh Sahib,2019,7,2019-11-05,2019-11-10,0.1157363403872653,0.1920178857864003,0.2312272303939681,0.1833114822567878,1,0.0,valid
Punjab,Fatehgarh Sahib,2019,8,2019-11-10,2019-11-15,0.10421143728493748,0.20377060737052602,0.21032128923943627,0.15689917272184162,0,,insufficient_data
Punjab,Fatehgarh Sahib,2019,9,2019-11-15,2019-11-20,0.09921266364711306,0.1945146434519264,0.20492561617432167,0.15544220038016657,0,,insufficient_data
Punjab,Fatehgarh Sahib,2019,10,2019-11-20,2019-11-25,0.09282378476939666,0.20638316941559776,0.19180167697638226,0.14055955096052267,0,,insufficient_data
Punjab,Fatehgarh Sahib,2019,11,2019-11-25,2019-11-30,0.07927652542717,0.1962082231174869,0.1642313920303598,0.1137313775204604,1,12.51,valid
Punjab,Fatehgarh Sahib,2019,12,2019-11-30,2019-12-05,0.07323142661605407,0.2250100716811921,0.16209120455971163,0.10710447608355389,0,,insufficient_data
Punjab,Fatehgarh Sahib,2019,13,2019-12-05,2019-12-10,0.0834584884937547,0.230923399342906,0.1799464085048188,0.1246357931043198,3,1.7566666666666668,valid
Punjab,Fatehgarh Sahib,2019,14,2019-12-10,2019-12-15,0.07323142661605407,0.2250100716811921,0.16209120455971163,0.10710447608355389,0,,insufficient_data
Punjab,Fatehgarh Sahib,2019,15,2019-12-15,2019-12-20,0.0569592659272375,0.2478985925831833,0.1420958131439563,0.0829462576258815,1,4.47,valid
Punjab,Fatehgarh Sahib,2019,16,2019-12-20,2019-12-25,0.0702088772104961,0.23941099596304466,0.16102111082438755,0.10379102536510065,0,,insufficient_data
Punjab,Fatehgarh Sahib,2019,17,2019-12-25,2019-12-30,0.0569592659272375,0.2478985925831833,0.1420958131439563,0.0829462576258815,0,,insufficient_data
Punjab,Fatehgarh Sahib,2019,18,2019-12-30,2020-01-04,0.2680606632504462,0.39214039912860543,0.3062319612288045,0.23695566536373058,0,,insufficient_data
Punjab,Fatehgarh Sahib,2019,19,2020-01-04,2020-01-09,0.2599651933528033,0.42976792946225284,0.30404685907579887,0.2341530166811408,0,,insufficient_data
Punjab,Fatehgarh Sahib,2019,20,2020-01-09,2020-01-14,0.1855538915970936,0.4034380453828612,0.25008742637779363,0.17932149597435057,0,,insufficient_data
Punjab,Fatehgarh Sahib,2019,21,2020-01-14,2020-01-19,0.4791620605736549,0.5363822056740276,0.4703681093136526,0.3909650731015797,1,6.0,valid
Punjab,Fatehgarh Sahib,2019,22,2020-01-19,2020-01-24,0.0407683261319517,0.323153653250478,0.1377256088379452,0.0773409602607019,2,1.1549999999999998,valid
Punjab,Fatehgarh Sahib,2019,23,2020-01-24,2020-01-29,0.0367312880856742,0.3507782772240779,0.1421685609817831,0.0696584545607701,1,1.0,valid
Punjab,Fatehgarh Sahib,2019,24,2020-01-29,2020-02-03,0.12774613936839024,0.39621169949991686,0.2048495174154275,0.13519887951991447,0,,insufficient_data
Punjab,Fatehgarh Sahib,2019,25,2020-02-03,2020-02-08,0.03989215906707405,0.3611690729563891,0.13846986944087122,0.07125733112449815,0,,insufficient_data
Punjab,Fatehgarh Sahib,2019,26,2020-02-08,2020-02-13,0.0461093437528581,0.3916121304595294,0.1348614994781732,0.0650811214761722,3,3.273333333333333,valid
Punjab,Fatehgarh Sahib,2019,27,2020-02-13,2020-02-18,0.0359596782978122,0.3791322308914711,0.1391238084655834,0.0729487882003484,3,5.676666666666667,valid
Punjab,Fatehgarh Sahib,2019,28,2020-02-18,2020-02-23,0.04528507930466794,0.38530279385472255,0.13953538135049356,0.07222208856272824,0,,insufficient_data
Punjab,Fatehgarh Sahib,2019,29,2020-02-23,2020-02-28,0.0508545677543483,0.4066143050333312,0.1455631119826487,0.0713981433268264,3,2.02,valid
Punjab,Fatehgarh Sahib,2019,30,2020-02-28,2020-03-04,0.0514674388718678,0.368184828107405,0.1431012317025091,0.0803651999568185,2,0.5,valid
Punjab,Fatehgarh Sahib,2019,31,2020-03-04,2020-03-09,0.0420343678464533,0.3809704747818764,0.1350272551235535,0.0713171898534757,1,1.62,valid
Punjab,Fatehgarh Sahib,2019,32,2020-03-09,2020-03-14,0.0515227821782984,0.35757142016387294,0.14163944732400663,0.07460610319487587,0,,insufficient_data
Punjab,Fatehgarh Sahib,2019,33,2020-03-14,2020-03-19,0.05168983578428592,0.34531069894650834,0.1406585311593461,0.07540809316188825,0,,insufficient_data
Punjab,Fatehgarh Sahib,2019,34,2020-03-19,2020-03-24,0.0523374735001064,0.3483678747307505,0.1422504370555366,0.0753208617659938,3,9.65,valid
Punjab,Fatehgarh Sahib,2019,35,2020-03-24,2020-03-29,0.0609200629187162,0.2837196181660016,0.1422552007557851,0.074629121071265,1,1.0,valid
Punjab,Fatehgarh Sahib,2019,36,2020-03-29,2020-04-03,0.06341257138792443,0.2952310722629985,0.14809085227380522,0.08262491292897184,0,,insufficient_data
Punjab,Fatehgarh Sahib,2019,37,2020-04-03,2020-04-08,0.0769801777449507,0.2536057238922434,0.159766919010094,0.0979247559496567,2,0.5,valid
Punjab,Fatehgarh Sahib,2019,38,2020-04-08,2020-04-13,0.09462559442184648,0.2801374041688371,0.1923432436940272,0.12052396335552186,0,,insufficient_data
Punjab,Fatehgarh Sahib,2019,39,2020-04-13,2020-04-18,0.1292887421116584,0.2737693196461977,0.24624329434735345,0.16834035625594498,0,,insufficient_data
Punjab,Fatehgarh Sahib,2019,40,2020-04-18,2020-04-23,0.1459765426018725,0.3030868704482663,0.2750076113162025,0.1890180130456439,1,12.2,valid
Punjab,Fatehgarh Sahib,2019,41,2020-04-23,2020-04-28,0.15544302429501222,0.28385111752317493,0.2894814820159832,0.20354815640908908,0,,insufficient_data
Punjab,Fatehgarh Sahib,2019,42,2020-04-28,2020-05-03,0.1649095059881519,0.2646153645980836,0.3039553527157639,0.2180782997725343,1,2.0,valid
Punjab,Fatehgarh Sahib,2020,0,2020-10-01,2020-10-06,0.0730876471428351,0.2992494222853504,0.1688120110850663,0.105263627016775,2,0.025,valid
Punjab,Fatehgarh Sahib,2020,1,2020-10-06,2020-10-11,0.0800136409217773,0.2995775057269053,0.1669079918868462,0.0954174200231773,1,0.0,valid
Punjab,Fatehgarh Sahib,2020,2,2020-10-11,2020-10-16,0.0962098726882158,0.2685811237432233,0.1886013190747124,0.1196477882757411,3,1.403333333333333,valid
Punjab,Fatehgarh Sahib,2020,3,2020-10-16,2020-10-21,0.10169244619776122,0.26817834058089407,0.195821258130995,0.13053648979902718,0,,insufficient_data
Punjab,Fatehgarh Sahib,2020,4,2020-10-21,2020-10-26,0.1352051369110773,0.2524233765183267,0.2232970659502001,0.1530534335614686,3,6.066666666666666,valid
Punjab,Fatehgarh Sahib,2020,5,2020-10-26,2020-10-31,0.1239459333249006,0.2210602746306644,0.23148790265815,0.1793001801179739,2,0.005,valid
Punjab,Fatehgarh Sahib,2020,6,2020-10-31,2020-11-05,0.12702171543731844,0.22052366373749202,0.22607223986603583,0.17395315358443197,0,,insufficient_data
Punjab,Fatehgarh Sahib,2020,7,2020-11-05,2020-11-10,0.1219140760759774,0.188087340063485,0.2234317509897574,0.1895058470738534,1,0.0,valid
Punjab,Fatehgarh Sahib,2020,8,2020-11-10,2020-11-15,0.11508527513740019,0.20687911020991243,0.22171353660395385,0.18189808919811912,0,,insufficient_data
Punjab,Fatehgarh Sahib,2020,9,2020-11-15,2020-11-20,0.10574960235542767,0.20625055441377502,0.20949755208578766,0.17267260071157478,0,,insufficient_data
Punjab,Fatehgarh Sahib,2020,10,2020-11-20,2020-11-25,0.0993958160113226,0.2114897159355878,0.2102209561639541,0.17688824040253,1,17.23,valid
Punjab,Fatehgarh Sahib,2020,11,2020-11-25,2020-11-30,0.09487620734505287,0.22595353284994238,0.19239242267531317,0.14794438767475618,0,,insufficient_data
Punjab,Fatehgarh Sahib,2020,12,2020-11-30,2020-12-05,0.095938914978983,0.2191746072422523,0.1948399491036514,0.1516237146583409,3,1.0033333333333332,valid
Punjab,Fatehgarh Sahib,2020,13,2020-12-05,2020-12-10,0.089293891044853,0.2471962753719871,0.172116362758334,0.1153212079633976,2,8.645,valid
Punjab,Fatehgarh Sahib,2020,14,2020-12-10,2020-12-15,0.0800977524164966,0.24481169499836006,0.1689737115973304,0.11774994982896392,0,,insufficient_data
Punjab,Fatehgarh Sahib,2020,15,2020-12-15,2020-12-20,0.0800977524164966,0.24481169499836006,0.1689737115973304,0.11774994982896392,0,,insufficient_data
Punjab,Fatehgarh Sahib,2020,16,2020-12-20,2020-12-25,0.0550604512256538,0.2680642023808407,0.1399648229300058,0.0863049268651532,2,17.495,valid
Punjab,Fatehgarh Sahib,2020,17,2020-12-25,2020-12-30,0.0550604512256538,0.2680642023808407,0.1399648229300058,0.0863049268651532,0,,insufficient_data
Punjab,Fatehgarh Sahib,2020,18,2020-12-30,2021-01-04,0.0613949860949318,0.31178136308491133,0.15530860691961595,0.09267362685818285,0,,insufficient_data
Punjab,Fatehgarh Sahib,2020,19,2021-01-04,2021-01-09,0.0613949860949318,0.31178136308491133,0.15530860691961595,0.09267362685818285,0,,insufficient_data
Punjab,Fatehgarh Sahib,2020,20,2021-01-09,2021-01-14,0.1586169056519573,0.4122888310478263,0.23867409002072992,0.1648116633580915,0,,insufficient_data
Punjab,Fatehgarh Sahib,2020,21,2021-01-14,2021-01-19,0.0677295209642098,0.3554985237889819,0.1706523909092261,0.0990423268512125,1,18.21,valid
Punjab,Fatehgarh Sahib,2020,22,2021-01-19,2021-01-24,0.1166153744182238,0.3824035689830157,0.196662291746106,0.12487841985967635,0,,insufficient_data
Punjab,Fatehgarh Sahib,2020,23,2021-01-24,2021-01-29,0.2495042903397048,0.4690791383066708,0.3066957891322338,0.2305809998649705,2,5.525,valid
Punjab,Fatehgarh Sahib,2020,24,2021-01-29,2021-02-03,0.0914061796001693,0.3469854891476617,0.1492480698945273,0.0812399348301685,2,1.5,valid
Punjab,Fatehgarh Sahib,2020,25,2021-02-03,2021-02-08,0.0578215067688113,0.3580511246887485,0.1600529170484368,0.0886504178923539,1,29.23,valid
Punjab,Fatehgarh Sahib,2020,26,2021-02-08,2021-02-13,0.0498461291496555,0.3267864632192827,0.1381697612957919,0.0799619410581304,2,6.390000000000001,valid
Punjab,Fatehgarh Sahib,2020,27,2021-02-13,2021-02-18,0.06562757822782378,0.3466957497839326,0.14779871630890376,0.08296866535197778,0,,insufficient_data
Punjab,Fatehgarh Sahib,2020,28,2021-02-18,2021-02-23,0.0746380383256882,0.3457824151424736,0.1505977247107878,0.091620681361644,2,16.685000000000002,valid
Punjab,Fatehgarh Sahib,2020,29,2021-02-23,2021-02-28,0.0544260372947946,0.3558732567214966,0.140925108594975,0.0733703516175921,3,14.046666666666669,valid
Punjab,Fatehgarh Sahib,2020,30,2021-02-28,2021-03-05,0.06575401717488784,0.3217425453626047,0.14199758779637636,0.08351663001209911,0,,insufficient_data
Punjab,Fatehgarh Sahib,2020,31,2021-03-05,2021-03-10,0.0459900315210198,0.3132410775304201,0.1296409159568671,0.0748736093853703,1,0.0,valid
Punjab,Fatehgarh Sahib,2020,32,2021-03-10,2021-03-15,0.0544429403970142,0.275906840971954,0.131769429081423,0.0818563168887417,2,10.61,valid
Punjab,Fatehgarh Sahib,2020,33,2021-03-15,2021-03-20,0.0992730383359224,0.3179091364466793,0.157054760637829,0.0958621908071474,1,0.0,valid
Punjab,Fatehgarh Sahib,2020,34,2021-03-20,2021-03-25,0.08435673221272803,0.280625287847727,0.15914769491694739,0.1017331378439521,0,,insufficient_data
Punjab,Fatehgarh Sahib,2020,35,2021-03-25,2021-03-30,0.0939484073856551,0.27247134042705373,0.16652438965696745,0.10844801995859754,0,,insufficient_data
Punjab,Fatehgarh Sahib,2020,36,2021-03-30,2021-04-04,0.0944303896675003,0.2465261094001775,0.165981866151188,0.106490296205837,3,5.1466666666666665,valid
Punjab,Fatehgarh Sahib,2020,37,2021-04-04,2021-04-09,0.1276472611421835,0.2495432748894041,0.2112915027574298,0.1495832759326641,3,0.6633333333333333,valid
Punjab,Fatehgarh Sahib,2020,38,2021-04-09,2021-04-14,0.13295355835784192,0.26247788434900415,0.22761555932077152,0.16336123995685947,0,,insufficient_data
Punjab,Fatehgarh Sahib,2020,39,2021-04-14,2021-04-19,0.13295355835784192,0.26247788434900415,0.22761555932077152,0.16336123995685947,0,,insufficient_data
Punjab,Fatehgarh Sahib,2020,40,2021-04-19,2021-04-24,0.15221514270301273,0.27045377182341757,0.25843240590556327,0.19179671183237068,0,,insufficient_data
Punjab,Fatehgarh Sahib,2020,41,2021-04-24,2021-04-29,0.176783024263842,0.291364268757431,0.3055733090536967,0.2340101477320773,1,0.15,valid
Punjab,Fatehgarh Sahib,2020,42,2021-04-29,2021-05-04,0.176783024263842,0.291364268757431,0.3055733090536967,0.2340101477320773,0,,insufficient_data
Punjab,Fatehgarh Sahib,2021,0,2021-10-01,2021-10-06,0.0626732515022736,0.3803899423546797,0.1725131178327829,0.0888473409384288,1,15.32,valid
Punjab,Fatehgarh Sahib,2021,1,2021-10-06,2021-10-11,0.0851435944358885,0.2945087252152769,0.18605820876691,0.1116196209593968,2,1.37,valid
Punjab,Fatehgarh Sahib,2021,2,2021-10-11,2021-10-16,0.07390842296908104,0.3374493337849783,0.17928566329984646,0.1002334809489128,0,,insufficient_data
Punjab,Fatehgarh Sahib,2021,3,2021-10-16,2021-10-21,0.09576939185990875,0.3066060861563004,0.20362887769292123,0.1269342958735881,0,,insufficient_data
Punjab,Fatehgarh Sahib,2021,4,2021-10-21,2021-10-26,0.11336459652312773,0.24969153182917025,0.22414248241246684,0.15875207256854312,0,,insufficient_data
Punjab,Fatehgarh Sahib,2021,5,2021-10-26,2021-10-31,0.12155197437000603,0.21687285239299356,0.2358625368321854,0.18179505738267887,0,,insufficient_data
Punjab,Fatehgarh Sahib,2021,6,2021-10-31,2021-11-05,0.1394913296415642,0.2449195908989446,0.2523153064790708,0.1803359257229387,1,1.25,valid
Punjab,Fatehgarh Sahib,2021,7,2021-11-05,2021-11-10,0.1154588654919305,0.2096462793732893,0.2340539319914198,0.1843006710232939,2,1.99,valid
Punjab,Fatehgarh Sahib,2021,8,2021-11-10,2021-11-15,0.1097057279765234,0.1960526869067467,0.2212183720260656,0.180748575401804,1,0.5,valid
Punjab,Fatehgarh Sahib,2021,9,2021-11-15,2021-11-20,0.106787792511739,0.1734284444279273,0.2048332101806124,0.1836728602170016,1,0.01,valid
Punjab,Fatehgarh Sahib,2021,10,2021-11-20,2021-11-25,0.10255111969967874,0.18734695929702933,0.20682048391518695,0.17293648132217693,0,,insufficient_data
Punjab,Fatehgarh Sahib,2021,11,2021-11-25,2021-11-30,0.0964942786085055,0.1733341364261555,0.1895686379766155,0.1681010737972659,2,7.295,valid
Punjab,Fatehgarh Sahib,2021,12,2021-11-30,2021-12-05,0.0843089339096952,0.1842732493510279,0.1844282674012215,0.1478592261715192,1,0.53,valid
Punjab,Fatehgarh Sahib,2021,13,2021-12-05,2021-12-10,0.07609450686354587,0.19689704749162168,0.1600695522967507,0.12360190953732239,0,,insufficient_data
Punjab,Fatehgarh Sahib,2021,14,2021-12-10,2021-12-15,0.0761999037780167,0.2005763043494802,0.1395431627346511,0.1074701683344353,3,2.7900000000000005,valid
Punjab,Fatehgarh Sahib,2021,15,2021-12-15,2021-12-20,0.0612403711663903,0.2126016944564324,0.1429683107907893,0.0981484663916908,2,20.705,valid
Punjab,Fatehgarh Sahib,2021,16,2021-12-20,2021-12-25,0.0622290468551216,0.2136998528750124,0.1438393825804761,0.0964306129917007,1,8.12,valid
Punjab,Fatehgarh Sahib,2021,17,2021-12-25,2021-12-30,0.053431184912902,0.2328596976745392,0.1403566483744232,0.0867477116210163,2,11.035,valid
Punjab,Fatehgarh Sahib,2021,18,2021-12-30,2022-01-04,0.05896686764480463,0.21972041500199466,0.14238811391522954,0.09377559700146927,0,,insufficient_data
Punjab,Fatehgarh Sahib,2021,19,2022-01-04,2022-01-09,0.057830115884011796,0.2232797752747758,0.14209801547744966,0.0915891623063585,0,,insufficient_data
Punjab,Fatehgarh Sahib,2021,20,2022-01-09,2022-01-14,0.048849692790989496,0.2668294948041857,0.13766447047791391,0.07941143182821755,0,,insufficient_data
Punjab,Fatehgarh Sahib,2021,21,2022-01-14,2022-01-19,0.04439173546927855,0.3109659571499167,0.13565261388435476,0.07137971879985465,0,,insufficient_data
Punjab,Fatehgarh Sahib,2021,22,2022-01-19,2022-01-24,0.04439173546927855,0.3109659571499167,0.13565261388435476,0.07137971879985465,0,,insufficient_data
Punjab,Fatehgarh Sahib,2021,23,2022-01-24,2022-01-29,0.044268200669077,0.3007992919338322,0.1349722925814046,0.0720751520354188,2,7.61,valid
Punjab,Fatehgarh Sahib,2021,24,2022-01-29,2022-02-03,0.0445152702694801,0.3211326223660012,0.1363329351873049,0.0706842855642905,1,7.31,valid
Punjab,Fatehgarh Sahib,2021,25,2022-02-03,2022-02-08,0.04746716466349717,0.33315751074279215,0.14381970170977784,0.0776876700254543,0,,insufficient_data
Punjab,Fatehgarh Sahib,2021,26,2022-02-08,2022-02-13,0.04746716466349717,0.33315751074279215,0.14381970170977784,0.0776876700254543,0,,insufficient_data
Punjab,Fatehgarh Sahib,2021,27,2022-02-13,2022-02-18,0.0477817234072912,0.3415051273163691,0.1440039119302775,0.0776968653285915,3,0.3666666666666667,valid
Punjab,Fatehgarh Sahib,2021,28,2022-02-18,2022-02-23,0.0533034643081404,0.3691930013549661,0.1599696671401243,0.0902943771735164,3,3.04,valid
Punjab,Fatehgarh Sahib,2021,29,2022-02-23,2022-02-28,0.04910850873989582,0.34330717287844936,0.14465104283776498,0.08303360687094216,0,,insufficient_data
Punjab,Fatehgarh Sahib,2021,30,2022-02-28,2022-03-05,0.0461556481578653,0.3545026970133834,0.14308648465462,0.0798841572234393,2,0.31,valid
Punjab,Fatehgarh Sahib,2021,31,2022-03-05,2022-03-10,0.050294649834639,0.3156561100199479,0.1387391283520169,0.0881982102426344,2,2.955,valid
Punjab,Fatehgarh Sahib,2021,32,2022-03-10,2022-03-15,0.0480070579915432,0.3356789286875803,0.1374560221117862,0.0790944243865292,1,2.43,valid
Punjab,Fatehgarh Sahib,2021,33,2022-03-15,2022-03-20,0.0567924335331397,0.2711141729258713,0.1376904793710552,0.0877737485918681,2,0.275,valid
Punjab,Fatehgarh Sahib,2021,34,2022-03-20,2022-03-25,0.06215868751604494,0.27769256398829534,0.14699551799094973,0.09508951581572418,0,,insufficient_data
Punjab,Fatehgarh Sahib,2021,35,2022-03-25,2022-03-30,0.0623068446803231,0.2429450375388779,0.1436877994066825,0.0945359895052121,3,0.35,valid
Punjab,Fatehgarh Sahib,2021,36,2022-03-30,2022-04-04,0.0933924515405797,0.2230685707691993,0.1774041607132079,0.1258452063523771,3,0.16,valid
Punjab,Fatehgarh Sahib,2021,37,2022-04-04,2022-04-09,0.12453930030424236,0.2615148929053967,0.22514006383144508,0.15817205284184638,0,,insufficient_data
Punjab,Fatehgarh Sahib,2021,38,2022-04-09,2022-04-14,0.1289716765926454,0.2431384466445585,0.2268898505830563,0.1603239128505203,3,3.7433333333333336,valid
Punjab,Fatehgarh Sahib,2021,39,2022-04-14,2022-04-19,0.1455574709812311,0.2861161434333423,0.2724891094103026,0.1884999250134466,2,0.38,valid
Punjab,Fatehgarh Sahib,2021,40,2022-04-19,2022-04-24,0.1924680577264325,0.3123062661410057,0.3052293990439761,0.2216552304876758,1,10.7,valid
Punjab,Fatehgarh Sahib,2021,41,2022-04-24,2022-04-29,0.1948530682311375,0.3222336228518268,0.3434752654985916,0.2573238979696474,3,0.5866666666666667,valid
Punjab,Fatehgarh Sahib,2021,42,2022-04-29,2022-05-04,0.17762619897960033,0.30688534414205826,0.30706459131762337,0.2224930178235899,0,,insufficient_data
Punjab,Fatehgarh Sahib,2022,0,2022-10-01,2022-10-06,0.0631854953251546,0.3221372918684388,0.1640878025746834,0.0888548718060087,3,0.67,valid
Punjab,Fatehgarh Sahib,2022,1,2022-10-06,2022-10-11,0.08457537771525299,0.29372517106358964,0.18604047870024165,0.11126567093335271,0,,insufficient_data
Punjab,Fatehgarh Sahib,2022,2,2022-10-11,2022-10-16,0.0746319808074391,0.2884861125424333,0.1712111100270828,0.096136158182441,3,13.65,valid
Punjab,Fatehgarh Sahib,2022,3,2022-10-16,2022-10-21,0.1159086570131653,0.2705521087798969,0.2228225234989587,0.1488059828116084,3,0.94,valid
Punjab,Fatehgarh Sahib,2022,4,2022-10-21,2022-10-26,0.1080299002997594,0.24660389422059392,0.21455759258014465,0.15020262715578747,0,,insufficient_data
Punjab,Fatehgarh Sahib,2022,5,2022-10-26,2022-10-31,0.1209133360197383,0.2306328047540163,0.2388031677859143,0.174678425162323,3,0.15,valid
Punjab,Fatehgarh Sahib,2022,6,2022-10-31,2022-11-05,0.11466126582987085,0.21810386051940495,0.2246864699243601,0.17312261630365872,0,,insufficient_data
Punjab,Fatehgarh Sahib,2022,7,2022-11-05,2022-11-10,0.1206656273586949,0.1967445508060292,0.2253935690086228,0.1811899424667775,1,0.0,valid
Punjab,Fatehgarh Sahib,2022,8,2022-11-10,2022-11-15,0.1011574429278849,0.1744859777376775,0.2117266194039445,0.1878161147739259,3,1.4333333333333331,valid
Punjab,Fatehgarh Sahib,2022,9,2022-11-15,2022-11-20,0.10063320057323467,0.18503167505478263,0.20258000283968966,0.16957115067880957,0,,insufficient_data
Punjab,Fatehgarh Sahib,2022,10,2022-11-20,2022-11-25,0.0963474087565018,0.1811041364173671,0.198869963297528,0.1710455135740416,3,7.419999999999999,valid
Punjab,Fatehgarh Sahib,2022,11,2022-11-25,2022-11-30,0.0843623232498571,0.1877920352580566,0.1743298596486633,0.1382330319004933,3,5.930000000000001,valid
Punjab,Fatehgarh Sahib,2022,12,2022-11-30,2022-12-05,0.07391782300932793,0.21429384496334997,0.1689581903751412,0.1256464668798573,0,,insufficient_data
Punjab,Fatehgarh Sahib,2022,13,2022-12-05,2022-12-10,0.0712390663348677,0.2068863376707845,0.1618020540731133,0.1175512680225974,3,2.4366666666666665,valid
Punjab,Fatehgarh Sahib,2022,14,2022-12-10,2022-12-15,0.0554073945472737,0.2524922451268036,0.1548334873130911,0.1000065227361828,2,0.225,valid
Punjab,Fatehgarh Sahib,2022,15,2022-12-15,2022-12-20,0.0622329221581393,0.243194470343738,0.1549555875433103,0.1013959981659714,1,0.01,valid
Punjab,Fatehgarh Sahib,2022,16,2022-12-20,2022-12-25,0.06295979434676023,0.23419101771377537,0.1571970429765049,0.10631792964158386,0,,insufficient_data
Punjab,Fatehgarh Sahib,2022,17,2022-12-25,2022-12-30,0.0588201583527065,0.24784335773527083,0.1548945374282007,0.10070126045107711,0,,insufficient_data
Punjab,Fatehgarh Sahib,2022,18,2022-12-30,2023-01-04,0.053383780696729305,0.26278371146970436,0.14247504259370514,0.08709261011867335,0,,insufficient_data
Punjab,Fatehgarh Sahib,2022,19,2023-01-04,2023-01-09,0.047519425117133154,0.2881757488775235,0.13382189617958445,0.0770384051967314,0,,insufficient_data
Punjab,Fatehgarh Sahib,2022,20,2023-01-09,2023-01-14,0.047519425117133154,0.2881757488775235,0.13382189617958445,0.0770384051967314,0,,insufficient_data
Punjab,Fatehgarh Sahib,2022,21,2023-01-14,2023-01-19,0.0445346392353193,0.2823729525956707,0.1299944976441,0.0727892220713753,3,3.69,valid
Punjab,Fatehgarh Sahib,2022,22,2023-01-19,2023-01-24,0.050504210998947,0.2939785451593764,0.1376492947150689,0.0812875883220875,2,5.295,valid
Punjab,Fatehgarh Sahib,2022,23,2023-01-24,2023-01-29,0.04554930214258587,0.3097981851812435,0.13533886810421744,0.07593644700714973,0,,insufficient_data
Punjab,Fatehgarh Sahib,2022,24,2023-01-29,2023-02-03,0.0416090561934913,0.3530430577886835,0.1383728119534834,0.0737325306279864,2,5.904999999999999,valid
Punjab,Fatehgarh Sahib,2022,25,2023-02-03,2023-02-08,0.04988441316939913,0.32458166753721795,0.14230074148619484,0.08297800763003914,0,,insufficient_data
Punjab,Fatehgarh Sahib,2022,26,2023-02-08,2023-02-13,0.04706229512322283,0.34662370021512934,0.1412116329651599,0.08116714815725314,0,,insufficient_data
Punjab,Fatehgarh Sahib,2022,27,2023-02-13,2023-02-18,0.0575399723157591,0.326723399663594,0.1508801177900322,0.0939139039400435,2,22.43,valid
Punjab,Fatehgarh Sahib,2022,28,2023-02-18,2023-02-23,0.0482778747857497,0.33871690535427834,0.13995653006778053,0.08433459755261749,0,,insufficient_data
Punjab,Fatehgarh Sahib,2022,29,2023-02-23,2023-02-28,0.0420378568604181,0.3601046431931106,0.1343819691519641,0.0758550099037295,3,1.903333333333333,valid
Punjab,Fatehgarh Sahib,2022,30,2023-02-28,2023-03-05,0.0501411433519434,0.3169994360593358,0.140476233496623,0.0913683602314471,2,24.39,valid
Punjab,Fatehgarh Sahib,2022,31,2023-03-05,2023-03-10,0.0433925266148782,0.351040142501073,0.1340877998325029,0.0762011161352499,1,0.02,valid
Punjab,Fatehgarh Sahib,2022,32,2023-03-10,2023-03-15,0.0547072649446435,0.29437572741074,0.1377381611687518,0.0884947503560144,2,9.035,valid
Punjab,Fatehgarh Sahib,2022,33,2023-03-15,2023-03-20,0.04941364497048836,0.32080510199038287,0.1374340648326259,0.0853547422409038,0,,insufficient_data
Punjab,Fatehgarh Sahib,2022,34,2023-03-20,2023-03-25,0.07184017095905824,0.310632445595244,0.1597090427144697,0.10140207191823082,0,,insufficient_data
Punjab,Fatehgarh Sahib,2022,35,2023-03-25,2023-03-30,0.095261527185872,0.28088780430446325,0.18823482694393415,0.12723703448038973,0,,insufficient_data
Punjab,Fatehgarh Sahib,2022,36,2023-03-30,2023-04-04,0.12226475255256634,0.27145514679452004,0.22554809202524292,0.15713425974538422,0,,insufficient_data
Punjab,Fatehgarh Sahib,2022,37,2023-04-04,2023-04-09,0.117420721317653,0.2864814668739189,0.2073011671421544,0.1395103492634282,3,0.7233333333333333,valid
Punjab,Fatehgarh Sahib,2022,38,2023-04-09,2023-04-14,0.1136565952953195,0.2618062186287309,0.2196651525208962,0.1537060038217266,2,0.34,valid
Punjab,Fatehgarh Sahib,2022,39,2023-04-14,2023-04-19,0.1357169410447265,0.2660777548809103,0.2496779564126782,0.1781864261509979,1,0.24,valid
Punjab,Fatehgarh Sahib,2022,40,2023-04-19,2023-04-24,0.1529745308165136,0.2967194282265468,0.2767497260916773,0.2039465806399491,3,8.76,valid
Punjab,Fatehgarh Sahib,2022,41,2023-04-24,2023-04-29,0.13411602238551987,0.27486780057872934,0.2486976116750839,0.17861300353755785,0,,insufficient_data
Punjab,Fatehgarh Sahib,2022,42,2023-04-29,2023-05-04,0.14434573593062006,0.28139859155372854,0.2632138412521777,0.19106650339547349,0,,insufficient_data
Punjab,Fatehgarh Sahib,2023,0,2023-10-01,2023-10-06,0.09755198129468295,0.3053155107511382,0.1870580904958025,0.1139575535973896,0,,insufficient_data
Punjab,Fatehgarh Sahib,2023,1,2023-10-06,2023-10-11,0.0886757350992664,0.3143578903109686,0.1819998362294684,0.1098498931288261,3,0.0366666666666666,valid
Punjab,Fatehgarh Sahib,2023,2,2023-10-11,2023-10-16,0.1064282274900995,0.2962731311913078,0.1921163447621366,0.1180652140659531,2,9.54,valid
Punjab,Fatehgarh Sahib,2023,3,2023-10-16,2023-10-21,0.10715642104664198,0.2652383396245183,0.2116370501233491,0.14533917047346162,0,,insufficient_data
Punjab,Fatehgarh Sahib,2023,4,2023-10-21,2023-10-26,0.1120514333160402,0.2677214020807657,0.2240732017825965,0.1512317245184852,1,0.89,valid
Punjab,Fatehgarh Sahib,2023,5,2023-10-26,2023-10-31,0.1108310664112864,0.2141368736298431,0.2236745115291249,0.1710195254294476,2,5.725,valid
Punjab,Fatehgarh Sahib,2023,6,2023-10-31,2023-11-05,0.1177956429165175,0.2337024009097064,0.2363213563134192,0.1765294952245961,1,5.69,valid
Punjab,Fatehgarh Sahib,2023,7,2023-11-05,2023-11-10,0.1192390670705245,0.205543400121388,0.2208361878758499,0.1775416662697335,2,6.52,valid
Punjab,Fatehgarh Sahib,2023,8,2023-11-10,2023-11-15,0.10950191064458963,0.2099789330715895,0.21728295724801555,0.1710519922355443,0,,insufficient_data
Punjab,Fatehgarh Sahib,2023,9,2023-11-15,2023-11-20,0.1054416450360464,0.1983336841045574,0.2125558758681011,0.1740026597371194,3,0.4666666666666666,valid
Punjab,Fatehgarh Sahib,2023,10,2023-11-20,2023-11-25,0.0942021317885733,0.1981783065924525,0.1930268546535826,0.1561666145168248,3,0.6066666666666667,valid
Punjab,Fatehgarh Sahib,2023,11,2023-11-25,2023-11-30,0.08172919899324449,0.21926393153214851,0.1793183064213933,0.13379087951931756,0,,insufficient_data
Punjab,Fatehgarh Sahib,2023,12,2023-11-30,2023-12-05,0.0792925078598389,0.215451949327376,0.1712822531550878,0.1236665697888669,3,2.606666666666667,valid
Punjab,Fatehgarh Sahib,2023,13,2023-12-05,2023-12-10,0.0633583112535826,0.2567990524356008,0.1590533108909272,0.1044874921957576,2,1.19,valid
Punjab,Fatehgarh Sahib,2023,14,2023-12-10,2023-12-15,0.0663513990281812,0.2275566652007558,0.1606732375392678,0.1106310613580191,1,1.21,valid
Punjab,Fatehgarh Sahib,2023,15,2023-12-15,2023-12-20,0.0579033534377372,0.2459171918820062,0.1483808846298488,0.0941193581252667,3,0.5533333333333333,valid
Punjab,Fatehgarh Sahib,2023,16,2023-12-20,2023-12-25,0.06253768790650034,0.2434243031727876,0.1560358110200146,0.10307930389301447,0,,insufficient_data
Punjab,Fatehgarh Sahib,2023,17,2023-12-25,2023-12-30,0.0621273762329592,0.236736928541381,0.1545270610845583,0.10237520974164291,0,,insufficient_data
Punjab,Fatehgarh Sahib,2023,18,2023-12-30,2024-01-04,0.0579033534377372,0.2459171918820062,0.1483808846298488,0.0941193581252667,0,,insufficient_data
Punjab,Fatehgarh Sahib,2023,19,2024-01-04,2024-01-09,,,,,0,,insufficient_data
Punjab,Fatehgarh Sahib,2023,20,2024-01-09,2024-01-14,0.0437184083098262,0.2699487648029137,0.1289805165483477,0.0735868378023857,0,,insufficient_data
Punjab,Fatehgarh Sahib,2023,21,2024-01-14,2024-01-19,0.0437184083098262,0.2699487648029137,0.1289805165483477,0.0735868378023857,0,,insufficient_data
Punjab,Fatehgarh Sahib,2023,22,2024-01-19,2024-01-24,0.0437184083098262,0.2699487648029137,0.1289805165483477,0.0735868378023857,0,,insufficient_data
Punjab,Fatehgarh Sahib,2023,23,2024-01-24,2024-01-29,0.0437184083098262,0.2699487648029137,0.1289805165483477,0.0735868378023857,1,5.03,valid
Punjab,Fatehgarh Sahib,2023,24,2024-01-29,2024-02-03,0.04854862167803985,0.28114162640963375,0.13700567492050658,0.08306549617065476,0,,insufficient_data
Punjab,Fatehgarh Sahib,2023,25,2024-02-03,2024-02-08,0.052929565825894496,0.31273796679366833,0.14727097624193983,0.0878250604868649,0,,insufficient_data
Punjab,Fatehgarh Sahib,2023,26,2024-02-08,2024-02-13,0.0533788350462535,0.2923344880163538,0.1450308332926655,0.0925441545389238,2,0.44,valid
Punjab,Fatehgarh Sahib,2023,27,2024-02-13,2024-02-18,0.05310997522518451,0.33749694790509127,0.15110639807433077,0.09014473552433583,0,,insufficient_data
Punjab,Fatehgarh Sahib,2023,28,2024-02-18,2024-02-23,0.0616914541216038,0.3759306475617375,0.1678015788848063,0.0973441891192852,2,16.52,valid
Punjab,Fatehgarh Sahib,2023,29,2024-02-23,2024-02-28,0.052408689254407476,0.3419588395625275,0.14993538668829193,0.08921139401148043,0,,insufficient_data
Punjab,Fatehgarh Sahib,2023,30,2024-02-28,2024-03-04,0.0442596365076962,0.3442257081371825,0.1404867820455205,0.0805458629147985,1,0.03,valid
Punjab,Fatehgarh Sahib,2023,31,2024-03-04,2024-03-09,0.0503048313420764,0.3553445145348363,0.1464223525301754,0.0864113694729142,3,13.913333333333334,valid
Punjab,Fatehgarh Sahib,2023,32,2024-03-09,2024-03-14,0.048965595013416775,0.3310040697890582,0.14080001098514616,0.08330196074094212,0,,insufficient_data
Punjab,Fatehgarh Sahib,2023,33,2024-03-14,2024-03-19,0.0489946502357891,0.3272132794407932,0.138361347697393,0.0832175254401165,3,1.98,valid
Punjab,Fatehgarh Sahib,2023,34,2024-03-19,2024-03-24,0.0523032619681054,0.2972327770434209,0.1379295616674957,0.0830330851359393,2,1.945,valid
Punjab,Fatehgarh Sahib,2023,35,2024-03-24,2024-03-29,0.06474179440066272,0.2756660418468425,0.14953138689987203,0.09454233485439942,0,,insufficient_data
Punjab,Fatehgarh Sahib,2023,36,2024-03-29,2024-04-03,0.0659907360505255,0.2739092866795561,0.1449836418876277,0.0882632954428447,1,6.93,valid
Punjab,Fatehgarh Sahib,2023,37,2024-04-03,2024-04-08,0.0720453982484149,0.2358544048820869,0.158465637864382,0.1060452543246399,2,0.9,valid
Punjab,Fatehgarh Sahib,2023,38,2024-04-08,2024-04-13,0.0843749255004787,0.2441204611883557,0.1679167453824617,0.1121525139284567,1,0.15,valid
Punjab,Fatehgarh Sahib,2023,39,2024-04-13,2024-04-18,0.1086085087340995,0.2355864529760814,0.1995329287125487,0.1343785802588701,1,3.36,valid
Punjab,Fatehgarh Sahib,2023,40,2024-04-18,2024-04-23,0.10347914815296334,0.24871081496013261,0.19997799939202504,0.13664334625743696,0,,insufficient_data
Punjab,Fatehgarh Sahib,2023,41,2024-04-23,2024-04-28,0.1488877601288603,0.2792819407940065,0.2739966856087077,0.1939970365177811,1,1.7,valid
Punjab,Fatehgarh Sahib,2023,42,2024-04-28,2024-05-03,0.1287481344314799,0.25743419688504393,0.2367648071606282,0.16418780838832558,0,,insufficient_data
Punjab,Fatehgarh Sahib,2024,0,2024-10-01,2024-10-06,0.0713280882144514,0.3717039692803116,0.1810125348365396,0.0969684498658163,1,3.84,valid
Punjab,Fatehgarh Sahib,2024,1,2024-10-06,2024-10-11,0.0831244710172991,0.3068128857089582,0.1919027001569614,0.1123723088800603,3,4.16,valid
Punjab,Fatehgarh Sahib,2024,2,2024-10-11,2024-10-16,0.0964750752468589,0.2996672301697675,0.21385840905411413,0.13514171350506285,0,,insufficient_data
Punjab,Fatehgarh Sahib,2024,3,2024-10-16,2024-10-21,0.1124921870964506,0.2725358589171687,0.2301900979683496,0.1526224756678212,2,10.21,valid
Punjab,Fatehgarh Sahib,2024,4,2024-10-21,2024-10-26,0.1189555546592345,0.2476162067726315,0.252328303254606,0.1786036196065536,3,0.0999999999999999,valid
Punjab,Fatehgarh Sahib,2024,5,2024-10-26,2024-10-31,0.12397348234519483,0.2401539827638409,0.2380137516971947,0.17168925291647275,0,,insufficient_data
Punjab,Fatehgarh Sahib,2024,6,2024-10-31,2024-11-05,0.1214532170826984,0.2212116052068554,0.2443338006365485,0.1832937246812195,3,1.0333333333333332,valid
Punjab,Fatehgarh Sahib,2024,7,2024-11-05,2024-11-10,0.1361308527905683,0.2366368071539667,0.2303349045034537,0.1694394507914531,1,0.32,valid
Punjab,Fatehgarh Sahib,2024,8,2024-11-10,2024-11-15,0.1308356000970224,0.2227694357685822,0.2328816521230158,0.1744869938353164,1,0.05,valid
Punjab,Fatehgarh Sahib,2024,9,2024-11-15,2024-11-20,0.11310217303709076,0.21139513416489392,0.21782601692249198,0.16874546851014774,0,,insufficient_data
Punjab,Fatehgarh Sahib,2024,10,2024-11-20,2024-11-25,0.11101441202568885,0.20894101640440355,0.21119907099397783,0.1651084044673798,0,,insufficient_data
Punjab,Fatehgarh Sahib,2024,11,2024-11-25,2024-11-30,0.0929041298155635,0.1831859037678272,0.1943513245001301,0.1627888589025045,3,7.093333333333334,valid
Punjab,Fatehgarh Sahib,2024,12,2024-11-30,2024-12-05,0.0841870653996012,0.1931719189272381,0.1872284028493118,0.1537183143402452,2,6.52,valid
Punjab,Fatehgarh Sahib,2024,13,2024-12-05,2024-12-10,0.08092339177847092,0.20722111533454962,0.17519247098292573,0.13536547022863224,0,,insufficient_data
Punjab,Fatehgarh Sahib,2024,14,2024-12-10,2024-12-15,0.081955696926462,0.2040563545068669,0.176935945646069,0.1387266368817933,3,4.673333333333333,valid
Punjab,Fatehgarh Sahib,2024,15,2024-12-15,2024-12-20,0.0715091326460056,0.2377067411054446,0.1545013409035528,0.1060922607987449,2,0.13,valid
Punjab,Fatehgarh Sahib,2024,16,2024-12-20,2024-12-25,0.0740609341047223,0.2179846583653712,0.162945341015565,0.1155012802198733,1,0.0,valid
Punjab,Fatehgarh Sahib,2024,17,2024-12-25,2024-12-30,0.0671657648507855,0.23329569038487452,0.1547923487256163,0.10623389123774504,0,,insufficient_data
Punjab,Fatehgarh Sahib,2024,18,2024-12-30,2025-01-04,0.06223578749222666,0.24304213567754374,0.1474111497521321,0.0954029760230623,0,,insufficient_data
Punjab,Fatehgarh Sahib,2024,19,2025-01-04,2025-01-09,0.0575991149153372,0.24570983296359328,0.14386605417642173,0.090058333635221,0,,insufficient_data
Punjab,Fatehgarh Sahib,2024,20,2025-01-09,2025-01-14,0.0411372957259521,0.2734350075618154,0.1247867673372785,0.0646153870505687,1,0.11,valid
Punjab,Fatehgarh Sahib,2024,21,2025-01-14,2025-01-19,0.047888898144405036,0.3067385901789938,0.1380086660252906,0.0770877323216204,0,,insufficient_data
Punjab,Fatehgarh Sahib,2024,22,2025-01-19,2025-01-24,0.0470134105624772,0.3169501629137253,0.13996921691183267,0.07803114047580839,0,,insufficient_data
Punjab,Fatehgarh Sahib,2024,23,2025-01-24,2025-01-29,0.0504051527816073,0.3102840089673911,0.1420324301628217,0.0853537314328439,2,0.5,valid
Punjab,Fatehgarh Sahib,2024,24,2025-01-29,2025-02-03,0.0521242459256557,0.3364967540077749,0.1472068005757716,0.0812940784814486,1,9.29,valid
Punjab,Fatehgarh Sahib,2024,25,2025-02-03,2025-02-08,0.0443869478166937,0.3475848811179198,0.1458508695714589,0.0808613649383724,3,3.903333333333333,valid
Punjab,Fatehgarh Sahib,2024,26,2025-02-08,2025-02-13,0.04841116667846043,0.33943654031595627,0.14506625990642752,0.08333399110248642,0,,insufficient_data
Punjab,Fatehgarh Sahib,2024,27,2025-02-13,2025-02-18,0.0456242676520129,0.3657548110956466,0.1552765225790665,0.0878222491451534,2,16.669999999999998,valid
Punjab,Fatehgarh Sahib,2024,28,2025-02-18,2025-02-23,0.0495152192163326,0.3370622463910489,0.1349646766430189,0.0813385315146138,1,21.7,valid
Punjab,Fatehgarh Sahib,2024,29,2025-02-23,2025-02-28,0.050303040031905166,0.3423256878885472,0.14095624274676663,0.08645030056749828,0,,insufficient_data
Punjab,Fatehgarh Sahib,2024,30,2025-02-28,2025-03-05,0.0415898780958125,0.3547138900728275,0.1327480971871895,0.0745242399076113,2,10.315,valid
Punjab,Fatehgarh Sahib,2024,31,2025-03-05,2025-03-10,0.0537415090000508,0.2964691218653411,0.1367017213218858,0.0939893047664386,2,12.03,valid
Punjab,Fatehgarh Sahib,2024,32,2025-03-10,2025-03-15,0.061044326195317,0.3576283700178719,0.1450901960026725,0.0945771775036742,1,19.25,valid
Punjab,Fatehgarh Sahib,2024,33,2025-03-15,2025-03-20,0.0466469707282392,0.3057314450936323,0.1334938586667701,0.0804721688857624,3,0.59,valid
Punjab,Fatehgarh Sahib,2024,34,2025-03-20,2025-03-25,0.06135863716967867,0.2940598135386956,0.14299268307762625,0.09325963477427876,0,,insufficient_data
Punjab,Fatehgarh Sahib,2024,35,2025-03-25,2025-03-30,0.0612103801994026,0.2537480947127244,0.1421066549262703,0.0940374804383056,2,13.54,valid
Punjab,Fatehgarh Sahib,2024,36,2025-03-30,2025-04-04,0.0841499997253837,0.2567220360039082,0.1575709844705325,0.103222042277213,3,1.74,valid
Punjab,Fatehgarh Sahib,2024,37,2025-04-04,2025-04-09,0.10641149234043894,0.27067038736520416,0.19200849273117354,0.12686929416833181,0,,insufficient_data
Punjab,Fatehgarh Sahib,2024,38,2025-04-09,2025-04-14,0.1202276201487404,0.2580654582377275,0.1967869188922096,0.1299315548220617,3,11.506666666666668,valid
Punjab,Fatehgarh Sahib,2024,39,2025-04-14,2025-04-19,0.1232369940643961,0.2829219105708524,0.223617445673268,0.1448193494242985,2,12.675,valid
Punjab,Fatehgarh Sahib,2024,40,2025-04-19,2025-04-24,0.143232467564272,0.3018944373008081,0.2399604596935874,0.1623360438797803,1,23.36,valid
Punjab,Fatehgarh Sahib,2024,41,2025-04-24,2025-04-29,0.176133945770971,0.3123468934426125,0.3139915093269693,0.2257156285107751,3,2.06,valid
Punjab,Fatehgarh Sahib,2024,42,2025-04-29,2025-05-04,0.14753446913321303,0.2990544137714244,0.2591898048979416,0.17762367393828463,0,,insufficient_data
Punjab,Fatehgarh Sahib,2025,0,2025-10-01,2025-10-06,0.0777645924280228,0.2666490674631804,0.1965586974865341,0.1210087075071876,3,18.826666666666664,valid
Punjab,Fatehgarh Sahib,2025,1,2025-10-06,2025-10-11,0.08993656275111217,0.24457637844546376,0.21095811228461203,0.14104378055841976,0,,insufficient_data
Punjab,Fatehgarh Sahib,2025,2,2025-10-11,2025-10-16,0.0926543755066814,0.2525429864120005,0.2122018857549927,0.1380163345055038,3,0.28,valid
Punjab,Fatehgarh Sahib,2025,3,2025-10-16,2025-10-21,0.0993907203186323,0.2145370814612104,0.2241137536123094,0.1641062996625679,2,0.205,valid
Punjab,Fatehgarh Sahib,2025,4,2025-10-21,2025-10-26,0.10637210918878218,0.21582940549793292,0.22262655789698588,0.16633874217063993,0,,insufficient_data
Punjab,Fatehgarh Sahib,2025,5,2025-10-26,2025-10-31,0.1169108831450094,0.2144018712138124,0.2382951024773841,0.1798250488663091,3,11.733333333333334,valid
Punjab,Fatehgarh Sahib,2025,6,2025-10-31,2025-11-05,0.1126929361738122,0.2003453604394469,0.2177792450278652,0.1759918659106479,2,3.37,valid
Punjab,Fatehgarh Sahib,2025,7,2025-11-05,2025-11-10,0.1102116307997755,0.1973197279631945,0.220742802612378,0.1737541619081709,1,0.05,valid
Punjab,Fatehgarh Sahib,2025,8,2025-11-10,2025-11-15,0.1070105969721278,0.188463069245665,0.2157164715683164,0.1873287456003725,3,9.44,valid
Punjab,Fatehgarh Sahib,2025,9,2025-11-15,2025-11-20,0.10379111967884869,0.19432670113728176,0.20686408945303855,0.1701591453200101,0,,insufficient_data
Punjab,Fatehgarh Sahib,2025,10,2025-11-20,2025-11-25,0.1059125029027086,0.1912673919262096,0.1977854042978811,0.1663461098605676,2,0.135,valid
Punjab,Fatehgarh Sahib,2025,11,2025-11-25,2025-11-30,0.0831279315458194,0.1942379561118929,0.1822965237587522,0.1473748433202916,3,1.143333333333333,valid
Punjab,Fatehgarh Sahib,2025,12,2025-11-30,2025-12-05,0.07900764472387968,0.21131475688772117,0.1742754454793816,0.13184099758742462,0,,insufficient_data
Punjab,Fatehgarh Sahib,2025,13,2025-12-05,2025-12-10,0.0756174328698044,0.2061867402635744,0.1693029384938205,0.1259184972797181,1,0.01,valid
Punjab,Fatehgarh Sahib,2025,14,2025-12-10,2025-12-15,0.0671701436620922,0.2340838855999076,0.1622043182321328,0.111953520334429,1,14.02,valid
Punjab,Fatehgarh Sahib,2025,15,2025-12-15,2025-12-20,0.0632102126389738,0.2307978105370214,0.1597880426143213,0.1076120171421168,1,2.98,valid
Punjab,Fatehgarh Sahib,2025,16,2025-12-20,2025-12-25,0.0694599652008189,0.2783447285885069,0.1616306455855826,0.1002460539570335,1,18.91,valid
Punjab,Fatehgarh Sahib,2025,17,2025-12-25,2025-12-30,0.0666134405006283,0.2477421415751453,0.1612076688106789,0.10660386381119309,0,,insufficient_data
Punjab,Fatehgarh Sahib,2025,18,2025-12-30,2026-01-04,0.06633508891989635,0.25457126956276416,0.16070934409995197,0.10392903554957514,0,,insufficient_data
Punjab,Fatehgarh Sahib,2025,19,2026-01-04,2026-01-09,0.0694599652008189,0.2783447285885069,0.1616306455855826,0.1002460539570335,0,,insufficient_data
Punjab,Fatehgarh Sahib,2025,20,2026-01-09,2026-01-14,0.0491850271566568,0.3525508691553714,0.142142047328943,0.0739633136411901,0,,insufficient_data
Punjab,Fatehgarh Sahib,2025,21,2026-01-14,2026-01-19,0.057220748575990146,0.32930064720261043,0.14207281765584728,0.07960177950306435,0,,insufficient_data
Punjab,Fatehgarh Sahib,2025,22,2026-01-19,2026-01-24,0.057220748575990146,0.32930064720261043,0.14207281765584728,0.07960177950306435,0,,insufficient_data
Punjab,Fatehgarh Sahib,2025,23,2026-01-24,2026-01-29,0.0491850271566568,0.3525508691553714,0.142142047328943,0.0739633136411901,1,14.49,valid
Punjab,Fatehgarh Sahib,2025,24,2026-01-29,2026-02-03,0.0652564699953235,0.3060504252498495,0.1420035879827516,0.0852402453649386,2,10.83,valid
Punjab,Fatehgarh Sahib,2025,25,2026-02-03,2026-02-08,0.054881821788894246,0.32635880492716945,0.14459682576241145,0.08382379588906555,0,,insufficient_data
Punjab,Fatehgarh Sahib,2025,26,2026-02-08,2026-02-13,0.0504500093073533,0.29499217083334,0.1459260421673167,0.0889083935252341,2,4.9350000000000005,valid
Punjab,Fatehgarh Sahib,2025,27,2026-02-13,2026-02-18,0.0546357806962434,0.3518417544701169,0.1483156255706345,0.0871832310248994,3,3.013333333333333,valid
Punjab,Fatehgarh Sahib,2025,28,2026-02-18,2026-02-23,0.05250594042683946,0.3157739065054823,0.14351046354792557,0.08911877988347305,0,,insufficient_data
Punjab,Fatehgarh Sahib,2025,29,2026-02-23,2026-02-28,0.0480305385954669,0.3337157062399273,0.1356213412398536,0.0794390340748053,3,0.9133333333333332,valid
Punjab,Fatehgarh Sahib,2025,30,2026-02-28,2026-03-05,0.0598419110329166,0.2806799689903934,0.1491619264478326,0.1060504348405863,2,0.275,valid
Punjab,Fatehgarh Sahib,2025,31,2026-03-05,2026-03-10,0.0495714625022171,0.3176399319936341,0.1385273823139904,0.0840128059518402,1,0.07,valid
Punjab,Fatehgarh Sahib,2025,32,2026-03-10,2026-03-15,0.0697023320727594,0.258851011688143,0.1564946677960788,0.1125858347399603,1,12.95,valid
Punjab,Fatehgarh Sahib,2025,33,2026-03-15,2026-03-20,0.057876913888582494,0.2791182943064701,0.14432344194515295,0.0956353527321948,0,,insufficient_data
Punjab,Fatehgarh Sahib,2025,34,2026-03-20,2026-03-25,0.0523919499464369,0.2593022645537099,0.1331097912227101,0.0798923353963924,1,2.63,valid
Punjab,Fatehgarh Sahib,2025,35,2026-03-25,2026-03-30,0.061047141009598155,0.25907663812092646,0.14480222950939445,0.09623908506817636,0,,insufficient_data
Punjab,Fatehgarh Sahib,2025,36,2026-03-30,2026-04-04,0.0523919499464369,0.2593022645537099,0.1331097912227101,0.0798923353963924,0,,insufficient_data
Punjab,Fatehgarh Sahib,2025,37,2026-04-04,2026-04-09,0.0523919499464369,0.2593022645537099,0.1331097912227101,0.0798923353963924,0,,insufficient_data
Punjab,Fatehgarh Sahib,2025,38,2026-04-09,2026-04-14,,,,,0,,insufficient_data
Punjab,Fatehgarh Sahib,2025,39,2026-04-14,2026-04-19,,,,,0,,insufficient_data
Punjab,Fatehgarh Sahib,2025,40,2026-04-19,2026-04-24,,,,,0,,insufficient_data
Punjab,Fatehgarh Sahib,2025,41,2026-04-24,2026-04-29,,,,,0,,insufficient_data
Punjab,Fatehgarh Sahib,2025,42,2026-04-29,2026-05-04,,,,,0,,insufficient_data
