state,district,year,time_step,start_date,end_date,Red,NIR,SWIR1,SWIR2,image_count,mean_cloud_cover,quality_flag
Uttar_Pradesh,Pratapgarh,2010,0,2010-10-01,2010-10-06,0.0910706407911356,0.3083610239909166,0.2154901535196312,0.121810285284272,0,,insufficient_data
Uttar_Pradesh,Pratapgarh,2010,1,2010-10-06,2010-10-11,0.0910706407911356,0.3083610239909166,0.2154901535196312,0.121810285284272,1,9.0,valid
Uttar_Pradesh,Pratapgarh,2010,2,2010-10-11,2010-10-16,0.10318056673424734,0.2970703827454759,0.2206368926648809,0.1306205041753265,0,,insufficient_data
Uttar_Pradesh,Pratapgarh,2010,3,2010-10-16,2010-10-21,0.11156629428521898,0.2909586157371611,0.23999017016719912,0.1517728255266949,0,,insufficient_data
Uttar_Pradesh,Pratapgarh,2010,4,2010-10-21,2010-10-26,0.1152904926773591,0.2857797415000352,0.2257836318101306,0.139430723066381,2,2.0,valid
Uttar_Pradesh,Pratapgarh,2010,5,2010-10-26,2010-10-31,0.12181412103226069,0.2822574116102833,0.25224017849098307,0.16675409564790633,0,,insufficient_data
Uttar_Pradesh,Pratapgarh,2010,6,2010-10-31,2010-11-05,0.1283377493871623,0.2787350817205314,0.2786967251718355,0.1940774682294317,1,1.0,valid
Uttar_Pradesh,Pratapgarh,2010,7,2010-11-05,2010-11-10,0.12181412103226069,0.2822574116102833,0.25224017849098307,0.16675409564790633,0,,insufficient_data
Uttar_Pradesh,Pratapgarh,2010,8,2010-11-10,2010-11-15,0.1283377493871623,0.2787350817205314,0.2786967251718355,0.1940774682294317,0,,insufficient_data
Uttar_Pradesh,Pratapgarh,2010,9,2010-11-15,2010-11-20,0.1366600356982432,0.27395258704522196,0.28336338739857314,0.20124101753680956,0,,insufficient_data
Uttar_Pradesh,Pratapgarh,2010,10,2010-11-20,2010-11-25,0.1449823220093241,0.2691700923699125,0.2880300496253108,0.2084045668441874,0,,insufficient_data
Uttar_Pradesh,Pratapgarh,2010,11,2010-11-25,2010-11-30,0.14335035118755585,0.25816828646387224,0.28032450989134106,0.2043695624555235,0,,insufficient_data
Uttar_Pradesh,Pratapgarh,2010,12,2010-11-30,2010-12-05,0.1449823220093241,0.2691700923699125,0.2880300496253108,0.2084045668441874,1,0.0,valid
Uttar_Pradesh,Pratapgarh,2010,13,2010-12-05,2010-12-10,0.13920515402700473,0.2558553690012892,0.27031195489392434,0.20027211691334537,0,,insufficient_data
Uttar_Pradesh,Pratapgarh,2010,14,2010-12-10,2010-12-15,0.1417183803657876,0.2471664805578319,0.2726189701573713,0.2003345580668596,2,3.0,valid
Uttar_Pradesh,Pratapgarh,2010,15,2010-12-15,2010-12-20,0.1309147597059025,0.2512295340761231,0.250286844899091,0.1920772258289891,2,1.0,valid
Uttar_Pradesh,Pratapgarh,2010,16,2010-12-20,2010-12-25,0.13254683430756672,0.26524398808433775,0.24559040516272454,0.17303445963261097,0,,insufficient_data
Uttar_Pradesh,Pratapgarh,2010,17,2010-12-25,2010-12-30,0.1337029679333935,0.2458076758019812,0.2328724555346277,0.1604855658388047,2,0.0,valid
Uttar_Pradesh,Pratapgarh,2010,18,2010-12-30,2011-01-04,0.12948965228815978,0.2712698239265064,0.23658088349784226,0.16393442682119475,0,,insufficient_data
Uttar_Pradesh,Pratapgarh,2010,19,2011-01-04,2011-01-09,0.1238512292251833,0.3167722619014149,0.2265833500598081,0.1392404887957904,1,22.0,valid
Uttar_Pradesh,Pratapgarh,2010,20,2011-01-09,2011-01-14,0.11191392628544106,0.28816972398346763,0.21489909777922095,0.13674159537503514,0,,insufficient_data
Uttar_Pradesh,Pratapgarh,2010,21,2011-01-14,2011-01-19,0.10465091240279023,0.3022904067106298,0.20890797852741871,0.1288269385537786,0,,insufficient_data
Uttar_Pradesh,Pratapgarh,2010,22,2011-01-19,2011-01-24,0.1007564561631267,0.2865038317932425,0.2001105372841947,0.1289937126002998,2,12.5,valid
Uttar_Pradesh,Pratapgarh,2010,23,2011-01-24,2011-01-29,0.0893450518200607,0.3035951264372319,0.2000300482382533,0.1182466142652456,2,0.0,valid
Uttar_Pradesh,Pratapgarh,2010,24,2011-01-29,2011-02-03,0.0950708411399668,0.311998259157072,0.1949096158865646,0.11849230382984852,0,,insufficient_data
Uttar_Pradesh,Pratapgarh,2010,25,2011-02-03,2011-02-08,0.1231789398474285,0.2927169992965932,0.1810676489460131,0.1108560257896593,2,0.0,valid
Uttar_Pradesh,Pratapgarh,2010,26,2011-02-08,2011-02-13,0.0812917496567563,0.3306590902435043,0.1954096047667232,0.1146641376267246,1,3.0,valid
Uttar_Pradesh,Pratapgarh,2010,27,2011-02-13,2011-02-18,0.0807820082124618,0.3465162480147881,0.1979302401976387,0.1197010288673133,1,6.0,valid
Uttar_Pradesh,Pratapgarh,2010,28,2011-02-18,2011-02-23,0.0872208529922522,0.3607849747184142,0.1989843744872547,0.1136200737766211,1,0.0,valid
Uttar_Pradesh,Pratapgarh,2010,29,2011-02-23,2011-02-28,0.08174604207694224,0.3319393657684079,0.1930121001791234,0.11720688822747327,0,,insufficient_data
Uttar_Pradesh,Pratapgarh,2010,30,2011-02-28,2011-03-05,0.0767198716844141,0.3167039506249732,0.1827767086440908,0.1144299422715053,2,3.5,valid
Uttar_Pradesh,Pratapgarh,2010,31,2011-03-05,2011-03-10,0.0827157278388268,0.3050325652403597,0.1899595727999096,0.1236192585952021,2,2.5,valid
Uttar_Pradesh,Pratapgarh,2010,32,2011-03-10,2011-03-15,0.1003572070427509,0.28208209615140795,0.20895947278077148,0.14233733148858227,0,,insufficient_data
Uttar_Pradesh,Pratapgarh,2010,33,2011-03-15,2011-03-20,0.103555275514934,0.2839268639484923,0.2137615772489904,0.1467210406764062,1,0.0,valid
Uttar_Pradesh,Pratapgarh,2010,34,2011-03-20,2011-03-25,0.1121591796473805,0.2473084481885353,0.2209474155785779,0.1577006353304617,1,18.0,valid
Uttar_Pradesh,Pratapgarh,2010,35,2011-03-25,2011-03-30,0.1266359805281991,0.257438652754679,0.2373520896322888,0.1692157805693361,1,1.0,valid
Uttar_Pradesh,Pratapgarh,2010,36,2011-03-30,2011-04-04,0.1409445813192639,0.2373480066009093,0.2520111482351584,0.18499102018122,2,0.0,valid
Uttar_Pradesh,Pratapgarh,2010,37,2011-04-04,2011-04-09,0.1394345345151907,0.25075582988934975,0.2569200929455867,0.18988192001890003,0,,insufficient_data
Uttar_Pradesh,Pratapgarh,2010,38,2011-04-09,2011-04-14,0.14852631947112746,0.2519049571229546,0.26891098540125635,0.20060901491504612,0,,insufficient_data
Uttar_Pradesh,Pratapgarh,2010,39,2011-04-14,2011-04-19,0.1779983965659193,0.2609282120132755,0.3173697183363218,0.2476202439945822,1,0.0,valid
Uttar_Pradesh,Pratapgarh,2010,40,2011-04-19,2011-04-24,0.1779983965659193,0.2609282120132755,0.3173697183363218,0.2476202439945822,0,,insufficient_data
Uttar_Pradesh,Pratapgarh,2010,41,2011-04-24,2011-04-29,0.1779983965659193,0.2609282120132755,0.3173697183363218,0.2476202439945822,0,,insufficient_data
Uttar_Pradesh,Pratapgarh,2010,42,2011-04-29,2011-05-04,0.1779983965659193,0.2609282120132755,0.3173697183363218,0.2476202439945822,0,,insufficient_data
Uttar_Pradesh,Pratapgarh,2011,0,2011-10-01,2011-10-06,0.0691171553339399,0.2988773003918135,0.1824219398454509,0.1020047946832734,2,3.0,valid
Uttar_Pradesh,Pratapgarh,2011,1,2011-10-06,2011-10-11,0.08919277636273566,0.29630989880493175,0.2119771429830398,0.13539143806451043,0,,insufficient_data
Uttar_Pradesh,Pratapgarh,2011,2,2011-10-11,2011-10-16,0.1020255277967203,0.310758087414396,0.2406698792953773,0.1611756048858341,1,7.0,valid
Uttar_Pradesh,Pratapgarh,2011,3,2011-10-16,2011-10-21,0.0964356459575468,0.2792943086085858,0.2128396098082911,0.1429939146244238,2,4.5,valid
Uttar_Pradesh,Pratapgarh,2011,4,2011-10-21,2011-10-26,0.10879953517711105,0.2853936754735357,0.22557109229738534,0.15322219522059866,0,,insufficient_data
Uttar_Pradesh,Pratapgarh,2011,5,2011-10-26,2011-10-31,0.127937431777066,0.2661286303976253,0.2232037877884876,0.1554970661515381,2,0.0,valid
Uttar_Pradesh,Pratapgarh,2011,6,2011-10-31,2011-11-05,0.12706144382176612,0.25995270776557283,0.22819081967193125,0.1601180464874704,0,,insufficient_data
Uttar_Pradesh,Pratapgarh,2011,7,2011-11-05,2011-11-10,0.1423743427538758,0.2502819073440664,0.23586642460375135,0.16868011241899372,0,,insufficient_data
Uttar_Pradesh,Pratapgarh,2011,8,2011-11-10,2011-11-15,0.1568112537306856,0.2344351842905075,0.2485290614190151,0.1818631586864493,1,1.0,valid
Uttar_Pradesh,Pratapgarh,2011,9,2011-11-15,2011-11-20,0.1538609521891199,0.2378043472416853,0.24823966836428313,0.1864166570536237,0,,insufficient_data
Uttar_Pradesh,Pratapgarh,2011,10,2011-11-20,2011-11-25,0.146717146451507,0.2320588071324956,0.24582062950301187,0.1863986116361881,0,,insufficient_data
Uttar_Pradesh,Pratapgarh,2011,11,2011-11-25,2011-11-30,0.1509106506475542,0.2411735101928631,0.2479502753095512,0.1909701554207981,1,4.0,valid
Uttar_Pradesh,Pratapgarh,2011,12,2011-11-30,2011-12-05,0.14167009281191767,0.23087061855348964,0.2444664135450103,0.18866633811105749,0,,insufficient_data
Uttar_Pradesh,Pratapgarh,2011,13,2011-12-05,2011-12-10,0.1324295349762811,0.2205677269141162,0.2409825517804694,0.1863625208013169,1,1.0,valid
Uttar_Pradesh,Pratapgarh,2011,14,2011-12-10,2011-12-15,0.14167009281191767,0.23087061855348964,0.2444664135450103,0.18866633811105749,0,,insufficient_data
Uttar_Pradesh,Pratapgarh,2011,15,2011-12-15,2011-12-20,0.1180220450741965,0.2356077303981343,0.2211692078629422,0.16007674886736695,0,,insufficient_data
Uttar_Pradesh,Pratapgarh,2011,16,2011-12-20,2011-12-25,0.1180220450741965,0.2356077303981343,0.2211692078629422,0.16007674886736695,0,,insufficient_data
Uttar_Pradesh,Pratapgarh,2011,17,2011-12-25,2011-12-30,0.1036145551721119,0.2506477338821524,0.201355863945415,0.133790976933417,0,,insufficient_data
Uttar_Pradesh,Pratapgarh,2011,18,2011-12-30,2012-01-04,0.1036145551721119,0.2506477338821524,0.201355863945415,0.133790976933417,1,0.0,valid
Uttar_Pradesh,Pratapgarh,2011,19,2012-01-04,2012-01-09,0.0864082307138619,0.28886398087343906,0.1912391042008926,0.11638822204718056,0,,insufficient_data
Uttar_Pradesh,Pratapgarh,2011,20,2012-01-09,2012-01-14,0.0864082307138619,0.28886398087343906,0.1912391042008926,0.11638822204718056,0,,insufficient_data
Uttar_Pradesh,Pratapgarh,2011,21,2012-01-14,2012-01-19,0.0816993865623965,0.3041429305750211,0.1849047865491484,0.1033480001382048,1,0.0,valid
Uttar_Pradesh,Pratapgarh,2011,22,2012-01-19,2012-01-24,0.0739107504070773,0.3118012781631436,0.1874566621081144,0.1120256890699199,1,0.0,valid
Uttar_Pradesh,Pratapgarh,2011,23,2012-01-24,2012-01-29,0.08591429801700655,0.32727485300883824,0.19062533318534008,0.11125197693325871,0,,insufficient_data
Uttar_Pradesh,Pratapgarh,2011,24,2012-01-29,2012-02-03,0.0735109497090598,0.3678218673147856,0.1967450360159157,0.1143724891277934,1,0.0,valid
Uttar_Pradesh,Pratapgarh,2011,25,2012-02-03,2012-02-08,0.1145361053894926,0.3253333359824026,0.1933948480681817,0.1152617293971167,1,2.0,valid
Uttar_Pradesh,Pratapgarh,2011,26,2012-02-08,2012-02-13,0.09339888480096971,0.33122606619119865,0.189361433641168,0.11263785258420697,0,,insufficient_data
Uttar_Pradesh,Pratapgarh,2011,27,2012-02-13,2012-02-18,0.1073883244824305,0.3137204760564729,0.1817841472530826,0.1068388506199556,1,20.0,valid
Uttar_Pradesh,Pratapgarh,2011,28,2012-02-18,2012-02-23,0.09638375078421088,0.3249569221777046,0.19001478686628231,0.11570223880422043,0,,insufficient_data
Uttar_Pradesh,Pratapgarh,2011,29,2012-02-23,2012-02-28,0.0781601596228959,0.3180285854111335,0.1855217032274921,0.1140783411919622,1,0.0,valid
Uttar_Pradesh,Pratapgarh,2011,30,2012-02-28,2012-03-04,0.0854504136420245,0.3427452912608094,0.1993584489163729,0.1266300340078472,1,0.0,valid
Uttar_Pradesh,Pratapgarh,2011,31,2012-03-04,2012-03-09,0.09291467146167118,0.30344809432313946,0.19848424251956354,0.13063991139199496,0,,insufficient_data
Uttar_Pradesh,Pratapgarh,2011,32,2012-03-09,2012-03-14,0.0986126738346112,0.297384535372631,0.2023819608672048,0.1371820602952819,1,0.0,valid
Uttar_Pradesh,Pratapgarh,2011,33,2012-03-14,2012-03-19,0.10792200562187677,0.28788222844179767,0.2113617855009037,0.1455572923435045,0,,insufficient_data
Uttar_Pradesh,Pratapgarh,2011,34,2012-03-19,2012-03-24,0.1094354387471531,0.2556339652479839,0.2066748570671844,0.1446692100728886,1,0.0,valid
Uttar_Pradesh,Pratapgarh,2011,35,2012-03-24,2012-03-29,0.1381894962637183,0.2557651218857666,0.2370318751528527,0.1737478649980003,1,0.0,valid
Uttar_Pradesh,Pratapgarh,2011,36,2012-03-29,2012-04-03,0.14242819422120323,0.2540337069327334,0.25329333583597013,0.185632056663236,0,,insufficient_data
Uttar_Pradesh,Pratapgarh,2011,37,2012-04-03,2012-04-08,0.1532041906447446,0.2416983684215641,0.2699748144711147,0.1994259647838845,1,8.0,valid
Uttar_Pradesh,Pratapgarh,2011,38,2012-04-08,2012-04-13,0.1688836512291969,0.2630373721756192,0.2994917966527286,0.2246851867981706,1,5.0,valid
Uttar_Pradesh,Pratapgarh,2011,39,2012-04-13,2012-04-18,0.17169959305097082,0.2636618029524828,0.30458211180252354,0.23414051249669318,0,,insufficient_data
Uttar_Pradesh,Pratapgarh,2011,40,2012-04-18,2012-04-23,0.17169959305097082,0.2636618029524828,0.30458211180252354,0.23414051249669318,0,,insufficient_data
Uttar_Pradesh,Pratapgarh,2011,41,2012-04-23,2012-04-28,0.1930109372789709,0.2862496682602652,0.3442797242837272,0.2783103859080245,1,0.0,valid
Uttar_Pradesh,Pratapgarh,2011,42,2012-04-28,2012-05-03,0.1930109372789709,0.2862496682602652,0.3442797242837272,0.2783103859080245,0,,insufficient_data
Uttar_Pradesh,Pratapgarh,2012,0,2012-10-01,2012-10-06,0.1049207074046786,0.293902568119469,0.23316031366313394,0.15918596902575735,0,,insufficient_data
Uttar_Pradesh,Pratapgarh,2012,1,2012-10-06,2012-10-11,0.1049207074046786,0.293902568119469,0.23316031366313394,0.15918596902575735,0,,insufficient_data
Uttar_Pradesh,Pratapgarh,2012,2,2012-10-11,2012-10-16,0.1098915761247072,0.3124261218219767,0.249935423023777,0.1736740668064403,1,0.0,valid
Uttar_Pradesh,Pratapgarh,2012,3,2012-10-16,2012-10-21,0.09994983868465,0.2753790144169613,0.2163852043024909,0.1446978712450744,1,0.0,valid
Uttar_Pradesh,Pratapgarh,2012,4,2012-10-21,2012-10-26,0.116530785230637,0.28395693168972147,0.25129012939149775,0.17876355814107536,0,,insufficient_data
Uttar_Pradesh,Pratapgarh,2012,5,2012-10-26,2012-10-31,0.1286207001762277,0.2883727218588827,0.2710984424112599,0.1996020784054564,1,0.0,valid
Uttar_Pradesh,Pratapgarh,2012,6,2012-10-31,2012-11-05,0.12954325026006913,0.26572050789486157,0.25260958122813837,0.1824653237450238,0,,insufficient_data
Uttar_Pradesh,Pratapgarh,2012,7,2012-11-05,2012-11-10,0.1276610259369631,0.2596498686610651,0.2677414478284632,0.1970802161073304,1,2.0,valid
Uttar_Pradesh,Pratapgarh,2012,8,2012-11-10,2012-11-15,0.1619414362424358,0.2394804266425373,0.2552132303703394,0.188481129222234,1,0.0,valid
Uttar_Pradesh,Pratapgarh,2012,9,2012-11-15,2012-11-20,0.1430852550587206,0.2490120411156548,0.2632014629926175,0.19828228071106643,0,,insufficient_data
Uttar_Pradesh,Pratapgarh,2012,10,2012-11-20,2012-11-25,0.1408115111648211,0.2414272679650261,0.2658329067190266,0.2042671513097037,1,0.0,valid
Uttar_Pradesh,Pratapgarh,2012,11,2012-11-25,2012-11-30,0.14508938986910197,0.2436690382961289,0.26181404738043834,0.20234201681571892,0,,insufficient_data
Uttar_Pradesh,Pratapgarh,2012,12,2012-11-30,2012-12-05,0.1419270468906625,0.2554906011939907,0.2640182670526408,0.2033006262049976,1,0.0,valid
Uttar_Pradesh,Pratapgarh,2012,13,2012-12-05,2012-12-10,0.1356775651784885,0.2382778573829616,0.2621917853797467,0.2133191605259405,1,1.0,valid
Uttar_Pradesh,Pratapgarh,2012,14,2012-12-10,2012-12-15,0.1388023060345755,0.24688422928847614,0.26310502621619375,0.20830989336546904,0,,insufficient_data
Uttar_Pradesh,Pratapgarh,2012,15,2012-12-15,2012-12-20,0.1350527291048031,0.24814976651473578,0.24134424279591973,0.18174467203610867,0,,insufficient_data
Uttar_Pradesh,Pratapgarh,2012,16,2012-12-20,2012-12-25,0.1316155702118734,0.2444793491751083,0.23000723066755918,0.1709666949516642,0,,insufficient_data
Uttar_Pradesh,Pratapgarh,2012,17,2012-12-25,2012-12-30,0.1275535752452583,0.250680840967255,0.1978226759553717,0.1286142293773879,0,,insufficient_data
Uttar_Pradesh,Pratapgarh,2012,18,2012-12-30,2013-01-04,0.1275535752452583,0.250680840967255,0.1978226759553717,0.1286142293773879,1,9.0,valid
Uttar_Pradesh,Pratapgarh,2012,19,2013-01-04,2013-01-09,0.1275535752452583,0.250680840967255,0.1978226759553717,0.1286142293773879,0,,insufficient_data
Uttar_Pradesh,Pratapgarh,2012,20,2013-01-09,2013-01-14,0.1275535752452583,0.250680840967255,0.1978226759553717,0.1286142293773879,0,,insufficient_data
Uttar_Pradesh,Pratapgarh,2012,21,2013-01-14,2013-01-19,0.1275535752452583,0.250680840967255,0.1978226759553717,0.1286142293773879,0,,insufficient_data
Uttar_Pradesh,Pratapgarh,2012,22,2013-01-19,2013-01-24,,,,,0,,insufficient_data
Uttar_Pradesh,Pratapgarh,2012,23,2013-01-24,2013-01-29,0.0686218609647461,0.3369682251564532,0.1795930309232225,0.1041346869861431,0,,insufficient_data
Uttar_Pradesh,Pratapgarh,2012,24,2013-01-29,2013-02-03,0.0686218609647461,0.3369682251564532,0.1795930309232225,0.1041346869861431,0,,insufficient_data
Uttar_Pradesh,Pratapgarh,2012,25,2013-02-03,2013-02-08,0.064003252063793,0.34955728565706384,0.1719843057510422,0.0936532438282356,0,,insufficient_data
Uttar_Pradesh,Pratapgarh,2012,26,2013-02-08,2013-02-13,0.0686218609647461,0.3369682251564532,0.1795930309232225,0.1041346869861431,1,0.0,valid
Uttar_Pradesh,Pratapgarh,2012,27,2013-02-13,2013-02-18,0.06119868293844613,0.3377326100331004,0.1637714487408215,0.08782470059140274,0,,insufficient_data
Uttar_Pradesh,Pratapgarh,2012,28,2013-02-18,2013-02-23,0.0593846431628399,0.3621463461576745,0.1643755805788619,0.0831718006703281,1,1.0,valid
Uttar_Pradesh,Pratapgarh,2012,29,2013-02-23,2013-02-28,0.0555895446877524,0.3140832587851735,0.1473457347203801,0.076167614117737,1,0.0,valid
Uttar_Pradesh,Pratapgarh,2012,30,2013-02-28,2013-03-05,0.06786192370486588,0.32319544292801755,0.17348284306418438,0.09992914702461392,0,,insufficient_data
Uttar_Pradesh,Pratapgarh,2012,31,2013-03-05,2013-03-10,0.0713232805483697,0.3322449224215353,0.1906073982657043,0.1154241984862399,1,0.0,valid
Uttar_Pradesh,Pratapgarh,2012,32,2013-03-10,2013-03-15,0.0851502264205015,0.2843072443476869,0.1916026586917913,0.1249529748241507,1,0.0,valid
Uttar_Pradesh,Pratapgarh,2012,33,2013-03-15,2013-03-20,0.0782367534844356,0.3082760833846111,0.1911050284787478,0.1201885866551953,0,,insufficient_data
Uttar_Pradesh,Pratapgarh,2012,34,2013-03-20,2013-03-25,0.1036513545497657,0.2924943116559868,0.22608565848087117,0.15361333151212872,0,,insufficient_data
Uttar_Pradesh,Pratapgarh,2012,35,2013-03-25,2013-03-30,0.1198153915504637,0.27261900627321256,0.24382478858845463,0.17270789802507314,0,,insufficient_data
Uttar_Pradesh,Pratapgarh,2012,36,2013-03-30,2013-04-04,0.16156610680575867,0.2587529287986824,0.30002551736880323,0.2277972087883369,0,,insufficient_data
Uttar_Pradesh,Pratapgarh,2012,37,2013-04-04,2013-04-09,0.1544805566804259,0.2609307681987383,0.296046918485118,0.2204628212259956,1,0.0,valid
Uttar_Pradesh,Pratapgarh,2012,38,2013-04-09,2013-04-14,0.17204207511367717,0.2698410547307592,0.3208332975773839,0.24725248424600102,0,,insufficient_data
Uttar_Pradesh,Pratapgarh,2012,39,2013-04-14,2013-04-19,0.1686516569310914,0.2565750893986265,0.3040041162524884,0.2351315963506782,1,14.0,valid
Uttar_Pradesh,Pratapgarh,2012,40,2013-04-19,2013-04-24,0.1929940117295142,0.2920173065949128,0.3624488579945452,0.2861630351613293,1,4.0,valid
Uttar_Pradesh,Pratapgarh,2012,41,2013-04-24,2013-04-29,0.1808228343303028,0.27429619799676963,0.33322648712351677,0.26064731575600375,0,,insufficient_data
Uttar_Pradesh,Pratapgarh,2012,42,2013-04-29,2013-05-04,0.1808228343303028,0.27429619799676963,0.33322648712351677,0.26064731575600375,0,,insufficient_data
Uttar_Pradesh,Pratapgarh,2013,0,2013-10-01,2013-10-06,,,,,0,,insufficient_data
Uttar_Pradesh,Pratapgarh,2013,1,2013-10-06,2013-10-11,0.0830777106302081,0.284346448071337,0.1923148723674067,0.1084049492352797,0,,insufficient_data
Uttar_Pradesh,Pratapgarh,2013,2,2013-10-11,2013-10-16,0.0830777106302081,0.284346448071337,0.1923148723674067,0.1084049492352797,0,,insufficient_data
Uttar_Pradesh,Pratapgarh,2013,3,2013-10-16,2013-10-21,0.0915077039093044,0.27342501336099634,0.20463293812140976,0.12736581631838756,0,,insufficient_data
Uttar_Pradesh,Pratapgarh,2013,4,2013-10-21,2013-10-26,0.0830777106302081,0.284346448071337,0.1923148723674067,0.1084049492352797,2,4.79,valid
Uttar_Pradesh,Pratapgarh,2013,5,2013-10-26,2013-10-31,0.09839202985152584,0.26751238205599276,0.21911788463691026,0.14575750180581504,0,,insufficient_data
Uttar_Pradesh,Pratapgarh,2013,6,2013-10-31,2013-11-05,0.0999376971884007,0.2625035786506556,0.2169510038754128,0.1463266834014954,2,11.84,valid
Uttar_Pradesh,Pratapgarh,2013,7,2013-11-05,2013-11-10,0.1121606817359687,0.2556871194459855,0.2480877776679112,0.18254087278067,1,10.98,valid
Uttar_Pradesh,Pratapgarh,2013,8,2013-11-10,2013-11-15,0.1221652991622613,0.2480431747950671,0.24584655531774074,0.18501594118655404,0,,insufficient_data
Uttar_Pradesh,Pratapgarh,2013,9,2013-11-15,2013-11-20,0.1238561117098772,0.2412783686000821,0.2606064904574197,0.2048762278008976,2,15.885,valid
Uttar_Pradesh,Pratapgarh,2013,10,2013-11-20,2013-11-25,0.1553850388086699,0.2356601880608678,0.2575888344134944,0.1975045939508998,1,0.0,valid
Uttar_Pradesh,Pratapgarh,2013,11,2013-11-25,2013-11-30,0.1194869663683901,0.2450866192177445,0.2459986701744656,0.1938313279988074,1,0.0,valid
Uttar_Pradesh,Pratapgarh,2013,12,2013-11-30,2013-12-05,0.115818457515903,0.2220412010219622,0.2395143437171296,0.1912098603044162,2,0.075,valid
Uttar_Pradesh,Pratapgarh,2013,13,2013-12-05,2013-12-10,0.12716718631672413,0.23318783392746645,0.23803182181397387,0.18453648606833736,0,,insufficient_data
Uttar_Pradesh,Pratapgarh,2013,14,2013-12-10,2013-12-15,0.1408019173579422,0.2328010735668469,0.2391186168903502,0.1849660828289577,2,0.01,valid
Uttar_Pradesh,Pratapgarh,2013,15,2013-12-15,2013-12-20,0.1043435515327155,0.2303500877699109,0.2079386438744297,0.1551705652586056,1,12.43,valid
Uttar_Pradesh,Pratapgarh,2013,16,2013-12-20,2013-12-25,0.10740087616382088,0.2512329642276233,0.20204620439023993,0.1415709758636576,0,,insufficient_data
Uttar_Pradesh,Pratapgarh,2013,17,2013-12-25,2013-12-30,0.0975310204681637,0.2433293522443537,0.2048933654081767,0.1425884642451342,2,29.005000000000003,valid
Uttar_Pradesh,Pratapgarh,2013,18,2013-12-30,2014-01-04,0.0784791314266266,0.2667720230386086,0.1811254225211021,0.1211824052280239,1,0.77,valid
Uttar_Pradesh,Pratapgarh,2013,19,2014-01-04,2014-01-09,0.1158487600336564,0.2829122845183964,0.177154973257141,0.1039473617575667,1,0.0,valid
Uttar_Pradesh,Pratapgarh,2013,20,2014-01-09,2014-01-14,0.0972863039761489,0.2643378866004529,0.18772458706213993,0.12257274374357492,0,,insufficient_data
Uttar_Pradesh,Pratapgarh,2013,21,2014-01-14,2014-01-19,0.0971639457301415,0.2748421537785025,0.17914019788912156,0.11256488349279531,0,,insufficient_data
Uttar_Pradesh,Pratapgarh,2013,22,2014-01-19,2014-01-24,0.08593912330046045,0.2876919221362624,0.16725428441166001,0.09708638811699441,0,,insufficient_data
Uttar_Pradesh,Pratapgarh,2013,23,2014-01-24,2014-01-29,0.058726402681164955,0.3063843759156405,0.1675032220827819,0.09659470472694326,0,,insufficient_data
Uttar_Pradesh,Pratapgarh,2013,24,2014-01-29,2014-02-03,0.0584422974608067,0.3188216408161173,0.16787028241675747,0.0970499595532962,0,,insufficient_data
Uttar_Pradesh,Pratapgarh,2013,25,2014-02-03,2014-02-08,0.0560294865672645,0.2924715597541284,0.157353595566179,0.0902254144764221,1,9.38,valid
Uttar_Pradesh,Pratapgarh,2013,26,2014-02-08,2014-02-13,0.0614233187950654,0.3202971920771526,0.1776528485993848,0.1029639949774644,1,0.0,valid
Uttar_Pradesh,Pratapgarh,2013,27,2014-02-13,2014-02-18,0.0578740870200902,0.3436961706170709,0.1686044030847086,0.0979604692060021,1,0.04,valid
Uttar_Pradesh,Pratapgarh,2013,28,2014-02-18,2014-02-23,0.0602782943366293,0.3080616509184852,0.1627548747753544,0.0979462982181327,2,6.415,valid
Uttar_Pradesh,Pratapgarh,2013,29,2014-02-23,2014-02-28,0.060256985071295524,0.3155752274820072,0.16797550739417336,0.09957276434689064,0,,insufficient_data
Uttar_Pradesh,Pratapgarh,2013,30,2014-02-28,2014-03-05,0.06524748877166052,0.3034310486016687,0.1722541698982864,0.10517263873704266,0,,insufficient_data
Uttar_Pradesh,Pratapgarh,2013,31,2014-03-05,2014-03-10,0.0614522401333972,0.2902458963153201,0.1628899031172456,0.0994202949859634,2,6.505,valid
Uttar_Pradesh,Pratapgarh,2013,32,2014-03-10,2014-03-15,0.07141878686496131,0.2809831864355593,0.1788287008665413,0.11239189376201791,0,,insufficient_data
Uttar_Pradesh,Pratapgarh,2013,33,2014-03-15,2014-03-20,0.0813853335965254,0.2717204765557985,0.194767498615837,0.1253634925380724,2,0.06,valid
Uttar_Pradesh,Pratapgarh,2013,34,2014-03-20,2014-03-25,0.08878468033958098,0.26661486553091346,0.20402874424487938,0.13493568908856177,0,,insufficient_data
Uttar_Pradesh,Pratapgarh,2013,35,2014-03-25,2014-03-30,0.11811081960886675,0.26396775097104364,0.2515015816910786,0.1796351356324358,0,,insufficient_data
Uttar_Pradesh,Pratapgarh,2013,36,2014-03-30,2014-04-04,0.1235164672888203,0.2378782237216217,0.2544288310015556,0.1800232797416495,2,1.015,valid
Uttar_Pradesh,Pratapgarh,2013,37,2014-04-04,2014-04-09,0.1364735626150374,0.26009138817866617,0.27986862322869943,0.20677095717961752,0,,insufficient_data
Uttar_Pradesh,Pratapgarh,2013,38,2014-04-09,2014-04-14,0.1494306579412545,0.2823045526357107,0.3053084154558432,0.2335186346175855,2,0.0,valid
Uttar_Pradesh,Pratapgarh,2013,39,2014-04-14,2014-04-19,0.15009041170768722,0.27246347423274614,0.30056702426569437,0.22992876069996637,0,,insufficient_data
Uttar_Pradesh,Pratapgarh,2013,40,2014-04-19,2014-04-24,0.1633773839171207,0.2897560994883084,0.3236361208977637,0.2548815011791248,0,,insufficient_data
Uttar_Pradesh,Pratapgarh,2013,41,2014-04-24,2014-04-29,0.1773241098929869,0.2972076463409061,0.3419638263396842,0.2762443677406641,2,0.0,valid
Uttar_Pradesh,Pratapgarh,2013,42,2014-04-29,2014-05-04,0.1773241098929869,0.2972076463409061,0.3419638263396842,0.2762443677406641,0,,insufficient_data
Uttar_Pradesh,Pratapgarh,2014,0,2014-10-01,2014-10-06,0.0680503237445435,0.3190851857367824,0.1956665275662191,0.1119000289602724,2,13.69,valid
Uttar_Pradesh,Pratapgarh,2014,1,2014-10-06,2014-10-11,0.0848253046503162,0.299940778530029,0.2102601353560211,0.1295895178638725,1,17.0,valid
Uttar_Pradesh,Pratapgarh,2014,2,2014-10-11,2014-10-16,0.0844618120759849,0.2976028559801086,0.20014172904458144,0.12012418310700562,0,,insufficient_data
Uttar_Pradesh,Pratapgarh,2014,3,2014-10-16,2014-10-21,0.0731438757478821,0.2858297540677315,0.1846248357855164,0.1098603667108545,2,6.15,valid
Uttar_Pradesh,Pratapgarh,2014,4,2014-10-21,2014-10-26,0.09372588821698707,0.28327468942436773,0.20787502953579565,0.13228364819851046,0,,insufficient_data
Uttar_Pradesh,Pratapgarh,2014,5,2014-10-26,2014-10-31,0.1118277441611978,0.2855557055858915,0.2100154174705692,0.1291468188930231,2,1.975,valid
Uttar_Pradesh,Pratapgarh,2014,6,2014-10-31,2014-11-05,0.1051066283085522,0.2617725195138189,0.2265997295310759,0.1605378893262917,2,4.635,valid
Uttar_Pradesh,Pratapgarh,2014,7,2014-11-05,2014-11-10,0.13163733430599037,0.2637840662964609,0.2507680476538007,0.1852552527615902,0,,insufficient_data
Uttar_Pradesh,Pratapgarh,2014,8,2014-11-10,2014-11-15,0.159580162699741,0.2675107260313434,0.2873268276825027,0.2199568445759204,1,24.0,valid
Uttar_Pradesh,Pratapgarh,2014,9,2014-11-15,2014-11-20,0.1248004950035365,0.2399882487165298,0.2574909307630523,0.2045255399002382,1,3.65,valid
Uttar_Pradesh,Pratapgarh,2014,10,2014-11-20,2014-11-25,0.1568716413569243,0.2640931316347207,0.2724073328218033,0.2121091711124776,1,0.0,valid
Uttar_Pradesh,Pratapgarh,2014,11,2014-11-25,2014-11-30,0.1452094671187009,0.2379066130113801,0.2599151764811852,0.2037766864673032,2,2.625,valid
Uttar_Pradesh,Pratapgarh,2014,12,2014-11-30,2014-12-05,0.14229386782638723,0.24732933112087685,0.2632711466886803,0.20680379916000632,0,,insufficient_data
Uttar_Pradesh,Pratapgarh,2014,13,2014-12-05,2014-12-10,0.1510405542378126,0.25099987232305043,0.2661612546514942,0.2079429287898904,0,,insufficient_data
Uttar_Pradesh,Pratapgarh,2014,14,2014-12-10,2014-12-15,0.1452094671187009,0.2379066130113801,0.2599151764811852,0.2037766864673032,0,,insufficient_data
Uttar_Pradesh,Pratapgarh,2014,15,2014-12-15,2014-12-20,,,,,0,,insufficient_data
Uttar_Pradesh,Pratapgarh,2014,16,2014-12-20,2014-12-25,0.0688173955264339,0.2559681848555117,0.1630101141153566,0.0993470319329156,0,,insufficient_data
Uttar_Pradesh,Pratapgarh,2014,17,2014-12-25,2014-12-30,0.0688173955264339,0.2559681848555117,0.1630101141153566,0.0993470319329156,0,,insufficient_data
Uttar_Pradesh,Pratapgarh,2014,18,2014-12-30,2015-01-04,0.0688173955264339,0.2559681848555117,0.1630101141153566,0.0993470319329156,0,,insufficient_data
Uttar_Pradesh,Pratapgarh,2014,19,2015-01-04,2015-01-09,0.0688173955264339,0.2559681848555117,0.1630101141153566,0.0993470319329156,1,4.44,valid
Uttar_Pradesh,Pratapgarh,2014,20,2015-01-09,2015-01-14,0.0879419040394049,0.30567806399258124,0.18376528302496892,0.11029987102135039,0,,insufficient_data
Uttar_Pradesh,Pratapgarh,2014,21,2015-01-14,2015-01-19,0.0790609540224973,0.308988129139764,0.17531836196667552,0.10073890721038176,0,,insufficient_data
Uttar_Pradesh,Pratapgarh,2014,22,2015-01-19,2015-01-24,0.1070664125523759,0.3553879431296508,0.2045204519345812,0.1212527101097852,1,24.0,valid
Uttar_Pradesh,Pratapgarh,2014,23,2015-01-24,2015-01-29,0.084182733270529,0.33549810128189006,0.181472485892335,0.10143484484911484,0,,insufficient_data
Uttar_Pradesh,Pratapgarh,2014,24,2015-01-29,2015-02-03,0.0612990539886821,0.3156082594341294,0.1584245198500888,0.0816169795884445,1,3.0,valid
Uttar_Pradesh,Pratapgarh,2014,25,2015-02-03,2015-02-08,0.07945059320484353,0.3313421420782246,0.17983820493844604,0.10090415858387443,0,,insufficient_data
Uttar_Pradesh,Pratapgarh,2014,26,2015-02-08,2015-02-13,0.06348429002486937,0.3162066947536881,0.16574944781042183,0.09248921847673436,0,,insufficient_data
Uttar_Pradesh,Pratapgarh,2014,27,2015-02-13,2015-02-18,0.0699863130734726,0.3230302236708938,0.1765696430306681,0.0998427860533936,2,1.515,valid
Uttar_Pradesh,Pratapgarh,2014,28,2015-02-18,2015-02-23,0.064576908042963,0.3165059124134675,0.16941191179058834,0.09792533792087929,0,,insufficient_data
Uttar_Pradesh,Pratapgarh,2014,29,2015-02-23,2015-02-28,0.0591675030124534,0.3099816011560412,0.1622541805505086,0.096007889788365,2,1.315,valid
Uttar_Pradesh,Pratapgarh,2014,30,2015-02-28,2015-03-05,0.07219984134762691,0.2849206609248832,0.18203162513083088,0.11435190665615062,0,,insufficient_data
Uttar_Pradesh,Pratapgarh,2014,31,2015-03-05,2015-03-10,0.07667529946708553,0.2674785153021352,0.19191126183773777,0.12743926646497142,0,,insufficient_data
Uttar_Pradesh,Pratapgarh,2014,32,2015-03-10,2015-03-15,0.0705373475146936,0.271737690105344,0.1840389272028529,0.1229462300257153,2,8.695,valid
Uttar_Pradesh,Pratapgarh,2014,33,2015-03-15,2015-03-20,0.0891082017898881,0.234933128767254,0.205263749739294,0.1386107207571286,1,1.0,valid
Uttar_Pradesh,Pratapgarh,2014,34,2015-03-20,2015-03-25,0.087888145551307,0.2532616411799017,0.2160881898582956,0.1521922252886768,1,0.02,valid
Uttar_Pradesh,Pratapgarh,2014,35,2015-03-25,2015-03-30,0.1178765100695626,0.2308765132720411,0.2510765657683518,0.1789333920319109,1,1.0,valid
Uttar_Pradesh,Pratapgarh,2014,36,2015-03-30,2015-04-04,0.11476561078896735,0.2444634455065383,0.24718440956978505,0.17978234225281475,0,,insufficient_data
Uttar_Pradesh,Pratapgarh,2014,37,2015-04-04,2015-04-09,0.13434033349553942,0.2506017510058477,0.2754288183787795,0.20913979314500525,0,,insufficient_data
Uttar_Pradesh,Pratapgarh,2014,38,2015-04-09,2015-04-14,0.1641895857451117,0.2587824988069564,0.3163091329131989,0.2493930309335427,1,6.0,valid
Uttar_Pradesh,Pratapgarh,2014,39,2015-04-14,2015-04-19,0.16645375897027045,0.260981296606634,0.3159549693399799,0.24857807413281707,0,,insufficient_data
Uttar_Pradesh,Pratapgarh,2014,40,2015-04-19,2015-04-24,0.1674070926161764,0.2594863507644916,0.3182413849752719,0.2560405243258907,2,1.295,valid
Uttar_Pradesh,Pratapgarh,2014,41,2015-04-24,2015-04-29,0.16645375897027045,0.260981296606634,0.3159549693399799,0.24857807413281707,0,,insufficient_data
Uttar_Pradesh,Pratapgarh,2014,42,2015-04-29,2015-05-04,0.1677645985495233,0.2646750402484539,0.313314390131469,0.2403006671390179,1,3.0,valid
Uttar_Pradesh,Pratapgarh,2015,0,2015-10-01,2015-10-06,0.0806330226842757,0.2931024747563264,0.2145387726060124,0.1381238609308951,1,0.0,valid
Uttar_Pradesh,Pratapgarh,2015,1,2015-10-06,2015-10-11,0.1082303515319848,0.2994170545814895,0.2769038337239242,0.1833559924630388,1,0.0,valid
Uttar_Pradesh,Pratapgarh,2015,2,2015-10-11,2015-10-16,0.1129484511959693,0.2909762812791069,0.2360728966936698,0.1507687816349794,2,8.66,valid
Uttar_Pradesh,Pratapgarh,2015,3,2015-10-16,2015-10-21,0.10126894931630859,0.2863913617552666,0.24224486314055285,0.16010864893019847,0,,insufficient_data
Uttar_Pradesh,Pratapgarh,2015,4,2015-10-21,2015-10-26,0.0981941295318779,0.278346837643064,0.2271073288149797,0.1503115714573533,2,0.005,valid
Uttar_Pradesh,Pratapgarh,2015,5,2015-10-26,2015-10-31,0.1063387916374352,0.2701141605163465,0.2566014838641781,0.1779830381647257,1,3.06,valid
Uttar_Pradesh,Pratapgarh,2015,6,2015-10-31,2015-11-05,0.11523829923036084,0.2666410322227163,0.25798471057772016,0.18363710161396787,0,,insufficient_data
Uttar_Pradesh,Pratapgarh,2015,7,2015-11-05,2015-11-10,0.1217524506446145,0.2559152700071729,0.2625298596371839,0.189954134843213,2,9.22,valid
Uttar_Pradesh,Pratapgarh,2015,8,2015-11-10,2015-11-15,0.12254133743594892,0.25360928996879073,0.2649330361237113,0.19557032323663223,0,,insufficient_data
Uttar_Pradesh,Pratapgarh,2015,9,2015-11-15,2015-11-20,0.1346678251075158,0.2621878607242817,0.2857001699945389,0.2162996619905795,1,22.43,valid
Uttar_Pradesh,Pratapgarh,2015,10,2015-11-20,2015-11-25,0.1274062823542302,0.226219868627362,0.2549006309989441,0.1980444579480107,1,27.62,valid
Uttar_Pradesh,Pratapgarh,2015,11,2015-11-25,2015-11-30,0.12550684763105238,0.24109049039286756,0.2645881409087853,0.20095301069758778,0,,insufficient_data
Uttar_Pradesh,Pratapgarh,2015,12,2015-11-30,2015-12-05,0.1144464354314112,0.234863741826959,0.2531636217328727,0.1885149121541732,1,1.66,valid
Uttar_Pradesh,Pratapgarh,2015,13,2015-12-05,2015-12-10,0.12150706133255804,0.23165128974366178,0.24346082196656568,0.18737058429498876,0,,insufficient_data
Uttar_Pradesh,Pratapgarh,2015,14,2015-12-10,2015-12-15,0.12136838051350424,0.2365278826309127,0.24227706277800418,0.18641788484947241,0,,insufficient_data
Uttar_Pradesh,Pratapgarh,2015,15,2015-12-15,2015-12-20,0.1341984905409288,0.2365955501698313,0.248696149926703,0.1941410245516566,2,1.145,valid
Uttar_Pradesh,Pratapgarh,2015,16,2015-12-20,2015-12-25,0.1099770370036619,0.2289259983504947,0.2170828852077429,0.1687819425261145,1,0.11,valid
Uttar_Pradesh,Pratapgarh,2015,17,2015-12-25,2015-12-30,0.126851559078015,0.2457262401763659,0.2501655942446981,0.1942336601659453,1,0.0,valid
Uttar_Pradesh,Pratapgarh,2015,18,2015-12-30,2016-01-04,0.10725817119206749,0.25371768155318064,0.220448281410339,0.163501177782462,0,,insufficient_data
Uttar_Pradesh,Pratapgarh,2015,19,2016-01-04,2016-01-09,0.10052309135485216,0.25799821439901793,0.213386314281248,0.15584121609016335,0,,insufficient_data
Uttar_Pradesh,Pratapgarh,2015,20,2016-01-09,2016-01-14,0.0876959338680912,0.2620074058078316,0.1970826291764452,0.1383751282131368,2,0.095,valid
Uttar_Pradesh,Pratapgarh,2015,21,2016-01-14,2016-01-19,0.0775678354696405,0.2953332132613796,0.1892141484961058,0.1219741334554568,1,21.3,valid
Uttar_Pradesh,Pratapgarh,2015,22,2016-01-19,2016-01-24,0.0804062798522713,0.30283067226787,0.19011899060507792,0.12307196370889084,0,,insufficient_data
Uttar_Pradesh,Pratapgarh,2015,23,2016-01-24,2016-01-29,0.0725083791642875,0.2967293018874665,0.1805573141197437,0.1170181187331839,1,1.47,valid
Uttar_Pradesh,Pratapgarh,2015,24,2016-01-29,2016-02-03,0.0958729716915056,0.3261846877241366,0.1972019128512644,0.1195801832593578,1,2.0,valid
Uttar_Pradesh,Pratapgarh,2015,25,2016-02-03,2016-02-08,0.0683862790678318,0.3338987526585357,0.1865389483818305,0.1184122548833189,1,0.01,valid
Uttar_Pradesh,Pratapgarh,2015,26,2016-02-08,2016-02-13,0.0681322466922395,0.3346579452943065,0.176555867309176,0.1099642278895743,2,11.875,valid
Uttar_Pradesh,Pratapgarh,2015,27,2016-02-13,2016-02-18,0.08762798486274366,0.32023931104996556,0.18797202643972674,0.11638924381858182,0,,insufficient_data
Uttar_Pradesh,Pratapgarh,2015,28,2016-02-18,2016-02-23,0.0730579299890459,0.3141665010084424,0.1844105548156865,0.1116053327158106,1,2.0,valid
Uttar_Pradesh,Pratapgarh,2015,29,2016-02-23,2016-02-28,0.1326904968730955,0.2922886685644065,0.1951528488406764,0.1223842203448475,1,3.0,valid
Uttar_Pradesh,Pratapgarh,2015,30,2016-02-28,2016-03-04,0.09900333180545556,0.2918487220423049,0.1902590783923935,0.11951511517013123,0,,insufficient_data
Uttar_Pradesh,Pratapgarh,2015,31,2016-03-04,2016-03-09,0.0912615685542253,0.2690909965540659,0.1912138315208176,0.1245557924497356,1,16.0,valid
Uttar_Pradesh,Pratapgarh,2015,32,2016-03-09,2016-03-14,0.11492827463393894,0.2653661920857902,0.2097983966541782,0.14288726634019286,0,,insufficient_data
Uttar_Pradesh,Pratapgarh,2015,33,2016-03-14,2016-03-19,0.11396905231880376,0.2488299306385824,0.23377389398215256,0.1705018395986296,0,,insufficient_data
Uttar_Pradesh,Pratapgarh,2015,34,2016-03-19,2016-03-24,0.120832758474496,0.2347189111388983,0.2430285096010406,0.1817217862259954,2,0.01,valid
Uttar_Pradesh,Pratapgarh,2015,35,2016-03-24,2016-03-29,0.125322794201093,0.23869939768084064,0.25505392521282005,0.1934748631730766,0,,insufficient_data
Uttar_Pradesh,Pratapgarh,2015,36,2016-03-29,2016-04-03,0.12981282992769,0.242679884222783,0.2670793408245995,0.2052279401201578,2,6.88,valid
Uttar_Pradesh,Pratapgarh,2015,37,2016-04-03,2016-04-08,0.16031638881684226,0.2665440272164739,0.30557717730586087,0.24340479259290543,0,,insufficient_data
Uttar_Pradesh,Pratapgarh,2015,38,2016-04-08,2016-04-13,0.18171589550260883,0.28669907377699394,0.3395066030448551,0.2762631832331657,0,,insufficient_data
Uttar_Pradesh,Pratapgarh,2015,39,2016-04-13,2016-04-18,0.1855236510158619,0.2934388778732643,0.3448744822502638,0.2826954771060475,2,0.005,valid
Uttar_Pradesh,Pratapgarh,2015,40,2016-04-18,2016-04-23,0.2050963158493212,0.2953384356309501,0.3673263765475396,0.303973966919421,1,0.0,valid
Uttar_Pradesh,Pratapgarh,2015,41,2016-04-23,2016-04-28,0.2064307852175622,0.3153390973809784,0.3787462125570174,0.3131553487870365,1,0.0,valid
Uttar_Pradesh,Pratapgarh,2015,42,2016-04-28,2016-05-03,0.1990169173609151,0.3013721369617309,0.3636490237849403,0.29994159760416833,0,,insufficient_data
Uttar_Pradesh,Pratapgarh,2016,0,2016-10-01,2016-10-06,0.08228083235989565,0.30738431058006394,0.20938889218465281,0.1315542054032181,0,,insufficient_data
Uttar_Pradesh,Pratapgarh,2016,1,2016-10-06,2016-10-11,0.0629288383499004,0.3187813902373653,0.1855148687116316,0.0993844321544017,1,16.97,valid
Uttar_Pradesh,Pratapgarh,2016,2,2016-10-11,2016-10-16,0.0854070811568735,0.2959926388195277,0.205653356245863,0.1300742418631016,1,0.0,valid
Uttar_Pradesh,Pratapgarh,2016,3,2016-10-16,2016-10-21,0.0985065775729131,0.3073789026832988,0.2369984515964638,0.165203942192151,1,0.15,valid
Uttar_Pradesh,Pratapgarh,2016,4,2016-10-21,2016-10-26,0.1008602107774368,0.2804517339972974,0.2262809923033046,0.1569341958598941,2,0.08,valid
Uttar_Pradesh,Pratapgarh,2016,5,2016-10-26,2016-10-31,0.1019355328955717,0.28677288754254043,0.23358498911689332,0.1606910634494432,0,,insufficient_data
Uttar_Pradesh,Pratapgarh,2016,6,2016-10-31,2016-11-05,0.1229682620750634,0.2632682746700378,0.2654071563219419,0.1905518738826261,2,0.1,valid
Uttar_Pradesh,Pratapgarh,2016,7,2016-11-05,2016-11-10,0.1216528723941826,0.2508293510147325,0.24976239150596527,0.18536888986538552,0,,insufficient_data
Uttar_Pradesh,Pratapgarh,2016,8,2016-11-10,2016-11-15,0.12832779189004384,0.24242585283950854,0.25779815338664747,0.19595332441646424,0,,insufficient_data
Uttar_Pradesh,Pratapgarh,2016,9,2016-11-15,2016-11-20,0.1398394519859127,0.2352683126028155,0.2630841069089545,0.1988901067371979,2,0.115,valid
Uttar_Pradesh,Pratapgarh,2016,10,2016-11-20,2016-11-25,0.1229435647383175,0.2243290827887793,0.2442773104896602,0.195099382981824,1,12.62,valid
Uttar_Pradesh,Pratapgarh,2016,11,2016-11-25,2016-11-30,0.1275598887608817,0.2468377412964016,0.2584240398260333,0.1992719340642089,1,0.0,valid
Uttar_Pradesh,Pratapgarh,2016,12,2016-11-30,2016-12-05,0.12833453214945084,0.23431851217300737,0.24600196271254587,0.18850953201280113,0,,insufficient_data
Uttar_Pradesh,Pratapgarh,2016,13,2016-12-05,2016-12-10,0.12449955887063024,0.23400191202973797,0.24030791464707632,0.18504934043800225,0,,insufficient_data
Uttar_Pradesh,Pratapgarh,2016,14,2016-12-10,2016-12-15,0.1252775559367866,0.23883832665021731,0.23832321672578433,0.18002431916609135,0,,insufficient_data
Uttar_Pradesh,Pratapgarh,2016,15,2016-12-15,2016-12-20,0.1229952231126915,0.230838912004033,0.2182223936255354,0.1607767042679738,2,1.0,valid
Uttar_Pradesh,Pratapgarh,2016,16,2016-12-20,2016-12-25,0.1229952231126915,0.230838912004033,0.2182223936255354,0.1607767042679738,0,,insufficient_data
Uttar_Pradesh,Pratapgarh,2016,17,2016-12-25,2016-12-30,0.09303853644680621,0.25031283285952277,0.19516146709329185,0.13537173411585304,0,,insufficient_data
Uttar_Pradesh,Pratapgarh,2016,18,2016-12-30,2017-01-04,0.09303853644680621,0.25031283285952277,0.19516146709329185,0.13537173411585304,0,,insufficient_data
Uttar_Pradesh,Pratapgarh,2016,19,2017-01-04,2017-01-09,0.09885662305449745,0.28524029506440596,0.17940999305318783,0.10964696749501315,0,,insufficient_data
Uttar_Pradesh,Pratapgarh,2016,20,2017-01-09,2017-01-14,0.0630818497809209,0.2697867537150126,0.1721005405610483,0.1099667639637323,2,0.01,valid
Uttar_Pradesh,Pratapgarh,2016,21,2017-01-14,2017-01-19,0.19255916586236854,0.3631470547224989,0.23225382543645226,0.15775094778532592,0,,insufficient_data
Uttar_Pradesh,Pratapgarh,2016,22,2017-01-19,2017-01-24,0.134631396328074,0.3006938364137993,0.1867194455453274,0.109327171026294,2,3.505,valid
Uttar_Pradesh,Pratapgarh,2016,23,2017-01-24,2017-01-29,0.3799642514781107,0.518960574038685,0.3379414902029812,0.2539589083659515,2,19.115,valid
Uttar_Pradesh,Pratapgarh,2016,24,2017-01-29,2017-02-03,0.14336999010389764,0.3640310581609147,0.21092499142891352,0.13552387295695792,0,,insufficient_data
Uttar_Pradesh,Pratapgarh,2016,25,2017-02-03,2017-02-08,0.0551945172628952,0.3294163656405989,0.1658935846505823,0.0971821776206323,1,0.08,valid
Uttar_Pradesh,Pratapgarh,2016,26,2017-02-08,2017-02-13,0.0622162046514365,0.3230117751387434,0.1663235086586059,0.1003188018806004,1,6.12,valid
Uttar_Pradesh,Pratapgarh,2016,27,2017-02-13,2017-02-18,0.0848435807989718,0.348072739572747,0.1977469280870707,0.1168323058913114,1,0.0,valid
Uttar_Pradesh,Pratapgarh,2016,28,2017-02-18,2017-02-23,0.0746041149446578,0.3071597739848783,0.1758977372676196,0.1064682196418908,2,0.315,valid
Uttar_Pradesh,Pratapgarh,2016,29,2017-02-23,2017-02-28,0.07850926976446118,0.31511310070060705,0.18296831153823603,0.11440926502097348,0,,insufficient_data
Uttar_Pradesh,Pratapgarh,2016,30,2017-02-28,2017-03-05,0.0714420484160524,0.3089665428145663,0.1760768276929002,0.1150155136544381,2,0.01,valid
Uttar_Pradesh,Pratapgarh,2016,31,2017-03-05,2017-03-10,0.0994404000111874,0.2883546719921002,0.1987965559849837,0.1334114840366267,2,12.525,valid
Uttar_Pradesh,Pratapgarh,2016,32,2017-03-10,2017-03-15,0.10295119605760497,0.26999038463128894,0.2074583937481763,0.1449457016925012,0,,insufficient_data
Uttar_Pradesh,Pratapgarh,2016,33,2017-03-15,2017-03-20,0.0985978040496054,0.2661488558534673,0.2010882569705387,0.1429547489657089,1,0.05,valid
Uttar_Pradesh,Pratapgarh,2016,34,2017-03-20,2017-03-25,0.1264696380933579,0.2304525023498315,0.2250086707901145,0.1622213789952784,1,0.0,valid
Uttar_Pradesh,Pratapgarh,2016,35,2017-03-25,2017-03-30,0.1188060897178217,0.2560293501464794,0.2363216573023444,0.1711253828104539,1,0.01,valid
Uttar_Pradesh,Pratapgarh,2016,36,2017-03-30,2017-04-04,0.1398763845310581,0.2528201496321252,0.2686662322364841,0.2023478595907212,2,0.5,valid
Uttar_Pradesh,Pratapgarh,2016,37,2017-04-04,2017-04-09,0.14684829558893958,0.25927959049322435,0.2769350663464338,0.21033097682913074,0,,insufficient_data
Uttar_Pradesh,Pratapgarh,2016,38,2017-04-09,2017-04-14,0.1784243624575027,0.2763559203717498,0.3249000592337008,0.2574051296358935,2,0.005,valid
Uttar_Pradesh,Pratapgarh,2016,39,2017-04-14,2017-04-19,0.1706650031449576,0.2807400299659359,0.3297787121695253,0.2585551331133066,2,1.07,valid
Uttar_Pradesh,Pratapgarh,2016,40,2017-04-19,2017-04-24,0.1849344477519176,0.28488106865324986,0.3356663637390593,0.26604986402163955,0,,insufficient_data
Uttar_Pradesh,Pratapgarh,2016,41,2017-04-24,2017-04-29,0.2057139776532926,0.2975472556220638,0.3523203198139518,0.2821893293157185,2,0.16,valid
Uttar_Pradesh,Pratapgarh,2016,42,2017-04-29,2017-05-04,0.1881894903991251,0.28914364279399984,0.34104951599173855,0.27037223121451254,0,,insufficient_data
Uttar_Pradesh,Pratapgarh,2017,0,2017-10-01,2017-10-06,0.0859899339714885,0.3301502533220201,0.1854639087613461,0.0997658261450294,1,19.0,valid
Uttar_Pradesh,Pratapgarh,2017,1,2017-10-06,2017-10-11,0.0713232624404778,0.3099241466746417,0.1964958502467038,0.1169359839522295,1,14.96,valid
Uttar_Pradesh,Pratapgarh,2017,2,2017-10-11,2017-10-16,0.0931142201894872,0.2980412894115782,0.2075357892309874,0.12870917667877974,0,,insufficient_data
Uttar_Pradesh,Pratapgarh,2017,3,2017-10-16,2017-10-21,0.1008643482383008,0.2812353645582295,0.2148742035759061,0.1364562519918265,1,0.0,valid
Uttar_Pradesh,Pratapgarh,2017,4,2017-10-21,2017-10-26,0.11424794353791368,0.281807894467616,0.23305735345465245,0.15742610645113145,0,,insufficient_data
Uttar_Pradesh,Pratapgarh,2017,5,2017-10-26,2017-10-31,0.1142793361076817,0.2708553930914215,0.2333091943399935,0.1616786446260335,2,2.08,valid
Uttar_Pradesh,Pratapgarh,2017,6,2017-10-31,2017-11-05,0.1705248273651944,0.2652166735461715,0.2875501656560064,0.2146335452344362,2,7.535,valid
Uttar_Pradesh,Pratapgarh,2017,7,2017-11-05,2017-11-10,0.13429537003023434,0.2552965562654387,0.25977622724503896,0.19305945390659204,0,,insufficient_data
Uttar_Pradesh,Pratapgarh,2017,8,2017-11-10,2017-11-15,0.126846704151556,0.2408431844329841,0.2540841024618364,0.1902183558865067,2,1.205,valid
Uttar_Pradesh,Pratapgarh,2017,9,2017-11-15,2017-11-20,0.13737781253279274,0.2437548895428517,0.2636520512414216,0.2034887146147404,0,,insufficient_data
Uttar_Pradesh,Pratapgarh,2017,10,2017-11-20,2017-11-25,0.1255306124965053,0.2442709739911775,0.2641614465223197,0.2057072698793917,1,0.66,valid
Uttar_Pradesh,Pratapgarh,2017,11,2017-11-25,2017-11-30,0.1266091061179153,0.2246887262010737,0.248812490325524,0.203395687458627,2,0.285,valid
Uttar_Pradesh,Pratapgarh,2017,12,2017-11-30,2017-12-05,0.12899052319915244,0.23563441055088136,0.2499641592018886,0.1970329088068636,0,,insufficient_data
Uttar_Pradesh,Pratapgarh,2017,13,2017-12-05,2017-12-10,0.1515338731824222,0.2359575296422512,0.2576346680832498,0.2067801392457015,1,20.0,valid
Uttar_Pradesh,Pratapgarh,2017,14,2017-12-10,2017-12-15,0.1122885009997669,0.2376204123690231,0.229248031876461,0.1722485386437342,2,0.63,valid
Uttar_Pradesh,Pratapgarh,2017,15,2017-12-15,2017-12-20,0.12001554486900338,0.24643778929587082,0.234666582663426,0.17784480155974283,0,,insufficient_data
Uttar_Pradesh,Pratapgarh,2017,16,2017-12-20,2017-12-25,0.096224260424821,0.2657354258763382,0.2171170480305672,0.1545057267897928,1,9.27,valid
Uttar_Pradesh,Pratapgarh,2017,17,2017-12-25,2017-12-30,0.10425638071229396,0.25167791912268067,0.22318253995351411,0.16337713271676352,0,,insufficient_data
Uttar_Pradesh,Pratapgarh,2017,18,2017-12-30,2018-01-04,0.096224260424821,0.2657354258763382,0.2171170480305672,0.1545057267897928,0,,insufficient_data
Uttar_Pradesh,Pratapgarh,2017,19,2018-01-04,2018-01-09,0.08675267301972131,0.283047160514188,0.1965897367953576,0.1297647530240269,0,,insufficient_data
Uttar_Pradesh,Pratapgarh,2017,20,2018-01-09,2018-01-14,0.0772810856146216,0.3003588951520378,0.176062425560148,0.105023779258261,0,,insufficient_data
Uttar_Pradesh,Pratapgarh,2017,21,2018-01-14,2018-01-19,0.07010177953593645,0.3019690945978602,0.17075106044526694,0.10384402691597114,0,,insufficient_data
Uttar_Pradesh,Pratapgarh,2017,22,2018-01-19,2018-01-24,0.0772810856146216,0.3003588951520378,0.176062425560148,0.105023779258261,2,10.395,valid
Uttar_Pradesh,Pratapgarh,2017,23,2018-01-24,2018-01-29,0.07010177953593645,0.3019690945978602,0.17075106044526694,0.10384402691597114,0,,insufficient_data
Uttar_Pradesh,Pratapgarh,2017,24,2018-01-29,2018-02-03,0.0629224734572513,0.3035792940436826,0.1654396953303859,0.1026642745736813,1,2.71,valid
Uttar_Pradesh,Pratapgarh,2017,25,2018-02-03,2018-02-08,0.06604288457545027,0.3119093780568106,0.16718428276572714,0.10132826292985993,0,,insufficient_data
Uttar_Pradesh,Pratapgarh,2017,26,2018-02-08,2018-02-13,0.06859463701039113,0.32045400631335785,0.1671437413741282,0.10191620273260917,0,,insufficient_data
Uttar_Pradesh,Pratapgarh,2017,27,2018-02-13,2018-02-18,0.0579250946544779,0.3317899449747115,0.1600507274066475,0.0962967349576375,2,0.01,valid
Uttar_Pradesh,Pratapgarh,2017,28,2018-02-18,2018-02-23,0.0713316521598968,0.32255810414274294,0.16892052298582394,0.10424667620488687,0,,insufficient_data
Uttar_Pradesh,Pratapgarh,2017,29,2018-02-23,2018-02-28,0.0849363429194442,0.3259927799216796,0.1759408013853512,0.1067875986665087,2,8.0,valid
Uttar_Pradesh,Pratapgarh,2017,30,2018-02-28,2018-03-05,0.0711335189057683,0.3098915875318379,0.1707700401654731,0.1096556949905144,2,0.59,valid
Uttar_Pradesh,Pratapgarh,2017,31,2018-03-05,2018-03-10,0.09098525036555463,0.2846749667265874,0.19382592502751844,0.13016612039127157,0,,insufficient_data
Uttar_Pradesh,Pratapgarh,2017,32,2018-03-10,2018-03-15,0.0875195432157297,0.2781284778857703,0.1923660918065254,0.128662620403857,2,0.215,valid
Uttar_Pradesh,Pratapgarh,2017,33,2018-03-15,2018-03-20,0.0989896693223998,0.2490328408876662,0.2074910122278603,0.1503963627543595,1,0.0,valid
Uttar_Pradesh,Pratapgarh,2017,34,2018-03-20,2018-03-25,0.1123471774644311,0.2603291474059829,0.2225616795523823,0.1553283251411183,1,0.0,valid
Uttar_Pradesh,Pratapgarh,2017,35,2018-03-25,2018-03-30,0.1389346874977765,0.2412962743787859,0.2489217693373642,0.1826519908343457,2,0.04,valid
Uttar_Pradesh,Pratapgarh,2017,36,2018-03-30,2018-04-04,0.1356868648783883,0.260665067754271,0.25918641637077056,0.19215257362422505,0,,insufficient_data
Uttar_Pradesh,Pratapgarh,2017,37,2018-04-04,2018-04-09,0.153452859303134,0.2631336508706139,0.2859902697727347,0.213755452395687,2,3.145,valid
Uttar_Pradesh,Pratapgarh,2017,38,2018-04-09,2018-04-14,0.1747099308042002,0.2895334252283061,0.3309673509635114,0.2586307369956148,1,7.9,valid
Uttar_Pradesh,Pratapgarh,2017,39,2018-04-14,2018-04-19,0.17691555124246394,0.2806685419045726,0.32606464531973567,0.25845417866547754,0,,insufficient_data
Uttar_Pradesh,Pratapgarh,2017,40,2018-04-19,2018-04-24,0.1749477539852534,0.2755862699925973,0.320453851591008,0.2612089463937878,2,7.185,valid
Uttar_Pradesh,Pratapgarh,2017,41,2018-04-24,2018-04-29,0.1883380458297523,0.2733168052113289,0.3369789055916329,0.2747561571167253,1,4.0,valid
Uttar_Pradesh,Pratapgarh,2017,42,2018-04-29,2018-05-04,0.1931291662899798,0.3017725582200168,0.3559328486797917,0.2839196004255727,1,0.72,valid
Uttar_Pradesh,Pratapgarh,2018,0,2018-10-01,2018-10-06,0.0764155609127829,0.2925540502863081,0.194236931471926,0.11657063102089,1,0.0,valid
Uttar_Pradesh,Pratapgarh,2018,1,2018-10-06,2018-10-11,0.1081181877581364,0.3200333029282998,0.2595656793738645,0.1777349688584171,1,0.14,valid
Uttar_Pradesh,Pratapgarh,2018,2,2018-10-11,2018-10-16,0.0808378452694066,0.3065523448048665,0.207186378492482,0.1281485995347359,2,26.015,valid
Uttar_Pradesh,Pratapgarh,2018,3,2018-10-16,2018-10-21,0.09906565613416315,0.2912429877549012,0.2275229519021002,0.15030529067344883,0,,insufficient_data
Uttar_Pradesh,Pratapgarh,2018,4,2018-10-21,2018-10-26,0.1211512739882803,0.277600367366256,0.2346963585005827,0.1578607005134064,2,3.175,valid
Uttar_Pradesh,Pratapgarh,2018,5,2018-10-26,2018-10-31,0.1088054127422095,0.2594748733887757,0.2419294116716459,0.1712115534397948,2,0.105,valid
Uttar_Pradesh,Pratapgarh,2018,6,2018-10-31,2018-11-05,0.1336935248247605,0.26668790657259495,0.25597696402899456,0.18583242084142584,0,,insufficient_data
Uttar_Pradesh,Pratapgarh,2018,7,2018-11-05,2018-11-10,0.1711238877437917,0.2629884789627532,0.291305121914755,0.2284250085710764,2,15.735,valid
Uttar_Pradesh,Pratapgarh,2018,8,2018-11-10,2018-11-15,0.13931552320179635,0.25010415071810893,0.26358417436995984,0.2000154634578631,0,,insufficient_data
Uttar_Pradesh,Pratapgarh,2018,9,2018-11-15,2018-11-20,0.14505178192080345,0.2376360050327134,0.2623757972030451,0.20674019041192804,0,,insufficient_data
Uttar_Pradesh,Pratapgarh,2018,10,2018-11-20,2018-11-25,0.1380172691193879,0.2278490998027979,0.2575179895234787,0.2004098283627181,2,0.01,valid
Uttar_Pradesh,Pratapgarh,2018,11,2018-11-25,2018-11-30,0.13346513957225892,0.22458526928078046,0.24759126945938145,0.19717562989763615,0,,insufficient_data
Uttar_Pradesh,Pratapgarh,2018,12,2018-11-30,2018-12-05,0.1260141888992308,0.222070436332589,0.2383042801709017,0.1913857343019896,2,1.75,valid
Uttar_Pradesh,Pratapgarh,2018,13,2018-12-05,2018-12-10,0.136363960698158,0.2238362717069544,0.2469515386837639,0.1997313270282008,2,0.01,valid
Uttar_Pradesh,Pratapgarh,2018,14,2018-12-10,2018-12-15,0.12377582280915625,0.23197378336179247,0.23373280086352413,0.18363631739864816,0,,insufficient_data
Uttar_Pradesh,Pratapgarh,2018,15,2018-12-15,2018-12-20,0.1124445299718246,0.2330634720954122,0.2290317674049406,0.1820602174298925,1,0.45,valid
Uttar_Pradesh,Pratapgarh,2018,16,2018-12-20,2018-12-25,0.1202806116674116,0.2489249533122143,0.2206436171944903,0.1613679908345097,1,2.0,valid
Uttar_Pradesh,Pratapgarh,2018,17,2018-12-25,2018-12-30,0.11031915273934126,0.2537112188937166,0.2075797772981267,0.14881910913087792,0,,insufficient_data
Uttar_Pradesh,Pratapgarh,2018,18,2018-12-30,2019-01-04,0.0951824637969679,0.2503810840703338,0.188127619818541,0.1314793620642391,2,1.57,valid
Uttar_Pradesh,Pratapgarh,2018,19,2019-01-04,2019-01-09,0.0999467301104529,0.2691889223527055,0.19349224287398353,0.13037593813584208,0,,insufficient_data
Uttar_Pradesh,Pratapgarh,2018,20,2019-01-09,2019-01-14,0.1133690055211609,0.2824753660969061,0.192516104774535,0.1203688661948703,1,0.0,valid
Uttar_Pradesh,Pratapgarh,2018,21,2019-01-14,2019-01-19,0.0709548394562712,0.2949742859313677,0.1726816297083677,0.1082875334497492,2,1.715,valid
Uttar_Pradesh,Pratapgarh,2018,22,2019-01-19,2019-01-24,0.0849620954137437,0.3185956908427982,0.1752507161815926,0.10515684430783492,0,,insufficient_data
Uttar_Pradesh,Pratapgarh,2018,23,2019-01-24,2019-01-29,0.08078875973300885,0.3240463375225921,0.17421627164933645,0.1033247434776483,0,,insufficient_data
Uttar_Pradesh,Pratapgarh,2018,24,2019-01-29,2019-02-03,0.0614156224890359,0.3275503028116349,0.1609162597864201,0.0962339330404899,1,0.01,valid
Uttar_Pradesh,Pratapgarh,2018,25,2019-02-03,2019-02-08,0.0941089141885068,0.3693828085312842,0.1748888704570476,0.0957370445462303,1,0.0,valid
Uttar_Pradesh,Pratapgarh,2018,26,2019-02-08,2019-02-13,0.0640954170100695,0.3458489242417678,0.1700784935203118,0.0959963401569019,1,0.0,valid
Uttar_Pradesh,Pratapgarh,2018,27,2019-02-13,2019-02-18,0.07007664961246199,0.34343977431090633,0.16798228536453802,0.09756549894384195,0,,insufficient_data
Uttar_Pradesh,Pratapgarh,2018,28,2019-02-18,2019-02-23,0.0573861616694146,0.3347036378888715,0.1571000338887007,0.0931046203131108,2,11.44,valid
Uttar_Pradesh,Pratapgarh,2018,29,2019-02-23,2019-02-28,0.0733771327052831,0.3397131980809733,0.17692776917021,0.1067555566624769,1,8.0,valid
Uttar_Pradesh,Pratapgarh,2018,30,2019-02-28,2019-03-05,0.06434045704096462,0.32981445915923596,0.1670117419292897,0.10229983936023357,0,,insufficient_data
Uttar_Pradesh,Pratapgarh,2018,31,2019-03-05,2019-03-10,0.0622580767481962,0.315026541507863,0.1670074227289584,0.107039341105113,2,0.015,valid
Uttar_Pradesh,Pratapgarh,2018,32,2019-03-10,2019-03-15,0.07512779319448569,0.3040059748448852,0.18007273689079803,0.11704379150402726,0,,insufficient_data
Uttar_Pradesh,Pratapgarh,2018,33,2019-03-15,2019-03-20,0.09011363701094259,0.26527861608653014,0.19547473502705567,0.13562995830901436,0,,insufficient_data
Uttar_Pradesh,Pratapgarh,2018,34,2019-03-20,2019-03-25,0.0897481701299778,0.2572781849458191,0.1962830187732256,0.1373364767444919,2,0.02,valid
Uttar_Pradesh,Pratapgarh,2018,35,2019-03-25,2019-03-30,0.1242222014554859,0.24594926889803248,0.23626906352567242,0.16898303990650487,0,,insufficient_data
Uttar_Pradesh,Pratapgarh,2018,36,2019-03-30,2019-04-04,0.1183346641546538,0.2235311218059083,0.223133763578983,0.1625140570774382,2,0.015,valid
Uttar_Pradesh,Pratapgarh,2018,37,2019-04-04,2019-04-09,0.1645837700818261,0.25703849994237,0.2893904082248086,0.2070985858975845,1,7.0,valid
Uttar_Pradesh,Pratapgarh,2018,38,2019-04-09,2019-04-14,0.15886932331934794,0.2557934039676013,0.2963830523587772,0.22606232148702515,0,,insufficient_data
Uttar_Pradesh,Pratapgarh,2018,39,2019-04-14,2019-04-19,0.1696464750721642,0.2636058287927972,0.3117372999416553,0.2416220150771153,1,0.0,valid
Uttar_Pradesh,Pratapgarh,2018,40,2019-04-19,2019-04-24,0.1574583547823279,0.2631493948559618,0.3127306350915673,0.2483319726230322,1,0.27,valid
Uttar_Pradesh,Pratapgarh,2018,41,2019-04-24,2019-04-29,0.1843233525057678,0.2716421744409693,0.3449231549568718,0.2707449767599555,1,1.0,valid
Uttar_Pradesh,Pratapgarh,2018,42,2019-04-29,2019-05-04,0.1704760607867533,0.2661324660299094,0.3231303633300315,0.253566321486701,0,,insufficient_data
Uttar_Pradesh,Pratapgarh,2019,0,2019-10-01,2019-10-06,0.056697892113475604,0.28446905092263725,0.16173740876688103,0.08949784573717309,0,,insufficient_data
Uttar_Pradesh,Pratapgarh,2019,1,2019-10-06,2019-10-11,0.0535981993344082,0.2864504000034062,0.154896641677261,0.0800218788448852,1,0.0,valid
Uttar_Pradesh,Pratapgarh,2019,2,2019-10-11,2019-10-16,0.06537501853715587,0.28180631215562524,0.17194023808332673,0.0999787669424304,0,,insufficient_data
Uttar_Pradesh,Pratapgarh,2019,3,2019-10-16,2019-10-21,0.059797584892543,0.2824877018418683,0.1685781758565011,0.098973812629461,2,1.19,valid
Uttar_Pradesh,Pratapgarh,2019,4,2019-10-21,2019-10-26,0.0827292713845164,0.2764808346216012,0.1923458967162182,0.120940609352945,1,5.0,valid
Uttar_Pradesh,Pratapgarh,2019,5,2019-10-26,2019-10-31,0.09773633449446548,0.2688484003989605,0.2241908182398543,0.1536264234074614,0,,insufficient_data
Uttar_Pradesh,Pratapgarh,2019,6,2019-10-31,2019-11-05,0.0919335465333051,0.2607245164123109,0.2123137068059078,0.1444158938244603,2,19.495,valid
Uttar_Pradesh,Pratapgarh,2019,7,2019-11-05,2019-11-10,0.1211000428374673,0.2462665276784112,0.2560297794524326,0.1789460472879413,1,10.0,valid
Uttar_Pradesh,Pratapgarh,2019,8,2019-11-10,2019-11-15,0.1331212268244956,0.2782824214406107,0.2916865323682118,0.2248557539424994,1,0.15,valid
Uttar_Pradesh,Pratapgarh,2019,9,2019-11-15,2019-11-20,0.1114354493990822,0.231644468989101,0.2486767225876209,0.1843343169604035,2,0.09,valid
Uttar_Pradesh,Pratapgarh,2019,10,2019-11-20,2019-11-25,0.12009186568245078,0.24519171546792012,0.25733494884719127,0.1930372351461491,0,,insufficient_data
Uttar_Pradesh,Pratapgarh,2019,11,2019-11-25,2019-11-30,0.12627782107710922,0.2447351481335987,0.25376043830486994,0.19474363914174986,1,1.16,missing_bands
Uttar_Pradesh,Pratapgarh,2019,12,2019-11-30,2019-12-05,0.114710743668758,0.2245734437635576,0.2329467609804998,0.1840128223937522,2,0.07,valid
Uttar_Pradesh,Pratapgarh,2019,13,2019-12-05,2019-12-10,0.13027730404242954,0.23450685105234154,0.2373392491318235,0.18489224283204825,0,,insufficient_data
Uttar_Pradesh,Pratapgarh,2019,14,2019-12-10,2019-12-15,0.1458438644161011,0.2444402583411255,0.2417317372831472,0.1857716632703443,1,3.0,valid
Uttar_Pradesh,Pratapgarh,2019,15,2019-12-15,2019-12-20,0.13027730404242954,0.23450685105234154,0.2373392491318235,0.18489224283204825,0,,insufficient_data
Uttar_Pradesh,Pratapgarh,2019,16,2019-12-20,2019-12-25,0.1458438644161011,0.2444402583411255,0.2417317372831472,0.1857716632703443,0,,insufficient_data
Uttar_Pradesh,Pratapgarh,2019,17,2019-12-25,2019-12-30,0.1458438644161011,0.2444402583411255,0.2417317372831472,0.1857716632703443,0,,insufficient_data
Uttar_Pradesh,Pratapgarh,2019,18,2019-12-30,2020-01-04,,,,,0,,insufficient_data
Uttar_Pradesh,Pratapgarh,2019,19,2020-01-04,2020-01-09,,,,,0,,insufficient_data
Uttar_Pradesh,Pratapgarh,2019,20,2020-01-09,2020-01-14,,,,,0,,insufficient_data
Uttar_Pradesh,Pratapgarh,2019,21,2020-01-14,2020-01-19,,,,,0,,insufficient_data
Uttar_Pradesh,Pratapgarh,2019,22,2020-01-19,2020-01-24,0.0585738449138882,0.3234997157808572,0.1615077498094369,0.0944703367917561,0,,insufficient_data
Uttar_Pradesh,Pratapgarh,2019,23,2020-01-24,2020-01-29,0.0585738449138882,0.3234997157808572,0.1615077498094369,0.0944703367917561,0,,insufficient_data
Uttar_Pradesh,Pratapgarh,2019,24,2020-01-29,2020-02-03,0.061201291176849804,0.327736894810427,0.16437186663100684,0.0934868139475642,1,5.88,missing_bands
Uttar_Pradesh,Pratapgarh,2019,25,2020-02-03,2020-02-08,0.0585738449138882,0.3234997157808572,0.1615077498094369,0.0944703367917561,2,0.005,valid
Uttar_Pradesh,Pratapgarh,2019,26,2020-02-08,2020-02-13,0.061201291176849804,0.327736894810427,0.16437186663100684,0.0934868139475642,0,,insufficient_data
Uttar_Pradesh,Pratapgarh,2019,27,2020-02-13,2020-02-18,0.0638287374398114,0.3319740738399968,0.1672359834525768,0.0925032911033723,2,5.16,valid
Uttar_Pradesh,Pratapgarh,2019,28,2020-02-18,2020-02-23,0.06057622392816837,0.3258628967438139,0.16379703751064803,0.09476805761750999,0,,insufficient_data
Uttar_Pradesh,Pratapgarh,2019,29,2020-02-23,2020-02-28,0.06050657025762981,0.33386272040166903,0.16864369571366056,0.09719622970076386,0,,insufficient_data
Uttar_Pradesh,Pratapgarh,2019,30,2020-02-28,2020-03-04,0.06381610948031255,0.32454013903842527,0.17514471422116124,0.10423931557361604,0,,insufficient_data
Uttar_Pradesh,Pratapgarh,2019,31,2020-03-04,2020-03-09,0.0593260894308055,0.3221149006105876,0.1626473792699304,0.0973305449574016,1,17.53,valid
Uttar_Pradesh,Pratapgarh,2019,32,2020-03-09,2020-03-14,0.0583648839022725,0.3474991867544227,0.1760477244184745,0.1017548530415177,1,0.0,valid
Uttar_Pradesh,Pratapgarh,2019,33,2020-03-14,2020-03-19,0.0737447271483608,0.296572394948694,0.1946477697436633,0.1253685731921726,1,5.18,valid
Uttar_Pradesh,Pratapgarh,2019,34,2020-03-19,2020-03-24,0.07963252035081389,0.2883023848898526,0.19490394530120742,0.12606575953488652,0,,insufficient_data
Uttar_Pradesh,Pratapgarh,2019,35,2020-03-24,2020-03-29,0.0858779165247356,0.2457512913855953,0.2011644921210276,0.1372024324236568,2,0.09,valid
Uttar_Pradesh,Pratapgarh,2019,36,2020-03-29,2020-04-03,0.120848984747895,0.2295741507499636,0.2400123609529413,0.1686723940596839,2,0.0,valid
Uttar_Pradesh,Pratapgarh,2019,37,2020-04-03,2020-04-08,0.1318801009287989,0.25215534302956377,0.2652829012228065,0.193959875407242,0,,insufficient_data
Uttar_Pradesh,Pratapgarh,2019,38,2020-04-08,2020-04-13,0.1480618865590002,0.2688665816850673,0.2977498171994674,0.2234151848949724,2,1.69,valid
Uttar_Pradesh,Pratapgarh,2019,39,2020-04-13,2020-04-18,0.1727316158835648,0.2644293482976289,0.3222049346177899,0.2465494902506549,1,5.0,valid
Uttar_Pradesh,Pratapgarh,2019,40,2020-04-18,2020-04-23,0.1640592985101369,0.27526404031198504,0.3197337921285905,0.24410403873945527,0,,insufficient_data
Uttar_Pradesh,Pratapgarh,2019,41,2020-04-23,2020-04-28,0.1713843930878457,0.2924961909532589,0.3392466245685141,0.2623474410727385,2,25.075,valid
Uttar_Pradesh,Pratapgarh,2019,42,2020-04-28,2020-05-03,0.17205800448570524,0.2784627696254439,0.33072577959315197,0.2544484656616967,0,,insufficient_data
Uttar_Pradesh,Pratapgarh,2020,0,2020-10-01,2020-10-06,0.0565545479419115,0.2997158015912379,0.1663460882638267,0.0924637099660492,2,15.015,valid
Uttar_Pradesh,Pratapgarh,2020,1,2020-10-06,2020-10-11,0.0714526432247082,0.2892288331828673,0.1851247655075997,0.1103661575518855,1,0.0,valid
Uttar_Pradesh,Pratapgarh,2020,2,2020-10-11,2020-10-16,0.089191743612145,0.3015888178485263,0.2258561973923336,0.1506936000206595,1,12.68,valid
Uttar_Pradesh,Pratapgarh,2020,3,2020-10-16,2020-10-21,0.0874159475658411,0.2656846342170274,0.2096725450699055,0.1366786301289882,2,2.06,valid
Uttar_Pradesh,Pratapgarh,2020,4,2020-10-21,2020-10-26,0.10209877229530488,0.2737236247444487,0.2345270521125932,0.16123828392456468,0,,insufficient_data
Uttar_Pradesh,Pratapgarh,2020,5,2020-10-26,2020-10-31,0.1228151879895768,0.2586242431207473,0.2593914687055986,0.1823936100004501,2,0.555,valid
Uttar_Pradesh,Pratapgarh,2020,6,2020-10-31,2020-11-05,0.1396183390842533,0.2534915953530753,0.2925902838875285,0.2260594219208402,1,1.0,valid
Uttar_Pradesh,Pratapgarh,2020,7,2020-11-05,2020-11-10,0.13251662030365238,0.23740597307119526,0.25874513504753593,0.19033464861943364,0,,insufficient_data
Uttar_Pradesh,Pratapgarh,2020,8,2020-11-10,2020-11-15,0.1310934059382727,0.2264085273588504,0.2581500608397271,0.1904969427293998,1,0.0,valid
Uttar_Pradesh,Pratapgarh,2020,9,2020-11-15,2020-11-20,0.1126183010704265,0.2246719738673253,0.2442251643466535,0.175838509879125,1,21.27,valid
Uttar_Pradesh,Pratapgarh,2020,10,2020-11-20,2020-11-25,0.1564378674357326,0.223833525655978,0.239368697458172,0.1768847585673531,1,11.0,valid
Uttar_Pradesh,Pratapgarh,2020,11,2020-11-25,2020-11-30,0.1361747915600487,0.2419674625194009,0.2703098228533078,0.2239468388355217,1,0.1,valid
Uttar_Pradesh,Pratapgarh,2020,12,2020-11-30,2020-12-05,0.13434603187252295,0.23459929436402965,0.24521897862498138,0.1869069532618555,0,,insufficient_data
Uttar_Pradesh,Pratapgarh,2020,13,2020-12-05,2020-12-10,0.1225175992286081,0.2234160833300713,0.2331872627102367,0.1854993293881317,2,0.125,valid
Uttar_Pradesh,Pratapgarh,2020,14,2020-12-10,2020-12-15,0.1439816000677988,0.2591074264473727,0.239003945756537,0.172365329639146,2,11.43,valid
Uttar_Pradesh,Pratapgarh,2020,15,2020-12-15,2020-12-20,0.12448563236409096,0.24996212535257795,0.2116068161914597,0.15029366745369438,0,,insufficient_data
Uttar_Pradesh,Pratapgarh,2020,16,2020-12-20,2020-12-25,0.1293561917048857,0.2543980154973185,0.22601852536952,0.1639840380911052,1,17.0,valid
Uttar_Pradesh,Pratapgarh,2020,17,2020-12-25,2020-12-30,0.1535008299476784,0.2438042408427881,0.1781975547602766,0.1131490918185941,1,0.0,valid
Uttar_Pradesh,Pratapgarh,2020,18,2020-12-30,2021-01-04,0.0730719408714837,0.269084860645339,0.1816267923607282,0.1164705483314948,1,0.0,valid
Uttar_Pradesh,Pratapgarh,2020,19,2021-01-04,2021-01-09,0.0738889835201241,0.2709303686956283,0.1775180113283222,0.1088512149759957,2,3.605,valid
Uttar_Pradesh,Pratapgarh,2020,20,2021-01-09,2021-01-14,0.10015391811309542,0.26127315672791845,0.17911411948310899,0.11282361837536153,0,,insufficient_data
Uttar_Pradesh,Pratapgarh,2020,21,2021-01-14,2021-01-19,0.0734804621958039,0.2700076146704836,0.17957240184452522,0.11266088165374524,0,,insufficient_data
Uttar_Pradesh,Pratapgarh,2020,22,2021-01-19,2021-01-24,0.06544277421027815,0.28325246676585913,0.16639187270321865,0.10152935612463715,0,,insufficient_data
Uttar_Pradesh,Pratapgarh,2020,23,2021-01-24,2021-01-29,0.054357764059352304,0.32342217218812686,0.15779556542774947,0.08960032135512039,0,,insufficient_data
Uttar_Pradesh,Pratapgarh,2020,24,2021-01-29,2021-02-03,0.0598178653153801,0.31723807634108464,0.15709176292170032,0.08943745460195417,0,,insufficient_data
Uttar_Pradesh,Pratapgarh,2020,25,2021-02-03,2021-02-08,0.0569965649004322,0.2955745648360899,0.1552657340781151,0.0942074972732786,1,0.01,valid
Uttar_Pradesh,Pratapgarh,2020,26,2021-02-08,2021-02-13,0.0517189632182724,0.3512697795401638,0.1603253967773839,0.0849931454369622,1,0.0,valid
Uttar_Pradesh,Pratapgarh,2020,27,2021-02-13,2021-02-18,0.0707380678274357,0.3048698846470001,0.155684157909602,0.0891117210956217,2,5.255,valid
Uttar_Pradesh,Pratapgarh,2020,28,2021-02-18,2021-02-23,0.06196476392832477,0.3098408053460209,0.15967197323811164,0.09408631191639757,0,,insufficient_data
Uttar_Pradesh,Pratapgarh,2020,29,2021-02-23,2021-02-28,0.0615351836722235,0.2988036288105432,0.1600824461598252,0.0995534432859695,2,2.085,valid
Uttar_Pradesh,Pratapgarh,2020,30,2021-02-28,2021-03-05,0.0688350400232601,0.2986861688963074,0.167002131265632,0.1025657524901559,2,0.085,valid
Uttar_Pradesh,Pratapgarh,2020,31,2021-03-05,2021-03-10,0.07108128141070126,0.2884176850205728,0.16947146551043413,0.10760863769867961,0,,insufficient_data
Uttar_Pradesh,Pratapgarh,2020,32,2021-03-10,2021-03-15,0.0828736205366202,0.2677632573548679,0.1813298191058452,0.1207067173199134,2,12.705,valid
Uttar_Pradesh,Pratapgarh,2020,33,2021-03-15,2021-03-20,0.09234422763278756,0.2710745902912084,0.1972998482842189,0.13387376462577452,0,,insufficient_data
Uttar_Pradesh,Pratapgarh,2020,34,2021-03-20,2021-03-25,0.12011285278382329,0.2536507218643076,0.23501824933065243,0.16942504401362476,0,,insufficient_data
Uttar_Pradesh,Pratapgarh,2020,35,2021-03-25,2021-03-30,0.1253240223384824,0.24677434462245,0.2435675944811795,0.1783488240672543,2,0.005,valid
Uttar_Pradesh,Pratapgarh,2020,36,2021-03-30,2021-04-04,0.1508267004589434,0.2597772781132744,0.28426891743567617,0.2164247743049856,0,,insufficient_data
Uttar_Pradesh,Pratapgarh,2020,37,2021-04-04,2021-04-09,0.1521409154763673,0.2464145636156049,0.2801573344049326,0.2092195906537065,2,0.125,valid
Uttar_Pradesh,Pratapgarh,2020,38,2021-04-09,2021-04-14,0.1750151635619804,0.2861429261017683,0.3290818234209164,0.261705908193996,2,0.0,valid
Uttar_Pradesh,Pratapgarh,2020,39,2021-04-14,2021-04-19,0.1809629091893195,0.2823547374851611,0.3281209716406322,0.25810319526004605,0,,insufficient_data
Uttar_Pradesh,Pratapgarh,2020,40,2021-04-19,2021-04-24,0.1906018348668492,0.2871019021885442,0.3371507060557439,0.2676616040649269,1,0.0,valid
Uttar_Pradesh,Pratapgarh,2020,41,2021-04-24,2021-04-29,0.1858954905246014,0.2971464837635427,0.343731784252293,0.2762425030515255,1,0.0,valid
Uttar_Pradesh,Pratapgarh,2020,42,2021-04-29,2021-05-04,0.2011611415167992,0.2949678117563454,0.3504832100692752,0.2756863703360754,1,1.0,valid
Uttar_Pradesh,Pratapgarh,2021,0,2021-10-01,2021-10-06,0.0773739566001901,0.2822273185435199,0.2021153697038024,0.1272056346859302,0,,insufficient_data
Uttar_Pradesh,Pratapgarh,2021,1,2021-10-06,2021-10-11,0.07372445355493809,0.2780824243076073,0.1905166349504284,0.11716521923400555,0,,insufficient_data
Uttar_Pradesh,Pratapgarh,2021,2,2021-10-11,2021-10-16,0.0773739566001901,0.2822273185435199,0.2021153697038024,0.1272056346859302,1,0.02,valid
Uttar_Pradesh,Pratapgarh,2021,3,2021-10-16,2021-10-21,0.0870636646147297,0.2754556480151218,0.21054479024077954,0.1389498444291065,0,,insufficient_data
Uttar_Pradesh,Pratapgarh,2021,4,2021-10-21,2021-10-26,0.0700749505096861,0.2739375300716948,0.1789179001970544,0.1071248037820809,1,2.9,valid
Uttar_Pradesh,Pratapgarh,2021,5,2021-10-26,2021-10-31,0.1137420867343129,0.2702020954301507,0.2506011008214818,0.1825190948193084,1,0.62,valid
Uttar_Pradesh,Pratapgarh,2021,6,2021-10-31,2021-11-05,0.10772603611391329,0.25836171158241766,0.21736743159693625,0.1496514765193753,0,,insufficient_data
Uttar_Pradesh,Pratapgarh,2021,7,2021-11-05,2021-11-10,0.1225305509942305,0.2538246742902229,0.2569082625992907,0.1911443027106615,1,4.29,valid
Uttar_Pradesh,Pratapgarh,2021,8,2021-11-10,2021-11-15,0.11788507691238251,0.2453962926911541,0.23238998897742807,0.167611538365952,0,,insufficient_data
Uttar_Pradesh,Pratapgarh,2021,9,2021-11-15,2021-11-20,0.1245565562174237,0.2354825465376023,0.1830424627699181,0.1178177047654504,1,0.66,valid
Uttar_Pradesh,Pratapgarh,2021,10,2021-11-20,2021-11-25,0.1107111137035629,0.2220758545066406,0.2390081297190217,0.1789650511683877,1,0.33,valid
Uttar_Pradesh,Pratapgarh,2021,11,2021-11-25,2021-11-30,0.11439262670765497,0.22774860216882328,0.21633825071764715,0.15790271299625092,0,,insufficient_data
Uttar_Pradesh,Pratapgarh,2021,12,2021-11-30,2021-12-05,0.1114554289004691,0.22942792907030252,0.21573062144809937,0.15847430818333863,1,15.27,missing_bands
Uttar_Pradesh,Pratapgarh,2021,13,2021-12-05,2021-12-10,0.1079102102019783,0.2256874054622269,0.2269641596640017,0.1769253830549146,2,6.085,valid
Uttar_Pradesh,Pratapgarh,2021,14,2021-12-10,2021-12-15,0.09782214539282845,0.24239473129145944,0.2099501459062399,0.1533531046280998,0,,insufficient_data
Uttar_Pradesh,Pratapgarh,2021,15,2021-12-15,2021-12-20,0.1026438354789115,0.2344659097747403,0.213907733639456,0.1601890937446018,2,8.42,valid
Uttar_Pradesh,Pratapgarh,2021,16,2021-12-20,2021-12-25,0.0993172117316824,0.2435450351697979,0.2028072122355635,0.1451276605433911,1,17.64,valid
Uttar_Pradesh,Pratapgarh,2021,17,2021-12-25,2021-12-30,0.0814173241587416,0.2658805747590726,0.1961214780859384,0.1311702811694917,1,0.0,valid
Uttar_Pradesh,Pratapgarh,2021,18,2021-12-30,2022-01-04,0.09445945712311182,0.24796383990120363,0.20427880798698597,0.1454956784858282,0,,insufficient_data
Uttar_Pradesh,Pratapgarh,2021,19,2022-01-04,2022-01-09,0.090367267945212,0.25471280496443527,0.19946434516075096,0.1381489708564414,0,,insufficient_data
Uttar_Pradesh,Pratapgarh,2021,20,2022-01-09,2022-01-14,0.07297537149539675,0.2761048595161859,0.17824551183942322,0.11255178287625794,0,,insufficient_data
Uttar_Pradesh,Pratapgarh,2021,21,2022-01-14,2022-01-19,0.0645334188320519,0.2863291442732992,0.160369545592908,0.0939332845830242,0,,insufficient_data
Uttar_Pradesh,Pratapgarh,2021,22,2022-01-19,2022-01-24,0.0645334188320519,0.2863291442732992,0.160369545592908,0.0939332845830242,0,,insufficient_data
Uttar_Pradesh,Pratapgarh,2021,23,2022-01-24,2022-01-29,0.0645334188320519,0.2863291442732992,0.160369545592908,0.0939332845830242,2,1.96,valid
Uttar_Pradesh,Pratapgarh,2021,24,2022-01-29,2022-02-03,0.0616820684592289,0.301450431373184,0.16250777340334985,0.0953331482849056,0,,insufficient_data
Uttar_Pradesh,Pratapgarh,2021,25,2022-02-03,2022-02-08,0.06160203919707089,0.3059607841195999,0.1639699593224322,0.097228915694491,0,,insufficient_data
Uttar_Pradesh,Pratapgarh,2021,26,2022-02-08,2022-02-13,0.0588307180864059,0.3165717184730688,0.1646460012137917,0.096733011986787,2,1.83,valid
Uttar_Pradesh,Pratapgarh,2021,27,2022-02-13,2022-02-18,0.06171962150835627,0.31415791384645636,0.1660676367055463,0.10013817656127677,0,,insufficient_data
Uttar_Pradesh,Pratapgarh,2021,28,2022-02-18,2022-02-23,0.0614419806727549,0.3149814896124317,0.1668943311605969,0.1010204505136618,2,0.13,valid
Uttar_Pradesh,Pratapgarh,2021,29,2022-02-23,2022-02-28,0.064886165765908,0.3109205334538685,0.1666625777422503,0.1026610671833815,2,5.485,valid
Uttar_Pradesh,Pratapgarh,2021,30,2022-02-28,2022-03-05,0.06893126899706654,0.303252935937345,0.17421208866325877,0.10951788811376029,0,,insufficient_data
Uttar_Pradesh,Pratapgarh,2021,31,2022-03-05,2022-03-10,0.0663501667743512,0.3049775177934376,0.1737780032701151,0.1100376151399173,1,0.05,valid
Uttar_Pradesh,Pratapgarh,2021,32,2022-03-10,2022-03-15,0.0830467627752521,0.2821322028896422,0.1895134424800729,0.1243524196180805,1,0.09,valid
Uttar_Pradesh,Pratapgarh,2021,33,2022-03-15,2022-03-20,0.09175059344941487,0.26742258646670164,0.20615973323528197,0.14239955565592038,0,,insufficient_data
Uttar_Pradesh,Pratapgarh,2021,34,2022-03-20,2022-03-25,0.0943833801847335,0.2413189239986764,0.2140415856167838,0.1526808350005587,2,0.0,valid
Uttar_Pradesh,Pratapgarh,2021,35,2022-03-25,2022-03-30,0.11204481217860632,0.2576831645573999,0.2376520827921761,0.17205659509731314,0,,insufficient_data
Uttar_Pradesh,Pratapgarh,2021,36,2022-03-30,2022-04-04,0.1232220640633227,0.2412617011850505,0.2473059015741561,0.182527352865125,2,0.04,valid
Uttar_Pradesh,Pratapgarh,2021,37,2022-04-04,2022-04-09,0.147527041691117,0.2660198301562306,0.2997474014976916,0.2286657729054884,2,0.205,valid
Uttar_Pradesh,Pratapgarh,2021,38,2022-04-09,2022-04-14,0.16449845335870744,0.28476988594769737,0.3164133241015536,0.2434862264699628,0,,insufficient_data
Uttar_Pradesh,Pratapgarh,2021,39,2022-04-14,2022-04-19,0.1717673800985075,0.2877028552682356,0.3234700274214455,0.2482072136176037,2,3.3600000000000003,valid
Uttar_Pradesh,Pratapgarh,2021,40,2022-04-19,2022-04-24,0.1819022121874353,0.3031144463659081,0.3419364856559572,0.2657759649764563,1,0.0,valid
Uttar_Pradesh,Pratapgarh,2021,41,2022-04-24,2022-04-29,0.1980735687531548,0.3257505967630619,0.3696068043585176,0.2922548279851406,1,0.04,valid
Uttar_Pradesh,Pratapgarh,2021,42,2022-04-29,2022-05-04,0.18391438701303253,0.30552263279906855,0.3450044391453068,0.2687460021930668,0,,insufficient_data
Uttar_Pradesh,Pratapgarh,2022,0,2022-10-01,2022-10-06,0.0583420587260981,0.3104393004619015,0.16801786788223,0.0920507221102011,0,,insufficient_data
Uttar_Pradesh,Pratapgarh,2022,1,2022-10-06,2022-10-11,0.0643846985363273,0.29587586328428633,0.17539069951170586,0.1029771369585845,0,,insufficient_data
Uttar_Pradesh,Pratapgarh,2022,2,2022-10-11,2022-10-16,0.0643846985363273,0.29587586328428633,0.17539069951170586,0.1029771369585845,0,,insufficient_data
Uttar_Pradesh,Pratapgarh,2022,3,2022-10-16,2022-10-21,0.0583420587260981,0.3104393004619015,0.16801786788223,0.0920507221102011,2,22.74,valid
Uttar_Pradesh,Pratapgarh,2022,4,2022-10-21,2022-10-26,0.0704273383465565,0.2813124261066712,0.1827635311411817,0.1139035518069679,2,0.06,valid
Uttar_Pradesh,Pratapgarh,2022,5,2022-10-26,2022-10-31,0.09332008048988737,0.27629665403228526,0.21827878117990326,0.14771445169826233,0,,insufficient_data
Uttar_Pradesh,Pratapgarh,2022,6,2022-10-31,2022-11-05,0.0959124326077291,0.2703832312894482,0.2145691098869099,0.1453536851085324,2,0.97,valid
Uttar_Pradesh,Pratapgarh,2022,7,2022-11-05,2022-11-10,0.1214084556160411,0.2582221193972562,0.2600300259534293,0.1907262808094171,1,24.17,valid
Uttar_Pradesh,Pratapgarh,2022,8,2022-11-10,2022-11-15,0.120510117153012,0.2611261929061492,0.2660133710357656,0.1965380186561933,1,0.68,valid
Uttar_Pradesh,Pratapgarh,2022,9,2022-11-15,2022-11-20,0.1148532524035939,0.2395005716257581,0.2544152720525109,0.1914524920288793,2,2.1950000000000003,valid
Uttar_Pradesh,Pratapgarh,2022,10,2022-11-20,2022-11-25,0.11819242335605999,0.24199138173289594,0.2504791930195891,0.18908444777571728,0,,insufficient_data
Uttar_Pradesh,Pratapgarh,2022,11,2022-11-25,2022-11-30,0.1175729168818903,0.2259168891440766,0.2409871017307141,0.1865909455023569,2,0.38,valid
Uttar_Pradesh,Pratapgarh,2022,12,2022-11-30,2022-12-05,0.1166173747257627,0.2251911355912397,0.2309501943255257,0.18011450188174,2,5.605,valid
Uttar_Pradesh,Pratapgarh,2022,13,2022-12-05,2022-12-10,0.11201298512407752,0.22740732178752393,0.22668407705975502,0.17548818800904695,0,,insufficient_data
Uttar_Pradesh,Pratapgarh,2022,14,2022-12-10,2022-12-15,0.111791586640035,0.2247590757056534,0.2248347481619591,0.1771432509389647,2,4.96,valid
Uttar_Pradesh,Pratapgarh,2022,15,2022-12-15,2022-12-20,0.1020700622486221,0.2337621867091259,0.2099642640208211,0.1581040537131262,1,16.27,valid
Uttar_Pradesh,Pratapgarh,2022,16,2022-12-20,2022-12-25,0.1010982894328434,0.23419615394667317,0.2108038869046346,0.15902006301545388,1,25.96,missing_bands
Uttar_Pradesh,Pratapgarh,2022,17,2022-12-25,2022-12-30,0.0894332194098731,0.2440671994252402,0.1976126485311237,0.1418128843942707,1,27.37,valid
Uttar_Pradesh,Pratapgarh,2022,18,2022-12-30,2023-01-04,0.0957516408292476,0.23891469306718305,0.20378845627597242,0.14995846905369845,0,,insufficient_data
Uttar_Pradesh,Pratapgarh,2022,19,2023-01-04,2023-01-09,0.07824090500106559,0.2588281582717573,0.1823723630420623,0.12329794040638525,0,,insufficient_data
Uttar_Pradesh,Pratapgarh,2022,20,2023-01-09,2023-01-14,0.07824090500106559,0.2588281582717573,0.1823723630420623,0.12329794040638525,0,,insufficient_data
Uttar_Pradesh,Pratapgarh,2022,21,2023-01-14,2023-01-19,0.0670485905922581,0.2735891171182745,0.1671320775530009,0.1047829964184998,0,,insufficient_data
Uttar_Pradesh,Pratapgarh,2022,22,2023-01-19,2023-01-24,0.0670485905922581,0.2735891171182745,0.1671320775530009,0.1047829964184998,2,0.42,valid
Uttar_Pradesh,Pratapgarh,2022,23,2023-01-24,2023-01-29,0.0637169926855779,0.29905178864592097,0.1665348418964963,0.1015306894007,0,,insufficient_data
Uttar_Pradesh,Pratapgarh,2022,24,2023-01-29,2023-02-03,0.0621496844943096,0.30925940182919504,0.16682238358101462,0.101930966568686,0,,insufficient_data
Uttar_Pradesh,Pratapgarh,2022,25,2023-02-03,2023-02-08,0.0603853947788977,0.3245144601735675,0.1659376062399917,0.0982783823829002,2,10.545000000000002,valid
Uttar_Pradesh,Pratapgarh,2022,26,2023-02-08,2023-02-13,0.06008877890394836,0.3227407382686136,0.16560069261602509,0.09984634106239924,0,,insufficient_data
Uttar_Pradesh,Pratapgarh,2022,27,2023-02-13,2023-02-18,0.059015068111773,0.3296746281957433,0.1673974669500512,0.102731520904658,2,0.13,valid
Uttar_Pradesh,Pratapgarh,2022,28,2023-02-18,2023-02-23,0.0608658738211744,0.31403312643653,0.1634670046580324,0.0985291198996395,2,1.07,valid
Uttar_Pradesh,Pratapgarh,2022,29,2023-02-23,2023-02-28,0.06860023325543511,0.3050129100341097,0.17850925468593298,0.11255086842368878,0,,insufficient_data
Uttar_Pradesh,Pratapgarh,2022,30,2023-02-28,2023-03-05,0.0693556346248788,0.2990826255941685,0.1715891588870929,0.1084041828772272,2,0.255,valid
Uttar_Pradesh,Pratapgarh,2022,31,2023-03-05,2023-03-10,0.0754219521221764,0.2815196978096285,0.1890017971383476,0.1228695142250628,1,9.87,valid
Uttar_Pradesh,Pratapgarh,2022,32,2023-03-10,2023-03-15,0.078342637597173,0.3007544721344783,0.2010908457961407,0.1302200042118564,1,0.17,valid
Uttar_Pradesh,Pratapgarh,2022,33,2023-03-15,2023-03-20,0.09614980646328745,0.2736251920030162,0.21623215662619494,0.14939097213965505,0,,insufficient_data
Uttar_Pradesh,Pratapgarh,2022,34,2023-03-20,2023-03-25,0.10284834942288962,0.2672608336052281,0.2273929060609704,0.15963766945526198,0,,insufficient_data
Uttar_Pradesh,Pratapgarh,2022,35,2023-03-25,2023-03-30,0.1335675821632072,0.2444921302231718,0.2539849224155474,0.1893986121286121,1,6.32,valid
Uttar_Pradesh,Pratapgarh,2022,36,2023-03-30,2023-04-04,0.1240612258090019,0.2422770342536341,0.265494058893846,0.1960625472555167,2,3.005,valid
Uttar_Pradesh,Pratapgarh,2022,37,2023-04-04,2023-04-09,0.15468532797697487,0.27121447531909426,0.3113586169317519,0.24364254789391468,0,,insufficient_data
Uttar_Pradesh,Pratapgarh,2022,38,2023-04-09,2023-04-14,0.1527595049606269,0.2685559634751689,0.3192262768801724,0.2573617569703031,2,2.35,valid
Uttar_Pradesh,Pratapgarh,2022,39,2023-04-14,2023-04-19,0.1686919441915199,0.2859498041769424,0.3426511349708508,0.2759648569317188,1,0.0,valid
Uttar_Pradesh,Pratapgarh,2022,40,2023-04-19,2023-04-24,0.1943463827605185,0.314797444466554,0.375436691498343,0.2994249661834228,1,0.87,valid
Uttar_Pradesh,Pratapgarh,2022,41,2023-04-24,2023-04-29,0.17193261063755508,0.2897677373728884,0.34577136778312206,0.2775838600284815,0,,insufficient_data
Uttar_Pradesh,Pratapgarh,2022,42,2023-04-29,2023-05-04,0.1815191634760192,0.3003736243217482,0.35904391323459695,0.28769491155757076,0,,insufficient_data
Uttar_Pradesh,Pratapgarh,2023,0,2023-10-01,2023-10-06,0.07239668050334244,0.3113842685072826,0.193805468890272,0.116510592258085,0,,insufficient_data
Uttar_Pradesh,Pratapgarh,2023,1,2023-10-06,2023-10-11,0.07239668050334244,0.3113842685072826,0.193805468890272,0.116510592258085,0,,insufficient_data
Uttar_Pradesh,Pratapgarh,2023,2,2023-10-11,2023-10-16,0.0691692775021612,0.3205280880484105,0.1918422066927035,0.1124843476146037,2,4.175,valid
Uttar_Pradesh,Pratapgarh,2023,3,2023-10-16,2023-10-21,0.0756240835045237,0.3022404489661547,0.1957687310878405,0.1205368369015663,2,0.045,valid
Uttar_Pradesh,Pratapgarh,2023,4,2023-10-21,2023-10-26,0.09546157022783215,0.2886596955388062,0.2237215167897348,0.14912127704404574,0,,insufficient_data
Uttar_Pradesh,Pratapgarh,2023,5,2023-10-26,2023-10-31,0.0952918873497893,0.2841700381915964,0.2204778479333884,0.1462535848258114,2,1.87,valid
Uttar_Pradesh,Pratapgarh,2023,6,2023-10-31,2023-11-05,0.1189152148107796,0.268954049909522,0.2547101198003554,0.1782679926775805,1,21.38,valid
Uttar_Pradesh,Pratapgarh,2023,7,2023-11-05,2023-11-10,0.118307387971907,0.2674058525783475,0.2558086784343861,0.1880636232006668,1,0.91,valid
Uttar_Pradesh,Pratapgarh,2023,8,2023-11-10,2023-11-15,0.1265986997990784,0.2532654983189036,0.2593134016306384,0.1873158306355032,2,3.515,valid
Uttar_Pradesh,Pratapgarh,2023,9,2023-11-15,2023-11-20,0.11722061376852419,0.25346047083470513,0.25204682846330695,0.1819979778083754,0,,insufficient_data
Uttar_Pradesh,Pratapgarh,2023,10,2023-11-20,2023-11-25,0.1089136193365554,0.2358734360083141,0.2470443838739454,0.1789357964653153,2,2.395,valid
Uttar_Pradesh,Pratapgarh,2023,11,2023-11-25,2023-11-30,0.1133681469243006,0.2418035173584383,0.2433575585772097,0.1774066460628111,1,0.59,valid
Uttar_Pradesh,Pratapgarh,2023,12,2023-11-30,2023-12-05,0.11078923838804483,0.24177824795137473,0.2408784798039171,0.17845756579800165,0,,insufficient_data
Uttar_Pradesh,Pratapgarh,2023,13,2023-12-05,2023-12-10,0.10931314784747345,0.2434268802996007,0.23686518850587923,0.1764442503116116,0,,insufficient_data
Uttar_Pradesh,Pratapgarh,2023,14,2023-12-10,2023-12-15,0.10944632401777947,0.2459446950633629,0.23347212338319048,0.17561373492704369,0,,insufficient_data
Uttar_Pradesh,Pratapgarh,2023,15,2023-12-15,2023-12-20,0.1100859489032785,0.2476577904873718,0.2322334969605962,0.1790302548658785,1,0.05,valid
Uttar_Pradesh,Pratapgarh,2023,16,2023-12-20,2023-12-25,0.1048848762257593,0.2483727773442785,0.2248253146117656,0.1704043038524414,1,9.96,valid
Uttar_Pradesh,Pratapgarh,2023,17,2023-12-25,2023-12-30,0.09258797112421713,0.2544468561560313,0.20765458166914397,0.1502208992854025,0,,insufficient_data
Uttar_Pradesh,Pratapgarh,2023,18,2023-12-30,2024-01-04,0.09258797112421713,0.2544468561560313,0.20765458166914397,0.1502208992854025,0,,insufficient_data
Uttar_Pradesh,Pratapgarh,2023,19,2024-01-04,2024-01-09,0.0627930882436136,0.2673100006364435,0.1659049334350701,0.1012281391378876,1,27.83,valid
Uttar_Pradesh,Pratapgarh,2023,20,2024-01-09,2024-01-14,0.0627930882436136,0.2673100006364435,0.1659049334350701,0.1012281391378876,0,,insufficient_data
Uttar_Pradesh,Pratapgarh,2023,21,2024-01-14,2024-01-19,0.0637107259799724,0.2850355837567957,0.17056222355071635,0.1025125332110825,0,,insufficient_data
Uttar_Pradesh,Pratapgarh,2023,22,2024-01-19,2024-01-24,0.0637107259799724,0.2850355837567957,0.17056222355071635,0.1025125332110825,0,,insufficient_data
Uttar_Pradesh,Pratapgarh,2023,23,2024-01-24,2024-01-29,0.060120107222895194,0.30971325900021296,0.16733192005245023,0.0978058927855407,0,,insufficient_data
Uttar_Pradesh,Pratapgarh,2023,24,2024-01-29,2024-02-03,0.0646283637163312,0.302761166877148,0.1752195136663626,0.1037969272842774,1,7.91,valid
Uttar_Pradesh,Pratapgarh,2023,25,2024-02-03,2024-02-08,0.05926518626519509,0.3186284996116731,0.16314617092588926,0.09470231584052052,0,,insufficient_data
Uttar_Pradesh,Pratapgarh,2023,26,2024-02-08,2024-02-13,0.0556118507294592,0.316665351123278,0.1594443264385379,0.091814858286804,2,5.175000000000001,valid
Uttar_Pradesh,Pratapgarh,2023,27,2024-02-13,2024-02-18,0.0575553443497949,0.3364589808345935,0.1547746726727673,0.0884951619504802,2,8.04,valid
Uttar_Pradesh,Pratapgarh,2023,28,2024-02-18,2024-02-23,0.0590853267094861,0.3412529061500315,0.1647373099235293,0.09577214448564987,0,,insufficient_data
Uttar_Pradesh,Pratapgarh,2023,29,2024-02-23,2024-02-28,0.0640887850492042,0.3706343864922229,0.1799929306592827,0.1070064132196654,1,4.59,valid
Uttar_Pradesh,Pratapgarh,2023,30,2024-02-28,2024-03-04,0.06294767239436931,0.34037749245794297,0.17101412788598802,0.10208946990756353,0,,insufficient_data
Uttar_Pradesh,Pratapgarh,2023,31,2024-03-04,2024-03-09,0.07167410912203344,0.3205182910345969,0.18400331027279093,0.11573600629259294,0,,insufficient_data
Uttar_Pradesh,Pratapgarh,2023,32,2024-03-09,2024-03-14,0.0671988877841088,0.3140391100470123,0.1782747803259141,0.110766834552545,2,0.355,valid
Uttar_Pradesh,Pratapgarh,2023,33,2024-03-14,2024-03-19,0.08522528617038445,0.28254099613784117,0.19980157486214956,0.13226094592224047,0,,insufficient_data
Uttar_Pradesh,Pratapgarh,2023,34,2024-03-19,2024-03-24,0.0837346545327873,0.2768813765645556,0.1937422198331759,0.1294347711055684,1,0.31,valid
Uttar_Pradesh,Pratapgarh,2023,35,2024-03-24,2024-03-29,0.1047423161942573,0.2567025018019558,0.2273877244273587,0.156581232108608,2,5.01,valid
Uttar_Pradesh,Pratapgarh,2023,36,2024-03-29,2024-04-03,0.12346237405536487,0.2767689045398765,0.25379842648363327,0.17982172227933937,0,,insufficient_data
Uttar_Pradesh,Pratapgarh,2023,37,2024-04-03,2024-04-08,0.1406983815286355,0.2699120099452788,0.26138861527543,0.188877571241873,1,8.74,valid
Uttar_Pradesh,Pratapgarh,2023,38,2024-04-08,2024-04-13,0.14861073538958128,0.2847240222891391,0.29306502047611066,0.21546366154220084,0,,insufficient_data
Uttar_Pradesh,Pratapgarh,2023,39,2024-04-13,2024-04-18,0.1646741439657793,0.3035797298477159,0.3326751463985684,0.2443933146613081,1,9.11,valid
Uttar_Pradesh,Pratapgarh,2023,40,2024-04-18,2024-04-23,0.184328099869653,0.3087018475616059,0.3508085958030855,0.2720025281570143,2,8.36,valid
Uttar_Pradesh,Pratapgarh,2023,41,2024-04-23,2024-04-28,0.18291247889645776,0.3124266353687197,0.34847262219071123,0.2667375572520503,0,,insufficient_data
Uttar_Pradesh,Pratapgarh,2023,42,2024-04-28,2024-05-03,0.1997351928539409,0.3249983286968372,0.3619341243704798,0.2838168289378285,2,4.88,valid
Uttar_Pradesh,Pratapgarh,2024,0,2024-10-01,2024-10-06,0.0543449398029923,0.3250965646959728,0.1678733885566873,0.0863685541147933,1,22.44,valid
Uttar_Pradesh,Pratapgarh,2024,1,2024-10-06,2024-10-11,0.06445428318694735,0.30771264154088096,0.17963105751335828,0.10202570866227964,0,,insufficient_data
Uttar_Pradesh,Pratapgarh,2024,2,2024-10-11,2024-10-16,0.07319179176020203,0.2981715370086533,0.1941996027099624,0.11455610470280934,0,,insufficient_data
Uttar_Pradesh,Pratapgarh,2024,3,2024-10-16,2024-10-21,0.07319179176020203,0.2981715370086533,0.1941996027099624,0.11455610470280934,0,,insufficient_data
Uttar_Pradesh,Pratapgarh,2024,4,2024-10-21,2024-10-26,0.0745636265709024,0.2903287183857891,0.1913887264700293,0.117682863209766,2,1.11,valid
Uttar_Pradesh,Pratapgarh,2024,5,2024-10-26,2024-10-31,0.0906668089067114,0.279089327944198,0.2233366931031706,0.1396168967838687,2,5.88,valid
Uttar_Pradesh,Pratapgarh,2024,6,2024-10-31,2024-11-05,0.10550547382223086,0.263065408629254,0.23563007200998937,0.1616524226158864,0,,insufficient_data
Uttar_Pradesh,Pratapgarh,2024,7,2024-11-05,2024-11-10,0.1137448778398603,0.2577091246020134,0.2531114230729027,0.1742290265409715,2,0.3349999999999999,valid
Uttar_Pradesh,Pratapgarh,2024,8,2024-11-10,2024-11-15,0.1258673790693716,0.2412815341016417,0.2533102175255707,0.1853582609285475,1,2.5,valid
Uttar_Pradesh,Pratapgarh,2024,9,2024-11-15,2024-11-20,0.1226846767243086,0.2469183381126277,0.2570032998782735,0.1913750656162783,1,22.8,valid
Uttar_Pradesh,Pratapgarh,2024,10,2024-11-20,2024-11-25,0.1393953103427835,0.2414797810497599,0.2409747402528344,0.1818796099189145,2,0.0,valid
Uttar_Pradesh,Pratapgarh,2024,11,2024-11-25,2024-11-30,0.12596765611025756,0.23582636161023068,0.24496496498701115,0.18717570821520751,0,,insufficient_data
Uttar_Pradesh,Pratapgarh,2024,12,2024-11-30,2024-12-05,0.1231011251878897,0.2234777287630484,0.2369610302017689,0.1877434848477087,1,0.25,valid
Uttar_Pradesh,Pratapgarh,2024,13,2024-12-05,2024-12-10,0.1187897892269344,0.2259744260240759,0.2365755370766084,0.1895221197645885,2,1.71,valid
Uttar_Pradesh,Pratapgarh,2024,14,2024-12-10,2024-12-15,0.11829762306566116,0.22656833020285128,0.2320383902534703,0.18417574249880428,0,,insufficient_data
Uttar_Pradesh,Pratapgarh,2024,15,2024-12-15,2024-12-20,0.1130019547821594,0.2302528358214295,0.2225786034820337,0.1752616228841156,2,0.1,valid
Uttar_Pradesh,Pratapgarh,2024,16,2024-12-20,2024-12-25,0.1158958720045469,0.2281136309227527,0.22957707027932106,0.18239187132435203,0,,insufficient_data
Uttar_Pradesh,Pratapgarh,2024,17,2024-12-25,2024-12-30,0.08963581634046885,0.25063084807985186,0.19656537199623195,0.14096707335170033,0,,insufficient_data
Uttar_Pradesh,Pratapgarh,2024,18,2024-12-30,2025-01-04,0.0798691179587495,0.26229342685566387,0.18523084239482346,0.12600906554537347,0,,insufficient_data
Uttar_Pradesh,Pratapgarh,2024,19,2025-01-04,2025-01-09,0.06330269954704455,0.27831372237278107,0.16655696185121835,0.10138278687600241,0,,insufficient_data
Uttar_Pradesh,Pratapgarh,2024,20,2025-01-09,2025-01-14,0.0662696778987783,0.2710088603382742,0.1705521405104302,0.1066725238192851,2,0.67,valid
Uttar_Pradesh,Pratapgarh,2024,21,2025-01-14,2025-01-19,0.0603357211953108,0.2856185844072879,0.1625617831920065,0.0960930499327197,2,14.52,valid
Uttar_Pradesh,Pratapgarh,2024,22,2025-01-19,2025-01-24,0.059278987891589044,0.3048986106150059,0.16422467472115093,0.09683855736550266,0,,insufficient_data
Uttar_Pradesh,Pratapgarh,2024,23,2025-01-24,2025-01-29,0.0574046280135793,0.3016286339403292,0.1644131931917567,0.0977610547490411,2,14.295,valid
Uttar_Pradesh,Pratapgarh,2024,24,2025-01-29,2025-02-03,0.0580113773816254,0.3172174009931378,0.1602516210286998,0.0927106215893639,1,0.06,valid
Uttar_Pradesh,Pratapgarh,2024,25,2025-02-03,2025-02-08,0.0543735349686514,0.3490195733960001,0.1633446356828615,0.0909555367371035,1,0.02,valid
Uttar_Pradesh,Pratapgarh,2024,26,2025-02-08,2025-02-13,0.0576005559281387,0.3326351706223841,0.1603073545065236,0.0936867061228526,2,2.585,valid
Uttar_Pradesh,Pratapgarh,2024,27,2025-02-13,2025-02-18,0.05798002877904407,0.3380175747618176,0.161274325939526,0.09349168844078035,0,,insufficient_data
Uttar_Pradesh,Pratapgarh,2024,28,2025-02-18,2025-02-23,0.0611052669074339,0.3314839305240958,0.1622098868710476,0.0961409149689651,2,3.275,valid
Uttar_Pradesh,Pratapgarh,2024,29,2025-02-23,2025-02-28,0.0588094087093709,0.3597317982734703,0.1602581316084975,0.0939646627856166,1,18.94,valid
Uttar_Pradesh,Pratapgarh,2024,30,2025-02-28,2025-03-05,0.07317876070995398,0.3126387435184653,0.1790463687669083,0.11313076111439932,0,,insufficient_data
Uttar_Pradesh,Pratapgarh,2024,31,2025-03-05,2025-03-10,0.0691783130192769,0.307559593024799,0.1741511885606671,0.1120110645405425,2,0.06,valid
Uttar_Pradesh,Pratapgarh,2024,32,2025-03-10,2025-03-15,0.0864773330212812,0.2735668002189937,0.1936191700622717,0.1282265219261366,1,4.76,valid
Uttar_Pradesh,Pratapgarh,2024,33,2025-03-15,2025-03-20,0.090323481892407,0.2908515955509675,0.2049934667320576,0.1353106413507359,1,0.34,valid
Uttar_Pradesh,Pratapgarh,2024,34,2025-03-20,2025-03-25,0.1048960078321465,0.2451362956875352,0.2227832713975306,0.1591348517315639,2,6.955,valid
Uttar_Pradesh,Pratapgarh,2024,35,2025-03-25,2025-03-30,0.11660077589054563,0.27001494272316034,0.24224532236942023,0.17354242926423594,0,,insufficient_data
Uttar_Pradesh,Pratapgarh,2024,36,2025-03-30,2025-04-04,0.1384764091573124,0.2625438303625859,0.2749223974943773,0.2033422846080232,2,0.0,valid
Uttar_Pradesh,Pratapgarh,2024,37,2025-04-04,2025-04-09,0.162830647549581,0.2779761917957195,0.314908306160864,0.24169784670472,2,0.25,valid
Uttar_Pradesh,Pratapgarh,2024,38,2025-04-09,2025-04-14,0.17604541454792397,0.2967700880940131,0.3354137151694885,0.2643429110944847,0,,insufficient_data
Uttar_Pradesh,Pratapgarh,2024,39,2025-04-14,2025-04-19,0.1794110841717694,0.3008765111101725,0.3400858588305826,0.2627120019119141,2,0.165,valid
Uttar_Pradesh,Pratapgarh,2024,40,2025-04-19,2025-04-24,0.1931603622875234,0.3089575938843634,0.3572070495759428,0.2923640238845534,1,0.0,valid
Uttar_Pradesh,Pratapgarh,2024,41,2025-04-24,2025-04-29,0.2063485695734336,0.3334963133172245,0.3899449637856759,0.321598398363213,1,0.0,valid
Uttar_Pradesh,Pratapgarh,2024,42,2025-04-29,2025-05-04,0.19297333867757546,0.3144434727705868,0.36241262406406705,0.29222480805322687,0,,insufficient_data
Uttar_Pradesh,Pratapgarh,2025,0,2025-10-01,2025-10-06,0.0620786716737987,0.30007756915995676,0.1737753607259001,0.0985492479622484,1,27.28,missing_bands
Uttar_Pradesh,Pratapgarh,2025,1,2025-10-06,2025-10-11,0.0519913152601334,0.3097686167750026,0.161251612911653,0.0824361117845508,2,19.91,valid
Uttar_Pradesh,Pratapgarh,2025,2,2025-10-11,2025-10-16,0.0695216035219358,0.29154858796838307,0.18614091151612558,0.11074621993660476,0,,insufficient_data
Uttar_Pradesh,Pratapgarh,2025,3,2025-10-16,2025-10-21,0.072166028087464,0.2903865215449109,0.1862991085401472,0.114662384139946,2,2.425,valid
Uttar_Pradesh,Pratapgarh,2025,4,2025-10-21,2025-10-26,0.08440746721821,0.2744906255852358,0.2108720130965766,0.1351401638853175,2,0.91,valid
Uttar_Pradesh,Pratapgarh,2025,5,2025-10-26,2025-10-31,0.09599003843909182,0.2610364279716725,0.22448520123454543,0.15487365206807654,0,,insufficient_data
Uttar_Pradesh,Pratapgarh,2025,6,2025-10-31,2025-11-05,0.0797469333419705,0.2305025931204248,0.2001814437714583,0.1284921166677463,1,7.63,valid
Uttar_Pradesh,Pratapgarh,2025,7,2025-11-05,2025-11-10,0.1173071301495519,0.2518459653347327,0.2536290418355285,0.1855232145966734,1,3.3,valid
Uttar_Pradesh,Pratapgarh,2025,8,2025-11-10,2025-11-15,0.1263226333982627,0.2579564342730583,0.2714443989290164,0.2105503810506995,1,0.26,valid
Uttar_Pradesh,Pratapgarh,2025,9,2025-11-15,2025-11-20,0.1288780590480327,0.2524391374270822,0.2663099727410946,0.2101332614108848,1,8.24,valid
Uttar_Pradesh,Pratapgarh,2025,10,2025-11-20,2025-11-25,0.12177289105915737,0.2433495075539629,0.2520674217738849,0.1952344127895591,0,,insufficient_data
Uttar_Pradesh,Pratapgarh,2025,11,2025-11-25,2025-11-30,0.1207399920961741,0.2274471035867998,0.2402942991177306,0.1907564601086045,2,0.4049999999999999,valid
Uttar_Pradesh,Pratapgarh,2025,12,2025-11-30,2025-12-05,0.1156166406037655,0.2270588971481415,0.2286593962460545,0.1792087467809334,2,0.125,valid
Uttar_Pradesh,Pratapgarh,2025,13,2025-12-05,2025-12-10,0.11402497218102552,0.2282507746375292,0.2269001682277394,0.17691812006930027,0,,insufficient_data
Uttar_Pradesh,Pratapgarh,2025,14,2025-12-10,2025-12-15,0.1057182838431369,0.2302463231776464,0.2117468093194331,0.1607891533183628,2,7.01,valid
Uttar_Pradesh,Pratapgarh,2025,15,2025-12-15,2025-12-20,0.1106674622234512,0.22865261016289395,0.2202031027827438,0.1699989500496481,0,,insufficient_data
Uttar_Pradesh,Pratapgarh,2025,16,2025-12-20,2025-12-25,0.1057182838431369,0.2302463231776464,0.2117468093194331,0.1607891533183628,0,,insufficient_data
Uttar_Pradesh,Pratapgarh,2025,17,2025-12-25,2025-12-30,0.08355643100063251,0.24897401622386156,0.18537615079784087,0.1291086222592016,0,,insufficient_data
Uttar_Pradesh,Pratapgarh,2025,18,2025-12-30,2026-01-04,0.0613945781581281,0.2677017092700767,0.1590054922762486,0.0974280912000404,0,,insufficient_data
Uttar_Pradesh,Pratapgarh,2025,19,2026-01-04,2026-01-09,0.06149828556270655,0.27743713057509467,0.160046564086252,0.09573541085928235,0,,insufficient_data
Uttar_Pradesh,Pratapgarh,2025,20,2026-01-09,2026-01-14,0.0613945781581281,0.2677017092700767,0.1590054922762486,0.0974280912000404,2,0.01,valid
Uttar_Pradesh,Pratapgarh,2025,21,2026-01-14,2026-01-19,0.06149828556270655,0.27743713057509467,0.160046564086252,0.09573541085928235,0,,insufficient_data
Uttar_Pradesh,Pratapgarh,2025,22,2026-01-19,2026-01-24,0.061601992967285,0.2871725518801126,0.1610876358962554,0.0940427305185243,2,2.33,valid
Uttar_Pradesh,Pratapgarh,2025,23,2026-01-24,2026-01-29,0.05879846213366307,0.2985451026717382,0.15600364083955187,0.0916128092832399,0,,insufficient_data
Uttar_Pradesh,Pratapgarh,2025,24,2026-01-29,2026-02-03,0.05574387876597653,0.3322382343806571,0.15622858305921314,0.08940536989970244,0,,insufficient_data
Uttar_Pradesh,Pratapgarh,2025,25,2026-02-03,2026-02-08,0.0533988152755761,0.3407610468650254,0.1479177943461516,0.083367606131155,2,1.785,valid
Uttar_Pradesh,Pratapgarh,2025,26,2026-02-08,2026-02-13,0.053462267442907864,0.3467114002882013,0.1529175629816023,0.0871553183097345,0,,insufficient_data
Uttar_Pradesh,Pratapgarh,2025,27,2026-02-13,2026-02-18,0.0522308280550685,0.3687811043968332,0.1596803189352324,0.090805773049428,1,0.06,valid
Uttar_Pradesh,Pratapgarh,2025,28,2026-02-18,2026-02-23,0.054757158998079,0.3305920496027453,0.1511545756634229,0.0872925757486205,2,0.04,valid
Uttar_Pradesh,Pratapgarh,2025,29,2026-02-23,2026-02-28,0.0592493013520128,0.3180629896409027,0.15984604018332463,0.09528255545947589,0,,insufficient_data
Uttar_Pradesh,Pratapgarh,2025,30,2026-02-28,2026-03-05,0.0630268968101822,0.3170487280047151,0.1608899003401856,0.0976287781253527,2,0.12,valid
Uttar_Pradesh,Pratapgarh,2025,31,2026-03-05,2026-03-10,0.0669823215447215,0.2558300765593171,0.1676593657944576,0.1054030949145024,1,7.49,valid
Uttar_Pradesh,Pratapgarh,2025,32,2026-03-10,2026-03-15,0.08524026525855388,0.263136710471206,0.19269846419543893,0.12930870859639743,0,,insufficient_data
Uttar_Pradesh,Pratapgarh,2025,33,2026-03-15,2026-03-20,0.101650982986494,0.2490681862680862,0.2065551951852772,0.1435384821337916,1,6.65,valid
Uttar_Pradesh,Pratapgarh,2025,34,2026-03-20,2026-03-25,0.0926447214080111,0.2451660379600363,0.2033013188138567,0.139868685420079,0,,insufficient_data
Uttar_Pradesh,Pratapgarh,2025,35,2026-03-25,2026-03-30,0.1093008596928178,0.2305998510527057,0.2356893954618353,0.170664479211943,2,0.085,valid
Uttar_Pradesh,Pratapgarh,2025,36,2026-03-30,2026-04-04,0.1054759213396559,0.23983401866039594,0.22112229532355626,0.1571014806728673,0,,insufficient_data
Uttar_Pradesh,Pratapgarh,2025,37,2026-04-04,2026-04-09,0.1093008596928178,0.2305998510527057,0.2356893954618353,0.170664479211943,0,,insufficient_data
Uttar_Pradesh,Pratapgarh,2025,38,2026-04-09,2026-04-14,0.1093008596928178,0.2305998510527057,0.2356893954618353,0.170664479211943,0,,insufficient_data
Uttar_Pradesh,Pratapgarh,2025,39,2026-04-14,2026-04-19,,,,,0,,insufficient_data
Uttar_Pradesh,Pratapgarh,2025,40,2026-04-19,2026-04-24,,,,,0,,insufficient_data
Uttar_Pradesh,Pratapgarh,2025,41,2026-04-24,2026-04-29,,,,,0,,insufficient_data
Uttar_Pradesh,Pratapgarh,2025,42,2026-04-29,2026-05-04,,,,,0,,insufficient_data
