state,district,year,time_step,start_date,end_date,Red,NIR,SWIR1,SWIR2,image_count,mean_cloud_cover,quality_flag
Uttar_Pradesh,Chitrakoot,2010,0,2010-10-01,2010-10-06,0.1262751676608731,0.3027040670977602,0.2659944890747328,0.1686364237682749,0,,insufficient_data
Uttar_Pradesh,Chitrakoot,2010,1,2010-10-06,2010-10-11,0.1262751676608731,0.3027040670977602,0.2659944890747328,0.1686364237682749,1,9.0,valid
Uttar_Pradesh,Chitrakoot,2010,2,2010-10-11,2010-10-16,0.12553125077996188,0.27163216037870014,0.26407934951291195,0.1780887417377671,0,,insufficient_data
Uttar_Pradesh,Chitrakoot,2010,3,2010-10-16,2010-10-21,0.12553125077996188,0.27163216037870014,0.26407934951291195,0.1780887417377671,0,,insufficient_data
Uttar_Pradesh,Chitrakoot,2010,4,2010-10-21,2010-10-26,0.1243926775936303,0.2636066902022998,0.26143117537557,0.1727100070261348,2,2.5,valid
Uttar_Pradesh,Chitrakoot,2010,5,2010-10-26,2010-10-31,0.1259259070853822,0.2485857238360403,0.2648123840884331,0.1929197944188916,1,0.0,valid
Uttar_Pradesh,Chitrakoot,2010,6,2010-10-31,2010-11-05,0.12594979712382073,0.24561556995423664,0.26178503575815903,0.1835861121655639,0,,insufficient_data
Uttar_Pradesh,Chitrakoot,2010,7,2010-11-05,2010-11-10,0.12594979712382073,0.24561556995423664,0.26178503575815903,0.1835861121655639,0,,insufficient_data
Uttar_Pradesh,Chitrakoot,2010,8,2010-11-10,2010-11-15,0.12672835688891596,0.23662000983020504,0.26196196594945353,0.18902416473527844,0,,insufficient_data
Uttar_Pradesh,Chitrakoot,2010,9,2010-11-15,2010-11-20,0.1275308066924497,0.2246542958243698,0.2591115478104739,0.1851285350516653,2,2.0,valid
Uttar_Pradesh,Chitrakoot,2010,10,2010-11-20,2010-11-25,0.1275308066924497,0.2246542958243698,0.2591115478104739,0.1851285350516653,0,,insufficient_data
Uttar_Pradesh,Chitrakoot,2010,11,2010-11-25,2010-11-30,0.1320093295997799,0.24002200878702595,0.27205277677276474,0.19272790637383996,0,,insufficient_data
Uttar_Pradesh,Chitrakoot,2010,12,2010-11-30,2010-12-05,0.12778619723284448,0.24084792412095057,0.2671789571597192,0.19112064606527643,0,,insufficient_data
Uttar_Pradesh,Chitrakoot,2010,13,2010-12-05,2010-12-10,0.12791389250304191,0.24894473826924096,0.2712126618343419,0.19411670157208194,0,,insufficient_data
Uttar_Pradesh,Chitrakoot,2010,14,2010-12-10,2010-12-15,0.1364878525071101,0.2553897217496821,0.2849940057350556,0.2003272776960146,2,5.5,valid
Uttar_Pradesh,Chitrakoot,2010,15,2010-12-15,2010-12-20,0.1193399324989737,0.2424997547887998,0.2574313179336281,0.1879061254481493,4,0.25,valid
Uttar_Pradesh,Chitrakoot,2010,16,2010-12-20,2010-12-25,0.12324056442912854,0.2506404559236591,0.2668100495060969,0.18693097838817288,0,,insufficient_data
Uttar_Pradesh,Chitrakoot,2010,17,2010-12-25,2010-12-30,0.1240203285011947,0.2577510305941932,0.2667047239341496,0.1831299123252794,2,0.0,valid
Uttar_Pradesh,Chitrakoot,2010,18,2010-12-30,2011-01-04,0.1131141442092356,0.2469213165619613,0.2581101504215543,0.1763605980832482,1,0.0,valid
Uttar_Pradesh,Chitrakoot,2010,19,2011-01-04,2011-01-09,0.11189193267960114,0.26096746650612007,0.24973738265273537,0.16829532543285597,0,,insufficient_data
Uttar_Pradesh,Chitrakoot,2010,20,2011-01-09,2011-01-14,0.1117370518951094,0.2655495772177101,0.2531344691264565,0.1673974119512642,1,4.0,valid
Uttar_Pradesh,Chitrakoot,2010,21,2011-01-14,2011-01-19,0.0989582681071013,0.2536414392700692,0.2260573781784926,0.1453868165780734,2,0.0,valid
Uttar_Pradesh,Chitrakoot,2010,22,2011-01-19,2011-01-24,0.1116298706853647,0.2809739688866665,0.2446801916030236,0.1692018882264147,2,0.0,valid
Uttar_Pradesh,Chitrakoot,2010,23,2011-01-24,2011-01-29,0.1091518167714809,0.2896886053582668,0.248009744707864,0.1605233150905559,3,1.6666666666666667,valid
Uttar_Pradesh,Chitrakoot,2010,24,2011-01-29,2011-02-03,0.10976253591461946,0.2819818147553138,0.2395010651005766,0.15836178083884495,0,,insufficient_data
Uttar_Pradesh,Chitrakoot,2010,25,2011-02-03,2011-02-08,0.1181250561956401,0.2879746591947786,0.2328310082896817,0.1545527598394502,4,0.75,valid
Uttar_Pradesh,Chitrakoot,2010,26,2011-02-08,2011-02-13,0.1109476678135103,0.2976304010667878,0.2459270027238209,0.1621441244597305,4,0.75,valid
Uttar_Pradesh,Chitrakoot,2010,27,2011-02-13,2011-02-18,0.10917169832252654,0.2786704549377435,0.23244874583933917,0.1572539013731437,0,,insufficient_data
Uttar_Pradesh,Chitrakoot,2010,28,2011-02-18,2011-02-23,0.0944131800955353,0.261273167989155,0.2119753708132456,0.1390878220221567,2,2.5,valid
Uttar_Pradesh,Chitrakoot,2010,29,2011-02-23,2011-02-28,0.11037186740324972,0.2715635910607697,0.2369888133579639,0.16534282759557328,0,,insufficient_data
Uttar_Pradesh,Chitrakoot,2010,30,2011-02-28,2011-03-05,0.1132008891854205,0.2678035915002527,0.2390616015306085,0.1732308991712375,2,4.0,valid
Uttar_Pradesh,Chitrakoot,2010,31,2011-03-05,2011-03-10,0.1229257325185328,0.2595472036868835,0.2509912783641805,0.1869084647291685,4,0.0,valid
Uttar_Pradesh,Chitrakoot,2010,32,2011-03-10,2011-03-15,0.12814170548349196,0.2525366627549229,0.24911557787315744,0.18599779125689692,0,,insufficient_data
Uttar_Pradesh,Chitrakoot,2010,33,2011-03-15,2011-03-20,0.1220389558811913,0.2344016162532942,0.2355786203061735,0.1759140784179355,1,0.0,valid
Uttar_Pradesh,Chitrakoot,2010,34,2011-03-20,2011-03-25,0.1544012443488233,0.2483942395792614,0.2708308112916673,0.2079377227092461,1,18.0,valid
Uttar_Pradesh,Chitrakoot,2010,35,2011-03-25,2011-03-30,0.15964789136125246,0.24614324481272298,0.2878281405290477,0.22665473273425435,0,,insufficient_data
Uttar_Pradesh,Chitrakoot,2010,36,2011-03-30,2011-04-04,0.1867974830622111,0.2619499418752597,0.3297963199844466,0.2651137535602347,2,0.0,valid
Uttar_Pradesh,Chitrakoot,2010,37,2011-04-04,2011-04-09,0.1753538821527841,0.2398271815430766,0.3151068105339035,0.2576533762496012,2,4.0,valid
Uttar_Pradesh,Chitrakoot,2010,38,2011-04-09,2011-04-14,0.1879461076800432,0.25703981820363514,0.3352125551668597,0.27427894991026974,0,,insufficient_data
Uttar_Pradesh,Chitrakoot,2010,39,2011-04-14,2011-04-19,0.2016869578251343,0.269342331192569,0.3607345349822292,0.3000697199209733,2,0.0,valid
Uttar_Pradesh,Chitrakoot,2010,40,2011-04-19,2011-04-24,0.1885204199889592,0.2545847563678228,0.33792067275806636,0.2788615480852873,0,,insufficient_data
Uttar_Pradesh,Chitrakoot,2010,41,2011-04-24,2011-04-29,0.2016869578251343,0.269342331192569,0.3607345349822292,0.3000697199209733,0,,insufficient_data
Uttar_Pradesh,Chitrakoot,2010,42,2011-04-29,2011-05-04,0.2016869578251343,0.269342331192569,0.3607345349822292,0.3000697199209733,0,,insufficient_data
Uttar_Pradesh,Chitrakoot,2011,0,2011-10-01,2011-10-06,0.0977797148367129,0.2836559105885465,0.2286181031008731,0.1454196698391425,4,0.0,valid
Uttar_Pradesh,Chitrakoot,2011,1,2011-10-06,2011-10-11,0.107287897869282,0.273206004833997,0.2351677318441755,0.1570549005789989,2,0.0,valid
Uttar_Pradesh,Chitrakoot,2011,2,2011-10-11,2011-10-16,0.11882507068486722,0.27168503939283806,0.24749635329050368,0.174318934557504,0,,insufficient_data
Uttar_Pradesh,Chitrakoot,2011,3,2011-10-16,2011-10-21,0.1174378068920562,0.2711094239760843,0.2594426297279079,0.1889844986882622,2,1.0,valid
Uttar_Pradesh,Chitrakoot,2011,4,2011-10-21,2011-10-26,0.1370171954581185,0.2668417274415969,0.2540897307727682,0.1862877768568287,2,6.0,valid
Uttar_Pradesh,Chitrakoot,2011,5,2011-10-26,2011-10-31,0.1346027383681666,0.2636121301239655,0.2601635710067937,0.1938478268242877,2,0.0,valid
Uttar_Pradesh,Chitrakoot,2011,6,2011-10-31,2011-11-05,0.13122292611310962,0.2586713787958911,0.25906333819502114,0.19109017197785877,0,,insufficient_data
Uttar_Pradesh,Chitrakoot,2011,7,2011-11-05,2011-11-10,0.13466920591837298,0.25556186750084287,0.25896851531179943,0.19161659030025793,0,,insufficient_data
Uttar_Pradesh,Chitrakoot,2011,8,2011-11-10,2011-11-15,0.1401803312774971,0.2508678123942672,0.2604646246897803,0.1946321120716612,1,0.0,valid
Uttar_Pradesh,Chitrakoot,2011,9,2011-11-15,2011-11-20,0.1268765585697097,0.2409258000435418,0.2611561347778555,0.1916986454482541,1,0.0,valid
Uttar_Pradesh,Chitrakoot,2011,10,2011-11-20,2011-11-25,0.12653238128422217,0.2394292271635933,0.2507609039808816,0.18366466009517224,0,,insufficient_data
Uttar_Pradesh,Chitrakoot,2011,11,2011-11-25,2011-11-30,0.1226386584094523,0.2305604841084132,0.2366018610411624,0.1730470388848131,2,5.5,valid
Uttar_Pradesh,Chitrakoot,2011,12,2011-11-30,2011-12-05,0.12093113580832586,0.23711975307613198,0.24207614627066354,0.17428444647297384,0,,insufficient_data
Uttar_Pradesh,Chitrakoot,2011,13,2011-12-05,2011-12-10,0.1164339768802296,0.235362812108151,0.2448209954147279,0.1752808439759606,2,0.5,valid
Uttar_Pradesh,Chitrakoot,2011,14,2011-12-10,2011-12-15,0.1177753493739118,0.2416299160444218,0.2257255938489084,0.1571112575828676,2,3.0,valid
Uttar_Pradesh,Chitrakoot,2011,15,2011-12-15,2011-12-20,0.11548192238132537,0.2436727423635331,0.22832026425289995,0.1594960749736,0,,insufficient_data
Uttar_Pradesh,Chitrakoot,2011,16,2011-12-20,2011-12-25,0.11587473465638595,0.2529942482393067,0.22212015340303942,0.15073066764440038,0,,insufficient_data
Uttar_Pradesh,Chitrakoot,2011,17,2011-12-25,2011-12-30,0.1122364408898347,0.2540254989380265,0.2144142034950635,0.1460961233619718,2,0.5,valid
Uttar_Pradesh,Chitrakoot,2011,18,2011-12-30,2012-01-04,0.10321849195433919,0.268671385318402,0.20356589956330828,0.13032524701011736,0,,insufficient_data
Uttar_Pradesh,Chitrakoot,2011,19,2012-01-04,2012-01-09,0.1170531714815677,0.2809587658666277,0.2035198208534579,0.1244344456568015,1,10.0,valid
Uttar_Pradesh,Chitrakoot,2011,20,2012-01-09,2012-01-14,0.0803658634916152,0.2710298911505519,0.1927636743414034,0.1204451720115787,2,0.0,valid
Uttar_Pradesh,Chitrakoot,2011,21,2012-01-14,2012-01-19,0.09100759112941706,0.2911459516454673,0.20253726852182422,0.12683604342262011,0,,insufficient_data
Uttar_Pradesh,Chitrakoot,2011,22,2012-01-19,2012-01-24,0.0789704588127635,0.3082011469796559,0.2154596299127304,0.1398203043455287,2,0.0,valid
Uttar_Pradesh,Chitrakoot,2011,23,2012-01-24,2012-01-29,0.09543152754812725,0.3003342176701156,0.2069867759413048,0.13080572350071062,0,,insufficient_data
Uttar_Pradesh,Chitrakoot,2011,24,2012-01-29,2012-02-03,0.0876408707317218,0.3043940025850337,0.1984059489797052,0.1226442516765716,2,0.0,valid
Uttar_Pradesh,Chitrakoot,2011,25,2012-02-03,2012-02-08,0.1347489171564085,0.3177118299652209,0.2213178505313802,0.1403131659691635,2,3.5,valid
Uttar_Pradesh,Chitrakoot,2011,26,2012-02-08,2012-02-13,0.10006484530605068,0.3037345141352813,0.21083208566384343,0.13456194333266394,0,,insufficient_data
Uttar_Pradesh,Chitrakoot,2011,27,2012-02-13,2012-02-18,0.0897394599190963,0.291214269911812,0.2094872255994284,0.135954679127131,1,4.0,valid
Uttar_Pradesh,Chitrakoot,2011,28,2012-02-18,2012-02-23,0.09963799397128763,0.29623832582633985,0.21140086254655885,0.13698708424907738,0,,insufficient_data
Uttar_Pradesh,Chitrakoot,2011,29,2012-02-23,2012-02-28,0.0881301334169761,0.3016179540790585,0.2141173175448598,0.1393356765577897,2,0.0,valid
Uttar_Pradesh,Chitrakoot,2011,30,2012-02-28,2012-03-04,0.0859334653926696,0.2744092493492681,0.200681056510567,0.1323448153422253,2,0.0,valid
Uttar_Pradesh,Chitrakoot,2011,31,2012-03-04,2012-03-09,0.1066643660534432,0.2763017628388869,0.22433350238124283,0.1536390405986724,0,,insufficient_data
Uttar_Pradesh,Chitrakoot,2011,32,2012-03-09,2012-03-14,0.1271771033045837,0.2838385222520331,0.2460998031514528,0.1739299988719326,2,0.0,valid
Uttar_Pradesh,Chitrakoot,2011,33,2012-03-14,2012-03-19,0.1254167620995434,0.2453413256751879,0.2364358323180917,0.168945671622742,2,0.0,valid
Uttar_Pradesh,Chitrakoot,2011,34,2012-03-19,2012-03-24,0.1479969824768274,0.2631373807756254,0.27232157205788565,0.20265262986989185,0,,insufficient_data
Uttar_Pradesh,Chitrakoot,2011,35,2012-03-24,2012-03-29,0.1760602722355825,0.2734038999088483,0.3045294330102791,0.2327755720336149,2,0.0,valid
Uttar_Pradesh,Chitrakoot,2011,36,2012-03-29,2012-04-03,0.1633337922676,0.2499657752664323,0.3022212197517191,0.234959276951278,2,0.0,valid
Uttar_Pradesh,Chitrakoot,2011,37,2012-04-03,2012-04-08,0.17944603387742145,0.2646896916785019,0.3220357348858383,0.25308462433643253,0,,insufficient_data
Uttar_Pradesh,Chitrakoot,2011,38,2012-04-08,2012-04-13,0.1897043418124455,0.2705241453866384,0.3375481859857314,0.2634294995338,2,5.5,valid
Uttar_Pradesh,Chitrakoot,2011,39,2012-04-13,2012-04-18,0.1873272898376694,0.2682003517156677,0.3397686990321062,0.27261376948887717,0,,insufficient_data
Uttar_Pradesh,Chitrakoot,2011,40,2012-04-18,2012-04-23,0.1886857291940578,0.2648649461520888,0.3438441007956236,0.2811741488270371,2,0.0,valid
Uttar_Pradesh,Chitrakoot,2011,41,2012-04-23,2012-04-28,0.2075852960765743,0.2874465400575114,0.3754612895953507,0.3108921526433935,2,2.5,valid
Uttar_Pradesh,Chitrakoot,2011,42,2012-04-28,2012-05-03,0.19813551263531604,0.27615574310480007,0.35965269519548715,0.2960331507352153,0,,insufficient_data
Uttar_Pradesh,Chitrakoot,2012,0,2012-10-01,2012-10-06,0.1167333760812887,0.2547719443057337,0.24771051320142756,0.17787502320661966,0,,insufficient_data
Uttar_Pradesh,Chitrakoot,2012,1,2012-10-06,2012-10-11,0.1167333760812887,0.2547719443057337,0.24771051320142756,0.17787502320661966,0,,insufficient_data
Uttar_Pradesh,Chitrakoot,2012,2,2012-10-11,2012-10-16,0.1061467745599729,0.2457808661931058,0.2315402513525273,0.1629041808540271,2,2.0,valid
Uttar_Pradesh,Chitrakoot,2012,3,2012-10-16,2012-10-21,0.1273199776026045,0.2637630224183616,0.2638807750503278,0.1928458655592122,2,0.0,valid
Uttar_Pradesh,Chitrakoot,2012,4,2012-10-21,2012-10-26,0.12128050407190914,0.2515084164437025,0.2525484421203428,0.1858514906629706,0,,insufficient_data
Uttar_Pradesh,Chitrakoot,2012,5,2012-10-26,2012-10-31,0.1225227435303056,0.2450362354031767,0.2468362297046422,0.1842705327973029,2,1.5,valid
Uttar_Pradesh,Chitrakoot,2012,6,2012-10-31,2012-11-05,0.12714570322562863,0.2478682077794051,0.255631565518286,0.1905143929165892,0,,insufficient_data
Uttar_Pradesh,Chitrakoot,2012,7,2012-11-05,2012-11-10,0.1291325205947536,0.2514535417601658,0.2679365123738736,0.2033853834413402,2,5.0,valid
Uttar_Pradesh,Chitrakoot,2012,8,2012-11-10,2012-11-15,0.1296075711748508,0.2312200315359163,0.2438727449443003,0.1815557898685015,2,0.0,valid
Uttar_Pradesh,Chitrakoot,2012,9,2012-11-15,2012-11-20,0.12879621068067512,0.2367858189405071,0.25312051096066507,0.1906040454811932,0,,insufficient_data
Uttar_Pradesh,Chitrakoot,2012,10,2012-11-20,2012-11-25,0.1355079320949384,0.2427833871789181,0.2635291480282772,0.1992505538189792,2,0.0,valid
Uttar_Pradesh,Chitrakoot,2012,11,2012-11-25,2012-11-30,0.1209368188581577,0.2216863152870282,0.2371436384962091,0.1782244547959519,2,0.5,valid
Uttar_Pradesh,Chitrakoot,2012,12,2012-11-30,2012-12-05,0.14572074553902353,0.24264225329249595,0.24355839892126102,0.17876785808858997,0,,insufficient_data
Uttar_Pradesh,Chitrakoot,2012,13,2012-12-05,2012-12-10,0.1226674671102542,0.2347742132530772,0.2429221822334783,0.181449272200617,1,1.0,valid
Uttar_Pradesh,Chitrakoot,2012,14,2012-12-10,2012-12-15,0.2037707640927439,0.2713250974509603,0.2306386269270795,0.1561471515388117,2,16.0,valid
Uttar_Pradesh,Chitrakoot,2012,15,2012-12-15,2012-12-20,0.14034908789330786,0.2572808000339318,0.24636766134748467,0.17539405958116983,0,,insufficient_data
Uttar_Pradesh,Chitrakoot,2012,16,2012-12-20,2012-12-25,0.1324407037288754,0.2739873969945474,0.2849623184413948,0.2089122637786377,1,27.0,valid
Uttar_Pradesh,Chitrakoot,2012,17,2012-12-25,2012-12-30,0.14624296148765908,0.26478299562755,0.24751615438548677,0.17337565537468747,0,,insufficient_data
Uttar_Pradesh,Chitrakoot,2012,18,2012-12-30,2013-01-04,0.102517416641358,0.2490364924371422,0.226947517787986,0.155067550806613,1,15.0,valid
Uttar_Pradesh,Chitrakoot,2012,19,2013-01-04,2013-01-09,0.11725071486188039,0.26046560605529856,0.24062810261609,0.16650030994812573,0,,insufficient_data
Uttar_Pradesh,Chitrakoot,2012,20,2013-01-09,2013-01-14,0.11581302606575554,0.26875247555954035,0.23697955431098042,0.16249698894682832,0,,insufficient_data
Uttar_Pradesh,Chitrakoot,2012,21,2013-01-14,2013-01-19,0.1167940242154078,0.258372928734206,0.2099744716188892,0.1355211152591265,2,6.0,valid
Uttar_Pradesh,Chitrakoot,2012,22,2013-01-19,2013-01-24,0.1224608307779543,0.2786104671207394,0.24199557257247767,0.166211708016936,0,,insufficient_data
Uttar_Pradesh,Chitrakoot,2012,23,2013-01-24,2013-01-29,0.1281276373405008,0.2988480055072728,0.2740166735260661,0.1969023007747455,1,25.0,valid
Uttar_Pradesh,Chitrakoot,2012,24,2013-01-29,2013-02-03,0.1089207883951861,0.2864339766680977,0.23121060035996324,0.15575065257441714,0,,insufficient_data
Uttar_Pradesh,Chitrakoot,2012,25,2013-02-03,2013-02-08,0.10498417048507525,0.30046450063504365,0.24182866473050024,0.1658654212320625,0,,insufficient_data
Uttar_Pradesh,Chitrakoot,2012,26,2013-02-08,2013-02-13,0.0818407036296497,0.3020809957628145,0.2096406559349344,0.1348285416893795,2,0.0,valid
Uttar_Pradesh,Chitrakoot,2012,27,2013-02-13,2013-02-18,0.0755559718740091,0.2825026645328064,0.19326861217345825,0.1230056445693129,0,,insufficient_data
Uttar_Pradesh,Chitrakoot,2012,28,2013-02-18,2013-02-23,0.0755559718740091,0.2825026645328064,0.19326861217345825,0.1230056445693129,0,,insufficient_data
Uttar_Pradesh,Chitrakoot,2012,29,2013-02-23,2013-02-28,0.0702221632653858,0.2739191592797533,0.1807253378011398,0.1098039993062972,2,0.5,valid
Uttar_Pradesh,Chitrakoot,2012,30,2013-02-28,2013-03-05,0.0746050487269918,0.2715078385558515,0.1894398427843006,0.124384392712262,1,0.0,valid
Uttar_Pradesh,Chitrakoot,2012,31,2013-03-05,2013-03-10,0.0898007264270508,0.266173879002302,0.207939740816965,0.13974494652391145,0,,insufficient_data
Uttar_Pradesh,Chitrakoot,2012,32,2013-03-10,2013-03-15,0.1067630918412319,0.2740611533904417,0.2321885265020555,0.1623378942933303,2,0.5,valid
Uttar_Pradesh,Chitrakoot,2012,33,2013-03-15,2013-03-20,0.0963269141476058,0.26359211890981826,0.21701120848890673,0.14972526226311622,0,,insufficient_data
Uttar_Pradesh,Chitrakoot,2012,34,2013-03-20,2013-03-25,0.1076126018745937,0.2452073647831616,0.2294052561803641,0.1624534997837564,2,2.0,valid
Uttar_Pradesh,Chitrakoot,2012,35,2013-03-25,2013-03-30,0.1185887054582595,0.250824302861891,0.24848170327609168,0.18235656562279481,0,,insufficient_data
Uttar_Pradesh,Chitrakoot,2012,36,2013-03-30,2013-04-04,0.1424539890951304,0.24654882841519865,0.283339848089333,0.2179359239571217,0,,insufficient_data
Uttar_Pradesh,Chitrakoot,2012,37,2013-04-04,2013-04-09,0.1413904226589529,0.2332043904120697,0.2838513271458555,0.2222783027912978,2,0.0,valid
Uttar_Pradesh,Chitrakoot,2012,38,2013-04-09,2013-04-14,0.16888314607969898,0.2542958629573708,0.323149538290266,0.25720956304948367,0,,insufficient_data
Uttar_Pradesh,Chitrakoot,2012,39,2013-04-14,2013-04-19,0.1783589427518446,0.2612347300503646,0.3367629609417793,0.2690759692963109,2,8.5,valid
Uttar_Pradesh,Chitrakoot,2012,40,2013-04-19,2013-04-24,0.1869000728282994,0.2684484684096779,0.3488343267831632,0.2802744170608424,1,13.0,valid
Uttar_Pradesh,Chitrakoot,2012,41,2013-04-24,2013-04-29,0.182629507790072,0.26484159923002126,0.3427986438624713,0.27467519317857664,0,,insufficient_data
Uttar_Pradesh,Chitrakoot,2012,42,2013-04-29,2013-05-04,0.182629507790072,0.26484159923002126,0.3427986438624713,0.27467519317857664,0,,insufficient_data
Uttar_Pradesh,Chitrakoot,2013,0,2013-10-01,2013-10-06,0.1019826958931857,0.267463656940596,0.2177236729265521,0.1365056154851225,0,,insufficient_data
Uttar_Pradesh,Chitrakoot,2013,1,2013-10-06,2013-10-11,0.100086636649488,0.26667965787480213,0.22362804855192303,0.14425550934399184,0,,insufficient_data
Uttar_Pradesh,Chitrakoot,2013,2,2013-10-11,2013-10-16,0.1019826958931857,0.267463656940596,0.2177236729265521,0.1365056154851225,1,23.0,valid
Uttar_Pradesh,Chitrakoot,2013,3,2013-10-16,2013-10-21,0.10094708876557243,0.2575362555008631,0.22869505650165792,0.15617782588317863,0,,insufficient_data
Uttar_Pradesh,Chitrakoot,2013,4,2013-10-21,2013-10-26,0.0981905774057903,0.2658956588090083,0.229532424177294,0.1520054032028612,4,7.755,valid
Uttar_Pradesh,Chitrakoot,2013,5,2013-10-26,2013-10-31,0.102158846819878,0.2391783359084668,0.2275950674986666,0.1631958624032246,2,0.5,valid
Uttar_Pradesh,Chitrakoot,2013,6,2013-10-31,2013-11-05,0.1014562349434357,0.2576073703453815,0.2399290614041191,0.1730044224415063,2,0.34,valid
Uttar_Pradesh,Chitrakoot,2013,7,2013-11-05,2013-11-10,0.1296290096930583,0.2644293405765252,0.2551513646590843,0.1858896956823134,3,2.84,valid
Uttar_Pradesh,Chitrakoot,2013,8,2013-11-10,2013-11-15,0.11311580069619631,0.24722385755940207,0.24243897721364288,0.17768821212763322,0,,insufficient_data
Uttar_Pradesh,Chitrakoot,2013,9,2013-11-15,2013-11-20,0.1080151130425569,0.2394906093260581,0.2423273384499919,0.182832974829311,3,6.266666666666666,valid
Uttar_Pradesh,Chitrakoot,2013,10,2013-11-20,2013-11-25,0.1243197989820527,0.2354136316405788,0.2471920540563524,0.1835181052818109,3,0.3833333333333333,valid
Uttar_Pradesh,Chitrakoot,2013,11,2013-11-25,2013-11-30,0.11387766226512949,0.23265233251898954,0.2346216798703165,0.174318828480352,0,,insufficient_data
Uttar_Pradesh,Chitrakoot,2013,12,2013-11-30,2013-12-05,0.1044916446042832,0.229611238757598,0.2338598058624391,0.1753808050796766,4,0.045,valid
Uttar_Pradesh,Chitrakoot,2013,13,2013-12-05,2013-12-10,0.1077446583561499,0.2225443457005101,0.2104895535179251,0.1557590513676191,2,0.31,valid
Uttar_Pradesh,Chitrakoot,2013,14,2013-12-10,2013-12-15,0.1248170963406048,0.2362018371702028,0.2392396474648741,0.1741032058433422,2,0.0,valid
Uttar_Pradesh,Chitrakoot,2013,15,2013-12-15,2013-12-20,0.0987374774118406,0.2359369390823786,0.222978428304526,0.159623632915213,4,8.1325,valid
Uttar_Pradesh,Chitrakoot,2013,16,2013-12-20,2013-12-25,0.10352946560150149,0.23779831851143823,0.2174003187294348,0.15425813846083464,0,,insufficient_data
Uttar_Pradesh,Chitrakoot,2013,17,2013-12-25,2013-12-30,0.0961461865645066,0.2398846140063326,0.2154770914279924,0.1478278947396234,4,16.5225,valid
Uttar_Pradesh,Chitrakoot,2013,18,2013-12-30,2014-01-04,0.0902019093344055,0.2544238565977673,0.1988168729318564,0.1339769074383755,3,7.983333333333333,valid
Uttar_Pradesh,Chitrakoot,2013,19,2014-01-04,2014-01-09,0.09317404794945605,0.24715423530204994,0.2071469821799244,0.14090240108899946,0,,insufficient_data
Uttar_Pradesh,Chitrakoot,2013,20,2014-01-09,2014-01-14,0.09317404794945605,0.24715423530204994,0.2071469821799244,0.14090240108899946,0,,insufficient_data
Uttar_Pradesh,Chitrakoot,2013,21,2014-01-14,2014-01-19,0.0902019093344055,0.2544238565977673,0.1988168729318564,0.1339769074383755,0,,insufficient_data
Uttar_Pradesh,Chitrakoot,2013,22,2014-01-19,2014-01-24,0.063514650830494,0.2889057475959158,0.1878539623836397,0.1168435066876504,0,,insufficient_data
Uttar_Pradesh,Chitrakoot,2013,23,2014-01-24,2014-01-29,0.06444412508457589,0.29787752883506635,0.18955211044534753,0.11632025638591476,0,,insufficient_data
Uttar_Pradesh,Chitrakoot,2013,24,2014-01-29,2014-02-03,0.06444412508457589,0.29787752883506635,0.18955211044534753,0.11632025638591476,0,,insufficient_data
Uttar_Pradesh,Chitrakoot,2013,25,2014-02-03,2014-02-08,0.063514650830494,0.2889057475959158,0.1878539623836397,0.1168435066876504,4,11.2925,valid
Uttar_Pradesh,Chitrakoot,2013,26,2014-02-08,2014-02-13,0.0653735993386578,0.3068493100742169,0.1912502585070554,0.1157970060841791,4,10.86,valid
Uttar_Pradesh,Chitrakoot,2013,27,2014-02-13,2014-02-18,0.06341870108141819,0.2958631502851771,0.18733110772634384,0.11534309687831361,0,,insufficient_data
Uttar_Pradesh,Chitrakoot,2013,28,2014-02-18,2014-02-23,0.0613678530751028,0.2918343931853986,0.1828891022883365,0.1133887778631113,4,0.96,valid
Uttar_Pradesh,Chitrakoot,2013,29,2014-02-23,2014-02-28,0.06451262775567754,0.28934084171638946,0.1878173470234573,0.11672413689596613,0,,insufficient_data
Uttar_Pradesh,Chitrakoot,2013,30,2014-02-28,2014-03-05,0.06890390368172611,0.27121815231005225,0.19334924892651242,0.1236904486504266,0,,insufficient_data
Uttar_Pradesh,Chitrakoot,2013,31,2014-03-05,2014-03-10,0.066796430853272,0.2693388218895529,0.1893126802749799,0.120986626740608,4,0.005,valid
Uttar_Pradesh,Chitrakoot,2013,32,2014-03-10,2014-03-15,0.0799826039299688,0.2571291048366235,0.20832344736707978,0.1373970321441996,0,,insufficient_data
Uttar_Pradesh,Chitrakoot,2013,33,2014-03-15,2014-03-20,0.0785474271168035,0.2524812418552051,0.2078459642162209,0.1366959413475605,4,0.0,valid
Uttar_Pradesh,Chitrakoot,2013,34,2014-03-20,2014-03-25,0.0946039538198309,0.2495672507651124,0.2278116976100386,0.1545085283444303,3,3.083333333333333,valid
Uttar_Pradesh,Chitrakoot,2013,35,2014-03-25,2014-03-30,0.10855593460266769,0.25601655724495775,0.25164095862116104,0.1772570046339759,0,,insufficient_data
Uttar_Pradesh,Chitrakoot,2013,36,2014-03-30,2014-04-04,0.1172618164239815,0.2432977080646746,0.2600351161093174,0.1831507298302883,4,0.815,valid
Uttar_Pradesh,Chitrakoot,2013,37,2014-04-04,2014-04-09,0.125252482463442,0.25847887736530883,0.27504945046940654,0.1995922857358312,0,,insufficient_data
Uttar_Pradesh,Chitrakoot,2013,38,2014-04-09,2014-04-14,0.1438105410500549,0.278720028294839,0.3108710565490672,0.2346728190136245,2,0.015,valid
Uttar_Pradesh,Chitrakoot,2013,39,2014-04-14,2014-04-19,0.1453336185599008,0.2623305223366093,0.3014799316092029,0.2260370657549817,2,14.185,valid
Uttar_Pradesh,Chitrakoot,2013,40,2014-04-19,2014-04-24,0.1546477276740156,0.2784697600401038,0.32133406086109056,0.2465113271389201,0,,insufficient_data
Uttar_Pradesh,Chitrakoot,2013,41,2014-04-24,2014-04-29,0.1747990234120912,0.2943587294888632,0.3516511944250017,0.2788240966481541,2,0.0,valid
Uttar_Pradesh,Chitrakoot,2013,42,2014-04-29,2014-05-04,0.160066320985996,0.27834462591273623,0.32656556301710227,0.2524305812015679,0,,insufficient_data
Uttar_Pradesh,Chitrakoot,2014,0,2014-10-01,2014-10-06,0.1021631264696816,0.3148930475415126,0.2560548359995541,0.1675053318405061,2,7.040000000000001,valid
Uttar_Pradesh,Chitrakoot,2014,1,2014-10-06,2014-10-11,0.1123273140573194,0.2841100980202121,0.2532108074353505,0.1695619747046007,4,9.46,valid
Uttar_Pradesh,Chitrakoot,2014,2,2014-10-11,2014-10-16,0.11832309690843465,0.29192071732984404,0.24657672733100577,0.1626010597182702,0,,insufficient_data
Uttar_Pradesh,Chitrakoot,2014,3,2014-10-16,2014-10-21,0.0885155013185024,0.2591327793722876,0.2192313464964632,0.1402492720404221,3,10.71,valid
Uttar_Pradesh,Chitrakoot,2014,4,2014-10-21,2014-10-26,0.12124401827062953,0.27956215673682927,0.24677766976072918,0.16891475369714187,1,21.57,missing_bands
Uttar_Pradesh,Chitrakoot,2014,5,2014-10-26,2014-10-31,0.1702864457882352,0.309546944385364,0.2578099193926553,0.173087660287552,1,3.0,valid
Uttar_Pradesh,Chitrakoot,2014,6,2014-10-31,2014-11-05,0.1138468119184611,0.2654588051694533,0.2568586057184476,0.1927601077559927,4,6.575,valid
Uttar_Pradesh,Chitrakoot,2014,7,2014-11-05,2014-11-10,0.13131511593683598,0.26897130733791036,0.2559641449545865,0.18601143134739687,0,,insufficient_data
Uttar_Pradesh,Chitrakoot,2014,8,2014-11-10,2014-11-15,0.127704441131168,0.2550521736736719,0.258574211224465,0.1887265958193368,4,9.32,valid
Uttar_Pradesh,Chitrakoot,2014,9,2014-11-15,2014-11-20,0.1134227649094797,0.2458273061231521,0.2506138434827782,0.189471361526706,4,0.9325,valid
Uttar_Pradesh,Chitrakoot,2014,10,2014-11-20,2014-11-25,0.11474614558124607,0.24399498734210087,0.24771127097663612,0.18359450059398816,0,,insufficient_data
Uttar_Pradesh,Chitrakoot,2014,11,2014-11-25,2014-11-30,0.1157907795624025,0.2380524272661637,0.2481116088667908,0.1841070185072488,4,1.5275,valid
Uttar_Pradesh,Chitrakoot,2014,12,2014-11-30,2014-12-05,0.1103359265497867,0.2299187662081681,0.2347853537493114,0.1721247360269494,2,0.5,valid
Uttar_Pradesh,Chitrakoot,2014,13,2014-12-05,2014-12-10,0.1064768157533935,0.2511242634393487,0.2464713375598353,0.1835427910896998,1,7.08,valid
Uttar_Pradesh,Chitrakoot,2014,14,2014-12-10,2014-12-15,0.1059268704968009,0.2411719962883373,0.2188627800145311,0.155526495375128,2,0.94,valid
Uttar_Pradesh,Chitrakoot,2014,15,2014-12-15,2014-12-20,0.1016755702050665,0.24311985828237093,0.22697712013166071,0.16411812607931928,0,,insufficient_data
Uttar_Pradesh,Chitrakoot,2014,16,2014-12-20,2014-12-25,0.0911215506908005,0.24694743026001195,0.21453595100713385,0.1505628739789615,0,,insufficient_data
Uttar_Pradesh,Chitrakoot,2014,17,2014-12-25,2014-12-30,0.0839626680202849,0.2502644071936297,0.207789009202965,0.1452784818255,2,14.98,valid
Uttar_Pradesh,Chitrakoot,2014,18,2014-12-30,2015-01-04,0.0760412582565038,0.24774673065618094,0.1964048432270845,0.1315911047255091,0,,insufficient_data
Uttar_Pradesh,Chitrakoot,2014,19,2015-01-04,2015-01-09,0.0681198484927227,0.2452290541187322,0.185020677251204,0.1179037276255182,4,3.37,valid
Uttar_Pradesh,Chitrakoot,2014,20,2015-01-09,2015-01-14,0.0760412582565038,0.24774673065618094,0.1964048432270845,0.1315911047255091,0,,insufficient_data
Uttar_Pradesh,Chitrakoot,2014,21,2015-01-14,2015-01-19,0.06649303055113731,0.2645705137537575,0.1821985991112683,0.11054637008802956,0,,insufficient_data
Uttar_Pradesh,Chitrakoot,2014,22,2015-01-19,2015-01-24,0.06634718356710788,0.2762677119120329,0.1844305052454873,0.11227615599012714,0,,insufficient_data
Uttar_Pradesh,Chitrakoot,2014,23,2015-01-24,2015-01-29,0.06546085110430044,0.29178704080868334,0.18413541924262894,0.1094623701724316,0,,insufficient_data
Uttar_Pradesh,Chitrakoot,2014,24,2015-01-29,2015-02-03,0.0648662126095519,0.2839119733887829,0.1793765209713326,0.1031890125505409,2,1.5,valid
Uttar_Pradesh,Chitrakoot,2014,25,2015-02-03,2015-02-08,0.066055489599049,0.2996621082285838,0.1888943175139253,0.1157357277943223,3,5.303333333333334,valid
Uttar_Pradesh,Chitrakoot,2014,26,2015-02-08,2015-02-13,0.06569324326153983,0.29100860720087907,0.18325065680097197,0.11075755502795859,0,,insufficient_data
Uttar_Pradesh,Chitrakoot,2014,27,2015-02-13,2015-02-18,0.0658845209206336,0.2936277723105213,0.1852280927025206,0.1129133433357324,4,0.755,valid
Uttar_Pradesh,Chitrakoot,2014,28,2015-02-18,2015-02-23,0.0671913194450022,0.2835810585852903,0.1773240512208266,0.1055517051022878,2,0.0,valid
Uttar_Pradesh,Chitrakoot,2014,29,2015-02-23,2015-02-28,0.0644686737334624,0.2942601234912171,0.1854303015962548,0.1163979863569096,2,1.3299999999999998,valid
Uttar_Pradesh,Chitrakoot,2014,30,2015-02-28,2015-03-05,0.0816717881125228,0.2655051424521178,0.1839648996450707,0.1030118386206609,1,21.0,valid
Uttar_Pradesh,Chitrakoot,2014,31,2015-03-05,2015-03-10,0.0760240291258779,0.2652855520086208,0.19535249953540473,0.12487942889913253,0,,insufficient_data
Uttar_Pradesh,Chitrakoot,2014,32,2015-03-10,2015-03-15,0.080197695464038,0.256528701753859,0.2104106001395204,0.1458678180624517,4,0.0975,valid
Uttar_Pradesh,Chitrakoot,2014,33,2015-03-15,2015-03-20,0.0865906688743641,0.2265527337606199,0.2196326450753512,0.1535677963533526,4,0.3275,valid
Uttar_Pradesh,Chitrakoot,2014,34,2015-03-20,2015-03-25,0.09824802343456181,0.23885667750378412,0.23579513541130895,0.16869034373692382,0,,insufficient_data
Uttar_Pradesh,Chitrakoot,2014,35,2015-03-25,2015-03-30,0.1029848068654625,0.2300212069700344,0.251520324987887,0.1824958258717504,3,8.540000000000001,valid
Uttar_Pradesh,Chitrakoot,2014,36,2015-03-30,2015-04-04,0.1232189225343826,0.2423240675306232,0.2616169714424772,0.1928299346601406,2,0.155,valid
Uttar_Pradesh,Chitrakoot,2014,37,2015-04-04,2015-04-09,0.1286250833270786,0.24341953789242918,0.2779937228613584,0.21147026405538627,0,,insufficient_data
Uttar_Pradesh,Chitrakoot,2014,38,2015-04-09,2015-04-14,0.1377060047389009,0.2502284608102705,0.2903254728726473,0.22304829344943977,0,,insufficient_data
Uttar_Pradesh,Chitrakoot,2014,39,2015-04-14,2015-04-19,0.14927973736338038,0.25696421209034914,0.30326052216756744,0.2365657826420029,0,,insufficient_data
Uttar_Pradesh,Chitrakoot,2014,40,2015-04-19,2015-04-24,0.1596715205813907,0.2579133391766299,0.320843872153711,0.2590850316342678,4,0.5,valid
Uttar_Pradesh,Chitrakoot,2014,41,2015-04-24,2015-04-29,0.1649487689743678,0.2706552295637944,0.327320722906514,0.2577823816316003,3,3.686666666666667,valid
Uttar_Pradesh,Chitrakoot,2014,42,2015-04-29,2015-05-04,0.16231014477787925,0.2642842843702121,0.32408229753011253,0.2584337066329341,0,,insufficient_data
Uttar_Pradesh,Chitrakoot,2015,0,2015-10-01,2015-10-06,0.1260914210113991,0.289573501447247,0.2863383621897509,0.2079029822670407,4,0.0,valid
Uttar_Pradesh,Chitrakoot,2015,1,2015-10-06,2015-10-11,0.1414760157837841,0.2763632949973378,0.2883155040559882,0.2115104163315318,0,,insufficient_data
Uttar_Pradesh,Chitrakoot,2015,2,2015-10-11,2015-10-16,0.1462753195036779,0.278369501608783,0.2908293504272946,0.2114609264057075,4,2.535,valid
Uttar_Pradesh,Chitrakoot,2015,3,2015-10-16,2015-10-21,0.1529025758630743,0.2597749292344298,0.2824676542425272,0.2105146481668055,2,0.0,valid
Uttar_Pradesh,Chitrakoot,2015,4,2015-10-21,2015-10-26,0.140634746756985,0.2777352476988916,0.2936266493643802,0.2161631084865735,2,0.745,valid
Uttar_Pradesh,Chitrakoot,2015,5,2015-10-26,2015-10-31,0.2199440915616598,0.338083968489782,0.2895749421377951,0.2299954665792968,1,26.38,valid
Uttar_Pradesh,Chitrakoot,2015,6,2015-10-31,2015-11-05,0.15624158331419508,0.2696676663519727,0.28261678258442435,0.2161404670514952,0,,insufficient_data
Uttar_Pradesh,Chitrakoot,2015,7,2015-11-05,2015-11-10,0.1215171413622413,0.2339629200363454,0.2670586885957085,0.2036684190304739,4,9.645,valid
Uttar_Pradesh,Chitrakoot,2015,8,2015-11-10,2015-11-15,0.1462093610270149,0.238781266300415,0.2803559785817108,0.2203606929943262,3,0.5033333333333333,valid
Uttar_Pradesh,Chitrakoot,2015,9,2015-11-15,2015-11-20,0.1347774076979615,0.23097520578170355,0.26346460622614043,0.20418374869121753,0,,insufficient_data
Uttar_Pradesh,Chitrakoot,2015,10,2015-11-20,2015-11-25,0.1320917923829049,0.2275184710640053,0.2722988542489951,0.2173477006429166,4,9.465,valid
Uttar_Pradesh,Chitrakoot,2015,11,2015-11-25,2015-11-30,0.1392913360196849,0.2236381657260485,0.2341449034781474,0.1753581820971534,1,14.84,valid
Uttar_Pradesh,Chitrakoot,2015,12,2015-11-30,2015-12-05,0.13421523898683313,0.22360592419292669,0.25852189582667945,0.20473320112101379,0,,insufficient_data
Uttar_Pradesh,Chitrakoot,2015,13,2015-12-05,2015-12-10,0.1296524210553953,0.2242768644091498,0.2625777873126987,0.2116616768110261,2,4.885,valid
Uttar_Pradesh,Chitrakoot,2015,14,2015-12-10,2015-12-15,0.13290474137466196,0.22120640315324724,0.25446707927822987,0.2022187908877484,0,,insufficient_data
Uttar_Pradesh,Chitrakoot,2015,15,2015-12-15,2015-12-20,0.1358254064893474,0.2189901955725031,0.2650660382668766,0.2145652449329591,4,1.13,valid
Uttar_Pradesh,Chitrakoot,2015,16,2015-12-20,2015-12-25,0.1268498019342202,0.2179203869052876,0.2560795880551968,0.207290059709855,4,1.695,valid
Uttar_Pradesh,Chitrakoot,2015,17,2015-12-25,2015-12-30,0.1334618333946399,0.22591029045977348,0.25878395651045744,0.20449254249518467,0,,insufficient_data
Uttar_Pradesh,Chitrakoot,2015,18,2015-12-30,2016-01-04,0.1481081328550887,0.2376980220782981,0.2793104297406048,0.2209045567437469,2,5.79,valid
Uttar_Pradesh,Chitrakoot,2015,19,2016-01-04,2016-01-09,0.1350001773115054,0.2157355807891921,0.2386295665747475,0.1803039633249733,2,2.5,valid
Uttar_Pradesh,Chitrakoot,2015,20,2016-01-09,2016-01-14,0.1215256483830378,0.2392072669535865,0.2548341599148615,0.199398887764389,2,0.185,valid
Uttar_Pradesh,Chitrakoot,2015,21,2016-01-14,2016-01-19,0.12752883969614454,0.24189264330172583,0.2528203129137781,0.19399451818194474,0,,insufficient_data
Uttar_Pradesh,Chitrakoot,2015,22,2016-01-19,2016-01-24,0.1223840164064085,0.24294129860758276,0.24619778370707143,0.1872670085414942,0,,insufficient_data
Uttar_Pradesh,Chitrakoot,2015,23,2016-01-24,2016-01-29,0.1060984382690958,0.2454212415486217,0.2393237419281212,0.1842342101665805,4,2.62,valid
Uttar_Pradesh,Chitrakoot,2015,24,2016-01-29,2016-02-03,0.126911801661995,0.2714011051389308,0.2520036664105555,0.185130972910034,3,1.2566666666666666,valid
Uttar_Pradesh,Chitrakoot,2015,25,2016-02-03,2016-02-08,0.10613549160190394,0.263878185995873,0.2341527950228352,0.1724740644742266,0,,insufficient_data
Uttar_Pradesh,Chitrakoot,2015,26,2016-02-08,2016-02-13,0.1031795862460764,0.2787560835913122,0.2400058171986839,0.1785217037806102,4,6.945,valid
Uttar_Pradesh,Chitrakoot,2015,27,2016-02-13,2016-02-18,0.0859338530100347,0.2560524985639351,0.1954068712706797,0.1364690869277314,2,14.92,valid
Uttar_Pradesh,Chitrakoot,2015,28,2016-02-18,2016-02-23,0.1085537788223178,0.2677600011365651,0.2440238783061358,0.178014348586177,2,1.0,valid
Uttar_Pradesh,Chitrakoot,2015,29,2016-02-23,2016-02-28,0.0994174045240389,0.2645742719396091,0.2266136482593992,0.1669370686390838,2,0.0,valid
Uttar_Pradesh,Chitrakoot,2015,30,2016-02-28,2016-03-04,0.0996568271214015,0.2623407115189812,0.22434774136663777,0.1630292213531509,0,,insufficient_data
Uttar_Pradesh,Chitrakoot,2015,31,2016-03-04,2016-03-09,0.1047222721292146,0.2609760744358154,0.2313465676303363,0.1706963812596113,3,9.6,valid
Uttar_Pradesh,Chitrakoot,2015,32,2016-03-09,2016-03-14,0.1252034717886979,0.250347341792829,0.25846464526576507,0.1992645581410647,0,,insufficient_data
Uttar_Pradesh,Chitrakoot,2015,33,2016-03-14,2016-03-19,0.13970025976526873,0.24930753592639587,0.2811156440572009,0.22254163795323895,0,,insufficient_data
Uttar_Pradesh,Chitrakoot,2015,34,2016-03-19,2016-03-24,0.1490578675732179,0.2478433311063343,0.2886217697694023,0.232094530369631,4,0.0125,valid
Uttar_Pradesh,Chitrakoot,2015,35,2016-03-24,2016-03-29,0.1476163429283201,0.2279956896895572,0.2872765954039226,0.2273302522959326,2,0.0,valid
Uttar_Pradesh,Chitrakoot,2015,36,2016-03-29,2016-04-03,0.1574045564303223,0.2604150484738766,0.3172176434251426,0.2600453878877808,2,6.445,valid
Uttar_Pradesh,Chitrakoot,2015,37,2016-04-03,2016-04-08,0.1643176397168965,0.261520699480056,0.3215242903632658,0.2640547111149525,2,0.155,valid
Uttar_Pradesh,Chitrakoot,2015,38,2016-04-08,2016-04-13,0.17494759624908807,0.265464047524567,0.3335484522190357,0.2764948768631417,0,,insufficient_data
Uttar_Pradesh,Chitrakoot,2015,39,2016-04-13,2016-04-18,0.1981907267122846,0.2910035804003423,0.3680260101113181,0.3119275560587644,4,0.0025,valid
Uttar_Pradesh,Chitrakoot,2015,40,2016-04-18,2016-04-23,0.2072087154576167,0.286385219579003,0.3736977217915295,0.3191164769582784,4,1.1849999999999998,valid
Uttar_Pradesh,Chitrakoot,2015,41,2016-04-23,2016-04-28,0.20110111230763514,0.2833089879322397,0.3675005817936107,0.31489659226350186,0,,insufficient_data
Uttar_Pradesh,Chitrakoot,2015,42,2016-04-28,2016-05-03,0.1979038947530041,0.2725381638173739,0.3607780134779845,0.3136457437734627,2,1.0,valid
Uttar_Pradesh,Chitrakoot,2016,0,2016-10-01,2016-10-06,0.08774103980655795,0.2963952313034884,0.23121428305794106,0.1444099105767063,0,,insufficient_data
Uttar_Pradesh,Chitrakoot,2016,1,2016-10-06,2016-10-11,0.0754344583416149,0.3083275668911232,0.2181314488934637,0.1205040964787764,1,16.97,valid
Uttar_Pradesh,Chitrakoot,2016,2,2016-10-11,2016-10-16,0.100047621271501,0.2844628957158536,0.2442971172224184,0.1683157246746362,4,0.0,valid
Uttar_Pradesh,Chitrakoot,2016,3,2016-10-16,2016-10-21,0.10265725104824244,0.276844570412816,0.2412422960660839,0.16743309112325774,0,,insufficient_data
Uttar_Pradesh,Chitrakoot,2016,4,2016-10-21,2016-10-26,0.109118805556308,0.2778983951845327,0.2508129249688116,0.1822848194388611,4,0.04,valid
Uttar_Pradesh,Chitrakoot,2016,5,2016-10-26,2016-10-31,0.1099661790242821,0.2518319100622381,0.2324409078935132,0.1745890705372716,2,0.2299999999999999,valid
Uttar_Pradesh,Chitrakoot,2016,6,2016-10-31,2016-11-05,0.1187191910475062,0.2617020842103323,0.2605290813522126,0.1914717444867434,2,0.0,valid
Uttar_Pradesh,Chitrakoot,2016,7,2016-11-05,2016-11-10,0.1446761700259891,0.2686834268527798,0.265510989601015,0.2035196206789559,3,10.643333333333333,valid
Uttar_Pradesh,Chitrakoot,2016,8,2016-11-10,2016-11-15,0.12193669837397729,0.2530170484562842,0.25100079195012615,0.1883402364502634,0,,insufficient_data
Uttar_Pradesh,Chitrakoot,2016,9,2016-11-15,2016-11-20,0.1232972082654731,0.2440442485281657,0.2517703049293499,0.1870369872279613,4,1.145,valid
Uttar_Pradesh,Chitrakoot,2016,10,2016-11-20,2016-11-25,0.113024743506636,0.2388235726279051,0.2447526759745403,0.1850837593203849,4,3.175,valid
Uttar_Pradesh,Chitrakoot,2016,11,2016-11-25,2016-11-30,0.10995380862872209,0.2376814689073008,0.2422187888358879,0.18010792837301734,0,,insufficient_data
Uttar_Pradesh,Chitrakoot,2016,12,2016-11-30,2016-12-05,0.10957473018771517,0.23776839360217034,0.2390233663269426,0.17672679672907718,0,,insufficient_data
Uttar_Pradesh,Chitrakoot,2016,13,2016-12-05,2016-12-10,0.1085022430280616,0.2360582391137982,0.2446720516349513,0.1804751349122147,1,20.0,valid
Uttar_Pradesh,Chitrakoot,2016,14,2016-12-10,2016-12-15,0.0949910397147177,0.2317998153593341,0.2276801228047102,0.1678358320315084,1,18.99,valid
Uttar_Pradesh,Chitrakoot,2016,15,2016-12-15,2016-12-20,0.1080584164236875,0.2381160923816485,0.2262416762911613,0.1632022701533166,4,2.195,valid
Uttar_Pradesh,Chitrakoot,2016,16,2016-12-20,2016-12-25,0.10382772751823567,0.23706133502152724,0.23019885631613937,0.16685664871590133,0,,insufficient_data
Uttar_Pradesh,Chitrakoot,2016,17,2016-12-25,2016-12-30,0.1037592109064759,0.2422711932313281,0.2222015745337347,0.1559133577665657,3,8.676666666666668,valid
Uttar_Pradesh,Chitrakoot,2016,18,2016-12-30,2017-01-04,0.09013454934800075,0.2543636619397547,0.20904560840639508,0.14419153899867204,0,,insufficient_data
Uttar_Pradesh,Chitrakoot,2016,19,2017-01-04,2017-01-09,0.09842212864681708,0.2616476519340588,0.19833852754814896,0.131538825986437,0,,insufficient_data
Uttar_Pradesh,Chitrakoot,2016,20,2017-01-09,2017-01-14,0.0775100447836792,0.2688644820330221,0.1982051666478697,0.1331607563252501,4,1.255,valid
Uttar_Pradesh,Chitrakoot,2016,21,2017-01-14,2017-01-19,0.0712105252781604,0.26820288011302,0.1895340161528146,0.1244897717495558,1,0.72,valid
Uttar_Pradesh,Chitrakoot,2016,22,2017-01-19,2017-01-24,0.1412087336189528,0.267252052358865,0.1834133528581768,0.1125914181043765,1,7.0,valid
Uttar_Pradesh,Chitrakoot,2016,23,2017-01-24,2017-01-29,0.3950785963621204,0.5181942995888832,0.391964252516786,0.2923004808478246,3,12.743333333333334,valid
Uttar_Pradesh,Chitrakoot,2016,24,2017-01-29,2017-02-03,0.15186995912334939,0.33468328153130933,0.22929876892942375,0.1538891143161561,0,,insufficient_data
Uttar_Pradesh,Chitrakoot,2016,25,2017-02-03,2017-02-08,0.079678874008171,0.3118762855376279,0.1951700682670021,0.1245629652488987,3,8.57,valid
Uttar_Pradesh,Chitrakoot,2016,26,2017-02-08,2017-02-13,0.0721730663493423,0.3078908900581507,0.1864121548523392,0.1155009356301249,3,12.04,valid
Uttar_Pradesh,Chitrakoot,2016,27,2017-02-13,2017-02-18,0.08264042924992432,0.29889052037848723,0.20006805370064012,0.13052323072987976,0,,insufficient_data
Uttar_Pradesh,Chitrakoot,2016,28,2017-02-18,2017-02-23,0.0835318185144383,0.2909133714646655,0.2004222089213535,0.1304319172389854,4,0.1625,valid
Uttar_Pradesh,Chitrakoot,2016,29,2017-02-23,2017-02-28,0.0867435779742192,0.2804398234867901,0.201086418233389,0.1334402609547049,2,0.0,valid
Uttar_Pradesh,Chitrakoot,2016,30,2017-02-28,2017-03-05,0.0910748094034508,0.3033322313452022,0.2172494182291168,0.1486800745766849,2,0.01,valid
Uttar_Pradesh,Chitrakoot,2016,31,2017-03-05,2017-03-10,0.1124016134627375,0.2856757770393521,0.2326037442691853,0.1630147680051573,4,9.4575,valid
Uttar_Pradesh,Chitrakoot,2016,32,2017-03-10,2017-03-15,0.11140078154218694,0.2805158758134641,0.234792461350717,0.16607215685131047,0,,insufficient_data
Uttar_Pradesh,Chitrakoot,2016,33,2017-03-15,2017-03-20,0.1234710829547518,0.2792840079443116,0.2516950852671322,0.1834993547987786,2,0.2299999999999999,valid
Uttar_Pradesh,Chitrakoot,2016,34,2017-03-20,2017-03-25,0.1433128239157754,0.2538475392516645,0.2713276407547615,0.2017263259212267,4,0.0,valid
Uttar_Pradesh,Chitrakoot,2016,35,2017-03-25,2017-03-30,0.16070693997720592,0.2760145258775043,0.3041193743266911,0.23372197759433502,0,,insufficient_data
Uttar_Pradesh,Chitrakoot,2016,36,2017-03-30,2017-04-04,0.1648911280835667,0.2792491280036134,0.3219285729921416,0.2491385090500212,4,0.0,valid
Uttar_Pradesh,Chitrakoot,2016,37,2017-04-04,2017-04-09,0.1758051845850738,0.2773469971420012,0.3167567042462291,0.2446967347849151,2,0.02,valid
Uttar_Pradesh,Chitrakoot,2016,38,2017-04-09,2017-04-14,0.1960544803468619,0.2903449570459307,0.3588888683731909,0.2895489634167335,2,0.0,valid
Uttar_Pradesh,Chitrakoot,2016,39,2017-04-14,2017-04-19,0.1798767334643177,0.284664781683503,0.3525768711551446,0.2794441289244164,4,0.0375,valid
Uttar_Pradesh,Chitrakoot,2016,40,2017-04-19,2017-04-24,0.19016798437107768,0.28744529454928514,0.34856989726904825,0.2765395100211635,0,,insufficient_data
Uttar_Pradesh,Chitrakoot,2016,41,2017-04-24,2017-04-29,0.2089355390880574,0.2974244423257056,0.3660571453016283,0.2924682129585891,4,0.0075,valid
Uttar_Pradesh,Chitrakoot,2016,42,2017-04-29,2017-05-04,0.19440613627618755,0.2910446120046043,0.3593170082283864,0.2859561709415027,0,,insufficient_data
Uttar_Pradesh,Chitrakoot,2017,0,2017-10-01,2017-10-06,0.1038305730302915,0.3041795926035956,0.2495959881260992,0.1641624404289578,4,8.855,valid
Uttar_Pradesh,Chitrakoot,2017,1,2017-10-06,2017-10-11,0.097669611559196,0.2892477776016418,0.2499380262885577,0.1708413413369232,4,14.0625,valid
Uttar_Pradesh,Chitrakoot,2017,2,2017-10-11,2017-10-16,0.1128205882942566,0.2772655625049799,0.2523641883764757,0.17875749237346855,0,,insufficient_data
Uttar_Pradesh,Chitrakoot,2017,3,2017-10-16,2017-10-21,0.1160338796382249,0.2666481402497486,0.253428974825522,0.1822058057041823,4,0.0,valid
Uttar_Pradesh,Chitrakoot,2017,4,2017-10-21,2017-10-26,0.1289048777855158,0.2562536970627805,0.251524687458195,0.1873151373444293,2,0.0,valid
Uttar_Pradesh,Chitrakoot,2017,5,2017-10-26,2017-10-31,0.1176639994580549,0.2699986050071331,0.2573332651840043,0.1892627370528501,2,0.14,valid
Uttar_Pradesh,Chitrakoot,2017,6,2017-10-31,2017-11-05,0.1427900792420565,0.2650887099633222,0.2672482850005415,0.1952917383171833,4,5.085,valid
Uttar_Pradesh,Chitrakoot,2017,7,2017-11-05,2017-11-10,0.1252820301638831,0.2568464498229276,0.25371748904231783,0.18601649579383076,0,,insufficient_data
Uttar_Pradesh,Chitrakoot,2017,8,2017-11-10,2017-11-15,0.1272215382259007,0.253835162486446,0.2558308466032323,0.1903459456431255,3,2.5766666666666667,valid
Uttar_Pradesh,Chitrakoot,2017,9,2017-11-15,2017-11-20,0.1098296561078875,0.239056074594956,0.2366503609656164,0.1678669206115655,1,18.86,valid
Uttar_Pradesh,Chitrakoot,2017,10,2017-11-20,2017-11-25,0.12240268148796102,0.2455457266960155,0.25071443661651815,0.1855600068551881,0,,insufficient_data
Uttar_Pradesh,Chitrakoot,2017,11,2017-11-25,2017-11-30,0.1160066224344044,0.2425010147190563,0.2500532232129117,0.189914563205824,4,4.1725,valid
Uttar_Pradesh,Chitrakoot,2017,12,2017-11-30,2017-12-05,0.11630337818510338,0.24405072947915085,0.24556070277330236,0.17961091263920623,0,,insufficient_data
Uttar_Pradesh,Chitrakoot,2017,13,2017-12-05,2017-12-10,0.1365529091836515,0.2467906549836036,0.2603233156843121,0.1941125979602374,2,13.0,valid
Uttar_Pradesh,Chitrakoot,2017,14,2017-12-10,2017-12-15,0.1028243250144701,0.2478551736189874,0.2352159112303692,0.166549568779198,3,5.166666666666667,valid
Uttar_Pradesh,Chitrakoot,2017,15,2017-12-15,2017-12-20,0.12514816582214203,0.26141570001555164,0.2424877301831759,0.17237571271354937,0,,insufficient_data
Uttar_Pradesh,Chitrakoot,2017,16,2017-12-20,2017-12-25,0.1681638143506737,0.2797520604336713,0.2540065701334884,0.1778147583693983,1,15.0,valid
Uttar_Pradesh,Chitrakoot,2017,17,2017-12-25,2017-12-30,0.0930516147397727,0.2712649110259443,0.2204051236845339,0.1510259257453638,3,12.15,valid
Uttar_Pradesh,Chitrakoot,2017,18,2017-12-30,2018-01-04,0.11046901937837042,0.2732471673006963,0.22776953286747967,0.1556622722338866,0,,insufficient_data
Uttar_Pradesh,Chitrakoot,2017,19,2018-01-04,2018-01-09,0.1055514752610975,0.2665499295647345,0.2450106549508962,0.1732473306954267,2,12.4,valid
Uttar_Pradesh,Chitrakoot,2017,20,2018-01-09,2018-01-14,0.1056810541080159,0.2749110780037663,0.2139971689228266,0.1375692304660715,1,0.0,valid
Uttar_Pradesh,Chitrakoot,2017,21,2018-01-14,2018-01-19,0.0798971384322923,0.2737578574753652,0.2054281466456533,0.1386541158931728,1,0.14,valid
Uttar_Pradesh,Chitrakoot,2017,22,2018-01-19,2018-01-24,0.0861219166802742,0.2905886169503713,0.2065605576299011,0.1342200842712443,4,1.2675,valid
Uttar_Pradesh,Chitrakoot,2017,23,2018-01-24,2018-01-29,0.08540947476261769,0.2858971874120858,0.20183355584907514,0.13148751759349417,0,,insufficient_data
Uttar_Pradesh,Chitrakoot,2017,24,2018-01-29,2018-02-03,0.0808987499647042,0.3022589556383163,0.2056885334921825,0.1347925044946339,4,2.6875,valid
Uttar_Pradesh,Chitrakoot,2017,25,2018-02-03,2018-02-08,0.0744485146278018,0.2879694289926099,0.1774933725548123,0.1122016528423484,1,25.99,valid
Uttar_Pradesh,Chitrakoot,2017,26,2018-02-08,2018-02-13,0.08407111393143661,0.29836383189628257,0.19882598571328516,0.13060713080305766,0,,insufficient_data
Uttar_Pradesh,Chitrakoot,2017,27,2018-02-13,2018-02-18,0.0772363633281286,0.3051622258345186,0.1975350784741968,0.1299787035333915,4,4.755,valid
Uttar_Pradesh,Chitrakoot,2017,28,2018-02-18,2018-02-23,0.0888001162936143,0.2947923368855521,0.1940950711951718,0.1297133098976633,2,4.48,valid
Uttar_Pradesh,Chitrakoot,2017,29,2018-02-23,2018-02-28,0.0989718254429342,0.3016362121304161,0.2193178728500624,0.1463494832472512,2,1.5,valid
Uttar_Pradesh,Chitrakoot,2017,30,2018-02-28,2018-03-05,0.0973227155498509,0.2910881776627652,0.2224818663241819,0.1541535875886604,4,2.545,valid
Uttar_Pradesh,Chitrakoot,2017,31,2018-03-05,2018-03-10,0.10674508817740694,0.285699624140702,0.23019521344435218,0.1615820752598203,0,,insufficient_data
Uttar_Pradesh,Chitrakoot,2017,32,2018-03-10,2018-03-15,0.1147028668101171,0.2689575215138823,0.2406769091776935,0.1722278753164126,4,0.8825000000000001,valid
Uttar_Pradesh,Chitrakoot,2017,33,2018-03-15,2018-03-20,0.1339279167905182,0.2720238725108944,0.2744043476746512,0.2054661202491139,4,0.0,valid
Uttar_Pradesh,Chitrakoot,2017,34,2018-03-20,2018-03-25,0.1487367530693154,0.2655995315234894,0.2918570761718766,0.22185101813375369,0,,insufficient_data
Uttar_Pradesh,Chitrakoot,2017,35,2018-03-25,2018-03-30,0.1569266774519478,0.2602768954378204,0.2995510639537458,0.2302980572883784,4,0.0,valid
Uttar_Pradesh,Chitrakoot,2017,36,2018-03-30,2018-04-04,0.1670697869161344,0.2482138003649894,0.311398411758674,0.2423394719672086,2,0.0,valid
Uttar_Pradesh,Chitrakoot,2017,37,2018-04-04,2018-04-09,0.1710565173778596,0.2785255677898607,0.3332546482946187,0.2589235658476548,2,0.24,valid
Uttar_Pradesh,Chitrakoot,2017,38,2018-04-09,2018-04-14,0.1709982821951804,0.2766652676351218,0.3370667900258845,0.2623550725270137,1,12.64,valid
Uttar_Pradesh,Chitrakoot,2017,39,2018-04-14,2018-04-19,0.17839814564731954,0.27207508565421235,0.33845604304142773,0.27062306950789117,0,,insufficient_data
Uttar_Pradesh,Chitrakoot,2017,40,2018-04-19,2018-04-24,0.1886357521389882,0.2839294317234434,0.3577730191307622,0.2967204246915664,4,3.605,valid
Uttar_Pradesh,Chitrakoot,2017,41,2018-04-24,2018-04-29,0.1942303896084352,0.2730413607576462,0.3527873459971993,0.2927768125060124,4,2.7675,valid
Uttar_Pradesh,Chitrakoot,2017,42,2018-04-29,2018-05-04,0.1914330708737117,0.2784853962405448,0.35528018256398075,0.2947486185987894,0,,insufficient_data
Uttar_Pradesh,Chitrakoot,2018,0,2018-10-01,2018-10-06,0.1115418923947367,0.2797094801828954,0.250589872563658,0.1738877730572002,4,2.43,valid
Uttar_Pradesh,Chitrakoot,2018,1,2018-10-06,2018-10-11,0.12088658140783423,0.2808247285987754,0.2597662262107995,0.18424083960109786,0,,insufficient_data
Uttar_Pradesh,Chitrakoot,2018,2,2018-10-11,2018-10-16,0.1170678553337573,0.3009626016654205,0.2702687615338068,0.1883658841342374,4,22.4725,valid
Uttar_Pradesh,Chitrakoot,2018,3,2018-10-16,2018-10-21,0.1133748007539365,0.2608304765912673,0.242216164286521,0.1764283616871794,2,1.39,valid
Uttar_Pradesh,Chitrakoot,2018,4,2018-10-21,2018-10-26,0.1415617771489064,0.2817963559555183,0.2759901064592121,0.1982813395257744,2,4.5,valid
Uttar_Pradesh,Chitrakoot,2018,5,2018-10-26,2018-10-31,0.1190177151499315,0.2632340152449768,0.2597455713931566,0.1924342858147499,4,0.09,valid
Uttar_Pradesh,Chitrakoot,2018,6,2018-10-31,2018-11-05,0.12960477665443068,0.2648176634130643,0.2614223234419023,0.19280438228899532,0,,insufficient_data
Uttar_Pradesh,Chitrakoot,2018,7,2018-11-05,2018-11-10,0.1465498965254307,0.268723085765548,0.2697086909855109,0.2030959863016038,3,15.71,valid
Uttar_Pradesh,Chitrakoot,2018,8,2018-11-10,2018-11-15,0.1275196936939485,0.2495043835080111,0.259451084085111,0.1937819381156691,3,0.0433333333333333,valid
Uttar_Pradesh,Chitrakoot,2018,9,2018-11-15,2018-11-20,0.13345465389888633,0.24293382604537123,0.2542158357717146,0.19146751562189684,0,,insufficient_data
Uttar_Pradesh,Chitrakoot,2018,10,2018-11-20,2018-11-25,0.137084143557758,0.2441393958776081,0.2662834782878139,0.2026340906546849,4,5.265,valid
Uttar_Pradesh,Chitrakoot,2018,11,2018-11-25,2018-11-30,0.1392539570460238,0.2215186271077045,0.2334297811945168,0.1747801117184436,2,1.0,valid
Uttar_Pradesh,Chitrakoot,2018,12,2018-11-30,2018-12-05,0.1168655786712707,0.2307836379679843,0.2422061443056204,0.1830454513190829,2,5.355,valid
Uttar_Pradesh,Chitrakoot,2018,13,2018-12-05,2018-12-10,0.1249373114275477,0.2301969306964414,0.2456993168836194,0.1862105387857355,4,3.0275,valid
Uttar_Pradesh,Chitrakoot,2018,14,2018-12-10,2018-12-15,0.1219805679013078,0.23405664984158864,0.2392313054447171,0.17989504181995447,0,,insufficient_data
Uttar_Pradesh,Chitrakoot,2018,15,2018-12-15,2018-12-20,0.1109071422963019,0.2400455830664882,0.2391975002299819,0.1816229812799668,4,0.115,valid
Uttar_Pradesh,Chitrakoot,2018,16,2018-12-20,2018-12-25,0.1179388500653949,0.2477384703693246,0.235623784609847,0.1738161259965436,4,0.9125,valid
Uttar_Pradesh,Chitrakoot,2018,17,2018-12-25,2018-12-30,0.110130320255391,0.2559009287244492,0.22685142536113423,0.16295308850655088,0,,insufficient_data
Uttar_Pradesh,Chitrakoot,2018,18,2018-12-30,2019-01-04,0.1070265919055756,0.2598683104784294,0.2273214571446132,0.1645357570407268,4,2.85,valid
Uttar_Pradesh,Chitrakoot,2018,19,2019-01-04,2019-01-09,0.0932838131348909,0.254960146341619,0.2017686508126675,0.1384410114063147,2,1.7899999999999998,valid
Uttar_Pradesh,Chitrakoot,2018,20,2019-01-09,2019-01-14,0.1214952038747917,0.2768921333663848,0.2303457340085615,0.1563495668092025,2,0.0,valid
Uttar_Pradesh,Chitrakoot,2018,21,2019-01-14,2019-01-19,0.089721954757446,0.2853323640132488,0.2142926039620856,0.1454536287443723,4,4.8925,valid
Uttar_Pradesh,Chitrakoot,2018,22,2019-01-19,2019-01-24,0.1083614516721187,0.29243385852550846,0.22535562030256645,0.15411550199579746,0,,insufficient_data
Uttar_Pradesh,Chitrakoot,2018,23,2019-01-24,2019-01-29,0.1606466137308641,0.3405277037756382,0.2833832315025479,0.2004895250316458,1,16.49,valid
Uttar_Pradesh,Chitrakoot,2018,24,2019-01-29,2019-02-03,0.0766596728626008,0.3044569451306514,0.1969878812269697,0.129843777987452,4,0.29,valid
Uttar_Pradesh,Chitrakoot,2018,25,2019-02-03,2019-02-08,0.1047525874380659,0.3103412242040481,0.22688829512848746,0.15730618956141712,0,,insufficient_data
Uttar_Pradesh,Chitrakoot,2018,26,2019-02-08,2019-02-13,0.0785315285595502,0.3156356185691064,0.1992005763833258,0.1291647154643593,4,0.0225,valid
Uttar_Pradesh,Chitrakoot,2018,27,2019-02-13,2019-02-18,0.0813794835639629,0.300915058241195,0.1728761939066293,0.104452523127529,2,14.0,valid
Uttar_Pradesh,Chitrakoot,2018,28,2019-02-18,2019-02-23,0.1265456384733515,0.2901707953036497,0.2819935926229646,0.2225804061960995,1,15.88,valid
Uttar_Pradesh,Chitrakoot,2018,29,2019-02-23,2019-02-28,0.0813778266760371,0.3095033616021338,0.2005119212118664,0.1336260344181966,4,6.5425,valid
Uttar_Pradesh,Chitrakoot,2018,30,2019-02-28,2019-03-05,0.09133414052529273,0.29427922944577556,0.21113198689600834,0.147324881924303,0,,insufficient_data
Uttar_Pradesh,Chitrakoot,2018,31,2019-03-05,2019-03-10,0.0806187350648451,0.2989481695033764,0.2038562732711148,0.1407498956358564,4,0.5425,valid
Uttar_Pradesh,Chitrakoot,2018,32,2019-03-10,2019-03-15,0.0867490188482671,0.271858762578523,0.1964219534674666,0.1352155502438335,2,0.125,valid
Uttar_Pradesh,Chitrakoot,2018,33,2019-03-15,2019-03-20,0.10931919024391448,0.2661611569110285,0.23294955757435867,0.16826488630026173,0,,insufficient_data
Uttar_Pradesh,Chitrakoot,2018,34,2019-03-20,2019-03-25,0.1119183604317731,0.2655233170997238,0.2404900577888851,0.1743948018747524,4,0.0125,valid
Uttar_Pradesh,Chitrakoot,2018,35,2019-03-25,2019-03-30,0.1193664024192686,0.2436761436851679,0.2441243994520149,0.1792833968315046,2,0.0,valid
Uttar_Pradesh,Chitrakoot,2018,36,2019-03-30,2019-04-04,0.1479434344554184,0.2507993916883513,0.279855103892312,0.2116807869153617,2,0.0,valid
Uttar_Pradesh,Chitrakoot,2018,37,2019-04-04,2019-04-09,0.1616113414416018,0.2720357359026203,0.3108204805428479,0.2347384342830056,3,9.17,valid
Uttar_Pradesh,Chitrakoot,2018,38,2019-04-09,2019-04-14,0.15468424576063355,0.2586411964702715,0.30007004839008605,0.23241285358602806,0,,insufficient_data
Uttar_Pradesh,Chitrakoot,2018,39,2019-04-14,2019-04-19,0.1783044452121593,0.2674283159079311,0.3327971164399252,0.2647006085505008,4,0.0,valid
Uttar_Pradesh,Chitrakoot,2018,40,2019-04-19,2019-04-24,0.1661956052747197,0.2592663951672869,0.3327531416233303,0.2716610413497675,4,0.5525,valid
Uttar_Pradesh,Chitrakoot,2018,41,2019-04-24,2019-04-29,0.1722500252434395,0.263347355537609,0.33277512903162776,0.2681808249501342,0,,insufficient_data
Uttar_Pradesh,Chitrakoot,2018,42,2019-04-29,2019-05-04,0.1722500252434395,0.263347355537609,0.33277512903162776,0.2681808249501342,0,,insufficient_data
Uttar_Pradesh,Chitrakoot,2019,0,2019-10-01,2019-10-06,0.08270637448845806,0.2822081563473766,0.20855828697503676,0.1266061952952837,0,,insufficient_data
Uttar_Pradesh,Chitrakoot,2019,1,2019-10-06,2019-10-11,0.0767260500948783,0.2849929786551598,0.1949567484725114,0.110293114293988,4,1.825,valid
Uttar_Pradesh,Chitrakoot,2019,2,2019-10-11,2019-10-16,0.0926243636943695,0.2759568767008909,0.2130344429079996,0.132424898405765,2,1.0,valid
Uttar_Pradesh,Chitrakoot,2019,3,2019-10-16,2019-10-21,0.0787687096761264,0.2856746136860791,0.2176836695445993,0.1371005731860981,2,3.21,valid
Uttar_Pradesh,Chitrakoot,2019,4,2019-10-21,2019-10-26,0.0964574013805096,0.2704836311267726,0.2226326660528404,0.1479241233076612,1,5.0,valid
Uttar_Pradesh,Chitrakoot,2019,5,2019-10-26,2019-10-31,0.09859200404618455,0.2728074323405244,0.2292772132919841,0.15308719896886416,0,,insufficient_data
Uttar_Pradesh,Chitrakoot,2019,6,2019-10-31,2019-11-05,0.0959731891478635,0.2662057400836672,0.2338906875163907,0.1646857782594864,3,11.753333333333332,valid
Uttar_Pradesh,Chitrakoot,2019,7,2019-11-05,2019-11-10,0.1291363563320538,0.2657163001052122,0.2591446004380906,0.18330062168531,2,7.0,valid
Uttar_Pradesh,Chitrakoot,2019,8,2019-11-10,2019-11-15,0.1121696546722959,0.2597772239660409,0.24671453349957975,0.17616176442013476,0,,insufficient_data
Uttar_Pradesh,Chitrakoot,2019,9,2019-11-15,2019-11-20,0.1113994185369704,0.2474096317092433,0.247108312544258,0.1804988933156078,4,8.08,valid
Uttar_Pradesh,Chitrakoot,2019,10,2019-11-20,2019-11-25,0.11445244461236558,0.24862306137389031,0.24474482543726647,0.17733021572818888,0,,insufficient_data
Uttar_Pradesh,Chitrakoot,2019,11,2019-11-25,2019-11-30,0.11265356146429018,0.24008168313557143,0.23417490100559601,0.1699497122302285,0,,insufficient_data
Uttar_Pradesh,Chitrakoot,2019,12,2019-11-30,2019-12-05,0.1028215589680725,0.2327432523072155,0.2279815633294507,0.1681911321836489,3,1.8,valid
Uttar_Pradesh,Chitrakoot,2019,13,2019-12-05,2019-12-10,0.11328063292795004,0.23641770884873547,0.22770819523626504,0.16467512168753884,0,,insufficient_data
Uttar_Pradesh,Chitrakoot,2019,14,2019-12-10,2019-12-15,0.1237397068878276,0.2400921653902555,0.2274348271430794,0.1611591111914288,4,0.76,valid
Uttar_Pradesh,Chitrakoot,2019,15,2019-12-15,2019-12-20,0.11328063292795004,0.23641770884873547,0.22770819523626504,0.16467512168753884,0,,insufficient_data
Uttar_Pradesh,Chitrakoot,2019,16,2019-12-20,2019-12-25,0.1237397068878276,0.2400921653902555,0.2274348271430794,0.1611591111914288,0,,insufficient_data
Uttar_Pradesh,Chitrakoot,2019,17,2019-12-25,2019-12-30,0.0976566848970256,0.2527919281192857,0.20396965320074545,0.1352440389960928,0,,insufficient_data
Uttar_Pradesh,Chitrakoot,2019,18,2019-12-30,2020-01-04,0.0715736629062236,0.2654916908483159,0.1805044792584115,0.1093289668007568,0,,insufficient_data
Uttar_Pradesh,Chitrakoot,2019,19,2020-01-04,2020-01-09,0.06671009105428036,0.28280722989111007,0.17790122489370916,0.1083066010500125,0,,insufficient_data
Uttar_Pradesh,Chitrakoot,2019,20,2020-01-09,2020-01-14,0.0715736629062236,0.2654916908483159,0.1805044792584115,0.1093289668007568,3,3.19,valid
Uttar_Pradesh,Chitrakoot,2019,21,2020-01-14,2020-01-19,0.06440888621400831,0.2876169972331834,0.17605355168716322,0.10645310266072912,0,,insufficient_data
Uttar_Pradesh,Chitrakoot,2019,22,2020-01-19,2020-01-24,0.0618465192023371,0.3001227689339042,0.1752979705290068,0.1072842352992682,1,21.16,valid
Uttar_Pradesh,Chitrakoot,2019,23,2020-01-24,2020-01-29,0.0598064765334642,0.29723653191733,0.1723582052740714,0.1027461058821624,2,0.62,valid
Uttar_Pradesh,Chitrakoot,2019,24,2020-01-29,2020-02-03,0.0624782069546276,0.3158534138329009,0.17695371698269263,0.10512836951130014,0,,insufficient_data
Uttar_Pradesh,Chitrakoot,2019,25,2020-02-03,2020-02-08,0.0643932781640144,0.3314154392502179,0.1833192639693766,0.1092061032939459,3,2.07,valid
Uttar_Pradesh,Chitrakoot,2019,26,2020-02-08,2020-02-13,0.0584530112824134,0.3213730391377291,0.1661786419417849,0.0992202441837809,2,1.57,valid
Uttar_Pradesh,Chitrakoot,2019,27,2020-02-13,2020-02-18,0.0678917495909089,0.3291192899253233,0.1876145031992236,0.1071851588973433,2,0.5,valid
Uttar_Pradesh,Chitrakoot,2019,28,2020-02-18,2020-02-23,0.06262235302300437,0.31869840471705113,0.17780462240867995,0.10594868466037358,0,,insufficient_data
Uttar_Pradesh,Chitrakoot,2019,29,2020-02-23,2020-02-28,0.06217962173775185,0.31551914608375947,0.17642596201850577,0.10513433000198048,0,,insufficient_data
Uttar_Pradesh,Chitrakoot,2019,30,2020-02-28,2020-03-04,0.0573332826944794,0.3101846082976744,0.1652115571014075,0.0972855592628629,2,8.545,valid
Uttar_Pradesh,Chitrakoot,2019,31,2020-03-04,2020-03-09,0.0650404433832057,0.301399646974311,0.1866991458316071,0.1168463576639348,3,12.676666666666668,valid
Uttar_Pradesh,Chitrakoot,2019,32,2020-03-09,2020-03-14,0.07898331083365077,0.2711880535077378,0.1990786748137656,0.12890171528181305,0,,insufficient_data
Uttar_Pradesh,Chitrakoot,2019,33,2020-03-14,2020-03-19,0.0850927564510291,0.263713812736271,0.2036677508432944,0.1293661931467339,1,3.0,valid
Uttar_Pradesh,Chitrakoot,2019,34,2020-03-19,2020-03-24,0.0908142923087813,0.2277814403252195,0.2040042281439607,0.1361985065683617,2,0.0,valid
Uttar_Pradesh,Chitrakoot,2019,35,2020-03-24,2020-03-29,0.0966357793307584,0.2528607592052129,0.2358106921485583,0.1648119597671719,2,0.52,valid
Uttar_Pradesh,Chitrakoot,2019,36,2020-03-29,2020-04-03,0.1187011282536292,0.2335454165875533,0.265017219478426,0.1949519726494516,4,0.0625,valid
Uttar_Pradesh,Chitrakoot,2019,37,2020-04-03,2020-04-08,0.1232081279098574,0.24826005673158907,0.26975780960937124,0.1993640132636302,0,,insufficient_data
Uttar_Pradesh,Chitrakoot,2019,38,2020-04-08,2020-04-13,0.1460537130285137,0.2670746349957227,0.3152435736451125,0.2433449008629587,3,3.1333333333333333,valid
Uttar_Pradesh,Chitrakoot,2019,39,2020-04-13,2020-04-18,0.1638357266276044,0.2600380325442371,0.3287133346307987,0.2575127264702072,4,1.5,valid
Uttar_Pradesh,Chitrakoot,2019,40,2020-04-18,2020-04-23,0.1622611264574997,0.27601212687254023,0.3403486586054605,0.2647045716372816,0,,insufficient_data
Uttar_Pradesh,Chitrakoot,2019,41,2020-04-23,2020-04-28,0.176893939716381,0.3009237130776609,0.3770890675404703,0.293256087578679,4,16.8425,valid
Uttar_Pradesh,Chitrakoot,2019,42,2020-04-28,2020-05-03,0.1703648331719927,0.280480872810949,0.3529012010856345,0.2753844070244431,0,,insufficient_data
Uttar_Pradesh,Chitrakoot,2020,0,2020-10-01,2020-10-06,0.0842973346415044,0.2996789599177954,0.2206251752056458,0.1410665932279929,4,1.5924999999999998,valid
Uttar_Pradesh,Chitrakoot,2020,1,2020-10-06,2020-10-11,0.0974694322707223,0.2841300118483044,0.2309433546365877,0.1542303324792119,4,7.9,valid
Uttar_Pradesh,Chitrakoot,2020,2,2020-10-11,2020-10-16,0.10445905920011489,0.2735519709027615,0.23736231758100274,0.16398170440467688,0,,insufficient_data
Uttar_Pradesh,Chitrakoot,2020,3,2020-10-16,2020-10-21,0.1004233921707766,0.268582252936445,0.2400949842514911,0.1658968774431387,4,1.8475,valid
Uttar_Pradesh,Chitrakoot,2020,4,2020-10-21,2020-10-26,0.1089308656948455,0.2463513701774775,0.2325330975807218,0.1682905163992051,2,0.035,valid
Uttar_Pradesh,Chitrakoot,2020,5,2020-10-26,2020-10-31,0.1311742712227256,0.2690172596337853,0.2626149762305672,0.1904242024738358,2,1.0,valid
Uttar_Pradesh,Chitrakoot,2020,6,2020-10-31,2020-11-05,0.1291185793234378,0.2375235096523121,0.2420425225094948,0.1783190700809336,2,9.5,valid
Uttar_Pradesh,Chitrakoot,2020,7,2020-11-05,2020-11-10,0.11543125088756487,0.23949784632173327,0.237506110860125,0.17058850818191248,0,,insufficient_data
Uttar_Pradesh,Chitrakoot,2020,8,2020-11-10,2020-11-15,0.133228467234849,0.2392809285424147,0.2584894988135596,0.1932663919098992,3,3.843333333333333,valid
Uttar_Pradesh,Chitrakoot,2020,9,2020-11-15,2020-11-20,0.0747040709619664,0.2053161636026767,0.1918504591662815,0.1226423600456888,2,23.465,valid
Uttar_Pradesh,Chitrakoot,2020,10,2020-11-20,2020-11-25,0.10813765462616523,0.21997439063047036,0.22463482757964642,0.16459048035615811,0,,insufficient_data
Uttar_Pradesh,Chitrakoot,2020,11,2020-11-25,2020-11-30,0.1083550575362189,0.2198386166028232,0.2228962478304937,0.1690592015466307,2,7.15,valid
Uttar_Pradesh,Chitrakoot,2020,12,2020-11-30,2020-12-05,0.1189046131015586,0.2123954702854885,0.2171074356732886,0.1609443593557537,2,5.5,valid
Uttar_Pradesh,Chitrakoot,2020,13,2020-12-05,2020-12-10,0.1054960642962333,0.2230407741189487,0.2328304964146088,0.1770400889228182,2,0.225,valid
Uttar_Pradesh,Chitrakoot,2020,14,2020-12-10,2020-12-15,0.1441652444475244,0.2527477531709111,0.2282780374161154,0.1557792628913757,1,19.0,valid
Uttar_Pradesh,Chitrakoot,2020,15,2020-12-15,2020-12-20,0.11889263113280968,0.23578795415251647,0.2193540245690267,0.15670006079799284,0,,insufficient_data
Uttar_Pradesh,Chitrakoot,2020,16,2020-12-20,2020-12-25,0.0924648858386177,0.2421224800387103,0.2165520992871079,0.1554335614707443,3,14.9,valid
Uttar_Pradesh,Chitrakoot,2020,17,2020-12-25,2020-12-30,0.1334323479801144,0.2486332931485239,0.2020020540540127,0.1343030313492723,4,0.8225,valid
Uttar_Pradesh,Chitrakoot,2020,18,2020-12-30,2021-01-04,0.09978627334631754,0.27238078924077624,0.20976639932328478,0.13952745707833566,0,,insufficient_data
Uttar_Pradesh,Chitrakoot,2020,19,2021-01-04,2021-01-09,0.0740961281617043,0.2697358543664397,0.1896703799691866,0.1199798392813175,1,7.21,valid
Uttar_Pradesh,Chitrakoot,2020,20,2021-01-09,2021-01-14,0.0645021744362683,0.2883447728216337,0.1894546189421846,0.1203090362182148,1,0.03,valid
Uttar_Pradesh,Chitrakoot,2020,21,2021-01-14,2021-01-19,0.1344358303148829,0.3130675458285737,0.2511528443639321,0.1676118170721294,1,21.0,valid
Uttar_Pradesh,Chitrakoot,2020,22,2021-01-19,2021-01-24,0.0724272678775844,0.3030696212296192,0.1978116410489747,0.1247361307781747,3,4.976666666666667,valid
Uttar_Pradesh,Chitrakoot,2020,23,2021-01-24,2021-01-29,0.08604191800363017,0.3039832509326957,0.20206112220935218,0.12744242035700717,0,,insufficient_data
Uttar_Pradesh,Chitrakoot,2020,24,2021-01-29,2021-02-03,0.0931786497585289,0.3066628040505275,0.1902392553150701,0.1119176812126981,1,0.0,valid
Uttar_Pradesh,Chitrakoot,2020,25,2021-02-03,2021-02-08,0.0656656676308864,0.3087715107331242,0.1816472513765995,0.1126374365038188,4,0.7575,valid
Uttar_Pradesh,Chitrakoot,2020,26,2021-02-08,2021-02-13,0.07697659371118062,0.3031260176940944,0.18155252964706375,0.11033977484790325,0,,insufficient_data
Uttar_Pradesh,Chitrakoot,2020,27,2021-02-13,2021-02-18,0.0773793289976569,0.3033379573762421,0.1797336637304198,0.1083511089250461,4,0.885,valid
Uttar_Pradesh,Chitrakoot,2020,28,2021-02-18,2021-02-23,0.0781337038425849,0.2891747498709694,0.1657496031261393,0.0970127604641778,2,0.0,valid
Uttar_Pradesh,Chitrakoot,2020,29,2021-02-23,2021-02-28,0.070525618326246,0.3076830664396092,0.19039287468709,0.1217798871337755,2,1.085,valid
Uttar_Pradesh,Chitrakoot,2020,30,2021-02-28,2021-03-05,0.0812574435850415,0.2933338434966949,0.1963091093292172,0.1261722179678733,4,0.0025,valid
Uttar_Pradesh,Chitrakoot,2020,31,2021-03-05,2021-03-10,0.09151753231561417,0.2849518762662246,0.2011353655118147,0.13169014612211472,0,,insufficient_data
Uttar_Pradesh,Chitrakoot,2020,32,2021-03-10,2021-03-15,0.1041652880894478,0.2757906445245707,0.2215807205001764,0.149051351003682,4,2.1075,valid
Uttar_Pradesh,Chitrakoot,2020,33,2021-03-15,2021-03-20,0.1235056077347506,0.2587770769992789,0.2316445199164506,0.164434514041065,1,5.56,valid
Uttar_Pradesh,Chitrakoot,2020,34,2021-03-20,2021-03-25,0.1397687742009988,0.26452123283543,0.2720127236559405,0.20126529392448336,0,,insufficient_data
Uttar_Pradesh,Chitrakoot,2020,35,2021-03-25,2021-03-30,0.147224596952012,0.267139717960864,0.2893643227144509,0.2158877603973071,4,0.0025,valid
Uttar_Pradesh,Chitrakoot,2020,36,2021-03-30,2021-04-04,0.1530216225231943,0.2578180684812082,0.2984712996932337,0.2316774576300511,2,0.0,valid
Uttar_Pradesh,Chitrakoot,2020,37,2021-04-04,2021-04-09,0.1709267557055895,0.2630806562112283,0.3190027554553908,0.2452753865503116,2,0.0,valid
Uttar_Pradesh,Chitrakoot,2020,38,2021-04-09,2021-04-14,0.1820539603230344,0.2890277890757782,0.3489799394808174,0.2788492537934506,4,3.7525,valid
Uttar_Pradesh,Chitrakoot,2020,39,2021-04-14,2021-04-19,0.17791009262197827,0.2767154222238673,0.3337553139884136,0.26385739482472026,0,,insufficient_data
Uttar_Pradesh,Chitrakoot,2020,40,2021-04-19,2021-04-24,0.1946337067669428,0.2844021277537398,0.3490781125057008,0.2790115179273313,4,2.71,valid
Uttar_Pradesh,Chitrakoot,2020,41,2021-04-24,2021-04-29,0.1889144177911304,0.289248469597382,0.3532444628069253,0.2844733582224567,4,6.3725000000000005,valid
Uttar_Pradesh,Chitrakoot,2020,42,2021-04-29,2021-05-04,0.1917740622790366,0.2868252986755609,0.35116128765631305,0.28174243807489396,0,,insufficient_data
Uttar_Pradesh,Chitrakoot,2021,0,2021-10-01,2021-10-06,0.0862800153529813,0.2705201788609113,0.2148169612444338,0.1442069827428292,0,,insufficient_data
Uttar_Pradesh,Chitrakoot,2021,1,2021-10-06,2021-10-11,0.0890096363329653,0.2686009573702963,0.221288581758427,0.15112433236090983,0,,insufficient_data
Uttar_Pradesh,Chitrakoot,2021,2,2021-10-11,2021-10-16,0.0862800153529813,0.2705201788609113,0.2148169612444338,0.1442069827428292,2,0.1,valid
Uttar_Pradesh,Chitrakoot,2021,3,2021-10-16,2021-10-21,0.09612180719961709,0.25755616770128253,0.22284806739312235,0.15806164517100124,0,,insufficient_data
Uttar_Pradesh,Chitrakoot,2021,4,2021-10-21,2021-10-26,0.0917392573129493,0.2666817358796814,0.2277602022724202,0.1580416819789905,2,1.51,valid
Uttar_Pradesh,Chitrakoot,2021,5,2021-10-26,2021-10-31,0.1035500032571632,0.2484341156825345,0.2255823209420367,0.166555123368522,2,0.08,valid
Uttar_Pradesh,Chitrakoot,2021,6,2021-10-31,2021-11-05,0.1029179528753746,0.244588640382003,0.2232327851135987,0.1634427925936633,2,0.515,valid
Uttar_Pradesh,Chitrakoot,2021,7,2021-11-05,2021-11-10,0.1135689899639967,0.2522011786019215,0.2490394309681118,0.1846896016230503,2,2.19,valid
Uttar_Pradesh,Chitrakoot,2021,8,2021-11-10,2021-11-15,0.1128025090157355,0.2301374394290426,0.2315993649294906,0.172664772728683,2,10.655,valid
Uttar_Pradesh,Chitrakoot,2021,9,2021-11-15,2021-11-20,0.10936391653740399,0.2396602097938946,0.23615972822002618,0.17442104149377008,0,,insufficient_data
Uttar_Pradesh,Chitrakoot,2021,10,2021-11-20,2021-11-25,0.1081662142945091,0.2317135807626113,0.2407673318689037,0.1768869990296837,2,2.88,valid
Uttar_Pradesh,Chitrakoot,2021,11,2021-11-25,2021-11-30,0.10593337740345864,0.23031949427383056,0.2309921405324261,0.17013736434815685,0,,insufficient_data
Uttar_Pradesh,Chitrakoot,2021,12,2021-11-30,2021-12-05,0.09829423148800198,0.23303592751023072,0.22636567310006325,0.16424502338783656,0,,insufficient_data
Uttar_Pradesh,Chitrakoot,2021,13,2021-12-05,2021-12-10,0.0968314089001313,0.2291074626298377,0.220609724798884,0.1608603212861038,4,0.1825,valid
Uttar_Pradesh,Chitrakoot,2021,14,2021-12-10,2021-12-15,0.09298138725320637,0.23772368922720766,0.2164187066834926,0.15482685683451466,0,,insufficient_data
Uttar_Pradesh,Chitrakoot,2021,15,2021-12-15,2021-12-20,0.0898850712693656,0.2382867391382432,0.217719962632402,0.1549877498477222,2,0.215,valid
Uttar_Pradesh,Chitrakoot,2021,16,2021-12-20,2021-12-25,0.0922276815901222,0.2457768659135421,0.2109264326191919,0.148632499369718,4,6.8725,valid
Uttar_Pradesh,Chitrakoot,2021,17,2021-12-25,2021-12-30,0.0910563764297439,0.24203180252589263,0.21432319762579694,0.15181012460872012,0,,insufficient_data
Uttar_Pradesh,Chitrakoot,2021,18,2021-12-30,2022-01-04,0.0910563764297439,0.24203180252589263,0.21432319762579694,0.15181012460872012,0,,insufficient_data
Uttar_Pradesh,Chitrakoot,2021,19,2022-01-04,2022-01-09,0.0922276815901222,0.2457768659135421,0.2109264326191919,0.148632499369718,0,,insufficient_data
Uttar_Pradesh,Chitrakoot,2021,20,2022-01-09,2022-01-14,0.0633629844406136,0.2937327038391933,0.1774225810459242,0.1088403770900066,0,,insufficient_data
Uttar_Pradesh,Chitrakoot,2021,21,2022-01-14,2022-01-19,0.0635828385744864,0.3050548897393889,0.1798168696237212,0.1102838349488924,0,,insufficient_data
Uttar_Pradesh,Chitrakoot,2021,22,2022-01-19,2022-01-24,0.0635828385744864,0.3050548897393889,0.1798168696237212,0.1102838349488924,0,,insufficient_data
Uttar_Pradesh,Chitrakoot,2021,23,2022-01-24,2022-01-29,0.0633629844406136,0.2937327038391933,0.1774225810459242,0.1088403770900066,3,12.383333333333336,valid
Uttar_Pradesh,Chitrakoot,2021,24,2022-01-29,2022-02-03,0.0638026927083592,0.3163770756395845,0.1822111582015182,0.1117272928077782,2,0.12,valid
Uttar_Pradesh,Chitrakoot,2021,25,2022-02-03,2022-02-08,0.06215450300284588,0.31571000478449773,0.17622470544804653,0.10685664879843992,0,,insufficient_data
Uttar_Pradesh,Chitrakoot,2021,26,2022-02-08,2022-02-13,0.0628584005442015,0.3381113829901268,0.1735323029316236,0.1026220355651081,3,16.42,valid
Uttar_Pradesh,Chitrakoot,2021,27,2022-02-13,2022-02-18,0.0578552815737488,0.3086829488003773,0.1647861242677015,0.0989405840627927,2,0.23,valid
Uttar_Pradesh,Chitrakoot,2021,28,2022-02-18,2022-02-23,0.0628931557473063,0.3216459126532071,0.183171360793465,0.112152954466514,2,0.07,valid
Uttar_Pradesh,Chitrakoot,2021,29,2022-02-23,2022-02-28,0.0711784694262448,0.3168126325761121,0.186141155568796,0.1165424710371949,4,1.025,valid
Uttar_Pradesh,Chitrakoot,2021,30,2022-02-28,2022-03-05,0.07160667406244162,0.3083146146291349,0.19076807846258456,0.12029544358025594,0,,insufficient_data
Uttar_Pradesh,Chitrakoot,2021,31,2022-03-05,2022-03-10,0.0726895933852508,0.3042985133828493,0.1969873090801639,0.1261276001857204,4,0.0175,valid
Uttar_Pradesh,Chitrakoot,2021,32,2022-03-10,2022-03-15,0.0934168701796574,0.2901330657331286,0.2227544426027963,0.1477136081490578,2,0.045,valid
Uttar_Pradesh,Chitrakoot,2021,33,2022-03-15,2022-03-20,0.11100530252692356,0.2770076210955419,0.24776843963453626,0.17360084011920604,0,,insufficient_data
Uttar_Pradesh,Chitrakoot,2021,34,2022-03-20,2022-03-25,0.1121270288707687,0.2572729003799688,0.2476814488501115,0.1740418603340596,4,0.0025,valid
Uttar_Pradesh,Chitrakoot,2021,35,2022-03-25,2022-03-30,0.1311883639047655,0.2579569533407088,0.2716194672706156,0.1984989966969014,2,0.0,valid
Uttar_Pradesh,Chitrakoot,2021,36,2022-03-30,2022-04-04,0.1456046562941754,0.2753766726410539,0.2997995303689939,0.221622135230291,2,0.025,valid
Uttar_Pradesh,Chitrakoot,2021,37,2022-04-04,2022-04-09,0.162203007188533,0.2813916401496075,0.3276845758084504,0.2489923661190141,4,0.1175,valid
Uttar_Pradesh,Chitrakoot,2021,38,2022-04-09,2022-04-14,0.16235718497600068,0.28315488407380596,0.32081559497652484,0.24192907991298687,0,,insufficient_data
Uttar_Pradesh,Chitrakoot,2021,39,2022-04-14,2022-04-19,0.1836410696273769,0.2977197317020771,0.345778397076433,0.2634709997724268,4,0.63,valid
Uttar_Pradesh,Chitrakoot,2021,40,2022-04-19,2022-04-24,0.1891488278651527,0.3033294225355825,0.3591960043581313,0.2770609017463011,4,0.2299999999999999,valid
Uttar_Pradesh,Chitrakoot,2021,41,2022-04-24,2022-04-29,0.18639494874626478,0.3005245771188298,0.3524872007172821,0.27026595075936394,0,,insufficient_data
Uttar_Pradesh,Chitrakoot,2021,42,2022-04-29,2022-05-04,0.18639494874626478,0.3005245771188298,0.3524872007172821,0.27026595075936394,0,,insufficient_data
Uttar_Pradesh,Chitrakoot,2022,0,2022-10-01,2022-10-06,0.07536598975707325,0.2967449586313867,0.19679407916090605,0.11708631491218649,0,,insufficient_data
Uttar_Pradesh,Chitrakoot,2022,1,2022-10-06,2022-10-11,0.08009015815150976,0.2877312836314979,0.20436121286633901,0.12823624952101556,0,,insufficient_data
Uttar_Pradesh,Chitrakoot,2022,2,2022-10-11,2022-10-16,0.07702674978718,0.2788966575578889,0.1879608839955647,0.1126243805226866,2,3.4850000000000003,valid
Uttar_Pradesh,Chitrakoot,2022,3,2022-10-16,2022-10-21,0.0737052297269665,0.3145932597048846,0.2056272743262474,0.1215482493016864,1,20.14,valid
Uttar_Pradesh,Chitrakoot,2022,4,2022-10-21,2022-10-26,0.0895384949403828,0.2697039336317203,0.2194954802772049,0.1505361187386737,4,0.04,valid
Uttar_Pradesh,Chitrakoot,2022,5,2022-10-26,2022-10-31,0.08879738699390945,0.27333716349714804,0.2162982028693205,0.1441267115975031,0,,insufficient_data
Uttar_Pradesh,Chitrakoot,2022,6,2022-10-31,2022-11-05,0.0993740921765612,0.2566557079012568,0.2318003215149192,0.1670009770069908,4,0.5475000000000001,valid
Uttar_Pradesh,Chitrakoot,2022,7,2022-11-05,2022-11-10,0.1043423683384567,0.2468362586899897,0.2366070542326664,0.168923832417478,4,11.86,valid
Uttar_Pradesh,Chitrakoot,2022,8,2022-11-10,2022-11-15,0.1039989746677886,0.2390919595959718,0.23168283532104333,0.17068303758230818,0,,insufficient_data
Uttar_Pradesh,Chitrakoot,2022,9,2022-11-15,2022-11-20,0.107972526879216,0.2411171651680556,0.2411249051672246,0.1791730363851561,4,5.2725,valid
Uttar_Pradesh,Chitrakoot,2022,10,2022-11-20,2022-11-25,0.1022708076245294,0.2173799767680749,0.2168735697648934,0.1649596313735142,2,0.11,valid
Uttar_Pradesh,Chitrakoot,2022,11,2022-11-25,2022-11-30,0.1060350783201797,0.2334706894524819,0.2320083259255132,0.1733577107284018,2,0.2299999999999999,valid
Uttar_Pradesh,Chitrakoot,2022,12,2022-11-30,2022-12-05,0.0978341744986433,0.2264337950860522,0.2174792512099504,0.1593139777460275,4,3.1050000000000004,valid
Uttar_Pradesh,Chitrakoot,2022,13,2022-12-05,2022-12-10,0.09738510414523018,0.23158524147789325,0.21645065954736037,0.1587150035127693,0,,insufficient_data
Uttar_Pradesh,Chitrakoot,2022,14,2022-12-10,2022-12-15,0.0944224049128339,0.2343588830815758,0.2105851541076656,0.1521281159090241,4,0.1875,valid
Uttar_Pradesh,Chitrakoot,2022,15,2022-12-15,2022-12-20,0.0863630553699646,0.2462828630012815,0.2053069967287792,0.1438155818068789,4,4.9375,valid
Uttar_Pradesh,Chitrakoot,2022,16,2022-12-20,2022-12-25,0.08681138359174619,0.24560204241921943,0.20367835978324866,0.14264570498061183,0,,insufficient_data
Uttar_Pradesh,Chitrakoot,2022,17,2022-12-25,2022-12-30,0.0796486904924401,0.256164381174801,0.1951429285133012,0.1319934172259325,4,15.8375,valid
Uttar_Pradesh,Chitrakoot,2022,18,2022-12-30,2023-01-04,0.07911469907724329,0.26133274536876416,0.19815399702476352,0.13310127611728237,0,,insufficient_data
Uttar_Pradesh,Chitrakoot,2022,19,2023-01-04,2023-01-09,0.07252788188996974,0.27562959436011264,0.18928185215844887,0.12228014387568968,0,,insufficient_data
Uttar_Pradesh,Chitrakoot,2022,20,2023-01-09,2023-01-14,0.0713323513693252,0.2815509919302099,0.1940120658322101,0.1234948293190357,2,9.615,valid
Uttar_Pradesh,Chitrakoot,2022,21,2023-01-14,2023-01-19,0.06896747758873455,0.2853622009527685,0.1863513139810227,0.11742350720056825,0,,insufficient_data
Uttar_Pradesh,Chitrakoot,2022,22,2023-01-19,2023-01-24,0.0666026038081439,0.2891734099753271,0.1786905621298353,0.1113521850821008,4,2.6675,valid
Uttar_Pradesh,Chitrakoot,2022,23,2023-01-24,2023-01-29,0.0632842842057817,0.30168906796910017,0.17805842285087264,0.10989461149808538,0,,insufficient_data
Uttar_Pradesh,Chitrakoot,2022,24,2023-01-29,2023-02-03,0.06064067061131384,0.31285774781077313,0.1745266832214577,0.10720221353410495,0,,insufficient_data
Uttar_Pradesh,Chitrakoot,2022,25,2023-02-03,2023-02-08,0.0568918811504893,0.3154981205841972,0.1741550235578232,0.1055759785976811,4,0.12,valid
Uttar_Pradesh,Chitrakoot,2022,26,2023-02-08,2023-02-13,0.0583103004951684,0.3205337493866665,0.1653760398836219,0.0991554529935239,2,0.005,valid
Uttar_Pradesh,Chitrakoot,2022,27,2023-02-13,2023-02-18,0.0607578969914538,0.3262257112969018,0.1798851073145504,0.112725237463114,2,0.095,valid
Uttar_Pradesh,Chitrakoot,2022,28,2023-02-18,2023-02-23,0.0653216856214361,0.3130011192028146,0.1838036488344772,0.1139939144321137,4,0.8475,valid
Uttar_Pradesh,Chitrakoot,2022,29,2023-02-23,2023-02-28,0.07017711716395474,0.30850868496272676,0.1892636032451115,0.11969477648021738,0,,insufficient_data
Uttar_Pradesh,Chitrakoot,2022,30,2023-02-28,2023-03-05,0.0784548778025933,0.2993277336275701,0.1997029937437311,0.129304689282242,2,1.15,valid
Uttar_Pradesh,Chitrakoot,2022,31,2023-03-05,2023-03-10,0.0880408249091221,0.2834551112996809,0.2175502264491768,0.1432945882300933,4,3.91,valid
Uttar_Pradesh,Chitrakoot,2022,32,2023-03-10,2023-03-15,0.09985805819515854,0.2626959846598938,0.23256875400517552,0.1632675514182776,0,,insufficient_data
Uttar_Pradesh,Chitrakoot,2022,33,2023-03-15,2023-03-20,0.10616690835939765,0.2583451046080156,0.2441600312198604,0.175640100834131,0,,insufficient_data
Uttar_Pradesh,Chitrakoot,2022,34,2023-03-20,2023-03-25,0.1092469184065315,0.2236376312506291,0.239814094072584,0.1767798794544975,2,11.51,valid
Uttar_Pradesh,Chitrakoot,2022,35,2023-03-25,2023-03-30,0.1236896116623873,0.2443634624616951,0.2732077017552101,0.2036910487062775,1,6.02,valid
Uttar_Pradesh,Chitrakoot,2022,36,2023-03-30,2023-04-04,0.1314023090163541,0.2409415844005027,0.2905251400786001,0.2251302984975447,4,4.757499999999999,valid
Uttar_Pradesh,Chitrakoot,2022,37,2023-04-04,2023-04-09,0.13630709861204215,0.2474130148139703,0.29158968953155306,0.22691897560674396,0,,insufficient_data
Uttar_Pradesh,Chitrakoot,2022,38,2023-04-09,2023-04-14,0.1490939936038764,0.2540887842994616,0.3077333037130235,0.2456747579241127,3,6.246666666666667,valid
Uttar_Pradesh,Chitrakoot,2022,39,2023-04-14,2023-04-19,0.1681026603710615,0.2740336116575629,0.3466682080383476,0.2833188934512873,4,0.025,valid
Uttar_Pradesh,Chitrakoot,2022,40,2023-04-19,2023-04-24,0.162027420532218,0.2692824305073636,0.3341894020392464,0.26794112274122434,0,,insufficient_data
Uttar_Pradesh,Chitrakoot,2022,41,2023-04-24,2023-04-29,0.1688856076217161,0.2797248955650663,0.3481666943663682,0.274829716848273,3,9.94,valid
Uttar_Pradesh,Chitrakoot,2022,42,2023-04-29,2023-05-04,0.1684941339963888,0.2768792536113146,0.3474174512023579,0.27907430514978016,0,,insufficient_data
Uttar_Pradesh,Chitrakoot,2023,0,2023-10-01,2023-10-06,0.095582833033383,0.29377965011931045,0.22967710993614668,0.1559569830656685,0,,insufficient_data
Uttar_Pradesh,Chitrakoot,2023,1,2023-10-06,2023-10-11,0.0917245193813898,0.2817382953658085,0.2185832781640737,0.1509500904377148,2,0.0,valid
Uttar_Pradesh,Chitrakoot,2023,2,2023-10-11,2023-10-16,0.0966787656982506,0.3077990602188512,0.2362158025174297,0.1557383960938886,2,4.805,valid
Uttar_Pradesh,Chitrakoot,2023,3,2023-10-16,2023-10-21,0.0983452140205086,0.2918015947732718,0.2342322491269367,0.161182462665402,4,0.525,valid
Uttar_Pradesh,Chitrakoot,2023,4,2023-10-21,2023-10-26,0.10107358930847028,0.2848955026141177,0.2343379849435935,0.16212166948275494,0,,insufficient_data
Uttar_Pradesh,Chitrakoot,2023,5,2023-10-26,2023-10-31,0.1050519330395749,0.2780612878889549,0.2374153771414793,0.1683163888048851,4,0.06,valid
Uttar_Pradesh,Chitrakoot,2023,6,2023-10-31,2023-11-05,0.1135675144026275,0.2650772748237022,0.2452432177680481,0.1744210094118842,4,6.29,valid
Uttar_Pradesh,Chitrakoot,2023,7,2023-11-05,2023-11-10,0.11147334200859327,0.25312720079387246,0.2427322648464325,0.17438448407578078,0,,insufficient_data
Uttar_Pradesh,Chitrakoot,2023,8,2023-11-10,2023-11-15,0.1186803047321676,0.2558054467623759,0.2517623875385564,0.182347469556644,3,9.406666666666666,valid
Uttar_Pradesh,Chitrakoot,2023,9,2023-11-15,2023-11-20,0.1157585321552987,0.2305277093962709,0.2282391286714682,0.164852381008144,2,3.94,valid
Uttar_Pradesh,Chitrakoot,2023,10,2023-11-20,2023-11-25,0.1043084257132976,0.2361642850980585,0.2510012131126105,0.1819851715973466,2,6.545,valid
Uttar_Pradesh,Chitrakoot,2023,11,2023-11-25,2023-11-30,0.10691454516953976,0.23866515322525217,0.23375344445950674,0.16842100013437505,0,,insufficient_data
Uttar_Pradesh,Chitrakoot,2023,12,2023-11-30,2023-12-05,0.10299262531533047,0.23295172204621095,0.22775046343315686,0.1637788436602854,0,,insufficient_data
Uttar_Pradesh,Chitrakoot,2023,13,2023-12-05,2023-12-10,0.0957380721970401,0.23395778951428273,0.2236387753493617,0.16259632305781502,0,,insufficient_data
Uttar_Pradesh,Chitrakoot,2023,14,2023-12-10,2023-12-15,0.0889109180773951,0.2321631716443034,0.2040110485153919,0.1444989783753656,2,2.86,valid
Uttar_Pradesh,Chitrakoot,2023,15,2023-12-15,2023-12-20,0.09145289543891136,0.23285454172239484,0.20995755646773728,0.15290189878804925,0,,insufficient_data
Uttar_Pradesh,Chitrakoot,2023,16,2023-12-20,2023-12-25,0.0939948728004276,0.2335459118004863,0.2159040644200827,0.1613048192007329,1,27.82,valid
Uttar_Pradesh,Chitrakoot,2023,17,2023-12-25,2023-12-30,0.09145289543891136,0.23285454172239484,0.20995755646773728,0.15290189878804925,0,,insufficient_data
Uttar_Pradesh,Chitrakoot,2023,18,2023-12-30,2024-01-04,0.0774753544576966,0.24587400945609528,0.1974768293020645,0.1386065024764159,0,,insufficient_data
Uttar_Pradesh,Chitrakoot,2023,19,2024-01-04,2024-01-09,0.0767011975359871,0.255894335332489,0.20486704433815928,0.1430523078036058,0,,insufficient_data
Uttar_Pradesh,Chitrakoot,2023,20,2024-01-09,2024-01-14,0.06805435990376685,0.26706854709849037,0.19934853429719757,0.1339260521050423,0,,insufficient_data
Uttar_Pradesh,Chitrakoot,2023,21,2024-01-14,2024-01-19,0.0609558361149656,0.2582021071117042,0.1790495941840463,0.1159081857520989,1,0.07,valid
Uttar_Pradesh,Chitrakoot,2023,22,2024-01-19,2024-01-24,0.0751528836925681,0.2759349870852766,0.2196474744103488,0.1519439184579857,1,23.11,valid
Uttar_Pradesh,Chitrakoot,2023,23,2024-01-24,2024-01-29,0.060915948274071,0.28762147997596604,0.17719786756809977,0.11068987558499303,0,,insufficient_data
Uttar_Pradesh,Chitrakoot,2023,24,2024-01-29,2024-02-03,0.0617237604854299,0.2801243142545231,0.1760864501335398,0.1089437817853229,1,10.66,valid
Uttar_Pradesh,Chitrakoot,2023,25,2024-02-03,2024-02-08,0.0545510645467655,0.3032735454346303,0.1535866055062055,0.0871097429970762,2,19.33,valid
Uttar_Pradesh,Chitrakoot,2023,26,2024-02-08,2024-02-13,0.0521961965306259,0.320572445993696,0.1576192136063584,0.0895437489324815,1,10.22,valid
Uttar_Pradesh,Chitrakoot,2023,27,2024-02-13,2024-02-18,0.0533516428096606,0.3329586361141316,0.1624169074087423,0.093266862471337,2,20.785,valid
Uttar_Pradesh,Chitrakoot,2023,28,2024-02-18,2024-02-23,0.05402194375882668,0.3194891227306096,0.15920261945390893,0.09120786706561697,0,,insufficient_data
Uttar_Pradesh,Chitrakoot,2023,29,2024-02-23,2024-02-28,0.0559888711482547,0.3211518633799805,0.1631877512943295,0.0949111138615732,2,6.025,valid
Uttar_Pradesh,Chitrakoot,2023,30,2024-02-28,2024-03-04,0.06489311566652298,0.30214632617286513,0.17787516757942612,0.10968794254737937,0,,insufficient_data
Uttar_Pradesh,Chitrakoot,2023,31,2024-03-04,2024-03-09,0.07315268769856012,0.28684664412857225,0.19186804285306008,0.12372338760548406,0,,insufficient_data
Uttar_Pradesh,Chitrakoot,2023,32,2024-03-09,2024-03-14,0.0680639352384305,0.2940650959867534,0.1925629346818299,0.1231909642326067,4,1.015,valid
Uttar_Pradesh,Chitrakoot,2023,33,2024-03-14,2024-03-19,0.0821680134697461,0.2604097092105951,0.1933330769328028,0.1273828296240006,2,5.8100000000000005,valid
Uttar_Pradesh,Chitrakoot,2023,34,2024-03-19,2024-03-24,0.0863899309378092,0.2717599079369601,0.2183884085032781,0.1494086427037557,2,4.8500000000000005,valid
Uttar_Pradesh,Chitrakoot,2023,35,2024-03-24,2024-03-29,0.1115734519782962,0.2638972689154165,0.2556643900623505,0.1783508692972419,3,3.4599999999999995,valid
Uttar_Pradesh,Chitrakoot,2023,36,2024-03-29,2024-04-03,0.11113733034188253,0.2633391246591824,0.2497245014852653,0.176144474660685,0,,insufficient_data
Uttar_Pradesh,Chitrakoot,2023,37,2024-04-03,2024-04-08,0.1281964631972068,0.2533626859671387,0.2724564935548519,0.196914036731445,2,8.559999999999999,valid
Uttar_Pradesh,Chitrakoot,2023,38,2024-04-08,2024-04-13,0.1473587921263544,0.2672660512658015,0.308780138373043,0.2286659949469818,2,0.035,valid
Uttar_Pradesh,Chitrakoot,2023,39,2024-04-13,2024-04-18,0.16438110915402457,0.28643883898246336,0.3293772268588332,0.24968745004681753,0,,insufficient_data
Uttar_Pradesh,Chitrakoot,2023,40,2024-04-18,2024-04-23,0.1801809978867863,0.3018183312279587,0.3600300037953104,0.2773151864157631,4,1.7225,valid
Uttar_Pradesh,Chitrakoot,2023,41,2024-04-23,2024-04-28,0.17644265780629717,0.2974642233209049,0.34835080462682694,0.26727858781860836,0,,insufficient_data
Uttar_Pradesh,Chitrakoot,2023,42,2024-04-28,2024-05-03,0.2017881834057508,0.3233082874689545,0.3762422717121274,0.2958545820930802,2,15.745,valid
Uttar_Pradesh,Chitrakoot,2024,0,2024-10-01,2024-10-06,0.0739550602341652,0.3125423353272683,0.2029036449952735,0.1202487911777534,4,10.7775,valid
Uttar_Pradesh,Chitrakoot,2024,1,2024-10-06,2024-10-11,0.08040915914404351,0.2927038957003078,0.20678274395786547,0.13199113917189645,0,,insufficient_data
Uttar_Pradesh,Chitrakoot,2024,2,2024-10-11,2024-10-16,0.08257263885679163,0.2932280174352354,0.2107176305334218,0.13379851025703135,0,,insufficient_data
Uttar_Pradesh,Chitrakoot,2024,3,2024-10-16,2024-10-21,0.0821782505164325,0.2773805149573216,0.2006400189011943,0.1320126667990051,1,0.28,valid
Uttar_Pradesh,Chitrakoot,2024,4,2024-10-21,2024-10-26,0.0850941666815328,0.2881888368163334,0.2168045679771287,0.1437119595389308,2,0.235,valid
Uttar_Pradesh,Chitrakoot,2024,5,2024-10-26,2024-10-31,0.089063077995036,0.2948003826400183,0.2225222902600907,0.1392206235124361,2,16.424999999999997,valid
Uttar_Pradesh,Chitrakoot,2024,6,2024-10-31,2024-11-05,0.0956881932496342,0.27329556065174054,0.22515221728311818,0.15154037825285482,0,,insufficient_data
Uttar_Pradesh,Chitrakoot,2024,7,2024-11-05,2024-11-10,0.10528753791471,0.2611693437103801,0.2370897466074712,0.1626520979008815,4,2.89,valid
Uttar_Pradesh,Chitrakoot,2024,8,2024-11-10,2024-11-15,0.1168179331404597,0.2449387251346494,0.248704462669706,0.1801045435130205,4,0.6649999999999999,valid
Uttar_Pradesh,Chitrakoot,2024,9,2024-11-15,2024-11-20,0.11257811110946055,0.2360096828878327,0.23586677231394199,0.17261537439639238,0,,insufficient_data
Uttar_Pradesh,Chitrakoot,2024,10,2024-11-20,2024-11-25,0.1176720907728055,0.2342717657904,0.2441667912791258,0.1813818701519883,3,1.6766666666666667,valid
Uttar_Pradesh,Chitrakoot,2024,11,2024-11-25,2024-11-30,0.1134702668173143,0.2183667582313422,0.2180545793757523,0.1640994149812445,2,10.08,valid
Uttar_Pradesh,Chitrakoot,2024,12,2024-11-30,2024-12-05,0.1096427269020132,0.2213018215723917,0.2313182816376547,0.1748389454348271,2,0.1699999999999999,valid
Uttar_Pradesh,Chitrakoot,2024,13,2024-12-05,2024-12-10,0.1028579976362696,0.2186526629695203,0.2251187644638123,0.1685393079529037,4,3.145,valid
Uttar_Pradesh,Chitrakoot,2024,14,2024-12-10,2024-12-15,0.10292923691652704,0.2223215977788115,0.22111252553382763,0.16456618464276235,0,,insufficient_data
Uttar_Pradesh,Chitrakoot,2024,15,2024-12-15,2024-12-20,0.1001307444065578,0.2212540325225715,0.2194857608974416,0.1665869473197691,4,0.595,valid
Uttar_Pradesh,Chitrakoot,2024,16,2024-12-20,2024-12-25,0.0885444488204803,0.2320327135982319,0.2115852412944772,0.1487663075250673,3,9.756666666666668,valid
Uttar_Pradesh,Chitrakoot,2024,17,2024-12-25,2024-12-30,0.0836562238408933,0.23954041728129993,0.2058148448465065,0.14317884502850606,0,,insufficient_data
Uttar_Pradesh,Chitrakoot,2024,18,2024-12-30,2025-01-04,0.0783921991015986,0.2574187575753697,0.211947780782801,0.1397534077212018,1,24.62,valid
Uttar_Pradesh,Chitrakoot,2024,19,2025-01-04,2025-01-09,0.07652481212923463,0.2560202429991888,0.20006629991699823,0.13295174082112696,0,,insufficient_data
Uttar_Pradesh,Chitrakoot,2024,20,2025-01-09,2025-01-14,0.0675575030349365,0.2474561654290266,0.1802405964113062,0.117608717547986,2,0.41,valid
Uttar_Pradesh,Chitrakoot,2024,21,2025-01-14,2025-01-19,0.0716050975599231,0.287173335394127,0.1964915811794086,0.1256785304902527,1,23.35,valid
Uttar_Pradesh,Chitrakoot,2024,22,2025-01-19,2025-01-24,0.063732413373556,0.2824187515794696,0.18170264927697793,0.1136386963332177,0,,insufficient_data
Uttar_Pradesh,Chitrakoot,2024,23,2025-01-24,2025-01-29,0.0579198094311656,0.2901733555410167,0.1782395168681535,0.1098797567153395,4,0.5075000000000001,valid
Uttar_Pradesh,Chitrakoot,2024,24,2025-01-29,2025-02-03,0.0578472434681988,0.3048721499537081,0.1718389026490435,0.1013877805792926,4,0.1624999999999999,valid
Uttar_Pradesh,Chitrakoot,2024,25,2025-02-03,2025-02-08,0.05892843101866831,0.31164123450073233,0.17322643157260856,0.10352414910688135,0,,insufficient_data
Uttar_Pradesh,Chitrakoot,2024,26,2025-02-08,2025-02-13,0.0565972771232524,0.3209054070956076,0.1727101248156354,0.1020766818203357,4,1.2925,valid
Uttar_Pradesh,Chitrakoot,2024,27,2025-02-13,2025-02-18,0.0574619552440463,0.3139408777939346,0.1600375265569047,0.09285795722406,2,0.75,valid
Uttar_Pradesh,Chitrakoot,2024,28,2025-02-18,2025-02-23,0.0648158698266785,0.3283143821193948,0.1833060869733057,0.111418569195379,2,4.295,valid
Uttar_Pradesh,Chitrakoot,2024,29,2025-02-23,2025-02-28,0.058573579285899,0.3106944561115319,0.1632652719137899,0.0971532802772452,2,2.865,valid
Uttar_Pradesh,Chitrakoot,2024,30,2025-02-28,2025-03-05,0.06958308336851891,0.30880198051607877,0.18354431939002555,0.11380505538222563,0,,insufficient_data
Uttar_Pradesh,Chitrakoot,2024,31,2025-03-05,2025-03-10,0.0737262466158653,0.307253564941171,0.1944056293514654,0.1255095631477553,4,0.0125,valid
Uttar_Pradesh,Chitrakoot,2024,32,2025-03-10,2025-03-15,0.0933377658701055,0.2838066216143616,0.216707082154662,0.1420859070666886,4,7.959999999999999,valid
Uttar_Pradesh,Chitrakoot,2024,33,2025-03-15,2025-03-20,0.11192214202056232,0.2773532969648054,0.24654624724378332,0.1729294479380381,0,,insufficient_data
Uttar_Pradesh,Chitrakoot,2024,34,2025-03-20,2025-03-25,0.1138457240612977,0.26396044264207,0.2497580476454441,0.17565555559043,3,8.38,valid
Uttar_Pradesh,Chitrakoot,2024,35,2025-03-25,2025-03-30,0.130304089672055,0.253532304463616,0.267822237110649,0.1968620248041006,2,0.0,valid
Uttar_Pradesh,Chitrakoot,2024,36,2025-03-30,2025-04-04,0.1483968838834882,0.2782135511628082,0.3040382399566961,0.224534189081216,2,0.0,valid
Uttar_Pradesh,Chitrakoot,2024,37,2025-04-04,2025-04-09,0.1653524071020667,0.2834601635093062,0.3290115410443897,0.2489425412076429,4,0.0175,valid
Uttar_Pradesh,Chitrakoot,2024,38,2025-04-09,2025-04-14,0.1632220397388977,0.283901915539098,0.32342981273953375,0.2463273125479649,0,,insufficient_data
Uttar_Pradesh,Chitrakoot,2024,39,2025-04-14,2025-04-19,0.1747593593006782,0.293362174410513,0.3440399566523401,0.2609061044796914,4,0.1575,valid
Uttar_Pradesh,Chitrakoot,2024,40,2025-04-19,2025-04-24,0.1972974587362004,0.3109413841492466,0.3722370889335937,0.3003917031671737,4,0.0,valid
Uttar_Pradesh,Chitrakoot,2024,41,2025-04-24,2025-04-29,0.1860284090184393,0.3021517792798798,0.3581385227929669,0.28064890382343255,0,,insufficient_data
Uttar_Pradesh,Chitrakoot,2024,42,2025-04-29,2025-05-04,0.1860284090184393,0.3021517792798798,0.3581385227929669,0.28064890382343255,0,,insufficient_data
Uttar_Pradesh,Chitrakoot,2025,0,2025-10-01,2025-10-06,0.0813069137202218,0.2924419136207603,0.2096688009644134,0.1351167970906147,0,,insufficient_data
Uttar_Pradesh,Chitrakoot,2025,1,2025-10-06,2025-10-11,0.0754267362365271,0.3077199335100679,0.2091209039710297,0.1250439571251936,3,22.406666666666663,valid
Uttar_Pradesh,Chitrakoot,2025,2,2025-10-11,2025-10-16,0.0847511782715381,0.2814869235711237,0.2035988120498353,0.135288106335247,2,2.415,valid
Uttar_Pradesh,Chitrakoot,2025,3,2025-10-16,2025-10-21,0.0837428266526002,0.2881188837810892,0.2162866868723752,0.1450183278114035,2,0.16,valid
Uttar_Pradesh,Chitrakoot,2025,4,2025-10-21,2025-10-26,0.0834244765194439,0.2743833436862782,0.2195388101368593,0.1450093184561761,3,4.213333333333334,valid
Uttar_Pradesh,Chitrakoot,2025,5,2025-10-26,2025-10-31,0.08935895377579635,0.27509136730999095,0.22021820055202013,0.14994305481598158,0,,insufficient_data
Uttar_Pradesh,Chitrakoot,2025,6,2025-10-31,2025-11-05,0.09439381329036953,0.2646559411288826,0.22919112754165616,0.15981886738482864,0,,insufficient_data
Uttar_Pradesh,Chitrakoot,2025,7,2025-11-05,2025-11-10,0.1055173336596032,0.2563763182014727,0.2414484931490108,0.1744564666610998,4,3.785,valid
Uttar_Pradesh,Chitrakoot,2025,8,2025-11-10,2025-11-15,0.10101259953770916,0.23755004256479098,0.2297324579960125,0.16744683973370741,0,,insufficient_data
Uttar_Pradesh,Chitrakoot,2025,9,2025-11-15,2025-11-20,0.1048906163298308,0.2397452188466903,0.2394905200083794,0.1747913566106352,3,10.786666666666669,valid
Uttar_Pradesh,Chitrakoot,2025,10,2025-11-20,2025-11-25,0.0956195973023056,0.224553079303387,0.2132927468548177,0.1563809242257031,2,14.36,valid
Uttar_Pradesh,Chitrakoot,2025,11,2025-11-25,2025-11-30,0.0980228508590971,0.2295255539076139,0.2246980719718421,0.1641586114373915,2,0.36,valid
Uttar_Pradesh,Chitrakoot,2025,12,2025-11-30,2025-12-05,0.0896388973307983,0.2266103585261568,0.2081217098005324,0.1471338099064408,4,0.9425,valid
Uttar_Pradesh,Chitrakoot,2025,13,2025-12-05,2025-12-10,0.08843913716562157,0.23751030993373848,0.20781944420616344,0.1470086020294307,0,,insufficient_data
Uttar_Pradesh,Chitrakoot,2025,14,2025-12-10,2025-12-15,0.0881532352652736,0.2343188616217627,0.206845431050222,0.1486473903461514,4,0.7075,valid
Uttar_Pradesh,Chitrakoot,2025,15,2025-12-15,2025-12-20,0.0707611050706333,0.2725436963097721,0.1861392613534028,0.1187222742314668,1,15.71,valid
Uttar_Pradesh,Chitrakoot,2025,16,2025-12-20,2025-12-25,0.07629954430044183,0.2570298022963571,0.19554290749527936,0.1313365342224719,0,,insufficient_data
Uttar_Pradesh,Chitrakoot,2025,17,2025-12-25,2025-12-30,0.0699842925654186,0.2642268489575364,0.1936440300822133,0.1266399380897975,2,12.765,valid
Uttar_Pradesh,Chitrakoot,2025,18,2025-12-30,2026-01-04,0.06773925160542783,0.2667209053602499,0.18357436291772133,0.11750773509270501,0,,insufficient_data
Uttar_Pradesh,Chitrakoot,2025,19,2026-01-04,2026-01-09,0.06594732235609684,0.27175500704667743,0.18128257563721628,0.1141107383025552,0,,insufficient_data
Uttar_Pradesh,Chitrakoot,2025,20,2026-01-09,2026-01-14,0.0624723571802316,0.2633921708134411,0.170939797317548,0.1071609929568507,4,0.445,valid
Uttar_Pradesh,Chitrakoot,2025,21,2026-01-14,2026-01-19,0.06392883725143594,0.275519086091248,0.1751018484147178,0.10784613840893406,0,,insufficient_data
Uttar_Pradesh,Chitrakoot,2025,22,2026-01-19,2026-01-24,0.0653853173226403,0.2876460013690548,0.1792638995118876,0.1085312838610174,4,9.3725,valid
Uttar_Pradesh,Chitrakoot,2025,23,2026-01-24,2026-01-29,0.058085296597047725,0.29487525291546335,0.1651839945373939,0.0984339094894895,0,,insufficient_data
Uttar_Pradesh,Chitrakoot,2025,24,2026-01-29,2026-02-03,0.056622943069319774,0.3053696136161374,0.16326539361067585,0.09552488166703577,0,,insufficient_data
Uttar_Pradesh,Chitrakoot,2025,25,2026-02-03,2026-02-08,0.0527097889999567,0.3169314928760924,0.1588989662628445,0.0921414792074045,2,0.765,valid
Uttar_Pradesh,Chitrakoot,2025,26,2026-02-08,2026-02-13,0.0517737228853623,0.311531346603265,0.1516333150572955,0.0859018819326854,2,0.8700000000000001,valid
Uttar_Pradesh,Chitrakoot,2025,27,2026-02-13,2026-02-18,0.05671746928753817,0.31158008010498256,0.16533495135392734,0.09675114926792802,0,,insufficient_data
Uttar_Pradesh,Chitrakoot,2025,28,2026-02-18,2026-02-23,0.0567233127484499,0.3139082198028604,0.1693685636839268,0.099072610468608,3,12.603333333333332,valid
Uttar_Pradesh,Chitrakoot,2025,29,2026-02-23,2026-02-28,0.06277826062134355,0.29900554906479504,0.1743949571057426,0.1047288303456781,0,,insufficient_data
Uttar_Pradesh,Chitrakoot,2025,30,2026-02-28,2026-03-05,0.0656630525163838,0.3039492611377123,0.1814389604116426,0.1098886254630142,4,12.8825,valid
Uttar_Pradesh,Chitrakoot,2025,31,2026-03-05,2026-03-10,0.0769529543351782,0.2666333687153425,0.1951389892701054,0.1240522035184048,4,1.8875,valid
Uttar_Pradesh,Chitrakoot,2025,32,2026-03-10,2026-03-15,0.09472868625718114,0.25982548891199597,0.22247581192328675,0.15090488353125048,0,,insufficient_data
Uttar_Pradesh,Chitrakoot,2025,33,2026-03-15,2026-03-20,0.1064116949378253,0.256433832614922,0.232210014982147,0.1588104644991381,4,1.685,valid
Uttar_Pradesh,Chitrakoot,2025,34,2026-03-20,2026-03-25,0.1061380998329441,0.2268708228017712,0.2366114471347814,0.1691983942283733,2,0.1,valid
Uttar_Pradesh,Chitrakoot,2025,35,2026-03-25,2026-03-30,0.1184776296635743,0.2452401592902319,0.2669796478177575,0.1925747299473221,2,0.09,valid
Uttar_Pradesh,Chitrakoot,2025,36,2026-03-30,2026-04-04,0.11034247481144789,0.24284827156897504,0.24526703664489533,0.17352786289161118,0,,insufficient_data
Uttar_Pradesh,Chitrakoot,2025,37,2026-04-04,2026-04-09,0.1123078647482592,0.23605549104600154,0.2517955474762695,0.1808865620878477,0,,insufficient_data
Uttar_Pradesh,Chitrakoot,2025,38,2026-04-09,2026-04-14,0.1184776296635743,0.2452401592902319,0.2669796478177575,0.1925747299473221,0,,insufficient_data
Uttar_Pradesh,Chitrakoot,2025,39,2026-04-14,2026-04-19,,,,,0,,insufficient_data
Uttar_Pradesh,Chitrakoot,2025,40,2026-04-19,2026-04-24,,,,,0,,insufficient_data
Uttar_Pradesh,Chitrakoot,2025,41,2026-04-24,2026-04-29,,,,,0,,insufficient_data
Uttar_Pradesh,Chitrakoot,2025,42,2026-04-29,2026-05-04,,,,,0,,insufficient_data
