state,district,year,time_step,start_date,end_date,Red,NIR,SWIR1,SWIR2,image_count,mean_cloud_cover,quality_flag
Uttar_Pradesh,Kanpur Nagar,2010,0,2010-10-01,2010-10-06,,,,,0,,insufficient_data
Uttar_Pradesh,Kanpur Nagar,2010,1,2010-10-06,2010-10-11,0.1599499157711525,0.2662461160288929,0.2243624057703564,0.1547898809912337,0,,insufficient_data
Uttar_Pradesh,Kanpur Nagar,2010,2,2010-10-11,2010-10-16,0.1448323005967865,0.26799058662964975,0.24320992116689166,0.16991117718440069,0,,insufficient_data
Uttar_Pradesh,Kanpur Nagar,2010,3,2010-10-16,2010-10-21,0.1448323005967865,0.26799058662964975,0.24320992116689166,0.16991117718440069,0,,insufficient_data
Uttar_Pradesh,Kanpur Nagar,2010,4,2010-10-21,2010-10-26,0.1599499157711525,0.2662461160288929,0.2243624057703564,0.1547898809912337,1,22.0,valid
Uttar_Pradesh,Kanpur Nagar,2010,5,2010-10-26,2010-10-31,0.1297146854224205,0.2697350572304066,0.2620574365634269,0.1850324733775677,1,0.0,valid
Uttar_Pradesh,Kanpur Nagar,2010,6,2010-10-31,2010-11-05,0.141170228937619,0.2581598109143076,0.2499968452487265,0.17825583244412582,0,,insufficient_data
Uttar_Pradesh,Kanpur Nagar,2010,7,2010-11-05,2010-11-10,0.1369492880165188,0.2445075210862696,0.2426162662681311,0.1822856898849089,1,1.0,valid
Uttar_Pradesh,Kanpur Nagar,2010,8,2010-11-10,2010-11-15,0.13491033332644117,0.25546437587611254,0.2585416584081832,0.18607781626175654,0,,insufficient_data
Uttar_Pradesh,Kanpur Nagar,2010,9,2010-11-15,2010-11-20,0.1380670265403842,0.2521505493116615,0.2709512723929916,0.190915285522793,2,4.5,valid
Uttar_Pradesh,Kanpur Nagar,2010,10,2010-11-20,2010-11-25,0.13392122250383207,0.24619653866181102,0.2551856562918999,0.1849482443352716,0,,insufficient_data
Uttar_Pradesh,Kanpur Nagar,2010,11,2010-11-25,2010-11-30,0.1324071897474887,0.24704104744958172,0.26147035130378427,0.18627952156045297,0,,insufficient_data
Uttar_Pradesh,Kanpur Nagar,2010,12,2010-11-30,2010-12-05,0.1267473529545932,0.241931545587502,0.251989430214577,0.1816437575981129,1,0.0,valid
Uttar_Pradesh,Kanpur Nagar,2010,13,2010-12-05,2010-12-10,0.13271304060055683,0.24317602492656404,0.24910392039095147,0.182357970848011,0,,insufficient_data
Uttar_Pradesh,Kanpur Nagar,2010,14,2010-12-10,2010-12-15,0.13271304060055683,0.24317602492656404,0.24910392039095147,0.182357970848011,0,,insufficient_data
Uttar_Pradesh,Kanpur Nagar,2010,15,2010-12-15,2010-12-20,0.1386787282465205,0.2444205042656261,0.246218410567326,0.1830721840979091,2,0.0,valid
Uttar_Pradesh,Kanpur Nagar,2010,16,2010-12-20,2010-12-25,0.1386787282465205,0.2444205042656261,0.246218410567326,0.1830721840979091,0,,insufficient_data
Uttar_Pradesh,Kanpur Nagar,2010,17,2010-12-25,2010-12-30,0.1386787282465205,0.2444205042656261,0.246218410567326,0.1830721840979091,0,,insufficient_data
Uttar_Pradesh,Kanpur Nagar,2010,18,2010-12-30,2011-01-04,0.1164119080049824,0.25306251766895815,0.2229573264090893,0.15562271253507845,0,,insufficient_data
Uttar_Pradesh,Kanpur Nagar,2010,19,2011-01-04,2011-01-09,0.0941450877634443,0.2617045310722902,0.1996962422508526,0.1281732409722478,0,,insufficient_data
Uttar_Pradesh,Kanpur Nagar,2010,20,2011-01-09,2011-01-14,0.0941450877634443,0.2617045310722902,0.1996962422508526,0.1281732409722478,0,,insufficient_data
Uttar_Pradesh,Kanpur Nagar,2010,21,2011-01-14,2011-01-19,0.0941450877634443,0.2617045310722902,0.1996962422508526,0.1281732409722478,2,12.0,valid
Uttar_Pradesh,Kanpur Nagar,2010,22,2011-01-19,2011-01-24,0.09787748027377585,0.28190344973485976,0.19157614815381124,0.11771233744875531,0,,insufficient_data
Uttar_Pradesh,Kanpur Nagar,2010,23,2011-01-24,2011-01-29,0.08958687383386073,0.2982760292690197,0.1876074847256096,0.11515811208333764,0,,insufficient_data
Uttar_Pradesh,Kanpur Nagar,2010,24,2011-01-29,2011-02-03,0.08958687383386073,0.2982760292690197,0.1876074847256096,0.11515811208333764,0,,insufficient_data
Uttar_Pradesh,Kanpur Nagar,2010,25,2011-02-03,2011-02-08,0.1016098727841074,0.3021023683974293,0.1834560540567699,0.1072514339252628,2,4.5,valid
Uttar_Pradesh,Kanpur Nagar,2010,26,2011-02-08,2011-02-13,0.0730056609540305,0.3310211883373396,0.1796701578692063,0.1100496613525023,1,0.0,valid
Uttar_Pradesh,Kanpur Nagar,2010,27,2011-02-13,2011-02-18,0.08361323635076083,0.3242695690830387,0.18137612463613043,0.10695706463290854,0,,insufficient_data
Uttar_Pradesh,Kanpur Nagar,2010,28,2011-02-18,2011-02-23,0.0762241753141446,0.3396851505143472,0.1810021619824152,0.1035700986209605,2,0.0,valid
Uttar_Pradesh,Kanpur Nagar,2010,29,2011-02-23,2011-02-28,0.0745040489312499,0.33353794841208534,0.18123882068420794,0.10977358139498566,0,,insufficient_data
Uttar_Pradesh,Kanpur Nagar,2010,30,2011-02-28,2011-03-05,0.07876021681078314,0.32225385016987834,0.18172837982659165,0.1123363417788681,0,,insufficient_data
Uttar_Pradesh,Kanpur Nagar,2010,31,2011-03-05,2011-03-10,0.0742823105255746,0.3299075063845693,0.1830441422010023,0.1157009842114942,2,0.0,valid
Uttar_Pradesh,Kanpur Nagar,2010,32,2011-03-10,2011-03-15,0.0840361494073927,0.2999610857626693,0.18185441847137884,0.11647399537998467,0,,insufficient_data
Uttar_Pradesh,Kanpur Nagar,2010,33,2011-03-15,2011-03-20,0.0857741645926302,0.2971688936107184,0.1811388352963575,0.1177379425041496,2,0.0,valid
Uttar_Pradesh,Kanpur Nagar,2010,34,2011-03-20,2011-03-25,0.0920519731039733,0.27280685729272,0.1813802779167768,0.1159830594243102,1,6.0,valid
Uttar_Pradesh,Kanpur Nagar,2010,35,2011-03-25,2011-03-30,0.11119561119012503,0.26318594888312163,0.20818820297561533,0.14301186854063236,0,,insufficient_data
Uttar_Pradesh,Kanpur Nagar,2010,36,2011-03-30,2011-04-04,0.1144194372352446,0.2396818242951292,0.2120587053671204,0.1491880971293642,1,0.0,valid
Uttar_Pradesh,Kanpur Nagar,2010,37,2011-04-04,2011-04-09,0.152536869828652,0.2430862203339188,0.2581749933222066,0.1891383751047054,1,7.0,valid
Uttar_Pradesh,Kanpur Nagar,2010,38,2011-04-09,2011-04-14,0.1421854661148876,0.242927155005355,0.2515754506881667,0.18524254408997776,0,,insufficient_data
Uttar_Pradesh,Kanpur Nagar,2010,39,2011-04-14,2011-04-19,0.1596000912807662,0.246013420387017,0.2844926533751732,0.2174011600358636,1,8.0,valid
Uttar_Pradesh,Kanpur Nagar,2010,40,2011-04-19,2011-04-24,0.1560684805547091,0.2445498203604679,0.27133382334868994,0.2032697675702845,0,,insufficient_data
Uttar_Pradesh,Kanpur Nagar,2010,41,2011-04-24,2011-04-29,0.1596000912807662,0.246013420387017,0.2844926533751732,0.2174011600358636,0,,insufficient_data
Uttar_Pradesh,Kanpur Nagar,2010,42,2011-04-29,2011-05-04,0.1596000912807662,0.246013420387017,0.2844926533751732,0.2174011600358636,0,,insufficient_data
Uttar_Pradesh,Kanpur Nagar,2011,0,2011-10-01,2011-10-06,0.1074911184214464,0.2915694478592469,0.2282155743955395,0.157395668288292,2,0.5,valid
Uttar_Pradesh,Kanpur Nagar,2011,1,2011-10-06,2011-10-11,0.1263755467108267,0.2894121908424041,0.2441249080284783,0.1701731213027015,2,1.0,valid
Uttar_Pradesh,Kanpur Nagar,2011,2,2011-10-11,2011-10-16,0.12381199724944873,0.28464492163828703,0.24359728060702632,0.17370168795254712,0,,insufficient_data
Uttar_Pradesh,Kanpur Nagar,2011,3,2011-10-16,2011-10-21,0.12381199724944873,0.28464492163828703,0.24359728060702632,0.17370168795254712,0,,insufficient_data
Uttar_Pradesh,Kanpur Nagar,2011,4,2011-10-21,2011-10-26,0.1375693266160731,0.2729531262132101,0.2584513593970611,0.1935362742666478,2,7.5,valid
Uttar_Pradesh,Kanpur Nagar,2011,5,2011-10-26,2011-10-31,0.13872262853708206,0.25886162316728556,0.2572655369645007,0.1930080872617555,0,,insufficient_data
Uttar_Pradesh,Kanpur Nagar,2011,6,2011-10-31,2011-11-05,0.13872262853708206,0.25886162316728556,0.2572655369645007,0.1930080872617555,0,,insufficient_data
Uttar_Pradesh,Kanpur Nagar,2011,7,2011-11-05,2011-11-10,0.13872262853708206,0.25886162316728556,0.2572655369645007,0.1930080872617555,0,,insufficient_data
Uttar_Pradesh,Kanpur Nagar,2011,8,2011-11-10,2011-11-15,0.139875930458091,0.244770120121361,0.2560797145319404,0.1924799002568632,1,0.0,valid
Uttar_Pradesh,Kanpur Nagar,2011,9,2011-11-15,2011-11-20,0.1390812261676989,0.24312108444229466,0.2524691755667839,0.1927365439609465,0,,insufficient_data
Uttar_Pradesh,Kanpur Nagar,2011,10,2011-11-20,2011-11-25,0.1390812261676989,0.24312108444229466,0.2524691755667839,0.1927365439609465,0,,insufficient_data
Uttar_Pradesh,Kanpur Nagar,2011,11,2011-11-25,2011-11-30,0.1382865218773068,0.2414720487632283,0.2488586366016274,0.1929931876650298,2,0.5,valid
Uttar_Pradesh,Kanpur Nagar,2011,12,2011-11-30,2011-12-05,0.13787256739779605,0.23814361627994068,0.2382242170257105,0.18404603427583024,0,,insufficient_data
Uttar_Pradesh,Kanpur Nagar,2011,13,2011-12-05,2011-12-10,0.13787256739779605,0.23814361627994068,0.2382242170257105,0.18404603427583024,0,,insufficient_data
Uttar_Pradesh,Kanpur Nagar,2011,14,2011-12-10,2011-12-15,0.1374586129182853,0.2348151837966531,0.2275897974497936,0.1750988808866307,1,6.0,valid
Uttar_Pradesh,Kanpur Nagar,2011,15,2011-12-15,2011-12-20,0.12971624265328768,0.23550400132265908,0.21741642835524522,0.1649150688440679,0,,insufficient_data
Uttar_Pradesh,Kanpur Nagar,2011,16,2011-12-20,2011-12-25,0.12971624265328768,0.23550400132265908,0.21741642835524522,0.1649150688440679,0,,insufficient_data
Uttar_Pradesh,Kanpur Nagar,2011,17,2011-12-25,2011-12-30,0.1219738723882901,0.2361928188486651,0.2072430592606968,0.1547312568015051,2,0.0,valid
Uttar_Pradesh,Kanpur Nagar,2011,18,2011-12-30,2012-01-04,0.0998735828755735,0.25209656762439686,0.19319143734996097,0.1328172223437606,0,,insufficient_data
Uttar_Pradesh,Kanpur Nagar,2011,19,2012-01-04,2012-01-09,0.0998735828755735,0.25209656762439686,0.19319143734996097,0.1328172223437606,0,,insufficient_data
Uttar_Pradesh,Kanpur Nagar,2011,20,2012-01-09,2012-01-14,0.0777732933628569,0.2680003164001286,0.1791398154392251,0.1109031878860161,2,2.0,valid
Uttar_Pradesh,Kanpur Nagar,2011,21,2012-01-14,2012-01-19,0.08153646742410045,0.2953724218785456,0.1893083416081703,0.1193287362276432,0,,insufficient_data
Uttar_Pradesh,Kanpur Nagar,2011,22,2012-01-19,2012-01-24,0.08153646742410045,0.2953724218785456,0.1893083416081703,0.1193287362276432,0,,insufficient_data
Uttar_Pradesh,Kanpur Nagar,2011,23,2012-01-24,2012-01-29,0.08153646742410045,0.2953724218785456,0.1893083416081703,0.1193287362276432,0,,insufficient_data
Uttar_Pradesh,Kanpur Nagar,2011,24,2012-01-29,2012-02-03,0.085299641485344,0.3227445273569626,0.1994768677771155,0.1277542845692703,2,0.0,valid
Uttar_Pradesh,Kanpur Nagar,2011,25,2012-02-03,2012-02-08,0.085299641485344,0.3227445273569626,0.1994768677771155,0.1277542845692703,0,,insufficient_data
Uttar_Pradesh,Kanpur Nagar,2011,26,2012-02-08,2012-02-13,0.085299641485344,0.3227445273569626,0.1994768677771155,0.1277542845692703,0,,insufficient_data
Uttar_Pradesh,Kanpur Nagar,2011,27,2012-02-13,2012-02-18,0.07878791630295184,0.3284805126896074,0.19015465306103851,0.1206284367700216,0,,insufficient_data
Uttar_Pradesh,Kanpur Nagar,2011,28,2012-02-18,2012-02-23,0.0722761911205597,0.3342164980222522,0.1808324383449615,0.1135025889707729,0,,insufficient_data
Uttar_Pradesh,Kanpur Nagar,2011,29,2012-02-23,2012-02-28,0.0722761911205597,0.3342164980222522,0.1808324383449615,0.1135025889707729,0,,insufficient_data
Uttar_Pradesh,Kanpur Nagar,2011,30,2012-02-28,2012-03-04,0.0722761911205597,0.3342164980222522,0.1808324383449615,0.1135025889707729,2,0.0,valid
Uttar_Pradesh,Kanpur Nagar,2011,31,2012-03-04,2012-03-09,0.08343370343134379,0.31422631357612685,0.1849326152306558,0.11922664111432185,0,,insufficient_data
Uttar_Pradesh,Kanpur Nagar,2011,32,2012-03-09,2012-03-14,0.08343370343134379,0.31422631357612685,0.1849326152306558,0.11922664111432185,0,,insufficient_data
Uttar_Pradesh,Kanpur Nagar,2011,33,2012-03-14,2012-03-19,0.0945912157421279,0.2942361291300016,0.1890327921163501,0.1249506932578708,2,0.5,valid
Uttar_Pradesh,Kanpur Nagar,2011,34,2012-03-19,2012-03-24,0.11287727757133639,0.26782945732096797,0.2104041126161629,0.14669844625281656,0,,insufficient_data
Uttar_Pradesh,Kanpur Nagar,2011,35,2012-03-24,2012-03-29,0.11287727757133639,0.26782945732096797,0.2104041126161629,0.14669844625281656,0,,insufficient_data
Uttar_Pradesh,Kanpur Nagar,2011,36,2012-03-29,2012-04-03,0.1311633394005449,0.2414227855119343,0.2317754331159757,0.1684461992477623,2,0.5,valid
Uttar_Pradesh,Kanpur Nagar,2011,37,2012-04-03,2012-04-08,0.1509984550623535,0.24990161346494025,0.2642285165298248,0.1981346747266279,0,,insufficient_data
Uttar_Pradesh,Kanpur Nagar,2011,38,2012-04-08,2012-04-13,0.1509984550623535,0.24990161346494025,0.2642285165298248,0.1981346747266279,0,,insufficient_data
Uttar_Pradesh,Kanpur Nagar,2011,39,2012-04-13,2012-04-18,0.1509984550623535,0.24990161346494025,0.2642285165298248,0.1981346747266279,0,,insufficient_data
Uttar_Pradesh,Kanpur Nagar,2011,40,2012-04-18,2012-04-23,0.1708335707241621,0.2583804414179462,0.2966815999436739,0.2278231502054935,2,2.0,valid
Uttar_Pradesh,Kanpur Nagar,2011,41,2012-04-23,2012-04-28,0.1708335707241621,0.2583804414179462,0.2966815999436739,0.2278231502054935,0,,insufficient_data
Uttar_Pradesh,Kanpur Nagar,2011,42,2012-04-28,2012-05-03,0.1708335707241621,0.2583804414179462,0.2966815999436739,0.2278231502054935,0,,insufficient_data
Uttar_Pradesh,Kanpur Nagar,2012,0,2012-10-01,2012-10-06,0.1098219260776049,0.2818753561480674,0.2425836801941732,0.1710329104135163,0,,insufficient_data
Uttar_Pradesh,Kanpur Nagar,2012,1,2012-10-06,2012-10-11,0.1098219260776049,0.2818753561480674,0.2425836801941732,0.1710329104135163,0,,insufficient_data
Uttar_Pradesh,Kanpur Nagar,2012,2,2012-10-11,2012-10-16,0.1098219260776049,0.2818753561480674,0.2425836801941732,0.1710329104135163,2,2.5,valid
Uttar_Pradesh,Kanpur Nagar,2012,3,2012-10-16,2012-10-21,0.13094788811586575,0.28153686350089935,0.2533320815652827,0.1841906915537249,0,,insufficient_data
Uttar_Pradesh,Kanpur Nagar,2012,4,2012-10-21,2012-10-26,0.13094788811586575,0.28153686350089935,0.2533320815652827,0.1841906915537249,0,,insufficient_data
Uttar_Pradesh,Kanpur Nagar,2012,5,2012-10-26,2012-10-31,0.1520738501541266,0.2811983708537313,0.2640804829363922,0.1973484726939335,2,1.5,valid
Uttar_Pradesh,Kanpur Nagar,2012,6,2012-10-31,2012-11-05,0.14333863490789725,0.26797559163961204,0.25877432458462823,0.1932834064061956,0,,insufficient_data
Uttar_Pradesh,Kanpur Nagar,2012,7,2012-11-05,2012-11-10,0.14333863490789725,0.26797559163961204,0.25877432458462823,0.1932834064061956,0,,insufficient_data
Uttar_Pradesh,Kanpur Nagar,2012,8,2012-11-10,2012-11-15,0.1346034196616679,0.2547528124254928,0.2534681662328643,0.1892183401184577,2,1.5,valid
Uttar_Pradesh,Kanpur Nagar,2012,9,2012-11-15,2012-11-20,0.13516826551475525,0.25151091140673526,0.2513249462388354,0.1910152369576008,0,,insufficient_data
Uttar_Pradesh,Kanpur Nagar,2012,10,2012-11-20,2012-11-25,0.13516826551475525,0.25151091140673526,0.2513249462388354,0.1910152369576008,0,,insufficient_data
Uttar_Pradesh,Kanpur Nagar,2012,11,2012-11-25,2012-11-30,0.1357331113678426,0.2482690103879777,0.2491817262448065,0.1928121337967439,2,1.0,valid
Uttar_Pradesh,Kanpur Nagar,2012,12,2012-11-30,2012-12-05,0.14666662054660776,0.2532160711913542,0.25184579657949485,0.19573931995475075,0,,insufficient_data
Uttar_Pradesh,Kanpur Nagar,2012,13,2012-12-05,2012-12-10,0.14666662054660776,0.2532160711913542,0.25184579657949485,0.19573931995475075,0,,insufficient_data
Uttar_Pradesh,Kanpur Nagar,2012,14,2012-12-10,2012-12-15,0.1576001297253729,0.2581631319947307,0.2545098669141832,0.1986665061127576,2,19.5,valid
Uttar_Pradesh,Kanpur Nagar,2012,15,2012-12-15,2012-12-20,0.1576001297253729,0.2581631319947307,0.2545098669141832,0.1986665061127576,0,,insufficient_data
Uttar_Pradesh,Kanpur Nagar,2012,16,2012-12-20,2012-12-25,0.1576001297253729,0.2581631319947307,0.2545098669141832,0.1986665061127576,0,,insufficient_data
Uttar_Pradesh,Kanpur Nagar,2012,17,2012-12-25,2012-12-30,0.1576001297253729,0.2581631319947307,0.2545098669141832,0.1986665061127576,0,,insufficient_data
Uttar_Pradesh,Kanpur Nagar,2012,18,2012-12-30,2013-01-04,0.1459557688412532,0.2502072630059334,0.1971261684389016,0.1348719148088718,0,,insufficient_data
Uttar_Pradesh,Kanpur Nagar,2012,19,2013-01-04,2013-01-09,0.1459557688412532,0.2502072630059334,0.1971261684389016,0.1348719148088718,0,,insufficient_data
Uttar_Pradesh,Kanpur Nagar,2012,20,2013-01-09,2013-01-14,0.1459557688412532,0.2502072630059334,0.1971261684389016,0.1348719148088718,0,,insufficient_data
Uttar_Pradesh,Kanpur Nagar,2012,21,2013-01-14,2013-01-19,0.1459557688412532,0.2502072630059334,0.1971261684389016,0.1348719148088718,2,18.5,valid
Uttar_Pradesh,Kanpur Nagar,2012,22,2013-01-19,2013-01-24,0.1459557688412532,0.2502072630059334,0.1971261684389016,0.1348719148088718,0,,insufficient_data
Uttar_Pradesh,Kanpur Nagar,2012,23,2013-01-24,2013-01-29,0.1459557688412532,0.2502072630059334,0.1971261684389016,0.1348719148088718,0,,insufficient_data
Uttar_Pradesh,Kanpur Nagar,2012,24,2013-01-29,2013-02-03,0.1459557688412532,0.2502072630059334,0.1971261684389016,0.1348719148088718,0,,insufficient_data
Uttar_Pradesh,Kanpur Nagar,2012,25,2013-02-03,2013-02-08,,,,,0,,insufficient_data
Uttar_Pradesh,Kanpur Nagar,2012,26,2013-02-08,2013-02-13,,,,,0,,insufficient_data
Uttar_Pradesh,Kanpur Nagar,2012,27,2013-02-13,2013-02-18,0.0639326261791459,0.33582238797624,0.1799588990719882,0.1071963681891946,0,,insufficient_data
Uttar_Pradesh,Kanpur Nagar,2012,28,2013-02-18,2013-02-23,0.0639326261791459,0.33582238797624,0.1799588990719882,0.1071963681891946,0,,insufficient_data
Uttar_Pradesh,Kanpur Nagar,2012,29,2013-02-23,2013-02-28,0.0639326261791459,0.33582238797624,0.1799588990719882,0.1071963681891946,0,,insufficient_data
Uttar_Pradesh,Kanpur Nagar,2012,30,2013-02-28,2013-03-05,0.0639326261791459,0.33582238797624,0.1799588990719882,0.1071963681891946,2,1.0,valid
Uttar_Pradesh,Kanpur Nagar,2012,31,2013-03-05,2013-03-10,0.07628870079188295,0.31244192374043,0.18703648623922164,0.11730521835051361,0,,insufficient_data
Uttar_Pradesh,Kanpur Nagar,2012,32,2013-03-10,2013-03-15,0.07628870079188295,0.31244192374043,0.18703648623922164,0.11730521835051361,0,,insufficient_data
Uttar_Pradesh,Kanpur Nagar,2012,33,2013-03-15,2013-03-20,0.07628870079188295,0.31244192374043,0.18703648623922164,0.11730521835051361,0,,insufficient_data
Uttar_Pradesh,Kanpur Nagar,2012,34,2013-03-20,2013-03-25,0.08864477540462,0.28906145950462,0.1941140734064551,0.1274140685118326,1,3.0,valid
Uttar_Pradesh,Kanpur Nagar,2012,35,2013-03-25,2013-03-30,0.10439123122527265,0.2568201383433182,0.21558507147904665,0.15137762157194234,0,,insufficient_data
Uttar_Pradesh,Kanpur Nagar,2012,36,2013-03-30,2013-04-04,0.10439123122527265,0.2568201383433182,0.21558507147904665,0.15137762157194234,0,,insufficient_data
Uttar_Pradesh,Kanpur Nagar,2012,37,2013-04-04,2013-04-09,0.1201376870459253,0.2245788171820164,0.2370560695516382,0.1753411746320521,2,0.0,valid
Uttar_Pradesh,Kanpur Nagar,2012,38,2013-04-09,2013-04-14,0.1201376870459253,0.2245788171820164,0.2370560695516382,0.1753411746320521,0,,insufficient_data
Uttar_Pradesh,Kanpur Nagar,2012,39,2013-04-14,2013-04-19,0.1201376870459253,0.2245788171820164,0.2370560695516382,0.1753411746320521,0,,insufficient_data
Uttar_Pradesh,Kanpur Nagar,2012,40,2013-04-19,2013-04-24,0.1201376870459253,0.2245788171820164,0.2370560695516382,0.1753411746320521,0,,insufficient_data
Uttar_Pradesh,Kanpur Nagar,2012,41,2013-04-24,2013-04-29,,,,,0,,insufficient_data
Uttar_Pradesh,Kanpur Nagar,2012,42,2013-04-29,2013-05-04,,,,,0,,insufficient_data
Uttar_Pradesh,Kanpur Nagar,2013,0,2013-10-01,2013-10-06,0.0889087513204573,0.2943493954146343,0.2179348246878255,0.1322987157003843,0,,insufficient_data
Uttar_Pradesh,Kanpur Nagar,2013,1,2013-10-06,2013-10-11,0.09357855741662024,0.28722951539971775,0.21991505457705163,0.14386140337275682,0,,insufficient_data
Uttar_Pradesh,Kanpur Nagar,2013,2,2013-10-11,2013-10-16,0.0889087513204573,0.2943493954146343,0.2179348246878255,0.1322987157003843,1,23.0,valid
Uttar_Pradesh,Kanpur Nagar,2013,3,2013-10-16,2013-10-21,0.10617336644253639,0.28464102180473044,0.22921497004309335,0.1558045919285239,0,,insufficient_data
Uttar_Pradesh,Kanpur Nagar,2013,4,2013-10-21,2013-10-26,0.0982483635127832,0.2801096353848012,0.2218952844662778,0.1554240910451294,2,0.29,valid
Uttar_Pradesh,Kanpur Nagar,2013,5,2013-10-26,2013-10-31,0.1313629844943687,0.2794640346147558,0.2478148009751768,0.179690969040058,2,6.5,valid
Uttar_Pradesh,Kanpur Nagar,2013,6,2013-10-31,2013-11-05,0.12455177303924267,0.2715771466029425,0.24250895643401157,0.1777417154235133,0,,insufficient_data
Uttar_Pradesh,Kanpur Nagar,2013,7,2013-11-05,2013-11-10,0.1205455346402363,0.266280657505057,0.2456452914159322,0.1844883086208648,2,4.245,valid
Uttar_Pradesh,Kanpur Nagar,2013,8,2013-11-10,2013-11-15,0.13040775102754087,0.2608349290212482,0.24445645405752492,0.1838138838139301,0,,insufficient_data
Uttar_Pradesh,Kanpur Nagar,2013,9,2013-11-15,2013-11-20,0.1480502095095825,0.260454258907156,0.2546804488786595,0.1913634929880011,1,1.0,valid
Uttar_Pradesh,Kanpur Nagar,2013,10,2013-11-20,2013-11-25,0.121672275465976,0.2371407650580241,0.2296852749603312,0.1797127646067965,1,0.16,valid
Uttar_Pradesh,Kanpur Nagar,2013,11,2013-11-25,2013-11-30,0.1290894831723839,0.24336379856714854,0.2360323849279366,0.1827001725335257,0,,insufficient_data
Uttar_Pradesh,Kanpur Nagar,2013,12,2013-11-30,2013-12-05,0.1261680209459391,0.2453864069108922,0.2450652219129832,0.1913101242296567,2,0.0,valid
Uttar_Pradesh,Kanpur Nagar,2013,13,2013-12-05,2013-12-10,0.1204674267680379,0.2304737633925219,0.2146985939597725,0.1684143083096484,2,0.1149999999999999,valid
Uttar_Pradesh,Kanpur Nagar,2013,14,2013-12-10,2013-12-15,0.1263781126106094,0.2394881646980549,0.22530099563945816,0.17568746867903076,0,,insufficient_data
Uttar_Pradesh,Kanpur Nagar,2013,15,2013-12-15,2013-12-20,0.1626920198663123,0.2375281118913449,0.240853192740822,0.1926442244205067,1,20.0,valid
Uttar_Pradesh,Kanpur Nagar,2013,16,2013-12-20,2013-12-25,0.12277010027543135,0.23769425724478466,0.20555983454391175,0.15379934767510178,0,,insufficient_data
Uttar_Pradesh,Kanpur Nagar,2013,17,2013-12-25,2013-12-30,0.0961849828621484,0.2445643765974605,0.2005869739442549,0.1503812177563113,2,10.635,valid
Uttar_Pradesh,Kanpur Nagar,2013,18,2013-12-30,2014-01-04,0.1117359716052268,0.2382107770978113,0.1661005775307975,0.1037576402139408,1,0.0,valid
Uttar_Pradesh,Kanpur Nagar,2013,19,2014-01-04,2014-01-09,0.10396047723368759,0.2413875768476359,0.1833437757375262,0.12706942898512605,0,,insufficient_data
Uttar_Pradesh,Kanpur Nagar,2013,20,2014-01-09,2014-01-14,0.10396047723368759,0.2413875768476359,0.1833437757375262,0.12706942898512605,0,,insufficient_data
Uttar_Pradesh,Kanpur Nagar,2013,21,2014-01-14,2014-01-19,0.1117359716052268,0.2382107770978113,0.1661005775307975,0.1037576402139408,0,,insufficient_data
Uttar_Pradesh,Kanpur Nagar,2013,22,2014-01-19,2014-01-24,0.0838537684791244,0.3343648717981628,0.15222818032884,0.0809804968616834,0,,insufficient_data
Uttar_Pradesh,Kanpur Nagar,2013,23,2014-01-24,2014-01-29,0.07464107992067155,0.3290889871745494,0.16144372609854254,0.09343821876988045,0,,insufficient_data
Uttar_Pradesh,Kanpur Nagar,2013,24,2014-01-29,2014-02-03,0.07464107992067155,0.3290889871745494,0.16144372609854254,0.09343821876988045,0,,insufficient_data
Uttar_Pradesh,Kanpur Nagar,2013,25,2014-02-03,2014-02-08,0.0838537684791244,0.3343648717981628,0.15222818032884,0.0809804968616834,1,25.0,valid
Uttar_Pradesh,Kanpur Nagar,2013,26,2014-02-08,2014-02-13,0.0654283913622187,0.3238131025509359,0.1706592718682451,0.1058959406780775,2,16.425,valid
Uttar_Pradesh,Kanpur Nagar,2013,27,2014-02-13,2014-02-18,0.0688916494262683,0.3329306961946772,0.16551819616330637,0.09556431420264855,0,,insufficient_data
Uttar_Pradesh,Kanpur Nagar,2013,28,2014-02-18,2014-02-23,0.0729905542406867,0.3570169324255531,0.1827700078726113,0.1055855594653292,2,11.0,valid
Uttar_Pradesh,Kanpur Nagar,2013,29,2014-02-23,2014-02-28,0.0532938836230434,0.3165278780040567,0.1564153245835292,0.0897952598055041,1,9.8,valid
Uttar_Pradesh,Kanpur Nagar,2013,30,2014-02-28,2014-03-05,0.06587951669767131,0.3263314026811262,0.17403749316155803,0.1049419238486832,0,,insufficient_data
Uttar_Pradesh,Kanpur Nagar,2013,31,2014-03-05,2014-03-10,0.0679503987649037,0.3294289018198217,0.1792481881775011,0.1081278921724197,2,0.0,valid
Uttar_Pradesh,Kanpur Nagar,2013,32,2014-03-10,2014-03-15,0.07221531804782147,0.3040455725247694,0.1783277605335297,0.11171399877581885,0,,insufficient_data
Uttar_Pradesh,Kanpur Nagar,2013,33,2014-03-15,2014-03-20,0.0692832301620514,0.3023518984750733,0.1777164520125906,0.1162589839514798,2,0.03,valid
Uttar_Pradesh,Kanpur Nagar,2013,34,2014-03-20,2014-03-25,0.0983337596412874,0.267873611800126,0.1999310773604979,0.1326738591738718,2,15.5,valid
Uttar_Pradesh,Kanpur Nagar,2013,35,2014-03-25,2014-03-30,0.10583962995405713,0.2671009715782944,0.21854597193608005,0.15191776395239012,0,,insufficient_data
Uttar_Pradesh,Kanpur Nagar,2013,36,2014-03-30,2014-04-04,0.1092975594707604,0.2500281258749069,0.2271144516106497,0.16373811927646,2,12.77,valid
Uttar_Pradesh,Kanpur Nagar,2013,37,2014-04-04,2014-04-09,0.1464439705421293,0.2481502501630712,0.2694219067605821,0.1950000934077489,1,0.0,valid
Uttar_Pradesh,Kanpur Nagar,2013,38,2014-04-09,2014-04-14,0.15041772042099769,0.2662608495606428,0.2824821311759259,0.2135387769425134,0,,insufficient_data
Uttar_Pradesh,Kanpur Nagar,2013,39,2014-04-14,2014-04-19,0.1629056707289972,0.2809047969329049,0.2988220747881617,0.2284711405744157,1,26.61,valid
Uttar_Pradesh,Kanpur Nagar,2013,40,2014-04-19,2014-04-24,0.16412444073774346,0.2716717574558881,0.3009380243643513,0.23013899616453115,0,,insufficient_data
Uttar_Pradesh,Kanpur Nagar,2013,41,2014-04-24,2014-04-29,0.1830236809421039,0.2859602252716883,0.3345700915443101,0.2669457545114289,1,0.0,valid
Uttar_Pradesh,Kanpur Nagar,2013,42,2014-04-29,2014-05-04,0.17296467583555053,0.2834325111022966,0.3166960831662359,0.2477084475429223,0,,insufficient_data
Uttar_Pradesh,Kanpur Nagar,2014,0,2014-10-01,2014-10-06,0.10911344523273725,0.28374248256410667,0.23274923674329484,0.15721254684893854,0,,insufficient_data
Uttar_Pradesh,Kanpur Nagar,2014,1,2014-10-06,2014-10-11,0.1098297809851612,0.2978210429017795,0.2499379968621543,0.1762719399412412,2,2.895,valid
Uttar_Pradesh,Kanpur Nagar,2014,2,2014-10-11,2014-10-16,0.10898552963230934,0.2813863382157035,0.23637407265670418,0.16461309178858127,0,,insufficient_data
Uttar_Pradesh,Kanpur Nagar,2014,3,2014-10-16,2014-10-21,0.1083971094803133,0.2696639222264338,0.2155604766244354,0.1381531537566359,2,8.5,valid
Uttar_Pradesh,Kanpur Nagar,2014,4,2014-10-21,2014-10-26,0.1087296984314535,0.2766740495188971,0.2436237444835229,0.1794141816678667,2,11.09,valid
Uttar_Pradesh,Kanpur Nagar,2014,5,2014-10-26,2014-10-31,0.13333425122988335,0.2731676448243178,0.2513340695266413,0.18802342520652507,0,,insufficient_data
Uttar_Pradesh,Kanpur Nagar,2014,6,2014-10-31,2014-11-05,0.1808755616981964,0.2819153089029924,0.2839794018743194,0.2307751756625108,2,13.0,valid
Uttar_Pradesh,Kanpur Nagar,2014,7,2014-11-05,2014-11-10,0.141390520706691,0.26667564137749955,0.2629585807417343,0.20514425342443815,0,,insufficient_data
Uttar_Pradesh,Kanpur Nagar,2014,8,2014-11-10,2014-11-15,0.1353346353095702,0.264417298648948,0.2621726551242873,0.2037511897390869,2,0.315,valid
Uttar_Pradesh,Kanpur Nagar,2014,9,2014-11-15,2014-11-20,0.1406221873875438,0.2436959084391608,0.2620585214848075,0.2066364666282881,2,0.0,valid
Uttar_Pradesh,Kanpur Nagar,2014,10,2014-11-20,2014-11-25,0.13407340816655616,0.2511055398448942,0.2562069600528984,0.2018572424035978,0,,insufficient_data
Uttar_Pradesh,Kanpur Nagar,2014,11,2014-11-25,2014-11-30,0.1275398422824518,0.2460145608137388,0.2470787214585006,0.1966950038403421,2,0.74,valid
Uttar_Pradesh,Kanpur Nagar,2014,12,2014-11-30,2014-12-05,0.1327969676866588,0.2502943914777291,0.2535179421439981,0.2003463094066741,1,1.0,valid
Uttar_Pradesh,Kanpur Nagar,2014,13,2014-12-05,2014-12-10,0.12458731046544252,0.24490254174931778,0.2401042790216353,0.18957808834285098,0,,insufficient_data
Uttar_Pradesh,Kanpur Nagar,2014,14,2014-12-10,2014-12-15,0.113425121427217,0.2383986729564854,0.2197161734624072,0.1716929517815367,2,0.19,valid
Uttar_Pradesh,Kanpur Nagar,2014,15,2014-12-15,2014-12-20,0.1231110445569379,0.24434653221710723,0.23661705780320264,0.18601963059410542,0,,insufficient_data
Uttar_Pradesh,Kanpur Nagar,2014,16,2014-12-20,2014-12-25,0.11041283441426195,0.25350929440823455,0.1999942731211629,0.1426849205896824,0,,insufficient_data
Uttar_Pradesh,Kanpur Nagar,2014,17,2014-12-25,2014-12-30,0.11041283441426195,0.25350929440823455,0.1999942731211629,0.1426849205896824,0,,insufficient_data
Uttar_Pradesh,Kanpur Nagar,2014,18,2014-12-30,2015-01-04,0.1074005474013069,0.2686199158599837,0.1802723727799186,0.1136768893978281,0,,insufficient_data
Uttar_Pradesh,Kanpur Nagar,2014,19,2015-01-04,2015-01-09,0.1074005474013069,0.2686199158599837,0.1802723727799186,0.1136768893978281,1,5.0,valid
Uttar_Pradesh,Kanpur Nagar,2014,20,2015-01-09,2015-01-14,0.1074005474013069,0.2686199158599837,0.1802723727799186,0.1136768893978281,0,,insufficient_data
Uttar_Pradesh,Kanpur Nagar,2014,21,2015-01-14,2015-01-19,0.1074005474013069,0.2686199158599837,0.1802723727799186,0.1136768893978281,0,,insufficient_data
Uttar_Pradesh,Kanpur Nagar,2014,22,2015-01-19,2015-01-24,0.08679840192071164,0.29809535738204807,0.1751980060998121,0.10606039961287539,0,,insufficient_data
Uttar_Pradesh,Kanpur Nagar,2014,23,2015-01-24,2015-01-29,0.0661962564401164,0.3275707989041125,0.1701236394197056,0.0984439098279227,0,,insufficient_data
Uttar_Pradesh,Kanpur Nagar,2014,24,2015-01-29,2015-02-03,0.06553432998911149,0.32499667597355597,0.16919101041680285,0.1012019518091658,0,,insufficient_data
Uttar_Pradesh,Kanpur Nagar,2014,25,2015-02-03,2015-02-08,0.0661962564401164,0.3275707989041125,0.1701236394197056,0.0984439098279227,1,0.0,valid
Uttar_Pradesh,Kanpur Nagar,2014,26,2015-02-08,2015-02-13,0.06559180929837913,0.3270031432440815,0.1708747860473437,0.10220065938775358,0,,insufficient_data
Uttar_Pradesh,Kanpur Nagar,2014,27,2015-02-13,2015-02-18,0.0648724035381066,0.3224225530429994,0.1682583814139001,0.1039599937904089,2,1.275,valid
Uttar_Pradesh,Kanpur Nagar,2014,28,2015-02-18,2015-02-23,0.0657067679169144,0.3310160777851324,0.1742423373084254,0.1041980745449291,2,0.0,valid
Uttar_Pradesh,Kanpur Nagar,2014,29,2015-02-23,2015-02-28,0.06736870586385617,0.31655157075784485,0.17516386518601856,0.10792204019991053,0,,insufficient_data
Uttar_Pradesh,Kanpur Nagar,2014,30,2015-02-28,2015-03-05,0.07027965863254455,0.3066378183935867,0.17577285307193796,0.10905278333533817,0,,insufficient_data
Uttar_Pradesh,Kanpur Nagar,2014,31,2015-03-05,2015-03-10,0.0720820769973572,0.3013762401771158,0.1782776769579506,0.1107503798503146,0,,insufficient_data
Uttar_Pradesh,Kanpur Nagar,2014,32,2015-03-10,2015-03-15,0.0715269461365475,0.2962160814454027,0.1829908768357302,0.1156080522643936,2,0.0,valid
Uttar_Pradesh,Kanpur Nagar,2014,33,2015-03-15,2015-03-20,0.0790125169386097,0.2768965613008123,0.1775998167296962,0.1124450127416211,2,0.045,valid
Uttar_Pradesh,Kanpur Nagar,2014,34,2015-03-20,2015-03-25,0.10000905987397976,0.2655210699518373,0.2141129646467715,0.14688100274687513,0,,insufficient_data
Uttar_Pradesh,Kanpur Nagar,2014,35,2015-03-25,2015-03-30,0.1105893221942099,0.2308668389908382,0.2264675797497516,0.1608793195974258,2,0.0,valid
Uttar_Pradesh,Kanpur Nagar,2014,36,2015-03-30,2015-04-04,0.1389074542265519,0.2581047980702959,0.269393585271908,0.19859162638406,1,0.25,valid
Uttar_Pradesh,Kanpur Nagar,2014,37,2015-04-04,2015-04-09,0.1343589338304099,0.25051042675666674,0.26741830664401006,0.2026996974303874,0,,insufficient_data
Uttar_Pradesh,Kanpur Nagar,2014,38,2015-04-09,2015-04-14,0.14642880369352773,0.25727114370020016,0.28597505968610126,0.2208915486782737,0,,insufficient_data
Uttar_Pradesh,Kanpur Nagar,2014,39,2015-04-14,2015-04-19,0.15837529752663368,0.26607257860332073,0.3058108863315512,0.24089562503855635,0,,insufficient_data
Uttar_Pradesh,Kanpur Nagar,2014,40,2015-04-19,2015-04-24,0.1535800250704679,0.2625596432088661,0.3063937549103706,0.2486281463096765,2,0.035,valid
Uttar_Pradesh,Kanpur Nagar,2014,41,2015-04-24,2015-04-29,0.1826384132828812,0.2775532945308003,0.3416453188123749,0.2754671024219326,2,1.0,valid
Uttar_Pradesh,Kanpur Nagar,2014,42,2015-04-29,2015-05-04,0.16810921917667454,0.2700564688698332,0.32401953686137275,0.26204762436580453,0,,insufficient_data
Uttar_Pradesh,Kanpur Nagar,2015,0,2015-10-01,2015-10-06,0.1245699997628522,0.2847812952498029,0.2605279852729008,0.1910399872558112,2,0.0,valid
Uttar_Pradesh,Kanpur Nagar,2015,1,2015-10-06,2015-10-11,0.1320562843144198,0.2775509554594209,0.262265398295219,0.19514322205486265,0,,insufficient_data
Uttar_Pradesh,Kanpur Nagar,2015,2,2015-10-11,2015-10-16,0.1253010448545228,0.2803430809559287,0.258265231885522,0.1923067240501281,2,7.485,valid
Uttar_Pradesh,Kanpur Nagar,2015,3,2015-10-16,2015-10-21,0.1462978083258844,0.267528490172531,0.2680029777272343,0.2020829548586486,2,3.0,valid
Uttar_Pradesh,Kanpur Nagar,2015,4,2015-10-21,2015-10-26,0.14039385031305104,0.26804404885821004,0.2667521488211921,0.2032801650543259,0,,insufficient_data
Uttar_Pradesh,Kanpur Nagar,2015,5,2015-10-26,2015-10-31,0.13978432903152838,0.2656990043970031,0.26647803244487506,0.2047427126494774,0,,insufficient_data
Uttar_Pradesh,Kanpur Nagar,2015,6,2015-10-31,2015-11-05,0.14461209042386355,0.260817645544028,0.26921563263132614,0.20888804218259382,0,,insufficient_data
Uttar_Pradesh,Kanpur Nagar,2015,7,2015-11-05,2015-11-10,0.1495826977587459,0.2562605754461704,0.2739882368508201,0.2154508162542009,1,5.0,valid
Uttar_Pradesh,Kanpur Nagar,2015,8,2015-11-10,2015-11-15,0.1379557651869604,0.2586638710133825,0.265655683315924,0.209130355434932,2,0.78,valid
Uttar_Pradesh,Kanpur Nagar,2015,9,2015-11-15,2015-11-20,0.1454491024332956,0.25232564800270013,0.2668671393541587,0.20993349317428628,0,,insufficient_data
Uttar_Pradesh,Kanpur Nagar,2015,10,2015-11-20,2015-11-25,0.1539119666235084,0.252138636262573,0.2847595519781852,0.2320764355364787,2,4.5,valid
Uttar_Pradesh,Kanpur Nagar,2015,11,2015-11-25,2015-11-30,0.1403459801639677,0.2422395092886747,0.2430650852717055,0.1830763654715335,2,18.125,valid
Uttar_Pradesh,Kanpur Nagar,2015,12,2015-11-30,2015-12-05,0.13717185826441813,0.24531014702002882,0.25308501031874536,0.20085342361876668,0,,insufficient_data
Uttar_Pradesh,Kanpur Nagar,2015,13,2015-12-05,2015-12-10,0.1388869582019595,0.24633341223699604,0.25101405733388416,0.20022970640210047,1,29.0,missing_bands
Uttar_Pradesh,Kanpur Nagar,2015,14,2015-12-10,2015-12-15,0.13387862206144324,0.2443983375618037,0.23976555911911712,0.18961413002397434,0,,insufficient_data
Uttar_Pradesh,Kanpur Nagar,2015,15,2015-12-15,2015-12-20,0.1172576280057783,0.2415522955088387,0.2314303937063453,0.1874074698482878,2,8.815000000000001,valid
Uttar_Pradesh,Kanpur Nagar,2015,16,2015-12-20,2015-12-25,0.1440322580145837,0.2494032078878977,0.2448011983793006,0.1983585547521018,2,1.5,valid
Uttar_Pradesh,Kanpur Nagar,2015,17,2015-12-25,2015-12-30,0.1287392299506027,0.24576323753016377,0.22605623514317622,0.1771692574159411,0,,insufficient_data
Uttar_Pradesh,Kanpur Nagar,2015,18,2015-12-30,2016-01-04,0.1126947368839362,0.2388135654831674,0.2079806109156249,0.1610819952069463,1,29.99,valid
Uttar_Pradesh,Kanpur Nagar,2015,19,2016-01-04,2016-01-09,0.1409722968981126,0.2532838812407513,0.220012737571434,0.1618290098564286,2,0.5,valid
Uttar_Pradesh,Kanpur Nagar,2015,20,2016-01-09,2016-01-14,0.11398940641041373,0.25646154786554387,0.2049926174925033,0.14776154495666594,0,,insufficient_data
Uttar_Pradesh,Kanpur Nagar,2015,21,2016-01-14,2016-01-19,0.10461199880157088,0.2752622495113475,0.20115962936389692,0.14037373459201377,0,,insufficient_data
Uttar_Pradesh,Kanpur Nagar,2015,22,2016-01-19,2016-01-24,0.10191775277411576,0.28741181085407425,0.19888596884665424,0.13347098105370292,0,,insufficient_data
Uttar_Pradesh,Kanpur Nagar,2015,23,2016-01-24,2016-01-29,0.0883011854491924,0.2772871968727129,0.186984503990451,0.1203736298066229,2,19.0,valid
Uttar_Pradesh,Kanpur Nagar,2015,24,2016-01-29,2016-02-03,0.0764797759750423,0.3316643544487584,0.1896606649780778,0.1182103034980573,1,21.24,valid
Uttar_Pradesh,Kanpur Nagar,2015,25,2016-02-03,2016-02-08,0.07897219206262232,0.3163197062272748,0.18239036977058726,0.11321173281917679,0,,insufficient_data
Uttar_Pradesh,Kanpur Nagar,2015,26,2016-02-08,2016-02-13,0.08408481153827,0.339523175521386,0.1836243306949612,0.1087705639507507,2,2.0,valid
Uttar_Pradesh,Kanpur Nagar,2015,27,2016-02-13,2016-02-18,0.0670229952879846,0.3168040980662419,0.169291979418859,0.1054924340212763,2,6.68,valid
Uttar_Pradesh,Kanpur Nagar,2015,28,2016-02-18,2016-02-23,0.07421938421921902,0.3234124327201386,0.1797864994905099,0.1116606045576031,0,,insufficient_data
Uttar_Pradesh,Kanpur Nagar,2015,29,2016-02-23,2016-02-28,0.0735585253441604,0.3347013886669351,0.1887980395666336,0.1171247155973909,2,1.5,valid
Uttar_Pradesh,Kanpur Nagar,2015,30,2016-02-28,2016-03-04,0.07093090844620203,0.31804218511972276,0.17850722242235947,0.1126239514265539,0,,insufficient_data
Uttar_Pradesh,Kanpur Nagar,2015,31,2016-03-04,2016-03-09,0.0722112047064611,0.3026210686259913,0.1774316482815858,0.1152547046609945,2,8.905,valid
Uttar_Pradesh,Kanpur Nagar,2015,32,2016-03-09,2016-03-14,0.0928188140055857,0.2771463692807611,0.20259403300301204,0.13863982401447067,0,,insufficient_data
Uttar_Pradesh,Kanpur Nagar,2015,33,2016-03-14,2016-03-19,0.0992389102260608,0.2579613628187031,0.20719269748180488,0.14581152682016393,0,,insufficient_data
Uttar_Pradesh,Kanpur Nagar,2015,34,2016-03-19,2016-03-24,0.1017895452041087,0.2510729523607195,0.2108687560853795,0.1524133887724734,2,0.215,valid
Uttar_Pradesh,Kanpur Nagar,2015,35,2016-03-24,2016-03-29,0.1237159807676126,0.2201900674693984,0.2332776880784493,0.1697664870270239,2,0.0,valid
Uttar_Pradesh,Kanpur Nagar,2015,36,2016-03-29,2016-04-03,0.14005167960618403,0.2515278783533948,0.26667852997123176,0.20393336289778646,0,,insufficient_data
Uttar_Pradesh,Kanpur Nagar,2015,37,2016-04-03,2016-04-08,0.1485041821612927,0.2572328546848884,0.2852584419640863,0.2193591333319409,2,1.835,valid
Uttar_Pradesh,Kanpur Nagar,2015,38,2016-04-08,2016-04-13,0.16441002218232964,0.2653178193612193,0.3029883221110538,0.24039867008067956,0,,insufficient_data
Uttar_Pradesh,Kanpur Nagar,2015,39,2016-04-13,2016-04-18,0.1861970102917221,0.2776156388985728,0.337309233757012,0.2741944424597076,2,0.0,valid
Uttar_Pradesh,Kanpur Nagar,2015,40,2016-04-18,2016-04-23,0.1992229155086912,0.3062327163920175,0.3561079246446677,0.2982746175040458,2,3.315,valid
Uttar_Pradesh,Kanpur Nagar,2015,41,2016-04-23,2016-04-28,0.19901126640471903,0.2950654178755802,0.3555056748084433,0.29725133216527394,0,,insufficient_data
Uttar_Pradesh,Kanpur Nagar,2015,42,2016-04-28,2016-05-03,0.2116138734137438,0.3013478983361503,0.3730998660236502,0.3192849365320684,2,1.0,valid
Uttar_Pradesh,Kanpur Nagar,2016,0,2016-10-01,2016-10-06,0.1055614122397855,0.2930851172131404,0.2355441419037786,0.1693985206743834,0,,insufficient_data
Uttar_Pradesh,Kanpur Nagar,2016,1,2016-10-06,2016-10-11,0.1162702248812991,0.28703401192152433,0.2455493350503764,0.18025967403959064,0,,insufficient_data
Uttar_Pradesh,Kanpur Nagar,2016,2,2016-10-11,2016-10-16,0.1055614122397855,0.2930851172131404,0.2355441419037786,0.1693985206743834,2,0.245,valid
Uttar_Pradesh,Kanpur Nagar,2016,3,2016-10-16,2016-10-21,0.119784588027476,0.2794771369567358,0.24501318774288847,0.18238601382548317,0,,insufficient_data
Uttar_Pradesh,Kanpur Nagar,2016,4,2016-10-21,2016-10-26,0.1269790375228127,0.2809829066299083,0.2555545281969742,0.1911208274047979,2,0.5,valid
Uttar_Pradesh,Kanpur Nagar,2016,5,2016-10-26,2016-10-31,0.1268133143198298,0.2643633870271588,0.2439408931279126,0.1866386933972682,2,0.45,valid
Uttar_Pradesh,Kanpur Nagar,2016,6,2016-10-31,2016-11-05,0.14026010548279355,0.274371656755639,0.25915558379945525,0.19829449414775652,0,,insufficient_data
Uttar_Pradesh,Kanpur Nagar,2016,7,2016-11-05,2016-11-10,0.1761530464996294,0.2957061382803289,0.2812080059651555,0.2172636635572873,1,16.0,valid
Uttar_Pradesh,Kanpur Nagar,2016,8,2016-11-10,2016-11-15,0.1415396136595615,0.2660001326149153,0.2588635048262431,0.19970659670433757,0,,insufficient_data
Uttar_Pradesh,Kanpur Nagar,2016,9,2016-11-15,2016-11-20,0.1310950235889024,0.2564341950851601,0.2559189079077787,0.1981547922316726,2,16.495,valid
Uttar_Pradesh,Kanpur Nagar,2016,10,2016-11-20,2016-11-25,0.1320970702298844,0.2474968100670134,0.2543862123041257,0.1967692376311222,2,2.0,valid
Uttar_Pradesh,Kanpur Nagar,2016,11,2016-11-25,2016-11-30,0.13159604690939342,0.25196550257608674,0.2551525601059522,0.1974620149313974,0,,insufficient_data
Uttar_Pradesh,Kanpur Nagar,2016,12,2016-11-30,2016-12-05,0.12255661991291894,0.24367224829697798,0.2399077771306075,0.18710926647510806,1,17.54,missing_bands
Uttar_Pradesh,Kanpur Nagar,2016,13,2016-12-05,2016-12-10,0.11828741807492721,0.23729127490288696,0.2319022117420219,0.1815865035968258,0,,insufficient_data
Uttar_Pradesh,Kanpur Nagar,2016,14,2016-12-10,2016-12-15,0.12092369911492884,0.23706757011444624,0.2114908745672974,0.16144911430871675,0,,insufficient_data
Uttar_Pradesh,Kanpur Nagar,2016,15,2016-12-15,2016-12-20,0.10447776591997,0.2270857397387605,0.2094182111799181,0.1664037695625294,1,6.64,valid
Uttar_Pradesh,Kanpur Nagar,2016,16,2016-12-20,2016-12-25,0.12092369911492884,0.23706757011444624,0.2114908745672974,0.16144911430871675,0,,insufficient_data
Uttar_Pradesh,Kanpur Nagar,2016,17,2016-12-25,2016-12-30,0.1373696323098877,0.247049400490132,0.2135635379546767,0.1564944590549041,2,5.5,valid
Uttar_Pradesh,Kanpur Nagar,2016,18,2016-12-30,2017-01-04,0.10771562286749446,0.24830060691401581,0.20251240336293055,0.14706171814683552,0,,insufficient_data
Uttar_Pradesh,Kanpur Nagar,2016,19,2017-01-04,2017-01-09,0.10933455134125669,0.2589080405016435,0.1990594994544368,0.1373906924389886,0,,insufficient_data
Uttar_Pradesh,Kanpur Nagar,2016,20,2017-01-09,2017-01-14,0.0812994703726257,0.270766680513155,0.1845554609541969,0.1182869258230731,2,0.0,valid
Uttar_Pradesh,Kanpur Nagar,2016,21,2017-01-14,2017-01-19,0.07589392646289356,0.29026535912966056,0.18165736058348003,0.1139040849175641,0,,insufficient_data
Uttar_Pradesh,Kanpur Nagar,2016,22,2017-01-19,2017-01-24,0.07170915294316227,0.3027003269148389,0.17596725640218802,0.10978440556826759,0,,insufficient_data
Uttar_Pradesh,Kanpur Nagar,2016,23,2017-01-24,2017-01-29,0.0704883825531614,0.3097640377461662,0.1787592602127632,0.1095212440120551,2,0.0,valid
Uttar_Pradesh,Kanpur Nagar,2016,24,2017-01-29,2017-02-03,0.06879242609989906,0.33094564316860325,0.17553283788576493,0.10715909734973156,0,,insufficient_data
Uttar_Pradesh,Kanpur Nagar,2016,25,2017-02-03,2017-02-08,0.0633396059036997,0.3275702624851956,0.164587048039604,0.1015450468696746,2,10.955,valid
Uttar_Pradesh,Kanpur Nagar,2016,26,2017-02-08,2017-02-13,0.0725492898428361,0.3555026292744478,0.1832522054049276,0.110411001167465,2,5.5,valid
Uttar_Pradesh,Kanpur Nagar,2016,27,2017-02-13,2017-02-18,0.06772783711793631,0.33385606488748115,0.1745318916570144,0.1082933614248329,0,,insufficient_data
Uttar_Pradesh,Kanpur Nagar,2016,28,2017-02-18,2017-02-23,0.063548767433684,0.3164721304936391,0.1649653823036673,0.1031395329523713,2,0.8899999999999999,valid
Uttar_Pradesh,Kanpur Nagar,2016,29,2017-02-23,2017-02-28,0.0714736852915255,0.3358792372966421,0.1853229308798587,0.1180778647098207,2,0.0,valid
Uttar_Pradesh,Kanpur Nagar,2016,30,2017-02-28,2017-03-05,0.0717807217710946,0.3260215663377002,0.1773356469228731,0.11499418387968392,0,,insufficient_data
Uttar_Pradesh,Kanpur Nagar,2016,31,2017-03-05,2017-03-10,0.0803197125880743,0.3257133312228193,0.1817186275850933,0.1237651539768598,2,20.545,valid
Uttar_Pradesh,Kanpur Nagar,2016,32,2017-03-10,2017-03-15,0.08416543158774743,0.3071840731284979,0.18890119634686875,0.12808936742226473,0,,insufficient_data
Uttar_Pradesh,Kanpur Nagar,2016,33,2017-03-15,2017-03-20,0.10466122024481757,0.27574532738817364,0.20795167720452742,0.14810197278905968,0,,insufficient_data
Uttar_Pradesh,Kanpur Nagar,2016,34,2017-03-20,2017-03-25,0.1007028968836425,0.2599596508660323,0.1996620305756543,0.1424250835801137,2,0.145,valid
Uttar_Pradesh,Kanpur Nagar,2016,35,2017-03-25,2017-03-30,0.13482588352255667,0.2605115210430968,0.242006379560183,0.1794765861567477,0,,insufficient_data
Uttar_Pradesh,Kanpur Nagar,2016,36,2017-03-30,2017-04-04,0.1329610512627359,0.2415630000756693,0.2424743734528346,0.1781156808102056,2,0.0,valid
Uttar_Pradesh,Kanpur Nagar,2016,37,2017-04-04,2017-04-09,0.1708137024212916,0.280011912187589,0.2838827346520601,0.2178889940799238,2,0.03,valid
Uttar_Pradesh,Kanpur Nagar,2016,38,2017-04-09,2017-04-14,0.16771009871082868,0.27218092029988006,0.2945465098603899,0.22970784447863113,0,,insufficient_data
Uttar_Pradesh,Kanpur Nagar,2016,39,2017-04-14,2017-04-19,0.1776308183583791,0.2706114802479062,0.3218263193653355,0.2588314455769611,2,0.0,valid
Uttar_Pradesh,Kanpur Nagar,2016,40,2017-04-19,2017-04-24,0.1792931145268596,0.2823868937079503,0.31190388866290825,0.24690523236810633,0,,insufficient_data
Uttar_Pradesh,Kanpur Nagar,2016,41,2017-04-24,2017-04-29,0.1894348228009081,0.2965372886883557,0.3300026119713292,0.2639952574474341,2,0.03,valid
Uttar_Pradesh,Kanpur Nagar,2016,42,2017-04-29,2017-05-04,0.1835328205796436,0.283574384468131,0.3259144656683324,0.2614133515121976,0,,insufficient_data
Uttar_Pradesh,Kanpur Nagar,2017,0,2017-10-01,2017-10-06,0.0902405151211943,0.3127808158188164,0.2185993869656864,0.1406039562764011,2,9.985,valid
Uttar_Pradesh,Kanpur Nagar,2017,1,2017-10-06,2017-10-11,0.1060901817816242,0.295619407349675,0.2401145037845066,0.1641455499300987,2,3.5,valid
Uttar_Pradesh,Kanpur Nagar,2017,2,2017-10-11,2017-10-16,0.11211251689859772,0.29164277249359194,0.2380692055055098,0.16735158599693697,0,,insufficient_data
Uttar_Pradesh,Kanpur Nagar,2017,3,2017-10-16,2017-10-21,0.1116330186266701,0.2762163360278022,0.2331732766988903,0.1704242650267405,2,0.045,valid
Uttar_Pradesh,Kanpur Nagar,2017,4,2017-10-21,2017-10-26,0.1404863520649022,0.2819545307780742,0.260389654572956,0.1942325727545077,2,1.0,valid
Uttar_Pradesh,Kanpur Nagar,2017,5,2017-10-26,2017-10-31,0.1270937470875904,0.2728448243234221,0.24857508427684008,0.18393963385796444,0,,insufficient_data
Uttar_Pradesh,Kanpur Nagar,2017,6,2017-10-31,2017-11-05,0.1291618705711989,0.2603636061643898,0.252162321558674,0.1871620637926452,1,2.23,valid
Uttar_Pradesh,Kanpur Nagar,2017,7,2017-11-05,2017-11-10,0.13204408671830503,0.2603969864017292,0.25470147559633954,0.19248570340060836,0,,insufficient_data
Uttar_Pradesh,Kanpur Nagar,2017,8,2017-11-10,2017-11-15,0.13477203817981262,0.25139022958554286,0.25707479933385136,0.2003656060980288,0,,insufficient_data
Uttar_Pradesh,Kanpur Nagar,2017,9,2017-11-15,2017-11-20,0.126484037518814,0.2388728222627237,0.2515524506573887,0.1960624736546722,2,11.265,valid
Uttar_Pradesh,Kanpur Nagar,2017,10,2017-11-20,2017-11-25,0.13757712198411948,0.2469035412961194,0.2595310382214401,0.20696737725072065,0,,insufficient_data
Uttar_Pradesh,Kanpur Nagar,2017,11,2017-11-25,2017-11-30,0.1486702064494249,0.2549342603295151,0.2675096257854915,0.2178722808467691,2,7.5,valid
Uttar_Pradesh,Kanpur Nagar,2017,12,2017-11-30,2017-12-05,0.13757712198411948,0.2469035412961194,0.2595310382214401,0.20696737725072065,0,,insufficient_data
Uttar_Pradesh,Kanpur Nagar,2017,13,2017-12-05,2017-12-10,0.1486702064494249,0.2549342603295151,0.2675096257854915,0.2178722808467691,0,,insufficient_data
Uttar_Pradesh,Kanpur Nagar,2017,14,2017-12-10,2017-12-15,0.16035354199376195,0.24691886870783408,0.253210575746988,0.20725570892476014,0,,insufficient_data
Uttar_Pradesh,Kanpur Nagar,2017,15,2017-12-15,2017-12-20,0.172036877538099,0.2389034770861531,0.2389115257084846,0.1966391370027512,0,,insufficient_data
Uttar_Pradesh,Kanpur Nagar,2017,16,2017-12-20,2017-12-25,0.172036877538099,0.2389034770861531,0.2389115257084846,0.1966391370027512,0,,insufficient_data
Uttar_Pradesh,Kanpur Nagar,2017,17,2017-12-25,2017-12-30,0.172036877538099,0.2389034770861531,0.2389115257084846,0.1966391370027512,1,28.0,valid
Uttar_Pradesh,Kanpur Nagar,2017,18,2017-12-30,2018-01-04,0.172036877538099,0.2389034770861531,0.2389115257084846,0.1966391370027512,0,,insufficient_data
Uttar_Pradesh,Kanpur Nagar,2017,19,2018-01-04,2018-01-09,0.11725276261331165,0.2581967802011294,0.19701571185650354,0.14762905893182546,0,,insufficient_data
Uttar_Pradesh,Kanpur Nagar,2017,20,2018-01-09,2018-01-14,0.11725276261331165,0.2581967802011294,0.19701571185650354,0.14762905893182546,0,,insufficient_data
Uttar_Pradesh,Kanpur Nagar,2017,21,2018-01-14,2018-01-19,0.07412307714934505,0.2965124720754809,0.15706647656995637,0.09407690445544704,0,,insufficient_data
Uttar_Pradesh,Kanpur Nagar,2017,22,2018-01-19,2018-01-24,0.0624686476885243,0.2774900833161057,0.1551198980045225,0.0986189808608997,1,2.89,valid
Uttar_Pradesh,Kanpur Nagar,2017,23,2018-01-24,2018-01-29,0.07138291811226433,0.30417832766042613,0.15986905296252066,0.09699976145950735,0,,insufficient_data
Uttar_Pradesh,Kanpur Nagar,2017,24,2018-01-29,2018-02-03,0.0857775066101658,0.3155348608348561,0.1590130551353902,0.0895348280499944,1,8.0,valid
Uttar_Pradesh,Kanpur Nagar,2017,25,2018-02-03,2018-02-08,0.0659026000381029,0.3195100388303164,0.1654742057476492,0.102845475467628,1,25.99,valid
Uttar_Pradesh,Kanpur Nagar,2017,26,2018-02-08,2018-02-13,0.07047178490305225,0.32950149344484764,0.1659148784222716,0.09945619810777788,0,,insufficient_data
Uttar_Pradesh,Kanpur Nagar,2017,27,2018-02-13,2018-02-18,0.05614945851032,0.340536752360648,0.1659834720803077,0.0970097037052094,2,0.0,valid
Uttar_Pradesh,Kanpur Nagar,2017,28,2018-02-18,2018-02-23,0.0740575744536203,0.34242432175357,0.1731887807257393,0.1084347852082797,2,8.56,valid
Uttar_Pradesh,Kanpur Nagar,2017,29,2018-02-23,2018-02-28,0.07202867593770845,0.32727088524258496,0.17218910531786638,0.10761781564999091,0,,insufficient_data
Uttar_Pradesh,Kanpur Nagar,2017,30,2018-02-28,2018-03-05,0.0847232766986555,0.3225002233089758,0.175483976795853,0.1093463642935322,2,0.0,valid
Uttar_Pradesh,Kanpur Nagar,2017,31,2018-03-05,2018-03-10,0.0803232189724032,0.3083259440904529,0.1791107812348438,0.11655026241937243,0,,insufficient_data
Uttar_Pradesh,Kanpur Nagar,2017,32,2018-03-10,2018-03-15,0.073184394088238,0.303622243547146,0.1741001916695655,0.1156804093929424,2,0.5650000000000001,valid
Uttar_Pradesh,Kanpur Nagar,2017,33,2018-03-15,2018-03-20,0.089327630649099,0.2647569877521196,0.1936701757482174,0.1327394907827354,2,0.0,valid
Uttar_Pradesh,Kanpur Nagar,2017,34,2018-03-20,2018-03-25,0.10602489474978666,0.26601065812836255,0.21164228749260494,0.1490966556325537,0,,insufficient_data
Uttar_Pradesh,Kanpur Nagar,2017,35,2018-03-25,2018-03-30,0.1095368051365147,0.2450853290369749,0.213049424470132,0.1538668509216767,2,0.005,valid
Uttar_Pradesh,Kanpur Nagar,2017,36,2018-03-30,2018-04-04,0.1520507491252949,0.2505780721772097,0.2657493580825048,0.1940998714328603,2,2.5,valid
Uttar_Pradesh,Kanpur Nagar,2017,37,2018-04-04,2018-04-09,0.15187186512704196,0.258140954837186,0.26991306651207275,0.2065976200024493,0,,insufficient_data
Uttar_Pradesh,Kanpur Nagar,2017,38,2018-04-09,2018-04-14,0.15971843410572586,0.2637420034078655,0.2847221907353244,0.22270022010090829,0,,insufficient_data
Uttar_Pradesh,Kanpur Nagar,2017,39,2018-04-14,2018-04-19,0.1764456437621296,0.2699608948648291,0.30861311282372184,0.24564467649398547,0,,insufficient_data
Uttar_Pradesh,Kanpur Nagar,2017,40,2018-04-19,2018-04-24,0.1940280411193163,0.2787594632973735,0.3309404169835813,0.2718261376528109,2,0.0,valid
Uttar_Pradesh,Kanpur Nagar,2017,41,2018-04-24,2018-04-29,0.1832581410417776,0.2805451491199041,0.3291495634050794,0.2710080203962852,2,0.3249999999999999,valid
Uttar_Pradesh,Kanpur Nagar,2017,42,2018-04-29,2018-05-04,0.18864309108054694,0.2796523062086388,0.3300449901943303,0.27141707902454804,0,,insufficient_data
Uttar_Pradesh,Kanpur Nagar,2018,0,2018-10-01,2018-10-06,0.1052716268266444,0.2975101886782259,0.2326237702907894,0.1609296714621276,2,7.965,valid
Uttar_Pradesh,Kanpur Nagar,2018,1,2018-10-06,2018-10-11,0.11271903690141101,0.2792467827541066,0.2369710192375808,0.16883743171598023,0,,insufficient_data
Uttar_Pradesh,Kanpur Nagar,2018,2,2018-10-11,2018-10-16,0.116280427437168,0.2720190602957672,0.2406105116181028,0.1699426981697883,2,11.0,valid
Uttar_Pradesh,Kanpur Nagar,2018,3,2018-10-16,2018-10-21,0.1166050564404206,0.2682110992883267,0.2376787758038502,0.1756399255160248,2,0.295,valid
Uttar_Pradesh,Kanpur Nagar,2018,4,2018-10-21,2018-10-26,0.12176119552157469,0.26422948107102745,0.24360724914758602,0.18096016903676204,0,,insufficient_data
Uttar_Pradesh,Kanpur Nagar,2018,5,2018-10-26,2018-10-31,0.1320323166745667,0.2636093321756969,0.2527284354370814,0.1927173351460714,2,0.0,valid
Uttar_Pradesh,Kanpur Nagar,2018,6,2018-10-31,2018-11-05,0.1289243275591482,0.2577558734143816,0.2462846720523802,0.18592861820834045,0,,insufficient_data
Uttar_Pradesh,Kanpur Nagar,2018,7,2018-11-05,2018-11-10,0.1221269815341435,0.2530784325243189,0.2434112737313097,0.1855407173151636,2,2.36,valid
Uttar_Pradesh,Kanpur Nagar,2018,8,2018-11-10,2018-11-15,0.144932955587462,0.246124629669184,0.2513202032372795,0.189816494856102,2,2.0,valid
Uttar_Pradesh,Kanpur Nagar,2018,9,2018-11-15,2018-11-20,0.13462382087956967,0.24295160227829463,0.24339199749608584,0.18734081169428712,0,,insufficient_data
Uttar_Pradesh,Kanpur Nagar,2018,10,2018-11-20,2018-11-25,0.1252482349879429,0.2430663985366029,0.2429323947646897,0.1894890708013007,2,12.325,valid
Uttar_Pradesh,Kanpur Nagar,2018,11,2018-11-25,2018-11-30,0.1461871114087303,0.2295369483830728,0.2359041182510645,0.1845169638045822,2,0.0,valid
Uttar_Pradesh,Kanpur Nagar,2018,12,2018-11-30,2018-12-05,0.12896217737149612,0.2384032818351986,0.23390164328985097,0.1846946974218874,0,,insufficient_data
Uttar_Pradesh,Kanpur Nagar,2018,13,2018-12-05,2018-12-10,0.1200872199492452,0.232936424489985,0.224737110262461,0.1826876187596964,2,6.03,valid
Uttar_Pradesh,Kanpur Nagar,2018,14,2018-12-10,2018-12-15,0.12425164654224942,0.23938474628322107,0.22506760007505072,0.17790563890570493,0,,insufficient_data
Uttar_Pradesh,Kanpur Nagar,2018,15,2018-12-15,2018-12-20,0.1243261431400661,0.2480733559311338,0.2320329498811887,0.1820851363219703,2,0.0,valid
Uttar_Pradesh,Kanpur Nagar,2018,16,2018-12-20,2018-12-25,0.1064061116709561,0.2469922563286927,0.2075962219054886,0.1623328367365709,2,0.8350000000000001,valid
Uttar_Pradesh,Kanpur Nagar,2018,17,2018-12-25,2018-12-30,0.1141450523039017,0.2565642313958892,0.20890109200145895,0.15692626713071997,0,,insufficient_data
Uttar_Pradesh,Kanpur Nagar,2018,18,2018-12-30,2019-01-04,0.1394116736497688,0.2640299487076716,0.2126913433065305,0.1567737499098275,2,7.0,valid
Uttar_Pradesh,Kanpur Nagar,2018,19,2019-01-04,2019-01-09,0.0864362807548158,0.2671613646160587,0.183283852912628,0.1265133455545112,2,4.42,valid
Uttar_Pradesh,Kanpur Nagar,2018,20,2019-01-09,2019-01-14,0.0970556793508302,0.2804758645710106,0.1807525808393677,0.12084636172700422,0,,insufficient_data
Uttar_Pradesh,Kanpur Nagar,2018,21,2019-01-14,2019-01-19,0.091993122544069,0.2850087181600914,0.1617758735494711,0.098648383100115,1,16.0,valid
Uttar_Pradesh,Kanpur Nagar,2018,22,2019-01-19,2019-01-24,0.08477671649413172,0.29650382326325403,0.1715545122380206,0.10757109945632269,0,,insufficient_data
Uttar_Pradesh,Kanpur Nagar,2018,23,2019-01-24,2019-01-29,0.0703816404546672,0.3057034268002209,0.1652592535888412,0.1014499683435631,2,8.924999999999999,valid
Uttar_Pradesh,Kanpur Nagar,2018,24,2019-01-29,2019-02-03,0.0902958222229749,0.3281417834766451,0.1758990689011422,0.1036727008271015,2,4.0,valid
Uttar_Pradesh,Kanpur Nagar,2018,25,2019-02-03,2019-02-08,0.07249403719199912,0.3320965262860904,0.16687811317095624,0.0992082199778016,0,,insufficient_data
Uttar_Pradesh,Kanpur Nagar,2018,26,2019-02-08,2019-02-13,0.0567735804169453,0.3239481207763097,0.1533024801275804,0.0923175086411076,2,4.245,valid
Uttar_Pradesh,Kanpur Nagar,2018,27,2019-02-13,2019-02-18,0.0725251056734091,0.3705927740911859,0.1730516500662612,0.0993927020994342,1,19.0,valid
Uttar_Pradesh,Kanpur Nagar,2018,28,2019-02-18,2019-02-23,0.06786753936000273,0.3459323623443964,0.16518542626718913,0.09790115021682068,0,,insufficient_data
Uttar_Pradesh,Kanpur Nagar,2018,29,2019-02-23,2019-02-28,0.0601985511146345,0.3380911774421785,0.1602655888833656,0.0987189029857736,2,0.61,valid
Uttar_Pradesh,Kanpur Nagar,2018,30,2019-02-28,2019-03-05,0.07152397264805575,0.34459286390022714,0.1700222813926384,0.10321908078111833,0,,insufficient_data
Uttar_Pradesh,Kanpur Nagar,2018,31,2019-03-05,2019-03-10,0.081972920235022,0.3510973770679116,0.1741219859915493,0.1011754871409673,2,2.0,valid
Uttar_Pradesh,Kanpur Nagar,2018,32,2019-03-10,2019-03-15,0.0713993135691574,0.3185901269996326,0.1726499006293775,0.1135892308982982,2,2.31,valid
Uttar_Pradesh,Kanpur Nagar,2018,33,2019-03-15,2019-03-20,0.08402168743927813,0.30609212019451715,0.18256155993927967,0.11859930291771764,0,,insufficient_data
Uttar_Pradesh,Kanpur Nagar,2018,34,2019-03-20,2019-03-25,0.0855961078123675,0.2971660346154454,0.186798226975996,0.1219344154873723,2,7.5,valid
Uttar_Pradesh,Kanpur Nagar,2018,35,2019-03-25,2019-03-30,0.0971184081405656,0.2575149420950792,0.1966761261601959,0.1376980781442327,2,0.035,valid
Uttar_Pradesh,Kanpur Nagar,2018,36,2019-03-30,2019-04-04,0.11839297877695523,0.26598873852658256,0.2232901702470963,0.15791860181285683,0,,insufficient_data
Uttar_Pradesh,Kanpur Nagar,2018,37,2019-04-04,2019-04-09,0.1378546955302812,0.2435384456145936,0.2332712067781992,0.1678198945986452,1,12.0,valid
Uttar_Pradesh,Kanpur Nagar,2018,38,2019-04-09,2019-04-14,0.13997171920259321,0.25710780428955415,0.25344467909842133,0.1868862967695612,0,,insufficient_data
Uttar_Pradesh,Kanpur Nagar,2018,39,2019-04-14,2019-04-19,0.1530027036246067,0.2657355317812122,0.2764151210739941,0.2042220190211771,2,0.02,valid
Uttar_Pradesh,Kanpur Nagar,2018,40,2019-04-19,2019-04-24,0.1719110695149194,0.2616422976673315,0.3074162623812961,0.2378051953141898,2,3.5,valid
Uttar_Pradesh,Kanpur Nagar,2018,41,2019-04-24,2019-04-29,0.16245688656976304,0.2636889147242718,0.2919156917276451,0.22101360716768345,0,,insufficient_data
Uttar_Pradesh,Kanpur Nagar,2018,42,2019-04-29,2019-05-04,0.16245688656976304,0.2636889147242718,0.2919156917276451,0.22101360716768345,0,,insufficient_data
Uttar_Pradesh,Kanpur Nagar,2019,0,2019-10-01,2019-10-06,0.08622915860804531,0.29272953462790063,0.20641907031801116,0.1309922054929764,0,,insufficient_data
Uttar_Pradesh,Kanpur Nagar,2019,1,2019-10-06,2019-10-11,0.0719933975400874,0.2897478705312836,0.1883215282695209,0.1118521138729191,2,6.37,valid
Uttar_Pradesh,Kanpur Nagar,2019,2,2019-10-11,2019-10-16,0.1004649196760032,0.2957111987245177,0.2245166123665014,0.1501322971130337,2,0.5,valid
Uttar_Pradesh,Kanpur Nagar,2019,3,2019-10-16,2019-10-21,0.08622915860804531,0.29272953462790063,0.20641907031801116,0.1309922054929764,0,,insufficient_data
Uttar_Pradesh,Kanpur Nagar,2019,4,2019-10-21,2019-10-26,0.0963873092514127,0.27742004149960425,0.21587362202410887,0.14546808093859478,0,,insufficient_data
Uttar_Pradesh,Kanpur Nagar,2019,5,2019-10-26,2019-10-31,0.10858426510707535,0.27125612698376467,0.22964966890140284,0.16227606447143264,0,,insufficient_data
Uttar_Pradesh,Kanpur Nagar,2019,6,2019-10-31,2019-11-05,0.1291088279750575,0.23945536687007274,0.23055230765815699,0.16962032748797595,0,,insufficient_data
Uttar_Pradesh,Kanpur Nagar,2019,7,2019-11-05,2019-11-10,0.1167036105381475,0.2468010552430116,0.2347827254363043,0.1744198318298316,1,17.46,valid
Uttar_Pradesh,Kanpur Nagar,2019,8,2019-11-10,2019-11-15,0.1291088279750575,0.23945536687007274,0.23055230765815699,0.16962032748797595,0,,insufficient_data
Uttar_Pradesh,Kanpur Nagar,2019,9,2019-11-15,2019-11-20,0.1415140454119675,0.2321096784971339,0.2263218898800097,0.1648208231461203,1,27.0,valid
Uttar_Pradesh,Kanpur Nagar,2019,10,2019-11-20,2019-11-25,0.14122462482289408,0.24935110874385455,0.23129813775983107,0.16982215820930005,0,,insufficient_data
Uttar_Pradesh,Kanpur Nagar,2019,11,2019-11-25,2019-11-30,0.1396570153515871,0.24655923796574788,0.22563698443923377,0.16842664750530512,0,,insufficient_data
Uttar_Pradesh,Kanpur Nagar,2019,12,2019-11-30,2019-12-05,0.1654562185185673,0.2691425924914181,0.2327897979631792,0.1702258196519483,1,0.0,valid
Uttar_Pradesh,Kanpur Nagar,2019,13,2019-12-05,2019-12-10,0.13872850032139689,0.2537840177000549,0.22529453171884578,0.17022955968489756,0,,insufficient_data
Uttar_Pradesh,Kanpur Nagar,2019,14,2019-12-10,2019-12-15,0.1120007821242265,0.2384254429086917,0.2177992654745124,0.1702332997178468,2,0.06,valid
Uttar_Pradesh,Kanpur Nagar,2019,15,2019-12-15,2019-12-20,0.13872850032139689,0.2537840177000549,0.22529453171884578,0.17022955968489756,0,,insufficient_data
Uttar_Pradesh,Kanpur Nagar,2019,16,2019-12-20,2019-12-25,0.1120007821242265,0.2384254429086917,0.2177992654745124,0.1702332997178468,0,,insufficient_data
Uttar_Pradesh,Kanpur Nagar,2019,17,2019-12-25,2019-12-30,0.0883827633766334,0.2526358246888655,0.18676239751334375,0.13357657337325313,0,,insufficient_data
Uttar_Pradesh,Kanpur Nagar,2019,18,2019-12-30,2020-01-04,0.0647647446290403,0.2668462064690393,0.1557255295521751,0.0969198470286595,0,,insufficient_data
Uttar_Pradesh,Kanpur Nagar,2019,19,2020-01-04,2020-01-09,0.0647647446290403,0.2668462064690393,0.1557255295521751,0.0969198470286595,0,,insufficient_data
Uttar_Pradesh,Kanpur Nagar,2019,20,2020-01-09,2020-01-14,0.0647647446290403,0.2668462064690393,0.1557255295521751,0.0969198470286595,1,9.55,valid
Uttar_Pradesh,Kanpur Nagar,2019,21,2020-01-14,2020-01-19,0.0609665735132766,0.2803892158939076,0.15337328735249112,0.09249747902199965,0,,insufficient_data
Uttar_Pradesh,Kanpur Nagar,2019,22,2020-01-19,2020-01-24,0.06675103198936673,0.30174737913823535,0.15757987529886172,0.0922087175132273,0,,insufficient_data
Uttar_Pradesh,Kanpur Nagar,2019,23,2020-01-24,2020-01-29,0.0571684023975129,0.2939322253187759,0.1510210451528071,0.0880751110153398,2,14.785,valid
Uttar_Pradesh,Kanpur Nagar,2019,24,2020-01-29,2020-02-03,0.0643787954182863,0.3237325615926568,0.15649790248333897,0.09001582503416632,0,,insufficient_data
Uttar_Pradesh,Kanpur Nagar,2019,25,2020-02-03,2020-02-08,0.078319948941547,0.3444637056268909,0.1659930511916029,0.0916311944956826,2,0.5,valid
Uttar_Pradesh,Kanpur Nagar,2019,26,2020-02-08,2020-02-13,0.057648034915799,0.3328017538323035,0.1524796111056069,0.0903411695914765,2,3.79,valid
Uttar_Pradesh,Kanpur Nagar,2019,27,2020-02-13,2020-02-18,0.06520868354487856,0.33823816705600934,0.1596567865388803,0.09228004905854253,0,,insufficient_data
Uttar_Pradesh,Kanpur Nagar,2019,28,2020-02-18,2020-02-23,0.06787077799850384,0.3398766258125876,0.15832430881577927,0.08918650670716288,0,,insufficient_data
Uttar_Pradesh,Kanpur Nagar,2019,29,2020-02-23,2020-02-28,0.06438772101748946,0.33834759920781976,0.1557680613571714,0.0883716107776563,0,,insufficient_data
Uttar_Pradesh,Kanpur Nagar,2019,30,2020-02-28,2020-03-04,0.0596580667772897,0.3374490417088336,0.1604976973194311,0.0948677830884685,1,4.64,valid
Uttar_Pradesh,Kanpur Nagar,2019,31,2020-03-04,2020-03-09,0.0758570613593797,0.3447920020823222,0.1543268756464762,0.0799058796530239,1,25.0,valid
Uttar_Pradesh,Kanpur Nagar,2019,32,2020-03-09,2020-03-14,0.07322979367733719,0.3167460435835015,0.16680680611904408,0.09803737888202736,0,,insufficient_data
Uttar_Pradesh,Kanpur Nagar,2019,33,2020-03-14,2020-03-19,0.07974623219274485,0.29853468583464526,0.17946052867467147,0.11225470514033287,0,,insufficient_data
Uttar_Pradesh,Kanpur Nagar,2019,34,2020-03-19,2020-03-24,0.0841742528953422,0.2679970869593488,0.185595845391225,0.1193384739045897,2,0.5,valid
Uttar_Pradesh,Kanpur Nagar,2019,35,2020-03-24,2020-03-29,0.091734900317155,0.25594884977371263,0.2015087708663893,0.13712257890991955,0,,insufficient_data
Uttar_Pradesh,Kanpur Nagar,2019,36,2020-03-29,2020-04-03,0.0992955477389678,0.2439006125880764,0.2174216963415536,0.1549066839152494,2,1.6,valid
Uttar_Pradesh,Kanpur Nagar,2019,37,2020-04-03,2020-04-08,0.1144385655966107,0.26319558560678136,0.23848608960361248,0.1730449083569361,0,,insufficient_data
Uttar_Pradesh,Kanpur Nagar,2019,38,2020-04-08,2020-04-13,0.1472120021552101,0.26956307192073653,0.2910037871474889,0.22430577109868532,0,,insufficient_data
Uttar_Pradesh,Kanpur Nagar,2019,39,2020-04-13,2020-04-18,0.1598458961555221,0.2776890572729188,0.3124407270780588,0.2448895672509691,2,0.11,valid
Uttar_Pradesh,Kanpur Nagar,2019,40,2020-04-18,2020-04-23,0.17117022936333126,0.2823943015870667,0.32779483255045655,0.2590053146904032,0,,insufficient_data
Uttar_Pradesh,Kanpur Nagar,2019,41,2020-04-23,2020-04-28,0.1824945625711404,0.2870995459012145,0.3431489380228543,0.2731210621298374,2,8.0,valid
Uttar_Pradesh,Kanpur Nagar,2019,42,2020-04-28,2020-05-03,0.17117022936333126,0.2823943015870667,0.32779483255045655,0.2590053146904032,0,,insufficient_data
Uttar_Pradesh,Kanpur Nagar,2020,0,2020-10-01,2020-10-06,0.0938404594329247,0.2969802452253282,0.2191077947377587,0.1450689525924665,2,0.0,valid
Uttar_Pradesh,Kanpur Nagar,2020,1,2020-10-06,2020-10-11,0.0981461297065802,0.2854428231247583,0.227319373549936,0.1615508554869718,2,0.015,valid
Uttar_Pradesh,Kanpur Nagar,2020,2,2020-10-11,2020-10-16,0.10817612788321437,0.2811152067743761,0.2361944754825845,0.1672888890427143,0,,insufficient_data
Uttar_Pradesh,Kanpur Nagar,2020,3,2020-10-16,2020-10-21,0.117915163444512,0.2789159473877186,0.2453559315814831,0.1739105653761167,2,0.0,valid
Uttar_Pradesh,Kanpur Nagar,2020,4,2020-10-21,2020-10-26,0.1228027589488406,0.2631218113596993,0.2529948020611601,0.1886251827153022,2,0.11,valid
Uttar_Pradesh,Kanpur Nagar,2020,5,2020-10-26,2020-10-31,0.15241847222185312,0.2710597869208723,0.26843339895112195,0.20700995533207997,0,,insufficient_data
Uttar_Pradesh,Kanpur Nagar,2020,6,2020-10-31,2020-11-05,0.2194312570165079,0.2916653504548721,0.2999487815370878,0.2450285016648573,2,12.5,valid
Uttar_Pradesh,Kanpur Nagar,2020,7,2020-11-05,2020-11-10,0.16032668803247607,0.2666651729232849,0.26208522311619786,0.1989176267557775,0,,insufficient_data
Uttar_Pradesh,Kanpur Nagar,2020,8,2020-11-10,2020-11-15,0.149524709477552,0.2505360384811991,0.2754340806247569,0.2204755715720437,1,5.84,valid
Uttar_Pradesh,Kanpur Nagar,2020,9,2020-11-15,2020-11-20,0.1495480266870037,0.261337491397369,0.2199632282417867,0.1415412510709069,1,8.0,valid
Uttar_Pradesh,Kanpur Nagar,2020,10,2020-11-20,2020-11-25,0.14730217584514302,0.25196619855402247,0.24459978759269282,0.18745812714620927,0,,insufficient_data
Uttar_Pradesh,Kanpur Nagar,2020,11,2020-11-25,2020-11-30,0.1278589124002969,0.2511210539096846,0.2425105025300873,0.1941376530984104,2,17.11,valid
Uttar_Pradesh,Kanpur Nagar,2020,12,2020-11-30,2020-12-05,0.1622770548157195,0.2448702104278371,0.2404913389741404,0.1936780328434761,2,5.5,valid
Uttar_Pradesh,Kanpur Nagar,2020,13,2020-12-05,2020-12-10,0.14198155230379375,0.24819255888714495,0.23567591545996466,0.1865870118073046,0,,insufficient_data
Uttar_Pradesh,Kanpur Nagar,2020,14,2020-12-10,2020-12-15,0.12893435430674283,0.24729010882747396,0.22542395693515405,0.1747465344938265,0,,insufficient_data
Uttar_Pradesh,Kanpur Nagar,2020,15,2020-12-15,2020-12-20,0.1292928349422248,0.24601312713340373,0.21972844173684294,0.16828282829229854,0,,insufficient_data
Uttar_Pradesh,Kanpur Nagar,2020,16,2020-12-20,2020-12-25,0.1358086896953648,0.2485864123239131,0.2240259048756662,0.1719453494800273,1,17.0,valid
Uttar_Pradesh,Kanpur Nagar,2020,17,2020-12-25,2020-12-30,0.0897927603155901,0.244582758648461,0.1946680813607222,0.1392251025533922,2,5.26,valid
Uttar_Pradesh,Kanpur Nagar,2020,18,2020-12-30,2021-01-04,0.11280072500547744,0.24658458548618706,0.2093469931181942,0.15558522601670977,0,,insufficient_data
Uttar_Pradesh,Kanpur Nagar,2020,19,2021-01-04,2021-01-09,0.10353155993977763,0.26008477698655513,0.19138931276205173,0.13327556180020295,0,,insufficient_data
Uttar_Pradesh,Kanpur Nagar,2020,20,2021-01-09,2021-01-14,0.08739299506198406,0.2658339593178761,0.1750710167052445,0.11394066796029076,0,,insufficient_data
Uttar_Pradesh,Kanpur Nagar,2020,21,2021-01-14,2021-01-19,0.084993229808378,0.2870851599872912,0.1554739520497668,0.0886562333671893,0,,insufficient_data
Uttar_Pradesh,Kanpur Nagar,2020,22,2021-01-19,2021-01-24,0.084993229808378,0.2870851599872912,0.1554739520497668,0.0886562333671893,1,2.0,valid
Uttar_Pradesh,Kanpur Nagar,2020,23,2021-01-24,2021-01-29,0.0759734618686831,0.2988651269780902,0.1509251332296201,0.08336167717353535,0,,insufficient_data
Uttar_Pradesh,Kanpur Nagar,2020,24,2021-01-29,2021-02-03,0.07045267703296067,0.3034646958508819,0.15235464676999447,0.08731358979400596,0,,insufficient_data
Uttar_Pradesh,Kanpur Nagar,2020,25,2021-02-03,2021-02-08,0.0669536939289882,0.3106450939688892,0.1463763144094734,0.0780671209798814,2,0.0,valid
Uttar_Pradesh,Kanpur Nagar,2020,26,2021-02-08,2021-02-13,0.07083515737945827,0.311827346315009,0.1544416785286172,0.08930676663040522,0,,insufficient_data
Uttar_Pradesh,Kanpur Nagar,2020,27,2021-02-13,2021-02-18,0.0594111073615158,0.3126638335964654,0.1552136738507432,0.0952174150349472,1,3.39,valid
Uttar_Pradesh,Kanpur Nagar,2020,28,2021-02-18,2021-02-23,0.0861406708478708,0.3121731113796726,0.161735047325635,0.0946357638763871,2,2.0,valid
Uttar_Pradesh,Kanpur Nagar,2020,29,2021-02-23,2021-02-28,0.07755394759122605,0.30910652879506206,0.1655511569968372,0.10301690687639276,0,,insufficient_data
Uttar_Pradesh,Kanpur Nagar,2020,30,2021-02-28,2021-03-05,0.0657656284513957,0.3192650901962335,0.1676392285378707,0.1088092257657257,2,0.065,valid
Uttar_Pradesh,Kanpur Nagar,2020,31,2021-03-05,2021-03-10,0.08949786793741826,0.2992189880712139,0.1757237718709698,0.11312963780880536,0,,insufficient_data
Uttar_Pradesh,Kanpur Nagar,2020,32,2021-03-10,2021-03-15,0.0988983837041219,0.2923240800078768,0.1776166782730999,0.113405222828511,2,10.0,valid
Uttar_Pradesh,Kanpur Nagar,2020,33,2021-03-15,2021-03-20,0.1071867887462846,0.2731136707010726,0.1959041333472736,0.1356683387645977,1,5.56,valid
Uttar_Pradesh,Kanpur Nagar,2020,34,2021-03-20,2021-03-25,0.1169320445669185,0.26748429537459617,0.21427309632279698,0.15025573784737922,0,,insufficient_data
Uttar_Pradesh,Kanpur Nagar,2020,35,2021-03-25,2021-03-30,0.1195319973076643,0.2447891104959785,0.2146528604953577,0.1505159843832448,2,0.0,valid
Uttar_Pradesh,Kanpur Nagar,2020,36,2021-03-30,2021-04-04,0.1421110085096032,0.2597103202934568,0.2689187131754567,0.2014334054131634,2,0.01,valid
Uttar_Pradesh,Kanpur Nagar,2020,37,2021-04-04,2021-04-09,0.15473231469357826,0.2666569030717088,0.27945204796122,0.21370618019065984,0,,insufficient_data
Uttar_Pradesh,Kanpur Nagar,2020,38,2021-04-09,2021-04-14,0.1712310272758227,0.2662230711419293,0.2997284901044479,0.2320328508784706,2,1.0,valid
Uttar_Pradesh,Kanpur Nagar,2020,39,2021-04-14,2021-04-19,0.1747915594980637,0.27916153763362345,0.3134519411865374,0.24921987795520611,0,,insufficient_data
Uttar_Pradesh,Kanpur Nagar,2020,40,2021-04-19,2021-04-24,0.1860552256812228,0.2959051103554707,0.3345081280696176,0.2708424800877605,2,0.0,valid
Uttar_Pradesh,Kanpur Nagar,2020,41,2021-04-24,2021-04-29,0.199768976525606,0.294807648743637,0.3506524333966273,0.29257077544143,2,0.5,valid
Uttar_Pradesh,Kanpur Nagar,2020,42,2021-04-29,2021-05-04,0.1929121011034144,0.29535637954955385,0.34258028073312247,0.28170662776459526,0,,insufficient_data
Uttar_Pradesh,Kanpur Nagar,2021,0,2021-10-01,2021-10-06,0.094992813391036,0.2850126540421676,0.2198540996666868,0.1512785134218474,0,,insufficient_data
Uttar_Pradesh,Kanpur Nagar,2021,1,2021-10-06,2021-10-11,0.094992813391036,0.2850126540421676,0.2198540996666868,0.1512785134218474,0,,insufficient_data
Uttar_Pradesh,Kanpur Nagar,2021,2,2021-10-11,2021-10-16,0.094992813391036,0.2850126540421676,0.2198540996666868,0.1512785134218474,2,7.31,valid
Uttar_Pradesh,Kanpur Nagar,2021,3,2021-10-16,2021-10-21,0.10380611333856997,0.2702523181064112,0.22099156878489992,0.1570660088139644,0,,insufficient_data
Uttar_Pradesh,Kanpur Nagar,2021,4,2021-10-21,2021-10-26,0.10986221046990083,0.2678333188293954,0.22753692904481293,0.16636380494737035,0,,insufficient_data
Uttar_Pradesh,Kanpur Nagar,2021,5,2021-10-26,2021-10-31,0.1045260808449227,0.2623840560202417,0.2102733018811727,0.1483653926893051,2,0.305,valid
Uttar_Pradesh,Kanpur Nagar,2021,6,2021-10-31,2021-11-05,0.1118994457797512,0.2633602442568243,0.2328473048068403,0.1715541203307407,2,4.335,valid
Uttar_Pradesh,Kanpur Nagar,2021,7,2021-11-05,2021-11-10,0.1280305018638934,0.2605763209983479,0.2471730098245519,0.1942571933475882,1,22.91,valid
Uttar_Pradesh,Kanpur Nagar,2021,8,2021-11-10,2021-11-15,0.1231810056329197,0.2655084738179722,0.2530327061201977,0.1939602530771787,2,17.525,valid
Uttar_Pradesh,Kanpur Nagar,2021,9,2021-11-15,2021-11-20,0.1172711589291689,0.25807637090963415,0.23463386280651868,0.17737741087376718,0,,insufficient_data
Uttar_Pradesh,Kanpur Nagar,2021,10,2021-11-20,2021-11-25,0.113770854300437,0.2566557160495212,0.22981725624272706,0.17382791225010993,0,,insufficient_data
Uttar_Pradesh,Kanpur Nagar,2021,11,2021-11-25,2021-11-30,0.1059736824401113,0.2428604445653921,0.2054824304744849,0.1497380767395612,1,4.46,valid
Uttar_Pradesh,Kanpur Nagar,2021,12,2021-11-30,2021-12-05,0.09830548214775703,0.2529034242526515,0.20363144446871306,0.14746713428982292,0,,insufficient_data
Uttar_Pradesh,Kanpur Nagar,2021,13,2021-12-05,2021-12-10,0.0978982272648236,0.2576776248163726,0.2135808785516737,0.1573561258361117,2,0.185,valid
Uttar_Pradesh,Kanpur Nagar,2021,14,2021-12-10,2021-12-15,0.09869900568082357,0.25413118569320803,0.20155061149147271,0.14677322119305025,0,,insufficient_data
Uttar_Pradesh,Kanpur Nagar,2021,15,2021-12-15,2021-12-20,0.0910445367383362,0.2581722033761897,0.1918310243799805,0.1353072002937958,1,1.0,valid
Uttar_Pradesh,Kanpur Nagar,2021,16,2021-12-20,2021-12-25,0.0998795762800232,0.2578144700148776,0.1953081125597517,0.1446914819027323,2,5.025,valid
Uttar_Pradesh,Kanpur Nagar,2021,17,2021-12-25,2021-12-30,0.09546205650917969,0.25799333669553365,0.19356956846986612,0.13999934109826406,0,,insufficient_data
Uttar_Pradesh,Kanpur Nagar,2021,18,2021-12-30,2022-01-04,0.09546205650917969,0.25799333669553365,0.19356956846986612,0.13999934109826406,0,,insufficient_data
Uttar_Pradesh,Kanpur Nagar,2021,19,2022-01-04,2022-01-09,0.0998795762800232,0.2578144700148776,0.1953081125597517,0.1446914819027323,0,,insufficient_data
Uttar_Pradesh,Kanpur Nagar,2021,20,2022-01-09,2022-01-14,,,,,0,,insufficient_data
Uttar_Pradesh,Kanpur Nagar,2021,21,2022-01-14,2022-01-19,,,,,0,,insufficient_data
Uttar_Pradesh,Kanpur Nagar,2021,22,2022-01-19,2022-01-24,,,,,0,,insufficient_data
Uttar_Pradesh,Kanpur Nagar,2021,23,2022-01-24,2022-01-29,0.0656451892919279,0.3305003038402456,0.1695387615638316,0.101230888483799,0,,insufficient_data
Uttar_Pradesh,Kanpur Nagar,2021,24,2022-01-29,2022-02-03,0.0638173119673407,0.32584149416861985,0.16819335977871014,0.10190162288133586,0,,insufficient_data
Uttar_Pradesh,Kanpur Nagar,2021,25,2022-02-03,2022-02-08,0.0638173119673407,0.32584149416861985,0.16819335977871014,0.10190162288133586,0,,insufficient_data
Uttar_Pradesh,Kanpur Nagar,2021,26,2022-02-08,2022-02-13,0.0656451892919279,0.3305003038402456,0.1695387615638316,0.101230888483799,1,20.41,valid
Uttar_Pradesh,Kanpur Nagar,2021,27,2022-02-13,2022-02-18,0.0619894346427535,0.3211826844969941,0.1668479579935887,0.1025723572788727,2,0.145,valid
Uttar_Pradesh,Kanpur Nagar,2021,28,2022-02-18,2022-02-23,0.06789910348471452,0.3254245066736626,0.17315443921197515,0.10809723765662604,0,,insufficient_data
Uttar_Pradesh,Kanpur Nagar,2021,29,2022-02-23,2022-02-28,0.0737409476863907,0.3278589694871356,0.1784672503200408,0.1124549092503245,2,1.39,valid
Uttar_Pradesh,Kanpur Nagar,2021,30,2022-02-28,2022-03-05,0.0686504082156434,0.32373257428480157,0.1743596650946897,0.11038602071423503,0,,insufficient_data
Uttar_Pradesh,Kanpur Nagar,2021,31,2022-03-05,2022-03-10,0.070220842317786,0.322156068870275,0.1777637869704396,0.1161307956135079,2,0.0699999999999999,valid
Uttar_Pradesh,Kanpur Nagar,2021,32,2022-03-10,2022-03-15,0.09050077506872356,0.29202648489849614,0.20054189486899637,0.13866347163275614,0,,insufficient_data
Uttar_Pradesh,Kanpur Nagar,2021,33,2022-03-15,2022-03-20,0.09608738419616784,0.2800823233689496,0.20790010971864825,0.14739965909356667,0,,insufficient_data
Uttar_Pradesh,Kanpur Nagar,2021,34,2022-03-20,2022-03-25,0.0987310880573921,0.2654746409204032,0.204895143416954,0.1463426305796836,2,0.96,valid
Uttar_Pradesh,Kanpur Nagar,2021,35,2022-03-25,2022-03-30,0.1193102222133254,0.2526162603161708,0.2410413987685511,0.1797255510875085,2,0.05,valid
Uttar_Pradesh,Kanpur Nagar,2021,36,2022-03-30,2022-04-04,0.13064679479665506,0.2640461910532184,0.2584630963824606,0.1940115979050328,0,,insufficient_data
Uttar_Pradesh,Kanpur Nagar,2021,37,2022-04-04,2022-04-09,0.1400949789330279,0.2582633211377836,0.2781720698876735,0.2107995747518917,2,2.565,valid
Uttar_Pradesh,Kanpur Nagar,2021,38,2022-04-09,2022-04-14,0.1518966071101867,0.2741394447309542,0.2924815326438893,0.22459956087151434,0,,insufficient_data
Uttar_Pradesh,Kanpur Nagar,2021,39,2022-04-14,2022-04-19,0.1644508899828748,0.279830541838516,0.309743773456664,0.2391786352010474,2,5.225,valid
Uttar_Pradesh,Kanpur Nagar,2021,40,2022-04-19,2022-04-24,0.1837303373115186,0.3058476556313462,0.3409688884626686,0.2686944824456096,2,0.04,valid
Uttar_Pradesh,Kanpur Nagar,2021,41,2022-04-24,2022-04-29,0.1740906136471967,0.2928390987349311,0.3253563309596663,0.2539365588233285,0,,insufficient_data
Uttar_Pradesh,Kanpur Nagar,2021,42,2022-04-29,2022-05-04,0.1740906136471967,0.2928390987349311,0.3253563309596663,0.2539365588233285,0,,insufficient_data
Uttar_Pradesh,Kanpur Nagar,2022,0,2022-10-01,2022-10-06,0.0726822813700681,0.2667211896361151,0.1708415723015492,0.1007114100881769,0,,insufficient_data
Uttar_Pradesh,Kanpur Nagar,2022,1,2022-10-06,2022-10-11,0.08068284819744964,0.2634070260428927,0.18582715608036104,0.11895102892802961,0,,insufficient_data
Uttar_Pradesh,Kanpur Nagar,2022,2,2022-10-11,2022-10-16,0.0726822813700681,0.2667211896361151,0.1708415723015492,0.1007114100881769,2,2.43,valid
Uttar_Pradesh,Kanpur Nagar,2022,3,2022-10-16,2022-10-21,0.0886583848085515,0.2600272404302597,0.19637050412049958,0.13248387359842326,0,,insufficient_data
Uttar_Pradesh,Kanpur Nagar,2022,4,2022-10-21,2022-10-26,0.0886834150248312,0.2600928624496703,0.2008127398591729,0.1371906477678823,2,0.365,valid
Uttar_Pradesh,Kanpur Nagar,2022,5,2022-10-26,2022-10-31,0.096086987121966,0.2574913964519123,0.20731803672717805,0.14404212440827804,0,,insufficient_data
Uttar_Pradesh,Kanpur Nagar,2022,6,2022-10-31,2022-11-05,0.1046094580307552,0.2532676692049938,0.2174572002007766,0.1595495629392105,2,0.485,valid
Uttar_Pradesh,Kanpur Nagar,2022,7,2022-11-05,2022-11-10,0.1183727940622095,0.2498838645168702,0.2401606345472135,0.1787168768378424,2,15.92,valid
Uttar_Pradesh,Kanpur Nagar,2022,8,2022-11-10,2022-11-15,0.11616401052119937,0.24764004815443075,0.23859202130521254,0.18159863683933702,0,,insufficient_data
Uttar_Pradesh,Kanpur Nagar,2022,9,2022-11-15,2022-11-20,0.1241841489748384,0.2489663633063742,0.2547162603153323,0.1969614188945372,2,12.0,valid
Uttar_Pradesh,Kanpur Nagar,2022,10,2022-11-20,2022-11-25,0.1174896410169944,0.2384422955894848,0.2420339901575278,0.191166688685758,2,0.355,valid
Uttar_Pradesh,Kanpur Nagar,2022,11,2022-11-25,2022-11-30,0.1135131132648145,0.24100200104248148,0.2300181056600793,0.1769463584428013,0,,insufficient_data
Uttar_Pradesh,Kanpur Nagar,2022,12,2022-11-30,2022-12-05,0.1127290015564769,0.234366740131496,0.2169465780655806,0.1659718127250323,2,0.06,valid
Uttar_Pradesh,Kanpur Nagar,2022,13,2022-12-05,2022-12-10,0.10732400648692414,0.24146394558668427,0.2168900158087985,0.16557948874749617,0,,insufficient_data
Uttar_Pradesh,Kanpur Nagar,2022,14,2022-12-10,2022-12-15,0.0996496615109483,0.242232605142571,0.2063755941018765,0.1536855134658777,2,0.15,valid
Uttar_Pradesh,Kanpur Nagar,2022,15,2022-12-15,2022-12-20,0.099427721863277,0.2508141414831852,0.2022039009102091,0.1514939401133167,1,3.31,valid
Uttar_Pradesh,Kanpur Nagar,2022,16,2022-12-20,2022-12-25,0.09342818829065021,0.25426373858039875,0.1965894779368027,0.14352079967030665,0,,insufficient_data
Uttar_Pradesh,Kanpur Nagar,2022,17,2022-12-25,2022-12-30,0.0812071814977253,0.2697444691154401,0.1811889387983225,0.1253829454317255,1,27.81,valid
Uttar_Pradesh,Kanpur Nagar,2022,18,2022-12-30,2023-01-04,0.09031745168050115,0.26027930529931265,0.1916964198542658,0.1384384427725211,0,,insufficient_data
Uttar_Pradesh,Kanpur Nagar,2022,19,2023-01-04,2023-01-09,0.0723746211224378,0.2717177307946304,0.16872147147578842,0.11182043883015955,0,,insufficient_data
Uttar_Pradesh,Kanpur Nagar,2022,20,2023-01-09,2023-01-14,0.0723746211224378,0.2717177307946304,0.16872147147578842,0.11182043883015955,0,,insufficient_data
Uttar_Pradesh,Kanpur Nagar,2022,21,2023-01-14,2023-01-19,0.0635420607471503,0.2736909924738207,0.1562540041532543,0.0982579322285936,0,,insufficient_data
Uttar_Pradesh,Kanpur Nagar,2022,22,2023-01-19,2023-01-24,0.0635420607471503,0.2736909924738207,0.1562540041532543,0.0982579322285936,2,6.444999999999999,valid
Uttar_Pradesh,Kanpur Nagar,2022,23,2023-01-24,2023-01-29,0.059469784493556395,0.30969782782926475,0.1586248347766668,0.09680976512775884,0,,insufficient_data
Uttar_Pradesh,Kanpur Nagar,2022,24,2023-01-29,2023-02-03,0.059469784493556395,0.30969782782926475,0.1586248347766668,0.09680976512775884,0,,insufficient_data
Uttar_Pradesh,Kanpur Nagar,2022,25,2023-02-03,2023-02-08,0.0570779034947045,0.3205114282253947,0.1573007441774124,0.0933828483437541,2,8.334999999999999,valid
Uttar_Pradesh,Kanpur Nagar,2022,26,2023-02-08,2023-02-13,0.0577893892388144,0.3348910627885788,0.1623197559993337,0.0987885148109288,2,0.0499999999999999,valid
Uttar_Pradesh,Kanpur Nagar,2022,27,2023-02-13,2023-02-18,0.05776236451284833,0.3246586519951804,0.1588913208797819,0.09536273824450058,0,,insufficient_data
Uttar_Pradesh,Kanpur Nagar,2022,28,2023-02-18,2023-02-23,0.0584198008050261,0.3185734649715677,0.1570534624625995,0.0939168515788188,2,3.92,valid
Uttar_Pradesh,Kanpur Nagar,2022,29,2023-02-23,2023-02-28,0.06229192504412243,0.3150823130975003,0.16477326921134008,0.10149288805711204,0,,insufficient_data
Uttar_Pradesh,Kanpur Nagar,2022,30,2023-02-28,2023-03-05,0.06454319294677645,0.305177938251961,0.16600002581734324,0.10284507468020365,0,,insufficient_data
Uttar_Pradesh,Kanpur Nagar,2022,31,2023-03-05,2023-03-10,0.0706665850885268,0.2917824115323543,0.174946589172087,0.1117732977815885,2,1.05,valid
Uttar_Pradesh,Kanpur Nagar,2022,32,2023-03-10,2023-03-15,0.08589449519258835,0.2657752588570266,0.19525499122348233,0.1331503755511766,0,,insufficient_data
Uttar_Pradesh,Kanpur Nagar,2022,33,2023-03-15,2023-03-20,0.09670000652398243,0.26140888247865773,0.20559069970007582,0.13797449588738067,0,,insufficient_data
Uttar_Pradesh,Kanpur Nagar,2022,34,2023-03-20,2023-03-25,0.1011224052966499,0.2397681061816988,0.2155633932748777,0.1545274533207647,2,12.83,valid
Uttar_Pradesh,Kanpur Nagar,2022,35,2023-03-25,2023-03-30,0.12017866105701369,0.24790618326498418,0.24249770332463302,0.17542152159644722,0,,insufficient_data
Uttar_Pradesh,Kanpur Nagar,2022,36,2023-03-30,2023-04-04,0.1183110291867706,0.25267612972192,0.2262621166532628,0.1476227365597889,2,14.01,valid
Uttar_Pradesh,Kanpur Nagar,2022,37,2023-04-04,2023-04-09,0.12966910006830323,0.25467263598583634,0.2631481649253661,0.19722581888562424,0,,insufficient_data
Uttar_Pradesh,Kanpur Nagar,2022,38,2023-04-09,2023-04-14,0.1411025486876206,0.2512743138913337,0.2856676000457586,0.2241143749087881,2,1.045,valid
Uttar_Pradesh,Kanpur Nagar,2022,39,2023-04-14,2023-04-19,0.1581404171021719,0.2749719941483927,0.3250995497275654,0.2626387107531553,2,0.0,valid
Uttar_Pradesh,Kanpur Nagar,2022,40,2023-04-19,2023-04-24,0.15128402069388783,0.2645881760440499,0.29753706746362346,0.23542069355496417,0,,insufficient_data
Uttar_Pradesh,Kanpur Nagar,2022,41,2023-04-24,2023-04-29,0.154609096291871,0.2675182200924234,0.2818440526175463,0.2195089950029491,2,8.05,valid
Uttar_Pradesh,Kanpur Nagar,2022,42,2023-04-29,2023-05-04,0.15637475669702144,0.27124510712040806,0.30347180117255584,0.24107385287805222,0,,insufficient_data
Uttar_Pradesh,Kanpur Nagar,2023,0,2023-10-01,2023-10-06,0.09592508117034179,0.2941975689184122,0.2186578371637446,0.14506555958047612,0,,insufficient_data
Uttar_Pradesh,Kanpur Nagar,2023,1,2023-10-06,2023-10-11,0.0971273845299498,0.300367770985076,0.2232390322560757,0.1506505824827475,2,0.025,valid
Uttar_Pradesh,Kanpur Nagar,2023,2,2023-10-11,2023-10-16,0.10233762999754063,0.28962346366609215,0.22803649032223114,0.15670624218770493,0,,insufficient_data
Uttar_Pradesh,Kanpur Nagar,2023,3,2023-10-16,2023-10-21,0.0947227778107338,0.2880273668517484,0.2140766420714135,0.1394805366782047,2,0.1,valid
Uttar_Pradesh,Kanpur Nagar,2023,4,2023-10-21,2023-10-26,0.10764112633546319,0.28251731545514547,0.23457304189398914,0.1643825375834308,0,,insufficient_data
Uttar_Pradesh,Kanpur Nagar,2023,5,2023-10-26,2023-10-31,0.1151627276519383,0.280475253161452,0.2467937966392042,0.1799876074021626,2,0.105,valid
Uttar_Pradesh,Kanpur Nagar,2023,6,2023-10-31,2023-11-05,0.1235516153492309,0.2611988708223055,0.2541826966092632,0.1874114237706084,2,1.6549999999999998,valid
Uttar_Pradesh,Kanpur Nagar,2023,7,2023-11-05,2023-11-10,0.11869265688400184,0.2611661967741152,0.24900715100835677,0.18357977831851838,0,,insufficient_data
Uttar_Pradesh,Kanpur Nagar,2023,8,2023-11-10,2023-11-15,0.11869265688400184,0.2611661967741152,0.24900715100835677,0.18357977831851838,0,,insufficient_data
Uttar_Pradesh,Kanpur Nagar,2023,9,2023-11-15,2023-11-20,0.1173636276508363,0.241824466338588,0.2460449597766029,0.1833403037827841,1,0.68,valid
Uttar_Pradesh,Kanpur Nagar,2023,10,2023-11-20,2023-11-25,0.1173636276508363,0.241824466338588,0.2460449597766029,0.1833403037827841,0,,insufficient_data
Uttar_Pradesh,Kanpur Nagar,2023,11,2023-11-25,2023-11-30,0.10939485177074565,0.24819663514941495,0.22941747217450836,0.17001637494474825,0,,insufficient_data
Uttar_Pradesh,Kanpur Nagar,2023,12,2023-11-30,2023-12-05,0.10939485177074565,0.24819663514941495,0.22941747217450836,0.17001637494474825,0,,insufficient_data
Uttar_Pradesh,Kanpur Nagar,2023,13,2023-12-05,2023-12-10,0.101426075890655,0.2545688039602419,0.2127899845724138,0.1566924461067124,0,,insufficient_data
Uttar_Pradesh,Kanpur Nagar,2023,14,2023-12-10,2023-12-15,0.101426075890655,0.2545688039602419,0.2127899845724138,0.1566924461067124,2,2.85,valid
Uttar_Pradesh,Kanpur Nagar,2023,15,2023-12-15,2023-12-20,0.101426075890655,0.2545688039602419,0.2127899845724138,0.1566924461067124,0,,insufficient_data
Uttar_Pradesh,Kanpur Nagar,2023,16,2023-12-20,2023-12-25,0.101426075890655,0.2545688039602419,0.2127899845724138,0.1566924461067124,0,,insufficient_data
Uttar_Pradesh,Kanpur Nagar,2023,17,2023-12-25,2023-12-30,0.101426075890655,0.2545688039602419,0.2127899845724138,0.1566924461067124,0,,insufficient_data
Uttar_Pradesh,Kanpur Nagar,2023,18,2023-12-30,2024-01-04,,,,,0,,insufficient_data
Uttar_Pradesh,Kanpur Nagar,2023,19,2024-01-04,2024-01-09,,,,,0,,insufficient_data
Uttar_Pradesh,Kanpur Nagar,2023,20,2024-01-09,2024-01-14,,,,,0,,insufficient_data
Uttar_Pradesh,Kanpur Nagar,2023,21,2024-01-14,2024-01-19,,,,,0,,insufficient_data
Uttar_Pradesh,Kanpur Nagar,2023,22,2024-01-19,2024-01-24,0.0519362015902424,0.3050626651172209,0.1477043906451816,0.0835454847726651,0,,insufficient_data
Uttar_Pradesh,Kanpur Nagar,2023,23,2024-01-24,2024-01-29,0.0519362015902424,0.3050626651172209,0.1477043906451816,0.0835454847726651,0,,insufficient_data
Uttar_Pradesh,Kanpur Nagar,2023,24,2024-01-29,2024-02-03,0.054318275354962545,0.31467393619886297,0.15109062760368758,0.0859884410323292,0,,insufficient_data
Uttar_Pradesh,Kanpur Nagar,2023,25,2024-02-03,2024-02-08,0.0519362015902424,0.3050626651172209,0.1477043906451816,0.0835454847726651,1,15.01,valid
Uttar_Pradesh,Kanpur Nagar,2023,26,2024-02-08,2024-02-13,0.0559684203682719,0.32350009530541524,0.15565722172990734,0.09032125955688015,0,,insufficient_data
Uttar_Pradesh,Kanpur Nagar,2023,27,2024-02-13,2024-02-18,0.0567003491196827,0.3242852072805051,0.1544768645621936,0.0884313972919933,1,10.8,valid
Uttar_Pradesh,Kanpur Nagar,2023,28,2024-02-18,2024-02-23,0.0559684203682719,0.32350009530541524,0.15565722172990734,0.09032125955688015,0,,insufficient_data
Uttar_Pradesh,Kanpur Nagar,2023,29,2024-02-23,2024-02-28,0.0592687103948906,0.3411524135185197,0.1647904099823468,0.0989868966059821,2,0.02,valid
Uttar_Pradesh,Kanpur Nagar,2023,30,2024-02-28,2024-03-04,0.06413561568173705,0.32490986234409713,0.16851745233580406,0.10446223508670467,0,,insufficient_data
Uttar_Pradesh,Kanpur Nagar,2023,31,2024-03-04,2024-03-09,0.0666140378690885,0.3251180806986278,0.17319764826034093,0.1098058476849418,0,,insufficient_data
Uttar_Pradesh,Kanpur Nagar,2023,32,2024-03-09,2024-03-14,0.0642185995101681,0.3319364129082144,0.1726793455323773,0.1097525649392183,2,7.289999999999999,valid
Uttar_Pradesh,Kanpur Nagar,2023,33,2024-03-14,2024-03-19,0.0763548037022068,0.3022654156691494,0.1821231892662986,0.120678081509625,2,0.295,valid
Uttar_Pradesh,Kanpur Nagar,2023,34,2024-03-19,2024-03-24,0.09462616392745601,0.2978983827192391,0.202166387504473,0.13906903561992026,0,,insufficient_data
Uttar_Pradesh,Kanpur Nagar,2023,35,2024-03-24,2024-03-29,0.1085797285404312,0.2893220484342937,0.207120763498029,0.1472504394581908,1,23.26,valid
Uttar_Pradesh,Kanpur Nagar,2023,36,2024-03-29,2024-04-03,0.11510611111568672,0.2834343236795688,0.23061158279903615,0.16392378740397845,0,,insufficient_data
Uttar_Pradesh,Kanpur Nagar,2023,37,2024-04-03,2024-04-08,0.1293515239570179,0.2680696538652986,0.2467422517211871,0.178595056572647,2,14.509999999999998,valid
Uttar_Pradesh,Kanpur Nagar,2023,38,2024-04-08,2024-04-13,0.146138388263091,0.2740801767495334,0.28646012671063,0.209171572075451,2,0.015,valid
Uttar_Pradesh,Kanpur Nagar,2023,39,2024-04-13,2024-04-18,0.14907384350261632,0.2807801175797316,0.28690239365155806,0.21179114827517329,0,,insufficient_data
Uttar_Pradesh,Kanpur Nagar,2023,40,2024-04-18,2024-04-23,0.1717316182877401,0.3001905221243628,0.3275048025228571,0.2476068161774219,2,0.01,valid
Uttar_Pradesh,Kanpur Nagar,2023,41,2024-04-23,2024-04-28,0.15893500327541554,0.2871353494369481,0.3069824646167435,0.22838919412643643,0,,insufficient_data
Uttar_Pradesh,Kanpur Nagar,2023,42,2024-04-28,2024-05-03,0.1717316182877401,0.3001905221243628,0.3275048025228571,0.2476068161774219,0,,insufficient_data
Uttar_Pradesh,Kanpur Nagar,2024,0,2024-10-01,2024-10-06,0.069977912405408,0.2947855926030089,0.1820816119546831,0.1053750471821697,2,2.8,valid
Uttar_Pradesh,Kanpur Nagar,2024,1,2024-10-06,2024-10-11,0.0798723103291315,0.28318196649327015,0.19511913824741275,0.12361772711968015,0,,insufficient_data
Uttar_Pradesh,Kanpur Nagar,2024,2,2024-10-11,2024-10-16,0.078537124564732,0.2756193959210634,0.1927093014621567,0.1233581187713494,1,19.13,valid
Uttar_Pradesh,Kanpur Nagar,2024,3,2024-10-16,2024-10-21,0.0911018940172545,0.2791409109557381,0.2105665013253985,0.1421200154055213,2,0.485,valid
Uttar_Pradesh,Kanpur Nagar,2024,4,2024-10-21,2024-10-26,0.09808350373615736,0.26729585669616834,0.21933771492225151,0.14849607188477656,0,,insufficient_data
Uttar_Pradesh,Kanpur Nagar,2024,5,2024-10-26,2024-10-31,0.1032360958267072,0.2565032866998295,0.229937832220875,0.157608684577737,1,5.34,valid
Uttar_Pradesh,Kanpur Nagar,2024,6,2024-10-31,2024-11-05,0.10883449465824427,0.2599585149576783,0.23475977469818143,0.16532013381331057,0,,insufficient_data
Uttar_Pradesh,Kanpur Nagar,2024,7,2024-11-05,2024-11-10,0.1194589005359357,0.2579198332080423,0.2441372246805759,0.1708974687844985,2,3.255,valid
Uttar_Pradesh,Kanpur Nagar,2024,8,2024-11-10,2024-11-15,0.1215410882530796,0.2462700289671032,0.2543975405658764,0.1906543664854855,2,11.82,valid
Uttar_Pradesh,Kanpur Nagar,2024,9,2024-11-15,2024-11-20,0.12360132091899537,0.2434136933474673,0.24263383813331774,0.18291104004106357,0,,insufficient_data
Uttar_Pradesh,Kanpur Nagar,2024,10,2024-11-20,2024-11-25,0.1335807442360374,0.2437713951802325,0.2391878333559868,0.1825944206479215,1,4.13,valid
Uttar_Pradesh,Kanpur Nagar,2024,11,2024-11-25,2024-11-30,0.1198245506509288,0.2256935160344912,0.2328127539308319,0.1874979042463487,2,9.69,valid
Uttar_Pradesh,Kanpur Nagar,2024,12,2024-11-30,2024-12-05,0.1205498605066377,0.23517918552671252,0.23016373715735738,0.1817647061527422,0,,insufficient_data
Uttar_Pradesh,Kanpur Nagar,2024,13,2024-12-05,2024-12-10,0.1160293538795277,0.2347884279057382,0.2292171544565184,0.1819954846416036,2,0.36,valid
Uttar_Pradesh,Kanpur Nagar,2024,14,2024-12-10,2024-12-15,0.1113261338481342,0.23465670486205048,0.2205440841272658,0.17316642484208242,0,,insufficient_data
Uttar_Pradesh,Kanpur Nagar,2024,15,2024-12-15,2024-12-20,0.1127647932600569,0.2364634029863882,0.2194372068860924,0.174971015075095,2,1.16,valid
Uttar_Pradesh,Kanpur Nagar,2024,16,2024-12-20,2024-12-25,0.0966858376020234,0.2416814725215844,0.2007092212356205,0.1482012954052824,2,0.315,valid
Uttar_Pradesh,Kanpur Nagar,2024,17,2024-12-25,2024-12-30,0.10472531543104015,0.2390724377539863,0.21007321406085644,0.1615861552401887,0,,insufficient_data
Uttar_Pradesh,Kanpur Nagar,2024,18,2024-12-30,2025-01-04,0.10472531543104015,0.2390724377539863,0.21007321406085644,0.1615861552401887,0,,insufficient_data
Uttar_Pradesh,Kanpur Nagar,2024,19,2025-01-04,2025-01-09,0.0966858376020234,0.2416814725215844,0.2007092212356205,0.1482012954052824,0,,insufficient_data
Uttar_Pradesh,Kanpur Nagar,2024,20,2025-01-09,2025-01-14,0.0598360963545764,0.293736858973101,0.1606671631683184,0.0969860963066431,0,,insufficient_data
Uttar_Pradesh,Kanpur Nagar,2024,21,2025-01-14,2025-01-19,0.05985109288448685,0.3036596769999286,0.16077879631455044,0.09609206077096945,0,,insufficient_data
Uttar_Pradesh,Kanpur Nagar,2024,22,2025-01-19,2025-01-24,0.05985109288448685,0.3036596769999286,0.16077879631455044,0.09609206077096945,0,,insufficient_data
Uttar_Pradesh,Kanpur Nagar,2024,23,2025-01-24,2025-01-29,0.0598360963545764,0.293736858973101,0.1606671631683184,0.0969860963066431,2,6.845,valid
Uttar_Pradesh,Kanpur Nagar,2024,24,2025-01-29,2025-02-03,0.0598660894143973,0.3135824950267562,0.1608904294607825,0.0951980252352958,2,0.06,valid
Uttar_Pradesh,Kanpur Nagar,2024,25,2025-02-03,2025-02-08,0.05950109094689031,0.31519932036335474,0.16055653368844713,0.09573489335408158,0,,insufficient_data
Uttar_Pradesh,Kanpur Nagar,2024,26,2025-02-08,2025-02-13,0.0570076565560574,0.3267473885491422,0.1602600690020628,0.0954553966675935,2,2.99,valid
Uttar_Pradesh,Kanpur Nagar,2024,27,2025-02-13,2025-02-18,0.0612945214625301,0.3267305389044196,0.1604084731226249,0.095300055206794,2,0.785,valid
Uttar_Pradesh,Kanpur Nagar,2024,28,2025-02-18,2025-02-23,0.062355560833180945,0.32537996029846333,0.16371196351241638,0.10086941885496001,0,,insufficient_data
Uttar_Pradesh,Kanpur Nagar,2024,29,2025-02-23,2025-02-28,0.0629775724836968,0.3270400182394772,0.1613616260512441,0.0996381026047421,2,3.195,valid
Uttar_Pradesh,Kanpur Nagar,2024,30,2025-02-28,2025-03-05,0.07007541061065305,0.3155609317449568,0.17015423917045555,0.10757460236746437,0,,insufficient_data
Uttar_Pradesh,Kanpur Nagar,2024,31,2025-03-05,2025-03-10,0.0681424928304395,0.3210018955008143,0.1728176858737337,0.1130841209407104,2,0.0349999999999999,valid
Uttar_Pradesh,Kanpur Nagar,2024,32,2025-03-10,2025-03-15,0.0878870556659458,0.2874712743351161,0.1860291716342195,0.122276130717611,1,26.0,valid
Uttar_Pradesh,Kanpur Nagar,2024,33,2025-03-15,2025-03-20,0.09373158587470135,0.27967372387416617,0.2022093659473651,0.14026545924102593,0,,insufficient_data
Uttar_Pradesh,Kanpur Nagar,2024,34,2025-03-20,2025-03-25,0.0962001598615404,0.2579014456223533,0.2052803496315761,0.1445028692406645,2,12.035,valid
Uttar_Pradesh,Kanpur Nagar,2024,35,2025-03-25,2025-03-30,0.1226966351408797,0.2523202800383809,0.244710256649931,0.1811987160651178,2,0.045,valid
Uttar_Pradesh,Kanpur Nagar,2024,36,2025-03-30,2025-04-04,0.13467382123254812,0.2674353759314269,0.2624387236791566,0.1944166863085475,0,,insufficient_data
Uttar_Pradesh,Kanpur Nagar,2024,37,2025-04-04,2025-04-09,0.1500796921131526,0.2700167516567836,0.2881105292758385,0.2162929342766921,2,0.0,valid
Uttar_Pradesh,Kanpur Nagar,2024,38,2025-04-09,2025-04-14,0.15789170199289013,0.28005815084790736,0.29743905920302827,0.22812038133341325,0,,insufficient_data
Uttar_Pradesh,Kanpur Nagar,2024,39,2025-04-14,2025-04-19,0.1697187978146198,0.2895030264081898,0.3116537591592807,0.2356722256517155,2,0.32,valid
Uttar_Pradesh,Kanpur Nagar,2024,40,2025-04-19,2025-04-24,0.1890716829029084,0.3083925452882751,0.345281691727063,0.2793176493401276,2,0.0,valid
Uttar_Pradesh,Kanpur Nagar,2024,41,2025-04-24,2025-04-29,0.17939524035876409,0.29894778584823245,0.3284677254431718,0.25749493749592156,0,,insufficient_data
Uttar_Pradesh,Kanpur Nagar,2024,42,2025-04-29,2025-05-04,0.17939524035876409,0.29894778584823245,0.3284677254431718,0.25749493749592156,0,,insufficient_data
Uttar_Pradesh,Kanpur Nagar,2025,0,2025-10-01,2025-10-06,0.0890356110822193,0.2782991238830395,0.2061833583640134,0.1397208734743814,0,,insufficient_data
Uttar_Pradesh,Kanpur Nagar,2025,1,2025-10-06,2025-10-11,0.0921940475709993,0.2718349720464025,0.21186054527380055,0.1440074679051672,0,,insufficient_data
Uttar_Pradesh,Kanpur Nagar,2025,2,2025-10-11,2025-10-16,0.0890356110822193,0.2782991238830395,0.2061833583640134,0.1397208734743814,2,0.19,valid
Uttar_Pradesh,Kanpur Nagar,2025,3,2025-10-16,2025-10-21,0.0921940475709993,0.2718349720464025,0.21186054527380055,0.1440074679051672,0,,insufficient_data
Uttar_Pradesh,Kanpur Nagar,2025,4,2025-10-21,2025-10-26,0.0953524840597793,0.2653708202097655,0.2175377321835877,0.148294062335953,2,7.95,valid
Uttar_Pradesh,Kanpur Nagar,2025,5,2025-10-26,2025-10-31,0.10090329245797301,0.2676024703191797,0.22457145302343473,0.15916196471828695,0,,insufficient_data
Uttar_Pradesh,Kanpur Nagar,2025,6,2025-10-31,2025-11-05,0.111545582591097,0.2579521442807718,0.23959112265309057,0.17907346896946122,0,,insufficient_data
Uttar_Pradesh,Kanpur Nagar,2025,7,2025-11-05,2025-11-10,0.1183217822319204,0.2591374668647342,0.2499932685227031,0.1894709583445265,2,6.44,valid
Uttar_Pradesh,Kanpur Nagar,2025,8,2025-11-10,2025-11-15,0.1201334015259286,0.24914594104232002,0.2451899184462468,0.19190659014936273,0,,insufficient_data
Uttar_Pradesh,Kanpur Nagar,2025,9,2025-11-15,2025-11-20,0.1209624814815913,0.2493481457678157,0.2512423672529809,0.1994553862279041,2,9.19,valid
Uttar_Pradesh,Kanpur Nagar,2025,10,2025-11-20,2025-11-25,0.1211159408642741,0.2389522104944102,0.2343341195630564,0.1867934258756576,2,14.465,valid
Uttar_Pradesh,Kanpur Nagar,2025,11,2025-11-25,2025-11-30,0.1126819287093985,0.24177441357312582,0.2276180582945061,0.1773996432552329,0,,insufficient_data
Uttar_Pradesh,Kanpur Nagar,2025,12,2025-11-30,2025-12-05,0.110116336455395,0.2371839615029552,0.2196373730286745,0.1694455076471072,2,0.27,valid
Uttar_Pradesh,Kanpur Nagar,2025,13,2025-12-05,2025-12-10,0.10992174445200091,0.2392498361748959,0.21974328864168116,0.17004772893100917,0,,insufficient_data
Uttar_Pradesh,Kanpur Nagar,2025,14,2025-12-10,2025-12-15,0.0985329560363336,0.2416133365273222,0.2052583733333126,0.1539042532702627,2,6.345000000000001,valid
Uttar_Pradesh,Kanpur Nagar,2025,15,2025-12-15,2025-12-20,0.1043246462458643,0.2393986490151387,0.21244787318099356,0.16167488045868494,0,,insufficient_data
Uttar_Pradesh,Kanpur Nagar,2025,16,2025-12-20,2025-12-25,0.0985329560363336,0.2416133365273222,0.2052583733333126,0.1539042532702627,0,,insufficient_data
Uttar_Pradesh,Kanpur Nagar,2025,17,2025-12-25,2025-12-30,0.08097981034096505,0.2535655313107632,0.18044508195120146,0.12574540247476623,0,,insufficient_data
Uttar_Pradesh,Kanpur Nagar,2025,18,2025-12-30,2026-01-04,0.0634266646455965,0.2655177260942042,0.1556317905690903,0.0975865516792698,0,,insufficient_data
Uttar_Pradesh,Kanpur Nagar,2025,19,2026-01-04,2026-01-09,0.06251797644886205,0.2737701791631557,0.1564133703034573,0.0963435133501972,0,,insufficient_data
Uttar_Pradesh,Kanpur Nagar,2025,20,2026-01-09,2026-01-14,0.0634266646455965,0.2655177260942042,0.1556317905690903,0.0975865516792698,2,2.235,valid
Uttar_Pradesh,Kanpur Nagar,2025,21,2026-01-14,2026-01-19,0.06251797644886205,0.2737701791631557,0.1564133703034573,0.0963435133501972,0,,insufficient_data
Uttar_Pradesh,Kanpur Nagar,2025,22,2026-01-19,2026-01-24,0.0616092882521276,0.2820226322321073,0.1571949500378243,0.0951004750211246,2,7.795,valid
Uttar_Pradesh,Kanpur Nagar,2025,23,2026-01-24,2026-01-29,0.060372262034681,0.29333767526704735,0.15585603967572445,0.09438113209263006,0,,insufficient_data
Uttar_Pradesh,Kanpur Nagar,2025,24,2026-01-29,2026-02-03,0.058845060729223256,0.307247649853469,0.1559681642290415,0.0927784222993102,0,,insufficient_data
Uttar_Pradesh,Kanpur Nagar,2025,25,2026-02-03,2026-02-08,0.058385543025769975,0.31560414996047176,0.15574402042939248,0.09230498948212766,0,,insufficient_data
Uttar_Pradesh,Kanpur Nagar,2025,26,2026-02-08,2026-02-13,0.0560808332063189,0.3324726674748307,0.1547413784202587,0.0904563695774958,2,0.875,valid
Uttar_Pradesh,Kanpur Nagar,2025,27,2026-02-13,2026-02-18,0.05880136217251777,0.3299411624266215,0.1575048468709642,0.09371205657495561,0,,insufficient_data
Uttar_Pradesh,Kanpur Nagar,2025,28,2026-02-18,2026-02-23,0.0574665076188634,0.3323171501744774,0.1552957328300944,0.0913581238477626,2,9.4,valid
Uttar_Pradesh,Kanpur Nagar,2025,29,2026-02-23,2026-02-28,0.06149749038955023,0.3175070920391413,0.16031642637515883,0.09698528496809147,0,,insufficient_data
Uttar_Pradesh,Kanpur Nagar,2025,30,2026-02-28,2026-03-05,0.062856745692371,0.3250336696305564,0.1624774293625395,0.0993216762996084,1,17.66,valid
Uttar_Pradesh,Kanpur Nagar,2025,31,2026-03-05,2026-03-10,0.0695858750406476,0.2802048808767007,0.1687511648877427,0.1068049701474991,2,0.0349999999999999,valid
Uttar_Pradesh,Kanpur Nagar,2025,32,2026-03-10,2026-03-15,0.08240062133301977,0.2739787628441757,0.1865682316150133,0.12438767763327321,0,,insufficient_data
Uttar_Pradesh,Kanpur Nagar,2025,33,2026-03-15,2026-03-20,0.0963964217151029,0.2588128741207464,0.1959982487977378,0.1329936324813267,2,6.105,valid
Uttar_Pradesh,Kanpur Nagar,2025,34,2026-03-20,2026-03-25,0.1007634428839576,0.2318636267486995,0.2190460834120332,0.1584304316046586,2,0.2299999999999999,valid
Uttar_Pradesh,Kanpur Nagar,2025,35,2026-03-25,2026-03-30,0.09857993229953024,0.24533825043472296,0.2075221661048855,0.14571203204299266,0,,insufficient_data
Uttar_Pradesh,Kanpur Nagar,2025,36,2026-03-30,2026-04-04,0.09857993229953024,0.24533825043472296,0.2075221661048855,0.14571203204299266,0,,insufficient_data
Uttar_Pradesh,Kanpur Nagar,2025,37,2026-04-04,2026-04-09,0.1007634428839576,0.2318636267486995,0.2190460834120332,0.1584304316046586,0,,insufficient_data
Uttar_Pradesh,Kanpur Nagar,2025,38,2026-04-09,2026-04-14,,,,,0,,insufficient_data
Uttar_Pradesh,Kanpur Nagar,2025,39,2026-04-14,2026-04-19,,,,,0,,insufficient_data
Uttar_Pradesh,Kanpur Nagar,2025,40,2026-04-19,2026-04-24,,,,,0,,insufficient_data
Uttar_Pradesh,Kanpur Nagar,2025,41,2026-04-24,2026-04-29,,,,,0,,insufficient_data
Uttar_Pradesh,Kanpur Nagar,2025,42,2026-04-29,2026-05-04,,,,,0,,insufficient_data
