state,district,year,time_step,start_date,end_date,Red,NIR,SWIR1,SWIR2,image_count,mean_cloud_cover,quality_flag
Uttar_Pradesh,Ghaziabad,2010,0,2010-10-01,2010-10-06,0.0964775658334535,0.2932809576185533,0.2014645724419031,0.1166655936287352,2,1.5,valid
Uttar_Pradesh,Ghaziabad,2010,1,2010-10-06,2010-10-11,0.12236291015088586,0.28590680687420617,0.21141346189532886,0.12719377573119733,0,,insufficient_data
Uttar_Pradesh,Ghaziabad,2010,2,2010-10-11,2010-10-16,0.0940111012937322,0.2760906723948085,0.2105547260653904,0.1253752199372795,2,0.0,valid
Uttar_Pradesh,Ghaziabad,2010,3,2010-10-16,2010-10-21,0.1766000633254719,0.2883487906092568,0.2222210871786931,0.1395405136275773,1,1.0,valid
Uttar_Pradesh,Ghaziabad,2010,4,2010-10-21,2010-10-26,0.12803901438273674,0.26386114900205637,0.22511678418802192,0.14585104807619975,0,,insufficient_data
Uttar_Pradesh,Ghaziabad,2010,5,2010-10-26,2010-10-31,0.1080125883160054,0.2541429323478461,0.2391234553819735,0.1576988776943592,2,0.5,valid
Uttar_Pradesh,Ghaziabad,2010,6,2010-10-31,2010-11-05,0.1486635297288177,0.25236341038205107,0.23440878522228276,0.1633625175425859,0,,insufficient_data
Uttar_Pradesh,Ghaziabad,2010,7,2010-11-05,2010-11-10,0.1335323045957374,0.2368622006563141,0.2285678681260307,0.160789581045583,1,0.0,valid
Uttar_Pradesh,Ghaziabad,2010,8,2010-11-10,2010-11-15,0.176509162678056,0.2300997179147872,0.2477227302024337,0.1954210978028241,1,20.0,valid
Uttar_Pradesh,Ghaziabad,2010,9,2010-11-15,2010-11-20,0.1388126126761642,0.22888581414563233,0.2323287103275956,0.1692403506080881,0,,insufficient_data
Uttar_Pradesh,Ghaziabad,2010,10,2010-11-20,2010-11-25,0.14136567125647825,0.22188410907695194,0.2292056543132335,0.17011049967270764,0,,insufficient_data
Uttar_Pradesh,Ghaziabad,2010,11,2010-11-25,2010-11-30,0.1063963707546993,0.2196955238657957,0.2206955326543224,0.1515103729758573,2,0.0,valid
Uttar_Pradesh,Ghaziabad,2010,12,2010-11-30,2010-12-05,0.12818449861061618,0.20565562806380963,0.21620325101244134,0.16617506877536378,0,,insufficient_data
Uttar_Pradesh,Ghaziabad,2010,13,2010-12-05,2010-12-10,0.1490248469974204,0.2008789938709108,0.2198364862701472,0.1727209468665663,1,6.0,valid
Uttar_Pradesh,Ghaziabad,2010,14,2010-12-10,2010-12-15,0.1291322780797288,0.1963923664547223,0.2080777341128544,0.1742938864836677,1,1.0,valid
Uttar_Pradesh,Ghaziabad,2010,15,2010-12-15,2010-12-20,0.13599876629100052,0.20668218127352564,0.20956479679883452,0.165871179265847,0,,insufficient_data
Uttar_Pradesh,Ghaziabad,2010,16,2010-12-20,2010-12-25,0.1298391737958524,0.2227751834949438,0.2007801700135019,0.150598704447307,1,0.0,valid
Uttar_Pradesh,Ghaziabad,2010,17,2010-12-25,2010-12-30,0.1294857259377906,0.20958377497483305,0.20442895206317815,0.16244629546548733,0,,insufficient_data
Uttar_Pradesh,Ghaziabad,2010,18,2010-12-30,2011-01-04,0.12220577689234824,0.2265662427465113,0.19580480853858312,0.13890423097122578,0,,insufficient_data
Uttar_Pradesh,Ghaziabad,2010,19,2011-01-04,2011-01-09,0.12220577689234824,0.2265662427465113,0.19580480853858312,0.13890423097122578,0,,insufficient_data
Uttar_Pradesh,Ghaziabad,2010,20,2011-01-09,2011-01-14,0.1145723799888441,0.2303573019980788,0.1908294470636643,0.1272097574951446,0,,insufficient_data
Uttar_Pradesh,Ghaziabad,2010,21,2011-01-14,2011-01-19,0.1145723799888441,0.2303573019980788,0.1908294470636643,0.1272097574951446,1,6.0,valid
Uttar_Pradesh,Ghaziabad,2010,22,2011-01-19,2011-01-24,0.09623553872480745,0.23466299120787695,0.1793843636373397,0.11481564698895055,0,,insufficient_data
Uttar_Pradesh,Ghaziabad,2010,23,2011-01-24,2011-01-29,0.08381890350397615,0.24734033807084152,0.17281099649811518,0.10877650518561872,0,,insufficient_data
Uttar_Pradesh,Ghaziabad,2010,24,2011-01-29,2011-02-03,0.0778986974607708,0.2389686804176751,0.1679392802110151,0.1024215364827565,1,0.0,valid
Uttar_Pradesh,Ghaziabad,2010,25,2011-02-03,2011-02-08,0.0684421652615422,0.2558318561072229,0.16380177121534065,0.0995598790308558,0,,insufficient_data
Uttar_Pradesh,Ghaziabad,2010,26,2011-02-08,2011-02-13,0.0589856330623136,0.2726950317967707,0.1596642622196662,0.0966982215789551,2,4.5,valid
Uttar_Pradesh,Ghaziabad,2010,27,2011-02-13,2011-02-18,0.06906268874433903,0.27711609823329947,0.16444980377354823,0.0979491605572056,0,,insufficient_data
Uttar_Pradesh,Ghaziabad,2010,28,2011-02-18,2011-02-23,0.0644409673567675,0.3048854025256285,0.1631883181024761,0.0949379474779597,0,,insufficient_data
Uttar_Pradesh,Ghaziabad,2010,29,2011-02-23,2011-02-28,0.0703037357099327,0.3196845824854527,0.1657458688899634,0.0947277236099052,1,0.0,valid
Uttar_Pradesh,Ghaziabad,2010,30,2011-02-28,2011-03-05,0.06965541970838073,0.31271371399857445,0.16362950799112985,0.09679070034408917,0,,insufficient_data
Uttar_Pradesh,Ghaziabad,2010,31,2011-03-05,2011-03-10,0.0640335332980562,0.3222765932946623,0.1641548231977987,0.0933878972450188,1,3.0,valid
Uttar_Pradesh,Ghaziabad,2010,32,2011-03-10,2011-03-15,0.0746289901171533,0.2961799662156083,0.1609878318856275,0.1022564801773435,1,0.0,valid
Uttar_Pradesh,Ghaziabad,2010,33,2011-03-15,2011-03-20,0.08583968397980224,0.2886411886889492,0.17081746522003627,0.10977826454328393,0,,insufficient_data
Uttar_Pradesh,Ghaziabad,2010,34,2011-03-20,2011-03-25,0.090333190835997,0.2762500539462584,0.1708701586154051,0.1167141675465612,1,2.0,valid
Uttar_Pradesh,Ghaziabad,2010,35,2011-03-25,2011-03-30,0.1143630216680025,0.2598581412992678,0.1872570471813138,0.1267545132042122,1,11.0,valid
Uttar_Pradesh,Ghaziabad,2010,36,2011-03-30,2011-04-04,0.10745256029919573,0.24527019681407736,0.1905840772594023,0.1341403645875316,0,,insufficient_data
Uttar_Pradesh,Ghaziabad,2010,37,2011-04-04,2011-04-09,0.1093010545747506,0.2344655669718731,0.1963421268873765,0.139490550978611,2,0.5,valid
Uttar_Pradesh,Ghaziabad,2010,38,2011-04-09,2011-04-14,0.11757202172744297,0.22931015265234825,0.20811049209926408,0.15245625712513902,0,,insufficient_data
Uttar_Pradesh,Ghaziabad,2010,39,2011-04-14,2011-04-19,0.1158129741180328,0.2105070250389101,0.2078669763535137,0.1536022266207419,1,0.0,valid
Uttar_Pradesh,Ghaziabad,2010,40,2011-04-19,2011-04-24,0.130811036548986,0.212409877299342,0.2409758179748523,0.189977737696991,2,0.0,valid
Uttar_Pradesh,Ghaziabad,2010,41,2011-04-24,2011-04-29,0.1385589607480491,0.21766215837977657,0.23895748621790935,0.1891658342041247,0,,insufficient_data
Uttar_Pradesh,Ghaziabad,2010,42,2011-04-29,2011-05-04,0.1690528715771286,0.2300695728010777,0.268029664325362,0.2239175382946412,1,16.0,valid
Uttar_Pradesh,Ghaziabad,2011,0,2011-10-01,2011-10-06,0.1044544489895674,0.300070822998882,0.2163878024371766,0.1312733966177084,0,,insufficient_data
Uttar_Pradesh,Ghaziabad,2011,1,2011-10-06,2011-10-11,0.1044544489895674,0.300070822998882,0.2163878024371766,0.1312733966177084,1,0.0,valid
Uttar_Pradesh,Ghaziabad,2011,2,2011-10-11,2011-10-16,0.12723299162251683,0.26922542973192587,0.2302100939545619,0.1577669105043011,0,,insufficient_data
Uttar_Pradesh,Ghaziabad,2011,3,2011-10-16,2011-10-21,0.12723299162251683,0.26922542973192587,0.2302100939545619,0.1577669105043011,0,,insufficient_data
Uttar_Pradesh,Ghaziabad,2011,4,2011-10-21,2011-10-26,0.127462539446467,0.2645662385729729,0.2271722498791074,0.153025431331541,2,11.5,valid
Uttar_Pradesh,Ghaziabad,2011,5,2011-10-26,2011-10-31,0.1497819864315161,0.2430392276239227,0.2470702295474017,0.1890019035636539,1,4.0,valid
Uttar_Pradesh,Ghaziabad,2011,6,2011-10-31,2011-11-05,0.13862226293899155,0.2538027330984478,0.23712123971325455,0.17101366744759744,0,,insufficient_data
Uttar_Pradesh,Ghaziabad,2011,7,2011-11-05,2011-11-10,0.13862226293899155,0.2538027330984478,0.23712123971325455,0.17101366744759744,0,,insufficient_data
Uttar_Pradesh,Ghaziabad,2011,8,2011-11-10,2011-11-15,0.1497819864315161,0.2430392276239227,0.2470702295474017,0.1890019035636539,0,,insufficient_data
Uttar_Pradesh,Ghaziabad,2011,9,2011-11-15,2011-11-20,0.1393441021205299,0.1761238585232227,0.1834445547269457,0.1540996552765779,0,,insufficient_data
Uttar_Pradesh,Ghaziabad,2011,10,2011-11-20,2011-11-25,0.1393441021205299,0.1761238585232227,0.1834445547269457,0.1540996552765779,0,,insufficient_data
Uttar_Pradesh,Ghaziabad,2011,11,2011-11-25,2011-11-30,0.1393441021205299,0.1761238585232227,0.1834445547269457,0.1540996552765779,0,,insufficient_data
Uttar_Pradesh,Ghaziabad,2011,12,2011-11-30,2011-12-05,0.1393441021205299,0.1761238585232227,0.1834445547269457,0.1540996552765779,1,6.0,valid
Uttar_Pradesh,Ghaziabad,2011,13,2011-12-05,2011-12-10,0.13403339324491798,0.1857557600392656,0.18180372265252215,0.14908319132223674,0,,insufficient_data
Uttar_Pradesh,Ghaziabad,2011,14,2011-12-10,2011-12-15,0.1289238520834632,0.18902818269665425,0.1764963485918597,0.1403031947396787,0,,insufficient_data
Uttar_Pradesh,Ghaziabad,2011,15,2011-12-15,2011-12-20,0.1287226843693061,0.1953876615553085,0.1801628905780986,0.1440667273678956,1,1.0,valid
Uttar_Pradesh,Ghaziabad,2011,16,2011-12-20,2011-12-25,0.12371372706492983,0.19548034478337006,0.1730222455243167,0.1334049644712291,0,,insufficient_data
Uttar_Pradesh,Ghaziabad,2011,17,2011-12-25,2011-12-30,0.1187047697605536,0.1955730280114316,0.1658816004705348,0.1227432015745626,1,12.0,valid
Uttar_Pradesh,Ghaziabad,2011,18,2011-12-30,2012-01-04,0.11603202465026696,0.20554140128283535,0.17129215366474215,0.12656026050380473,0,,insufficient_data
Uttar_Pradesh,Ghaziabad,2011,19,2012-01-04,2012-01-09,0.1096866947907474,0.21061827114659876,0.16685678520806396,0.1178070270717593,0,,insufficient_data
Uttar_Pradesh,Ghaziabad,2011,20,2012-01-09,2012-01-14,0.1006686198209412,0.2256635142817659,0.1678319699455931,0.112870852568956,1,8.0,valid
Uttar_Pradesh,Ghaziabad,2011,21,2012-01-14,2012-01-19,0.0895969637100367,0.22988626047519925,0.16604351530596678,0.1123233245409153,0,,insufficient_data
Uttar_Pradesh,Ghaziabad,2011,22,2012-01-19,2012-01-24,0.0895969637100367,0.22988626047519925,0.16604351530596678,0.1123233245409153,0,,insufficient_data
Uttar_Pradesh,Ghaziabad,2011,23,2012-01-24,2012-01-29,0.0785253075991322,0.2341090066686326,0.1642550606663405,0.1117757965128746,1,22.0,valid
Uttar_Pradesh,Ghaziabad,2011,24,2012-01-29,2012-02-03,0.0785253075991322,0.2341090066686326,0.1642550606663405,0.1117757965128746,0,,insufficient_data
Uttar_Pradesh,Ghaziabad,2011,25,2012-02-03,2012-02-08,0.0785253075991322,0.2341090066686326,0.1642550606663405,0.1117757965128746,0,,insufficient_data
Uttar_Pradesh,Ghaziabad,2011,26,2012-02-08,2012-02-13,0.0785253075991322,0.2341090066686326,0.1642550606663405,0.1117757965128746,0,,insufficient_data
Uttar_Pradesh,Ghaziabad,2011,27,2012-02-13,2012-02-18,0.0902673913685983,0.2908868833923526,0.175071237618572,0.1146037711859163,0,,insufficient_data
Uttar_Pradesh,Ghaziabad,2011,28,2012-02-18,2012-02-23,0.14883553060530286,0.28170566637089745,0.2192729849222042,0.17670184696609945,1,26.0,missing_bands
Uttar_Pradesh,Ghaziabad,2011,29,2012-02-23,2012-02-28,0.14883553060530286,0.28170566637089745,0.2192729849222042,0.17670184696609945,0,,insufficient_data
Uttar_Pradesh,Ghaziabad,2011,30,2012-02-28,2012-03-04,0.0902673913685983,0.2908868833923526,0.175071237618572,0.1146037711859163,1,11.0,valid
Uttar_Pradesh,Ghaziabad,2011,31,2012-03-04,2012-03-09,0.2074036698420074,0.2725244493494423,0.2634747322258364,0.2387999227462826,1,21.0,valid
Uttar_Pradesh,Ghaziabad,2011,32,2012-03-09,2012-03-14,0.12202594778573919,0.28433947584390123,0.19865170180435016,0.1493115407754343,0,,insufficient_data
Uttar_Pradesh,Ghaziabad,2011,33,2012-03-14,2012-03-19,0.0841903044187802,0.2962380291502844,0.1775238754463953,0.1154076099641813,1,0.0,valid
Uttar_Pradesh,Ghaziabad,2011,34,2012-03-19,2012-03-24,0.1062424255135709,0.2777085414835256,0.1785369619265968,0.128434859205357,1,0.0,valid
Uttar_Pradesh,Ghaziabad,2011,35,2012-03-24,2012-03-29,0.09842116699097678,0.24997409969337148,0.17817600922591248,0.12635132740361565,0,,insufficient_data
Uttar_Pradesh,Ghaziabad,2011,36,2012-03-29,2012-04-03,0.0925864898708373,0.2408542829368869,0.1825713812201797,0.1289245366209425,1,0.0,valid
Uttar_Pradesh,Ghaziabad,2011,37,2012-04-03,2012-04-08,0.1106654481607187,0.1850955452027889,0.1740718183104782,0.1326383038239818,1,0.0,valid
Uttar_Pradesh,Ghaziabad,2011,38,2012-04-08,2012-04-13,0.11536623502921522,0.2086989283782002,0.20139711252247355,0.15334277084601944,0,,insufficient_data
Uttar_Pradesh,Ghaziabad,2011,39,2012-04-13,2012-04-18,0.1164632144836735,0.2005873804713842,0.2115900799185407,0.163198039818456,1,0.0,valid
Uttar_Pradesh,Ghaziabad,2011,40,2012-04-18,2012-04-23,0.1229594834153412,0.19798047685863795,0.20767235628990485,0.16148218225437846,0,,insufficient_data
Uttar_Pradesh,Ghaziabad,2011,41,2012-04-23,2012-04-28,0.1417497876016314,0.2082585049017408,0.2373551706406956,0.1886102031206975,1,0.0,valid
Uttar_Pradesh,Ghaziabad,2011,42,2012-04-28,2012-05-03,0.12910650104265245,0.2044229426865625,0.22447262527961814,0.17590412146957674,0,,insufficient_data
Uttar_Pradesh,Ghaziabad,2012,0,2012-10-01,2012-10-06,0.1028749046383858,0.27222027723785225,0.21889957220770823,0.14577528706113205,0,,insufficient_data
Uttar_Pradesh,Ghaziabad,2012,1,2012-10-06,2012-10-11,0.0874560411795187,0.2841826288108395,0.2071543544308657,0.1269024449927906,1,0.0,valid
Uttar_Pradesh,Ghaziabad,2012,2,2012-10-11,2012-10-16,0.10439980609235529,0.2763834471646521,0.22271288310414827,0.14796958163816468,0,,insufficient_data
Uttar_Pradesh,Ghaziabad,2012,3,2012-10-16,2012-10-21,0.1182937680972529,0.260257925664865,0.2306447899845508,0.1646481291294735,1,19.0,valid
Uttar_Pradesh,Ghaziabad,2012,4,2012-10-21,2012-10-26,0.1074496090002943,0.2847097870182518,0.2303395048970283,0.1523581707922299,1,0.0,valid
Uttar_Pradesh,Ghaziabad,2012,5,2012-10-26,2012-10-31,0.12006536622970398,0.26217488499567737,0.22706180962854747,0.15677114589294872,0,,insufficient_data
Uttar_Pradesh,Ghaziabad,2012,6,2012-10-31,2012-11-05,0.12874361953871633,0.2502369687542576,0.228163047454406,0.16546436893803534,0,,insufficient_data
Uttar_Pradesh,Ghaziabad,2012,7,2012-11-05,2012-11-10,0.13222690335253748,0.24689664978405515,0.22733579994435774,0.16573644887422265,0,,insufficient_data
Uttar_Pradesh,Ghaziabad,2012,8,2012-11-10,2012-11-15,0.1344527215915648,0.2415569423039154,0.2202011340040633,0.1533071377571428,1,11.0,valid
Uttar_Pradesh,Ghaziabad,2012,9,2012-11-15,2012-11-20,0.1547783794657533,0.2144232200299982,0.2314667609319816,0.1915440380732952,1,3.0,valid
Uttar_Pradesh,Ghaziabad,2012,10,2012-11-20,2012-11-25,0.13206840213284668,0.21828224505573518,0.21994349982396727,0.1708001837577272,0,,insufficient_data
Uttar_Pradesh,Ghaziabad,2012,11,2012-11-25,2012-11-30,0.1032230775411133,0.2176697684032035,0.2100566625666976,0.1533724664536687,1,0.0,valid
Uttar_Pradesh,Ghaziabad,2012,12,2012-11-30,2012-12-05,0.1358194299329553,0.1994790494858236,0.2180494417931266,0.1849770927468021,1,0.0,valid
Uttar_Pradesh,Ghaziabad,2012,13,2012-12-05,2012-12-10,0.11090240248442232,0.20811439677641785,0.20315808652531508,0.1558221779041393,0,,insufficient_data
Uttar_Pradesh,Ghaziabad,2012,14,2012-12-10,2012-12-15,0.0846607080134629,0.204625442822929,0.1727642911411567,0.1133624348335814,1,15.0,valid
Uttar_Pradesh,Ghaziabad,2012,15,2012-12-15,2012-12-20,0.1199063944501578,0.2106833263937153,0.2117619506002795,0.171576717582505,1,0.0,valid
Uttar_Pradesh,Ghaziabad,2012,16,2012-12-20,2012-12-25,0.10228355123181035,0.20765438460832214,0.19226312087071812,0.1424695762080432,0,,insufficient_data
Uttar_Pradesh,Ghaziabad,2012,17,2012-12-25,2012-12-30,0.11272945321743387,0.2123229090179232,0.1889363311366221,0.13648384163948094,0,,insufficient_data
Uttar_Pradesh,Ghaziabad,2012,18,2012-12-30,2013-01-04,0.12676382581941936,0.21617164211542028,0.19702235113435473,0.1480445450424307,0,,insufficient_data
Uttar_Pradesh,Ghaziabad,2012,19,2013-01-04,2013-01-09,0.1305095788527895,0.2444376926059223,0.17224344934459435,0.1137739670535888,0,,insufficient_data
Uttar_Pradesh,Ghaziabad,2012,20,2013-01-09,2013-01-14,0.1336212571886809,0.2216599578371253,0.18228275166843,0.1245123725023564,1,3.0,valid
Uttar_Pradesh,Ghaziabad,2012,21,2013-01-14,2013-01-19,0.1305095788527895,0.2444376926059223,0.17224344934459435,0.1137739670535888,0,,insufficient_data
Uttar_Pradesh,Ghaziabad,2012,22,2013-01-19,2013-01-24,0.1273979005168981,0.2672154273747193,0.1622041470207587,0.1030355616048212,1,9.0,valid
Uttar_Pradesh,Ghaziabad,2012,23,2013-01-24,2013-01-29,0.1305095788527895,0.2444376926059223,0.17224344934459435,0.1137739670535888,0,,insufficient_data
Uttar_Pradesh,Ghaziabad,2012,24,2013-01-29,2013-02-03,0.09936631408500504,0.2814223281947848,0.17284275396017118,0.10736522028554116,0,,insufficient_data
Uttar_Pradesh,Ghaziabad,2012,25,2013-02-03,2013-02-08,0.09936631408500504,0.2814223281947848,0.17284275396017118,0.10736522028554116,0,,insufficient_data
Uttar_Pradesh,Ghaziabad,2012,26,2013-02-08,2013-02-13,0.071334727653112,0.2956292290148503,0.1834813608995837,0.1116948789662611,0,,insufficient_data
Uttar_Pradesh,Ghaziabad,2012,27,2013-02-13,2013-02-18,0.071334727653112,0.2956292290148503,0.1834813608995837,0.1116948789662611,1,0.0,valid
Uttar_Pradesh,Ghaziabad,2012,28,2013-02-18,2013-02-23,0.0710613649111933,0.3109018109577307,0.18017601044239206,0.11104532425180792,0,,insufficient_data
Uttar_Pradesh,Ghaziabad,2012,29,2013-02-23,2013-02-28,0.0710613649111933,0.3109018109577307,0.18017601044239206,0.11104532425180792,0,,insufficient_data
Uttar_Pradesh,Ghaziabad,2012,30,2013-02-28,2013-03-05,0.0665653332690749,0.3338058504717992,0.1890881163802779,0.1138589835500699,1,1.0,valid
Uttar_Pradesh,Ghaziabad,2012,31,2013-03-05,2013-03-10,0.075284033811393,0.3032703533865425,0.1679585540473146,0.1075821102390928,1,3.0,valid
Uttar_Pradesh,Ghaziabad,2012,32,2013-03-10,2013-03-15,0.07719575216552871,0.28963543114484863,0.17962768166398996,0.11597793008938713,0,,insufficient_data
Uttar_Pradesh,Ghaziabad,2012,33,2013-03-15,2013-03-20,0.0797519611409497,0.2845418656017642,0.1874175430304474,0.1219372776966608,1,0.0,valid
Uttar_Pradesh,Ghaziabad,2012,34,2013-03-20,2013-03-25,0.0846752478562659,0.26617895656936574,0.18301582743465633,0.12270247801995512,0,,insufficient_data
Uttar_Pradesh,Ghaziabad,2012,35,2013-03-25,2013-03-30,0.0871816804406972,0.2369236551192885,0.1740465131979198,0.120533348871725,1,5.0,valid
Uttar_Pradesh,Ghaziabad,2012,36,2013-03-30,2013-04-04,0.0964833160320237,0.2399799521698678,0.2026406994629435,0.1407571752723419,1,12.0,valid
Uttar_Pradesh,Ghaziabad,2012,37,2013-04-04,2013-04-09,0.10080911212698156,0.22140162092578908,0.19156824096228653,0.13812034592567854,0,,insufficient_data
Uttar_Pradesh,Ghaziabad,2012,38,2013-04-09,2013-04-14,0.1187623399082238,0.1873012554882109,0.1980175102259963,0.1530705136329687,1,0.0,valid
Uttar_Pradesh,Ghaziabad,2012,39,2013-04-14,2013-04-19,0.12758253310386028,0.21892504082905218,0.22338550140970828,0.1710223469830171,0,,insufficient_data
Uttar_Pradesh,Ghaziabad,2012,40,2013-04-19,2013-04-24,0.1431321416397786,0.20839758515864434,0.2337579023830907,0.18615493283835471,0,,insufficient_data
Uttar_Pradesh,Ghaziabad,2012,41,2013-04-24,2013-04-29,0.1675019433713334,0.2294939148290778,0.2694982945401851,0.2192393520437407,1,11.0,valid
Uttar_Pradesh,Ghaziabad,2012,42,2013-04-29,2013-05-04,0.1675019433713334,0.2294939148290778,0.2694982945401851,0.2192393520437407,0,,insufficient_data
Uttar_Pradesh,Ghaziabad,2013,0,2013-10-01,2013-10-06,0.0852958065277787,0.2716075889923263,0.2080263760340529,0.1346770119551801,0,,insufficient_data
Uttar_Pradesh,Ghaziabad,2013,1,2013-10-06,2013-10-11,0.0852958065277787,0.2716075889923263,0.2080263760340529,0.1346770119551801,0,,insufficient_data
Uttar_Pradesh,Ghaziabad,2013,2,2013-10-11,2013-10-16,0.09940347032110985,0.2688220486350251,0.2179810372116235,0.14396116571305473,0,,insufficient_data
Uttar_Pradesh,Ghaziabad,2013,3,2013-10-16,2013-10-21,0.0852958065277787,0.2716075889923263,0.2080263760340529,0.1346770119551801,2,0.115,valid
Uttar_Pradesh,Ghaziabad,2013,4,2013-10-21,2013-10-26,0.116182323957752,0.26111599388603196,0.22772540662772145,0.16017161593659754,0,,insufficient_data
Uttar_Pradesh,Ghaziabad,2013,5,2013-10-26,2013-10-31,0.113511134114441,0.266036508277724,0.2279356983891941,0.1532453194709294,2,9.85,valid
Uttar_Pradesh,Ghaziabad,2013,6,2013-10-31,2013-11-05,0.1497400312310363,0.2457038843880456,0.2472141454599173,0.1925925163836832,1,14.0,valid
Uttar_Pradesh,Ghaziabad,2013,7,2013-11-05,2013-11-10,0.1169005718459829,0.24582345537308445,0.224015487211116,0.16175876698560132,0,,insufficient_data
Uttar_Pradesh,Ghaziabad,2013,8,2013-11-10,2013-11-15,0.103344761241422,0.2457898337018091,0.220462810958572,0.154623090964031,2,3.635,valid
Uttar_Pradesh,Ghaziabad,2013,9,2013-11-15,2013-11-20,0.11263397606435077,0.2340763104758981,0.2182110931172847,0.16060434804952842,0,,insufficient_data
Uttar_Pradesh,Ghaziabad,2013,10,2013-11-20,2013-11-25,0.1010063607970323,0.2257635951247591,0.2004492940367806,0.1465741411237617,2,0.89,valid
Uttar_Pradesh,Ghaziabad,2013,11,2013-11-25,2013-11-30,0.0964447509879125,0.2190479286889786,0.204718122013869,0.1486276437266378,2,0.515,valid
Uttar_Pradesh,Ghaziabad,2013,12,2013-11-30,2013-12-05,0.10084279330611243,0.21636879198643472,0.192935088612331,0.14311490609235394,0,,insufficient_data
Uttar_Pradesh,Ghaziabad,2013,13,2013-12-05,2013-12-10,0.0954178978967412,0.2177800647362374,0.1839905562216931,0.1324981808127947,2,7.55,valid
Uttar_Pradesh,Ghaziabad,2013,14,2013-12-10,2013-12-15,0.1105021635427637,0.2028835793957637,0.1825823821769813,0.1447596587062216,1,9.76,valid
Uttar_Pradesh,Ghaziabad,2013,15,2013-12-15,2013-12-20,0.0967899846082345,0.21165777069995242,0.1742539999834264,0.13051825387726798,0,,insufficient_data
Uttar_Pradesh,Ghaziabad,2013,16,2013-12-20,2013-12-25,0.09996202695897892,0.21683526780118834,0.17434109129193004,0.12892048266695397,0,,insufficient_data
Uttar_Pradesh,Ghaziabad,2013,17,2013-12-25,2013-12-30,0.1014767366463915,0.2165203354895053,0.17112460298200902,0.1277279166183404,0,,insufficient_data
Uttar_Pradesh,Ghaziabad,2013,18,2013-12-30,2014-01-04,0.0844498923851986,0.2143096679678562,0.1561890615516047,0.1142969221127877,1,0.39,valid
Uttar_Pradesh,Ghaziabad,2013,19,2014-01-04,2014-01-09,0.1094781540112122,0.232367759104896,0.174602365217441,0.1241271690360119,1,3.0,valid
Uttar_Pradesh,Ghaziabad,2013,20,2014-01-09,2014-01-14,0.0969640231982054,0.22333871353637608,0.16539571338452286,0.1192120455743998,0,,insufficient_data
Uttar_Pradesh,Ghaziabad,2013,21,2014-01-14,2014-01-19,0.0969640231982054,0.22333871353637608,0.16539571338452286,0.1192120455743998,0,,insufficient_data
Uttar_Pradesh,Ghaziabad,2013,22,2014-01-19,2014-01-24,0.1094781540112122,0.232367759104896,0.174602365217441,0.1241271690360119,0,,insufficient_data
Uttar_Pradesh,Ghaziabad,2013,23,2014-01-24,2014-01-29,0.0607043130149685,0.2734896949657026,0.1613254126974404,0.1030125680613072,0,,insufficient_data
Uttar_Pradesh,Ghaziabad,2013,24,2014-01-29,2014-02-03,0.0646161811162835,0.28691971021688967,0.1652190756528363,0.09927226341282544,0,,insufficient_data
Uttar_Pradesh,Ghaziabad,2013,25,2014-02-03,2014-02-08,0.0646161811162835,0.28691971021688967,0.1652190756528363,0.09927226341282544,0,,insufficient_data
Uttar_Pradesh,Ghaziabad,2013,26,2014-02-08,2014-02-13,0.0607043130149685,0.2734896949657026,0.1613254126974404,0.1030125680613072,1,4.83,valid
Uttar_Pradesh,Ghaziabad,2013,27,2014-02-13,2014-02-18,0.0685280492175985,0.3003497254680767,0.1691127386082322,0.0955319587643437,1,1.0,valid
Uttar_Pradesh,Ghaziabad,2013,28,2014-02-18,2014-02-23,0.0688649594594185,0.292361327241286,0.16647777827822532,0.1024050692565157,0,,insufficient_data
Uttar_Pradesh,Ghaziabad,2013,29,2014-02-23,2014-02-28,0.0773625161456885,0.3032445612900786,0.1689951835290034,0.1086706809438962,1,1.0,valid
Uttar_Pradesh,Ghaziabad,2013,30,2014-02-28,2014-03-05,0.07005444161894343,0.3030083250991124,0.1691448391596673,0.1028797623417438,0,,insufficient_data
Uttar_Pradesh,Ghaziabad,2013,31,2014-03-05,2014-03-10,0.07081763781961589,0.30433762491463023,0.16916088943538485,0.10655366413044384,0,,insufficient_data
Uttar_Pradesh,Ghaziabad,2013,32,2014-03-10,2014-03-15,0.0642727594935433,0.3054306885391818,0.1693265953417663,0.1044366473169915,2,5.04,valid
Uttar_Pradesh,Ghaziabad,2013,33,2014-03-15,2014-03-20,0.07088254438318906,0.28057580100383694,0.1707031498785688,0.10774407538689579,0,,insufficient_data
Uttar_Pradesh,Ghaziabad,2013,34,2014-03-20,2014-03-25,0.0849950962351112,0.2661199119925952,0.1825543167654324,0.12106183220256712,0,,insufficient_data
Uttar_Pradesh,Ghaziabad,2013,35,2014-03-25,2014-03-30,0.0774923292728348,0.2557209134684921,0.1720797044153713,0.1110515034568001,1,15.79,valid
Uttar_Pradesh,Ghaziabad,2013,36,2014-03-30,2014-04-04,0.09535626460589515,0.24646452371930194,0.18916817747726544,0.12937442464535495,0,,insufficient_data
Uttar_Pradesh,Ghaziabad,2013,37,2014-04-04,2014-04-09,0.1132201999389555,0.2372081339701118,0.2062566505391596,0.1476973458339098,2,10.195,valid
Uttar_Pradesh,Ghaziabad,2013,38,2014-04-09,2014-04-14,0.10920566431515537,0.24265076116853926,0.21291488474234047,0.1550818676476618,0,,insufficient_data
Uttar_Pradesh,Ghaziabad,2013,39,2014-04-14,2014-04-19,0.13628143435066783,0.23488389873149443,0.24836864956541702,0.19810944699032917,0,,insufficient_data
Uttar_Pradesh,Ghaziabad,2013,40,2014-04-19,2014-04-24,0.1369044637336758,0.2350232360670139,0.2604082992724905,0.2064967536522755,2,1.49,valid
Uttar_Pradesh,Ghaziabad,2013,41,2014-04-24,2014-04-29,0.147812051556524,0.23372178111218578,0.2694246490785457,0.22331549756853886,0,,insufficient_data
Uttar_Pradesh,Ghaziabad,2013,42,2014-04-29,2014-05-04,0.1587196393793722,0.2324203261573577,0.2784409988846009,0.2401342414848022,1,0.0,valid
Uttar_Pradesh,Ghaziabad,2014,0,2014-10-01,2014-10-06,0.1001158246231051,0.28763491475268854,0.21703264969729869,0.13550649757535366,0,,insufficient_data
Uttar_Pradesh,Ghaziabad,2014,1,2014-10-06,2014-10-11,0.0827899447989638,0.2885900747233144,0.2079845988617356,0.1285766093575092,2,3.71,valid
Uttar_Pradesh,Ghaziabad,2014,2,2014-10-11,2014-10-16,0.1174417044472464,0.2866797547820627,0.2260807005328618,0.1424363857931981,1,16.0,valid
Uttar_Pradesh,Ghaziabad,2014,3,2014-10-16,2014-10-21,0.11407425036174902,0.2738614713902228,0.22253221222834332,0.14796301848813354,0,,insufficient_data
Uttar_Pradesh,Ghaziabad,2014,4,2014-10-21,2014-10-26,0.0987966032105591,0.258289335850233,0.2217507756703022,0.1544982560633571,2,3.035,valid
Uttar_Pradesh,Ghaziabad,2014,5,2014-10-26,2014-10-31,0.1221623396815843,0.26210395871519415,0.22632043722112705,0.15629511411559266,0,,insufficient_data
Uttar_Pradesh,Ghaziabad,2014,6,2014-10-31,2014-11-05,0.1572687489902268,0.2618867202052813,0.2343127738484737,0.1663408227384697,1,7.0,valid
Uttar_Pradesh,Ghaziabad,2014,7,2014-11-05,2014-11-10,0.1151423020783049,0.2415600240231997,0.2231374988328705,0.1619049918673458,2,17.61,valid
Uttar_Pradesh,Ghaziabad,2014,8,2014-11-10,2014-11-15,0.1247297021683806,0.23458386364358777,0.21895684751972028,0.16195489229128424,0,,insufficient_data
Uttar_Pradesh,Ghaziabad,2014,9,2014-11-15,2014-11-20,0.119316647845853,0.2244048100263702,0.2171997837766591,0.1631296668297029,2,0.5,valid
Uttar_Pradesh,Ghaziabad,2014,10,2014-11-20,2014-11-25,0.1071911097591377,0.2104839003194999,0.2011773336208777,0.1564440877296186,2,2.52,valid
Uttar_Pradesh,Ghaziabad,2014,11,2014-11-25,2014-11-30,0.11570528825543565,0.21204427805968665,0.2102063558096451,0.1651756729859904,0,,insufficient_data
Uttar_Pradesh,Ghaziabad,2014,12,2014-11-30,2014-12-05,0.1084262985229742,0.2160140744708555,0.2177957715084465,0.1675067753368413,2,0.015,valid
Uttar_Pradesh,Ghaziabad,2014,13,2014-12-05,2014-12-10,0.1442083226781003,0.1928476583105841,0.2130714317490745,0.1818988516002981,1,1.0,valid
Uttar_Pradesh,Ghaziabad,2014,14,2014-12-10,2014-12-15,0.099384062471113,0.2164709471711235,0.2017874583931677,0.1568989834334911,1,1.08,valid
Uttar_Pradesh,Ghaziabad,2014,15,2014-12-15,2014-12-20,0.11733956122406249,0.20844422665085435,0.21088488721689624,0.16876820345687682,0,,insufficient_data
Uttar_Pradesh,Ghaziabad,2014,16,2014-12-20,2014-12-25,0.12179619257460665,0.2046593027408538,0.2074294450711211,0.1693989175168946,0,,insufficient_data
Uttar_Pradesh,Ghaziabad,2014,17,2014-12-25,2014-12-30,0.099384062471113,0.2164709471711235,0.2017874583931677,0.1568989834334911,0,,insufficient_data
Uttar_Pradesh,Ghaziabad,2014,18,2014-12-30,2015-01-04,0.0657046285498442,0.2321689673304636,0.1285614732870545,0.0876375187443505,0,,insufficient_data
Uttar_Pradesh,Ghaziabad,2014,19,2015-01-04,2015-01-09,0.0657046285498442,0.2321689673304636,0.1285614732870545,0.0876375187443505,0,,insufficient_data
Uttar_Pradesh,Ghaziabad,2014,20,2015-01-09,2015-01-14,0.0615891553508194,0.247504030401664,0.13906959719618645,0.0894127982790047,0,,insufficient_data
Uttar_Pradesh,Ghaziabad,2014,21,2015-01-14,2015-01-19,0.0657046285498442,0.2321689673304636,0.1285614732870545,0.0876375187443505,1,20.0,valid
Uttar_Pradesh,Ghaziabad,2014,22,2015-01-19,2015-01-24,0.0615891553508194,0.247504030401664,0.13906959719618645,0.0894127982790047,0,,insufficient_data
Uttar_Pradesh,Ghaziabad,2014,23,2015-01-24,2015-01-29,0.0574736821517946,0.2628390934728644,0.1495777211053184,0.0911880778136589,1,27.5,valid
Uttar_Pradesh,Ghaziabad,2014,24,2015-01-29,2015-02-03,0.061644186726185664,0.2617909024382916,0.14517272241853194,0.09274635640559674,0,,insufficient_data
Uttar_Pradesh,Ghaziabad,2014,25,2015-02-03,2015-02-08,0.0596139658143564,0.2766018699922056,0.15347834698427065,0.09530077523621985,0,,insufficient_data
Uttar_Pradesh,Ghaziabad,2014,26,2015-02-08,2015-02-13,0.0617542494769182,0.2903646465115468,0.1573789728632229,0.0994134726587808,1,0.05,valid
Uttar_Pradesh,Ghaziabad,2014,27,2015-02-13,2015-02-18,0.07636135859741575,0.28374559625447304,0.16535259063475724,0.11078965744162339,0,,insufficient_data
Uttar_Pradesh,Ghaziabad,2014,28,2015-02-18,2015-02-23,0.0722215404604553,0.28633680128761035,0.15925855288077792,0.10419835184252557,0,,insufficient_data
Uttar_Pradesh,Ghaziabad,2014,29,2015-02-23,2015-02-28,0.0909684677179133,0.2771265459973993,0.1733262084062916,0.122165842224466,1,0.0,valid
Uttar_Pradesh,Ghaziabad,2014,30,2015-02-28,2015-03-05,0.07387069433952816,0.2888346380434823,0.1647090136390284,0.10588014613879337,0,,insufficient_data
Uttar_Pradesh,Ghaziabad,2014,31,2015-03-05,2015-03-10,0.0639419041865344,0.2915192113538849,0.1470704773728193,0.0910157406443299,1,14.77,valid
Uttar_Pradesh,Ghaziabad,2014,32,2015-03-10,2015-03-15,0.07543989752621477,0.28286544117271906,0.17138858676419189,0.11139316848298297,0,,insufficient_data
Uttar_Pradesh,Ghaziabad,2014,33,2015-03-15,2015-03-20,0.0667017111141368,0.2978581567791628,0.1737303551379743,0.1044588555475842,1,15.05,valid
Uttar_Pradesh,Ghaziabad,2014,34,2015-03-20,2015-03-25,0.0801475070862746,0.2649578505604292,0.1914273061396823,0.1279322355155518,2,0.0,valid
Uttar_Pradesh,Ghaziabad,2014,35,2015-03-25,2015-03-30,0.09331891207941143,0.24272394296195188,0.19309917349749925,0.13306333963430597,0,,insufficient_data
Uttar_Pradesh,Ghaziabad,2014,36,2015-03-30,2015-04-04,0.1087120414426266,0.2257758920773966,0.1882207781031631,0.1324414418243757,1,24.0,valid
Uttar_Pradesh,Ghaziabad,2014,37,2015-04-04,2015-04-09,0.0999276993075439,0.198762684580591,0.1877926673168687,0.1378835344844763,1,0.04,valid
Uttar_Pradesh,Ghaziabad,2014,38,2015-04-09,2015-04-14,0.1111056014464752,0.2262651308121799,0.2243247607898079,0.1626006307995418,1,0.0,valid
Uttar_Pradesh,Ghaziabad,2014,39,2015-04-14,2015-04-19,0.1242151765063051,0.2333960551186136,0.2427153170596894,0.1871200427999419,1,0.31,valid
Uttar_Pradesh,Ghaziabad,2014,40,2015-04-19,2015-04-24,0.1188236947303076,0.2210239765391068,0.23075345966947428,0.17674223774778608,0,,insufficient_data
Uttar_Pradesh,Ghaziabad,2014,41,2015-04-24,2015-04-29,0.1400463016609062,0.2256720356450427,0.2681810935115311,0.2193647429071843,2,0.0,valid
Uttar_Pradesh,Ghaziabad,2014,42,2015-04-29,2015-05-04,0.13213073908360565,0.22953404538182814,0.25544820528561024,0.2032423928535631,0,,insufficient_data
Uttar_Pradesh,Ghaziabad,2015,0,2015-10-01,2015-10-06,0.0863593139854664,0.2914603314195559,0.2143259995535436,0.1354613503902804,2,0.0,valid
Uttar_Pradesh,Ghaziabad,2015,1,2015-10-06,2015-10-11,0.0899287507377867,0.2794282109950775,0.2142471256971258,0.1425163331428269,2,0.02,valid
Uttar_Pradesh,Ghaziabad,2015,2,2015-10-11,2015-10-16,0.11236851476371479,0.2694359647257114,0.22613965358432409,0.15554018321868315,0,,insufficient_data
Uttar_Pradesh,Ghaziabad,2015,3,2015-10-16,2015-10-21,0.1329323876337828,0.2740033972426248,0.2272295108869972,0.1501394949830276,2,0.77,valid
Uttar_Pradesh,Ghaziabad,2015,4,2015-10-21,2015-10-26,0.1459030586398922,0.2422633243294338,0.2478020085044287,0.1889426993539376,1,21.0,valid
Uttar_Pradesh,Ghaziabad,2015,5,2015-10-26,2015-10-31,0.1067190628216459,0.2600245596418652,0.2270936232795253,0.1606410382233433,1,5.86,valid
Uttar_Pradesh,Ghaziabad,2015,6,2015-10-31,2015-11-05,0.1280475913540028,0.2237740115567614,0.2286066244753242,0.1723851102148015,1,24.29,valid
Uttar_Pradesh,Ghaziabad,2015,7,2015-11-05,2015-11-10,0.11753504329866496,0.23734577331208184,0.22655411081384372,0.16743844127808188,0,,insufficient_data
Uttar_Pradesh,Ghaziabad,2015,8,2015-11-10,2015-11-15,0.0980267408000203,0.2346943889040302,0.2135889489514927,0.1562982476636198,1,0.05,valid
Uttar_Pradesh,Ghaziabad,2015,9,2015-11-15,2015-11-20,0.1089787628777637,0.2259725821283187,0.2156793488584477,0.1589251109347072,2,4.375,valid
Uttar_Pradesh,Ghaziabad,2015,10,2015-11-20,2015-11-25,0.11880001804750835,0.21407335853564796,0.20830017086357863,0.16116259100585134,0,,insufficient_data
Uttar_Pradesh,Ghaziabad,2015,11,2015-11-25,2015-11-30,0.1506857091510349,0.1985044670337417,0.2128789104180542,0.1749915585590167,1,22.0,valid
Uttar_Pradesh,Ghaziabad,2015,12,2015-11-30,2015-12-05,0.1192794310413859,0.1924128501440852,0.2009929537594247,0.1702024192004022,1,1.67,valid
Uttar_Pradesh,Ghaziabad,2015,13,2015-12-05,2015-12-10,0.117029446367337,0.2187825044680639,0.1983606923304739,0.1453956186715108,1,5.0,valid
Uttar_Pradesh,Ghaziabad,2015,14,2015-12-10,2015-12-15,0.0897431737895164,0.2137389104971329,0.185857331673564,0.1405465845730085,1,24.33,valid
Uttar_Pradesh,Ghaziabad,2015,15,2015-12-15,2015-12-20,0.11456858480395438,0.20871936575541458,0.19202843988849616,0.14788485475962504,0,,insufficient_data
Uttar_Pradesh,Ghaziabad,2015,16,2015-12-20,2015-12-25,0.1322222880175782,0.2099431979123764,0.182902781790522,0.1353947965935787,2,14.945,valid
Uttar_Pradesh,Ghaziabad,2015,17,2015-12-25,2015-12-30,0.12313261543843534,0.2169374636329333,0.18490232462137768,0.13494778518404818,0,,insufficient_data
Uttar_Pradesh,Ghaziabad,2015,18,2015-12-30,2016-01-04,0.13982733626289479,0.2185367402008335,0.1844248210952845,0.13214838548956803,0,,insufficient_data
Uttar_Pradesh,Ghaziabad,2015,19,2016-01-04,2016-01-09,0.1474323845082114,0.2271302824892906,0.185946860400047,0.1289019743855574,1,10.0,valid
Uttar_Pradesh,Ghaziabad,2015,20,2016-01-09,2016-01-14,0.1474323845082114,0.2271302824892906,0.185946860400047,0.1289019743855574,0,,insufficient_data
Uttar_Pradesh,Ghaziabad,2015,21,2016-01-14,2016-01-19,0.11168620361667354,0.23667513884997443,0.17447402004158244,0.1181136792650623,0,,insufficient_data
Uttar_Pradesh,Ghaziabad,2015,22,2016-01-19,2016-01-24,0.099355384937953,0.24267029258176423,0.16684682079168633,0.11385618761240324,0,,insufficient_data
Uttar_Pradesh,Ghaziabad,2015,23,2016-01-24,2016-01-29,0.0753168851528238,0.25044029762800113,0.15729680098750598,0.10633329422582616,0,,insufficient_data
Uttar_Pradesh,Ghaziabad,2015,24,2016-01-29,2016-02-03,0.0759400227251357,0.2462199952106583,0.1630011796831179,0.1073253841445672,2,8.505,valid
Uttar_Pradesh,Ghaziabad,2015,25,2016-02-03,2016-02-08,0.0746937475805119,0.2546606000453439,0.1515924222918941,0.1053412043070851,1,1.79,valid
Uttar_Pradesh,Ghaziabad,2015,26,2016-02-08,2016-02-13,0.07462525079911579,0.2747550297546769,0.1660933077784284,0.11035629855892817,0,,insufficient_data
Uttar_Pradesh,Ghaziabad,2015,27,2016-02-13,2016-02-18,0.0858703133138933,0.277647854600936,0.1753228680472494,0.1181633511886717,1,0.0,valid
Uttar_Pradesh,Ghaziabad,2015,28,2016-02-18,2016-02-23,0.0691160005091147,0.2894918451706673,0.1628337195023466,0.1107195482775801,1,0.02,valid
Uttar_Pradesh,Ghaziabad,2015,29,2016-02-23,2016-02-28,0.0675061698669234,0.3057548537457787,0.177716349367534,0.1102320048767367,1,0.0,valid
Uttar_Pradesh,Ghaziabad,2015,30,2016-02-28,2016-03-04,0.0671788343000416,0.2773405586709487,0.1645275160236636,0.1066202530964664,2,12.745,valid
Uttar_Pradesh,Ghaziabad,2015,31,2016-03-04,2016-03-09,0.07111720065540811,0.2885735917952608,0.17135181327640797,0.1112968611298443,0,,insufficient_data
Uttar_Pradesh,Ghaziabad,2015,32,2016-03-09,2016-03-14,0.0806677979455527,0.2817071095936485,0.1803296682120876,0.117615638268594,2,1.905,valid
Uttar_Pradesh,Ghaziabad,2015,33,2016-03-14,2016-03-19,0.09044971174178984,0.25800421927398925,0.18365745050516205,0.1270403550610113,0,,insufficient_data
Uttar_Pradesh,Ghaziabad,2015,34,2016-03-19,2016-03-24,0.10208515046266395,0.24833604957550953,0.1932224177459113,0.13725040604328376,0,,insufficient_data
Uttar_Pradesh,Ghaziabad,2015,35,2016-03-24,2016-03-29,0.11216652645015635,0.24007783944989855,0.20957141638885454,0.15368189666863466,0,,insufficient_data
Uttar_Pradesh,Ghaziabad,2015,36,2016-03-29,2016-04-03,0.1235025029797752,0.2149649895573706,0.206115167279735,0.1568851738179735,1,3.0,valid
Uttar_Pradesh,Ghaziabad,2015,37,2016-04-03,2016-04-08,0.14369857159458854,0.22949589894687836,0.24559898428065638,0.1931968925076202,0,,insufficient_data
Uttar_Pradesh,Ghaziabad,2015,38,2016-04-08,2016-04-13,0.1323292784251411,0.2235614191986766,0.242269413674741,0.1865448779193365,1,0.0,valid
Uttar_Pradesh,Ghaziabad,2015,39,2016-04-13,2016-04-18,0.14600708343263524,0.23214063246550276,0.25340342886069744,0.20257192346616426,0,,insufficient_data
Uttar_Pradesh,Ghaziabad,2015,40,2016-04-18,2016-04-23,0.1752639333788493,0.2499612880845878,0.2884123718874931,0.2361606257855506,1,0.0,valid
Uttar_Pradesh,Ghaziabad,2015,41,2016-04-23,2016-04-28,0.1529326189467754,0.240074833021376,0.2768167626008208,0.2306970163417964,2,8.435,valid
Uttar_Pradesh,Ghaziabad,2015,42,2016-04-28,2016-05-03,0.16409827616281236,0.24501806055298192,0.2826145672441569,0.23342882106367352,0,,insufficient_data
Uttar_Pradesh,Ghaziabad,2016,0,2016-10-01,2016-10-06,0.1717665188940541,0.2796760844772705,0.2012099585651545,0.1148797901060653,1,27.0,valid
Uttar_Pradesh,Ghaziabad,2016,1,2016-10-06,2016-10-11,0.12227432492276197,0.2679855299340374,0.21411954798673039,0.13659080933172224,0,,insufficient_data
Uttar_Pradesh,Ghaziabad,2016,2,2016-10-11,2016-10-16,0.0881566811476339,0.2680732990933326,0.2095020711651548,0.1367132218371496,2,0.055,valid
Uttar_Pradesh,Ghaziabad,2016,3,2016-10-16,2016-10-21,0.1068997747265979,0.2562072062315091,0.2316466142298819,0.1581794160519518,2,0.505,valid
Uttar_Pradesh,Ghaziabad,2016,4,2016-10-21,2016-10-26,0.1024889465770567,0.2548630315302281,0.2206568283779351,0.15171070282510987,0,,insufficient_data
Uttar_Pradesh,Ghaziabad,2016,5,2016-10-26,2016-10-31,0.1124103838569383,0.2403085892658426,0.2208217997387686,0.1602394705862282,2,0.065,valid
Uttar_Pradesh,Ghaziabad,2016,6,2016-10-31,2016-11-05,0.10835665999420308,0.2373007998068292,0.21930850269616664,0.15623648861889913,0,,insufficient_data
Uttar_Pradesh,Ghaziabad,2016,7,2016-11-05,2016-11-10,0.11337321374189513,0.22384779942250024,0.21266502636134924,0.15553206427789348,0,,insufficient_data
Uttar_Pradesh,Ghaziabad,2016,8,2016-11-10,2016-11-15,0.105759821399073,0.2153866039231359,0.2054570941198495,0.1502905792185174,2,6.73,valid
Uttar_Pradesh,Ghaziabad,2016,9,2016-11-15,2016-11-20,0.12078124064631202,0.21148440308820107,0.21613520903873573,0.16805441122672116,0,,insufficient_data
Uttar_Pradesh,Ghaziabad,2016,10,2016-11-20,2016-11-25,0.1219494359696741,0.2158482050785222,0.2117161852254297,0.1560661430289348,2,8.23,valid
Uttar_Pradesh,Ghaziabad,2016,11,2016-11-25,2016-11-30,0.134634464570189,0.2032184002629451,0.231232347770928,0.1978065114327113,1,0.0,valid
Uttar_Pradesh,Ghaziabad,2016,12,2016-11-30,2016-12-05,0.12114941306511579,0.20635951608161845,0.20643829916931283,0.16438069321124663,0,,insufficient_data
Uttar_Pradesh,Ghaziabad,2016,13,2016-12-05,2016-12-10,0.11741856095504513,0.2066963467495082,0.20137094205377756,0.15740026059423834,1,17.81,missing_bands
Uttar_Pradesh,Ghaziabad,2016,14,2016-12-10,2016-12-15,0.1365669713832792,0.2030250571301782,0.2010871993560311,0.1653406817275788,1,28.0,valid
Uttar_Pradesh,Ghaziabad,2016,15,2016-12-15,2016-12-20,0.0914467803373209,0.2033464018548283,0.1817174643248625,0.1383094366557617,1,18.13,valid
Uttar_Pradesh,Ghaziabad,2016,16,2016-12-20,2016-12-25,0.1024951525147625,0.2080436694210673,0.1811015135916364,0.1294785301262052,2,3.165,valid
Uttar_Pradesh,Ghaziabad,2016,17,2016-12-25,2016-12-30,0.1080043711992151,0.21400296922238743,0.18023714974102592,0.13175327993329636,0,,insufficient_data
Uttar_Pradesh,Ghaziabad,2016,18,2016-12-30,2017-01-04,0.09327410643951202,0.22132026451259468,0.17167459859442308,0.11850830036765828,0,,insufficient_data
Uttar_Pradesh,Ghaziabad,2016,19,2017-01-04,2017-01-09,0.1015085805614978,0.2415967484834759,0.1570424216915737,0.0938844712236397,2,20.105,valid
Uttar_Pradesh,Ghaziabad,2016,20,2017-01-09,2017-01-14,0.08576383122443115,0.24860663523876503,0.16129080827579,0.10317833464211222,0,,insufficient_data
Uttar_Pradesh,Ghaziabad,2016,21,2017-01-14,2017-01-19,0.0776459123444669,0.2322942382910071,0.1668369947696198,0.1123607634650265,2,15.35,valid
Uttar_Pradesh,Ghaziabad,2016,22,2017-01-19,2017-01-24,0.072517422880845,0.2543503727880959,0.1537462810058577,0.1029566995024546,1,8.33,valid
Uttar_Pradesh,Ghaziabad,2016,23,2017-01-24,2017-01-29,0.0913834091109149,0.2661851813924811,0.1675375356361089,0.1035114043773281,1,28.0,valid
Uttar_Pradesh,Ghaziabad,2016,24,2017-01-29,2017-02-03,0.0963057399920281,0.2809802602087417,0.1593342621869662,0.0979836824771537,1,26.0,valid
Uttar_Pradesh,Ghaziabad,2016,25,2017-02-03,2017-02-08,0.08178827080672657,0.27754718074061474,0.16277419472322482,0.10147333798235073,0,,insufficient_data
Uttar_Pradesh,Ghaziabad,2016,26,2017-02-08,2017-02-13,0.0669465112431182,0.3086729085731403,0.1704787000639665,0.1014415655724665,2,11.75,valid
Uttar_Pradesh,Ghaziabad,2016,27,2017-02-13,2017-02-18,0.07581581770641968,0.2988931629970016,0.17003297516600976,0.10687874632455621,0,,insufficient_data
Uttar_Pradesh,Ghaziabad,2016,28,2017-02-18,2017-02-23,0.06835002897145878,0.3028810408480511,0.1727422635183878,0.11056553174302508,0,,insufficient_data
Uttar_Pradesh,Ghaziabad,2016,29,2017-02-23,2017-02-28,0.067503603823191,0.3127327183753566,0.180352254425279,0.1132318428668365,2,0.005,valid
Uttar_Pradesh,Ghaziabad,2016,30,2017-02-28,2017-03-05,0.0725074157673414,0.2931867648307677,0.1699666839878273,0.1148578943817681,1,0.0,valid
Uttar_Pradesh,Ghaziabad,2016,31,2017-03-05,2017-03-10,0.0664425850521845,0.2969317716129398,0.1701714155964784,0.1127308241510292,1,0.01,valid
Uttar_Pradesh,Ghaziabad,2016,32,2017-03-10,2017-03-15,0.0704201098090289,0.2784140209486423,0.1534573300261381,0.1032686854478982,1,0.22,valid
Uttar_Pradesh,Ghaziabad,2016,33,2017-03-15,2017-03-20,0.08130206527687138,0.27838293302508355,0.17669544197636305,0.1215330212974457,0,,insufficient_data
Uttar_Pradesh,Ghaziabad,2016,34,2017-03-20,2017-03-25,0.089429369786607,0.2735147042546025,0.1858328073530423,0.129503325004028,2,0.5,valid
Uttar_Pradesh,Ghaziabad,2016,35,2017-03-25,2017-03-30,0.1077108459691951,0.2498674034784653,0.2040489729183293,0.147304377502505,2,0.645,valid
Uttar_Pradesh,Ghaziabad,2016,36,2017-03-30,2017-04-04,0.11854836247184745,0.24570504337284976,0.2205068617803651,0.1662278329443956,0,,insufficient_data
Uttar_Pradesh,Ghaziabad,2016,37,2017-04-04,2017-04-09,0.1121400247570247,0.2402431308596619,0.2178133503990997,0.1624620494638476,2,10.78,valid
Uttar_Pradesh,Ghaziabad,2016,38,2017-04-09,2017-04-14,0.1454596305172183,0.2414659911759521,0.2488730864845352,0.196089423769759,1,0.0,valid
Uttar_Pradesh,Ghaziabad,2016,39,2017-04-14,2017-04-19,0.1380019413291922,0.223433987095567,0.2459660917468191,0.1957799889818385,1,0.0,valid
Uttar_Pradesh,Ghaziabad,2016,40,2017-04-19,2017-04-24,0.1593333597758318,0.2519578523804825,0.271176385717671,0.2066240174857497,2,3.91,valid
Uttar_Pradesh,Ghaziabad,2016,41,2017-04-24,2017-04-29,0.15390692464050054,0.24319461768690803,0.2620777549727552,0.20651566912668828,0,,insufficient_data
Uttar_Pradesh,Ghaziabad,2016,42,2017-04-29,2017-05-04,0.1728327669397598,0.2559206400956306,0.2822954559419954,0.2275692462694059,1,7.49,valid
Uttar_Pradesh,Ghaziabad,2017,0,2017-10-01,2017-10-06,0.08526882501666,0.267888423928489,0.20758315947143166,0.13332802748364145,0,,insufficient_data
Uttar_Pradesh,Ghaziabad,2017,1,2017-10-06,2017-10-11,0.083058421922864,0.2757206770020393,0.2087329602597431,0.129229227428188,2,0.0,valid
Uttar_Pradesh,Ghaziabad,2017,2,2017-10-11,2017-10-16,0.087479228110456,0.2600561708549387,0.2064333586831202,0.1374268275390949,2,0.06,valid
Uttar_Pradesh,Ghaziabad,2017,3,2017-10-16,2017-10-21,0.10830793636431738,0.25068028657267727,0.2154357622993685,0.14663742701880356,0,,insufficient_data
Uttar_Pradesh,Ghaziabad,2017,4,2017-10-21,2017-10-26,0.1156123691845042,0.2520098832700831,0.2243625754769272,0.154720882401461,2,4.35,valid
Uttar_Pradesh,Ghaziabad,2017,5,2017-10-26,2017-10-31,0.1470817262394453,0.214934415163648,0.2222141547776835,0.1651727707064703,1,25.0,valid
Uttar_Pradesh,Ghaziabad,2017,6,2017-10-31,2017-11-05,0.1239887652571779,0.22438960202973376,0.21047951564101428,0.15011063468463626,0,,insufficient_data
Uttar_Pradesh,Ghaziabad,2017,7,2017-11-05,2017-11-10,0.11976983364403031,0.2220278339619359,0.20868596067006498,0.14998469426026562,0,,insufficient_data
Uttar_Pradesh,Ghaziabad,2017,8,2017-11-10,2017-11-15,0.121155655130539,0.21203381752588682,0.20346042240111092,0.14840596487986715,0,,insufficient_data
Uttar_Pradesh,Ghaziabad,2017,9,2017-11-15,2017-11-20,0.1092722003475842,0.2062245076554702,0.1848618166684321,0.1304382509459775,2,14.115,valid
Uttar_Pradesh,Ghaziabad,2017,10,2017-11-20,2017-11-25,0.1071130388045875,0.2149425297585423,0.2033052957572171,0.1496068729871537,2,1.53,valid
Uttar_Pradesh,Ghaziabad,2017,11,2017-11-25,2017-11-30,0.10861581110627434,0.207413338232637,0.19496985081967716,0.14707384481715877,0,,insufficient_data
Uttar_Pradesh,Ghaziabad,2017,12,2017-11-30,2017-12-05,0.0943129580132181,0.2024399146383385,0.1867104572909088,0.1426316536545441,2,0.59,valid
Uttar_Pradesh,Ghaziabad,2017,13,2017-12-05,2017-12-10,0.1164885946861307,0.192592358848713,0.1997775865614321,0.1633365642855779,1,0.86,valid
Uttar_Pradesh,Ghaziabad,2017,14,2017-12-10,2017-12-15,0.1158922636798512,0.2208673802621208,0.2001940978203956,0.1493558822125407,1,0.0,valid
Uttar_Pradesh,Ghaziabad,2017,15,2017-12-15,2017-12-20,0.0875093062981844,0.2226718822190365,0.1874075968701292,0.1378826506345557,2,10.8,valid
Uttar_Pradesh,Ghaziabad,2017,16,2017-12-20,2017-12-25,0.11070703380008673,0.2181889146720148,0.19314950570982684,0.14436844880926952,0,,insufficient_data
Uttar_Pradesh,Ghaziabad,2017,17,2017-12-25,2017-12-30,0.1229379705361806,0.2366240373581889,0.1852187415873504,0.1268986981044038,2,13.84,valid
Uttar_Pradesh,Ghaziabad,2017,18,2017-12-30,2018-01-04,0.09909302241443362,0.23025283617175474,0.1758592975861818,0.12068539816237212,0,,insufficient_data
Uttar_Pradesh,Ghaziabad,2017,19,2018-01-04,2018-01-09,0.09334348077087178,0.2312712304356177,0.166813507801773,0.11111324873462636,0,,insufficient_data
Uttar_Pradesh,Ghaziabad,2017,20,2018-01-09,2018-01-14,0.0748724553644395,0.2251353362310857,0.1655743357313042,0.1068794144584345,2,13.22,valid
Uttar_Pradesh,Ghaziabad,2017,21,2018-01-14,2018-01-19,0.11105235745893,0.2365800888787078,0.1652365161559433,0.1110808294520944,1,8.0,valid
Uttar_Pradesh,Ghaziabad,2017,22,2018-01-19,2018-01-24,0.064511139723937,0.2267454592744884,0.1512244377324941,0.0995940529235727,1,1.37,valid
Uttar_Pradesh,Ghaziabad,2017,23,2018-01-24,2018-01-29,0.07820285712977605,0.23651647178185525,0.1590927984233433,0.10434879220321516,0,,insufficient_data
Uttar_Pradesh,Ghaziabad,2017,24,2018-01-29,2018-02-03,0.07931299105155491,0.24031018363211176,0.15693228598735634,0.10350525145147538,0,,insufficient_data
Uttar_Pradesh,Ghaziabad,2017,25,2018-02-03,2018-02-08,0.0623754759717977,0.2576050027431392,0.1543359040736316,0.099840871978759,2,0.005,valid
Uttar_Pradesh,Ghaziabad,2017,26,2018-02-08,2018-02-13,0.0691637638580274,0.28908989262748813,0.15929130989997145,0.10425282272669995,0,,insufficient_data
Uttar_Pradesh,Ghaziabad,2017,27,2018-02-13,2018-02-18,0.0691637638580274,0.28908989262748813,0.15929130989997145,0.10425282272669995,0,,insufficient_data
Uttar_Pradesh,Ghaziabad,2017,28,2018-02-18,2018-02-23,0.0666832505555624,0.2784660642373602,0.1610925421051935,0.1036377443065104,2,0.51,valid
Uttar_Pradesh,Ghaziabad,2017,29,2018-02-23,2018-02-28,0.0784325650467221,0.331198610901965,0.1624454835210893,0.1092798518948304,1,15.18,valid
Uttar_Pradesh,Ghaziabad,2017,30,2018-02-28,2018-03-05,0.0710018903929205,0.2946493554570286,0.16342575657675493,0.10792799291282588,0,,insufficient_data
Uttar_Pradesh,Ghaziabad,2017,31,2018-03-05,2018-03-10,0.067889855576477,0.2742833912317606,0.166739244103982,0.1108663825371368,2,0.005,valid
Uttar_Pradesh,Ghaziabad,2017,32,2018-03-10,2018-03-15,0.07617901689125543,0.28333458237786857,0.1705238694600358,0.11647435839155494,0,,insufficient_data
Uttar_Pradesh,Ghaziabad,2017,33,2018-03-15,2018-03-20,0.08512684570704,0.24724943455762685,0.18359987927164498,0.12904457945429107,0,,insufficient_data
Uttar_Pradesh,Ghaziabad,2017,34,2018-03-20,2018-03-25,0.0822146300505672,0.2445217449998801,0.1823868807550361,0.1292768407426976,2,0.01,valid
Uttar_Pradesh,Ghaziabad,2017,35,2018-03-25,2018-03-30,0.10800937967925946,0.22756043313444016,0.20313175372314052,0.1493880451616604,0,,insufficient_data
Uttar_Pradesh,Ghaziabad,2017,36,2018-03-30,2018-04-04,0.1052760514940758,0.2229431674412399,0.2016735129559169,0.1469905150830388,2,0.005,valid
Uttar_Pradesh,Ghaziabad,2017,37,2018-04-04,2018-04-09,0.1365374574931354,0.2152163869622004,0.2253348674584685,0.1718967796592449,1,1.0,valid
Uttar_Pradesh,Ghaziabad,2017,38,2018-04-09,2018-04-14,0.13369714453756404,0.22786193376876668,0.2401945446591899,0.18750837713630858,0,,insufficient_data
Uttar_Pradesh,Ghaziabad,2017,39,2018-04-14,2018-04-19,0.1516030914134582,0.237742491079103,0.2651154530686433,0.2078300868157849,1,15.0,valid
Uttar_Pradesh,Ghaziabad,2017,40,2018-04-19,2018-04-24,0.14317084221872678,0.22950152254460895,0.25303488856028095,0.20101433115406517,0,,insufficient_data
Uttar_Pradesh,Ghaziabad,2017,41,2018-04-24,2018-04-29,0.1413719777495868,0.2355456895925234,0.268654345153731,0.2233161269871657,2,0.005,valid
Uttar_Pradesh,Ghaziabad,2017,42,2018-04-29,2018-05-04,0.1464875345815225,0.23664409033581318,0.2668848991111872,0.2155731069014753,0,,insufficient_data
Uttar_Pradesh,Ghaziabad,2018,0,2018-10-01,2018-10-06,0.076265338192794,0.2918336360253506,0.1990288739748222,0.1206234185921504,2,0.035,valid
Uttar_Pradesh,Ghaziabad,2018,1,2018-10-06,2018-10-11,0.1152026543487253,0.2835004958717548,0.2205842414171338,0.1388682085808927,2,10.015,valid
Uttar_Pradesh,Ghaziabad,2018,2,2018-10-11,2018-10-16,0.1018944964784885,0.26239628996753306,0.21013149478683335,0.1396952470894932,0,,insufficient_data
Uttar_Pradesh,Ghaziabad,2018,3,2018-10-16,2018-10-21,0.0986457587734303,0.2622315510597693,0.2128543633124163,0.1431815894358454,2,2.72,valid
Uttar_Pradesh,Ghaziabad,2018,4,2018-10-21,2018-10-26,0.0995561493814174,0.2297922554329609,0.1979804043729411,0.1416396699220794,1,0.83,valid
Uttar_Pradesh,Ghaziabad,2018,5,2018-10-26,2018-10-31,0.1198025816960755,0.2446235114478296,0.2202095908568534,0.1541633489164982,1,12.0,valid
Uttar_Pradesh,Ghaziabad,2018,6,2018-10-31,2018-11-05,0.11459263450382504,0.24193845190916727,0.21007437382772537,0.14678218766777032,0,,insufficient_data
Uttar_Pradesh,Ghaziabad,2018,7,2018-11-05,2018-11-10,0.11857935343642373,0.23686517712151678,0.20937937645655258,0.14768233722575155,0,,insufficient_data
Uttar_Pradesh,Ghaziabad,2018,8,2018-11-10,2018-11-15,0.1566219922612239,0.2456790582530064,0.218018941191667,0.1533616163406405,1,16.0,valid
Uttar_Pradesh,Ghaziabad,2018,9,2018-11-15,2018-11-20,0.0983366904069781,0.2273658833522702,0.2013085694047489,0.1415647137237881,2,12.855,valid
Uttar_Pradesh,Ghaziabad,2018,10,2018-11-20,2018-11-25,0.1157688931433774,0.22381704949209213,0.20007232344925932,0.14276792480046724,0,,insufficient_data
Uttar_Pradesh,Ghaziabad,2018,11,2018-11-25,2018-11-30,0.1112375167360529,0.2140381909856022,0.1981971357049003,0.1416021090539413,2,11.1,valid
Uttar_Pradesh,Ghaziabad,2018,12,2018-11-30,2018-12-05,0.10533563949468186,0.21117524348631678,0.19165503466325684,0.14006849357422432,0,,insufficient_data
Uttar_Pradesh,Ghaziabad,2018,13,2018-12-05,2018-12-10,0.0968793731692548,0.2081850653774897,0.1827646474957211,0.1345432600834991,1,0.05,valid
Uttar_Pradesh,Ghaziabad,2018,14,2018-12-10,2018-12-15,0.1148889776664417,0.1951118342299049,0.1843497860476571,0.1425638914356688,1,18.89,valid
Uttar_Pradesh,Ghaziabad,2018,15,2018-12-15,2018-12-20,0.10232251647833406,0.21175756994583808,0.1813840067648589,0.1334503425091498,0,,insufficient_data
Uttar_Pradesh,Ghaziabad,2018,16,2018-12-20,2018-12-25,0.089887485720517,0.2187019956903842,0.1771983510629302,0.1298680925121182,2,1.625,valid
Uttar_Pradesh,Ghaziabad,2018,17,2018-12-25,2018-12-30,0.1076342293571227,0.2250313844855735,0.1812232424531273,0.1268261260053132,1,0.0,valid
Uttar_Pradesh,Ghaziabad,2018,18,2018-12-30,2019-01-04,0.10312182555768426,0.22306504906158214,0.17592816752233767,0.12318844121541597,0,,insufficient_data
Uttar_Pradesh,Ghaziabad,2018,19,2019-01-04,2019-01-09,0.1410944233143806,0.2169255766585139,0.1719620738641818,0.1203265257821342,1,8.0,valid
Uttar_Pradesh,Ghaziabad,2018,20,2019-01-09,2019-01-14,0.10753327217007332,0.22451940018531477,0.17550477300880682,0.12096189078318191,0,,insufficient_data
Uttar_Pradesh,Ghaziabad,2018,21,2019-01-14,2019-01-19,0.0738711638387167,0.2316012394118569,0.1733290027091113,0.1157330205620983,1,0.0,valid
Uttar_Pradesh,Ghaziabad,2018,22,2019-01-19,2019-01-24,0.12111971076918224,0.24944836536465212,0.1755664014379288,0.11620441243890287,0,,insufficient_data
Uttar_Pradesh,Ghaziabad,2018,23,2019-01-24,2019-01-29,0.11446147325411614,0.2602892949333649,0.1767678439625111,0.11483037465782577,0,,insufficient_data
Uttar_Pradesh,Ghaziabad,2018,24,2019-01-29,2019-02-03,0.0756135684236317,0.2636713328882379,0.1680010916784221,0.1135121659113791,1,0.69,valid
Uttar_Pradesh,Ghaziabad,2018,25,2019-02-03,2019-02-08,0.1938996875,0.2855953124999998,0.1889734375,0.1152459374999999,1,20.0,valid
Uttar_Pradesh,Ghaziabad,2018,26,2019-02-08,2019-02-13,0.10936916471264145,0.2886094560746373,0.17535230189683845,0.11149927878686176,0,,insufficient_data
Uttar_Pradesh,Ghaziabad,2018,27,2019-02-13,2019-02-18,0.10936916471264145,0.2886094560746373,0.17535230189683845,0.11149927878686176,0,,insufficient_data
Uttar_Pradesh,Ghaziabad,2018,28,2019-02-18,2019-02-23,0.1262469628571463,0.3010785176678369,0.1790279070060466,0.1104928352246031,0,,insufficient_data
Uttar_Pradesh,Ghaziabad,2018,29,2019-02-23,2019-02-28,0.0585942382142926,0.316561722835674,0.1690823765120932,0.1057397329492063,1,3.08,valid
Uttar_Pradesh,Ghaziabad,2018,30,2019-02-28,2019-03-05,0.06891387544261457,0.310298253605548,0.1759952172329948,0.11254905070071856,0,,insufficient_data
Uttar_Pradesh,Ghaziabad,2018,31,2019-03-05,2019-03-10,0.06891387544261457,0.310298253605548,0.1759952172329948,0.11254905070071856,0,,insufficient_data
Uttar_Pradesh,Ghaziabad,2018,32,2019-03-10,2019-03-15,0.0706873055210065,0.3173962194019143,0.1764003889041933,0.1127857234748963,2,3.755,valid
Uttar_Pradesh,Ghaziabad,2018,33,2019-03-15,2019-03-20,0.0774600825925446,0.2969368185790558,0.1825028862826978,0.1191216956780531,2,0.215,valid
Uttar_Pradesh,Ghaziabad,2018,34,2019-03-20,2019-03-25,0.08064627640959598,0.2741603240782234,0.17873052585780042,0.11981825399612225,0,,insufficient_data
Uttar_Pradesh,Ghaziabad,2018,35,2019-03-25,2019-03-30,0.0820738488845739,0.275215909866747,0.1705753232794858,0.1112838873288595,1,0.0,valid
Uttar_Pradesh,Ghaziabad,2018,36,2019-03-30,2019-04-04,0.0818121148169017,0.2476234612768155,0.1725300794574821,0.1199041676203075,1,2.45,valid
Uttar_Pradesh,Ghaziabad,2018,37,2019-04-04,2019-04-09,0.0911980302329532,0.2336292112665842,0.1916439513651431,0.1359957958784948,1,0.0,valid
Uttar_Pradesh,Ghaziabad,2018,38,2019-04-09,2019-04-14,0.1189949967114015,0.2146974960933695,0.1956592007949819,0.1420946291097973,1,12.0,valid
Uttar_Pradesh,Ghaziabad,2018,39,2019-04-14,2019-04-19,0.11410403268185107,0.23561467607840786,0.21830697132701643,0.16364928873734613,0,,insufficient_data
Uttar_Pradesh,Ghaziabad,2018,40,2019-04-19,2019-04-24,0.1285429442791183,0.221552701983117,0.24463206520369,0.1865254490353854,2,4.84,valid
Uttar_Pradesh,Ghaziabad,2018,41,2019-04-24,2019-04-29,0.1499720773688806,0.2605705097721532,0.2870695598137852,0.2337264020427458,2,0.0,valid
Uttar_Pradesh,Ghaziabad,2018,42,2019-04-29,2019-05-04,0.13925751082399945,0.2410616058776351,0.2658508125087376,0.21012592553906562,0,,insufficient_data
Uttar_Pradesh,Ghaziabad,2019,0,2019-10-01,2019-10-06,0.0710640798983466,0.3046442094227905,0.1951238994914952,0.1153891878296889,2,13.38,valid
Uttar_Pradesh,Ghaziabad,2019,1,2019-10-06,2019-10-11,0.09010948355327791,0.2744230866202314,0.20379383564992107,0.13142520131008212,0,,insufficient_data
Uttar_Pradesh,Ghaziabad,2019,2,2019-10-11,2019-10-16,0.0946506215181908,0.2799440697883812,0.2107187175388386,0.1307845850080824,2,0.12,valid
Uttar_Pradesh,Ghaziabad,2019,3,2019-10-16,2019-10-21,0.1030260512810468,0.2471640316543857,0.1990015032918089,0.136598500520834,1,2.0,valid
Uttar_Pradesh,Ghaziabad,2019,4,2019-10-21,2019-10-26,0.0916971815155275,0.2659400356153683,0.2103312222775415,0.1429285318817232,1,7.71,valid
Uttar_Pradesh,Ghaziabad,2019,5,2019-10-26,2019-10-31,0.1155437264948881,0.2343929030486495,0.2148603952126147,0.1564618067685126,1,3.38,valid
Uttar_Pradesh,Ghaziabad,2019,6,2019-10-31,2019-11-05,0.10799148822282208,0.24136197498424336,0.2111226110671621,0.14977093383516563,0,,insufficient_data
Uttar_Pradesh,Ghaziabad,2019,7,2019-11-05,2019-11-10,0.1216989935998259,0.21795092961857,0.2202973234866833,0.1630948961695927,1,0.0,valid
Uttar_Pradesh,Ghaziabad,2019,8,2019-11-10,2019-11-15,0.10847749663101783,0.21448312491188568,0.20335160997057206,0.14917756773703192,0,,insufficient_data
Uttar_Pradesh,Ghaziabad,2019,9,2019-11-15,2019-11-20,0.10435825102581248,0.21376826905816546,0.19780309664404186,0.1410490674313467,0,,insufficient_data
Uttar_Pradesh,Ghaziabad,2019,10,2019-11-20,2019-11-25,0.0903032189026133,0.2138856494101537,0.193202252219077,0.1390788059998149,1,12.82,valid
Uttar_Pradesh,Ghaziabad,2019,11,2019-11-25,2019-11-30,0.106364047526744,0.1917030175701696,0.1850464689639133,0.1380747620102075,1,6.87,valid
Uttar_Pradesh,Ghaziabad,2019,12,2019-11-30,2019-12-05,0.0990667440740667,0.2315334796337686,0.1926663419064939,0.1239478055457718,1,9.0,valid
Uttar_Pradesh,Ghaziabad,2019,13,2019-12-05,2019-12-10,0.0957912191083284,0.2250418713708739,0.1936687876050238,0.1388761831681035,2,0.415,valid
Uttar_Pradesh,Ghaziabad,2019,14,2019-12-10,2019-12-15,0.10040733690304636,0.21609278952493738,0.19046053282514366,0.1336329169080276,0,,insufficient_data
Uttar_Pradesh,Ghaziabad,2019,15,2019-12-15,2019-12-20,0.09742898159119755,0.22828767550232126,0.19316756475575886,0.13141199435693765,0,,insufficient_data
Uttar_Pradesh,Ghaziabad,2019,16,2019-12-20,2019-12-25,0.0957912191083284,0.2250418713708739,0.1936687876050238,0.1388761831681035,0,,insufficient_data
Uttar_Pradesh,Ghaziabad,2019,17,2019-12-25,2019-12-30,,,,,0,,insufficient_data
Uttar_Pradesh,Ghaziabad,2019,18,2019-12-30,2020-01-04,,,,,0,,insufficient_data
Uttar_Pradesh,Ghaziabad,2019,19,2020-01-04,2020-01-09,,,,,0,,insufficient_data
Uttar_Pradesh,Ghaziabad,2019,20,2020-01-09,2020-01-14,0.0639828972159961,0.2691856965758149,0.1634512365071382,0.1038493606823643,0,,insufficient_data
Uttar_Pradesh,Ghaziabad,2019,21,2020-01-14,2020-01-19,0.0567435910690266,0.29803085911361327,0.1456734542237971,0.0880894714549958,0,,insufficient_data
Uttar_Pradesh,Ghaziabad,2019,22,2020-01-19,2020-01-24,0.0567435910690266,0.29803085911361327,0.1456734542237971,0.0880894714549958,0,,insufficient_data
Uttar_Pradesh,Ghaziabad,2019,23,2020-01-24,2020-01-29,0.0639828972159961,0.2691856965758149,0.1634512365071382,0.1038493606823643,1,8.0,valid
Uttar_Pradesh,Ghaziabad,2019,24,2020-01-29,2020-02-03,0.0495042849220571,0.3268760216514116,0.127895671940456,0.0723295822276273,1,27.03,valid
Uttar_Pradesh,Ghaziabad,2019,25,2020-02-03,2020-02-08,0.06223375954863721,0.2963520450113872,0.15705748548826698,0.09760840732270125,0,,insufficient_data
Uttar_Pradesh,Ghaziabad,2019,26,2020-02-08,2020-02-13,0.066070453837367,0.2757123355025959,0.1604014837816813,0.1031627442029983,2,14.02,valid
Uttar_Pradesh,Ghaziabad,2019,27,2020-02-13,2020-02-18,0.0650819894297981,0.3122055297461106,0.1600074191534728,0.1020164602805658,1,0.03,valid
Uttar_Pradesh,Ghaziabad,2019,28,2020-02-18,2020-02-23,0.0665291723379678,0.2977806415810029,0.1735316160585867,0.1066838892199506,1,2.0,valid
Uttar_Pradesh,Ghaziabad,2019,29,2020-02-23,2020-02-28,0.0660125324003861,0.2956487890725633,0.1638968979107671,0.1027960227797557,2,12.44,valid
Uttar_Pradesh,Ghaziabad,2019,30,2020-02-28,2020-03-04,0.07707166745492816,0.30871568099198343,0.16218414887296495,0.10044092036081065,0,,insufficient_data
Uttar_Pradesh,Ghaziabad,2019,31,2020-03-04,2020-03-09,0.0653807324758991,0.3078829141953179,0.1541028775474675,0.0970258814469411,1,0.03,valid
Uttar_Pradesh,Ghaziabad,2019,32,2020-03-09,2020-03-14,0.1223539106305897,0.3300605303649228,0.1593819336945306,0.0936823480768401,1,8.0,valid
Uttar_Pradesh,Ghaziabad,2019,33,2020-03-14,2020-03-19,0.0827744305821918,0.2953127564345329,0.16603543794121095,0.10263314863050374,0,,insufficient_data
Uttar_Pradesh,Ghaziabad,2019,34,2020-03-19,2020-03-24,0.0834199067901986,0.2945524863772648,0.1834125407806351,0.1155540284475322,1,8.0,valid
Uttar_Pradesh,Ghaziabad,2019,35,2020-03-24,2020-03-29,0.0622015443381803,0.2671072200809269,0.1414087758396554,0.0765595709096718,1,0.0,valid
Uttar_Pradesh,Ghaziabad,2019,36,2020-03-29,2020-04-03,0.0805160586760913,0.2769606311542326,0.1918710618437662,0.1303439142715335,1,0.03,valid
Uttar_Pradesh,Ghaziabad,2019,37,2020-04-03,2020-04-08,0.1023601442920676,0.2342925295645627,0.2080971254409771,0.146725576360938,2,13.535,valid
Uttar_Pradesh,Ghaziabad,2019,38,2020-04-08,2020-04-13,0.10035441200958868,0.24745009157602743,0.206780242428609,0.1449225223108177,0,,insufficient_data
Uttar_Pradesh,Ghaziabad,2019,39,2020-04-13,2020-04-18,0.1239598507398763,0.2334303960926968,0.2277569595935742,0.1621390165435111,1,5.0,valid
Uttar_Pradesh,Ghaziabad,2019,40,2020-04-18,2020-04-23,0.1327344620017279,0.2254596809877181,0.264767289425072,0.2088445334684341,2,11.315,valid
Uttar_Pradesh,Ghaziabad,2019,41,2020-04-23,2020-04-28,0.13974988263441807,0.2366227420844036,0.25933259774078443,0.1970811401454455,0,,insufficient_data
Uttar_Pradesh,Ghaziabad,2019,42,2020-04-28,2020-05-03,0.16255533516165,0.2509781491727959,0.2854735442037071,0.2202598704243913,1,2.0,valid
Uttar_Pradesh,Ghaziabad,2020,0,2020-10-01,2020-10-06,0.11043576641882549,0.2564234507428347,0.2161606808498655,0.1464204200003918,0,,insufficient_data
Uttar_Pradesh,Ghaziabad,2020,1,2020-10-06,2020-10-11,0.0910112652217988,0.2678249925383419,0.2124868891832337,0.1417550860519716,2,0.015,valid
Uttar_Pradesh,Ghaziabad,2020,2,2020-10-11,2020-10-16,0.1298602676158522,0.2450219089473274,0.2198344725164973,0.151085753948812,2,8.45,valid
Uttar_Pradesh,Ghaziabad,2020,3,2020-10-16,2020-10-21,0.11486408964691577,0.2414872738012978,0.2193362090097896,0.1568565886978308,0,,insufficient_data
Uttar_Pradesh,Ghaziabad,2020,4,2020-10-21,2020-10-26,0.1006105877190637,0.2366505655872328,0.2183431462462811,0.1587350117010033,2,9.52,valid
Uttar_Pradesh,Ghaziabad,2020,5,2020-10-26,2020-10-31,0.1236261610775645,0.2201744940769247,0.2262291102326217,0.1735485937300615,1,0.27,valid
Uttar_Pradesh,Ghaziabad,2020,6,2020-10-31,2020-11-05,0.1292121666002997,0.2377644078566622,0.2197874268703141,0.1591584980573057,1,0.0,valid
Uttar_Pradesh,Ghaziabad,2020,7,2020-11-05,2020-11-10,0.12059612978384951,0.22369172223027606,0.21269893657153793,0.15796199638822742,0,,insufficient_data
Uttar_Pradesh,Ghaziabad,2020,8,2020-11-10,2020-11-15,0.12559251530004595,0.22045201139103687,0.21128788415285216,0.15776874256003343,0,,insufficient_data
Uttar_Pradesh,Ghaziabad,2020,9,2020-11-15,2020-11-20,0.1131044369315305,0.2189512913289933,0.1946892610286211,0.1303306261369194,1,16.0,valid
Uttar_Pradesh,Ghaziabad,2020,10,2020-11-20,2020-11-25,0.1364272965907891,0.2049178523015673,0.2044457384798517,0.1680372523158471,1,29.0,valid
Uttar_Pradesh,Ghaziabad,2020,11,2020-11-25,2020-11-30,0.11365597284095404,0.21340231961380934,0.19184479052798162,0.1419091809851624,0,,insufficient_data
Uttar_Pradesh,Ghaziabad,2020,12,2020-11-30,2020-12-05,0.1256868223285141,0.2217644851433564,0.19307462562677,0.1398917671460154,2,8.32,valid
Uttar_Pradesh,Ghaziabad,2020,13,2020-12-05,2020-12-10,0.105030240644642,0.2051064402380018,0.1833515523274147,0.1383512396766498,1,1.0,valid
Uttar_Pradesh,Ghaziabad,2020,14,2020-12-10,2020-12-15,0.0880310677092945,0.2162715290571278,0.1836627751772506,0.1329350196503802,1,8.79,valid
Uttar_Pradesh,Ghaziabad,2020,15,2020-12-15,2020-12-20,0.092916575581705,0.237356242064693,0.1849680772616051,0.1269799700064051,1,20.0,valid
Uttar_Pradesh,Ghaziabad,2020,16,2020-12-20,2020-12-25,0.092170367309777,0.22164736913718341,0.18017654007673298,0.1290791137298648,0,,insufficient_data
Uttar_Pradesh,Ghaziabad,2020,17,2020-12-25,2020-12-30,0.0827035853034665,0.2278552651889111,0.1687237555406614,0.1180502255860241,2,2.095,valid
Uttar_Pradesh,Ghaziabad,2020,18,2020-12-30,2021-01-04,0.08781008044258576,0.23260575362680205,0.17684591640113326,0.1225150977962146,0,,insufficient_data
Uttar_Pradesh,Ghaziabad,2020,19,2021-01-04,2021-01-09,0.1071796929848317,0.23887883179369224,0.15791491263014057,0.1008239580946461,0,,insufficient_data
Uttar_Pradesh,Ghaziabad,2020,20,2021-01-09,2021-01-14,0.10320345025337317,0.25617116685604463,0.15273119135893148,0.09481595660712196,0,,insufficient_data
Uttar_Pradesh,Ghaziabad,2020,21,2021-01-14,2021-01-19,0.1134533827283265,0.27032911768961143,0.1447349092680665,0.0831988221176709,0,,insufficient_data
Uttar_Pradesh,Ghaziabad,2020,22,2021-01-19,2021-01-24,0.1316558006661969,0.2499023983984734,0.1471060697196197,0.0835976906032681,1,12.0,valid
Uttar_Pradesh,Ghaziabad,2020,23,2021-01-24,2021-01-29,0.0952509647904561,0.2907558369807494,0.1423637488165133,0.0827999536320737,1,2.0,valid
Uttar_Pradesh,Ghaziabad,2020,24,2021-01-29,2021-02-03,0.09823218160985626,0.2721550068857828,0.14780772742242787,0.08891720754330719,0,,insufficient_data
Uttar_Pradesh,Ghaziabad,2020,25,2021-02-03,2021-02-08,0.0677897793729158,0.2758067852781256,0.1539533637311506,0.1003539783945798,1,8.91,valid
Uttar_Pradesh,Ghaziabad,2020,26,2021-02-08,2021-02-13,0.08021846953126104,0.28852035238174717,0.14747003285512553,0.08984216057065493,0,,insufficient_data
Uttar_Pradesh,Ghaziabad,2020,27,2021-02-13,2021-02-18,0.07269943665581018,0.28874548718923304,0.1562162359774427,0.09939505741981884,0,,insufficient_data
Uttar_Pradesh,Ghaziabad,2020,28,2021-02-18,2021-02-23,0.09213275679175545,0.2876618304768333,0.1659009955588954,0.10892083122298372,0,,insufficient_data
Uttar_Pradesh,Ghaziabad,2020,29,2021-02-23,2021-02-28,0.0776146644304112,0.2989984348863664,0.1460929860177127,0.0863725496853113,1,0.0,valid
Uttar_Pradesh,Ghaziabad,2020,30,2021-02-28,2021-03-05,0.0726938661641035,0.2914312414032071,0.1686023581834648,0.1114586441795654,1,0.21,valid
Uttar_Pradesh,Ghaziabad,2020,31,2021-03-05,2021-03-10,0.1504327171995913,0.2844108603396342,0.1949552743032535,0.1374981526324784,2,0.59,valid
Uttar_Pradesh,Ghaziabad,2020,32,2021-03-10,2021-03-15,0.10958447474572883,0.2857261471409938,0.18280101971777457,0.12493316143584839,0,,insufficient_data
Uttar_Pradesh,Ghaziabad,2020,33,2021-03-15,2021-03-20,0.1392642758449355,0.3005559850849603,0.2134634906126114,0.1552926687448209,2,15.345,valid
Uttar_Pradesh,Ghaziabad,2020,34,2021-03-20,2021-03-25,0.1079168500896026,0.253234213990801,0.1908909894718305,0.1340437919370659,1,0.0,valid
Uttar_Pradesh,Ghaziabad,2020,35,2021-03-25,2021-03-30,0.12434355402705803,0.2542516920235959,0.21900173596235195,0.16275838704162301,0,,insufficient_data
Uttar_Pradesh,Ghaziabad,2020,36,2021-03-30,2021-04-04,0.1090371284989571,0.2420546690601112,0.2185957385650698,0.1676028007151659,2,0.015,valid
Uttar_Pradesh,Ghaziabad,2020,37,2021-04-04,2021-04-09,0.1351176224499598,0.2403810333145851,0.2296956408836782,0.1711539079850442,1,0.0,valid
Uttar_Pradesh,Ghaziabad,2020,38,2021-04-09,2021-04-14,0.1303818932518351,0.2350325586675219,0.2423628202785698,0.1856987658260183,1,0.0,valid
Uttar_Pradesh,Ghaziabad,2020,39,2021-04-14,2021-04-19,0.1896347537167389,0.2616592543233094,0.2688711873756598,0.2064546895339714,1,20.0,valid
Uttar_Pradesh,Ghaziabad,2020,40,2021-04-19,2021-04-24,0.15193233353152857,0.24422626988549595,0.25459224267425484,0.19651040656969881,0,,insufficient_data
Uttar_Pradesh,Ghaziabad,2020,41,2021-04-24,2021-04-29,0.1525950647075805,0.2398322332365675,0.2774393221591115,0.2227342629337614,2,0.0,valid
Uttar_Pradesh,Ghaziabad,2020,42,2021-04-29,2021-05-04,0.17111490921215972,0.2507457437799384,0.27315525476738567,0.2145944762338664,0,,insufficient_data
Uttar_Pradesh,Ghaziabad,2021,0,2021-10-01,2021-10-06,0.0648122780738468,0.2959340837773946,0.1769090558981556,0.096304697266849,1,19.56,valid
Uttar_Pradesh,Ghaziabad,2021,1,2021-10-06,2021-10-11,0.0795046630046066,0.2794893016476024,0.1961456373164042,0.1213256180968432,1,0.3,valid
Uttar_Pradesh,Ghaziabad,2021,2,2021-10-11,2021-10-16,0.0751157710735481,0.275317379026404,0.18699627156896795,0.11145693223098817,0,,insufficient_data
Uttar_Pradesh,Ghaziabad,2021,3,2021-10-16,2021-10-21,0.08069149428226494,0.2725344161351772,0.19177233607556876,0.11788145667030048,0,,insufficient_data
Uttar_Pradesh,Ghaziabad,2021,4,2021-10-21,2021-10-26,0.08598456635173768,0.2647345269211047,0.19672676280137316,0.1250737098047843,0,,insufficient_data
Uttar_Pradesh,Ghaziabad,2021,5,2021-10-26,2021-10-31,0.0810303721421909,0.2505287516542149,0.1879341214923441,0.1167404813292723,1,0.13,valid
Uttar_Pradesh,Ghaziabad,2021,6,2021-10-31,2021-11-05,0.0974186639084155,0.2641855274614968,0.2061005295953712,0.1371550299882374,1,17.7,valid
Uttar_Pradesh,Ghaziabad,2021,7,2021-11-05,2021-11-10,0.09122833981562972,0.23410409669262472,0.1988604122136757,0.1392172621927032,0,,insufficient_data
Uttar_Pradesh,Ghaziabad,2021,8,2021-11-10,2021-11-15,0.0950176542867891,0.2198971094734013,0.1966025905103537,0.1439178254639538,1,7.62,valid
Uttar_Pradesh,Ghaziabad,2021,9,2021-11-15,2021-11-20,0.0840985411328226,0.2139429836579405,0.2001101284545506,0.1455132455630252,2,14.93,valid
Uttar_Pradesh,Ghaziabad,2021,10,2021-11-20,2021-11-25,0.0985764676079305,0.22196611121607,0.203554691015759,0.1527597286190273,1,0.19,valid
Uttar_Pradesh,Ghaziabad,2021,11,2021-11-25,2021-11-30,0.1026236218966124,0.2153338095164506,0.1913588237768618,0.141159802398369,1,0.0,valid
Uttar_Pradesh,Ghaziabad,2021,12,2021-11-30,2021-12-05,0.0914761565102977,0.2111008728434701,0.1784214135130171,0.1293832035526679,1,0.63,valid
Uttar_Pradesh,Ghaziabad,2021,13,2021-12-05,2021-12-10,0.0838829958367489,0.2156613704205972,0.1839604184838892,0.1288196863843818,1,28.86,valid
Uttar_Pradesh,Ghaziabad,2021,14,2021-12-10,2021-12-15,0.08468538776437322,0.22014015925626396,0.1746751249544364,0.12193547410457366,0,,insufficient_data
Uttar_Pradesh,Ghaziabad,2021,15,2021-12-15,2021-12-20,0.08020082923131344,0.2213417466912173,0.17050420024883006,0.11712939203112482,0,,insufficient_data
Uttar_Pradesh,Ghaziabad,2021,16,2021-12-20,2021-12-25,0.0800028854947755,0.2249047018879452,0.1642114953899136,0.1114984480061129,2,0.595,valid
Uttar_Pradesh,Ghaziabad,2021,17,2021-12-25,2021-12-30,0.0654412790834317,0.2337000416128567,0.1554234736085003,0.0988162301813367,1,0.94,valid
Uttar_Pradesh,Ghaziabad,2021,18,2021-12-30,2022-01-04,0.0727220822891036,0.22930237175040097,0.15981748449920696,0.1051573390937248,0,,insufficient_data
Uttar_Pradesh,Ghaziabad,2021,19,2022-01-04,2022-01-09,0.0727220822891036,0.22930237175040097,0.15981748449920696,0.1051573390937248,0,,insufficient_data
Uttar_Pradesh,Ghaziabad,2021,20,2022-01-09,2022-01-14,0.0654412790834317,0.2337000416128567,0.1554234736085003,0.0988162301813367,0,,insufficient_data
Uttar_Pradesh,Ghaziabad,2021,21,2022-01-14,2022-01-19,0.0609915372832482,0.2663394628891247,0.1548625230680711,0.0944174444260837,0,,insufficient_data
Uttar_Pradesh,Ghaziabad,2021,22,2022-01-19,2022-01-24,0.0643285540766092,0.2689583244939946,0.1559985248379901,0.0952122922379531,0,,insufficient_data
Uttar_Pradesh,Ghaziabad,2021,23,2022-01-24,2022-01-29,0.0643285540766092,0.2689583244939946,0.1559985248379901,0.0952122922379531,0,,insufficient_data
Uttar_Pradesh,Ghaziabad,2021,24,2022-01-29,2022-02-03,0.0609915372832482,0.2663394628891247,0.1548625230680711,0.0944174444260837,2,4.065,valid
Uttar_Pradesh,Ghaziabad,2021,25,2022-02-03,2022-02-08,0.0676655708699702,0.2715771860988645,0.1571345266079091,0.0960071400498225,2,15.565,valid
Uttar_Pradesh,Ghaziabad,2021,26,2022-02-08,2022-02-13,0.06417192038138998,0.28116327658889356,0.1563242875163853,0.09587760312837998,0,,insufficient_data
Uttar_Pradesh,Ghaziabad,2021,27,2022-02-13,2022-02-18,0.0627475330002462,0.2797835710435186,0.1575503022810488,0.0963737870710627,2,0.11,valid
Uttar_Pradesh,Ghaziabad,2021,28,2022-02-18,2022-02-23,0.0652830403720953,0.3069528863240665,0.1557497981085122,0.096712040966551,1,0.15,valid
Uttar_Pradesh,Ghaziabad,2021,29,2022-02-23,2022-02-28,0.06670865307438781,0.295176247374068,0.16408863608404986,0.10310654929185399,0,,insufficient_data
Uttar_Pradesh,Ghaziabad,2021,30,2022-02-28,2022-03-05,0.0681471189961589,0.3014570395665437,0.1704676158569983,0.1061804367556872,2,6.895,valid
Uttar_Pradesh,Ghaziabad,2021,31,2022-03-05,2022-03-10,0.06935469279866349,0.2899871491427414,0.16810326195575742,0.10782029674040611,0,,insufficient_data
Uttar_Pradesh,Ghaziabad,2021,32,2022-03-10,2022-03-15,0.0706569199290508,0.2925114925621433,0.1725868280896401,0.1131599323741151,2,4.85,valid
Uttar_Pradesh,Ghaziabad,2021,33,2022-03-15,2022-03-20,0.073331691897349,0.2590271781182122,0.1736088057678791,0.1152287768652711,1,0.03,valid
Uttar_Pradesh,Ghaziabad,2021,34,2022-03-20,2022-03-25,0.0908509795146746,0.2488104690231651,0.19302398976628482,0.13820223020084593,0,,insufficient_data
Uttar_Pradesh,Ghaziabad,2021,35,2022-03-25,2022-03-30,0.0933303203306407,0.2474065016502375,0.2004107372921632,0.1459591215949328,2,0.01,valid
Uttar_Pradesh,Ghaziabad,2021,36,2022-03-30,2022-04-04,0.103819874721875,0.2137054203091636,0.1929723554536614,0.1427815882279586,1,0.0,valid
Uttar_Pradesh,Ghaziabad,2021,37,2022-04-04,2022-04-09,0.1131160906944575,0.2314017524760688,0.2255412222280804,0.1738817319419521,1,0.01,valid
Uttar_Pradesh,Ghaziabad,2021,38,2022-04-09,2022-04-14,0.1324995375299343,0.2360501429650281,0.2342762542540274,0.1743474115535583,1,1.68,valid
Uttar_Pradesh,Ghaziabad,2021,39,2022-04-14,2022-04-19,0.1272672485490105,0.23516257423223821,0.24051532145586538,0.1870512377952592,0,,insufficient_data
Uttar_Pradesh,Ghaziabad,2021,40,2022-04-19,2022-04-24,0.1434028797275251,0.249493166006068,0.2761782219712071,0.2208370412102173,2,0.095,valid
Uttar_Pradesh,Ghaziabad,2021,41,2022-04-24,2022-04-29,0.1434978600712606,0.2451623894048625,0.2736085533723505,0.2234084160426097,2,0.01,valid
Uttar_Pradesh,Ghaziabad,2021,42,2022-04-29,2022-05-04,0.14345036989939286,0.24732777770546527,0.27489338767177884,0.2221227286264135,0,,insufficient_data
Uttar_Pradesh,Ghaziabad,2022,0,2022-10-01,2022-10-06,0.0832402909458362,0.2713736609498757,0.1951041114949483,0.1239927067493761,1,0.31,valid
Uttar_Pradesh,Ghaziabad,2022,1,2022-10-06,2022-10-11,0.08257390363654755,0.25487573560658,0.19392120599818266,0.12464982628725696,0,,insufficient_data
Uttar_Pradesh,Ghaziabad,2022,2,2022-10-11,2022-10-16,0.0641183742282421,0.2611081728215089,0.1752838972872501,0.0991169351661923,2,4.390000000000001,valid
Uttar_Pradesh,Ghaziabad,2022,3,2022-10-16,2022-10-21,0.0985299879486322,0.2355874383302267,0.2023458812637276,0.1419478582710831,1,0.07,valid
Uttar_Pradesh,Ghaziabad,2022,4,2022-10-21,2022-10-26,0.0844069614234797,0.2514336703247088,0.2029509339468046,0.1335418049623763,1,1.36,valid
Uttar_Pradesh,Ghaziabad,2022,5,2022-10-26,2022-10-31,0.0896868604364504,0.2226237009380224,0.1989638084148038,0.1399224749125066,2,2.18,valid
Uttar_Pradesh,Ghaziabad,2022,6,2022-10-31,2022-11-05,0.09714112751569524,0.22514883733925636,0.20216665067831877,0.14590089135738432,0,,insufficient_data
Uttar_Pradesh,Ghaziabad,2022,7,2022-11-05,2022-11-10,0.1230459948600045,0.2017157169896413,0.20884193889093,0.1701909201641279,1,24.35,valid
Uttar_Pradesh,Ghaziabad,2022,8,2022-11-10,2022-11-15,0.0900358329099094,0.2143836601136826,0.1977306908753278,0.1439013984768276,2,12.875,valid
Uttar_Pradesh,Ghaziabad,2022,9,2022-11-15,2022-11-20,0.10163627606522581,0.20926344399422464,0.19727027196662655,0.1502831011261646,0,,insufficient_data
Uttar_Pradesh,Ghaziabad,2022,10,2022-11-20,2022-11-25,0.0895128557140351,0.2144370586435473,0.1991568624282866,0.148379272706452,2,4.98,valid
Uttar_Pradesh,Ghaziabad,2022,11,2022-11-25,2022-11-30,0.1109432591273375,0.2035715885022886,0.1937792793772686,0.1533476257939169,1,6.51,valid
Uttar_Pradesh,Ghaziabad,2022,12,2022-11-30,2022-12-05,0.0946434377148425,0.2122091957219635,0.1868425882613197,0.1355962884894987,1,0.04,valid
Uttar_Pradesh,Ghaziabad,2022,13,2022-12-05,2022-12-10,0.0889793403503763,0.2189110403758876,0.1824198360205259,0.131014492729687,2,0.455,valid
Uttar_Pradesh,Ghaziabad,2022,14,2022-12-10,2022-12-15,0.08996304864751306,0.21575805112562624,0.18085436086744777,0.13131228117919436,0,,insufficient_data
Uttar_Pradesh,Ghaziabad,2022,15,2022-12-15,2022-12-20,0.0810728013656246,0.2238151486879378,0.1753518889477555,0.1226756402655724,2,1.395,valid
Uttar_Pradesh,Ghaziabad,2022,16,2022-12-20,2022-12-25,0.0741764046793844,0.2202832823400538,0.1658782117303692,0.1139273586172967,1,1.24,valid
Uttar_Pradesh,Ghaziabad,2022,17,2022-12-25,2022-12-30,0.0776246030225045,0.2220492155139958,0.17061505033906235,0.11830149944143456,0,,insufficient_data
Uttar_Pradesh,Ghaziabad,2022,18,2022-12-30,2023-01-04,0.07315804601048109,0.2219868241018588,0.16422215943848834,0.11302196964360584,0,,insufficient_data
Uttar_Pradesh,Ghaziabad,2022,19,2023-01-04,2023-01-09,0.06920066833290935,0.2210726618088193,0.15865729468385475,0.10819513433262255,0,,insufficient_data
Uttar_Pradesh,Ghaziabad,2022,20,2023-01-09,2023-01-14,0.0642249319864343,0.2218620412775848,0.1514363776373403,0.1024629100479484,0,,insufficient_data
Uttar_Pradesh,Ghaziabad,2022,21,2023-01-14,2023-01-19,0.0642249319864343,0.2218620412775848,0.1514363776373403,0.1024629100479484,2,0.445,valid
Uttar_Pradesh,Ghaziabad,2022,22,2023-01-19,2023-01-24,0.060873587763298695,0.24341723794368436,0.1535729518420022,0.10014121736281985,0,,insufficient_data
Uttar_Pradesh,Ghaziabad,2022,23,2023-01-24,2023-01-29,0.06462594737934996,0.25823260689096666,0.15843512331622145,0.10245560164392699,0,,insufficient_data
Uttar_Pradesh,Ghaziabad,2022,24,2023-01-29,2023-02-03,0.0575222435401631,0.2649724346097839,0.1557095260466641,0.0978195246776913,2,8.145,valid
Uttar_Pradesh,Ghaziabad,2022,25,2023-02-03,2023-02-08,0.06465960768910987,0.27599183843439806,0.16070783314191886,0.10221670428086012,0,,insufficient_data
Uttar_Pradesh,Ghaziabad,2022,26,2023-02-08,2023-02-13,0.0721306666114525,0.2878633447855313,0.1681594662646599,0.1070843702061413,2,9.395,valid
Uttar_Pradesh,Ghaziabad,2022,27,2023-02-13,2023-02-18,0.06508082009034558,0.27679613578045414,0.16117361086870802,0.10310237759394722,0,,insufficient_data
Uttar_Pradesh,Ghaziabad,2022,28,2023-02-18,2023-02-23,0.064325912915714,0.2751397359078789,0.1582545071144326,0.1017462179587478,1,0.77,valid
Uttar_Pradesh,Ghaziabad,2022,29,2023-02-23,2023-02-28,0.0663444572940527,0.2792090278186225,0.1625709440490754,0.1057593975332085,2,0.045,valid
Uttar_Pradesh,Ghaziabad,2022,30,2023-02-28,2023-03-05,0.06847491323174257,0.27590924766500335,0.16683304975159452,0.1098107731302993,0,,insufficient_data
Uttar_Pradesh,Ghaziabad,2022,31,2023-03-05,2023-03-10,0.0661678054776286,0.2840784281304461,0.1698833374541087,0.1120327655686543,2,0.03,valid
Uttar_Pradesh,Ghaziabad,2022,32,2023-03-10,2023-03-15,0.077061477239575,0.2652097988030659,0.1766234103887614,0.1197047114605866,1,0.08,valid
Uttar_Pradesh,Ghaziabad,2022,33,2023-03-15,2023-03-20,0.08510478744797723,0.2745290528337702,0.18243516521422798,0.12202134322540412,0,,insufficient_data
Uttar_Pradesh,Ghaziabad,2022,34,2023-03-20,2023-03-25,0.0906945546301579,0.3012163190886789,0.1666005498383423,0.0994308228971271,1,26.47,valid
Uttar_Pradesh,Ghaziabad,2022,35,2023-03-25,2023-03-30,0.09857796838358399,0.2664533945555035,0.20199065795250604,0.1416922595194539,0,,insufficient_data
Uttar_Pradesh,Ghaziabad,2022,36,2023-03-30,2023-04-04,0.1064953124445474,0.24761166531289,0.2166333631756996,0.1569170729752485,1,6.55,valid
Uttar_Pradesh,Ghaziabad,2022,37,2023-04-04,2023-04-09,0.1200605292200557,0.2517757950173791,0.2481053084072209,0.1907164307448534,2,0.005,valid
Uttar_Pradesh,Ghaziabad,2022,38,2023-04-09,2023-04-14,0.12511800930744466,0.24758560699162213,0.250503357628895,0.1941115498801294,0,,insufficient_data
Uttar_Pradesh,Ghaziabad,2022,39,2023-04-14,2023-04-19,0.131118168978101,0.2357756772994567,0.2622150829690585,0.2108547570563805,2,0.26,valid
Uttar_Pradesh,Ghaziabad,2022,40,2023-04-19,2023-04-24,0.1427980265870745,0.2551792903367626,0.2750596759636008,0.2179579387440353,1,0.04,valid
Uttar_Pradesh,Ghaziabad,2022,41,2023-04-24,2023-04-29,0.13695809778258775,0.24547748381810966,0.26863737946632965,0.2144063479002079,0,,insufficient_data
Uttar_Pradesh,Ghaziabad,2022,42,2023-04-29,2023-05-04,0.13695809778258775,0.24547748381810966,0.26863737946632965,0.2144063479002079,0,,insufficient_data
Uttar_Pradesh,Ghaziabad,2023,0,2023-10-01,2023-10-06,0.10405158931268495,0.2686676972320614,0.21533070247325214,0.14486014715747964,0,,insufficient_data
Uttar_Pradesh,Ghaziabad,2023,1,2023-10-06,2023-10-11,0.0890555594945392,0.2752284113514086,0.2085254953799535,0.132748019765329,2,0.0499999999999999,valid
Uttar_Pradesh,Ghaziabad,2023,2,2023-10-11,2023-10-16,0.1190476191308307,0.2621069831127143,0.2221359095665508,0.1569722745496303,1,3.3,valid
Uttar_Pradesh,Ghaziabad,2023,3,2023-10-16,2023-10-21,0.09831107704051985,0.2535773743008925,0.2115747484540335,0.14540598084523304,0,,insufficient_data
Uttar_Pradesh,Ghaziabad,2023,4,2023-10-21,2023-10-26,0.0931908966213242,0.2473992226174547,0.2114724695312989,0.147028163994086,2,0.285,valid
Uttar_Pradesh,Ghaziabad,2023,5,2023-10-26,2023-10-31,0.10210747161448612,0.2411101728278579,0.2095514993449884,0.1476749343933823,0,,insufficient_data
Uttar_Pradesh,Ghaziabad,2023,6,2023-10-31,2023-11-05,0.0919502329153853,0.2295748801219924,0.2041651193383309,0.1448754650718869,2,1.5499999999999998,valid
Uttar_Pradesh,Ghaziabad,2023,7,2023-11-05,2023-11-10,0.1042411377904043,0.2253596054592701,0.200432498943773,0.1418238339579261,1,1.36,valid
Uttar_Pradesh,Ghaziabad,2023,8,2023-11-10,2023-11-15,0.09392495471767695,0.22394266733511553,0.19667956678190415,0.13967002984031995,0,,insufficient_data
Uttar_Pradesh,Ghaziabad,2023,9,2023-11-15,2023-11-20,0.0867230551883684,0.2188208721510724,0.1923490354914351,0.135120272101488,1,0.08,valid
Uttar_Pradesh,Ghaziabad,2023,10,2023-11-20,2023-11-25,0.092333011493657,0.22393434007777258,0.19232349472825522,0.13605215666374182,0,,insufficient_data
Uttar_Pradesh,Ghaziabad,2023,11,2023-11-25,2023-11-30,0.0927853929765498,0.2220153116081273,0.1897716133540777,0.1368605482299789,1,1.8,valid
Uttar_Pradesh,Ghaziabad,2023,12,2023-11-30,2023-12-05,0.0855824600193055,0.2295415710926205,0.1867408311237351,0.1304039723655743,2,4.79,valid
Uttar_Pradesh,Ghaziabad,2023,13,2023-12-05,2023-12-10,0.0870219421079467,0.22625775625037303,0.18338902452900097,0.1305215449584133,0,,insufficient_data
Uttar_Pradesh,Ghaziabad,2023,14,2023-12-10,2023-12-15,0.0892039596557375,0.2260199349590509,0.1819742129514493,0.1306509721162231,2,2.16,valid
Uttar_Pradesh,Ghaziabad,2023,15,2023-12-15,2023-12-20,0.080515955780194,0.2274542073416934,0.1750694406867418,0.124170687121877,2,0.87,valid
Uttar_Pradesh,Ghaziabad,2023,16,2023-12-20,2023-12-25,0.08485995771796576,0.22673707115037214,0.17852182681909556,0.12741082961905004,0,,insufficient_data
Uttar_Pradesh,Ghaziabad,2023,17,2023-12-25,2023-12-30,0.08485995771796576,0.22673707115037214,0.17852182681909556,0.12741082961905004,0,,insufficient_data
Uttar_Pradesh,Ghaziabad,2023,18,2023-12-30,2024-01-04,0.080515955780194,0.2274542073416934,0.1750694406867418,0.124170687121877,0,,insufficient_data
Uttar_Pradesh,Ghaziabad,2023,19,2024-01-04,2024-01-09,,,,,0,,insufficient_data
Uttar_Pradesh,Ghaziabad,2023,20,2024-01-09,2024-01-14,0.0663928900198452,0.2348434603973468,0.1450198517419947,0.0970748099862882,0,,insufficient_data
Uttar_Pradesh,Ghaziabad,2023,21,2024-01-14,2024-01-19,0.0663928900198452,0.2348434603973468,0.1450198517419947,0.0970748099862882,0,,insufficient_data
Uttar_Pradesh,Ghaziabad,2023,22,2024-01-19,2024-01-24,0.0663928900198452,0.2348434603973468,0.1450198517419947,0.0970748099862882,0,,insufficient_data
Uttar_Pradesh,Ghaziabad,2023,23,2024-01-24,2024-01-29,0.0663928900198452,0.2348434603973468,0.1450198517419947,0.0970748099862882,1,0.38,valid
Uttar_Pradesh,Ghaziabad,2023,24,2024-01-29,2024-02-03,0.0663928900198452,0.2348434603973468,0.1450198517419947,0.0970748099862882,0,,insufficient_data
Uttar_Pradesh,Ghaziabad,2023,25,2024-02-03,2024-02-08,0.0711988447933769,0.2675698100520894,0.15850361741756225,0.10393433035033506,0,,insufficient_data
Uttar_Pradesh,Ghaziabad,2023,26,2024-02-08,2024-02-13,0.0711988447933769,0.2675698100520894,0.15850361741756225,0.10393433035033506,0,,insufficient_data
Uttar_Pradesh,Ghaziabad,2023,27,2024-02-13,2024-02-18,0.0705336746958624,0.29949716793934944,0.17202069513696117,0.11169367431376476,0,,insufficient_data
Uttar_Pradesh,Ghaziabad,2023,28,2024-02-18,2024-02-23,0.0760047995669086,0.300296159706832,0.1719873830931298,0.1107938507143819,2,10.3,valid
Uttar_Pradesh,Ghaziabad,2023,29,2024-02-23,2024-02-28,0.07141337405491847,0.30234278308553875,0.17477706611653143,0.11441252047313777,0,,insufficient_data
Uttar_Pradesh,Ghaziabad,2023,30,2024-02-28,2024-03-04,0.0650625498248162,0.2986981761718669,0.1720540071807925,0.1125934979131476,2,0.135,valid
Uttar_Pradesh,Ghaziabad,2023,31,2024-03-04,2024-03-09,0.0731727727730306,0.3080340133779173,0.180289808075672,0.1198502127918838,2,3.4850000000000003,valid
Uttar_Pradesh,Ghaziabad,2023,32,2024-03-09,2024-03-14,0.07070837330042327,0.29816361276081393,0.16796608141681788,0.11096304452742964,0,,insufficient_data
Uttar_Pradesh,Ghaziabad,2023,33,2024-03-14,2024-03-19,0.0682976799419527,0.3056245204071716,0.159174275812057,0.1049004227367853,1,0.03,valid
Uttar_Pradesh,Ghaziabad,2023,34,2024-03-19,2024-03-24,0.0763004906618936,0.2802977410863001,0.16034623459875,0.1065080446679019,1,1.41,valid
Uttar_Pradesh,Ghaziabad,2023,35,2024-03-24,2024-03-29,0.08794959751973841,0.26546875306519235,0.17466799837158453,0.12068289501789403,0,,insufficient_data
Uttar_Pradesh,Ghaziabad,2023,36,2024-03-29,2024-04-03,0.0977657430274418,0.2464179929999044,0.1800341941676625,0.127329673378042,1,0.39,valid
Uttar_Pradesh,Ghaziabad,2023,37,2024-04-03,2024-04-08,0.10442188866877156,0.25216056477452975,0.20042750311090474,0.1456424745848201,0,,insufficient_data
Uttar_Pradesh,Ghaziabad,2023,38,2024-04-08,2024-04-13,0.1094344764476656,0.2295347577673932,0.1991172889078686,0.1439934392888469,1,0.0,valid
Uttar_Pradesh,Ghaziabad,2023,39,2024-04-13,2024-04-18,0.1341868445380853,0.2523917672445214,0.2622122947693379,0.2047387410044897,2,4.175000000000001,valid
Uttar_Pradesh,Ghaziabad,2023,40,2024-04-18,2024-04-23,0.1296829586021501,0.24687480998782016,0.24826645421196494,0.19165027739498544,0,,insufficient_data
Uttar_Pradesh,Ghaziabad,2023,41,2024-04-23,2024-04-28,0.1454275548206994,0.2586979049515459,0.2834697789586884,0.2262186518916198,2,0.03,valid
Uttar_Pradesh,Ghaziabad,2023,42,2024-04-28,2024-05-03,0.13980719967939237,0.25554483609803363,0.2728410368640132,0.21547869644805473,0,,insufficient_data
Uttar_Pradesh,Ghaziabad,2024,0,2024-10-01,2024-10-06,0.0746126682710613,0.283904256491638,0.199261539575771,0.1184521938323033,2,2.8,valid
Uttar_Pradesh,Ghaziabad,2024,1,2024-10-06,2024-10-11,0.0820559273823322,0.2600935513491625,0.2073460166845081,0.1328467994770917,2,0.1649999999999999,valid
Uttar_Pradesh,Ghaziabad,2024,2,2024-10-11,2024-10-16,0.08841587678646781,0.24551549021398103,0.2044031889936572,0.13680830894589396,0,,insufficient_data
Uttar_Pradesh,Ghaziabad,2024,3,2024-10-16,2024-10-21,0.0899266087105926,0.2381152669748512,0.2074594581897551,0.1400692414637194,2,6.484999999999999,valid
Uttar_Pradesh,Ghaziabad,2024,4,2024-10-21,2024-10-26,0.1001890962692544,0.2174355907578962,0.198616526789011,0.1446346844218453,1,0.02,valid
Uttar_Pradesh,Ghaziabad,2024,5,2024-10-26,2024-10-31,0.0952950832990986,0.2280287854963572,0.2093324037292408,0.1480386255345101,1,10.09,valid
Uttar_Pradesh,Ghaziabad,2024,6,2024-10-31,2024-11-05,0.0936611476018443,0.2183432904905416,0.2053104559600944,0.1492985395779158,2,0.255,valid
Uttar_Pradesh,Ghaziabad,2024,7,2024-11-05,2024-11-10,0.10084655166491732,0.22196374711157998,0.20274102754424178,0.14602600110806613,0,,insufficient_data
Uttar_Pradesh,Ghaziabad,2024,8,2024-11-10,2024-11-15,0.0973565639834648,0.2142740582603302,0.2011904235362809,0.1432367564634704,2,15.52,valid
Uttar_Pradesh,Ghaziabad,2024,9,2024-11-15,2024-11-20,0.1177308671709245,0.2317370105527748,0.1992553277065818,0.1449213995425888,1,19.74,valid
Uttar_Pradesh,Ghaziabad,2024,10,2024-11-20,2024-11-25,0.10102925785436181,0.20965807786977758,0.19746793642938712,0.14924944549858238,0,,insufficient_data
Uttar_Pradesh,Ghaziabad,2024,11,2024-11-25,2024-11-30,0.1104698424224977,0.1906114864559515,0.2081961301971658,0.1709970643286833,1,21.36,valid
Uttar_Pradesh,Ghaziabad,2024,12,2024-11-30,2024-12-05,0.0929568491591403,0.2027656786084157,0.185672559275606,0.1428812006102153,1,0.09,valid
Uttar_Pradesh,Ghaziabad,2024,13,2024-12-05,2024-12-10,0.0866321665357817,0.2089021554714157,0.193025241431301,0.1442108065479542,1,0.2,valid
Uttar_Pradesh,Ghaziabad,2024,14,2024-12-10,2024-12-15,0.0871570007107103,0.2178997621639977,0.1901716764061696,0.1405545592333082,2,0.39,valid
Uttar_Pradesh,Ghaziabad,2024,15,2024-12-15,2024-12-20,0.08777126374691664,0.2114342324572796,0.18631510486971203,0.13831909534847636,0,,insufficient_data
Uttar_Pradesh,Ghaziabad,2024,16,2024-12-20,2024-12-25,0.0843390385820343,0.2161693335852892,0.1763909423657715,0.1256298150024277,2,0.04,valid
Uttar_Pradesh,Ghaziabad,2024,17,2024-12-25,2024-12-30,0.0857480196463723,0.21703454787464344,0.18328130938597054,0.13309218711786797,0,,insufficient_data
Uttar_Pradesh,Ghaziabad,2024,18,2024-12-30,2025-01-04,0.0843390385820343,0.2161693335852892,0.1763909423657715,0.1256298150024277,0,,insufficient_data
Uttar_Pradesh,Ghaziabad,2024,19,2025-01-04,2025-01-09,0.07238010613179385,0.23267251850834114,0.1663232319503277,0.11269173029028345,0,,insufficient_data
Uttar_Pradesh,Ghaziabad,2024,20,2025-01-09,2025-01-14,0.0604211736815534,0.2491757034313931,0.1562555215348839,0.0997536455781392,0,,insufficient_data
Uttar_Pradesh,Ghaziabad,2024,21,2025-01-14,2025-01-19,0.06153021564084425,0.2557728542306294,0.1553327378746803,0.09879945784656241,0,,insufficient_data
Uttar_Pradesh,Ghaziabad,2024,22,2025-01-19,2025-01-24,0.0604211736815534,0.2491757034313931,0.1562555215348839,0.0997536455781392,2,6.16,valid
Uttar_Pradesh,Ghaziabad,2024,23,2025-01-24,2025-01-29,0.061992473783791906,0.275961903332505,0.15871297970370757,0.10110782412412171,0,,insufficient_data
Uttar_Pradesh,Ghaziabad,2024,24,2025-01-29,2025-02-03,0.0626392576001351,0.2623700050298657,0.1544099542144767,0.0978452701149856,2,2.115,valid
Uttar_Pradesh,Ghaziabad,2024,25,2025-02-03,2025-02-08,0.0629169900696872,0.3163400015362561,0.1654734633617621,0.1057245566792403,2,7.625,valid
Uttar_Pradesh,Ghaziabad,2024,26,2025-02-08,2025-02-13,0.06353006939978209,0.3045008941801706,0.15938200318245155,0.10183904947207914,0,,insufficient_data
Uttar_Pradesh,Ghaziabad,2024,27,2025-02-13,2025-02-18,0.0600107941181281,0.3167119173538135,0.1574857297177009,0.099824752700971,1,6.59,valid
Uttar_Pradesh,Ghaziabad,2024,28,2025-02-18,2025-02-23,0.065591729848274,0.3281468265048273,0.1495347617335858,0.0957171586046698,1,27.16,valid
Uttar_Pradesh,Ghaziabad,2024,29,2025-02-23,2025-02-28,0.066491575362686,0.2989357204760904,0.1700061068847321,0.110083509260529,1,0.11,valid
Uttar_Pradesh,Ghaziabad,2024,30,2025-02-28,2025-03-05,0.0744220796326626,0.3001230332072038,0.1777190120287163,0.1193286711343381,2,0.595,valid
Uttar_Pradesh,Ghaziabad,2024,31,2025-03-05,2025-03-10,0.07341907718223054,0.2934743983599326,0.1727452456562796,0.11614758198385149,0,,insufficient_data
Uttar_Pradesh,Ghaziabad,2024,32,2025-03-10,2025-03-15,0.0776720215098915,0.2753531181867377,0.175026888096291,0.1187282291981692,2,17.63,valid
Uttar_Pradesh,Ghaziabad,2024,33,2025-03-15,2025-03-20,0.0829179795576385,0.264813293424804,0.1914394595380728,0.1368803417215514,2,0.025,valid
Uttar_Pradesh,Ghaziabad,2024,34,2025-03-20,2025-03-25,0.10084275366838771,0.2517972136783194,0.20277065022103163,0.14798092077565492,0,,insufficient_data
Uttar_Pradesh,Ghaziabad,2024,35,2025-03-25,2025-03-30,0.1053081595674912,0.2408184059635912,0.2039860645123309,0.1519445484442569,2,13.245,valid
Uttar_Pradesh,Ghaziabad,2024,36,2025-03-30,2025-04-04,0.1161591251156428,0.2393356454609195,0.2098823954447342,0.1518593420541679,1,0.0,valid
Uttar_Pradesh,Ghaziabad,2024,37,2025-04-04,2025-04-09,0.1221564825912745,0.2386656053555446,0.2335184435137292,0.1804921424601293,1,0.01,valid
Uttar_Pradesh,Ghaziabad,2024,38,2025-04-09,2025-04-14,0.131714971686257,0.2449553033180313,0.253179421136896,0.1919936954311694,2,1.3,valid
Uttar_Pradesh,Ghaziabad,2024,39,2025-04-14,2025-04-19,0.13350409161352245,0.24523071068720642,0.24991102204611781,0.1934854434747491,0,,insufficient_data
Uttar_Pradesh,Ghaziabad,2024,40,2025-04-19,2025-04-24,0.1520751288035884,0.2614056103531657,0.2825779106815108,0.2224821867809707,2,1.95,valid
Uttar_Pradesh,Ghaziabad,2024,41,2025-04-24,2025-04-29,0.1454147498708496,0.241791388948371,0.270396939453719,0.2205998506473081,2,0.925,valid
Uttar_Pradesh,Ghaziabad,2024,42,2025-04-29,2025-05-04,0.148744939337219,0.2515984996507683,0.2764874250676149,0.2215410187141394,0,,insufficient_data
Uttar_Pradesh,Ghaziabad,2025,0,2025-10-01,2025-10-06,0.0806701275130389,0.2719805532226103,0.2055875172771767,0.1271648437664746,2,7.925,valid
Uttar_Pradesh,Ghaziabad,2025,1,2025-10-06,2025-10-11,0.08432268886520594,0.2592390874611002,0.20581213238904186,0.13277060426107576,0,,insufficient_data
Uttar_Pradesh,Ghaziabad,2025,2,2025-10-11,2025-10-16,0.0829330957309496,0.2589018835241017,0.2032339865368261,0.1308822797010819,2,0.085,valid
Uttar_Pradesh,Ghaziabad,2025,3,2025-10-16,2025-10-21,0.08432268886520594,0.2592390874611002,0.20581213238904186,0.13277060426107576,0,,insufficient_data
Uttar_Pradesh,Ghaziabad,2025,4,2025-10-21,2025-10-26,0.0893648433516293,0.2468348256365885,0.2086148933531228,0.1402646893156707,1,13.96,valid
Uttar_Pradesh,Ghaziabad,2025,5,2025-10-26,2025-10-31,0.09174455605524037,0.2397004714026024,0.20474632441493815,0.14352244780648063,0,,insufficient_data
Uttar_Pradesh,Ghaziabad,2025,6,2025-10-31,2025-11-05,0.09468170949667064,0.2333000006954359,0.20525043704097548,0.14773583717494687,0,,insufficient_data
Uttar_Pradesh,Ghaziabad,2025,7,2025-11-05,2025-11-10,0.0931801669637456,0.2294895295084469,0.2059252462400275,0.151951269821377,2,1.175,valid
Uttar_Pradesh,Ghaziabad,2025,8,2025-11-10,2025-11-15,0.101500118174637,0.2235756469412724,0.2012111715297762,0.1509915523877929,1,0.15,valid
Uttar_Pradesh,Ghaziabad,2025,9,2025-11-15,2025-11-20,0.09741136522924576,0.2155922570391043,0.19179032423684914,0.1425173009349067,0,,insufficient_data
Uttar_Pradesh,Ghaziabad,2025,10,2025-11-20,2025-11-25,0.1037558546734332,0.2104979377130724,0.1904700487499659,0.1389889066046263,1,5.73,valid
Uttar_Pradesh,Ghaziabad,2025,11,2025-11-25,2025-11-30,0.1006346060455181,0.2057632863439561,0.1806640408752765,0.1370822079196311,1,0.01,valid
Uttar_Pradesh,Ghaziabad,2025,12,2025-11-30,2025-12-05,0.0879860802888949,0.2086348846887736,0.1806811137891997,0.1335725679411062,1,23.83,valid
Uttar_Pradesh,Ghaziabad,2025,13,2025-12-05,2025-12-10,0.0850512684939934,0.2205083131572621,0.1838354250666719,0.1322298124565536,2,1.4,valid
Uttar_Pradesh,Ghaziabad,2025,14,2025-12-10,2025-12-15,0.08479061794823277,0.21434107560666207,0.17585464676191637,0.12694109556655947,0,,insufficient_data
Uttar_Pradesh,Ghaziabad,2025,15,2025-12-15,2025-12-20,0.0805940866751105,0.2224335647409704,0.1720509951472882,0.1203886462585932,1,18.17,valid
Uttar_Pradesh,Ghaziabad,2025,16,2025-12-20,2025-12-25,0.0696870482376469,0.2143653291023481,0.1620416589311457,0.1114322432569132,1,18.38,valid
Uttar_Pradesh,Ghaziabad,2025,17,2025-12-25,2025-12-30,0.0751405674563787,0.21839944692165925,0.16704632703921696,0.1159104447577532,0,,insufficient_data
Uttar_Pradesh,Ghaziabad,2025,18,2025-12-30,2026-01-04,0.0751405674563787,0.21839944692165925,0.16704632703921696,0.1159104447577532,0,,insufficient_data
Uttar_Pradesh,Ghaziabad,2025,19,2026-01-04,2026-01-09,0.0696870482376469,0.2143653291023481,0.1620416589311457,0.1114322432569132,0,,insufficient_data
Uttar_Pradesh,Ghaziabad,2025,20,2026-01-09,2026-01-14,0.0652698709978923,0.2485507556820089,0.1533830689747808,0.0971780466047559,0,,insufficient_data
Uttar_Pradesh,Ghaziabad,2025,21,2026-01-14,2026-01-19,0.0652698709978923,0.2485507556820089,0.1533830689747808,0.0971780466047559,0,,insufficient_data
Uttar_Pradesh,Ghaziabad,2025,22,2026-01-19,2026-01-24,0.0652698709978923,0.2485507556820089,0.1533830689747808,0.0971780466047559,0,,insufficient_data
Uttar_Pradesh,Ghaziabad,2025,23,2026-01-24,2026-01-29,0.0652698709978923,0.2485507556820089,0.1533830689747808,0.0971780466047559,2,0.38,valid
Uttar_Pradesh,Ghaziabad,2025,24,2026-01-29,2026-02-03,0.06479089816032997,0.27195060395241927,0.154060148039091,0.09816203138816408,0,,insufficient_data
Uttar_Pradesh,Ghaziabad,2025,25,2026-02-03,2026-02-08,0.06479089816032997,0.27195060395241927,0.154060148039091,0.09816203138816408,0,,insufficient_data
Uttar_Pradesh,Ghaziabad,2025,26,2026-02-08,2026-02-13,0.0656220659534116,0.2742546978192593,0.1616642805010178,0.1041727912833857,2,23.115,valid
Uttar_Pradesh,Ghaziabad,2025,27,2026-02-13,2026-02-18,0.063480757529686,0.2930463583559894,0.1471330946414744,0.0931352562763506,1,1.31,valid
Uttar_Pradesh,Ghaziabad,2025,28,2026-02-18,2026-02-23,0.06723674931098735,0.2842582677930982,0.16200960472741577,0.10550737920371128,0,,insufficient_data
Uttar_Pradesh,Ghaziabad,2025,29,2026-02-23,2026-02-28,0.0669454970824063,0.2891743744227971,0.1671186069225652,0.1096638187559642,2,0.675,valid
Uttar_Pradesh,Ghaziabad,2025,30,2026-02-28,2026-03-05,0.06777497709684593,0.2875927911177112,0.16212471280288177,0.1059522418438198,0,,insufficient_data
Uttar_Pradesh,Ghaziabad,2025,31,2026-03-05,2026-03-10,0.0728986766784455,0.280557640574347,0.1721224368446057,0.1150576504991446,2,0.31,valid
Uttar_Pradesh,Ghaziabad,2025,32,2026-03-10,2026-03-15,0.07244300090680533,0.2720424572726031,0.17349332495469152,0.1165515208570636,0,,insufficient_data
Uttar_Pradesh,Ghaziabad,2025,33,2026-03-15,2026-03-20,0.07519175281900485,0.26347649869750617,0.1766806839707547,0.11999537190761331,0,,insufficient_data
Uttar_Pradesh,Ghaziabad,2025,34,2026-03-20,2026-03-25,0.0774848289595642,0.2463953568206653,0.1812389310969037,0.124933093316082,2,5.53,valid
Uttar_Pradesh,Ghaziabad,2025,35,2026-03-25,2026-03-30,0.0774848289595642,0.2463953568206653,0.1812389310969037,0.124933093316082,0,,insufficient_data
Uttar_Pradesh,Ghaziabad,2025,36,2026-03-30,2026-04-04,0.0774848289595642,0.2463953568206653,0.1812389310969037,0.124933093316082,0,,insufficient_data
Uttar_Pradesh,Ghaziabad,2025,37,2026-04-04,2026-04-09,0.0774848289595642,0.2463953568206653,0.1812389310969037,0.124933093316082,0,,insufficient_data
Uttar_Pradesh,Ghaziabad,2025,38,2026-04-09,2026-04-14,,,,,0,,insufficient_data
Uttar_Pradesh,Ghaziabad,2025,39,2026-04-14,2026-04-19,,,,,0,,insufficient_data
Uttar_Pradesh,Ghaziabad,2025,40,2026-04-19,2026-04-24,,,,,0,,insufficient_data
Uttar_Pradesh,Ghaziabad,2025,41,2026-04-24,2026-04-29,,,,,0,,insufficient_data
Uttar_Pradesh,Ghaziabad,2025,42,2026-04-29,2026-05-04,,,,,0,,insufficient_data
