state,district,year,time_step,start_date,end_date,Red,NIR,SWIR1,SWIR2,image_count,mean_cloud_cover,quality_flag
Uttar_Pradesh,Shahjahanpur,2010,0,2010-10-01,2010-10-06,0.0723173724615198,0.2857639479101264,0.18566667787273525,0.1014001496069794,0,,insufficient_data
Uttar_Pradesh,Shahjahanpur,2010,1,2010-10-06,2010-10-11,0.0606743547371732,0.2954185346967004,0.1772973840564168,0.0891473646251668,1,2.0,valid
Uttar_Pradesh,Shahjahanpur,2010,2,2010-10-11,2010-10-16,0.0839603901858664,0.2761093611235524,0.1940359716890537,0.113652934588792,3,1.3333333333333333,valid
Uttar_Pradesh,Shahjahanpur,2010,3,2010-10-16,2010-10-21,0.10245262719028395,0.2693576582871796,0.2058636323887733,0.12479558837830129,0,,insufficient_data
Uttar_Pradesh,Shahjahanpur,2010,4,2010-10-21,2010-10-26,0.1509763057012062,0.2630672338284565,0.2133692289648213,0.1319874908150475,4,12.75,valid
Uttar_Pradesh,Shahjahanpur,2010,5,2010-10-26,2010-10-31,0.11419945813689,0.2428355035000091,0.2387519448448015,0.1643945634841989,4,6.75,valid
Uttar_Pradesh,Shahjahanpur,2010,6,2010-10-31,2010-11-05,0.12877887024776877,0.23835995293644152,0.236667559823325,0.1632369838435081,0,,insufficient_data
Uttar_Pradesh,Shahjahanpur,2010,7,2010-11-05,2010-11-10,0.1221755668387399,0.2220381363919129,0.2386692432489222,0.1694406890270813,3,1.0,valid
Uttar_Pradesh,Shahjahanpur,2010,8,2010-11-10,2010-11-15,0.12137972509662294,0.2301241926391032,0.24443367010949288,0.17365348151966165,0,,insufficient_data
Uttar_Pradesh,Shahjahanpur,2010,9,2010-11-15,2010-11-20,0.1277641503142389,0.2254989380253875,0.2558798222347549,0.1871251920477047,2,3.0,valid
Uttar_Pradesh,Shahjahanpur,2010,10,2010-11-20,2010-11-25,0.12270475431857943,0.2260743080332937,0.24550780144422796,0.1784632232037804,0,,insufficient_data
Uttar_Pradesh,Shahjahanpur,2010,11,2010-11-25,2010-11-30,0.12288115014519262,0.22741969858042063,0.24778732084266322,0.18147073459601346,0,,insufficient_data
Uttar_Pradesh,Shahjahanpur,2010,12,2010-11-30,2010-12-05,0.1257481138906298,0.2347866485486879,0.2475854555569894,0.1802273989229861,2,0.5,valid
Uttar_Pradesh,Shahjahanpur,2010,13,2010-12-05,2010-12-10,0.1151311862307091,0.2219735091671865,0.2398966847362453,0.1770596128173496,3,7.666666666666667,valid
Uttar_Pradesh,Shahjahanpur,2010,14,2010-12-10,2010-12-15,0.10562744875972133,0.23618770369799544,0.20959210948887136,0.14172773234253583,0,,insufficient_data
Uttar_Pradesh,Shahjahanpur,2010,15,2010-12-15,2010-12-20,0.1103875317002367,0.2362766539122729,0.2061690293175715,0.1344805576542603,2,0.5,valid
Uttar_Pradesh,Shahjahanpur,2010,16,2010-12-20,2010-12-25,0.0964347272479102,0.2317364071909677,0.1858513245860144,0.115911613726412,1,0.0,valid
Uttar_Pradesh,Shahjahanpur,2010,17,2010-12-25,2010-12-30,0.0804356847291208,0.2561652996708622,0.1684580532475361,0.1009594785916711,1,1.0,valid
Uttar_Pradesh,Shahjahanpur,2010,18,2010-12-30,2011-01-04,0.1023102600951594,0.25267202350167234,0.1894164992176018,0.1175683003812467,0,,insufficient_data
Uttar_Pradesh,Shahjahanpur,2010,19,2011-01-04,2011-01-09,0.09961783622680032,0.2581371466981388,0.18383232251761195,0.11193088129024216,0,,insufficient_data
Uttar_Pradesh,Shahjahanpur,2010,20,2011-01-09,2011-01-14,0.09402436442030264,0.269476453120506,0.18110309678903458,0.108540577134296,0,,insufficient_data
Uttar_Pradesh,Shahjahanpur,2010,21,2011-01-14,2011-01-19,0.1219830967033699,0.2865097332325866,0.1971875897192853,0.1189215515526434,2,16.0,valid
Uttar_Pradesh,Shahjahanpur,2010,22,2011-01-19,2011-01-24,0.12284722098699892,0.2885469311884687,0.18832939922963496,0.11230056977186033,0,,insufficient_data
Uttar_Pradesh,Shahjahanpur,2010,23,2011-01-24,2011-01-29,0.0796543118284172,0.265754326458069,0.1776636474002823,0.1057407012585735,2,2.5,valid
Uttar_Pradesh,Shahjahanpur,2010,24,2011-01-29,2011-02-03,0.10811825765724159,0.29262491850252736,0.18349577231091663,0.10815268202169173,0,,insufficient_data
Uttar_Pradesh,Shahjahanpur,2010,25,2011-02-03,2011-02-08,0.1669042544292097,0.3133767338747505,0.1901369605693373,0.1122394565043641,2,4.5,valid
Uttar_Pradesh,Shahjahanpur,2010,26,2011-02-08,2011-02-13,0.0639313676679696,0.3048588804447033,0.1689948915547616,0.0957090187711859,2,7.5,valid
Uttar_Pradesh,Shahjahanpur,2010,27,2011-02-13,2011-02-18,0.09773565483501863,0.32253516080089123,0.17773660848847053,0.1003436549308974,0,,insufficient_data
Uttar_Pradesh,Shahjahanpur,2010,28,2011-02-18,2011-02-23,0.0623713424078766,0.3493698680832199,0.1740779733413127,0.0930824895171422,2,2.0,valid
Uttar_Pradesh,Shahjahanpur,2010,29,2011-02-23,2011-02-28,0.06638254721932821,0.3188915143261421,0.1706624859331296,0.1000309921537291,0,,insufficient_data
Uttar_Pradesh,Shahjahanpur,2010,30,2011-02-28,2011-03-05,0.0688320344659342,0.3151053062066207,0.17149079899990793,0.10334156886154806,0,,insufficient_data
Uttar_Pradesh,Shahjahanpur,2010,31,2011-03-05,2011-03-10,0.0645072830551163,0.3323717024255313,0.1767123706583565,0.10876262937368,2,1.0,valid
Uttar_Pradesh,Shahjahanpur,2010,32,2011-03-10,2011-03-15,0.0747201957463503,0.2889656063511139,0.1628647081780876,0.1025698309529083,2,0.0,valid
Uttar_Pradesh,Shahjahanpur,2010,33,2011-03-15,2011-03-20,0.0737293166543936,0.2897140479666176,0.172308143821875,0.1089513256024618,2,0.5,valid
Uttar_Pradesh,Shahjahanpur,2010,34,2011-03-20,2011-03-25,0.0769582367654247,0.2534906214810479,0.1789631288300587,0.1199083790059264,4,1.5,valid
Uttar_Pradesh,Shahjahanpur,2010,35,2011-03-25,2011-03-30,0.09069811370740317,0.25239620401651713,0.18733599314167343,0.12804347032088953,0,,insufficient_data
Uttar_Pradesh,Shahjahanpur,2010,36,2011-03-30,2011-04-04,0.0994482039452457,0.2147871643364294,0.1983544544286052,0.1420054608347565,2,0.5,valid
Uttar_Pradesh,Shahjahanpur,2010,37,2011-04-04,2011-04-09,0.1286346154256016,0.2150235799473767,0.2241895304497405,0.1667823552083946,2,10.0,valid
Uttar_Pradesh,Shahjahanpur,2010,38,2011-04-09,2011-04-14,0.13551792994519452,0.22835906536025394,0.2515983927785153,0.19135327841530458,0,,insufficient_data
Uttar_Pradesh,Shahjahanpur,2010,39,2011-04-14,2011-04-19,0.1487509342052015,0.2336129559304121,0.2786661852596168,0.2109886827578507,2,10.5,valid
Uttar_Pradesh,Shahjahanpur,2010,40,2011-04-19,2011-04-24,0.1652379662047293,0.2500125612267976,0.3051834009760988,0.2456366148602165,1,0.0,valid
Uttar_Pradesh,Shahjahanpur,2010,41,2011-04-24,2011-04-29,0.15699445020496539,0.24181275857860485,0.2919247931178578,0.22831264880903362,0,,insufficient_data
Uttar_Pradesh,Shahjahanpur,2010,42,2011-04-29,2011-05-04,0.15699445020496539,0.24181275857860485,0.2919247931178578,0.22831264880903362,0,,insufficient_data
Uttar_Pradesh,Shahjahanpur,2011,0,2011-10-01,2011-10-06,0.0773052864881572,0.3352465569814458,0.1843036010772129,0.0967345389911371,2,6.5,valid
Uttar_Pradesh,Shahjahanpur,2011,1,2011-10-06,2011-10-11,0.0884764005987387,0.3151176095431675,0.2014424946377793,0.1109718464445452,2,1.5,valid
Uttar_Pradesh,Shahjahanpur,2011,2,2011-10-11,2011-10-16,0.09721108219315167,0.2932277649186316,0.20747463419633827,0.12673110227903644,0,,insufficient_data
Uttar_Pradesh,Shahjahanpur,2011,3,2011-10-16,2011-10-21,0.0941173820644382,0.2669818943290115,0.2147275213702929,0.1400825864214983,2,0.5,valid
Uttar_Pradesh,Shahjahanpur,2011,4,2011-10-21,2011-10-26,0.1289452596212726,0.2555649988209016,0.2294249197000679,0.1591354372589652,4,3.25,valid
Uttar_Pradesh,Shahjahanpur,2011,5,2011-10-26,2011-10-31,0.13135072039734383,0.24325683026016698,0.22583624017496992,0.15965858426845433,0,,insufficient_data
Uttar_Pradesh,Shahjahanpur,2011,6,2011-10-31,2011-11-05,0.1944652318304621,0.2651476881105947,0.2293556045361362,0.1582355586805986,2,12.0,valid
Uttar_Pradesh,Shahjahanpur,2011,7,2011-11-05,2011-11-10,0.1264714132379135,0.2104126514832899,0.2219548031801616,0.1685411965901763,2,10.0,valid
Uttar_Pradesh,Shahjahanpur,2011,8,2011-11-10,2011-11-15,0.1127543152326328,0.2181769185570371,0.233718352088191,0.1722981423910334,2,0.0,valid
Uttar_Pradesh,Shahjahanpur,2011,9,2011-11-15,2011-11-20,0.1329500792348579,0.220422712097617,0.2330282691258929,0.1775399478235241,2,5.0,valid
Uttar_Pradesh,Shahjahanpur,2011,10,2011-11-20,2011-11-25,0.12574928080003528,0.21489370716936537,0.22677569039980558,0.17227164526279376,0,,insufficient_data
Uttar_Pradesh,Shahjahanpur,2011,11,2011-11-25,2011-11-30,0.1151176136024719,0.2185272127073127,0.2329251335710576,0.1809985439806888,2,0.0,valid
Uttar_Pradesh,Shahjahanpur,2011,12,2011-11-30,2011-12-05,0.1414529826923002,0.2069290410015701,0.2122518940337248,0.1619803955285462,2,0.0,valid
Uttar_Pradesh,Shahjahanpur,2011,13,2011-12-05,2011-12-10,0.12828529814738604,0.21272812685444142,0.2225885138023912,0.17148946975461749,0,,insufficient_data
Uttar_Pradesh,Shahjahanpur,2011,14,2011-12-10,2011-12-15,0.10886658237607975,0.21519118470862542,0.20691310465986734,0.1520281565170394,0,,insufficient_data
Uttar_Pradesh,Shahjahanpur,2011,15,2011-12-15,2011-12-20,0.1057410667628837,0.21352317070928176,0.19390709020427221,0.13754296278521475,0,,insufficient_data
Uttar_Pradesh,Shahjahanpur,2011,16,2011-12-20,2011-12-25,0.0700291508334672,0.2201173004169934,0.1755622863748196,0.1131055300418833,0,,insufficient_data
Uttar_Pradesh,Shahjahanpur,2011,17,2011-12-25,2011-12-30,0.0700291508334672,0.2201173004169934,0.1755622863748196,0.1131055300418833,2,0.0,valid
Uttar_Pradesh,Shahjahanpur,2011,18,2011-12-30,2012-01-04,0.0710658870089464,0.24549178268520294,0.1700009075643831,0.10348876128597195,0,,insufficient_data
Uttar_Pradesh,Shahjahanpur,2011,19,2012-01-04,2012-01-09,0.0804037632328423,0.25380182112870087,0.17000728068076223,0.102989755410454,0,,insufficient_data
Uttar_Pradesh,Shahjahanpur,2011,20,2012-01-09,2012-01-14,0.0721026231844256,0.2708662649534125,0.1644395287539466,0.0938719925300606,2,5.5,valid
Uttar_Pradesh,Shahjahanpur,2011,21,2012-01-14,2012-01-19,0.0762137387007555,0.27948059274234804,0.1684248266942637,0.0992936729435448,0,,insufficient_data
Uttar_Pradesh,Shahjahanpur,2011,22,2012-01-19,2012-01-24,0.0990795156806341,0.2704218980156967,0.1700200269135205,0.1019917436594181,2,16.0,valid
Uttar_Pradesh,Shahjahanpur,2011,23,2012-01-24,2012-01-29,0.07830937473296318,0.2789009967466174,0.17034575192401863,0.10215443045901905,0,,insufficient_data
Uttar_Pradesh,Shahjahanpur,2011,24,2012-01-29,2012-02-03,0.0574590772372068,0.2971536152579349,0.170814924415324,0.1020172826411557,2,0.5,valid
Uttar_Pradesh,Shahjahanpur,2011,25,2012-02-03,2012-02-08,0.0845962828295862,0.2771622087594253,0.1761085276132835,0.1107367030054418,1,2.0,valid
Uttar_Pradesh,Shahjahanpur,2011,26,2012-02-08,2012-02-13,0.0769504984125606,0.29364171467373335,0.17521302197119146,0.10954415920864462,0,,insufficient_data
Uttar_Pradesh,Shahjahanpur,2011,27,2012-02-13,2012-02-18,0.07534411399379508,0.2985736759091677,0.1762700160938882,0.11121953831233314,0,,insufficient_data
Uttar_Pradesh,Shahjahanpur,2011,28,2012-02-18,2012-02-23,0.0887961351708888,0.3066093200038397,0.1787156138849668,0.1158784919793363,2,18.5,valid
Uttar_Pradesh,Shahjahanpur,2011,29,2012-02-23,2012-02-28,0.09185530929160814,0.30751195234510176,0.18507005484850692,0.1229593331338894,0,,insufficient_data
Uttar_Pradesh,Shahjahanpur,2011,30,2012-02-28,2012-03-04,0.0705249607374985,0.3133695596154709,0.1794409984619785,0.1162456756233987,2,1.5,valid
Uttar_Pradesh,Shahjahanpur,2011,31,2012-03-04,2012-03-09,0.1162448319664371,0.3025569774159947,0.1970535521985754,0.1367538317989332,1,0.0,valid
Uttar_Pradesh,Shahjahanpur,2011,32,2012-03-09,2012-03-14,0.09905290537265082,0.28224364496379006,0.19106692772054365,0.13199985614066412,0,,insufficient_data
Uttar_Pradesh,Shahjahanpur,2011,33,2012-03-14,2012-03-19,0.1024735777531214,0.271901651497822,0.1917773009786543,0.1328144777837773,2,1.0,valid
Uttar_Pradesh,Shahjahanpur,2011,34,2012-03-19,2012-03-24,0.11353983049448724,0.2570776314856066,0.20154361310897512,0.1444899844433722,0,,insufficient_data
Uttar_Pradesh,Shahjahanpur,2011,35,2012-03-24,2012-03-29,0.1069682510335463,0.2411463913258726,0.1959958592429664,0.1421854393565473,2,0.0,valid
Uttar_Pradesh,Shahjahanpur,2011,36,2012-03-29,2012-04-03,0.1284726612248441,0.212705505702737,0.2213477400157044,0.166206188834231,2,7.0,valid
Uttar_Pradesh,Shahjahanpur,2011,37,2012-04-03,2012-04-08,0.13564207186808402,0.2330817261126257,0.2411123252768651,0.18160342058233783,0,,insufficient_data
Uttar_Pradesh,Shahjahanpur,2011,38,2012-04-08,2012-04-13,0.1421405849653425,0.2248758988865407,0.2503704037733791,0.1900460879901587,2,14.5,valid
Uttar_Pradesh,Shahjahanpur,2011,39,2012-04-13,2012-04-18,0.151581621231484,0.23823949150068907,0.2691184731996039,0.20649789073211824,0,,insufficient_data
Uttar_Pradesh,Shahjahanpur,2011,40,2012-04-18,2012-04-23,0.1649867902486032,0.2535991085353525,0.2967352980754106,0.2279759661484144,2,7.0,valid
Uttar_Pradesh,Shahjahanpur,2011,41,2012-04-23,2012-04-28,0.1707264484871462,0.2617774528781261,0.3080204509339216,0.2417633199556689,2,6.5,valid
Uttar_Pradesh,Shahjahanpur,2011,42,2012-04-28,2012-05-03,0.1678566193678747,0.2576882807067393,0.30237787450466613,0.23486964305204167,0,,insufficient_data
Uttar_Pradesh,Shahjahanpur,2012,0,2012-10-01,2012-10-06,0.0678638312080335,0.3036067838781605,0.1847595124906787,0.1013971957867122,2,9.0,valid
Uttar_Pradesh,Shahjahanpur,2012,1,2012-10-06,2012-10-11,0.07694902833606589,0.295102742044162,0.19345087562649463,0.1107949864231727,0,,insufficient_data
Uttar_Pradesh,Shahjahanpur,2012,2,2012-10-11,2012-10-16,0.0678265864027631,0.3005068874736656,0.1853249415759611,0.0986914791314517,2,2.0,valid
Uttar_Pradesh,Shahjahanpur,2012,3,2012-10-16,2012-10-21,0.0951566673974011,0.2811945547806599,0.210268172812844,0.1322962843513542,2,1.0,valid
Uttar_Pradesh,Shahjahanpur,2012,4,2012-10-21,2012-10-26,0.10454878649488841,0.2784733469710546,0.21396709058639465,0.13531763946498027,0,,insufficient_data
Uttar_Pradesh,Shahjahanpur,2012,5,2012-10-26,2012-10-31,0.1067360199283985,0.2726001883200449,0.2211318766509594,0.1403706448790307,2,0.5,valid
Uttar_Pradesh,Shahjahanpur,2012,6,2012-10-31,2012-11-05,0.148475872250991,0.2595917573098478,0.2391433713058141,0.1699121494980844,2,3.5,valid
Uttar_Pradesh,Shahjahanpur,2012,7,2012-11-05,2012-11-10,0.12535447068302888,0.24825442981635834,0.23512618453392128,0.1674800121341148,0,,insufficient_data
Uttar_Pradesh,Shahjahanpur,2012,8,2012-11-10,2012-11-15,0.1235463366473145,0.2383453482118456,0.2432150886363218,0.1784000490303516,2,1.5,valid
Uttar_Pradesh,Shahjahanpur,2012,9,2012-11-15,2012-11-20,0.1226596539054115,0.2224804254236951,0.2370144015425898,0.1812372051289924,2,0.0,valid
Uttar_Pradesh,Shahjahanpur,2012,10,2012-11-20,2012-11-25,0.12026692695581369,0.22865066748441457,0.23995564386996912,0.18205276306441895,0,,insufficient_data
Uttar_Pradesh,Shahjahanpur,2012,11,2012-11-25,2012-11-30,0.114594790314715,0.225126228817703,0.2396374414309957,0.1865210350339128,2,0.5,valid
Uttar_Pradesh,Shahjahanpur,2012,12,2012-11-30,2012-12-05,0.1274225235215737,0.21973098213631717,0.21720623274599507,0.16218212425384568,0,,insufficient_data
Uttar_Pradesh,Shahjahanpur,2012,13,2012-12-05,2012-12-10,0.1298039583296548,0.21835626049262818,0.20730214834769775,0.15265458381627228,0,,insufficient_data
Uttar_Pradesh,Shahjahanpur,2012,14,2012-12-10,2012-12-15,0.1450131263445946,0.2115862921675534,0.1749668552643998,0.1187881325986318,1,25.0,valid
Uttar_Pradesh,Shahjahanpur,2012,15,2012-12-15,2012-12-20,0.11305351402974684,0.23382429085592493,0.17415740484557407,0.11140775485775406,0,,insufficient_data
Uttar_Pradesh,Shahjahanpur,2012,16,2012-12-20,2012-12-25,0.11305351402974684,0.23382429085592493,0.17415740484557407,0.11140775485775406,0,,insufficient_data
Uttar_Pradesh,Shahjahanpur,2012,17,2012-12-25,2012-12-30,0.11305351402974684,0.23382429085592493,0.17415740484557407,0.11140775485775406,0,,insufficient_data
Uttar_Pradesh,Shahjahanpur,2012,18,2012-12-30,2013-01-04,0.0810939017148991,0.2560622895442965,0.1733479544267483,0.1040273771168763,1,7.0,valid
Uttar_Pradesh,Shahjahanpur,2012,19,2013-01-04,2013-01-09,0.10909756137316504,0.25729509483091634,0.1746544288001602,0.10637382723114736,0,,insufficient_data
Uttar_Pradesh,Shahjahanpur,2012,20,2013-01-09,2013-01-14,0.10909756137316504,0.25729509483091634,0.1746544288001602,0.10637382723114736,0,,insufficient_data
Uttar_Pradesh,Shahjahanpur,2012,21,2013-01-14,2013-01-19,0.137101221031431,0.2585279001175362,0.1759609031735721,0.1087202773454184,2,13.5,valid
Uttar_Pradesh,Shahjahanpur,2012,22,2013-01-19,2013-01-24,0.08612754544738027,0.28581670828283046,0.16542735225667762,0.09467764000544156,0,,insufficient_data
Uttar_Pradesh,Shahjahanpur,2012,23,2013-01-24,2013-01-29,0.08612754544738027,0.28581670828283046,0.16542735225667762,0.09467764000544156,0,,insufficient_data
Uttar_Pradesh,Shahjahanpur,2012,24,2013-01-29,2013-02-03,0.0686756963015809,0.3184184130507914,0.1647964094687945,0.0893771268032894,1,12.0,valid
Uttar_Pradesh,Shahjahanpur,2012,25,2013-02-03,2013-02-08,0.0526057190091289,0.2805038116801638,0.1555247441276663,0.0859355158676169,2,4.0,valid
Uttar_Pradesh,Shahjahanpur,2012,26,2013-02-08,2013-02-13,0.0606407076553549,0.29946111236547757,0.1601605767982304,0.08765632133545315,0,,insufficient_data
Uttar_Pradesh,Shahjahanpur,2012,27,2013-02-13,2013-02-18,0.06071024655753243,0.31003769558460986,0.166816302722156,0.0942881608012151,0,,insufficient_data
Uttar_Pradesh,Shahjahanpur,2012,28,2013-02-18,2013-02-23,0.0567275216855082,0.30584733685151916,0.16782624934883678,0.09674367780017795,0,,insufficient_data
Uttar_Pradesh,Shahjahanpur,2012,29,2013-02-23,2013-02-28,0.07030547591404926,0.31329789408156866,0.18138295952187533,0.11271060341422309,0,,insufficient_data
Uttar_Pradesh,Shahjahanpur,2012,30,2013-02-28,2013-03-05,0.0608493243618875,0.3311908620228745,0.1801277545700073,0.107551839732739,2,4.5,valid
Uttar_Pradesh,Shahjahanpur,2012,31,2013-03-05,2013-03-10,0.08330259196330164,0.30064126854602713,0.1812289627894902,0.11595944805217111,0,,insufficient_data
Uttar_Pradesh,Shahjahanpur,2012,32,2013-03-10,2013-03-15,0.079761627466211,0.2954049261402628,0.1826381644737434,0.1178693670957072,2,3.0,valid
Uttar_Pradesh,Shahjahanpur,2012,33,2013-03-15,2013-03-20,0.08330259196330164,0.30064126854602713,0.1812289627894902,0.11595944805217111,0,,insufficient_data
Uttar_Pradesh,Shahjahanpur,2012,34,2013-03-20,2013-03-25,0.1092968240618064,0.275328017474944,0.1809209693247199,0.1224571373280671,1,9.0,valid
Uttar_Pradesh,Shahjahanpur,2012,35,2013-03-25,2013-03-30,0.11968494621500844,0.26308363382182864,0.22443558816907022,0.16048770569293516,0,,insufficient_data
Uttar_Pradesh,Shahjahanpur,2012,36,2013-03-30,2013-04-04,0.13299271913127428,0.25230986971568387,0.23836806273417913,0.17469381855867783,0,,insufficient_data
Uttar_Pradesh,Shahjahanpur,2012,37,2013-04-04,2013-04-09,0.1260003239095611,0.2274508470230097,0.2504882645894067,0.1887080370437277,2,0.5,valid
Uttar_Pradesh,Shahjahanpur,2012,38,2013-04-09,2013-04-14,0.1636810094224553,0.2541507446490979,0.2836949542884108,0.2129162813042387,2,0.0,valid
Uttar_Pradesh,Shahjahanpur,2012,39,2013-04-14,2013-04-19,0.1448406666660082,0.2408007958360538,0.26709160943890875,0.2008121591739832,0,,insufficient_data
Uttar_Pradesh,Shahjahanpur,2012,40,2013-04-19,2013-04-24,0.1448406666660082,0.2408007958360538,0.26709160943890875,0.2008121591739832,0,,insufficient_data
Uttar_Pradesh,Shahjahanpur,2012,41,2013-04-24,2013-04-29,0.1636810094224553,0.2541507446490979,0.2836949542884108,0.2129162813042387,0,,insufficient_data
Uttar_Pradesh,Shahjahanpur,2012,42,2013-04-29,2013-05-04,,,,,0,,insufficient_data
Uttar_Pradesh,Shahjahanpur,2013,0,2013-10-01,2013-10-06,0.0506574956219679,0.2990875508299895,0.1577103224660246,0.0708972309731112,1,10.0,valid
Uttar_Pradesh,Shahjahanpur,2013,1,2013-10-06,2013-10-11,0.07242619220404962,0.29249326471214737,0.18675328971594415,0.10371790683109543,0,,insufficient_data
Uttar_Pradesh,Shahjahanpur,2013,2,2013-10-11,2013-10-16,0.0662706210649508,0.2910945928801041,0.1850946832622956,0.102650415973303,2,8.285,valid
Uttar_Pradesh,Shahjahanpur,2013,3,2013-10-16,2013-10-21,0.08261949378933925,0.2848920471802715,0.19701469448352077,0.11777786407073657,0,,insufficient_data
Uttar_Pradesh,Shahjahanpur,2013,4,2013-10-21,2013-10-26,0.1003504599252302,0.2872976504263486,0.2174548634195123,0.1376060735468721,4,0.3325,valid
Uttar_Pradesh,Shahjahanpur,2013,5,2013-10-26,2013-10-31,0.1131993985452081,0.2620883945846439,0.2277989087862507,0.15995773578966,4,3.3325,valid
Uttar_Pradesh,Shahjahanpur,2013,6,2013-10-31,2013-11-05,0.10711161143766026,0.24844946279822772,0.22916791535760303,0.16487683562959096,0,,insufficient_data
Uttar_Pradesh,Shahjahanpur,2013,7,2013-11-05,2013-11-10,0.0983893414519802,0.2360592752182243,0.2277213337789277,0.1654004919018087,2,1.85,valid
Uttar_Pradesh,Shahjahanpur,2013,8,2013-11-10,2013-11-15,0.1090187468232557,0.2299798631636216,0.2314075705065144,0.1781481807870367,2,4.4,valid
Uttar_Pradesh,Shahjahanpur,2013,9,2013-11-15,2013-11-20,0.1146001104426271,0.2268221305983002,0.2414569002968102,0.1832716961225773,2,0.5,valid
Uttar_Pradesh,Shahjahanpur,2013,10,2013-11-20,2013-11-25,0.1240913704086731,0.2229990912698702,0.2309085347827123,0.1792983513636473,4,0.3274999999999999,valid
Uttar_Pradesh,Shahjahanpur,2013,11,2013-11-25,2013-11-30,0.11104014042887507,0.22479491837049972,0.22709886932700848,0.1738952619498562,0,,insufficient_data
Uttar_Pradesh,Shahjahanpur,2013,12,2013-11-30,2013-12-05,0.1058211028417422,0.2210946068974951,0.2215932167119202,0.1740369964379099,4,0.5525,valid
Uttar_Pradesh,Shahjahanpur,2013,13,2013-12-05,2013-12-10,0.1016693716280772,0.2230788999232116,0.2101281243370854,0.1547210850381098,4,0.2825,valid
Uttar_Pradesh,Shahjahanpur,2013,14,2013-12-10,2013-12-15,0.10117052583443562,0.23681063583643092,0.19898466427583045,0.1422979131450346,0,,insufficient_data
Uttar_Pradesh,Shahjahanpur,2013,15,2013-12-15,2013-12-20,0.1311002985298252,0.2600731806945497,0.1948144862654679,0.1300222065144167,2,5.6,valid
Uttar_Pradesh,Shahjahanpur,2013,16,2013-12-20,2013-12-25,0.08994539636138772,0.24276016355701235,0.18196586833223288,0.12128689058101294,0,,insufficient_data
Uttar_Pradesh,Shahjahanpur,2013,17,2013-12-25,2013-12-30,0.0660913303380979,0.2429958558304673,0.1694028297888483,0.110411364589702,1,20.68,valid
Uttar_Pradesh,Shahjahanpur,2013,18,2013-12-30,2014-01-04,0.0609205849495506,0.2448927177798208,0.1535180329375298,0.0899929061818232,1,4.21,valid
Uttar_Pradesh,Shahjahanpur,2013,19,2014-01-04,2014-01-09,0.08082898992013703,0.2778204965255733,0.1837281582475657,0.11844838233917787,0,,insufficient_data
Uttar_Pradesh,Shahjahanpur,2013,20,2014-01-09,2014-01-14,0.1154750544727626,0.3455729159664318,0.2282636120163189,0.1549408762460084,1,11.48,valid
Uttar_Pradesh,Shahjahanpur,2013,21,2014-01-14,2014-01-19,0.0881978197111566,0.2952328168731263,0.19089082247692435,0.12246689121391581,0,,insufficient_data
Uttar_Pradesh,Shahjahanpur,2013,22,2014-01-19,2014-01-24,0.1154750544727626,0.3455729159664318,0.2282636120163189,0.1549408762460084,0,,insufficient_data
Uttar_Pradesh,Shahjahanpur,2013,23,2014-01-24,2014-01-29,0.0844853995069907,0.3326941116862904,0.19894976377195123,0.1277493885735468,0,,insufficient_data
Uttar_Pradesh,Shahjahanpur,2013,24,2014-01-29,2014-02-03,0.0534957445412188,0.3198153074061489,0.1696359155275836,0.1005579009010852,0,,insufficient_data
Uttar_Pradesh,Shahjahanpur,2013,25,2014-02-03,2014-02-08,0.05643470157241775,0.31938768048011457,0.16625039971835093,0.1006845362321003,0,,insufficient_data
Uttar_Pradesh,Shahjahanpur,2013,26,2014-02-08,2014-02-13,0.0534957445412188,0.3198153074061489,0.1696359155275836,0.1005579009010852,3,5.796666666666667,valid
Uttar_Pradesh,Shahjahanpur,2013,27,2014-02-13,2014-02-18,0.05592688166698456,0.31977956955871245,0.16678905360836205,0.09998205828138923,0,,insufficient_data
Uttar_Pradesh,Shahjahanpur,2013,28,2014-02-18,2014-02-23,0.0593736586036167,0.3189600535540802,0.1628648839091183,0.1008111715631154,3,7.026666666666666,valid
Uttar_Pradesh,Shahjahanpur,2013,29,2014-02-23,2014-02-28,0.0549112418561182,0.3205633477159083,0.1678663613883843,0.0985771023799671,1,9.8,valid
Uttar_Pradesh,Shahjahanpur,2013,30,2014-02-28,2014-03-05,0.06339289248601404,0.3001307396795199,0.17159282814595175,0.10871302709881477,0,,insufficient_data
Uttar_Pradesh,Shahjahanpur,2013,31,2014-03-05,2014-03-10,0.0620061484782034,0.3019283179054757,0.1667589872769762,0.1048464540340635,4,1.585,valid
Uttar_Pradesh,Shahjahanpur,2013,32,2014-03-10,2014-03-15,0.0702316283907558,0.2781553253828001,0.178877752014583,0.1165940865379543,2,0.0,valid
Uttar_Pradesh,Shahjahanpur,2013,33,2014-03-15,2014-03-20,0.0704417851013761,0.2810466538393354,0.181596156140697,0.1227363209789735,2,1.55,valid
Uttar_Pradesh,Shahjahanpur,2013,34,2014-03-20,2014-03-25,0.0888795645380856,0.2458876583312396,0.1861367801357405,0.1284121018807518,4,6.9025,valid
Uttar_Pradesh,Shahjahanpur,2013,35,2014-03-25,2014-03-30,0.09467269363897068,0.25559857995542334,0.2043279625498132,0.1424705191783947,0,,insufficient_data
Uttar_Pradesh,Shahjahanpur,2013,36,2014-03-30,2014-04-04,0.1077791432933958,0.2280246307866487,0.2190782967692857,0.158476556896205,4,13.7725,valid
Uttar_Pradesh,Shahjahanpur,2013,37,2014-04-04,2014-04-09,0.1360313468712401,0.2448786314370927,0.2559508276887597,0.1861335295980889,4,5.1175,valid
Uttar_Pradesh,Shahjahanpur,2013,38,2014-04-09,2014-04-14,0.14264905044757054,0.2457922531748133,0.2700525791210022,0.20564181353219793,0,,insufficient_data
Uttar_Pradesh,Shahjahanpur,2013,39,2014-04-14,2014-04-19,0.1578025543693168,0.2466490127724732,0.2820864061908031,0.2126378556482581,2,12.0,valid
Uttar_Pradesh,Shahjahanpur,2013,40,2014-04-19,2014-04-24,0.1508696837852061,0.2582903847192542,0.2931184876405474,0.2333904699264525,2,0.51,valid
Uttar_Pradesh,Shahjahanpur,2013,41,2014-04-24,2014-04-29,0.1607625239186939,0.2511186061585977,0.3000288773156152,0.2375706555919851,2,1.0,valid
Uttar_Pradesh,Shahjahanpur,2013,42,2014-04-29,2014-05-04,0.1564782540244056,0.25201933455010833,0.2917445903823219,0.22786632705556523,0,,insufficient_data
Uttar_Pradesh,Shahjahanpur,2014,0,2014-10-01,2014-10-06,0.07933572644501169,0.3031300691944476,0.19735840141647415,0.11549601463067766,0,,insufficient_data
Uttar_Pradesh,Shahjahanpur,2014,1,2014-10-06,2014-10-11,0.0798190234119615,0.3147366126864103,0.1979755344174452,0.1145378297652807,4,6.6975,valid
Uttar_Pradesh,Shahjahanpur,2014,2,2014-10-11,2014-10-16,0.0929368036275393,0.29139834631957173,0.20896913139168516,0.12976094258936918,0,,insufficient_data
Uttar_Pradesh,Shahjahanpur,2014,3,2014-10-16,2014-10-21,0.0788524294780619,0.2915235257024849,0.1967412684155031,0.1164541994960746,3,3.4599999999999995,valid
Uttar_Pradesh,Shahjahanpur,2014,4,2014-10-21,2014-10-26,0.1201389579925945,0.2679349005698199,0.2321905913421072,0.1582907985067522,4,3.4925,valid
Uttar_Pradesh,Shahjahanpur,2014,5,2014-10-26,2014-10-31,0.11677224616615711,0.2573976317267078,0.237430462058917,0.1705998859099306,0,,insufficient_data
Uttar_Pradesh,Shahjahanpur,2014,6,2014-10-31,2014-11-05,0.1240931961055529,0.255510811811557,0.2511805027245289,0.1845286248247542,2,1.0,valid
Uttar_Pradesh,Shahjahanpur,2014,7,2014-11-05,2014-11-10,0.145164982504253,0.2390297051747976,0.2620373723238852,0.2016132844344616,2,1.0,valid
Uttar_Pradesh,Shahjahanpur,2014,8,2014-11-10,2014-11-15,0.1156116647503232,0.2329892153748798,0.2450025754885605,0.1921125222876105,2,0.505,valid
Uttar_Pradesh,Shahjahanpur,2014,9,2014-11-15,2014-11-20,0.1179160879606577,0.2148760885375257,0.2408287355907264,0.1966084412208923,4,0.445,valid
Uttar_Pradesh,Shahjahanpur,2014,10,2014-11-20,2014-11-25,0.12360728222144915,0.22317105635818937,0.24238207315199095,0.19373805874197506,0,,insufficient_data
Uttar_Pradesh,Shahjahanpur,2014,11,2014-11-25,2014-11-30,0.1248263709104071,0.2156155953418428,0.2381506837694004,0.1945144718013643,4,0.4875,valid
Uttar_Pradesh,Shahjahanpur,2014,12,2014-11-30,2014-12-05,0.1145173049816047,0.2133446773619009,0.2258909985873823,0.1838415739655466,3,9.956666666666669,valid
Uttar_Pradesh,Shahjahanpur,2014,13,2014-12-05,2014-12-10,0.11252970510100409,0.21442016688352464,0.22387947540915487,0.17913227077386595,0,,insufficient_data
Uttar_Pradesh,Shahjahanpur,2014,14,2014-12-10,2014-12-15,0.0982454394110005,0.2143002279468302,0.207596743870682,0.159040766554687,4,0.2175,valid
Uttar_Pradesh,Shahjahanpur,2014,15,2014-12-15,2014-12-20,0.1063813721963026,0.21382245265436556,0.21674387122903216,0.1714411702601168,0,,insufficient_data
Uttar_Pradesh,Shahjahanpur,2014,16,2014-12-20,2014-12-25,0.0982454394110005,0.2143002279468302,0.207596743870682,0.159040766554687,0,,insufficient_data
Uttar_Pradesh,Shahjahanpur,2014,17,2014-12-25,2014-12-30,0.0883894452091446,0.25430827335110584,0.19027283340195933,0.13153020398908874,0,,insufficient_data
Uttar_Pradesh,Shahjahanpur,2014,18,2014-12-30,2015-01-04,0.0785334510072887,0.2943163187553815,0.1729489229332367,0.1040196414234905,0,,insufficient_data
Uttar_Pradesh,Shahjahanpur,2014,19,2015-01-04,2015-01-09,0.0791374711210019,0.2908135259045622,0.17567379341914505,0.10476281100419825,0,,insufficient_data
Uttar_Pradesh,Shahjahanpur,2014,20,2015-01-09,2015-01-14,0.0785334510072887,0.2943163187553815,0.1729489229332367,0.1040196414234905,2,16.494999999999997,valid
Uttar_Pradesh,Shahjahanpur,2014,21,2015-01-14,2015-01-19,0.0791374711210019,0.2908135259045622,0.17567379341914505,0.10476281100419825,0,,insufficient_data
Uttar_Pradesh,Shahjahanpur,2014,22,2015-01-19,2015-01-24,0.0797414912347151,0.2873107330537429,0.1783986639050534,0.105505980584906,1,11.0,valid
Uttar_Pradesh,Shahjahanpur,2014,23,2015-01-24,2015-01-29,0.19017311215719943,0.38518824090035136,0.25650146610726615,0.1800904923273554,0,,insufficient_data
Uttar_Pradesh,Shahjahanpur,2014,24,2015-01-29,2015-02-03,0.1853824228138707,0.40153510469864556,0.254349383158782,0.17777272968019617,0,,insufficient_data
Uttar_Pradesh,Shahjahanpur,2014,25,2015-02-03,2015-02-08,0.4122443942295944,0.5739376708919296,0.4181568114835084,0.3307458549736697,1,12.0,valid
Uttar_Pradesh,Shahjahanpur,2014,26,2015-02-08,2015-02-13,0.17833449912929208,0.41363876487629386,0.2478114830602368,0.17419573853342848,0,,insufficient_data
Uttar_Pradesh,Shahjahanpur,2014,27,2015-02-13,2015-02-18,0.0641613829773026,0.3433569101502643,0.1664926740877842,0.0970663534820127,4,1.5825,valid
Uttar_Pradesh,Shahjahanpur,2014,28,2015-02-18,2015-02-23,0.0585977201809792,0.3236217135866878,0.1587849636094177,0.094775007144603,4,0.295,valid
Uttar_Pradesh,Shahjahanpur,2014,29,2015-02-23,2015-02-28,0.06179397063377233,0.32104474999640953,0.1660960900686945,0.09766828215297584,0,,insufficient_data
Uttar_Pradesh,Shahjahanpur,2014,30,2015-02-28,2015-03-05,0.06357119696895615,0.31247866172389616,0.16849256522418177,0.10012131391765111,0,,insufficient_data
Uttar_Pradesh,Shahjahanpur,2014,31,2015-03-05,2015-03-10,0.0563199211429094,0.3001378460865048,0.1580954695427111,0.0926110054068344,2,5.14,valid
Uttar_Pradesh,Shahjahanpur,2014,32,2015-03-10,2015-03-15,0.0680968582338981,0.3170625301621813,0.181011253034865,0.1062207625784532,2,1.0,valid
Uttar_Pradesh,Shahjahanpur,2014,33,2015-03-15,2015-03-20,0.0706801023096914,0.2782143086338428,0.1780784658461309,0.1099334409763522,4,1.41,valid
Uttar_Pradesh,Shahjahanpur,2014,34,2015-03-20,2015-03-25,0.0829486298458269,0.26923227662904314,0.19119984868680864,0.12486029518187439,0,,insufficient_data
Uttar_Pradesh,Shahjahanpur,2014,35,2015-03-25,2015-03-30,0.0962356868347164,0.2385369719867125,0.2000284130157128,0.1392489460950561,4,7.337499999999999,valid
Uttar_Pradesh,Shahjahanpur,2014,36,2015-03-30,2015-04-04,0.1234105807079192,0.2122097262759743,0.2387856419946232,0.1762873208526761,2,8.5,valid
Uttar_Pradesh,Shahjahanpur,2014,37,2015-04-04,2015-04-09,0.12955315933747544,0.23442822311413006,0.26079725780836444,0.2012025242153929,0,,insufficient_data
Uttar_Pradesh,Shahjahanpur,2014,38,2015-04-09,2015-04-14,0.1283528301972085,0.2349837736259535,0.2782991584408423,0.2218307411936584,2,0.005,valid
Uttar_Pradesh,Shahjahanpur,2014,39,2015-04-14,2015-04-19,0.1555264867508325,0.24016532423232,0.2971178420000356,0.2389908603583591,2,0.5,valid
Uttar_Pradesh,Shahjahanpur,2014,40,2015-04-19,2015-04-24,0.1442402121967006,0.24624531944969,0.2897552335906082,0.2296547525772147,2,0.3349999999999999,valid
Uttar_Pradesh,Shahjahanpur,2014,41,2015-04-24,2015-04-29,0.1597365046629157,0.2618032989079424,0.3118237605466275,0.242674142663679,2,3.9,valid
Uttar_Pradesh,Shahjahanpur,2014,42,2015-04-29,2015-05-04,0.15316773453681629,0.24940464752998415,0.2995656120457571,0.23710658519975095,0,,insufficient_data
Uttar_Pradesh,Shahjahanpur,2015,0,2015-10-01,2015-10-06,0.0732741155046194,0.3052175558318403,0.1966923657198862,0.1188191852014304,4,1.2975,valid
Uttar_Pradesh,Shahjahanpur,2015,1,2015-10-06,2015-10-11,0.09140966783719236,0.2861969182502025,0.2121195928861085,0.13383853538699206,0,,insufficient_data
Uttar_Pradesh,Shahjahanpur,2015,2,2015-10-11,2015-10-16,0.0948003117386618,0.2865102519500519,0.216354001584213,0.1359756003101636,3,4.943333333333333,valid
Uttar_Pradesh,Shahjahanpur,2015,3,2015-10-16,2015-10-21,0.1061545762682959,0.2668629469687154,0.2233124113542263,0.1467208206493822,4,3.3775,valid
Uttar_Pradesh,Shahjahanpur,2015,4,2015-10-21,2015-10-26,0.10850089442320082,0.2592788771738194,0.2334277226904786,0.16055504220852018,0,,insufficient_data
Uttar_Pradesh,Shahjahanpur,2015,5,2015-10-26,2015-10-31,0.118121888975178,0.2457081622901655,0.2537617177162022,0.182025559319951,2,0.5,valid
Uttar_Pradesh,Shahjahanpur,2015,6,2015-10-31,2015-11-05,0.1149268007106676,0.2380341474863448,0.2402827601072729,0.177498188554584,2,4.385,valid
Uttar_Pradesh,Shahjahanpur,2015,7,2015-11-05,2015-11-10,0.11947495788528834,0.23253728884105596,0.2474320289237286,0.1891453589508358,0,,insufficient_data
Uttar_Pradesh,Shahjahanpur,2015,8,2015-11-10,2015-11-15,0.1261156340216601,0.2321032729500326,0.2546639024072886,0.2008274655374442,4,3.5825,valid
Uttar_Pradesh,Shahjahanpur,2015,9,2015-11-15,2015-11-20,0.171317509869769,0.26938800816271863,0.2473011458807417,0.19861173087297115,0,,insufficient_data
Uttar_Pradesh,Shahjahanpur,2015,10,2015-11-20,2015-11-25,0.1187355078336476,0.2143035726376808,0.2410197354641507,0.196230222391364,4,2.6125,valid
Uttar_Pradesh,Shahjahanpur,2015,11,2015-11-25,2015-11-30,0.3254920969131008,0.3931110395768163,0.2532381855442546,0.2198910470084924,3,8.206666666666667,valid
Uttar_Pradesh,Shahjahanpur,2015,12,2015-11-30,2015-12-05,0.16246373061781155,0.25904170206639376,0.23032140568700124,0.18590920582036446,0,,insufficient_data
Uttar_Pradesh,Shahjahanpur,2015,13,2015-12-05,2015-12-10,0.1262208730871052,0.2216464578932969,0.2165517212467967,0.1687658036628295,4,9.49,valid
Uttar_Pradesh,Shahjahanpur,2015,14,2015-12-10,2015-12-15,0.1612567648516468,0.2389700076457935,0.250977221464772,0.207181703723713,1,11.0,valid
Uttar_Pradesh,Shahjahanpur,2015,15,2015-12-15,2015-12-20,0.0806134104035574,0.2271774325783812,0.1898201647150321,0.1374772523154234,1,14.22,valid
Uttar_Pradesh,Shahjahanpur,2015,16,2015-12-20,2015-12-25,0.100358128470042,0.2324777529788874,0.1885136182397789,0.1366959047928216,4,4.34,valid
Uttar_Pradesh,Shahjahanpur,2015,17,2015-12-25,2015-12-30,0.10684249966450898,0.23896733896379882,0.19604373844289996,0.14282539360315233,0,,insufficient_data
Uttar_Pradesh,Shahjahanpur,2015,18,2015-12-30,2016-01-04,0.0861140955981461,0.2408228608746525,0.1740808686306413,0.1162087944957721,4,11.695,valid
Uttar_Pradesh,Shahjahanpur,2015,19,2016-01-04,2016-01-09,0.1058700989991526,0.2553886407412796,0.1768268191642754,0.1165633126880314,4,3.595,valid
Uttar_Pradesh,Shahjahanpur,2015,20,2016-01-09,2016-01-14,0.09761176354416752,0.26638959746054397,0.17551341814209034,0.1132297134537203,0,,insufficient_data
Uttar_Pradesh,Shahjahanpur,2015,21,2016-01-14,2016-01-19,0.08975611216732757,0.27512998397427163,0.17403197224533473,0.11081347459493472,0,,insufficient_data
Uttar_Pradesh,Shahjahanpur,2015,22,2016-01-19,2016-01-24,0.09097011769038806,0.28656569167414464,0.17401567345023253,0.10901503462798894,0,,insufficient_data
Uttar_Pradesh,Shahjahanpur,2015,23,2016-01-24,2016-01-29,0.1008510960352039,0.3029572907656999,0.1756325666313544,0.1069170331773574,2,28.5,valid
Uttar_Pradesh,Shahjahanpur,2015,24,2016-01-29,2016-02-03,0.0661891580368077,0.3013511435154545,0.1695876345550678,0.103564758018578,3,9.776666666666666,valid
Uttar_Pradesh,Shahjahanpur,2015,25,2016-02-03,2016-02-08,0.08228996360932007,0.30563215357785006,0.1680524567427306,0.10202568799109855,0,,insufficient_data
Uttar_Pradesh,Shahjahanpur,2015,26,2016-02-08,2016-02-13,0.0568857024358461,0.3120881817489382,0.1579786789696299,0.0962824946353879,4,1.175,valid
Uttar_Pradesh,Shahjahanpur,2015,27,2016-02-13,2016-02-18,0.1052338979294226,0.3061319982813075,0.1690109468148703,0.1013384661330709,4,6.38,valid
Uttar_Pradesh,Shahjahanpur,2015,28,2016-02-18,2016-02-23,0.07156467709414349,0.3071038601208653,0.16349484435656364,0.10153797351769363,0,,insufficient_data
Uttar_Pradesh,Shahjahanpur,2015,29,2016-02-23,2016-02-28,0.0596143489959102,0.3216612480231161,0.1613404804787152,0.1009039950664339,4,0.7675,valid
Uttar_Pradesh,Shahjahanpur,2015,30,2016-02-28,2016-03-04,0.0766146007376223,0.2998057773560171,0.1689920598882222,0.105880234552214,2,0.0,valid
Uttar_Pradesh,Shahjahanpur,2015,31,2016-03-04,2016-03-09,0.0594748353719162,0.2958320951949479,0.1601520556313806,0.1032846772013614,2,4.175,valid
Uttar_Pradesh,Shahjahanpur,2015,32,2016-03-09,2016-03-14,0.0665070814256853,0.2647850288639946,0.1694401654456965,0.1107011854984156,1,19.25,valid
Uttar_Pradesh,Shahjahanpur,2015,33,2016-03-14,2016-03-19,0.07987818439572698,0.2616117088637563,0.17923373020254094,0.12020242285455432,0,,insufficient_data
Uttar_Pradesh,Shahjahanpur,2015,34,2016-03-19,2016-03-24,0.0869760584005087,0.2409933784256951,0.1884472347222902,0.1304464966696734,4,11.84,valid
Uttar_Pradesh,Shahjahanpur,2015,35,2016-03-24,2016-03-29,0.1098183460429024,0.2066422644781267,0.2091371353251153,0.1506995203511072,2,2.5,valid
Uttar_Pradesh,Shahjahanpur,2015,36,2016-03-29,2016-04-03,0.1347734510103109,0.24646905732365115,0.2578649602739391,0.19390567856883456,0,,insufficient_data
Uttar_Pradesh,Shahjahanpur,2015,37,2016-04-03,2016-04-08,0.1414808857271397,0.2434826656178533,0.2577553873254722,0.1946045316254581,2,11.97,valid
Uttar_Pradesh,Shahjahanpur,2015,38,2016-04-08,2016-04-13,0.1576832684504822,0.2680096303693474,0.3070969348674615,0.240995450732566,2,0.49,valid
Uttar_Pradesh,Shahjahanpur,2015,39,2016-04-13,2016-04-18,0.1779086964305215,0.2732173477272334,0.3268881091293565,0.2527823934653681,2,0.5,valid
Uttar_Pradesh,Shahjahanpur,2015,40,2016-04-18,2016-04-23,0.177584783939615,0.2832187746775395,0.3226748240800372,0.2549271189921078,3,2.03,valid
Uttar_Pradesh,Shahjahanpur,2015,41,2016-04-23,2016-04-28,0.172030966771525,0.2750344566716193,0.3205539071353226,0.25390852717546336,0,,insufficient_data
Uttar_Pradesh,Shahjahanpur,2015,42,2016-04-28,2016-05-03,0.1749471182654813,0.2756920739123569,0.3255557604644353,0.2669291455118115,4,4.07,valid
Uttar_Pradesh,Shahjahanpur,2016,0,2016-10-01,2016-10-06,0.0754670497735272,0.3073255282553503,0.2101291144065697,0.1220991755700582,1,29.41,valid
Uttar_Pradesh,Shahjahanpur,2016,1,2016-10-06,2016-10-11,0.09635265087109575,0.2824316674816602,0.22364507672610154,0.14553334726294506,0,,insufficient_data
Uttar_Pradesh,Shahjahanpur,2016,2,2016-10-11,2016-10-16,0.0981446301885337,0.2827472203874346,0.2241166871550723,0.1479996702055737,4,0.4875,valid
Uttar_Pradesh,Shahjahanpur,2016,3,2016-10-16,2016-10-21,0.10393079865281657,0.26843891082268034,0.22711637119263794,0.1536057828463452,0,,insufficient_data
Uttar_Pradesh,Shahjahanpur,2016,4,2016-10-21,2016-10-26,0.1154462726512264,0.2572222538021956,0.2366894286166626,0.1665011960132032,4,0.3125,valid
Uttar_Pradesh,Shahjahanpur,2016,5,2016-10-26,2016-10-31,0.126665241997979,0.2264606408457408,0.2375302545922472,0.1778230895965457,4,0.935,valid
Uttar_Pradesh,Shahjahanpur,2016,6,2016-10-31,2016-11-05,0.12458210049169771,0.22918944363975308,0.23775466583025287,0.18486152246243714,0,,insufficient_data
Uttar_Pradesh,Shahjahanpur,2016,7,2016-11-05,2016-11-10,0.134988050650416,0.2299028098623812,0.2333003536064509,0.1830180126020606,3,8.223333333333334,valid
Uttar_Pradesh,Shahjahanpur,2016,8,2016-11-10,2016-11-15,0.132807153677833,0.219099404037453,0.2452545751646557,0.1981004761124621,2,6.0,valid
Uttar_Pradesh,Shahjahanpur,2016,9,2016-11-15,2016-11-20,0.1130037834810341,0.2132621096509947,0.2359987171712478,0.1988648379879141,2,14.36,valid
Uttar_Pradesh,Shahjahanpur,2016,10,2016-11-20,2016-11-25,0.1166408666817515,0.2160798163528646,0.2305824600720385,0.1869304624556021,4,1.32,valid
Uttar_Pradesh,Shahjahanpur,2016,11,2016-11-25,2016-11-30,0.1140154098656397,0.21554347901986645,0.22945110913952488,0.1843012995481694,0,,insufficient_data
Uttar_Pradesh,Shahjahanpur,2016,12,2016-11-30,2016-12-05,0.0936098356219402,0.2137325860381535,0.2059686841501574,0.1533094216366994,3,6.239999999999999,valid
Uttar_Pradesh,Shahjahanpur,2016,13,2016-12-05,2016-12-10,0.08401971525194013,0.2247827921800277,0.1863659598123043,0.13470185756413067,0,,insufficient_data
Uttar_Pradesh,Shahjahanpur,2016,14,2016-12-10,2016-12-15,0.08604795195989617,0.23312314828193692,0.17078100363255894,0.1131508605291174,0,,insufficient_data
Uttar_Pradesh,Shahjahanpur,2016,15,2016-12-15,2016-12-20,0.0501459140701259,0.2408189219021372,0.1469849172328128,0.0897610706744599,1,1.37,valid
Uttar_Pradesh,Shahjahanpur,2016,16,2016-12-20,2016-12-25,0.0756822446339429,0.2284998444269555,0.1619277777942085,0.1088064754897613,2,1.13,valid
Uttar_Pradesh,Shahjahanpur,2016,17,2016-12-25,2016-12-30,0.1247538135135757,0.2494412407605014,0.1682426353530571,0.100726474315549,2,7.5,valid
Uttar_Pradesh,Shahjahanpur,2016,18,2016-12-30,2017-01-04,0.144241137217832,0.3183092384551038,0.2042713940874606,0.133293166320212,2,11.015,valid
Uttar_Pradesh,Shahjahanpur,2016,19,2017-01-04,2017-01-09,0.10120706754603034,0.26843168046404003,0.17429845962484236,0.11062238026505467,0,,insufficient_data
Uttar_Pradesh,Shahjahanpur,2016,20,2017-01-09,2017-01-14,0.0601510748187708,0.2774763982135995,0.1627520312646433,0.0996634049346964,4,5.32,valid
Uttar_Pradesh,Shahjahanpur,2016,21,2017-01-14,2017-01-19,0.07965125357935372,0.30916387605786533,0.16937362843383857,0.10128500782420477,0,,insufficient_data
Uttar_Pradesh,Shahjahanpur,2016,22,2017-01-19,2017-01-24,0.06331492061332468,0.31664454671786413,0.16036604838036853,0.0941230446557613,0,,insufficient_data
Uttar_Pradesh,Shahjahanpur,2016,23,2017-01-24,2017-01-29,0.0548912662631162,0.3126317281300871,0.1602373007157217,0.0899214808543092,3,13.646666666666668,valid
Uttar_Pradesh,Shahjahanpur,2016,24,2017-01-29,2017-02-03,0.0593215360176959,0.328238139432671,0.1502337876675287,0.0822619791876015,2,19.0,valid
Uttar_Pradesh,Shahjahanpur,2016,25,2017-02-03,2017-02-08,0.0788958053537158,0.348231921095099,0.1682410738735804,0.104645313646438,2,13.47,valid
Uttar_Pradesh,Shahjahanpur,2016,26,2017-02-08,2017-02-13,0.054064889090742,0.3314329450254222,0.1521135423992606,0.0908002646144768,4,0.76,valid
Uttar_Pradesh,Shahjahanpur,2016,27,2017-02-13,2017-02-18,0.0648292452457821,0.32329236022036173,0.15623639544863965,0.09389511840580331,0,,insufficient_data
Uttar_Pradesh,Shahjahanpur,2016,28,2017-02-18,2017-02-23,0.0723537532619733,0.300696208315085,0.151999736107829,0.0902211422909165,4,4.025,valid
Uttar_Pradesh,Shahjahanpur,2016,29,2017-02-23,2017-02-28,0.0595102425047835,0.3078625872335312,0.1585938371949996,0.1015468922895838,4,0.015,valid
Uttar_Pradesh,Shahjahanpur,2016,30,2017-02-28,2017-03-05,0.0664167056810963,0.2900931055316578,0.16059083814200809,0.10393312667397682,0,,insufficient_data
Uttar_Pradesh,Shahjahanpur,2016,31,2017-03-05,2017-03-10,0.064050743379753,0.284159381001301,0.1662697695131597,0.1096458730725069,4,6.48,valid
Uttar_Pradesh,Shahjahanpur,2016,32,2017-03-10,2017-03-15,0.0697520835778754,0.2676542455767139,0.1655000097520441,0.1143185990429001,2,4.095000000000001,valid
Uttar_Pradesh,Shahjahanpur,2016,33,2017-03-15,2017-03-20,0.08468400914487748,0.25168901407504296,0.183441953265358,0.1293540945128931,0,,insufficient_data
Uttar_Pradesh,Shahjahanpur,2016,34,2017-03-20,2017-03-25,0.0962964811802527,0.2366108938619175,0.1886753261771247,0.1347502129825345,4,0.4325,valid
Uttar_Pradesh,Shahjahanpur,2016,35,2017-03-25,2017-03-30,0.10881116789844383,0.24436392372377924,0.21036120832257854,0.1543528601837893,0,,insufficient_data
Uttar_Pradesh,Shahjahanpur,2016,36,2017-03-30,2017-04-04,0.1086367284416288,0.2183315358602395,0.2133227076191036,0.1587016929536309,4,1.0,valid
Uttar_Pradesh,Shahjahanpur,2016,37,2017-04-04,2017-04-09,0.1605593783940184,0.2548590195962461,0.2739467897420418,0.2096409357560917,3,0.1766666666666666,valid
Uttar_Pradesh,Shahjahanpur,2016,38,2017-04-09,2017-04-14,0.15621849142295727,0.2527683387817066,0.2788002528714212,0.2140208233386359,0,,insufficient_data
Uttar_Pradesh,Shahjahanpur,2016,39,2017-04-14,2017-04-19,0.1542326395931101,0.2489836164967231,0.2909176781009036,0.2271783484195622,4,0.0775,valid
Uttar_Pradesh,Shahjahanpur,2016,40,2017-04-19,2017-04-24,0.1850099146837267,0.2619032800188317,0.3096275447552277,0.2398011648762228,2,1.5,valid
Uttar_Pradesh,Shahjahanpur,2016,41,2017-04-24,2017-04-29,0.1726537960023023,0.2797642419364927,0.3061865441398292,0.234781974687672,2,0.275,valid
Uttar_Pradesh,Shahjahanpur,2016,42,2017-04-29,2017-05-04,0.17063211675971304,0.2635503794840158,0.3022439223319868,0.2339204959944857,0,,insufficient_data
Uttar_Pradesh,Shahjahanpur,2017,0,2017-10-01,2017-10-06,0.0573068342395643,0.3343121573903525,0.1810299486909964,0.0933466933381132,2,22.135,valid
Uttar_Pradesh,Shahjahanpur,2017,1,2017-10-06,2017-10-11,0.0780106803106162,0.2915398086070015,0.2016335635818811,0.1193816831481825,4,1.4525,valid
Uttar_Pradesh,Shahjahanpur,2017,2,2017-10-11,2017-10-16,0.09126655587083342,0.28628881076566987,0.21018141357805353,0.13255957352342218,0,,insufficient_data
Uttar_Pradesh,Shahjahanpur,2017,3,2017-10-16,2017-10-21,0.1108075387806337,0.2668181478492555,0.2253148970490269,0.1505287901375235,4,0.1949999999999999,valid
Uttar_Pradesh,Shahjahanpur,2017,4,2017-10-21,2017-10-26,0.1189411701525195,0.2524851292160699,0.2327472449903098,0.1669811274698696,3,0.7633333333333333,valid
Uttar_Pradesh,Shahjahanpur,2017,5,2017-10-26,2017-10-31,0.12139290637571329,0.23947823101174656,0.2266761875692456,0.16455751395129584,0,,insufficient_data
Uttar_Pradesh,Shahjahanpur,2017,6,2017-10-31,2017-11-05,0.1385378348804367,0.2279052254012891,0.2201673394778545,0.1584853726134284,3,8.963333333333333,valid
Uttar_Pradesh,Shahjahanpur,2017,7,2017-11-05,2017-11-10,0.11927540649904048,0.22768932591965785,0.2248697989799487,0.16887605209233833,0,,insufficient_data
Uttar_Pradesh,Shahjahanpur,2017,8,2017-11-10,2017-11-15,0.1172850816892633,0.2107044215803717,0.2284752687597912,0.1822347655843618,1,0.0,valid
Uttar_Pradesh,Shahjahanpur,2017,9,2017-11-15,2017-11-20,0.1023375392739424,0.2196625274809007,0.2180893426918392,0.1678029427016935,3,6.006666666666667,valid
Uttar_Pradesh,Shahjahanpur,2017,10,2017-11-20,2017-11-25,0.11052916314443635,0.2169010650027948,0.2195714334246436,0.17101726695496342,0,,insufficient_data
Uttar_Pradesh,Shahjahanpur,2017,11,2017-11-25,2017-11-30,0.1119648684701034,0.220336245947112,0.2121496888223004,0.1630140925788349,3,0.0033333333333333,valid
Uttar_Pradesh,Shahjahanpur,2017,12,2017-11-30,2017-12-05,0.10887584903552967,0.23254156922903013,0.20093399253330507,0.14653533067812985,0,,insufficient_data
Uttar_Pradesh,Shahjahanpur,2017,13,2017-12-05,2017-12-10,0.11105528562272543,0.23683458314507325,0.19521554248046039,0.1394461266702753,0,,insufficient_data
Uttar_Pradesh,Shahjahanpur,2017,14,2017-12-10,2017-12-15,0.0886686759991271,0.2227532456944313,0.1883469094553978,0.1347953922738827,2,2.31,valid
Uttar_Pradesh,Shahjahanpur,2017,15,2017-12-15,2017-12-20,0.1325323123989458,0.2674142577936764,0.1851500291636829,0.1205288951581083,1,28.0,valid
Uttar_Pradesh,Shahjahanpur,2017,16,2017-12-20,2017-12-25,0.1051031839046697,0.2521102664984098,0.18073952355208286,0.12135261517393153,0,,insufficient_data
Uttar_Pradesh,Shahjahanpur,2017,17,2017-12-25,2017-12-30,0.0941085633159362,0.2661632960071217,0.1687216320371679,0.1087335580898036,3,15.733333333333334,valid
Uttar_Pradesh,Shahjahanpur,2017,18,2017-12-30,2018-01-04,0.113320437857441,0.26678877690039904,0.1769358306004254,0.11463122662395595,0,,insufficient_data
Uttar_Pradesh,Shahjahanpur,2017,19,2018-01-04,2018-01-09,0.0781906076922577,0.2666639369984465,0.16216740170132193,0.10004385845730995,0,,insufficient_data
Uttar_Pradesh,Shahjahanpur,2017,20,2018-01-09,2018-01-14,0.0781906076922577,0.2666639369984465,0.16216740170132193,0.10004385845730995,0,,insufficient_data
Uttar_Pradesh,Shahjahanpur,2017,21,2018-01-14,2018-01-19,0.0622726520685792,0.2671645779897713,0.155613171365476,0.0913541588248163,0,,insufficient_data
Uttar_Pradesh,Shahjahanpur,2017,22,2018-01-19,2018-01-24,0.0622726520685792,0.2671645779897713,0.155613171365476,0.0913541588248163,2,3.0,valid
Uttar_Pradesh,Shahjahanpur,2017,23,2018-01-24,2018-01-29,0.0622726520685792,0.2671645779897713,0.155613171365476,0.0913541588248163,0,,insufficient_data
Uttar_Pradesh,Shahjahanpur,2017,24,2018-01-29,2018-02-03,0.05736518552934675,0.29690885631636565,0.1580944638055908,0.0906738905626291,0,,insufficient_data
Uttar_Pradesh,Shahjahanpur,2017,25,2018-02-03,2018-02-08,0.06339437475836043,0.30206473447890814,0.1605255580658185,0.09408927813871004,0,,insufficient_data
Uttar_Pradesh,Shahjahanpur,2017,26,2018-02-08,2018-02-13,0.06395523610325105,0.31951481272347654,0.16298175141598975,0.0954568377956569,0,,insufficient_data
Uttar_Pradesh,Shahjahanpur,2017,27,2018-02-13,2018-02-18,0.0524577189901143,0.32665313464296,0.1605757562457056,0.0899936223004419,3,8.573333333333332,valid
Uttar_Pradesh,Shahjahanpur,2017,28,2018-02-18,2018-02-23,0.0754527532163878,0.3123764908039931,0.1653877465862739,0.1009200532908719,4,3.4425,valid
Uttar_Pradesh,Shahjahanpur,2017,29,2018-02-23,2018-02-28,0.06517782889674877,0.299932905760806,0.16400293729930548,0.10176194297257454,0,,insufficient_data
Uttar_Pradesh,Shahjahanpur,2017,30,2018-02-28,2018-03-05,0.0617207710134416,0.3038088857571468,0.1579900829626431,0.0987506689395415,4,5.9925,valid
Uttar_Pradesh,Shahjahanpur,2017,31,2018-03-05,2018-03-10,0.0711646089192995,0.2768047790974327,0.1652427369750472,0.1053618030773797,2,0.0,valid
Uttar_Pradesh,Shahjahanpur,2017,32,2018-03-10,2018-03-15,0.0650932923445007,0.2800212385024973,0.1708183637268576,0.1137835672546377,2,2.03,valid
Uttar_Pradesh,Shahjahanpur,2017,33,2018-03-15,2018-03-20,0.0722225633520429,0.2476120470255814,0.1733046198433235,0.1195779445996868,4,0.3275,valid
Uttar_Pradesh,Shahjahanpur,2017,34,2018-03-20,2018-03-25,0.08537621708389115,0.2513573327927608,0.18752305266604627,0.12967757225902465,0,,insufficient_data
Uttar_Pradesh,Shahjahanpur,2017,35,2018-03-25,2018-03-30,0.0986149071039012,0.2257553163785152,0.1996647703880098,0.1432952989730415,4,0.235,valid
Uttar_Pradesh,Shahjahanpur,2017,36,2018-03-30,2018-04-04,0.1197857136997114,0.2265932829597773,0.2285847723969933,0.1663692473903776,3,2.4633333333333334,valid
Uttar_Pradesh,Shahjahanpur,2017,37,2018-04-04,2018-04-09,0.1368215762910449,0.23742986287089857,0.2550684035603874,0.19379235953172372,0,,insufficient_data
Uttar_Pradesh,Shahjahanpur,2017,38,2018-04-09,2018-04-14,0.1418096972427419,0.2240302779675943,0.250451624667657,0.184212505973435,2,9.5,valid
Uttar_Pradesh,Shahjahanpur,2017,39,2018-04-14,2018-04-19,0.1558544556932834,0.2582973198924566,0.2960161080602178,0.2378560873763528,2,0.0,valid
Uttar_Pradesh,Shahjahanpur,2017,40,2018-04-19,2018-04-24,0.1680431077155866,0.2524731171561493,0.300624742289059,0.2372286579454117,2,0.5,valid
Uttar_Pradesh,Shahjahanpur,2017,41,2018-04-24,2018-04-29,0.1671310968582096,0.2547307207970322,0.3011032727418672,0.2408651740432843,4,8.5975,valid
Uttar_Pradesh,Shahjahanpur,2017,42,2018-04-29,2018-05-04,0.16367622008902652,0.2551670526152127,0.29924804103038133,0.23864997312168293,0,,insufficient_data
Uttar_Pradesh,Shahjahanpur,2018,0,2018-10-01,2018-10-06,0.0709194634704152,0.3158062542697368,0.1900873207537306,0.1059368707926137,4,3.4000000000000004,valid
Uttar_Pradesh,Shahjahanpur,2018,1,2018-10-06,2018-10-11,0.0879505926359178,0.292393286297714,0.2045971983825865,0.12358615265663737,0,,insufficient_data
Uttar_Pradesh,Shahjahanpur,2018,2,2018-10-11,2018-10-16,0.0893747426435338,0.297676852775489,0.2023190921754277,0.1189052683620288,4,9.86,valid
Uttar_Pradesh,Shahjahanpur,2018,3,2018-10-16,2018-10-21,0.1035575717938044,0.2636967518479162,0.2213851822186011,0.1459163188152696,4,0.335,valid
Uttar_Pradesh,Shahjahanpur,2018,4,2018-10-21,2018-10-26,0.10255123959539625,0.2544206946044914,0.22131900268219376,0.1502416208118021,0,,insufficient_data
Uttar_Pradesh,Shahjahanpur,2018,5,2018-10-26,2018-10-31,0.1033942839696078,0.2443099442737134,0.228562488483865,0.1614076759356755,4,0.1075,valid
Uttar_Pradesh,Shahjahanpur,2018,6,2018-10-31,2018-11-05,0.1232249912880046,0.2361603854514257,0.238153877031971,0.1712594419286133,2,6.5,valid
Uttar_Pradesh,Shahjahanpur,2018,7,2018-11-05,2018-11-10,0.0932046082820306,0.2302595386739126,0.2161743735011039,0.1537193990174231,2,0.885,valid
Uttar_Pradesh,Shahjahanpur,2018,8,2018-11-10,2018-11-15,0.1309721527968821,0.2287136872726562,0.2181336744945192,0.1599601440455434,3,5.669999999999999,valid
Uttar_Pradesh,Shahjahanpur,2018,9,2018-11-15,2018-11-20,0.11633317141789272,0.2272356370315634,0.22434183403121177,0.16554337546047376,0,,insufficient_data
Uttar_Pradesh,Shahjahanpur,2018,10,2018-11-20,2018-11-25,0.1213636695251738,0.2179681802111743,0.2208201128609996,0.169726871068182,4,5.09,valid
Uttar_Pradesh,Shahjahanpur,2018,11,2018-11-25,2018-11-30,0.1129004351973725,0.2230763935486481,0.2284271322674652,0.173051021242607,2,1.0,valid
Uttar_Pradesh,Shahjahanpur,2018,12,2018-11-30,2018-12-05,0.10811730419966326,0.22313958897994596,0.2100661191100362,0.15639630398955978,0,,insufficient_data
Uttar_Pradesh,Shahjahanpur,2018,13,2018-12-05,2018-12-10,0.1211796432428769,0.2160204656176674,0.2046064783097622,0.1561253142906398,4,0.7775,valid
Uttar_Pradesh,Shahjahanpur,2018,14,2018-12-10,2018-12-15,0.0930196587395985,0.2191832807689684,0.1919047886885897,0.1418606158585599,2,0.515,valid
Uttar_Pradesh,Shahjahanpur,2018,15,2018-12-15,2018-12-20,0.0921231142932946,0.2394496247532714,0.2045720834233642,0.1412176974878102,2,1.0,valid
Uttar_Pradesh,Shahjahanpur,2018,16,2018-12-20,2018-12-25,0.1025172720350048,0.2319726895154066,0.1790538464350217,0.1244591586408221,3,0.7733333333333333,valid
Uttar_Pradesh,Shahjahanpur,2018,17,2018-12-25,2018-12-30,0.09371120368322923,0.23611716414531694,0.1833116808064162,0.1262865981360018,0,,insufficient_data
Uttar_Pradesh,Shahjahanpur,2018,18,2018-12-30,2019-01-04,0.0843869038539489,0.2377583623472782,0.1680548102326309,0.1134324119912156,4,1.1825,valid
Uttar_Pradesh,Shahjahanpur,2018,19,2019-01-04,2019-01-09,0.0965090694942994,0.2522218633416602,0.1729728752524745,0.1104631067016011,4,7.475,valid
Uttar_Pradesh,Shahjahanpur,2018,20,2019-01-09,2019-01-14,0.11236260627408666,0.26944432382327765,0.1758925692068025,0.11296130224643645,0,,insufficient_data
Uttar_Pradesh,Shahjahanpur,2018,21,2019-01-14,2019-01-19,0.10209891016089886,0.27561503337851595,0.1721003888695244,0.1090397028436257,0,,insufficient_data
Uttar_Pradesh,Shahjahanpur,2018,22,2019-01-19,2019-01-24,0.2126414158983431,0.3029175304043282,0.2048560581627504,0.1340041534429825,2,25.0,valid
Uttar_Pradesh,Shahjahanpur,2018,23,2019-01-24,2019-01-29,0.0559130358497552,0.2848795391998439,0.1576865331793541,0.0939455368499466,2,2.67,valid
Uttar_Pradesh,Shahjahanpur,2018,24,2019-01-29,2019-02-03,0.0610441257081477,0.300297871599469,0.156931667520412,0.0933533052323827,2,17.295,valid
Uttar_Pradesh,Shahjahanpur,2018,25,2019-02-03,2019-02-08,0.16346512047298245,0.340008112049745,0.2067959496542398,0.13462741308731987,0,,insufficient_data
Uttar_Pradesh,Shahjahanpur,2018,26,2019-02-08,2019-02-13,0.0688243463245955,0.3085640311552137,0.1587797849457966,0.0922903846711646,3,11.153333333333334,valid
Uttar_Pradesh,Shahjahanpur,2018,27,2019-02-13,2019-02-18,0.4189026785840708,0.5033815878898702,0.3557257044628859,0.259543685240123,1,13.0,valid
Uttar_Pradesh,Shahjahanpur,2018,28,2019-02-18,2019-02-23,0.12995456045192338,0.3601330353382375,0.19699977840165056,0.1253870201044852,0,,insufficient_data
Uttar_Pradesh,Shahjahanpur,2018,29,2019-02-23,2019-02-28,0.0549849992528527,0.3293150439015808,0.1599617638503076,0.0975837288867752,2,14.025,valid
Uttar_Pradesh,Shahjahanpur,2018,30,2019-02-28,2019-03-05,0.0494585511542049,0.3226676181054407,0.14127090293721,0.0798078066176278,2,7.25,valid
Uttar_Pradesh,Shahjahanpur,2018,31,2019-03-05,2019-03-10,0.0576022269438929,0.3367368956390821,0.1692607358120528,0.0977094951067353,2,6.0,valid
Uttar_Pradesh,Shahjahanpur,2018,32,2019-03-10,2019-03-15,0.0678010690454077,0.3135181178444521,0.1696960127839983,0.1081835345640026,2,9.735,valid
Uttar_Pradesh,Shahjahanpur,2018,33,2019-03-15,2019-03-20,0.06679105351007374,0.30201871807712655,0.16539342997235323,0.10353090297600161,0,,insufficient_data
Uttar_Pradesh,Shahjahanpur,2018,34,2019-03-20,2019-03-25,0.071771162013289,0.2891892035634743,0.1678638163781835,0.1104920039753422,3,19.61,valid
Uttar_Pradesh,Shahjahanpur,2018,35,2019-03-25,2019-03-30,0.0873222583935742,0.2479817552331835,0.1788756819503217,0.1214616746163001,4,5.5925,valid
Uttar_Pradesh,Shahjahanpur,2018,36,2019-03-30,2019-04-04,0.10529189138251496,0.24206432490319685,0.20844979300591904,0.14818879928138795,0,,insufficient_data
Uttar_Pradesh,Shahjahanpur,2018,37,2019-04-04,2019-04-09,0.1002650782522664,0.2121540313120686,0.192480765987427,0.1370983357473749,3,5.72,valid
Uttar_Pradesh,Shahjahanpur,2018,38,2019-04-09,2019-04-14,0.1308204028663116,0.2168603877512245,0.2437379189605445,0.1794548478850949,2,0.0,valid
Uttar_Pradesh,Shahjahanpur,2018,39,2019-04-14,2019-04-19,0.1362805553871336,0.2441362466560333,0.2592907817531185,0.1924371341828277,2,1.61,valid
Uttar_Pradesh,Shahjahanpur,2018,40,2019-04-19,2019-04-24,0.1384916944466623,0.2354253401001185,0.2739090030616976,0.2111509366830389,4,4.595,valid
Uttar_Pradesh,Shahjahanpur,2018,41,2019-04-24,2019-04-29,0.14300200688451636,0.23778159960994572,0.27050836614029705,0.20641262733988558,0,,insufficient_data
Uttar_Pradesh,Shahjahanpur,2018,42,2019-04-29,2019-05-04,0.166415374837958,0.2547044239324066,0.3050957607858277,0.2426075906085809,2,0.0,valid
Uttar_Pradesh,Shahjahanpur,2019,0,2019-10-01,2019-10-06,0.0677119134005138,0.3288090261616192,0.18523434562699215,0.10333309407015831,0,,insufficient_data
Uttar_Pradesh,Shahjahanpur,2019,1,2019-10-06,2019-10-11,0.0576235826644035,0.3529489137490249,0.1758354276215908,0.0901722000662208,4,14.6575,valid
Uttar_Pradesh,Shahjahanpur,2019,2,2019-10-11,2019-10-16,0.0778002441366241,0.3046691385742136,0.1946332636323935,0.1164939880740958,4,1.415,valid
Uttar_Pradesh,Shahjahanpur,2019,3,2019-10-16,2019-10-21,0.11759428943197575,0.3185057717529604,0.20234061840324724,0.12179507427226852,0,,insufficient_data
Uttar_Pradesh,Shahjahanpur,2019,4,2019-10-21,2019-10-26,0.0715626689730344,0.2903065121669912,0.1894257260574469,0.1159586134417542,1,1.61,valid
Uttar_Pradesh,Shahjahanpur,2019,5,2019-10-26,2019-10-31,0.12519936225069175,0.2877291675039874,0.2113872952440675,0.13596810754087021,0,,insufficient_data
Uttar_Pradesh,Shahjahanpur,2019,6,2019-10-31,2019-11-05,0.263390661953841,0.326098522521612,0.2494680563015578,0.1645554955070032,1,3.0,valid
Uttar_Pradesh,Shahjahanpur,2019,7,2019-11-05,2019-11-10,0.0880438739392675,0.2298424967531328,0.2120221349848718,0.1468643331406276,2,19.555,valid
Uttar_Pradesh,Shahjahanpur,2019,8,2019-11-10,2019-11-15,0.16023281167482245,0.26169047197925366,0.23152330201913957,0.17000140013826986,0,,insufficient_data
Uttar_Pradesh,Shahjahanpur,2019,9,2019-11-15,2019-11-20,0.1052380848968235,0.2164434905582726,0.2180311093895901,0.165884953207617,2,14.37,valid
Uttar_Pradesh,Shahjahanpur,2019,10,2019-11-20,2019-11-25,0.1842586259093578,0.2743773780839971,0.2465719074005386,0.2027008186978316,2,27.695,valid
Uttar_Pradesh,Shahjahanpur,2019,11,2019-11-25,2019-11-30,0.12181108642051648,0.23594496532716955,0.21656811780334068,0.16252577154679487,0,,insufficient_data
Uttar_Pradesh,Shahjahanpur,2019,12,2019-11-30,2019-12-05,0.1066724979244282,0.2250691017969614,0.2081649971996157,0.1495894227431983,4,1.2,valid
Uttar_Pradesh,Shahjahanpur,2019,13,2019-12-05,2019-12-10,0.129047330690481,0.2274600657799844,0.2097623287431667,0.1518154218098563,2,2.0,valid
Uttar_Pradesh,Shahjahanpur,2019,14,2019-12-10,2019-12-15,0.0838388926814919,0.2363747904166322,0.2003102462837923,0.1426382412754711,2,6.67,valid
Uttar_Pradesh,Shahjahanpur,2019,15,2019-12-15,2019-12-20,0.10651957376546704,0.229634652664526,0.20607919074219158,0.1480143619428419,0,,insufficient_data
Uttar_Pradesh,Shahjahanpur,2019,16,2019-12-20,2019-12-25,0.10644311168598644,0.2319174280983083,0.2050362875134795,0.1472268315426637,0,,insufficient_data
Uttar_Pradesh,Shahjahanpur,2019,17,2019-12-25,2019-12-30,0.0838388926814919,0.2363747904166322,0.2003102462837923,0.1426382412754711,0,,insufficient_data
Uttar_Pradesh,Shahjahanpur,2019,18,2019-12-30,2020-01-04,,,,,0,,insufficient_data
Uttar_Pradesh,Shahjahanpur,2019,19,2020-01-04,2020-01-09,0.6410362733143081,0.670402350362564,0.5621727652205587,0.460205412352933,0,,insufficient_data
Uttar_Pradesh,Shahjahanpur,2019,20,2020-01-09,2020-01-14,0.3745756911754268,0.4979554044569623,0.3596526739370487,0.272633978493985,0,,insufficient_data
Uttar_Pradesh,Shahjahanpur,2019,21,2020-01-14,2020-01-19,0.3745756911754268,0.4979554044569623,0.3596526739370487,0.272633978493985,0,,insufficient_data
Uttar_Pradesh,Shahjahanpur,2019,22,2020-01-19,2020-01-24,0.6410362733143081,0.670402350362564,0.5621727652205587,0.460205412352933,1,10.0,valid
Uttar_Pradesh,Shahjahanpur,2019,23,2020-01-24,2020-01-29,0.1081151090365454,0.3255084585513606,0.1571325826535387,0.085062544635037,2,16.035,valid
Uttar_Pradesh,Shahjahanpur,2019,24,2020-01-29,2020-02-03,0.21592335128967616,0.41911501132098333,0.2563419408788795,0.1794276773341079,0,,insufficient_data
Uttar_Pradesh,Shahjahanpur,2019,25,2020-02-03,2020-02-08,0.0551097148986306,0.3397046850748944,0.1503953639308571,0.0848543841609183,4,6.615,valid
Uttar_Pradesh,Shahjahanpur,2019,26,2020-02-08,2020-02-13,0.0594323079092205,0.3408445512951144,0.1556670517105636,0.0875883681875432,4,2.2075,valid
Uttar_Pradesh,Shahjahanpur,2019,27,2020-02-13,2020-02-18,0.056734831978069035,0.33389968505878403,0.15165898800468436,0.08715292239402883,0,,insufficient_data
Uttar_Pradesh,Shahjahanpur,2019,28,2020-02-18,2020-02-23,0.055662473126356,0.3211498188063433,0.1489145483726324,0.089016014833625,2,14.565,valid
Uttar_Pradesh,Shahjahanpur,2019,29,2020-02-23,2020-02-28,0.060481451206411234,0.34456753787841415,0.15333468774799144,0.08484681494315614,0,,insufficient_data
Uttar_Pradesh,Shahjahanpur,2019,30,2020-02-28,2020-03-04,0.062098495342168526,0.33082193084834594,0.1546908673844485,0.08527756759892974,0,,insufficient_data
Uttar_Pradesh,Shahjahanpur,2019,31,2020-03-04,2020-03-09,0.0663495725836572,0.3717082435337849,0.1554224631607783,0.0779360618083002,1,25.0,valid
Uttar_Pradesh,Shahjahanpur,2019,32,2020-03-09,2020-03-14,0.06778704783456795,0.31596349833249415,0.1626539408676564,0.0922240473649666,0,,insufficient_data
Uttar_Pradesh,Shahjahanpur,2019,33,2020-03-14,2020-03-19,0.0642834403164924,0.2996077302049096,0.1597355906199348,0.088880626154864,1,24.0,valid
Uttar_Pradesh,Shahjahanpur,2019,34,2020-03-19,2020-03-24,0.0727281306035542,0.276574521258788,0.1728037688222561,0.1098554541317356,4,1.7525,valid
Uttar_Pradesh,Shahjahanpur,2019,35,2020-03-24,2020-03-29,0.08970187563201387,0.26760646465827786,0.19657309806369694,0.1301058110254662,0,,insufficient_data
Uttar_Pradesh,Shahjahanpur,2019,36,2020-03-29,2020-04-03,0.095151768539948,0.2421251988555119,0.2034347584643303,0.1393013570143343,4,0.98,valid
Uttar_Pradesh,Shahjahanpur,2019,37,2020-04-03,2020-04-08,0.1266441630680609,0.252118408313902,0.2503182743482666,0.1823858068009308,2,4.195,valid
Uttar_Pradesh,Shahjahanpur,2019,38,2020-04-08,2020-04-13,0.13870924124334838,0.2636087655231761,0.2726864438804541,0.19851081418695465,0,,insufficient_data
Uttar_Pradesh,Shahjahanpur,2019,39,2020-04-13,2020-04-18,0.1621933178137287,0.2842452658498303,0.3091759563071216,0.2235371062105934,2,1.6800000000000002,valid
Uttar_Pradesh,Shahjahanpur,2019,40,2020-04-18,2020-04-23,0.1532283988111485,0.27076995441239754,0.29577033901916205,0.21824729991116143,0,,insufficient_data
Uttar_Pradesh,Shahjahanpur,2019,41,2020-04-23,2020-04-28,0.1708477155516559,0.2759461890734603,0.327816786402098,0.2488189867219601,3,10.986666666666666,valid
Uttar_Pradesh,Shahjahanpur,2019,42,2020-04-28,2020-05-03,0.1665205166826923,0.2800957274616453,0.3184963713546098,0.23617804646627674,0,,insufficient_data
Uttar_Pradesh,Shahjahanpur,2020,0,2020-10-01,2020-10-06,0.0712906189732149,0.3257883680309268,0.1907284717915959,0.1010618449162916,2,2.0,valid
Uttar_Pradesh,Shahjahanpur,2020,1,2020-10-06,2020-10-11,0.0777019336007463,0.2834041098788168,0.1977810417294515,0.1189904342080389,3,3.303333333333333,valid
Uttar_Pradesh,Shahjahanpur,2020,2,2020-10-11,2020-10-16,0.09260892073742005,0.27892894707239624,0.21780604249456822,0.1391619585178161,0,,insufficient_data
Uttar_Pradesh,Shahjahanpur,2020,3,2020-10-16,2020-10-21,0.1024771776521421,0.2574725461968049,0.2326722396878022,0.1559173061795076,4,0.0174999999999999,valid
Uttar_Pradesh,Shahjahanpur,2020,4,2020-10-21,2020-10-26,0.1189659527235769,0.2490507641830363,0.2500424167694233,0.1806782487674263,4,0.3075,valid
Uttar_Pradesh,Shahjahanpur,2020,5,2020-10-26,2020-10-31,0.1170625819065346,0.23271382529359377,0.2366066652507613,0.17231586893781453,0,,insufficient_data
Uttar_Pradesh,Shahjahanpur,2020,6,2020-10-31,2020-11-05,0.1298627214276666,0.2404092873262069,0.2473902216996403,0.1812327921961261,4,15.9125,valid
Uttar_Pradesh,Shahjahanpur,2020,7,2020-11-05,2020-11-10,0.1317514770244098,0.2058754527014916,0.2237892713750569,0.1682298720037123,2,1.0,valid
Uttar_Pradesh,Shahjahanpur,2020,8,2020-11-10,2020-11-15,0.1022555807048776,0.2107610760604291,0.2291391767218837,0.1755211255423003,2,3.26,valid
Uttar_Pradesh,Shahjahanpur,2020,9,2020-11-15,2020-11-20,0.1076775272800818,0.2191697437252464,0.2221959149971092,0.1614001240008171,3,3.4033333333333338,valid
Uttar_Pradesh,Shahjahanpur,2020,10,2020-11-20,2020-11-25,0.11474310936482535,0.22325601828733072,0.22528268217172004,0.16780679547414182,0,,insufficient_data
Uttar_Pradesh,Shahjahanpur,2020,11,2020-11-25,2020-11-30,0.1092002599830121,0.26249121890647,0.2457357122771032,0.1805542829724446,1,22.17,valid
Uttar_Pradesh,Shahjahanpur,2020,12,2020-11-30,2020-12-05,0.1228307018317454,0.2179826000430165,0.2055533354874472,0.1533285728514349,4,7.1775,valid
Uttar_Pradesh,Shahjahanpur,2020,13,2020-12-05,2020-12-10,0.1064318476193001,0.23883263116478473,0.2133143996457334,0.15877937265848513,0,,insufficient_data
Uttar_Pradesh,Shahjahanpur,2020,14,2020-12-10,2020-12-15,0.10717127478526292,0.2397251521624815,0.20280121946077653,0.1469605971050121,0,,insufficient_data
Uttar_Pradesh,Shahjahanpur,2020,15,2020-12-15,2020-12-20,0.0872645810431428,0.2360240745448678,0.1886541511726499,0.1424552621515759,1,12.92,valid
Uttar_Pradesh,Shahjahanpur,2020,16,2020-12-20,2020-12-25,0.09832706866314711,0.2392133948502198,0.17995791503927788,0.12697976629808444,0,,insufficient_data
Uttar_Pradesh,Shahjahanpur,2020,17,2020-12-25,2020-12-30,0.1093895562831514,0.2424027151555718,0.1712616789059059,0.111504270444593,4,8.8475,valid
Uttar_Pradesh,Shahjahanpur,2020,18,2020-12-30,2021-01-04,0.09832706866314711,0.2392133948502198,0.17995791503927788,0.12697976629808444,0,,insufficient_data
Uttar_Pradesh,Shahjahanpur,2020,19,2021-01-04,2021-01-09,0.08901048550837021,0.2851853379754764,0.17229870002020725,0.10930602210146151,0,,insufficient_data
Uttar_Pradesh,Shahjahanpur,2020,20,2021-01-09,2021-01-14,0.08901048550837021,0.2851853379754764,0.17229870002020725,0.10930602210146151,0,,insufficient_data
Uttar_Pradesh,Shahjahanpur,2020,21,2021-01-14,2021-01-19,0.068631414733589,0.327967960795381,0.1733357211345086,0.10710777375833,0,,insufficient_data
Uttar_Pradesh,Shahjahanpur,2020,22,2021-01-19,2021-01-24,0.068631414733589,0.327967960795381,0.1733357211345086,0.10710777375833,1,21.83,valid
Uttar_Pradesh,Shahjahanpur,2020,23,2021-01-24,2021-01-29,0.0578001731551271,0.30812436543052674,0.1567738987383411,0.09276337085603625,0,,insufficient_data
Uttar_Pradesh,Shahjahanpur,2020,24,2021-01-29,2021-02-03,0.181084267234611,0.3761281266540532,0.25466522904288197,0.1824386203704648,0,,insufficient_data
Uttar_Pradesh,Shahjahanpur,2020,25,2021-02-03,2021-02-08,0.0469689315766652,0.2882807700656725,0.1402120763421736,0.0784189679537425,4,6.6525,valid
Uttar_Pradesh,Shahjahanpur,2020,26,2021-02-08,2021-02-13,0.18002033013324767,0.36362114567437137,0.24346099781092176,0.17437949200692712,0,,insufficient_data
Uttar_Pradesh,Shahjahanpur,2020,27,2021-02-13,2021-02-18,0.4276524553935787,0.5121356491011062,0.4504478896519637,0.3617891193993219,2,13.06,valid
Uttar_Pradesh,Shahjahanpur,2020,28,2021-02-18,2021-02-23,0.0654396034294991,0.2904470178563355,0.1397230274386279,0.0829303886677169,4,2.3600000000000003,valid
Uttar_Pradesh,Shahjahanpur,2020,29,2021-02-23,2021-02-28,0.14597084668500354,0.3295477208773946,0.21401268804857168,0.1498672613189585,0,,insufficient_data
Uttar_Pradesh,Shahjahanpur,2020,30,2021-02-28,2021-03-05,0.0587419602309332,0.3017118990557848,0.1538391056664636,0.0949074160467409,4,0.11,valid
Uttar_Pradesh,Shahjahanpur,2020,31,2021-03-05,2021-03-10,0.0749003518413898,0.2784329290023685,0.1585766341611984,0.1027289743462683,2,0.435,valid
Uttar_Pradesh,Shahjahanpur,2020,32,2021-03-10,2021-03-15,0.1031198625296169,0.2650111093713783,0.1674767833246049,0.1069804081347446,2,21.5,valid
Uttar_Pradesh,Shahjahanpur,2020,33,2021-03-15,2021-03-20,0.1201070509397123,0.2627142931980824,0.180047979820089,0.1229036591129093,3,6.306666666666668,valid
Uttar_Pradesh,Shahjahanpur,2020,34,2021-03-20,2021-03-25,0.10801822369335161,0.25557819645789104,0.19166423637333835,0.13292277219208637,0,,insufficient_data
Uttar_Pradesh,Shahjahanpur,2020,35,2021-03-25,2021-03-30,0.1054847849872814,0.2326045453149526,0.1994626569627353,0.1439532392927477,4,0.0275,valid
Uttar_Pradesh,Shahjahanpur,2020,36,2021-03-30,2021-04-04,0.1364790681687576,0.2391281054026732,0.2527571275980641,0.188047580073762,4,0.3175,valid
Uttar_Pradesh,Shahjahanpur,2020,37,2021-04-04,2021-04-09,0.15777966264672844,0.265570363191599,0.2865785807004414,0.21807051307440145,0,,insufficient_data
Uttar_Pradesh,Shahjahanpur,2020,38,2021-04-09,2021-04-14,0.1665047995228369,0.2743377218945342,0.3091059703514593,0.239311772330582,4,5.2175,valid
Uttar_Pradesh,Shahjahanpur,2020,39,2021-04-14,2021-04-19,0.1836079958649571,0.2713554912835546,0.3196368781093889,0.2428047481335835,2,0.0,valid
Uttar_Pradesh,Shahjahanpur,2020,40,2021-04-19,2021-04-24,0.1968216646898092,0.3104259520622803,0.3519302704805597,0.2762352255413322,2,0.4,valid
Uttar_Pradesh,Shahjahanpur,2020,41,2021-04-24,2021-04-29,0.1843315659892674,0.288571086095573,0.3376123089793555,0.2726883179449738,4,0.0025,valid
Uttar_Pradesh,Shahjahanpur,2020,42,2021-04-29,2021-05-04,0.18825374218134458,0.29011750981380263,0.33639315252310137,0.26390943053996313,0,,insufficient_data
Uttar_Pradesh,Shahjahanpur,2021,0,2021-10-01,2021-10-06,0.0628839914810336,0.3350020482819839,0.1834617484332212,0.0971888882536028,2,8.004999999999999,valid
Uttar_Pradesh,Shahjahanpur,2021,1,2021-10-06,2021-10-11,0.0722547599487648,0.2954114216981303,0.17385691289102387,0.09632873739074622,0,,insufficient_data
Uttar_Pradesh,Shahjahanpur,2021,2,2021-10-11,2021-10-16,0.0781029660833853,0.30275450486997,0.2099821128451288,0.1239699537119946,2,15.845,valid
Uttar_Pradesh,Shahjahanpur,2021,3,2021-10-16,2021-10-21,0.0757773222818755,0.2484777119424369,0.1281268773947216,0.0678273702066413,1,28.99,valid
Uttar_Pradesh,Shahjahanpur,2021,4,2021-10-21,2021-10-26,0.0896608852716124,0.24804018995874272,0.19892435279514742,0.13349463074237905,0,,insufficient_data
Uttar_Pradesh,Shahjahanpur,2021,5,2021-10-26,2021-10-31,0.0877934315311873,0.2351497756802883,0.2137568957619441,0.1407618760818765,2,0.405,valid
Uttar_Pradesh,Shahjahanpur,2021,6,2021-10-31,2021-11-05,0.1050110718240966,0.2279855728858517,0.2253704464445805,0.1653084378244982,4,6.0575,valid
Uttar_Pradesh,Shahjahanpur,2021,7,2021-11-05,2021-11-10,0.1016196346375173,0.2258333844151668,0.2173854315293621,0.1696055158868846,1,21.07,valid
Uttar_Pradesh,Shahjahanpur,2021,8,2021-11-10,2021-11-15,0.1097783720535962,0.2166024240668954,0.2306792966256072,0.1836509076814224,4,10.145,valid
Uttar_Pradesh,Shahjahanpur,2021,9,2021-11-15,2021-11-20,0.0955652607095002,0.1722352978418182,0.1702028697084131,0.1350078526009072,1,3.19,valid
Uttar_Pradesh,Shahjahanpur,2021,10,2021-11-20,2021-11-25,0.09615561375014628,0.21080511580396344,0.2063705154911942,0.15876555351496505,0,,insufficient_data
Uttar_Pradesh,Shahjahanpur,2021,11,2021-11-25,2021-11-30,0.0956715080638763,0.2130970278793725,0.2139596278949479,0.165870759090077,2,3.605,valid
Uttar_Pradesh,Shahjahanpur,2021,12,2021-11-30,2021-12-05,0.0846032874003648,0.2166251799335534,0.18923930571594744,0.13723557288921115,0,,insufficient_data
Uttar_Pradesh,Shahjahanpur,2021,13,2021-12-05,2021-12-10,0.0781432932862414,0.2262574448165641,0.1996253516976406,0.139692732315534,2,0.99,valid
Uttar_Pradesh,Shahjahanpur,2021,14,2021-12-10,2021-12-15,0.0831809548162212,0.2300914780949843,0.1809973639003254,0.1264599909579341,2,0.93,valid
Uttar_Pradesh,Shahjahanpur,2021,15,2021-12-15,2021-12-20,0.0704554201259849,0.241444651035028,0.1814113153784101,0.1191465294816035,2,1.58,valid
Uttar_Pradesh,Shahjahanpur,2021,16,2021-12-20,2021-12-25,0.0795925795295044,0.2405756294574414,0.1687128742692883,0.112675497630099,4,3.15,valid
Uttar_Pradesh,Shahjahanpur,2021,17,2021-12-25,2021-12-30,0.09087475597253164,0.2641910032240326,0.19081327007138976,0.1302226765957375,0,,insufficient_data
Uttar_Pradesh,Shahjahanpur,2021,18,2021-12-30,2022-01-04,0.09343935635796846,0.27555751160038205,0.1940852387950779,0.13147690514167196,0,,insufficient_data
Uttar_Pradesh,Shahjahanpur,2021,19,2022-01-04,2022-01-09,0.1302700694184161,0.3446522543086768,0.2321315267375353,0.1626086883133134,1,16.38,valid
Uttar_Pradesh,Shahjahanpur,2021,20,2022-01-09,2022-01-14,0.1302700694184161,0.3446522543086768,0.2321315267375353,0.1626086883133134,0,,insufficient_data
Uttar_Pradesh,Shahjahanpur,2021,21,2022-01-14,2022-01-19,0.3149426180817991,0.48746532653385455,0.3604341026386979,0.2818718252897098,0,,insufficient_data
Uttar_Pradesh,Shahjahanpur,2021,22,2022-01-19,2022-01-24,0.3149426180817991,0.48746532653385455,0.3604341026386979,0.2818718252897098,0,,insufficient_data
Uttar_Pradesh,Shahjahanpur,2021,23,2022-01-24,2022-01-29,0.28475069882135423,0.4929569743159876,0.3251316900444288,0.24785670774214993,0,,insufficient_data
Uttar_Pradesh,Shahjahanpur,2021,24,2022-01-29,2022-02-03,0.4996151667451821,0.6302783987590322,0.4887366785398605,0.4011349622661062,1,21.46,valid
Uttar_Pradesh,Shahjahanpur,2021,25,2022-02-03,2022-02-08,0.20695053531268662,0.4390441648374519,0.2667626609542003,0.1935730509843566,0,,insufficient_data
Uttar_Pradesh,Shahjahanpur,2021,26,2022-02-08,2022-02-13,0.0698862308975264,0.355635549872943,0.1615267015489971,0.0945784532181937,2,13.295,valid
Uttar_Pradesh,Shahjahanpur,2021,27,2022-02-13,2022-02-18,0.0513502082953514,0.3312185458803804,0.1500246027737433,0.0850057374687699,4,0.8575,valid
Uttar_Pradesh,Shahjahanpur,2021,28,2022-02-18,2022-02-23,0.05971521141029974,0.3314040981258356,0.16020591941683815,0.09631415221227144,0,,insufficient_data
Uttar_Pradesh,Shahjahanpur,2021,29,2022-02-23,2022-02-28,0.061204287196011,0.3337940557201617,0.1690056551719921,0.1023413723782049,2,7.91,valid
Uttar_Pradesh,Shahjahanpur,2021,30,2022-02-28,2022-03-05,0.0560509342332711,0.316133354007811,0.1533161480831119,0.093269891428414,2,3.2550000000000003,valid
Uttar_Pradesh,Shahjahanpur,2021,31,2022-03-05,2022-03-10,0.0600843964293388,0.320238985147882,0.1671564895063464,0.1063753065677747,2,0.6299999999999999,valid
Uttar_Pradesh,Shahjahanpur,2021,32,2022-03-10,2022-03-15,0.0575574205489443,0.2992949154950458,0.1555313234863004,0.0988679722710478,2,0.03,valid
Uttar_Pradesh,Shahjahanpur,2021,33,2022-03-15,2022-03-20,0.06867411518607454,0.28199895365048155,0.17016152283267588,0.1123519522340247,0,,insufficient_data
Uttar_Pradesh,Shahjahanpur,2021,34,2022-03-20,2022-03-25,0.0724815162937824,0.2478574751981052,0.1691639285786246,0.1125153894903148,4,1.475,valid
Uttar_Pradesh,Shahjahanpur,2021,35,2022-03-25,2022-03-30,0.0971963084250361,0.2264700384035639,0.2056397245089961,0.1507312014125722,4,0.17,valid
Uttar_Pradesh,Shahjahanpur,2021,36,2022-03-30,2022-04-04,0.12202001473087135,0.24815050204627437,0.24624917789891318,0.18119503535742137,0,,insufficient_data
Uttar_Pradesh,Shahjahanpur,2021,37,2022-04-04,2022-04-09,0.1230272746235461,0.2300022918200426,0.2516527747390956,0.1925984470582873,4,6.504999999999999,valid
Uttar_Pradesh,Shahjahanpur,2021,38,2022-04-09,2022-04-14,0.1478299913118888,0.2526802350985652,0.2890743000210409,0.2129813743026747,2,0.245,valid
Uttar_Pradesh,Shahjahanpur,2021,39,2022-04-14,2022-04-19,0.1695649830001034,0.2837424697110952,0.3157151616468089,0.2371487645232578,2,12.614999999999998,valid
Uttar_Pradesh,Shahjahanpur,2021,40,2022-04-19,2022-04-24,0.1753941529909638,0.2897593499532465,0.3286430046903434,0.2478559590277532,4,9.59,valid
Uttar_Pradesh,Shahjahanpur,2021,41,2022-04-24,2022-04-29,0.16435884412246932,0.2728065752156755,0.31045536578982624,0.2350206641200814,0,,insufficient_data
Uttar_Pradesh,Shahjahanpur,2021,42,2022-04-29,2022-05-04,0.1646462491869213,0.2650442460997951,0.3083889968011118,0.2420965586266399,2,0.22,valid
Uttar_Pradesh,Shahjahanpur,2022,0,2022-10-01,2022-10-06,0.0702573036118422,0.2723015787898207,0.1697605626158202,0.09434591124627,0,,insufficient_data
Uttar_Pradesh,Shahjahanpur,2022,1,2022-10-06,2022-10-11,0.0800907350743396,0.263072202232651,0.19209345186490173,0.11706032792927504,0,,insufficient_data
Uttar_Pradesh,Shahjahanpur,2022,2,2022-10-11,2022-10-16,0.0702573036118422,0.2723015787898207,0.1697605626158202,0.09434591124627,4,1.9825,valid
Uttar_Pradesh,Shahjahanpur,2022,3,2022-10-16,2022-10-21,0.08994213408320688,0.24864774241830961,0.2087881177312784,0.14079819845812785,0,,insufficient_data
Uttar_Pradesh,Shahjahanpur,2022,4,2022-10-21,2022-10-26,0.089924166536837,0.2538428256754813,0.2144263411139833,0.1397747446122801,4,0.36,valid
Uttar_Pradesh,Shahjahanpur,2022,5,2022-10-26,2022-10-31,0.1051529898162545,0.2347539117616366,0.2243070227244039,0.1625903961213376,2,0.56,valid
Uttar_Pradesh,Shahjahanpur,2022,6,2022-10-31,2022-11-05,0.0944340763678938,0.2336926534462999,0.2266585444709063,0.1664817418526237,2,0.55,valid
Uttar_Pradesh,Shahjahanpur,2022,7,2022-11-05,2022-11-10,0.1075064087748371,0.2335761140447557,0.2285998064901057,0.1692849657031536,3,15.23,valid
Uttar_Pradesh,Shahjahanpur,2022,8,2022-11-10,2022-11-15,0.10442864759575014,0.22801197878434648,0.2265679054519591,0.17176240219318015,0,,insufficient_data
Uttar_Pradesh,Shahjahanpur,2022,9,2022-11-15,2022-11-20,0.1094979789194785,0.2216443714981929,0.2326095851492509,0.1846995601483191,4,11.505,valid
Uttar_Pradesh,Shahjahanpur,2022,10,2022-11-20,2022-11-25,0.1055517841002869,0.2163928431708471,0.2206645684251288,0.1757553471404668,4,0.6775,valid
Uttar_Pradesh,Shahjahanpur,2022,11,2022-11-25,2022-11-30,0.09308007272235978,0.22327945568939297,0.2036358657052863,0.15127755194908615,0,,insufficient_data
Uttar_Pradesh,Shahjahanpur,2022,12,2022-11-30,2022-12-05,0.0958351700607083,0.2181772342364851,0.1996437200417025,0.1484643957741487,4,0.7224999999999999,valid
Uttar_Pradesh,Shahjahanpur,2022,13,2022-12-05,2022-12-10,0.0836026351804598,0.2243033469542411,0.183887276398624,0.128715727063455,2,0.335,valid
Uttar_Pradesh,Shahjahanpur,2022,14,2022-12-10,2022-12-15,0.0709127953508654,0.2358794825871989,0.1813741785117253,0.1187527296190411,2,0.7350000000000001,valid
Uttar_Pradesh,Shahjahanpur,2022,15,2022-12-15,2022-12-20,0.0832497207160194,0.2538250298856777,0.1732503480450048,0.1145522132295439,3,5.576666666666665,valid
Uttar_Pradesh,Shahjahanpur,2022,16,2022-12-20,2022-12-25,0.07925505041578153,0.23800261980903922,0.17950393431845138,0.12067355663734665,0,,insufficient_data
Uttar_Pradesh,Shahjahanpur,2022,17,2022-12-25,2022-12-30,0.0770812580334424,0.2448522562364383,0.17731226327836505,0.1166524714242925,1,14.1,missing_bands
Uttar_Pradesh,Shahjahanpur,2022,18,2022-12-30,2023-01-04,0.069672484586935,0.2640714393423219,0.158367754917199,0.10087162165597405,0,,insufficient_data
Uttar_Pradesh,Shahjahanpur,2022,19,2023-01-04,2023-01-09,0.0567967942918048,0.27746623775280016,0.15005672636437875,0.09161835226717405,0,,insufficient_data
Uttar_Pradesh,Shahjahanpur,2022,20,2023-01-09,2023-01-14,0.054129736734391275,0.28579837696752025,0.14541112978857082,0.08479296819495936,0,,insufficient_data
Uttar_Pradesh,Shahjahanpur,2022,21,2023-01-14,2023-01-19,0.0560952484578506,0.2743178487989662,0.1434851617893932,0.0871910300824042,2,0.005,valid
Uttar_Pradesh,Shahjahanpur,2022,22,2023-01-19,2023-01-24,0.057498340125759,0.2806146267066341,0.1566282909393643,0.0960456744519439,1,12.44,valid
Uttar_Pradesh,Shahjahanpur,2022,23,2023-01-24,2023-01-29,0.0487956216195642,0.3024626553969604,0.1361199366369549,0.07114220005053,1,23.79,valid
Uttar_Pradesh,Shahjahanpur,2022,24,2023-01-29,2023-02-03,0.05334314378581888,0.3023738840971898,0.14752563050660233,0.08582182077865734,0,,insufficient_data
Uttar_Pradesh,Shahjahanpur,2022,25,2023-02-03,2023-02-08,0.0500680443420452,0.3254225709592157,0.1451146454513384,0.0827869053885918,2,13.655,valid
Uttar_Pradesh,Shahjahanpur,2022,26,2023-02-08,2023-02-13,0.0542584643838754,0.3290517186241727,0.1562801177159609,0.0919432939198168,4,1.9825,valid
Uttar_Pradesh,Shahjahanpur,2022,27,2023-02-13,2023-02-18,0.0529713012493119,0.3257542837074589,0.14969681329362752,0.08743244863045557,0,,insufficient_data
Uttar_Pradesh,Shahjahanpur,2022,28,2023-02-18,2023-02-23,0.0545873950220151,0.3227885615389883,0.1476956767135833,0.0875671465829581,4,2.9725,valid
Uttar_Pradesh,Shahjahanpur,2022,29,2023-02-23,2023-02-28,0.057289314419831705,0.3122828424731256,0.15588778160171096,0.095325030569262,0,,insufficient_data
Uttar_Pradesh,Shahjahanpur,2022,30,2023-02-28,2023-03-05,0.06253762423893511,0.2849751983615337,0.15920365078513468,0.10173044977258172,0,,insufficient_data
Uttar_Pradesh,Shahjahanpur,2022,31,2023-03-05,2023-03-10,0.0630220838536046,0.2850082472562159,0.1636875503755887,0.1064646512050111,3,13.576666666666666,valid
Uttar_Pradesh,Shahjahanpur,2022,32,2023-03-10,2023-03-15,0.07329271857547699,0.25816422178018217,0.17312918080279202,0.11471164699404217,0,,insufficient_data
Uttar_Pradesh,Shahjahanpur,2022,33,2023-03-15,2023-03-20,0.0700033938411856,0.2471287862893968,0.1662277252662321,0.111159551529776,2,2.0,valid
Uttar_Pradesh,Shahjahanpur,2022,34,2023-03-20,2023-03-25,0.0868526780316408,0.2423556317949338,0.1894722667665553,0.1265107382473394,4,3.0525000000000007,valid
Uttar_Pradesh,Shahjahanpur,2022,35,2023-03-25,2023-03-30,0.10905732160380119,0.24631834476787615,0.23045132358941384,0.16849777275772343,0,,insufficient_data
Uttar_Pradesh,Shahjahanpur,2022,36,2023-03-30,2023-04-04,0.1123848296106648,0.2411990350054378,0.2251972645059772,0.1539146522383828,2,15.19,valid
Uttar_Pradesh,Shahjahanpur,2022,37,2023-04-04,2023-04-09,0.1336756593499609,0.2451734511240614,0.27675951942569,0.2184435468903801,2,2.2,valid
Uttar_Pradesh,Shahjahanpur,2022,38,2023-04-09,2023-04-14,0.1423700471855538,0.255734819625551,0.2945998419826146,0.232460374882739,2,1.38,valid
Uttar_Pradesh,Shahjahanpur,2022,39,2023-04-14,2023-04-19,0.150488982274246,0.2564094377801031,0.3086950116397449,0.2466172735490724,4,1.7675,valid
Uttar_Pradesh,Shahjahanpur,2022,40,2023-04-19,2023-04-24,0.1453048225972805,0.2575469008996515,0.301257517509421,0.23836797369581644,0,,insufficient_data
Uttar_Pradesh,Shahjahanpur,2022,41,2023-04-24,2023-04-29,0.1546846015793613,0.2728698950688903,0.3249756969896346,0.2559506994610743,2,8.245,valid
Uttar_Pradesh,Shahjahanpur,2022,42,2023-04-29,2023-05-04,0.15258679192680366,0.2646396664244967,0.31683535431468973,0.25128398650507333,0,,insufficient_data
Uttar_Pradesh,Shahjahanpur,2023,0,2023-10-01,2023-10-06,0.0643318192626228,0.311826722774534,0.1835264814450944,0.0980501494553627,2,4.205,valid
Uttar_Pradesh,Shahjahanpur,2023,1,2023-10-06,2023-10-11,0.0893328461858337,0.2858602229751985,0.2158755777273925,0.1322671920445212,4,1.9725,valid
Uttar_Pradesh,Shahjahanpur,2023,2,2023-10-11,2023-10-16,0.08888919092123618,0.26902546633045443,0.21674677741061177,0.1388580053432656,0,,insufficient_data
Uttar_Pradesh,Shahjahanpur,2023,3,2023-10-16,2023-10-21,0.0887125154045251,0.2601301423638626,0.2079869095978266,0.1290931937206009,2,2.215,valid
Uttar_Pradesh,Shahjahanpur,2023,4,2023-10-21,2023-10-26,0.1046153063752947,0.2422425849720905,0.2408249799592886,0.1700813888520273,2,2.6500000000000004,valid
Uttar_Pradesh,Shahjahanpur,2023,5,2023-10-26,2023-10-31,0.0974534673779046,0.2450676585665865,0.2355199383234568,0.1647981026438159,2,0.895,valid
Uttar_Pradesh,Shahjahanpur,2023,6,2023-10-31,2023-11-05,0.1072196678909593,0.2241070386882831,0.2323433215819726,0.1733143804968738,4,0.99,valid
Uttar_Pradesh,Shahjahanpur,2023,7,2023-11-05,2023-11-10,0.10316507416913964,0.23417264786105513,0.23275069208348448,0.16914838606272042,0,,insufficient_data
Uttar_Pradesh,Shahjahanpur,2023,8,2023-11-10,2023-11-15,0.10184632702705194,0.23444544506575313,0.2241163176320162,0.16488250789089728,0,,insufficient_data
Uttar_Pradesh,Shahjahanpur,2023,9,2023-11-15,2023-11-20,0.1033718550324,0.2252733092172604,0.22231452846922,0.1683996722581646,3,10.056666666666668,valid
Uttar_Pradesh,Shahjahanpur,2023,10,2023-11-20,2023-11-25,0.08838387660997647,0.23679007524855378,0.2043577311765498,0.14580268084561174,0,,insufficient_data
Uttar_Pradesh,Shahjahanpur,2023,11,2023-11-25,2023-11-30,0.0993403178069439,0.2433337737908825,0.2062874821534154,0.1530178761647348,1,25.91,valid
Uttar_Pradesh,Shahjahanpur,2023,12,2023-11-30,2023-12-05,0.0887293844605887,0.23773758356595592,0.19963240873456117,0.1416465029385292,0,,insufficient_data
Uttar_Pradesh,Shahjahanpur,2023,13,2023-12-05,2023-12-10,0.0624394569905855,0.2417631427375184,0.184471182907014,0.1159904941139358,1,20.68,valid
Uttar_Pradesh,Shahjahanpur,2023,14,2023-12-10,2023-12-15,0.0897659080124254,0.2405801085181624,0.1854564414085953,0.1291779692172817,4,1.14,valid
Uttar_Pradesh,Shahjahanpur,2023,15,2023-12-15,2023-12-20,0.07190196369239597,0.2503229258380266,0.17414107211905597,0.11444230724120523,0,,insufficient_data
Uttar_Pradesh,Shahjahanpur,2023,16,2023-12-20,2023-12-25,0.063500526074177,0.2686255262583991,0.1524955920415586,0.0981584583923982,2,22.55,valid
Uttar_Pradesh,Shahjahanpur,2023,17,2023-12-25,2023-12-30,0.10476477246944733,0.28352612117828696,0.1842429818094116,0.1216044198695847,0,,insufficient_data
Uttar_Pradesh,Shahjahanpur,2023,18,2023-12-30,2024-01-04,0.1122642046979583,0.3049991275083493,0.18363625200981976,0.1178176451957362,0,,insufficient_data
Uttar_Pradesh,Shahjahanpur,2023,19,2024-01-04,2024-01-09,0.1610278833217396,0.3413727287582995,0.2147769119780809,0.1374768319990742,1,29.05,valid
Uttar_Pradesh,Shahjahanpur,2023,20,2024-01-09,2024-01-14,0.1610278833217396,0.3413727287582995,0.2147769119780809,0.1374768319990742,0,,insufficient_data
Uttar_Pradesh,Shahjahanpur,2023,21,2024-01-14,2024-01-19,0.1061718113919953,0.3155900766671505,0.1818576101749772,0.11198777553899016,0,,insufficient_data
Uttar_Pradesh,Shahjahanpur,2023,22,2024-01-19,2024-01-24,0.0904770966937612,0.31596459879999855,0.17394151053998144,0.10611287693639142,0,,insufficient_data
Uttar_Pradesh,Shahjahanpur,2023,23,2024-01-24,2024-01-29,0.055201703379771996,0.3032605338208481,0.15352380982093175,0.09043089940505,0,,insufficient_data
Uttar_Pradesh,Shahjahanpur,2023,24,2024-01-29,2024-02-03,0.051315739462251,0.2898074245760015,0.1489383083718735,0.0864987190789061,1,0.89,valid
Uttar_Pradesh,Shahjahanpur,2023,25,2024-02-03,2024-02-08,0.059087667297293,0.3167136430656947,0.15810931126999,0.0943630797311939,2,24.89,valid
Uttar_Pradesh,Shahjahanpur,2023,26,2024-02-08,2024-02-13,0.058403454112606536,0.3086463137269052,0.1557085340121089,0.09529217671167539,0,,insufficient_data
Uttar_Pradesh,Shahjahanpur,2023,27,2024-02-13,2024-02-18,0.0549702888689756,0.2961507684100857,0.1550599799413854,0.093237606879509,3,7.096666666666667,valid
Uttar_Pradesh,Shahjahanpur,2023,28,2024-02-18,2024-02-23,0.0720150066894962,0.323030057629001,0.1529650911916096,0.0993051897475681,1,13.62,valid
Uttar_Pradesh,Shahjahanpur,2023,29,2024-02-23,2024-02-28,0.0546285682450169,0.317529674953743,0.1634699792856861,0.1030562881211999,2,1.62,valid
Uttar_Pradesh,Shahjahanpur,2023,30,2024-02-28,2024-03-04,0.0568704118425241,0.3188264171369109,0.1552528657926066,0.0956099472285886,1,4.45,valid
Uttar_Pradesh,Shahjahanpur,2023,31,2024-03-04,2024-03-09,0.06311948521714694,0.31381358619001204,0.1634076961596306,0.1050735835150515,0,,insufficient_data
Uttar_Pradesh,Shahjahanpur,2023,32,2024-03-09,2024-03-14,0.0594231656435005,0.324035325117768,0.164119939259816,0.1051385472672481,4,3.0775,valid
Uttar_Pradesh,Shahjahanpur,2023,33,2024-03-14,2024-03-19,0.072660273665197,0.2856464561126373,0.1812306052684347,0.1222579452106528,2,0.53,valid
Uttar_Pradesh,Shahjahanpur,2023,34,2024-03-19,2024-03-24,0.0878189868645557,0.27266734746653565,0.19341244146108846,0.1350543601290744,0,,insufficient_data
Uttar_Pradesh,Shahjahanpur,2023,35,2024-03-24,2024-03-29,0.0833906672479082,0.2647042489022393,0.1806860482011544,0.123618716644117,4,7.5625,valid
Uttar_Pradesh,Shahjahanpur,2023,36,2024-03-29,2024-04-03,0.0973815190809336,0.2317039013446116,0.2134784257896014,0.1547986618075592,2,7.140000000000001,valid
Uttar_Pradesh,Shahjahanpur,2023,37,2024-04-03,2024-04-08,0.1262393086852392,0.2572468058554223,0.2275471887864359,0.1694579297157949,2,15.02,valid
Uttar_Pradesh,Shahjahanpur,2023,38,2024-04-08,2024-04-13,0.1353886938529581,0.2504042845048796,0.2693140786581153,0.201329338701246,4,4.1775,valid
Uttar_Pradesh,Shahjahanpur,2023,39,2024-04-13,2024-04-18,0.14083565357366895,0.2657267282766894,0.27314245809538207,0.2052179659439614,0,,insufficient_data
Uttar_Pradesh,Shahjahanpur,2023,40,2024-04-18,2024-04-23,0.1708519961624924,0.2951314980718979,0.3259118911699123,0.2455007233680292,4,0.3775,valid
Uttar_Pradesh,Shahjahanpur,2023,41,2024-04-23,2024-04-28,0.1743167500867214,0.2941471516066357,0.3294607060728454,0.2550031761271779,2,2.56,valid
Uttar_Pradesh,Shahjahanpur,2023,42,2024-04-28,2024-05-03,0.1725843731246069,0.2946393248392668,0.3276862986213789,0.25025194974760356,0,,insufficient_data
Uttar_Pradesh,Shahjahanpur,2024,0,2024-10-01,2024-10-06,0.0647256393309404,0.315985935467478,0.1841956054443863,0.1009511637717728,4,5.98,valid
Uttar_Pradesh,Shahjahanpur,2024,1,2024-10-06,2024-10-11,0.08047401367643436,0.28699708848190003,0.20590525331465567,0.12697387083290348,0,,insufficient_data
Uttar_Pradesh,Shahjahanpur,2024,2,2024-10-11,2024-10-16,0.0782404799525838,0.2868912834214159,0.2061086858693996,0.1286101709513988,4,5.319999999999999,valid
Uttar_Pradesh,Shahjahanpur,2024,3,2024-10-16,2024-10-21,0.0984559217457789,0.2581140465568063,0.2274114686301811,0.1513602777755389,4,2.4525,valid
Uttar_Pradesh,Shahjahanpur,2024,4,2024-10-21,2024-10-26,0.09611685667018727,0.24830080065148943,0.22389596001872566,0.15131131225501937,0,,insufficient_data
Uttar_Pradesh,Shahjahanpur,2024,5,2024-10-26,2024-10-31,0.1033715473606717,0.248072290179356,0.2398265345274437,0.1619738215913176,4,7.564999999999999,valid
Uttar_Pradesh,Shahjahanpur,2024,6,2024-10-31,2024-11-05,0.1102430608712288,0.2218802215013613,0.2247631459112862,0.1613098185099505,2,0.56,valid
Uttar_Pradesh,Shahjahanpur,2024,7,2024-11-05,2024-11-10,0.0902732734206731,0.2265461615985077,0.2213699651553177,0.1533024724468911,2,14.995,valid
Uttar_Pradesh,Shahjahanpur,2024,8,2024-11-10,2024-11-15,0.1282340146136142,0.2322312133801732,0.2345162596720346,0.1758760556546552,4,6.3525,valid
Uttar_Pradesh,Shahjahanpur,2024,9,2024-11-15,2024-11-20,0.10918474026232217,0.2223037617593929,0.22417712076229734,0.1670600297203897,0,,insufficient_data
Uttar_Pradesh,Shahjahanpur,2024,10,2024-11-20,2024-11-25,0.1158839579183296,0.2135330778706735,0.2196790825372898,0.172776519272071,3,0.26,valid
Uttar_Pradesh,Shahjahanpur,2024,11,2024-11-25,2024-11-30,0.1012893944877651,0.2173281344462488,0.2205571505355583,0.1720352827183806,3,0.32,valid
Uttar_Pradesh,Shahjahanpur,2024,12,2024-11-30,2024-12-05,0.09707263694281891,0.22222115534954262,0.20678432935330707,0.15720263791534114,0,,insufficient_data
Uttar_Pradesh,Shahjahanpur,2024,13,2024-12-05,2024-12-10,0.1001786980532541,0.2206848261115759,0.2142968380399199,0.1681215718278235,4,0.5900000000000001,valid
Uttar_Pradesh,Shahjahanpur,2024,14,2024-12-10,2024-12-15,0.0915336805876671,0.2237609930117913,0.1952602158393732,0.1461408783520393,2,0.74,valid
Uttar_Pradesh,Shahjahanpur,2024,15,2024-12-15,2024-12-20,0.0764774536670787,0.2357987453074236,0.1841283598143942,0.1269389374063914,2,0.785,valid
Uttar_Pradesh,Shahjahanpur,2024,16,2024-12-20,2024-12-25,0.0817979931667077,0.23975143886023,0.1770730316238991,0.1216095540953283,4,2.1725,valid
Uttar_Pradesh,Shahjahanpur,2024,17,2024-12-25,2024-12-30,0.0832697091404845,0.23310372572648164,0.18548720242588881,0.13156312328458633,0,,insufficient_data
Uttar_Pradesh,Shahjahanpur,2024,18,2024-12-30,2025-01-04,0.07913772341689321,0.2377750920838268,0.18060069571914666,0.12427424575085985,0,,insufficient_data
Uttar_Pradesh,Shahjahanpur,2024,19,2025-01-04,2025-01-09,0.0817979931667077,0.23975143886023,0.1770730316238991,0.1216095540953283,0,,insufficient_data
Uttar_Pradesh,Shahjahanpur,2024,20,2025-01-09,2025-01-14,0.0506086479676972,0.3098157974383857,0.1529250414771618,0.0900688342665368,0,,insufficient_data
Uttar_Pradesh,Shahjahanpur,2024,21,2025-01-14,2025-01-19,0.050648821112381795,0.3153442439322333,0.14933545050485594,0.0865656691856406,0,,insufficient_data
Uttar_Pradesh,Shahjahanpur,2024,22,2025-01-19,2025-01-24,0.050648821112381795,0.3153442439322333,0.14933545050485594,0.0865656691856406,0,,insufficient_data
Uttar_Pradesh,Shahjahanpur,2024,23,2025-01-24,2025-01-29,0.0506086479676972,0.3098157974383857,0.1529250414771618,0.0900688342665368,2,17.07,valid
Uttar_Pradesh,Shahjahanpur,2024,24,2025-01-29,2025-02-03,0.0506889942570664,0.3208726904260809,0.1457458595325501,0.0830625041047444,4,0.13,valid
Uttar_Pradesh,Shahjahanpur,2024,25,2025-02-03,2025-02-08,0.0518375153597179,0.3247421662569199,0.1507740221213528,0.0878999216777625,0,,insufficient_data
Uttar_Pradesh,Shahjahanpur,2024,26,2025-02-08,2025-02-13,0.0534955425055816,0.3348685797629215,0.1533123126771752,0.0895708577941678,4,2.1125,valid
Uttar_Pradesh,Shahjahanpur,2024,27,2025-02-13,2025-02-18,0.0525568767085264,0.3334115974002914,0.1511128747985241,0.088897490545601,4,0.92,valid
Uttar_Pradesh,Shahjahanpur,2024,28,2025-02-18,2025-02-23,0.05740937416447232,0.3300048035678162,0.15613727727259435,0.09556664781726978,0,,insufficient_data
Uttar_Pradesh,Shahjahanpur,2024,29,2025-02-23,2025-02-28,0.0527781181020137,0.3333785295340166,0.1488929760607678,0.0897984968323569,4,6.5925,valid
Uttar_Pradesh,Shahjahanpur,2024,30,2025-02-28,2025-03-05,0.0673695300588597,0.3257451596015038,0.1576859072725347,0.0991350730314619,2,3.65,valid
Uttar_Pradesh,Shahjahanpur,2024,31,2025-03-05,2025-03-10,0.0608468034473802,0.3226201515403478,0.16968231555397,0.1104313208827613,2,1.05,valid
Uttar_Pradesh,Shahjahanpur,2024,32,2025-03-10,2025-03-15,0.0621727947709814,0.2875996260894789,0.155435979852715,0.0992628027064734,3,5.726666666666667,valid
Uttar_Pradesh,Shahjahanpur,2024,33,2025-03-15,2025-03-20,0.07492552544967898,0.28417055412150866,0.17458971408478705,0.11662836833778101,0,,insufficient_data
Uttar_Pradesh,Shahjahanpur,2024,34,2025-03-20,2025-03-25,0.0767236150995147,0.2489247788665952,0.1756634810366419,0.1199013422231101,4,4.234999999999999,valid
Uttar_Pradesh,Shahjahanpur,2024,35,2025-03-25,2025-03-30,0.1075148838716589,0.2359630545096177,0.2144808867080737,0.1544113028450983,4,0.1699999999999999,valid
Uttar_Pradesh,Shahjahanpur,2024,36,2025-03-30,2025-04-04,0.12874160591920664,0.26255798263323693,0.2541443222093972,0.1845646029549704,0,,insufficient_data
Uttar_Pradesh,Shahjahanpur,2024,37,2025-04-04,2025-04-09,0.1406420294619048,0.2617604522217239,0.2719567979902734,0.2010625563646712,4,0.08,valid
Uttar_Pradesh,Shahjahanpur,2024,38,2025-04-09,2025-04-14,0.1581003081383898,0.2780315598777599,0.3002197823786256,0.2216974288423351,2,0.595,valid
Uttar_Pradesh,Shahjahanpur,2024,39,2025-04-14,2025-04-19,0.1607271930245651,0.288110067690488,0.3084006629333716,0.2257503844996372,2,8.25,valid
Uttar_Pradesh,Shahjahanpur,2024,40,2025-04-19,2025-04-24,0.168685202967616,0.2844293012548062,0.3154441502190145,0.2391257598207633,4,0.455,valid
Uttar_Pradesh,Shahjahanpur,2024,41,2025-04-24,2025-04-29,0.16514814762917698,0.28420733166784357,0.31242420984339425,0.23505347397441007,0,,insufficient_data
Uttar_Pradesh,Shahjahanpur,2024,42,2025-04-29,2025-05-04,0.173079886386137,0.2862583978483202,0.3256322438425654,0.2536403227349046,1,1.26,valid
Uttar_Pradesh,Shahjahanpur,2025,0,2025-10-01,2025-10-06,0.0984704892223248,0.2625147372987749,0.2352953748748945,0.1593416489924207,0,,insufficient_data
Uttar_Pradesh,Shahjahanpur,2025,1,2025-10-06,2025-10-11,0.096601637510874,0.2493075057986103,0.2307937131093638,0.1589740257174751,0,,insufficient_data
Uttar_Pradesh,Shahjahanpur,2025,2,2025-10-11,2025-10-16,0.0984704892223248,0.2625147372987749,0.2352953748748945,0.1593416489924207,4,0.8575,valid
Uttar_Pradesh,Shahjahanpur,2025,3,2025-10-16,2025-10-21,0.096601637510874,0.2493075057986103,0.2307937131093638,0.1589740257174751,0,,insufficient_data
Uttar_Pradesh,Shahjahanpur,2025,4,2025-10-21,2025-10-26,0.0947327857994232,0.2361002742984457,0.2262920513438331,0.1586064024425295,2,6.93,valid
Uttar_Pradesh,Shahjahanpur,2025,5,2025-10-26,2025-10-31,0.09866345724051635,0.23902445445673356,0.2291896259540677,0.16440653750597464,0,,insufficient_data
Uttar_Pradesh,Shahjahanpur,2025,6,2025-10-31,2025-11-05,0.10230454331498967,0.22306330843054625,0.22857337681976056,0.1751970301388507,0,,insufficient_data
Uttar_Pradesh,Shahjahanpur,2025,7,2025-11-05,2025-11-10,0.1027870966998011,0.21845835177298,0.2259814516434755,0.1752715610829737,4,2.7275,valid
Uttar_Pradesh,Shahjahanpur,2025,8,2025-11-10,2025-11-15,0.10949977553393174,0.2198114472438819,0.2275767077820369,0.18175225760045963,0,,insufficient_data
Uttar_Pradesh,Shahjahanpur,2025,9,2025-11-15,2025-11-20,0.1093937474457447,0.2146312992202131,0.2334466274719731,0.191713126891049,4,1.7225,valid
Uttar_Pradesh,Shahjahanpur,2025,10,2025-11-20,2025-11-25,0.1163184824562494,0.2263446907384526,0.2233020442306621,0.1782720848273561,3,0.65,valid
Uttar_Pradesh,Shahjahanpur,2025,11,2025-11-25,2025-11-30,0.09904928829760419,0.22480565264529698,0.20794423539996024,0.15976289902224589,0,,insufficient_data
Uttar_Pradesh,Shahjahanpur,2025,12,2025-11-30,2025-12-05,0.1013028692879695,0.2243804583166949,0.216321816864601,0.1699970609644959,4,0.6625,valid
Uttar_Pradesh,Shahjahanpur,2025,13,2025-12-05,2025-12-10,0.0928481438146273,0.22869086875043,0.1866623693973074,0.1343306875891723,2,3.255,valid
Uttar_Pradesh,Shahjahanpur,2025,14,2025-12-10,2025-12-15,0.07538319848343,0.2299809462006942,0.1799883190352574,0.1245015348391561,2,13.37,valid
Uttar_Pradesh,Shahjahanpur,2025,15,2025-12-15,2025-12-20,0.08984473719534226,0.227684091089273,0.19432416843238862,0.14294309446427475,0,,insufficient_data
Uttar_Pradesh,Shahjahanpur,2025,16,2025-12-20,2025-12-25,0.08411567114902865,0.2293359074755621,0.18332534421628238,0.1294161112141642,0,,insufficient_data
Uttar_Pradesh,Shahjahanpur,2025,17,2025-12-25,2025-12-30,0.0640817729269785,0.24742619702189625,0.16342441714103534,0.1061163721447585,0,,insufficient_data
Uttar_Pradesh,Shahjahanpur,2025,18,2025-12-30,2026-01-04,0.052780347370527,0.2648714478430983,0.1468605152468133,0.0877312094503609,0,,insufficient_data
Uttar_Pradesh,Shahjahanpur,2025,19,2026-01-04,2026-01-09,0.05246032501031455,0.2730680436654557,0.14982416586108538,0.0885423594109639,0,,insufficient_data
Uttar_Pradesh,Shahjahanpur,2025,20,2026-01-09,2026-01-14,0.052780347370527,0.2648714478430983,0.1468605152468133,0.0877312094503609,4,1.7624999999999995,valid
Uttar_Pradesh,Shahjahanpur,2025,21,2026-01-14,2026-01-19,0.05148826202607346,0.28450384629676434,0.14687285364549732,0.0861877504295614,0,,insufficient_data
Uttar_Pradesh,Shahjahanpur,2025,22,2026-01-19,2026-01-24,0.0521403026501021,0.281264639487813,0.1527878164753575,0.0893535093715669,2,3.185,valid
Uttar_Pradesh,Shahjahanpur,2025,23,2026-01-24,2026-01-29,0.0495441360575913,0.3073754515593817,0.1409702292143212,0.0814785324667564,2,3.38,valid
Uttar_Pradesh,Shahjahanpur,2025,24,2026-01-29,2026-02-03,0.07128147370147969,0.3346697524070173,0.17151591865604518,0.10731859552857953,0,,insufficient_data
Uttar_Pradesh,Shahjahanpur,2025,25,2026-02-03,2026-02-08,0.1340696184870959,0.4210797098430484,0.2460453894484698,0.1746280046909192,1,14.94,valid
Uttar_Pradesh,Shahjahanpur,2025,26,2026-02-08,2026-02-13,0.0493718376111295,0.3289592087378261,0.1462602394860323,0.0838143355850757,4,0.295,valid
Uttar_Pradesh,Shahjahanpur,2025,27,2026-02-13,2026-02-18,0.06864001755187624,0.34776903873466897,0.1674986112337638,0.10552271615319557,0,,insufficient_data
Uttar_Pradesh,Shahjahanpur,2025,28,2026-02-18,2026-02-23,0.047807116176648,0.3388829482691626,0.1453436005487933,0.0832440283317535,4,5.105,valid
Uttar_Pradesh,Shahjahanpur,2025,29,2026-02-23,2026-02-28,0.0562022355311657,0.3293325383271905,0.1443648931366123,0.0871743790984975,2,0.555,valid
Uttar_Pradesh,Shahjahanpur,2025,30,2026-02-28,2026-03-05,0.0557492799533421,0.3205907884961173,0.1554789335489113,0.098752833059732,1,3.3,valid
Uttar_Pradesh,Shahjahanpur,2025,31,2026-03-05,2026-03-10,0.0549450490984712,0.2828940922709486,0.1466526586500994,0.0895593779349841,4,0.6925,valid
Uttar_Pradesh,Shahjahanpur,2025,32,2026-03-10,2026-03-15,0.06587840270336845,0.2847392806487202,0.16348447229411872,0.10510122355646015,0,,insufficient_data
Uttar_Pradesh,Shahjahanpur,2025,33,2026-03-15,2026-03-20,0.0757612514412634,0.2612501008552955,0.1719573032190759,0.1111223668083788,1,12.18,valid
Uttar_Pradesh,Shahjahanpur,2025,34,2026-03-20,2026-03-25,0.0867341974925998,0.2296288832940495,0.1989685729158946,0.1388971608807084,2,4.08,valid
Uttar_Pradesh,Shahjahanpur,2025,35,2026-03-25,2026-03-30,0.0812477244669316,0.2454394920746725,0.18546293806748526,0.1250097638445436,0,,insufficient_data
Uttar_Pradesh,Shahjahanpur,2025,36,2026-03-30,2026-04-04,0.0812477244669316,0.2454394920746725,0.18546293806748526,0.1250097638445436,0,,insufficient_data
Uttar_Pradesh,Shahjahanpur,2025,37,2026-04-04,2026-04-09,0.0867341974925998,0.2296288832940495,0.1989685729158946,0.1388971608807084,0,,insufficient_data
Uttar_Pradesh,Shahjahanpur,2025,38,2026-04-09,2026-04-14,,,,,0,,insufficient_data
Uttar_Pradesh,Shahjahanpur,2025,39,2026-04-14,2026-04-19,,,,,0,,insufficient_data
Uttar_Pradesh,Shahjahanpur,2025,40,2026-04-19,2026-04-24,,,,,0,,insufficient_data
Uttar_Pradesh,Shahjahanpur,2025,41,2026-04-24,2026-04-29,,,,,0,,insufficient_data
Uttar_Pradesh,Shahjahanpur,2025,42,2026-04-29,2026-05-04,,,,,0,,insufficient_data
