state,district,year,time_step,start_date,end_date,Red,NIR,SWIR1,SWIR2,image_count,mean_cloud_cover,quality_flag
Uttar_Pradesh,Fatehpur,2010,0,2010-10-01,2010-10-06,0.1145268331537024,0.3106622115070953,0.256832511902078,0.166666931579438,0,,insufficient_data
Uttar_Pradesh,Fatehpur,2010,1,2010-10-06,2010-10-11,0.1145268331537024,0.3106622115070953,0.256832511902078,0.166666931579438,1,9.0,valid
Uttar_Pradesh,Fatehpur,2010,2,2010-10-11,2010-10-16,0.12366929024288147,0.28966341939136325,0.2559457701168518,0.17089914720446678,0,,insufficient_data
Uttar_Pradesh,Fatehpur,2010,3,2010-10-16,2010-10-21,0.12366929024288147,0.28966341939136325,0.2559457701168518,0.17089914720446678,0,,insufficient_data
Uttar_Pradesh,Fatehpur,2010,4,2010-10-21,2010-10-26,0.1287705660615606,0.2878036854326827,0.2482647381070409,0.1604423099576056,1,4.0,valid
Uttar_Pradesh,Fatehpur,2010,5,2010-10-26,2010-10-31,0.1277104715133814,0.2705243612343118,0.2627400603414366,0.1855882000763568,1,0.0,valid
Uttar_Pradesh,Fatehpur,2010,6,2010-10-31,2010-11-05,0.13117296473554926,0.2686005718786633,0.25828894230697624,0.17709594371396065,0,,insufficient_data
Uttar_Pradesh,Fatehpur,2010,7,2010-11-05,2010-11-10,0.13117296473554926,0.2686005718786633,0.25828894230697624,0.17709594371396065,0,,insufficient_data
Uttar_Pradesh,Fatehpur,2010,8,2010-11-10,2010-11-15,0.1323741640725436,0.25899901510165363,0.2633010444069439,0.18542276059213814,0,,insufficient_data
Uttar_Pradesh,Fatehpur,2010,9,2010-11-15,2010-11-20,0.1370378566317058,0.2474736689689955,0.2638620284724512,0.1852573211079195,1,4.0,valid
Uttar_Pradesh,Fatehpur,2010,10,2010-11-20,2010-11-25,0.1370378566317058,0.2474736689689955,0.2638620284724512,0.1852573211079195,0,,insufficient_data
Uttar_Pradesh,Fatehpur,2010,11,2010-11-25,2010-11-30,0.1378084870955116,0.2596871081455014,0.26823099229284736,0.1882502930311104,0,,insufficient_data
Uttar_Pradesh,Fatehpur,2010,12,2010-11-30,2010-12-05,0.1353314162114228,0.25657464156865556,0.26105367185156536,0.18495030769242513,0,,insufficient_data
Uttar_Pradesh,Fatehpur,2010,13,2010-12-05,2010-12-10,0.1344781960012813,0.2611251278684855,0.25964949354112243,0.1847968009846779,0,,insufficient_data
Uttar_Pradesh,Fatehpur,2010,14,2010-12-10,2010-12-15,0.1385791175593174,0.2719005473220073,0.2725999561132435,0.1912432649543013,1,3.0,valid
Uttar_Pradesh,Fatehpur,2010,15,2010-12-15,2010-12-20,0.1303772744432452,0.2503497084149638,0.2466990309690014,0.1783503370150545,2,0.5,valid
Uttar_Pradesh,Fatehpur,2010,16,2010-12-20,2010-12-25,0.1350532775940598,0.26249819343213177,0.2578151298320324,0.18293700646639197,0,,insufficient_data
Uttar_Pradesh,Fatehpur,2010,17,2010-12-25,2010-12-30,0.1362034407796168,0.2652443245594242,0.2541464024138525,0.1792174174298201,1,0.0,valid
Uttar_Pradesh,Fatehpur,2010,18,2010-12-30,2011-01-04,0.12064601181812179,0.25933028005201514,0.23542922232863836,0.1626938511749405,0,,insufficient_data
Uttar_Pradesh,Fatehpur,2010,19,2011-01-04,2011-01-09,0.1147671408736976,0.26983347723403667,0.2256297654711742,0.15293371399752612,0,,insufficient_data
Uttar_Pradesh,Fatehpur,2010,20,2011-01-09,2011-01-14,0.1115956665048682,0.27679905910228797,0.22408123879791272,0.14912718471690686,0,,insufficient_data
Uttar_Pradesh,Fatehpur,2010,21,2011-01-14,2011-01-19,0.0953573202315034,0.2623968071816575,0.2054422336030612,0.1305137990799469,1,0.0,valid
Uttar_Pradesh,Fatehpur,2010,22,2011-01-19,2011-01-24,0.1127406616099726,0.2818592999610284,0.2173006603966089,0.1490699254828114,1,0.0,valid
Uttar_Pradesh,Fatehpur,2010,23,2011-01-24,2011-01-29,0.10208124339838,0.2976958047070419,0.2194356587781283,0.1377075968750491,1,0.0,valid
Uttar_Pradesh,Fatehpur,2010,24,2011-01-29,2011-02-03,0.10041146399517353,0.29238207539846417,0.20692652089703714,0.1314859450663482,0,,insufficient_data
Uttar_Pradesh,Fatehpur,2010,25,2011-02-03,2011-02-08,0.1071368877439603,0.2935193399287916,0.1932090648126106,0.1172883960769642,2,1.5,valid
Uttar_Pradesh,Fatehpur,2010,26,2011-02-08,2011-02-13,0.0847412069920514,0.3264391252138014,0.1992449868947768,0.1228500078169695,2,1.5,valid
Uttar_Pradesh,Fatehpur,2010,27,2011-02-13,2011-02-18,0.09006617622374533,0.316631740340467,0.19648835568229486,0.12136685607540085,0,,insufficient_data
Uttar_Pradesh,Fatehpur,2010,28,2011-02-18,2011-02-23,0.0820984941519703,0.3140704759949744,0.1853335930832615,0.109416489541198,1,0.0,valid
Uttar_Pradesh,Fatehpur,2010,29,2011-02-23,2011-02-28,0.08462559921132062,0.32079509693442265,0.19708876359950964,0.12423228822759673,0,,insufficient_data
Uttar_Pradesh,Fatehpur,2010,30,2011-02-28,2011-03-05,0.0862881160069993,0.3324980202243006,0.2081657779385305,0.1359125308664717,1,5.0,valid
Uttar_Pradesh,Fatehpur,2010,31,2011-03-05,2011-03-10,0.0853745796942615,0.3101727663046142,0.1956106964814698,0.1287501246857477,2,0.0,valid
Uttar_Pradesh,Fatehpur,2010,32,2011-03-10,2011-03-15,0.09829035293323407,0.299508637066096,0.21096406849428678,0.14369366003011513,0,,insufficient_data
Uttar_Pradesh,Fatehpur,2010,33,2011-03-15,2011-03-20,0.0946011949728423,0.282922969132676,0.1969957352114481,0.1336321236519204,1,0.0,valid
Uttar_Pradesh,Fatehpur,2010,34,2011-03-20,2011-03-25,0.1268975210588332,0.2724407926027931,0.2430840643456987,0.1764798609163207,1,18.0,valid
Uttar_Pradesh,Fatehpur,2010,35,2011-03-25,2011-03-30,0.13573311810926408,0.2656847248144652,0.24744971720891962,0.18080639246152735,0,,insufficient_data
Uttar_Pradesh,Fatehpur,2010,36,2011-03-30,2011-04-04,0.1567188377318346,0.2611776069446106,0.2716137439318558,0.2035534745292136,1,0.0,valid
Uttar_Pradesh,Fatehpur,2010,37,2011-04-04,2011-04-09,0.1647149186735462,0.246197530577781,0.2781053253466759,0.2095601107486548,1,7.0,valid
Uttar_Pradesh,Fatehpur,2010,38,2011-04-09,2011-04-14,0.17414454850168945,0.26446758024527445,0.29810148899655603,0.22815474961147894,0,,insufficient_data
Uttar_Pradesh,Fatehpur,2010,39,2011-04-14,2011-04-19,0.2009998890996875,0.2860276032134316,0.3445853977111364,0.2713506635565684,1,0.0,valid
Uttar_Pradesh,Fatehpur,2010,40,2011-04-19,2011-04-24,0.18285740388661686,0.2661125668956063,0.31134536152890613,0.2404553871526116,0,,insufficient_data
Uttar_Pradesh,Fatehpur,2010,41,2011-04-24,2011-04-29,0.2009998890996875,0.2860276032134316,0.3445853977111364,0.2713506635565684,0,,insufficient_data
Uttar_Pradesh,Fatehpur,2010,42,2011-04-29,2011-05-04,0.2009998890996875,0.2860276032134316,0.3445853977111364,0.2713506635565684,0,,insufficient_data
Uttar_Pradesh,Fatehpur,2011,0,2011-10-01,2011-10-06,0.098333633722651,0.303983073120634,0.2217949273047147,0.1447971193801743,2,0.0,valid
Uttar_Pradesh,Fatehpur,2011,1,2011-10-06,2011-10-11,0.1111138190707503,0.2993431692684676,0.2350313947904178,0.1592471667635913,1,0.0,valid
Uttar_Pradesh,Fatehpur,2011,2,2011-10-11,2011-10-16,0.12410358527927383,0.29230477778475994,0.24294937256755283,0.17179058201071223,0,,insufficient_data
Uttar_Pradesh,Fatehpur,2011,3,2011-10-16,2011-10-21,0.1247063712705991,0.2963326001592116,0.2553063659356697,0.1873048770396355,1,2.0,valid
Uttar_Pradesh,Fatehpur,2011,4,2011-10-21,2011-10-26,0.1398756952049253,0.2785758896133757,0.249480009725275,0.1805608907442991,1,11.0,valid
Uttar_Pradesh,Fatehpur,2011,5,2011-10-26,2011-10-31,0.1464884071274435,0.2832891567621109,0.2531341650816869,0.1870428561258609,1,0.0,valid
Uttar_Pradesh,Fatehpur,2011,6,2011-10-31,2011-11-05,0.1370234912009893,0.28606588217823276,0.2526401802475439,0.18496954130326518,0,,insufficient_data
Uttar_Pradesh,Fatehpur,2011,7,2011-11-05,2011-11-10,0.14318205116618438,0.2809325231877433,0.25130708740348096,0.18380187343508,0,,insufficient_data
Uttar_Pradesh,Fatehpur,2011,8,2011-11-10,2011-11-15,0.13834670219741158,0.26320150156919275,0.2460044188058963,0.1823293134052348,0,,insufficient_data
Uttar_Pradesh,Fatehpur,2011,9,2011-11-15,2011-11-20,0.1302049972673797,0.2431138463762746,0.2388746725301057,0.1776157706846087,0,,insufficient_data
Uttar_Pradesh,Fatehpur,2011,10,2011-11-20,2011-11-25,0.12833202825624895,0.24476565903734926,0.2399702973761966,0.1776616752436832,0,,insufficient_data
Uttar_Pradesh,Fatehpur,2011,11,2011-11-25,2011-11-30,0.1302049972673797,0.2431138463762746,0.2388746725301057,0.1776157706846087,1,1.0,valid
Uttar_Pradesh,Fatehpur,2011,12,2011-11-30,2011-12-05,0.12957310564799826,0.24440381657773044,0.23562782774767574,0.17398242627249663,0,,insufficient_data
Uttar_Pradesh,Fatehpur,2011,13,2011-12-05,2011-12-10,0.1264590592451182,0.2464174716984239,0.2410659222222875,0.1777075798027577,1,1.0,valid
Uttar_Pradesh,Fatehpur,2011,14,2011-12-10,2011-12-15,0.1320552604314969,0.2436801316584928,0.226942888490634,0.1666239283301235,1,6.0,valid
Uttar_Pradesh,Fatehpur,2011,15,2011-12-15,2011-12-20,0.12583543469627392,0.2441860852403305,0.22656426109632635,0.16627372313419572,0,,insufficient_data
Uttar_Pradesh,Fatehpur,2011,16,2011-12-20,2011-12-25,0.12583543469627392,0.2441860852403305,0.22656426109632635,0.16627372313419572,0,,insufficient_data
Uttar_Pradesh,Fatehpur,2011,17,2011-12-25,2011-12-30,0.1189919844122067,0.2424606523640748,0.2116839725760576,0.154489661269706,1,0.0,valid
Uttar_Pradesh,Fatehpur,2011,18,2011-12-30,2012-01-04,0.10027602354569454,0.2515260320282835,0.19826526365255734,0.1349305805438779,0,,insufficient_data
Uttar_Pradesh,Fatehpur,2011,19,2012-01-04,2012-01-09,0.09581961859094369,0.2705665035793987,0.20257883658427067,0.13618192814595956,0,,insufficient_data
Uttar_Pradesh,Fatehpur,2011,20,2012-01-09,2012-01-14,0.0815600626791824,0.2605914116924922,0.1848465547290571,0.1153714998180498,1,0.0,valid
Uttar_Pradesh,Fatehpur,2011,21,2012-01-14,2012-01-19,0.08782564987016722,0.292629792182338,0.19802476956388482,0.12640845283793534,0,,insufficient_data
Uttar_Pradesh,Fatehpur,2011,22,2012-01-19,2012-01-24,0.086906808681442,0.3086474466816292,0.2112059824476974,0.1386846233501229,1,0.0,valid
Uttar_Pradesh,Fatehpur,2011,23,2012-01-24,2012-01-29,0.09882915092891487,0.2991274489732,0.199473297590198,0.126421248922109,0,,insufficient_data
Uttar_Pradesh,Fatehpur,2011,24,2012-01-29,2012-02-03,0.0950100782498773,0.3086505181728925,0.1980217715148999,0.1251692353456333,1,0.0,valid
Uttar_Pradesh,Fatehpur,2011,25,2012-02-03,2012-02-08,0.1318396541051578,0.318620419345786,0.2038188816691375,0.12645963717463,1,2.0,valid
Uttar_Pradesh,Fatehpur,2011,26,2012-02-08,2012-02-13,0.10271267947195199,0.31999562705452456,0.2008944095692402,0.12563621879420356,0,,insufficient_data
Uttar_Pradesh,Fatehpur,2011,27,2012-02-13,2012-02-18,0.09499448032583366,0.32045595144855316,0.19680250126509133,0.12297299292195282,0,,insufficient_data
Uttar_Pradesh,Fatehpur,2011,28,2012-02-18,2012-02-23,0.09498928101781912,0.3243910958737734,0.19639607784848848,0.12224091211405934,0,,insufficient_data
Uttar_Pradesh,Fatehpur,2011,29,2012-02-23,2012-02-28,0.0812883060608209,0.3327159436448952,0.2008425755236832,0.1252797838623474,1,0.0,valid
Uttar_Pradesh,Fatehpur,2011,30,2012-02-28,2012-03-04,0.0718398828874787,0.321836924630639,0.1845267763526447,0.1149833153052006,1,0.0,valid
Uttar_Pradesh,Fatehpur,2011,31,2012-03-04,2012-03-09,0.08799766775195886,0.31517057647097885,0.19916957241526148,0.1289357846961131,0,,insufficient_data
Uttar_Pradesh,Fatehpur,2011,32,2012-03-09,2012-03-14,0.1027101619630357,0.3270139192120467,0.2149497639476799,0.1447906516686165,1,0.0,valid
Uttar_Pradesh,Fatehpur,2011,33,2012-03-14,2012-03-19,0.0961523200965001,0.2791155183963345,0.1963591738370382,0.1306893879482879,1,0.0,valid
Uttar_Pradesh,Fatehpur,2011,34,2012-03-19,2012-03-24,0.11835065552578192,0.28134472739476024,0.22572461645384165,0.1593359003146895,0,,insufficient_data
Uttar_Pradesh,Fatehpur,2011,35,2012-03-24,2012-03-29,0.1444089716794284,0.2846306110173521,0.2506255935901454,0.1837608698778097,1,0.0,valid
Uttar_Pradesh,Fatehpur,2011,36,2012-03-29,2012-04-03,0.1301311683641635,0.2346188609533077,0.2409639344405031,0.1781026917640439,1,0.0,valid
Uttar_Pradesh,Fatehpur,2011,37,2012-04-03,2012-04-08,0.15677492146728494,0.2626372417393483,0.2748458765873178,0.2070525045979758,0,,insufficient_data
Uttar_Pradesh,Fatehpur,2011,38,2012-04-08,2012-04-13,0.1812400731715337,0.2757294430621407,0.3060008004347171,0.2324918336911355,1,5.0,valid
Uttar_Pradesh,Fatehpur,2011,39,2012-04-13,2012-04-18,0.17231652516487705,0.26595395186379506,0.3019360259186895,0.23465735916583805,0,,insufficient_data
Uttar_Pradesh,Fatehpur,2011,40,2012-04-18,2012-04-23,0.1713194726540142,0.2555700519245928,0.3017931778839056,0.2338546230589141,1,0.0,valid
Uttar_Pradesh,Fatehpur,2011,41,2012-04-23,2012-04-28,0.2065753864697968,0.297897451515139,0.3589861909156321,0.2941802881492587,1,0.0,valid
Uttar_Pradesh,Fatehpur,2011,42,2012-04-28,2012-05-03,0.18894742956190552,0.2767337517198659,0.33038968439976885,0.2640174556040864,0,,insufficient_data
Uttar_Pradesh,Fatehpur,2012,0,2012-10-01,2012-10-06,0.115206489991998,0.29328060295168024,0.2454591631032947,0.17162277875694734,0,,insufficient_data
Uttar_Pradesh,Fatehpur,2012,1,2012-10-06,2012-10-11,0.115206489991998,0.29328060295168024,0.2454591631032947,0.17162277875694734,0,,insufficient_data
Uttar_Pradesh,Fatehpur,2012,2,2012-10-11,2012-10-16,0.1028224135315562,0.2914285339420855,0.2317198340629084,0.155958613007781,1,3.0,valid
Uttar_Pradesh,Fatehpur,2012,3,2012-10-16,2012-10-21,0.1275905664524398,0.2951326719612749,0.259198492143681,0.1872869445061137,1,0.0,valid
Uttar_Pradesh,Fatehpur,2012,4,2012-10-21,2012-10-26,0.12490649052616552,0.2863476162308371,0.25376727099145513,0.1828405597387395,0,,insufficient_data
Uttar_Pradesh,Fatehpur,2012,5,2012-10-26,2012-10-31,0.1320820426003532,0.280683111279651,0.2520647122878137,0.1815031227202187,1,3.0,valid
Uttar_Pradesh,Fatehpur,2012,6,2012-10-31,2012-11-05,0.13251072939681727,0.27578586856533593,0.2573202455073337,0.18913650806813687,0,,insufficient_data
Uttar_Pradesh,Fatehpur,2012,7,2012-11-05,2012-11-10,0.1371309395203129,0.2781461477403368,0.2720860454714175,0.2066135587208446,1,2.0,valid
Uttar_Pradesh,Fatehpur,2012,8,2012-11-10,2012-11-15,0.1332393690141632,0.2491815432800811,0.2459317321264225,0.1811424063253705,1,0.0,valid
Uttar_Pradesh,Fatehpur,2012,9,2012-11-15,2012-11-20,0.13534305386442894,0.2586559968329201,0.25278065352747986,0.18912414095754587,0,,insufficient_data
Uttar_Pradesh,Fatehpur,2012,10,2012-11-20,2012-11-25,0.1407288515778154,0.2645096621913335,0.2552606547028196,0.1900641354950126,1,0.0,valid
Uttar_Pradesh,Fatehpur,2012,11,2012-11-25,2012-11-30,0.1302730553454243,0.2427866341199292,0.2378441818092598,0.1786764632889557,1,1.0,valid
Uttar_Pradesh,Fatehpur,2012,12,2012-11-30,2012-12-05,0.14058504003990013,0.2564748160095523,0.2463234891488363,0.18514490082162174,0,,insufficient_data
Uttar_Pradesh,Fatehpur,2012,13,2012-12-05,2012-12-10,0.1308186810247043,0.2604551902133399,0.2557623005931089,0.1979171528957495,1,1.0,valid
Uttar_Pradesh,Fatehpur,2012,14,2012-12-10,2012-12-15,0.1605195722116566,0.2581477775136065,0.236426819490157,0.1739218516067692,1,14.0,valid
Uttar_Pradesh,Fatehpur,2012,15,2012-12-15,2012-12-20,0.14566912661818043,0.2593014838634732,0.24609456004163294,0.18591950225125936,0,,insufficient_data
Uttar_Pradesh,Fatehpur,2012,16,2012-12-20,2012-12-25,0.14566912661818043,0.2593014838634732,0.24609456004163294,0.18591950225125936,0,,insufficient_data
Uttar_Pradesh,Fatehpur,2012,17,2012-12-25,2012-12-30,0.1605195722116566,0.2581477775136065,0.236426819490157,0.1739218516067692,0,,insufficient_data
Uttar_Pradesh,Fatehpur,2012,18,2012-12-30,2013-01-04,0.1450048974943974,0.2603288732617919,0.199906290961692,0.1311685103475815,0,,insufficient_data
Uttar_Pradesh,Fatehpur,2012,19,2013-01-04,2013-01-09,0.1450048974943974,0.2603288732617919,0.199906290961692,0.1311685103475815,0,,insufficient_data
Uttar_Pradesh,Fatehpur,2012,20,2013-01-09,2013-01-14,0.1450048974943974,0.2603288732617919,0.199906290961692,0.1311685103475815,0,,insufficient_data
Uttar_Pradesh,Fatehpur,2012,21,2013-01-14,2013-01-19,0.1450048974943974,0.2603288732617919,0.199906290961692,0.1311685103475815,1,12.0,valid
Uttar_Pradesh,Fatehpur,2012,22,2013-01-19,2013-01-24,0.1450048974943974,0.2603288732617919,0.199906290961692,0.1311685103475815,0,,insufficient_data
Uttar_Pradesh,Fatehpur,2012,23,2013-01-24,2013-01-29,0.11114378082304155,0.2934543277021133,0.19786623466107323,0.12560047641532207,0,,insufficient_data
Uttar_Pradesh,Fatehpur,2012,24,2013-01-29,2013-02-03,0.11114378082304155,0.2934543277021133,0.19786623466107323,0.12560047641532207,0,,insufficient_data
Uttar_Pradesh,Fatehpur,2012,25,2013-02-03,2013-02-08,0.0772826641516857,0.3265797821424347,0.1958261783604545,0.1200324424830626,0,,insufficient_data
Uttar_Pradesh,Fatehpur,2012,26,2013-02-08,2013-02-13,0.0772826641516857,0.3265797821424347,0.1958261783604545,0.1200324424830626,1,0.0,valid
Uttar_Pradesh,Fatehpur,2012,27,2013-02-13,2013-02-18,0.06707858392945987,0.32444982284876883,0.18040496643244486,0.10528255594883706,0,,insufficient_data
Uttar_Pradesh,Fatehpur,2012,28,2013-02-18,2013-02-23,0.06707858392945987,0.32444982284876883,0.18040496643244486,0.10528255594883706,0,,insufficient_data
Uttar_Pradesh,Fatehpur,2012,29,2013-02-23,2013-02-28,0.0594195261450278,0.3219334856166136,0.1646512836692875,0.0876075477795387,1,0.0,valid
Uttar_Pradesh,Fatehpur,2012,30,2013-02-28,2013-03-05,0.0645335614916661,0.3248362007872581,0.1807374372675926,0.1082076775839099,1,0.0,valid
Uttar_Pradesh,Fatehpur,2012,31,2013-03-05,2013-03-10,0.07498279811756216,0.30867516146093316,0.1875408244713913,0.11491235860224483,0,,insufficient_data
Uttar_Pradesh,Fatehpur,2012,32,2013-03-10,2013-03-15,0.0891253594927467,0.3125773363069426,0.2070951178176083,0.1344413478953696,1,0.0,valid
Uttar_Pradesh,Fatehpur,2012,33,2013-03-15,2013-03-20,0.08017055544174027,0.30425572007570634,0.1951706714054259,0.12401396220981353,0,,insufficient_data
Uttar_Pradesh,Fatehpur,2012,34,2013-03-20,2013-03-25,0.086852745340808,0.2753536231329184,0.1976794591310769,0.1293928611501611,1,3.0,valid
Uttar_Pradesh,Fatehpur,2012,35,2013-03-25,2013-03-30,0.098882659588925,0.27074716383952163,0.21656636981901134,0.1488328953075199,0,,insufficient_data
Uttar_Pradesh,Fatehpur,2012,36,2013-03-30,2013-04-04,0.12578167116204067,0.25317093533380536,0.2505976201082039,0.18307135145817077,0,,insufficient_data
Uttar_Pradesh,Fatehpur,2012,37,2013-04-04,2013-04-09,0.1206698739332203,0.224310532078704,0.2449245325083488,0.182664476877029,1,0.0,valid
Uttar_Pradesh,Fatehpur,2012,38,2013-04-09,2013-04-14,0.145246134072657,0.24207959143424884,0.27705670059676746,0.2099105966121756,0,,insufficient_data
Uttar_Pradesh,Fatehpur,2012,39,2013-04-14,2013-04-19,0.1698223942120937,0.2598486507897937,0.3091888686851861,0.2371567163473222,1,14.0,valid
Uttar_Pradesh,Fatehpur,2012,40,2013-04-19,2013-04-24,0.145246134072657,0.24207959143424884,0.27705670059676746,0.2099105966121756,0,,insufficient_data
Uttar_Pradesh,Fatehpur,2012,41,2013-04-24,2013-04-29,0.1698223942120937,0.2598486507897937,0.3091888686851861,0.2371567163473222,0,,insufficient_data
Uttar_Pradesh,Fatehpur,2012,42,2013-04-29,2013-05-04,0.1698223942120937,0.2598486507897937,0.3091888686851861,0.2371567163473222,0,,insufficient_data
Uttar_Pradesh,Fatehpur,2013,0,2013-10-01,2013-10-06,0.0862498822108415,0.2984555772266701,0.2162789467935491,0.1260445170882378,0,,insufficient_data
Uttar_Pradesh,Fatehpur,2013,1,2013-10-06,2013-10-11,0.09091626802925404,0.2941306012314189,0.21872416605440725,0.13647780666911785,0,,insufficient_data
Uttar_Pradesh,Fatehpur,2013,2,2013-10-11,2013-10-16,0.0862498822108415,0.2984555772266701,0.2162789467935491,0.1260445170882378,1,23.0,valid
Uttar_Pradesh,Fatehpur,2013,3,2013-10-16,2013-10-21,0.10484704730173747,0.2860826576154172,0.23105862830963403,0.1563849282134936,0,,insufficient_data
Uttar_Pradesh,Fatehpur,2013,4,2013-10-21,2013-10-26,0.0955826538476666,0.2898056252361676,0.2211693853152654,0.1469110962499979,2,4.01,valid
Uttar_Pradesh,Fatehpur,2013,5,2013-10-26,2013-10-31,0.1212232407539831,0.2746674092162889,0.2430732921302266,0.1740774871876684,1,1.0,valid
Uttar_Pradesh,Fatehpur,2013,6,2013-10-31,2013-11-05,0.1163324123944587,0.2814020187825422,0.2437128889994951,0.1785066123280702,2,0.34,valid
Uttar_Pradesh,Fatehpur,2013,7,2013-11-05,2013-11-10,0.1177388034788383,0.2648388930159683,0.2381017898010286,0.1769739546245278,1,5.94,valid
Uttar_Pradesh,Fatehpur,2013,8,2013-11-10,2013-11-15,0.1240689628903485,0.2673519135186918,0.2442268062024977,0.18079652414671268,0,,insufficient_data
Uttar_Pradesh,Fatehpur,2013,9,2013-11-15,2013-11-20,0.1202630983941379,0.26510863109275,0.2530172628658237,0.1961075364154467,2,6.9,valid
Uttar_Pradesh,Fatehpur,2013,10,2013-11-20,2013-11-25,0.1447872594303245,0.2507426154859098,0.2432287972159146,0.1783170301778502,1,0.0,valid
Uttar_Pradesh,Fatehpur,2013,11,2013-11-25,2013-11-30,0.12540645069615727,0.24917079737134404,0.2355998028872071,0.17800492795251782,0,,insufficient_data
Uttar_Pradesh,Fatehpur,2013,12,2013-11-30,2013-12-05,0.1136477613465388,0.2435701694916426,0.2321461415311981,0.1753950631288461,3,0.06,valid
Uttar_Pradesh,Fatehpur,2013,13,2013-12-05,2013-12-10,0.1157878191941029,0.2363792960977105,0.2124789551226,0.1619063861140569,1,0.02,valid
Uttar_Pradesh,Fatehpur,2013,14,2013-12-10,2013-12-15,0.1325463151156823,0.2500532746887075,0.237127857700499,0.178298623926389,1,0.0,valid
Uttar_Pradesh,Fatehpur,2013,15,2013-12-15,2013-12-20,0.1256576021347856,0.2512571037993418,0.221223845713285,0.1620955206204643,3,10.843333333333334,valid
Uttar_Pradesh,Fatehpur,2013,16,2013-12-20,2013-12-25,0.11699178467687102,0.24673643609027543,0.2089692520656771,0.15130601216754194,0,,insufficient_data
Uttar_Pradesh,Fatehpur,2013,17,2013-12-25,2013-12-30,0.0973204827934522,0.2497449913825435,0.1995811084639829,0.1430477010780896,2,14.795,valid
Uttar_Pradesh,Fatehpur,2013,18,2013-12-30,2014-01-04,0.113646704146332,0.2462475144830739,0.1744344933280185,0.1111818290987099,3,7.983333333333333,valid
Uttar_Pradesh,Fatehpur,2013,19,2014-01-04,2014-01-09,0.10548359346989211,0.2479962529328087,0.1870078008960007,0.12711476508839975,0,,insufficient_data
Uttar_Pradesh,Fatehpur,2013,20,2014-01-09,2014-01-14,0.10548359346989211,0.2479962529328087,0.1870078008960007,0.12711476508839975,0,,insufficient_data
Uttar_Pradesh,Fatehpur,2013,21,2014-01-14,2014-01-19,0.113646704146332,0.2462475144830739,0.1744344933280185,0.1111818290987099,0,,insufficient_data
Uttar_Pradesh,Fatehpur,2013,22,2014-01-19,2014-01-24,0.0630619325805166,0.2971755067267262,0.1684244339873845,0.0984063529524986,0,,insufficient_data
Uttar_Pradesh,Fatehpur,2013,23,2014-01-24,2014-01-29,0.06437693896629185,0.3127156339784022,0.17805306785259878,0.10615026048953591,0,,insufficient_data
Uttar_Pradesh,Fatehpur,2013,24,2014-01-29,2014-02-03,0.06437693896629185,0.3127156339784022,0.17805306785259878,0.10615026048953591,0,,insufficient_data
Uttar_Pradesh,Fatehpur,2013,25,2014-02-03,2014-02-08,0.0630619325805166,0.2971755067267262,0.1684244339873845,0.0984063529524986,3,12.39,valid
Uttar_Pradesh,Fatehpur,2013,26,2014-02-08,2014-02-13,0.0656919453520671,0.3282557612300781,0.1876817017178131,0.1138941680265732,2,14.99,valid
Uttar_Pradesh,Fatehpur,2013,27,2014-02-13,2014-02-18,0.06408978523225622,0.3147485338284826,0.17861139538970697,0.10674574116695763,0,,insufficient_data
Uttar_Pradesh,Fatehpur,2013,28,2014-02-18,2014-02-23,0.063515477764185,0.3188143335286434,0.1797280504639234,0.1079367025218011,3,1.28,valid
Uttar_Pradesh,Fatehpur,2013,29,2014-02-23,2014-02-28,0.0652808999200072,0.31709508978115997,0.1810466715078192,0.10868672504643755,0,,insufficient_data
Uttar_Pradesh,Fatehpur,2013,30,2014-02-28,2014-03-05,0.0668629347881388,0.3035772511171655,0.18034123704279104,0.11072263359622307,0,,insufficient_data
Uttar_Pradesh,Fatehpur,2013,31,2014-03-05,2014-03-10,0.0666352766437695,0.3042151745847583,0.1757302623417211,0.1042293045909383,3,0.0066666666666666,valid
Uttar_Pradesh,Fatehpur,2013,32,2014-03-10,2014-03-15,0.07669666797761428,0.28189707801849223,0.18726011687501934,0.11871160586927433,0,,insufficient_data
Uttar_Pradesh,Fatehpur,2013,33,2014-03-15,2014-03-20,0.0704380499564619,0.2877022452380949,0.1855653983227286,0.1200018936759298,2,0.0,valid
Uttar_Pradesh,Fatehpur,2013,34,2014-03-20,2014-03-25,0.0930166773326114,0.2537738142326235,0.2004846899606083,0.1319036193409549,2,4.625,valid
Uttar_Pradesh,Fatehpur,2013,35,2014-03-25,2014-03-30,0.10293351157418937,0.2643732877169467,0.22773563276547026,0.15938836951807298,0,,insufficient_data
Uttar_Pradesh,Fatehpur,2013,36,2014-03-30,2014-04-04,0.1037801400805627,0.2366355671605671,0.226822053203296,0.1604376196462963,2,1.14,valid
Uttar_Pradesh,Fatehpur,2013,37,2014-04-04,2014-04-09,0.12228041860947672,0.2580389809741211,0.2545014993927709,0.18460023751516014,0,,insufficient_data
Uttar_Pradesh,Fatehpur,2013,38,2014-04-09,2014-04-14,0.1444991789271215,0.2793815242365012,0.2980703895752482,0.2252103454091109,2,0.015,valid
Uttar_Pradesh,Fatehpur,2013,39,2014-04-14,2014-04-19,0.1478256780976113,0.2623650182667924,0.2926288648319312,0.2208493656642785,1,26.61,valid
Uttar_Pradesh,Fatehpur,2013,40,2014-04-19,2014-04-24,0.15863749904658267,0.28264429443768485,0.3152436964387222,0.2444318841156207,0,,insufficient_data
Uttar_Pradesh,Fatehpur,2013,41,2014-04-24,2014-04-29,0.1835876401150153,0.306186340809761,0.3550318349089871,0.2872359412734727,2,0.0,valid
Uttar_Pradesh,Fatehpur,2013,42,2014-04-29,2014-05-04,0.1657066591063133,0.2842756795382767,0.3238303498704591,0.2540426534688756,0,,insufficient_data
Uttar_Pradesh,Fatehpur,2014,0,2014-10-01,2014-10-06,0.1014209728764535,0.3315658287583904,0.2441288212867133,0.1582563080924727,2,7.040000000000001,valid
Uttar_Pradesh,Fatehpur,2014,1,2014-10-06,2014-10-11,0.105823466334816,0.3074932387014908,0.2448942261562833,0.1639860751531324,2,10.75,valid
Uttar_Pradesh,Fatehpur,2014,2,2014-10-11,2014-10-16,0.10808740173158785,0.2976424773174903,0.2347183724114222,0.15636899090541842,0,,insufficient_data
Uttar_Pradesh,Fatehpur,2014,3,2014-10-16,2014-10-21,0.1029183778675386,0.2866244953867746,0.2072712499023118,0.1266898224636511,3,10.71,valid
Uttar_Pradesh,Fatehpur,2014,4,2014-10-21,2014-10-26,0.0977949732936952,0.2664383948133142,0.2208917313385103,0.1568655410646712,1,21.57,valid
Uttar_Pradesh,Fatehpur,2014,5,2014-10-26,2014-10-31,0.1324792182854359,0.296090428927481,0.2564058333732924,0.1760472077531647,1,3.0,valid
Uttar_Pradesh,Fatehpur,2014,6,2014-10-31,2014-11-05,0.1372199475936254,0.2818920105891525,0.2609216127609173,0.2002183680672315,3,8.433333333333334,valid
Uttar_Pradesh,Fatehpur,2014,7,2014-11-05,2014-11-10,0.12375400385505868,0.268870399110773,0.2468007352981209,0.1821859906283089,0,,insufficient_data
Uttar_Pradesh,Fatehpur,2014,8,2014-11-10,2014-11-15,0.1258571427714359,0.2571898124493824,0.2495592226474672,0.1890505645326584,2,12.075,valid
Uttar_Pradesh,Fatehpur,2014,9,2014-11-15,2014-11-20,0.125418737331101,0.2427413487745349,0.2462252763704173,0.1887482717238187,3,1.2433333333333334,valid
Uttar_Pradesh,Fatehpur,2014,10,2014-11-20,2014-11-25,0.11955147654549785,0.24795262138135446,0.2416919140593075,0.18306126135192075,0,,insufficient_data
Uttar_Pradesh,Fatehpur,2014,11,2014-11-25,2014-11-30,0.1206711094349406,0.2430719896839451,0.2388439759284909,0.1836337030782975,2,3.04,valid
Uttar_Pradesh,Fatehpur,2014,12,2014-11-30,2014-12-05,0.1214621873942392,0.2416897117801593,0.2414492743781048,0.1846788966106308,1,1.0,valid
Uttar_Pradesh,Fatehpur,2014,13,2014-12-05,2014-12-10,0.1043482057957726,0.2550702442187505,0.2323818209720572,0.1691948708141984,1,7.08,valid
Uttar_Pradesh,Fatehpur,2014,14,2014-12-10,2014-12-15,0.1115541922367481,0.2426381788287838,0.2161381318099687,0.1621403569453377,1,0.26,valid
Uttar_Pradesh,Fatehpur,2014,15,2014-12-15,2014-12-20,0.11245486180891996,0.24646604494256455,0.22998974238671022,0.17200470812338897,0,,insufficient_data
Uttar_Pradesh,Fatehpur,2014,16,2014-12-20,2014-12-25,0.10001715953889467,0.25418128422814185,0.20735190876346196,0.14598488944674368,0,,insufficient_data
Uttar_Pradesh,Fatehpur,2014,17,2014-12-25,2014-12-30,0.0978516364104557,0.2537368042328375,0.19483695265916434,0.13437989876301631,0,,insufficient_data
Uttar_Pradesh,Fatehpur,2014,18,2014-12-30,2015-01-04,0.0841490805841633,0.2648354296368912,0.17353577350836,0.1066194405806949,0,,insufficient_data
Uttar_Pradesh,Fatehpur,2014,19,2015-01-04,2015-01-09,0.0841490805841633,0.2648354296368912,0.17353577350836,0.1066194405806949,3,3.16,valid
Uttar_Pradesh,Fatehpur,2014,20,2015-01-09,2015-01-14,0.0841490805841633,0.2648354296368912,0.17353577350836,0.1066194405806949,0,,insufficient_data
Uttar_Pradesh,Fatehpur,2014,21,2015-01-14,2015-01-19,0.07229264634488755,0.28686409224292325,0.16994944460178163,0.09889833227727146,0,,insufficient_data
Uttar_Pradesh,Fatehpur,2014,22,2015-01-19,2015-01-24,0.07053974163697227,0.29901941351217287,0.16979858883047702,0.09807445788732981,0,,insufficient_data
Uttar_Pradesh,Fatehpur,2014,23,2015-01-24,2015-01-29,0.06373507216337676,0.3161114054498137,0.16792999649153556,0.09380196654064725,0,,insufficient_data
Uttar_Pradesh,Fatehpur,2014,24,2015-01-29,2015-02-03,0.0604362121056118,0.3088927548489553,0.1663631156952033,0.091177223973848,1,3.0,valid
Uttar_Pradesh,Fatehpur,2014,25,2015-02-03,2015-02-08,0.0670339322211417,0.3233300560506721,0.1694968772878678,0.0964267091074465,2,7.955,valid
Uttar_Pradesh,Fatehpur,2014,26,2015-02-08,2015-02-13,0.0626022895765371,0.3176506168796778,0.16885095462421795,0.09781107220212829,0,,insufficient_data
Uttar_Pradesh,Fatehpur,2014,27,2015-02-13,2015-02-18,0.0607428293844708,0.3155052353353969,0.1653722643532358,0.0982814932170748,2,1.51,valid
Uttar_Pradesh,Fatehpur,2014,28,2015-02-18,2015-02-23,0.0630391624130981,0.323943620630139,0.1711118022143191,0.0989082566150688,1,0.0,valid
Uttar_Pradesh,Fatehpur,2014,29,2015-02-23,2015-02-28,0.0617593117583631,0.3165814175332257,0.1719107135704637,0.1042616780972033,2,1.3299999999999998,valid
Uttar_Pradesh,Fatehpur,2014,30,2015-02-28,2015-03-05,0.06563061904645309,0.29849304898384105,0.1749482174644339,0.10692227575495372,0,,insufficient_data
Uttar_Pradesh,Fatehpur,2014,31,2015-03-05,2015-03-10,0.06685256646194865,0.2942400023959521,0.17734220574223342,0.10908247138942345,0,,insufficient_data
Uttar_Pradesh,Fatehpur,2014,32,2015-03-10,2015-03-15,0.0696487121946598,0.2846490892316449,0.1845081307630677,0.1164604552806377,3,0.13,valid
Uttar_Pradesh,Fatehpur,2014,33,2015-03-15,2015-03-20,0.0729630794816736,0.2517858821887989,0.1818381764210832,0.116699495564784,2,0.515,valid
Uttar_Pradesh,Fatehpur,2014,34,2015-03-20,2015-03-25,0.0928316069016551,0.249575839944306,0.2118197273404348,0.1450154474542888,0,,insufficient_data
Uttar_Pradesh,Fatehpur,2014,35,2015-03-25,2015-03-30,0.1013635989683327,0.2187731897962597,0.221601298859121,0.1566777454525672,2,9.81,valid
Uttar_Pradesh,Fatehpur,2014,36,2015-03-30,2015-04-04,0.1273510369619543,0.2430951985605205,0.2593313033184673,0.1902240935191663,1,0.25,valid
Uttar_Pradesh,Fatehpur,2014,37,2015-04-04,2015-04-09,0.12742128215918036,0.23964211957093906,0.2623016792815091,0.19791429358601387,0,,insufficient_data
Uttar_Pradesh,Fatehpur,2014,38,2015-04-09,2015-04-14,0.13859976240360006,0.24628765694913213,0.279664587630602,0.2152674190673238,0,,insufficient_data
Uttar_Pradesh,Fatehpur,2014,39,2015-04-14,2015-04-19,0.1510118168820225,0.2554591460000895,0.29901901722109564,0.23479731027224263,0,,insufficient_data
Uttar_Pradesh,Fatehpur,2014,40,2015-04-19,2015-04-24,0.1535492105472541,0.2570579703560369,0.3059724356669389,0.246841041786308,2,1.0,valid
Uttar_Pradesh,Fatehpur,2014,41,2015-04-24,2015-04-29,0.1721352031368591,0.2662242690837113,0.3317533126778807,0.2673267955112536,2,5.53,valid
Uttar_Pradesh,Fatehpur,2014,42,2015-04-29,2015-05-04,0.16284220684205658,0.2616411197198741,0.31886287417240977,0.2570839186487808,0,,insufficient_data
Uttar_Pradesh,Fatehpur,2015,0,2015-10-01,2015-10-06,0.1236664562168821,0.2980073649958718,0.2656684749109483,0.1906159027643543,3,0.0,valid
Uttar_Pradesh,Fatehpur,2015,1,2015-10-06,2015-10-11,0.13486785106478155,0.29072976639083625,0.2705045425713153,0.19698318120947172,0,,insufficient_data
Uttar_Pradesh,Fatehpur,2015,2,2015-10-11,2015-10-16,0.132347423571594,0.2949786326651265,0.2669435970601812,0.193336328136625,2,3.57,valid
Uttar_Pradesh,Fatehpur,2015,3,2015-10-16,2015-10-21,0.1477902336118748,0.2784633617528763,0.2721073818231079,0.199998373085234,1,0.0,valid
Uttar_Pradesh,Fatehpur,2015,4,2015-10-21,2015-10-26,0.1356672908587753,0.2914697061494704,0.2772987164910236,0.2039821208516737,2,0.745,valid
Uttar_Pradesh,Fatehpur,2015,5,2015-10-26,2015-10-31,0.13797727926512302,0.27224353159995224,0.26802477686917014,0.20071958213733554,0,,insufficient_data
Uttar_Pradesh,Fatehpur,2015,6,2015-10-31,2015-11-05,0.13938474318850527,0.2665597563336587,0.26829507182141743,0.2025653956375132,0,,insufficient_data
Uttar_Pradesh,Fatehpur,2015,7,2015-11-05,2015-11-10,0.141257023642382,0.2513037018972012,0.268601487176617,0.2068604921929703,3,11.193333333333332,valid
Uttar_Pradesh,Fatehpur,2015,8,2015-11-10,2015-11-15,0.132824424640989,0.2450022555350869,0.255172701794921,0.1994205964201748,1,0.39,valid
Uttar_Pradesh,Fatehpur,2015,9,2015-11-15,2015-11-20,0.13574698106305194,0.2393097493122033,0.25116217464873236,0.19483301890529486,0,,insufficient_data
Uttar_Pradesh,Fatehpur,2015,10,2015-11-20,2015-11-25,0.1435930045194066,0.2361043593486535,0.260554899070441,0.2091199000992673,3,12.286666666666669,valid
Uttar_Pradesh,Fatehpur,2015,11,2015-11-25,2015-11-30,0.1253134714494302,0.2248286804678716,0.2203196105529503,0.1639310869087671,1,14.84,valid
Uttar_Pradesh,Fatehpur,2015,12,2015-11-30,2015-12-05,0.12830751086168252,0.23000831968373878,0.23933213347666327,0.18921236585381132,0,,insufficient_data
Uttar_Pradesh,Fatehpur,2015,13,2015-12-05,2015-12-10,0.1238151565002875,0.2188922399534586,0.2381338492141269,0.1931680721924603,1,6.77,valid
Uttar_Pradesh,Fatehpur,2015,14,2015-12-10,2015-12-15,0.1251404615402112,0.23209240253480448,0.23278497967047562,0.18320145188932896,0,,insufficient_data
Uttar_Pradesh,Fatehpur,2015,15,2015-12-15,2015-12-20,0.1205084109776058,0.2402079989649714,0.2383201750691348,0.1906304042147505,2,2.205,valid
Uttar_Pradesh,Fatehpur,2015,16,2015-12-20,2015-12-25,0.1309248072335213,0.2444406907529163,0.2343662838456905,0.1850762442413379,3,1.26,valid
Uttar_Pradesh,Fatehpur,2015,17,2015-12-25,2015-12-30,0.12051990223356451,0.252898615234773,0.22273879491053444,0.16888562813887767,0,,insufficient_data
Uttar_Pradesh,Fatehpur,2015,18,2015-12-30,2016-01-04,0.12051990223356451,0.252898615234773,0.22273879491053444,0.16888562813887767,0,,insufficient_data
Uttar_Pradesh,Fatehpur,2015,19,2016-01-04,2016-01-09,0.1370387878095061,0.2530191259687472,0.2098024421965496,0.1486087403959063,1,1.0,valid
Uttar_Pradesh,Fatehpur,2015,20,2016-01-09,2016-01-14,0.0936076029136249,0.2739266452524572,0.208466278530763,0.151227123703516,2,0.185,valid
Uttar_Pradesh,Fatehpur,2015,21,2016-01-14,2016-01-19,0.10222913408108512,0.28420356673274894,0.20244350493922825,0.13844821291345732,0,,insufficient_data
Uttar_Pradesh,Fatehpur,2015,22,2016-01-19,2016-01-24,0.10222913408108512,0.28420356673274894,0.20244350493922825,0.13844821291345732,0,,insufficient_data
Uttar_Pradesh,Fatehpur,2015,23,2016-01-24,2016-01-29,0.0802426342921983,0.2872540786421941,0.1878341081583389,0.1254356460242003,3,3.4933333333333336,valid
Uttar_Pradesh,Fatehpur,2015,24,2016-01-29,2016-02-03,0.0980275113090112,0.3226144170675971,0.2036711908712615,0.1285213415302067,1,2.0,valid
Uttar_Pradesh,Fatehpur,2015,25,2016-02-03,2016-02-08,0.08138758854719068,0.31201787516078144,0.18649716301091138,0.11855057578980477,0,,insufficient_data
Uttar_Pradesh,Fatehpur,2015,26,2016-02-08,2016-02-13,0.0855120886865889,0.327681610340241,0.1853214427963351,0.1161953253240737,3,9.26,valid
Uttar_Pradesh,Fatehpur,2015,27,2016-02-13,2016-02-18,0.0653646633940871,0.3048599923718255,0.1604646214961041,0.1003144686165386,1,2.2,valid
Uttar_Pradesh,Fatehpur,2015,28,2016-02-18,2016-02-23,0.0777910450540679,0.3176792773820494,0.1951944517325173,0.1222860974540045,1,2.0,valid
Uttar_Pradesh,Fatehpur,2015,29,2016-02-23,2016-02-28,0.0764576888192951,0.3197286072412859,0.1905184736895417,0.1233784020037914,1,0.0,valid
Uttar_Pradesh,Fatehpur,2015,30,2016-02-28,2016-03-04,0.07637007081774677,0.3097566895650059,0.1852590039741148,0.11935746739153867,0,,insufficient_data
Uttar_Pradesh,Fatehpur,2015,31,2016-03-04,2016-03-09,0.085866886003537,0.2967588812648629,0.1948584689782961,0.1314509014918202,2,14.295,valid
Uttar_Pradesh,Fatehpur,2015,32,2016-03-09,2016-03-14,0.10146811034635642,0.27363538396833026,0.21599586309162078,0.15195671612004918,0,,insufficient_data
Uttar_Pradesh,Fatehpur,2015,33,2016-03-14,2016-03-19,0.11685787571347078,0.2573920809531981,0.2375715715915596,0.17478088200298347,0,,insufficient_data
Uttar_Pradesh,Fatehpur,2015,34,2016-03-19,2016-03-24,0.1152845762924483,0.2566821839828627,0.2332893305777593,0.1728363904506275,2,0.025,valid
Uttar_Pradesh,Fatehpur,2015,35,2016-03-24,2016-03-29,0.1282632902701453,0.2213718633843095,0.245317179120886,0.1801611705339577,1,0.0,valid
Uttar_Pradesh,Fatehpur,2015,36,2016-03-29,2016-04-03,0.1380167502877525,0.2547553951807573,0.2768213076892969,0.2146750655355285,2,6.445,valid
Uttar_Pradesh,Fatehpur,2015,37,2016-04-03,2016-04-08,0.15112414162306,0.2569669772304394,0.2970873379578903,0.2332100310508751,1,0.0,valid
Uttar_Pradesh,Fatehpur,2015,38,2016-04-08,2016-04-13,0.16147972309607136,0.2634983622280934,0.3046135155327915,0.24288046415670572,0,,insufficient_data
Uttar_Pradesh,Fatehpur,2015,39,2016-04-13,2016-04-18,0.1889325217537139,0.2841796232640075,0.3472919609605285,0.2863747820716416,3,0.0033333333333333,valid
Uttar_Pradesh,Fatehpur,2015,40,2016-04-18,2016-04-23,0.2010619115456852,0.3002179520809536,0.3565497919353557,0.2999812715915257,2,2.36,valid
Uttar_Pradesh,Fatehpur,2015,41,2016-04-23,2016-04-28,0.20022549659980896,0.29520797065841453,0.3589007236525849,0.3020118907566654,0,,insufficient_data
Uttar_Pradesh,Fatehpur,2015,42,2016-04-28,2016-05-03,0.2106820565000278,0.3012263366302826,0.3728604180618705,0.319679618606829,1,1.0,valid
Uttar_Pradesh,Fatehpur,2016,0,2016-10-01,2016-10-06,0.09257344454163816,0.32431120765771887,0.22894834482108783,0.1436011664187698,0,,insufficient_data
Uttar_Pradesh,Fatehpur,2016,1,2016-10-06,2016-10-11,0.0844386016317635,0.3413916632437746,0.223733312887406,0.1277209882370645,1,16.97,valid
Uttar_Pradesh,Fatehpur,2016,2,2016-10-11,2016-10-16,0.1007082874515128,0.3072307520716631,0.2341633767547697,0.1594813446004751,2,0.0,valid
Uttar_Pradesh,Fatehpur,2016,3,2016-10-16,2016-10-21,0.11436095552682328,0.2953605873282411,0.2468922274271403,0.17396437042190568,0,,insufficient_data
Uttar_Pradesh,Fatehpur,2016,4,2016-10-21,2016-10-26,0.1247093818266631,0.2874520911439623,0.2578061813088723,0.1891892890208091,3,0.0533333333333333,valid
Uttar_Pradesh,Fatehpur,2016,5,2016-10-26,2016-10-31,0.1249773048880278,0.2665583074386511,0.2455417217680735,0.1858472817217346,1,0.22,valid
Uttar_Pradesh,Fatehpur,2016,6,2016-10-31,2016-11-05,0.1369712018361492,0.2741701227431544,0.27321654441658,0.2075829485294452,1,0.0,valid
Uttar_Pradesh,Fatehpur,2016,7,2016-11-05,2016-11-10,0.1604924976476698,0.2850313243792065,0.266739623619794,0.2015744972245264,2,15.965,valid
Uttar_Pradesh,Fatehpur,2016,8,2016-11-10,2016-11-15,0.13200631898167087,0.2642098925952142,0.251950895167408,0.18973424943314687,0,,insufficient_data
Uttar_Pradesh,Fatehpur,2016,9,2016-11-15,2016-11-20,0.1203411392219911,0.2497123117906612,0.2364566441666964,0.1747624922436894,2,2.145,valid
Uttar_Pradesh,Fatehpur,2016,10,2016-11-20,2016-11-25,0.1172494513145164,0.2455773966243979,0.2377999418658962,0.1789040274463387,3,4.233333333333333,valid
Uttar_Pradesh,Fatehpur,2016,11,2016-11-25,2016-11-30,0.11879529526825375,0.24764485420752955,0.2371282930162963,0.17683325984501405,0,,insufficient_data
Uttar_Pradesh,Fatehpur,2016,12,2016-11-30,2016-12-05,0.11137521057003896,0.24435406096910903,0.22499382952534386,0.16689493620520698,0,,insufficient_data
Uttar_Pradesh,Fatehpur,2016,13,2016-12-05,2016-12-10,0.1068922462440629,0.24167493555833294,0.2192624222046676,0.16296115818596574,0,,insufficient_data
Uttar_Pradesh,Fatehpur,2016,14,2016-12-10,2016-12-15,0.11162360347433059,0.2441753587446691,0.1986147540986104,0.13975084134246113,1,18.99,missing_bands
Uttar_Pradesh,Fatehpur,2016,15,2016-12-15,2016-12-20,0.0965350411736094,0.237772474492268,0.200724902543439,0.1470182889255928,2,4.32,valid
Uttar_Pradesh,Fatehpur,2016,16,2016-12-20,2016-12-25,0.11162360347433059,0.2441753587446691,0.1986147540986104,0.13975084134246113,0,,insufficient_data
Uttar_Pradesh,Fatehpur,2016,17,2016-12-25,2016-12-30,0.1267121657750518,0.2505782429970702,0.1965046056537818,0.1324833937593295,2,13.015,valid
Uttar_Pradesh,Fatehpur,2016,18,2016-12-30,2017-01-04,0.09956862172812327,0.2543044556852106,0.1901559006851878,0.1286476972989118,0,,insufficient_data
Uttar_Pradesh,Fatehpur,2016,19,2017-01-04,2017-01-09,0.11991183955718264,0.27714175860516915,0.18769828033011784,0.11842904707907491,0,,insufficient_data
Uttar_Pradesh,Fatehpur,2016,20,2017-01-09,2017-01-14,0.0754586582357086,0.2745626495662935,0.1732381938583426,0.1064414092118131,3,0.0066666666666666,valid
Uttar_Pradesh,Fatehpur,2016,21,2017-01-14,2017-01-19,0.1466811953048043,0.3270048721053614,0.21018506635191633,0.13478298521884496,0,,insufficient_data
Uttar_Pradesh,Fatehpur,2016,22,2017-01-19,2017-01-24,0.1575646946607875,0.3062843832521437,0.1933520414782292,0.1163623382660821,1,7.0,valid
Uttar_Pradesh,Fatehpur,2016,23,2017-01-24,2017-01-29,0.2070202330179168,0.4001675834976469,0.2639649637191772,0.1815452081786397,2,11.115,valid
Uttar_Pradesh,Fatehpur,2016,24,2017-01-29,2017-02-03,0.12394167040725533,0.34100692933309495,0.19864209701218338,0.1259579189236574,0,,insufficient_data
Uttar_Pradesh,Fatehpur,2016,25,2017-02-03,2017-02-08,0.0623387914932972,0.3244922550725682,0.1571084044017998,0.0961819173272162,1,6.68,valid
Uttar_Pradesh,Fatehpur,2016,26,2017-02-08,2017-02-13,0.0688429624570198,0.333083495510021,0.1801429784495273,0.1097422119226916,2,7.0600000000000005,valid
Uttar_Pradesh,Fatehpur,2016,27,2017-02-13,2017-02-18,0.07007599149994723,0.3224211639678818,0.17754834853566553,0.11223760918597639,0,,insufficient_data
Uttar_Pradesh,Fatehpur,2016,28,2017-02-18,2017-02-23,0.0664251725024381,0.309435199714994,0.1708095854480818,0.1070715597564448,2,0.32,valid
Uttar_Pradesh,Fatehpur,2016,29,2017-02-23,2017-02-28,0.0729578640813339,0.3167772933386751,0.1854326488345484,0.1185953585839674,1,0.0,valid
Uttar_Pradesh,Fatehpur,2016,30,2017-02-28,2017-03-05,0.0798151669656472,0.3283175762031506,0.1942481255443703,0.1295969983395619,2,0.01,valid
Uttar_Pradesh,Fatehpur,2016,31,2017-03-05,2017-03-10,0.0925271482498306,0.3105719530608997,0.1937542863904669,0.1335790176076196,2,12.695,valid
Uttar_Pradesh,Fatehpur,2016,32,2017-03-10,2017-03-15,0.09191912901079155,0.2994362615312592,0.20060507422480187,0.1380664551431395,0,,insufficient_data
Uttar_Pradesh,Fatehpur,2016,33,2017-03-15,2017-03-20,0.104358955760167,0.2904979358856462,0.2150200215613145,0.1536410659527153,2,0.2299999999999999,valid
Uttar_Pradesh,Fatehpur,2016,34,2017-03-20,2017-03-25,0.109936509996979,0.2510165491679244,0.2145702887933094,0.1549198352318334,2,0.0,valid
Uttar_Pradesh,Fatehpur,2016,35,2017-03-25,2017-03-30,0.14043945065605623,0.2691205092463206,0.26027680586685714,0.19510566579049493,0,,insufficient_data
Uttar_Pradesh,Fatehpur,2016,36,2017-03-30,2017-04-04,0.1387822699592207,0.2481314249055001,0.259416538046418,0.1933940351826537,3,0.0,valid
Uttar_Pradesh,Fatehpur,2016,37,2017-04-04,2017-04-09,0.1684296620116532,0.2749458405175994,0.2869567387211112,0.2172718739768603,1,0.03,valid
Uttar_Pradesh,Fatehpur,2016,38,2017-04-09,2017-04-14,0.1806898555522612,0.2810107957549326,0.3254204422121326,0.2563015186084119,1,0.0,valid
Uttar_Pradesh,Fatehpur,2016,39,2017-04-14,2017-04-19,0.1732937242831875,0.2708242612327318,0.3241879380537444,0.2582442506493781,3,0.05,valid
Uttar_Pradesh,Fatehpur,2016,40,2017-04-19,2017-04-24,0.17708130584143955,0.278927635610125,0.315673814095911,0.24764126247790158,0,,insufficient_data
Uttar_Pradesh,Fatehpur,2016,41,2017-04-24,2017-04-29,0.1859119815186563,0.2889296449352364,0.3261301373966556,0.2587474066769559,2,0.01,valid
Uttar_Pradesh,Fatehpur,2016,42,2017-04-29,2017-05-04,0.1796028529009219,0.2798769530839841,0.3251590377252,0.258495828663167,0,,insufficient_data
Uttar_Pradesh,Fatehpur,2017,0,2017-10-01,2017-10-06,0.0908797582733296,0.3284291721898423,0.2215140636896055,0.1407756623190191,2,10.325,valid
Uttar_Pradesh,Fatehpur,2017,1,2017-10-06,2017-10-11,0.1017677507087907,0.3136755872756563,0.2389342750331347,0.1582328277850841,3,12.083333333333334,valid
Uttar_Pradesh,Fatehpur,2017,2,2017-10-11,2017-10-16,0.115112095453093,0.2977394791512559,0.24428457965241765,0.1714480803388199,0,,insufficient_data
Uttar_Pradesh,Fatehpur,2017,3,2017-10-16,2017-10-21,0.1151647565283826,0.2868794149928231,0.2418369378304936,0.172702169419164,2,0.0,valid
Uttar_Pradesh,Fatehpur,2017,4,2017-10-21,2017-10-26,0.1397811389994529,0.2802434226010467,0.2627114653070851,0.194447621243712,1,0.0,valid
Uttar_Pradesh,Fatehpur,2017,5,2017-10-26,2017-10-31,0.1279670727555092,0.2794697986969113,0.2564261564017694,0.1910821209271202,2,0.14,valid
Uttar_Pradesh,Fatehpur,2017,6,2017-10-31,2017-11-05,0.1321672719561229,0.2594196814175719,0.2482492630329452,0.1825939172791479,2,8.615,valid
Uttar_Pradesh,Fatehpur,2017,7,2017-11-05,2017-11-10,0.12714496367769482,0.26214513362745434,0.24768846043921755,0.1835039605411133,0,,insufficient_data
Uttar_Pradesh,Fatehpur,2017,8,2017-11-10,2017-11-15,0.1218728486852343,0.2510645963209676,0.2367398492591913,0.1767461835993273,2,2.865,valid
Uttar_Pradesh,Fatehpur,2017,9,2017-11-15,2017-11-20,0.1139364859921548,0.2405281691007742,0.2343155681950968,0.1726499596562589,1,18.86,valid
Uttar_Pradesh,Fatehpur,2017,10,2017-11-20,2017-11-25,0.12732080225919593,0.24878595383314614,0.2387990396172739,0.18068774076537067,0,,insufficient_data
Uttar_Pradesh,Fatehpur,2017,11,2017-11-25,2017-11-30,0.1274455556825613,0.2524888662492101,0.243449649086938,0.1905894677682279,3,5.5633333333333335,valid
Uttar_Pradesh,Fatehpur,2017,12,2017-11-30,2017-12-05,0.12256153162908012,0.2508814524365498,0.23554702422051263,0.1770752762769509,0,,insufficient_data
Uttar_Pradesh,Fatehpur,2017,13,2017-12-05,2017-12-10,0.1460283186768333,0.2510621836616327,0.2406910919278694,0.1827653520376685,1,20.0,valid
Uttar_Pradesh,Fatehpur,2017,14,2017-12-10,2017-12-15,0.1028357661647711,0.2594465907345823,0.2237317876721463,0.1622963256456484,2,1.75,valid
Uttar_Pradesh,Fatehpur,2017,15,2017-12-15,2017-12-20,0.12437041376816127,0.2627498011482173,0.2200284434269875,0.15737351884041792,0,,insufficient_data
Uttar_Pradesh,Fatehpur,2017,16,2017-12-20,2017-12-25,0.12437041376816127,0.2627498011482173,0.2200284434269875,0.15737351884041792,0,,insufficient_data
Uttar_Pradesh,Fatehpur,2017,17,2017-12-25,2017-12-30,0.1242471564628794,0.2777406290484369,0.1956624506809468,0.1270588788379369,2,18.225,valid
Uttar_Pradesh,Fatehpur,2017,18,2017-12-30,2018-01-04,0.09964298353934109,0.272226892373927,0.19088974856239432,0.1236660824207543,0,,insufficient_data
Uttar_Pradesh,Fatehpur,2017,19,2018-01-04,2018-01-09,0.08829332228247604,0.27787867477765565,0.18105884337728897,0.115818289306913,0,,insufficient_data
Uttar_Pradesh,Fatehpur,2017,20,2018-01-09,2018-01-14,0.08829332228247604,0.27787867477765565,0.18105884337728897,0.115818289306913,0,,insufficient_data
Uttar_Pradesh,Fatehpur,2017,21,2018-01-14,2018-01-19,0.0750388106158028,0.2667131556994171,0.1861170464438419,0.1202732860035717,1,0.14,valid
Uttar_Pradesh,Fatehpur,2017,22,2018-01-19,2018-01-24,0.0655939997687459,0.2891822395851131,0.1613970330070783,0.1001227030792304,2,2.4450000000000003,valid
Uttar_Pradesh,Fatehpur,2017,23,2018-01-24,2018-01-29,0.06957184147771132,0.29292066855341875,0.16902462132716362,0.10497596802920106,0,,insufficient_data
Uttar_Pradesh,Fatehpur,2017,24,2018-01-29,2018-02-03,0.0714504587831672,0.3028864945175109,0.1666545739050511,0.0996637956358049,3,3.583333333333333,valid
Uttar_Pradesh,Fatehpur,2017,25,2018-02-03,2018-02-08,0.0662040967431294,0.3129007844116338,0.1619298319526832,0.0998440873981972,1,25.99,valid
Uttar_Pradesh,Fatehpur,2017,26,2018-02-08,2018-02-13,0.07077634032244697,0.32183652492996295,0.17004828890435694,0.10343076552260255,0,,insufficient_data
Uttar_Pradesh,Fatehpur,2017,27,2018-02-13,2018-02-18,0.0586262870378413,0.3313738932373407,0.1652341661727805,0.0974171064164095,3,0.0066666666666666,valid
Uttar_Pradesh,Fatehpur,2017,28,2018-02-18,2018-02-23,0.0732434001702293,0.3246807716994382,0.1688454193013088,0.1056392119255211,1,8.9,valid
Uttar_Pradesh,Fatehpur,2017,29,2018-02-23,2018-02-28,0.0843574588778676,0.3373406807838909,0.1875774531899611,0.1145896262370801,1,3.0,valid
Uttar_Pradesh,Fatehpur,2017,30,2018-02-28,2018-03-05,0.0832448207157983,0.311558010069223,0.1795755933822122,0.1135892821459235,3,0.3933333333333333,valid
Uttar_Pradesh,Fatehpur,2017,31,2018-03-05,2018-03-10,0.08362711534896876,0.30507141971556273,0.1853633553907022,0.12035761332839903,0,,insufficient_data
Uttar_Pradesh,Fatehpur,2017,32,2018-03-10,2018-03-15,0.0800806710370628,0.2923640757957293,0.1842562519937272,0.1229897336874287,2,0.535,valid
Uttar_Pradesh,Fatehpur,2017,33,2018-03-15,2018-03-20,0.0972092259438858,0.2594135602295321,0.2065620590863018,0.1449802126460417,3,0.0,valid
Uttar_Pradesh,Fatehpur,2017,34,2018-03-20,2018-03-25,0.11863160320714905,0.2575704516079288,0.23148981926851384,0.16655108824089812,0,,insufficient_data
Uttar_Pradesh,Fatehpur,2017,35,2018-03-25,2018-03-30,0.1171102916276073,0.2396450977561636,0.2257280072768172,0.1643563431219329,2,0.0,valid
Uttar_Pradesh,Fatehpur,2017,36,2018-03-30,2018-04-04,0.1477918884746092,0.2349092994334928,0.2605701658602798,0.1919959003255789,1,0.0,valid
Uttar_Pradesh,Fatehpur,2017,37,2018-04-04,2018-04-09,0.1509659389525801,0.2615202248247258,0.2803326121254432,0.2084332514235085,2,0.24,valid
Uttar_Pradesh,Fatehpur,2017,38,2018-04-09,2018-04-14,0.15874184453974868,0.2592005837987722,0.28617195648670374,0.22073983798069552,0,,insufficient_data
Uttar_Pradesh,Fatehpur,2017,39,2018-04-14,2018-04-19,0.16914973276778403,0.2640894553094244,0.30128294378917536,0.23483571169538622,0,,insufficient_data
Uttar_Pradesh,Fatehpur,2017,40,2018-04-19,2018-04-24,0.1930578818527757,0.2811965261757061,0.3344415451786854,0.2707450180637814,3,4.806666666666667,valid
Uttar_Pradesh,Fatehpur,2017,41,2018-04-24,2018-04-29,0.1847832217911711,0.278731770803773,0.3297874519922931,0.2681686769686761,2,2.035,valid
Uttar_Pradesh,Fatehpur,2017,42,2018-04-29,2018-05-04,0.1889205518219734,0.27996414848973955,0.33211449858548925,0.2694568475162287,0,,insufficient_data
Uttar_Pradesh,Fatehpur,2018,0,2018-10-01,2018-10-06,0.1008853980498984,0.309219064628465,0.2287717936446406,0.1534231339404069,2,4.03,valid
Uttar_Pradesh,Fatehpur,2018,1,2018-10-06,2018-10-11,0.11598267009234918,0.29571197569262997,0.2428067389081291,0.1670048000188244,0,,insufficient_data
Uttar_Pradesh,Fatehpur,2018,2,2018-10-11,2018-10-16,0.1118386466876043,0.3004317459354772,0.2418947651078177,0.1609861098010411,3,20.296666666666667,valid
Uttar_Pradesh,Fatehpur,2018,3,2018-10-16,2018-10-21,0.1137812611792196,0.2804011540724325,0.239409861831563,0.1699275812234869,1,0.06,valid
Uttar_Pradesh,Fatehpur,2018,4,2018-10-21,2018-10-26,0.1374253744526744,0.2927959381341453,0.261150535048495,0.1836823751103627,1,5.0,valid
Uttar_Pradesh,Fatehpur,2018,5,2018-10-26,2018-10-31,0.1271697605446761,0.265859969450041,0.257147532306947,0.1917427854494045,3,0.12,valid
Uttar_Pradesh,Fatehpur,2018,6,2018-10-31,2018-11-05,0.12888393233125722,0.2655639349773134,0.24994409981465285,0.18325052585332022,0,,insufficient_data
Uttar_Pradesh,Fatehpur,2018,7,2018-11-05,2018-11-10,0.126441119872372,0.2498271006095017,0.2468432115035523,0.1872106335819065,2,16.065,valid
Uttar_Pradesh,Fatehpur,2018,8,2018-11-10,2018-11-15,0.139602145607344,0.2389355126204464,0.2451693583827069,0.1836892539014405,2,0.065,valid
Uttar_Pradesh,Fatehpur,2018,9,2018-11-15,2018-11-20,0.13023838119860387,0.23933617685249114,0.23895413930543524,0.182318732147009,0,,insufficient_data
Uttar_Pradesh,Fatehpur,2018,10,2018-11-20,2018-11-25,0.1243802745507116,0.2374451514096625,0.2366658774425127,0.1813344862490377,2,4.585,valid
Uttar_Pradesh,Fatehpur,2018,11,2018-11-25,2018-11-30,0.145469601848155,0.2308875045521092,0.2312407189211821,0.1772966703045282,1,0.0,valid
Uttar_Pradesh,Fatehpur,2018,12,2018-11-30,2018-12-05,0.1152987641144367,0.2395856150707358,0.2348515302772222,0.1820626166981321,2,5.355,valid
Uttar_Pradesh,Fatehpur,2018,13,2018-12-05,2018-12-10,0.1231683565510048,0.2393391854652168,0.228682186366388,0.1784324481011109,2,6.005,valid
Uttar_Pradesh,Fatehpur,2018,14,2018-12-10,2018-12-15,0.12012208513655094,0.24389377606166018,0.2230884074750466,0.16947885648590938,0,,insufficient_data
Uttar_Pradesh,Fatehpur,2018,15,2018-12-15,2018-12-20,0.1150158266168143,0.251511760303051,0.219757129771079,0.1641916412329603,3,0.1533333333333333,valid
Uttar_Pradesh,Fatehpur,2018,16,2018-12-20,2018-12-25,0.1016578765523439,0.2581448149171882,0.2009104720393616,0.1454109060928154,2,1.675,valid
Uttar_Pradesh,Fatehpur,2018,17,2018-12-25,2018-12-30,0.10361290771609877,0.27164754671453867,0.19703092076463863,0.13577661555473397,0,,insufficient_data
Uttar_Pradesh,Fatehpur,2018,18,2018-12-30,2019-01-04,0.1070043263009135,0.2738548468971731,0.1943584855059143,0.1325113066374883,3,3.8,valid
Uttar_Pradesh,Fatehpur,2018,19,2019-01-04,2019-01-09,0.0787424950598351,0.2789153290158417,0.1744759055519587,0.1130230348430888,1,3.28,valid
Uttar_Pradesh,Fatehpur,2018,20,2019-01-09,2019-01-14,0.115644014050587,0.2958109824394392,0.1956526109548795,0.123746188967317,1,0.0,valid
Uttar_Pradesh,Fatehpur,2018,21,2019-01-14,2019-01-19,0.0833250263798853,0.3035255794238655,0.1814351734354841,0.1134248334070464,3,6.523333333333333,valid
Uttar_Pradesh,Fatehpur,2018,22,2019-01-19,2019-01-24,0.08453480773443608,0.3039850176212526,0.17519578378205364,0.10821237983714257,0,,insufficient_data
Uttar_Pradesh,Fatehpur,2018,23,2019-01-24,2019-01-29,0.0684682002928037,0.3141065153106402,0.1542509257962219,0.0901018580663202,1,16.49,valid
Uttar_Pradesh,Fatehpur,2018,24,2019-01-29,2019-02-03,0.0764943028890693,0.3275666819164763,0.1701643031717239,0.1007659839019405,3,0.3866666666666666,valid
Uttar_Pradesh,Fatehpur,2018,25,2019-02-03,2019-02-08,0.06722058180930403,0.3269324674650062,0.15821583880247542,0.09330063740546582,0,,insufficient_data
Uttar_Pradesh,Fatehpur,2018,26,2019-02-08,2019-02-13,0.0600237283981942,0.3291018392177368,0.1583998440300844,0.0952114824152051,2,0.045,valid
Uttar_Pradesh,Fatehpur,2018,27,2019-02-13,2019-02-18,0.0741144865401593,0.3389423826140987,0.157811578183862,0.0883614596583231,1,19.0,valid
Uttar_Pradesh,Fatehpur,2018,28,2019-02-18,2019-02-23,0.0570021909262936,0.3249449182660791,0.1504525428304849,0.0920624029855402,1,15.88,valid
Uttar_Pradesh,Fatehpur,2018,29,2019-02-23,2019-02-28,0.0635777638215299,0.3312518918908012,0.1648854994704698,0.1016801503374347,2,4.57,valid
Uttar_Pradesh,Fatehpur,2018,30,2019-02-28,2019-03-05,0.06913828932876369,0.32445474150415654,0.16381573803985802,0.10046712626559132,0,,insufficient_data
Uttar_Pradesh,Fatehpur,2018,31,2019-03-05,2019-03-10,0.0773176796618303,0.3241863986095704,0.1726753130274934,0.1062742566199577,3,0.3899999999999999,valid
Uttar_Pradesh,Fatehpur,2018,32,2019-03-10,2019-03-15,0.0736793256940054,0.3029481161402335,0.1732537566869801,0.1139573617267008,1,0.15,valid
Uttar_Pradesh,Fatehpur,2018,33,2019-03-15,2019-03-20,0.09328394307289678,0.2802074482702861,0.19508100466231193,0.1324597500583372,0,,insufficient_data
Uttar_Pradesh,Fatehpur,2018,34,2019-03-20,2019-03-25,0.0909335308860538,0.2827630802054582,0.1958467896147825,0.1317038687972107,3,0.0166666666666666,valid
Uttar_Pradesh,Fatehpur,2018,35,2019-03-25,2019-03-30,0.1007369468471087,0.2443430549752401,0.2037327521307634,0.1447330878899521,1,0.0,valid
Uttar_Pradesh,Fatehpur,2018,36,2019-03-30,2019-04-04,0.1237522322754857,0.2467965914209283,0.2298964118515403,0.1656301752578648,1,0.0,valid
Uttar_Pradesh,Fatehpur,2018,37,2019-04-04,2019-04-09,0.1336903910926297,0.2283506264715605,0.2404492105013129,0.1746543188878229,2,10.755,valid
Uttar_Pradesh,Fatehpur,2018,38,2019-04-09,2019-04-14,0.13586937072114588,0.24684598205226074,0.2529925327437295,0.18783843466172137,0,,insufficient_data
Uttar_Pradesh,Fatehpur,2018,39,2019-04-14,2019-04-19,0.1557216059229722,0.258046444636685,0.2829307494376924,0.2117752752407183,2,0.0,valid
Uttar_Pradesh,Fatehpur,2018,40,2019-04-19,2019-04-24,0.1654456774675332,0.2566931927568898,0.3079535397973386,0.2423993160322487,3,0.7366666666666667,valid
Uttar_Pradesh,Fatehpur,2018,41,2019-04-24,2019-04-29,0.1605836416952527,0.25736981869678743,0.2954421446175155,0.2270872956364835,0,,insufficient_data
Uttar_Pradesh,Fatehpur,2018,42,2019-04-29,2019-05-04,0.1605836416952527,0.25736981869678743,0.2954421446175155,0.2270872956364835,0,,insufficient_data
Uttar_Pradesh,Fatehpur,2019,0,2019-10-01,2019-10-06,0.08522100189134117,0.3106233112297862,0.20881305077204107,0.12928366673271915,0,,insufficient_data
Uttar_Pradesh,Fatehpur,2019,1,2019-10-06,2019-10-11,0.0694825096669017,0.3132028683551219,0.1869513283888828,0.1056157983240409,2,0.78,valid
Uttar_Pradesh,Fatehpur,2019,2,2019-10-11,2019-10-16,0.0984326809816725,0.3118539452029007,0.2198933819021572,0.1385380585607984,1,0.0,valid
Uttar_Pradesh,Fatehpur,2019,3,2019-10-16,2019-10-21,0.0877478150254493,0.3068131201313361,0.2195944420250833,0.1436971433133181,2,3.21,valid
Uttar_Pradesh,Fatehpur,2019,4,2019-10-21,2019-10-26,0.1151866460017278,0.2976628479359432,0.2482882031728542,0.1776641430860442,1,5.0,valid
Uttar_Pradesh,Fatehpur,2019,5,2019-10-26,2019-10-31,0.11167062224196789,0.28971765878649147,0.2411718162987302,0.16892815989977086,0,,insufficient_data
Uttar_Pradesh,Fatehpur,2019,6,2019-10-31,2019-11-05,0.1165018312416902,0.2703847715789961,0.2502742918624967,0.185924836267274,2,7.63,valid
Uttar_Pradesh,Fatehpur,2019,7,2019-11-05,2019-11-10,0.1404841379592996,0.2618736090832814,0.2678087625310595,0.1988166182714196,1,10.0,valid
Uttar_Pradesh,Fatehpur,2019,8,2019-11-10,2019-11-15,0.13018227236132196,0.25904032949632433,0.25261211891955276,0.1873209287656771,0,,insufficient_data
Uttar_Pradesh,Fatehpur,2019,9,2019-11-15,2019-11-20,0.1335608478829761,0.2448626078266954,0.2397533023651021,0.1772213317583378,3,9.106666666666667,valid
Uttar_Pradesh,Fatehpur,2019,10,2019-11-20,2019-11-25,0.12765058392837322,0.25135540478673335,0.24572210056351876,0.18419419688944272,0,,insufficient_data
Uttar_Pradesh,Fatehpur,2019,11,2019-11-25,2019-11-30,0.11919620542877978,0.2454958253974672,0.22867653905291604,0.17233417271424245,0,,insufficient_data
Uttar_Pradesh,Fatehpur,2019,12,2019-11-30,2019-12-05,0.108906765942844,0.2473299974502233,0.2296042367943947,0.1765446406385708,2,0.2,valid
Uttar_Pradesh,Fatehpur,2019,13,2019-12-05,2019-12-10,0.1120138842016816,0.24581243418285315,0.22313815739682302,0.1698905931921948,0,,insufficient_data
Uttar_Pradesh,Fatehpur,2019,14,2019-12-10,2019-12-15,0.1151210024605192,0.244294870915483,0.2166720779992513,0.1632365457458188,2,1.5,valid
Uttar_Pradesh,Fatehpur,2019,15,2019-12-15,2019-12-20,0.1120138842016816,0.24581243418285315,0.22313815739682302,0.1698905931921948,0,,insufficient_data
Uttar_Pradesh,Fatehpur,2019,16,2019-12-20,2019-12-25,0.1151210024605192,0.244294870915483,0.2166720779992513,0.1632365457458188,0,,insufficient_data
Uttar_Pradesh,Fatehpur,2019,17,2019-12-25,2019-12-30,0.09036643278250725,0.26319768655248366,0.19044173809624082,0.1324609207713984,0,,insufficient_data
Uttar_Pradesh,Fatehpur,2019,18,2019-12-30,2020-01-04,0.0656118631044953,0.2821005021894843,0.1642113981932303,0.101685295796978,0,,insufficient_data
Uttar_Pradesh,Fatehpur,2019,19,2020-01-04,2020-01-09,0.0617869980922931,0.2938109806314184,0.15889012062647917,0.0959026741853223,0,,insufficient_data
Uttar_Pradesh,Fatehpur,2019,20,2020-01-09,2020-01-14,0.0656118631044953,0.2821005021894843,0.1642113981932303,0.101685295796978,1,9.55,valid
Uttar_Pradesh,Fatehpur,2019,21,2020-01-14,2020-01-19,0.0603521353609913,0.300249367176967,0.15854468549370732,0.09451481559530162,0,,insufficient_data
Uttar_Pradesh,Fatehpur,2019,22,2020-01-19,2020-01-24,0.0579621330800909,0.3055214590733525,0.153568843059728,0.0901200525736666,1,21.16,valid
Uttar_Pradesh,Fatehpur,2019,23,2020-01-24,2020-01-29,0.0574824098983877,0.313126140268064,0.1578538152281636,0.0917390984152602,1,0.5,valid
Uttar_Pradesh,Fatehpur,2019,24,2020-01-29,2020-02-03,0.060172832499702254,0.3301322042977051,0.16012362328531263,0.09162874180198469,0,,insufficient_data
Uttar_Pradesh,Fatehpur,2019,25,2020-02-03,2020-02-08,0.0709277693723365,0.3516475730000599,0.1681151032161223,0.0935658757351299,3,2.07,valid
Uttar_Pradesh,Fatehpur,2019,26,2020-02-08,2020-02-13,0.0555616864868379,0.3346618631076502,0.1507219443109582,0.0883933950595636,1,3.12,valid
Uttar_Pradesh,Fatehpur,2019,27,2020-02-13,2020-02-18,0.0589301636608583,0.3457039860393988,0.1703584106115909,0.0943252872263031,1,1.0,valid
Uttar_Pradesh,Fatehpur,2019,28,2020-02-18,2020-02-23,0.06263051969418745,0.34123087864175616,0.16739631292623783,0.09713901853565651,0,,insufficient_data
Uttar_Pradesh,Fatehpur,2019,29,2020-02-23,2020-02-28,0.06055620727465019,0.33862670505218023,0.1672166153537667,0.09803230423578817,0,,insufficient_data
Uttar_Pradesh,Fatehpur,2019,30,2020-02-28,2020-03-04,0.0563371421832687,0.3348996555622086,0.157042605212982,0.0910666523948986,1,4.64,valid
Uttar_Pradesh,Fatehpur,2019,31,2020-03-04,2020-03-09,0.0713958367676359,0.3392413154994633,0.1907435012795356,0.1183438822623874,2,10.015,valid
Uttar_Pradesh,Fatehpur,2019,32,2020-03-09,2020-03-14,0.07554494196577542,0.2960251934730147,0.1856609726466073,0.11806976395130347,0,,insufficient_data
Uttar_Pradesh,Fatehpur,2019,33,2020-03-14,2020-03-19,0.0816965972654352,0.28375294360605624,0.19406934501762893,0.12678595395216058,0,,insufficient_data
Uttar_Pradesh,Fatehpur,2019,34,2020-03-19,2020-03-24,0.0852749740957793,0.2486581094209315,0.1871289503771429,0.1217798240812137,1,0.0,valid
Uttar_Pradesh,Fatehpur,2019,35,2020-03-24,2020-03-29,0.0891718148164178,0.2613016934094555,0.2077288337167686,0.1410886970667142,2,0.52,valid
Uttar_Pradesh,Fatehpur,2019,36,2020-03-29,2020-04-03,0.1063032184640743,0.2346639441382223,0.2277028345017155,0.1616507139555889,2,0.125,valid
Uttar_Pradesh,Fatehpur,2019,37,2020-04-03,2020-04-08,0.11880318965633205,0.25721287572013346,0.24789260366858173,0.17988758942170321,0,,insufficient_data
Uttar_Pradesh,Fatehpur,2019,38,2020-04-08,2020-04-13,0.1489221599277248,0.2689205969529235,0.2974915822506588,0.2252802651884946,2,1.7,valid
Uttar_Pradesh,Fatehpur,2019,39,2020-04-13,2020-04-18,0.164343780977664,0.2725200346791346,0.3194108174966231,0.2496384468165047,2,2.5,valid
Uttar_Pradesh,Fatehpur,2019,40,2020-04-18,2020-04-23,0.1652218699519599,0.2779030869281898,0.3218183799838095,0.24938909786286453,0,,insufficient_data
Uttar_Pradesh,Fatehpur,2019,41,2020-04-23,2020-04-28,0.1823996689504908,0.2922686291525114,0.3485527402041467,0.2732485815835943,3,21.456666666666667,valid
Uttar_Pradesh,Fatehpur,2019,42,2020-04-28,2020-05-03,0.1733717249640774,0.28239433191582297,0.33398177885038494,0.2614435142000495,0,,insufficient_data
Uttar_Pradesh,Fatehpur,2020,0,2020-10-01,2020-10-06,0.0881351170517261,0.3219007709065888,0.2144538609866148,0.1345221015762864,3,1.7899999999999998,valid
Uttar_Pradesh,Fatehpur,2020,1,2020-10-06,2020-10-11,0.100172697054553,0.3007979008029704,0.2306109259498551,0.1559320147046223,2,0.015,valid
Uttar_Pradesh,Fatehpur,2020,2,2020-10-11,2020-10-16,0.11650376483526821,0.287297368521592,0.24705881562041698,0.1743954234424012,0,,insufficient_data
Uttar_Pradesh,Fatehpur,2020,3,2020-10-16,2020-10-21,0.1195207817088544,0.2777270172850467,0.2523568332199309,0.1775367584116376,3,0.7966666666666667,valid
Uttar_Pradesh,Fatehpur,2020,4,2020-10-21,2020-10-26,0.1238882358339697,0.2616787564250276,0.2558840528607335,0.1894295805302939,1,0.04,valid
Uttar_Pradesh,Fatehpur,2020,5,2020-10-26,2020-10-31,0.1508019925272379,0.2743823971883266,0.2819884050849505,0.2145566619891658,1,1.0,valid
Uttar_Pradesh,Fatehpur,2020,6,2020-10-31,2020-11-05,0.1583246519126754,0.259296286604418,0.2637443160151454,0.1992421441428788,1,18.0,valid
Uttar_Pradesh,Fatehpur,2020,7,2020-11-05,2020-11-10,0.13406030828852605,0.25654923208155866,0.2551969765719244,0.18837503532446104,0,,insufficient_data
Uttar_Pradesh,Fatehpur,2020,8,2020-11-10,2020-11-15,0.1348581853819225,0.241441015509373,0.2458086279099269,0.1814571237925052,1,0.0,valid
Uttar_Pradesh,Fatehpur,2020,9,2020-11-15,2020-11-20,0.1024284757868248,0.2459477046806484,0.2285594809888657,0.1571896661674615,2,23.465,valid
Uttar_Pradesh,Fatehpur,2020,10,2020-11-20,2020-11-25,0.1253004692223316,0.24261166232434678,0.2343816678448333,0.17630938493165713,0,,insufficient_data
Uttar_Pradesh,Fatehpur,2020,11,2020-11-25,2020-11-30,0.1230300321201235,0.240164178836494,0.2342711519467321,0.1827329949751556,1,12.05,valid
Uttar_Pradesh,Fatehpur,2020,12,2020-11-30,2020-12-05,0.149893628290937,0.242565100277615,0.2300467417715855,0.1773871872622588,1,11.0,valid
Uttar_Pradesh,Fatehpur,2020,13,2020-12-05,2020-12-10,0.1162920245318502,0.2429403123176036,0.2332223366070562,0.1827799524609046,2,0.225,valid
Uttar_Pradesh,Fatehpur,2020,14,2020-12-10,2020-12-15,0.17482263833856,0.2825666504843365,0.2410655095575058,0.1703786864728134,1,19.0,valid
Uttar_Pradesh,Fatehpur,2020,15,2020-12-15,2020-12-20,0.1317111185676407,0.2535889357913167,0.21969225268365783,0.16114866544297263,0,,insufficient_data
Uttar_Pradesh,Fatehpur,2020,16,2020-12-20,2020-12-25,0.1170803855698601,0.2481874483929339,0.206066419941335,0.1474907250016014,2,14.85,valid
Uttar_Pradesh,Fatehpur,2020,17,2020-12-25,2020-12-30,0.1004669161069963,0.2516851674840945,0.1880602555408065,0.1277067760172849,2,0.355,valid
Uttar_Pradesh,Fatehpur,2020,18,2020-12-30,2021-01-04,0.09582259403977683,0.2578744742586716,0.18994815101501472,0.12831927244593014,0,,insufficient_data
Uttar_Pradesh,Fatehpur,2020,19,2021-01-04,2021-01-09,0.0699204804424741,0.2737508068989864,0.1757177775629027,0.1097603163189041,1,7.21,valid
Uttar_Pradesh,Fatehpur,2020,20,2021-01-09,2021-01-14,0.08250189030867126,0.27293739629579167,0.1736688335115079,0.10882734535949502,0,,insufficient_data
Uttar_Pradesh,Fatehpur,2020,21,2021-01-14,2021-01-19,0.07351937740950876,0.2835635107016402,0.16647312249685864,0.0993876300306001,0,,insufficient_data
Uttar_Pradesh,Fatehpur,2020,22,2021-01-19,2021-01-24,0.0771182743765434,0.293376214504294,0.1572284674308146,0.0890149437422961,2,7.465,valid
Uttar_Pradesh,Fatehpur,2020,23,2021-01-24,2021-01-29,0.07112759414952555,0.29745962408862303,0.15238028978209328,0.08609001374081815,0,,insufficient_data
Uttar_Pradesh,Fatehpur,2020,24,2021-01-29,2021-02-03,0.06810782315922187,0.3008964080023628,0.15321762875601794,0.0884101412838682,0,,insufficient_data
Uttar_Pradesh,Fatehpur,2020,25,2021-02-03,2021-02-08,0.0651369139225077,0.301543033672952,0.147532112133372,0.0831650837393402,3,0.01,valid
Uttar_Pradesh,Fatehpur,2020,26,2021-02-08,2021-02-13,0.06624701824355095,0.30880014188277183,0.15800688816085773,0.09410823458111559,0,,insufficient_data
Uttar_Pradesh,Fatehpur,2020,27,2021-02-13,2021-02-18,0.0620682811786145,0.3077699758298422,0.1548923067038672,0.0930503963699683,2,1.695,valid
Uttar_Pradesh,Fatehpur,2020,28,2021-02-18,2021-02-23,0.0726413213298849,0.3084373624699366,0.1578723344943834,0.0915543656918539,1,0.0,valid
Uttar_Pradesh,Fatehpur,2020,29,2021-02-23,2021-02-28,0.0651415565431967,0.3174501955583565,0.1717307993118083,0.1086630925233,2,1.085,valid
Uttar_Pradesh,Fatehpur,2020,30,2021-02-28,2021-03-05,0.0656792158879902,0.3164066489434236,0.1683805336023028,0.1073964840864491,2,0.005,valid
Uttar_Pradesh,Fatehpur,2020,31,2021-03-05,2021-03-10,0.07971668381028005,0.29914415746804973,0.17451100990018178,0.11186295192753545,0,,insufficient_data
Uttar_Pradesh,Fatehpur,2020,32,2021-03-10,2021-03-15,0.0909999705477212,0.2895613533455548,0.1809223390695994,0.1168336123649512,3,2.143333333333333,valid
Uttar_Pradesh,Fatehpur,2020,33,2021-03-15,2021-03-20,0.1041213547426072,0.2638652270229773,0.193649043022815,0.1348672049711231,1,5.56,valid
Uttar_Pradesh,Fatehpur,2020,34,2021-03-20,2021-03-25,0.12100083224723465,0.2560551252940801,0.22662214331765881,0.16320253315863048,0,,insufficient_data
Uttar_Pradesh,Fatehpur,2020,35,2021-03-25,2021-03-30,0.1198443390766238,0.2377978465415807,0.2226261947646272,0.1605674703509656,3,0.0033333333333333,valid
Uttar_Pradesh,Fatehpur,2020,36,2021-03-30,2021-04-04,0.1374804975732504,0.2445129914434593,0.2622407327558029,0.1987221602050282,1,0.0,valid
Uttar_Pradesh,Fatehpur,2020,37,2021-04-04,2021-04-09,0.1525579992959707,0.2445382081168284,0.2736724069754497,0.2050222179010843,1,0.0,valid
Uttar_Pradesh,Fatehpur,2020,38,2021-04-09,2021-04-14,0.1704162738140471,0.2658774152980403,0.3063244202016321,0.2422039191682425,3,0.3366666666666666,valid
Uttar_Pradesh,Fatehpur,2020,39,2021-04-14,2021-04-19,0.16750830641734316,0.26565856728613546,0.3029316334911404,0.23919087115693607,0,,insufficient_data
Uttar_Pradesh,Fatehpur,2020,40,2021-04-19,2021-04-24,0.1854911503041115,0.2862802579619943,0.3323620000321535,0.2708561386287708,2,0.0,valid
Uttar_Pradesh,Fatehpur,2020,41,2021-04-24,2021-04-29,0.1915956110993361,0.2870839636103549,0.3400586074906638,0.2791499198815546,3,0.8300000000000001,valid
Uttar_Pradesh,Fatehpur,2020,42,2021-04-29,2021-05-04,0.1885433807017238,0.28668211078617456,0.33621030376140865,0.2750030292551627,0,,insufficient_data
Uttar_Pradesh,Fatehpur,2021,0,2021-10-01,2021-10-06,0.0873662653081584,0.2960873805622814,0.2121153965266914,0.1373463688556053,0,,insufficient_data
Uttar_Pradesh,Fatehpur,2021,1,2021-10-06,2021-10-11,0.08933745210704255,0.27943725008249626,0.2040336554517571,0.1311872223782464,0,,insufficient_data
Uttar_Pradesh,Fatehpur,2021,2,2021-10-11,2021-10-16,0.0873662653081584,0.2960873805622814,0.2121153965266914,0.1373463688556053,1,0.14,valid
Uttar_Pradesh,Fatehpur,2021,3,2021-10-16,2021-10-21,0.10221509490300858,0.272962761292652,0.22192636397279208,0.15367645870286792,0,,insufficient_data
Uttar_Pradesh,Fatehpur,2021,4,2021-10-21,2021-10-26,0.0913086389059267,0.2627871196027111,0.1959519143768228,0.1250280759008875,2,1.51,valid
Uttar_Pradesh,Fatehpur,2021,5,2021-10-26,2021-10-31,0.1123414392584575,0.2718783382792547,0.2379467565443558,0.1719243604960566,1,0.15,valid
Uttar_Pradesh,Fatehpur,2021,6,2021-10-31,2021-11-05,0.1178440361394917,0.2610982067263608,0.2416913884432983,0.1804070295589223,1,0.95,valid
Uttar_Pradesh,Fatehpur,2021,7,2021-11-05,2021-11-10,0.1215611000685213,0.2608608954033691,0.2497436783522785,0.1915206749019253,3,9.096666666666666,valid
Uttar_Pradesh,Fatehpur,2021,8,2021-11-10,2021-11-15,0.1184555438828168,0.2489297720990566,0.2373540785549047,0.181528394169314,1,13.67,valid
Uttar_Pradesh,Fatehpur,2021,9,2021-11-15,2021-11-20,0.11628324060202218,0.25310533517723827,0.23977257226203996,0.1806693857287736,0,,insufficient_data
Uttar_Pradesh,Fatehpur,2021,10,2021-11-20,2021-11-25,0.1072722823172589,0.2415324664801665,0.2303011436976783,0.1692214442849329,2,2.88,valid
Uttar_Pradesh,Fatehpur,2021,11,2021-11-25,2021-11-30,0.10691271197672332,0.24776553242494934,0.2249320836719749,0.16650994215041207,0,,insufficient_data
Uttar_Pradesh,Fatehpur,2021,12,2021-11-30,2021-12-05,0.09846078706761674,0.25161233578712583,0.21572366188050776,0.15605266163495837,0,,insufficient_data
Uttar_Pradesh,Fatehpur,2021,13,2021-12-05,2021-12-10,0.0950103097300943,0.2528343586956248,0.2071410287633417,0.1487799879969893,3,0.08,valid
Uttar_Pradesh,Fatehpur,2021,14,2021-12-10,2021-12-15,0.09360720575843905,0.2610781749958265,0.20249753407711144,0.1436734871825448,0,,insufficient_data
Uttar_Pradesh,Fatehpur,2021,15,2021-12-15,2021-12-20,0.093099769155497,0.2604701821855861,0.2097288131805033,0.1501565526229529,2,0.215,valid
Uttar_Pradesh,Fatehpur,2021,16,2021-12-20,2021-12-25,0.0927115383897258,0.2699299841062686,0.1906227602874893,0.1320839209276922,3,9.12,valid
Uttar_Pradesh,Fatehpur,2021,17,2021-12-25,2021-12-30,0.0929056537726114,0.26520008314592736,0.2001757867339963,0.14112023677532254,0,,insufficient_data
Uttar_Pradesh,Fatehpur,2021,18,2021-12-30,2022-01-04,0.0929056537726114,0.26520008314592736,0.2001757867339963,0.14112023677532254,0,,insufficient_data
Uttar_Pradesh,Fatehpur,2021,19,2022-01-04,2022-01-09,0.0927115383897258,0.2699299841062686,0.1906227602874893,0.1320839209276922,0,,insufficient_data
Uttar_Pradesh,Fatehpur,2021,20,2022-01-09,2022-01-14,0.0559778337137019,0.2990620369173483,0.1579558086380407,0.0910885656137585,0,,insufficient_data
Uttar_Pradesh,Fatehpur,2021,21,2022-01-14,2022-01-19,0.0588170857553755,0.30737103707258706,0.16233374640836173,0.0948149819765875,0,,insufficient_data
Uttar_Pradesh,Fatehpur,2021,22,2022-01-19,2022-01-24,0.0588170857553755,0.30737103707258706,0.16233374640836173,0.0948149819765875,0,,insufficient_data
Uttar_Pradesh,Fatehpur,2021,23,2022-01-24,2022-01-29,0.0559778337137019,0.2990620369173483,0.1579558086380407,0.0910885656137585,2,4.890000000000001,valid
Uttar_Pradesh,Fatehpur,2021,24,2022-01-29,2022-02-03,0.0616563377970491,0.3156800372278258,0.1667116841786828,0.0985413983394165,1,0.23,valid
Uttar_Pradesh,Fatehpur,2021,25,2022-02-03,2022-02-08,0.05896608656987344,0.3170383375807836,0.16266043577104458,0.09603211077279883,0,,insufficient_data
Uttar_Pradesh,Fatehpur,2021,26,2022-02-08,2022-02-13,0.0597459981714088,0.3267180714894123,0.1608018339503406,0.0946478525182176,2,11.99,valid
Uttar_Pradesh,Fatehpur,2021,27,2022-02-13,2022-02-18,0.0563005799061401,0.3165441228449827,0.1571702462672634,0.0935882565087097,1,0.02,valid
Uttar_Pradesh,Fatehpur,2021,28,2022-02-18,2022-02-23,0.0611496832610673,0.3271874194243489,0.1706626058208954,0.1022944808838918,2,0.07,valid
Uttar_Pradesh,Fatehpur,2021,29,2022-02-23,2022-02-28,0.0715595403857813,0.3240903291972266,0.172848695819755,0.1065621933051794,3,1.3433333333333335,valid
Uttar_Pradesh,Fatehpur,2021,30,2022-02-28,2022-03-05,0.06790601691606993,0.3167243472012248,0.17495596496614618,0.10892689002947778,0,,insufficient_data
Uttar_Pradesh,Fatehpur,2021,31,2022-03-05,2022-03-10,0.0659649734951322,0.3128183775708617,0.1740928823404245,0.1102156604220874,3,0.0233333333333333,valid
Uttar_Pradesh,Fatehpur,2021,32,2022-03-10,2022-03-15,0.0845553075322287,0.3029814869687041,0.2000053945823925,0.1319738590275206,2,0.045,valid
Uttar_Pradesh,Fatehpur,2021,33,2022-03-15,2022-03-20,0.09933162761075542,0.27595254972127803,0.21793072709698244,0.1528686398092394,0,,insufficient_data
Uttar_Pradesh,Fatehpur,2021,34,2022-03-20,2022-03-25,0.0976577828927766,0.2575571207952242,0.2114634887762253,0.1487888490364736,3,0.0033333333333333,valid
Uttar_Pradesh,Fatehpur,2021,35,2022-03-25,2022-03-30,0.1182182238262202,0.2467238813223553,0.2425606400863339,0.1782298468060688,1,0.0,valid
Uttar_Pradesh,Fatehpur,2021,36,2022-03-30,2022-04-04,0.1302618503074194,0.2596818819492447,0.261531229699536,0.1951349837540466,2,0.025,valid
Uttar_Pradesh,Fatehpur,2021,37,2022-04-04,2022-04-09,0.1427931067768166,0.2593368971933929,0.2849404515404282,0.2147049558043937,3,0.1566666666666666,valid
Uttar_Pradesh,Fatehpur,2021,38,2022-04-09,2022-04-14,0.14765681210035841,0.2688637673707434,0.2884671712493735,0.21923344373804848,0,,insufficient_data
Uttar_Pradesh,Fatehpur,2021,39,2022-04-14,2022-04-19,0.1688197630129846,0.2833006852405003,0.3181260862497834,0.2457731057043829,3,0.5333333333333333,valid
Uttar_Pradesh,Fatehpur,2021,40,2022-04-19,2022-04-24,0.1781911165783513,0.295275491148224,0.3351774486707859,0.2623243266213506,3,0.0233333333333333,valid
Uttar_Pradesh,Fatehpur,2021,41,2022-04-24,2022-04-29,0.17350543979566796,0.28928808819436214,0.3266517674602847,0.25404871616286673,0,,insufficient_data
Uttar_Pradesh,Fatehpur,2021,42,2022-04-29,2022-05-04,0.17350543979566796,0.28928808819436214,0.3266517674602847,0.25404871616286673,0,,insufficient_data
Uttar_Pradesh,Fatehpur,2022,0,2022-10-01,2022-10-06,0.07659221363954305,0.31245535291058174,0.19340510354703494,0.11166382651518675,0,,insufficient_data
Uttar_Pradesh,Fatehpur,2022,1,2022-10-06,2022-10-11,0.08369449292645277,0.3028616300026266,0.20239268526960616,0.12430214301721093,0,,insufficient_data
Uttar_Pradesh,Fatehpur,2022,2,2022-10-11,2022-10-16,0.0738373962085496,0.3108968446770442,0.1859936945886405,0.1056101670289465,1,2.99,valid
Uttar_Pradesh,Fatehpur,2022,3,2022-10-16,2022-10-21,0.0793470310705365,0.3140138611441193,0.2008165125054294,0.117717486001427,1,20.14,valid
Uttar_Pradesh,Fatehpur,2022,4,2022-10-21,2022-10-26,0.0978990515002722,0.2836741841867163,0.2203678487147486,0.1495787760212593,3,0.05,valid
Uttar_Pradesh,Fatehpur,2022,5,2022-10-26,2022-10-31,0.09672227562865267,0.28462911964223386,0.21761923413243195,0.14552856592532598,0,,insufficient_data
Uttar_Pradesh,Fatehpur,2022,6,2022-10-31,2022-11-05,0.1122731106278499,0.2647605094740206,0.2387064040694547,0.1755489907561954,3,0.7266666666666667,valid
Uttar_Pradesh,Fatehpur,2022,7,2022-11-05,2022-11-10,0.1202547887360551,0.2498001987292691,0.2422117107838867,0.1791874098188017,3,11.753333333333336,valid
Uttar_Pradesh,Fatehpur,2022,8,2022-11-10,2022-11-15,0.11483346697746555,0.24542133880183278,0.2361775447618762,0.17847710936458816,0,,insufficient_data
Uttar_Pradesh,Fatehpur,2022,9,2022-11-15,2022-11-20,0.1149806442546506,0.2405581472869277,0.2379079438963418,0.1796228882027015,3,7.013333333333333,valid
Uttar_Pradesh,Fatehpur,2022,10,2022-11-20,2022-11-25,0.1123892462284121,0.231657779621602,0.227747768087804,0.1772300019123223,1,0.18,valid
Uttar_Pradesh,Fatehpur,2022,11,2022-11-25,2022-11-30,0.11426954504036,0.2403300588973444,0.2343138969718936,0.1807962561329198,2,0.2299999999999999,valid
Uttar_Pradesh,Fatehpur,2022,12,2022-11-30,2022-12-05,0.1110516127919455,0.2350882933354809,0.2144866903175933,0.1621278641446169,3,4.043333333333333,valid
Uttar_Pradesh,Fatehpur,2022,13,2022-12-05,2022-12-10,0.10537844325127829,0.24131043482406495,0.21455016523722428,0.16128945002656142,0,,insufficient_data
Uttar_Pradesh,Fatehpur,2022,14,2022-12-10,2022-12-15,0.1008248447196679,0.2423872207349895,0.2043217863539785,0.1508718971086485,3,0.1966666666666666,valid
Uttar_Pradesh,Fatehpur,2022,15,2022-12-15,2022-12-20,0.088356967476006,0.2570888215309078,0.191880684454852,0.1354212308342996,3,6.569999999999999,valid
Uttar_Pradesh,Fatehpur,2022,16,2022-12-20,2022-12-25,0.08793476491682388,0.25580504811319754,0.19059141454552284,0.13419320344861219,0,,insufficient_data
Uttar_Pradesh,Fatehpur,2022,17,2022-12-25,2022-12-30,0.0746224825547977,0.2679391020736954,0.1755717728277379,0.1162864824028884,3,19.83333333333333,valid
Uttar_Pradesh,Fatehpur,2022,18,2022-12-30,2023-01-04,0.08148972501540185,0.2625139618023016,0.18372622864129495,0.125853856618594,0,,insufficient_data
Uttar_Pradesh,Fatehpur,2022,19,2023-01-04,2023-01-09,0.0676183329217894,0.2783899072635575,0.16562652620117604,0.10521594829313845,0,,insufficient_data
Uttar_Pradesh,Fatehpur,2022,20,2023-01-09,2023-01-14,0.0676183329217894,0.2783899072635575,0.16562652620117604,0.10521594829313845,1,19.17,missing_bands
Uttar_Pradesh,Fatehpur,2022,21,2023-01-14,2023-01-19,0.0606141832887811,0.2888407124534195,0.1556812795746142,0.0941454141833885,0,,insufficient_data
Uttar_Pradesh,Fatehpur,2022,22,2023-01-19,2023-01-24,0.0606141832887811,0.2888407124534195,0.1556812795746142,0.0941454141833885,3,1.596666666666667,valid
Uttar_Pradesh,Fatehpur,2022,23,2023-01-24,2023-01-29,0.0557883919532249,0.3159810203067394,0.15454763834170748,0.0909412338680843,0,,insufficient_data
Uttar_Pradesh,Fatehpur,2022,24,2023-01-29,2023-02-03,0.05585460309982657,0.3209380513247323,0.15696350579516433,0.09316962502338144,0,,insufficient_data
Uttar_Pradesh,Fatehpur,2022,25,2023-02-03,2023-02-08,0.0538442586667117,0.3259743525770354,0.1544887054641598,0.0889039749233757,3,0.1566666666666666,valid
Uttar_Pradesh,Fatehpur,2022,26,2023-02-08,2023-02-13,0.0529067339041819,0.3331279958897634,0.1534729299863484,0.0897743124974887,1,0.01,valid
Uttar_Pradesh,Fatehpur,2022,27,2023-02-13,2023-02-18,0.0560532365396316,0.3358091443787108,0.1642111081555348,0.0998547984892729,2,0.095,valid
Uttar_Pradesh,Fatehpur,2022,28,2023-02-18,2023-02-23,0.0566298089904371,0.3240538731964609,0.1575943550673502,0.092615513270311,3,1.13,valid
Uttar_Pradesh,Fatehpur,2022,29,2023-02-23,2023-02-28,0.06092799615385096,0.3202356818065582,0.16637675803607896,0.10138625362047353,0,,insufficient_data
Uttar_Pradesh,Fatehpur,2022,30,2023-02-28,2023-03-05,0.069458644742962,0.31452662197891,0.1776807282074906,0.1124689917386962,2,1.15,valid
Uttar_Pradesh,Fatehpur,2022,31,2023-03-05,2023-03-10,0.0695915565920422,0.2936607735889458,0.1789246687636708,0.1122176521065989,3,5.213333333333333,valid
Uttar_Pradesh,Fatehpur,2022,32,2023-03-10,2023-03-15,0.08979197728536628,0.2727797594656992,0.20623268429389052,0.13977192003333527,0,,insufficient_data
Uttar_Pradesh,Fatehpur,2022,33,2023-03-15,2023-03-20,0.09515099694523889,0.26524075725571356,0.21248442767726533,0.14522048499821189,0,,insufficient_data
Uttar_Pradesh,Fatehpur,2022,34,2023-03-20,2023-03-25,0.1061916166058738,0.2394657723807883,0.2218401986931209,0.1563668311138317,1,22.94,valid
Uttar_Pradesh,Fatehpur,2022,35,2023-03-25,2023-03-30,0.1139260912005871,0.2434658699141528,0.2464851415112798,0.1780342051742143,1,6.02,valid
Uttar_Pradesh,Fatehpur,2022,36,2023-03-30,2023-04-04,0.1165870755847293,0.235084748415771,0.2374914012107646,0.1670147448577183,3,5.956666666666666,valid
Uttar_Pradesh,Fatehpur,2022,37,2023-04-04,2023-04-09,0.13037384907216393,0.2506339172058605,0.26762449749132877,0.2001966936272809,0,,insufficient_data
Uttar_Pradesh,Fatehpur,2022,38,2023-04-09,2023-04-14,0.1468026767350269,0.2555497341724556,0.2971085677331697,0.2300477521139804,2,3.3,valid
Uttar_Pradesh,Fatehpur,2022,39,2023-04-14,2023-04-19,0.1683617852346025,0.2796034611461346,0.3351971783083088,0.2695199348766596,3,0.0266666666666666,valid
Uttar_Pradesh,Fatehpur,2022,40,2023-04-19,2023-04-24,0.1629647932036394,0.27422942071319284,0.32231626244330586,0.2564254428728441,0,,insufficient_data
Uttar_Pradesh,Fatehpur,2022,41,2023-04-24,2023-04-29,0.1737299176412888,0.2875350668209884,0.334643041288439,0.2697086416278922,2,9.64,valid
Uttar_Pradesh,Fatehpur,2022,42,2023-04-29,2023-05-04,0.17104585143794565,0.2835692639835615,0.33492010979837394,0.2696142882522759,0,,insufficient_data
Uttar_Pradesh,Fatehpur,2023,0,2023-10-01,2023-10-06,0.0943291895017661,0.3230377271742906,0.21908457550731655,0.1391667907605095,0,,insufficient_data
Uttar_Pradesh,Fatehpur,2023,1,2023-10-06,2023-10-11,0.0885815992650774,0.3249209088754243,0.2138530926523949,0.1373846569272967,1,0.0,valid
Uttar_Pradesh,Fatehpur,2023,2,2023-10-11,2023-10-16,0.0992403555302693,0.337818507791765,0.2295344195423251,0.1461692648995525,2,4.805,valid
Uttar_Pradesh,Fatehpur,2023,3,2023-10-16,2023-10-21,0.0951656137099516,0.3063737648556824,0.2138662143272297,0.1339464504546793,3,0.3033333333333333,valid
Uttar_Pradesh,Fatehpur,2023,4,2023-10-21,2023-10-26,0.10431124418535997,0.30410885363548995,0.23122608073687417,0.15517035078917038,0,,insufficient_data
Uttar_Pradesh,Fatehpur,2023,5,2023-10-26,2023-10-31,0.1152800910937954,0.2894631741082126,0.2478068636944953,0.1752674524867848,3,0.0666666666666666,valid
Uttar_Pradesh,Fatehpur,2023,6,2023-10-31,2023-11-05,0.1232885613277062,0.2619679125463653,0.251069813467926,0.1830839291775386,3,7.31,valid
Uttar_Pradesh,Fatehpur,2023,7,2023-11-05,2023-11-10,0.11555742252105727,0.252400119253142,0.2424035887291654,0.17707572704324356,0,,insufficient_data
Uttar_Pradesh,Fatehpur,2023,8,2023-11-10,2023-11-15,0.1237972443496404,0.2430320380235386,0.2486789520816772,0.1881082157454843,2,8.7,valid
Uttar_Pradesh,Fatehpur,2023,9,2023-11-15,2023-11-20,0.1102742504661942,0.2331585862949933,0.228595021085385,0.1666134430265438,1,0.68,valid
Uttar_Pradesh,Fatehpur,2023,10,2023-11-20,2023-11-25,0.1051469653679502,0.2343788852926001,0.2358672933163434,0.1723055947798664,2,6.545,valid
Uttar_Pradesh,Fatehpur,2023,11,2023-11-25,2023-11-30,0.10971506857944838,0.24115905676423516,0.23049124523164227,0.1695990662810968,0,,insufficient_data
Uttar_Pradesh,Fatehpur,2023,12,2023-11-30,2023-12-05,0.10502100998938436,0.24053472967780065,0.22442867628163063,0.16342934979296764,0,,insufficient_data
Uttar_Pradesh,Fatehpur,2023,13,2023-12-05,2023-12-10,0.10239438975097945,0.24422280136920435,0.22234550387975344,0.16183730317617956,0,,insufficient_data
Uttar_Pradesh,Fatehpur,2023,14,2023-12-10,2023-12-15,0.0996418141340087,0.2540667174458086,0.2088237144431635,0.1513690115724927,1,5.68,valid
Uttar_Pradesh,Fatehpur,2023,15,2023-12-15,2023-12-20,0.0996418141340087,0.2540667174458086,0.2088237144431635,0.1513690115724927,0,,insufficient_data
Uttar_Pradesh,Fatehpur,2023,16,2023-12-20,2023-12-25,0.0996418141340087,0.2540667174458086,0.2088237144431635,0.1513690115724927,0,,insufficient_data
Uttar_Pradesh,Fatehpur,2023,17,2023-12-25,2023-12-30,0.0996418141340087,0.2540667174458086,0.2088237144431635,0.1513690115724927,0,,insufficient_data
Uttar_Pradesh,Fatehpur,2023,18,2023-12-30,2024-01-04,,,,,0,,insufficient_data
Uttar_Pradesh,Fatehpur,2023,19,2024-01-04,2024-01-09,,,,,0,,insufficient_data
Uttar_Pradesh,Fatehpur,2023,20,2024-01-09,2024-01-14,,,,,0,,insufficient_data
Uttar_Pradesh,Fatehpur,2023,21,2024-01-14,2024-01-19,,,,,0,,insufficient_data
Uttar_Pradesh,Fatehpur,2023,22,2024-01-19,2024-01-24,0.0473817188413111,0.3152379861347743,0.1398482382361084,0.0759088497950951,1,23.11,missing_bands
Uttar_Pradesh,Fatehpur,2023,23,2024-01-24,2024-01-29,0.049609153881373505,0.3225312018617327,0.1482619887178282,0.0818628197695048,0,,insufficient_data
Uttar_Pradesh,Fatehpur,2023,24,2024-01-29,2024-02-03,0.05116577029047617,0.3303093184985671,0.1494410475358018,0.0830144899108255,0,,insufficient_data
Uttar_Pradesh,Fatehpur,2023,25,2024-02-03,2024-02-08,0.0473817188413111,0.3152379861347743,0.1398482382361084,0.0759088497950951,1,15.01,valid
Uttar_Pradesh,Fatehpur,2023,26,2024-02-08,2024-02-13,0.0518365889214359,0.3298244175886911,0.156675739199548,0.0878167897439145,1,10.22,valid
Uttar_Pradesh,Fatehpur,2023,27,2024-02-13,2024-02-18,0.0542790031086815,0.3458655517722359,0.1517991651717491,0.0853178301934669,2,20.785,valid
Uttar_Pradesh,Fatehpur,2023,28,2024-02-18,2024-02-23,0.051946352994545905,0.3338984444479394,0.15095155984254668,0.08442912864366192,0,,insufficient_data
Uttar_Pradesh,Fatehpur,2023,29,2024-02-23,2024-02-28,0.0542881011067551,0.3446658222960564,0.1554830967627813,0.0886730448421712,1,0.01,valid
Uttar_Pradesh,Fatehpur,2023,30,2024-02-28,2024-03-04,0.06191960244052505,0.3248024218242207,0.16354971209407743,0.09812534076427963,0,,insufficient_data
Uttar_Pradesh,Fatehpur,2023,31,2024-03-04,2024-03-09,0.06821719660600307,0.3105821950563626,0.17355321998598527,0.10868718604951594,0,,insufficient_data
Uttar_Pradesh,Fatehpur,2023,32,2024-03-09,2024-03-14,0.0619259142680388,0.3216969521971723,0.1705241937621198,0.1046797399320413,3,1.3533333333333333,valid
Uttar_Pradesh,Fatehpur,2023,33,2024-03-14,2024-03-19,0.0771853912786248,0.2869813610314181,0.1763923926796595,0.1138307480894391,1,0.54,valid
Uttar_Pradesh,Fatehpur,2023,34,2024-03-19,2024-03-24,0.0794693797705936,0.2889846447008036,0.1918131967393806,0.1275652113344121,2,4.8500000000000005,valid
Uttar_Pradesh,Fatehpur,2023,35,2024-03-24,2024-03-29,0.1039003111276586,0.2693555730483786,0.2267874607412397,0.1545147691457543,2,0.215,valid
Uttar_Pradesh,Fatehpur,2023,36,2024-03-29,2024-04-03,0.10481732324656516,0.2721757305178786,0.22526712098977592,0.15544165164526255,0,,insufficient_data
Uttar_Pradesh,Fatehpur,2023,37,2024-04-03,2024-04-08,0.1197471669093818,0.2495066838540955,0.2447800780423878,0.1738271311914011,1,8.37,valid
Uttar_Pradesh,Fatehpur,2023,38,2024-04-08,2024-04-13,0.1437843671465671,0.266050389954697,0.2865624767462118,0.2074703984653061,1,0.0,valid
Uttar_Pradesh,Fatehpur,2023,39,2024-04-13,2024-04-18,0.16126299068298444,0.2861455114600228,0.30669981357215786,0.2310009180731067,0,,insufficient_data
Uttar_Pradesh,Fatehpur,2023,40,2024-04-18,2024-04-23,0.1731424155606275,0.2951425501191922,0.332357170274502,0.2534821959746925,3,1.83,valid
Uttar_Pradesh,Fatehpur,2023,41,2024-04-23,2024-04-28,0.17510159860751864,0.29835845399533195,0.3273397254154146,0.25005884703367526,0,,insufficient_data
Uttar_Pradesh,Fatehpur,2023,42,2024-04-28,2024-05-03,0.2083780131153614,0.3338824219121066,0.3630995292255299,0.2892239466610271,2,15.745,valid
Uttar_Pradesh,Fatehpur,2024,0,2024-10-01,2024-10-06,0.0679303825537569,0.3437002120666345,0.1904621491049365,0.1052165593990315,3,13.556666666666668,valid
Uttar_Pradesh,Fatehpur,2024,1,2024-10-06,2024-10-11,0.09022272830417417,0.312881740917856,0.21801875556204864,0.1367792617148142,0,,insufficient_data
Uttar_Pradesh,Fatehpur,2024,2,2024-10-11,2024-10-16,0.09784465103027785,0.3051132010141282,0.22952517247718518,0.1481646647579778,0,,insufficient_data
Uttar_Pradesh,Fatehpur,2024,3,2024-10-16,2024-10-21,0.0962869336402982,0.2931504010005932,0.2208015606974276,0.1437119133038887,1,0.28,valid
Uttar_Pradesh,Fatehpur,2024,4,2024-10-21,2024-10-26,0.1064508687184674,0.3017946096863403,0.2427925568837818,0.1614093124415224,2,0.235,valid
Uttar_Pradesh,Fatehpur,2024,5,2024-10-26,2024-10-31,0.1207104192085889,0.2818075813029448,0.2640444232225948,0.1823208738874686,2,16.424999999999997,valid
Uttar_Pradesh,Fatehpur,2024,6,2024-10-31,2024-11-05,0.11359777081934155,0.27343979146387787,0.24261911946251283,0.16789020820060155,0,,insufficient_data
Uttar_Pradesh,Fatehpur,2024,7,2024-11-05,2024-11-10,0.1246610996472216,0.2563830100562174,0.2476862040002289,0.1753839503962175,3,3.7566666666666655,valid
Uttar_Pradesh,Fatehpur,2024,8,2024-11-10,2024-11-15,0.1198795328821317,0.2340633552732936,0.237770852508531,0.1766249909739105,3,0.8533333333333332,valid
Uttar_Pradesh,Fatehpur,2024,9,2024-11-15,2024-11-20,0.12202177907451917,0.23331037027732346,0.23584439291299303,0.18015747913970506,0,,insufficient_data
Uttar_Pradesh,Fatehpur,2024,10,2024-11-20,2024-11-25,0.1248901476355149,0.2300761625409927,0.230163699484864,0.1744643272298672,3,1.6766666666666667,valid
Uttar_Pradesh,Fatehpur,2024,11,2024-11-25,2024-11-30,0.1231814919732488,0.2187690647855416,0.2286057813346279,0.1861228835658945,1,19.28,valid
Uttar_Pradesh,Fatehpur,2024,12,2024-11-30,2024-12-05,0.1174966232344788,0.227260258730572,0.2349954272367131,0.1881912435326357,2,0.1699999999999999,valid
Uttar_Pradesh,Fatehpur,2024,13,2024-12-05,2024-12-10,0.1129036932515297,0.2297463515425745,0.2268239754742196,0.1789138788160787,3,4.113333333333333,valid
Uttar_Pradesh,Fatehpur,2024,14,2024-12-10,2024-12-15,0.1097077158313365,0.23010957591576867,0.21928780129960526,0.17115768817953364,0,,insufficient_data
Uttar_Pradesh,Fatehpur,2024,15,2024-12-15,2024-12-20,0.1066229009577801,0.2341719267268498,0.2124616099049368,0.1653585723118896,3,0.7633333333333333,valid
Uttar_Pradesh,Fatehpur,2024,16,2024-12-20,2024-12-25,0.0883338697396451,0.2406002777933054,0.1935522125475289,0.1372018626711697,2,11.405,valid
Uttar_Pradesh,Fatehpur,2024,17,2024-12-25,2024-12-30,0.08646685492976673,0.25515113576212717,0.1905477959762587,0.13441673365040194,0,,insufficient_data
Uttar_Pradesh,Fatehpur,2024,18,2024-12-30,2025-01-04,0.08381610160694844,0.2809409113595878,0.19067431682034247,0.1301429783411884,1,24.62,missing_bands
Uttar_Pradesh,Fatehpur,2024,19,2025-01-04,2025-01-09,0.07621383515667124,0.29653057290383383,0.18341188579214437,0.11840444701762133,0,,insufficient_data
Uttar_Pradesh,Fatehpur,2024,20,2025-01-09,2025-01-14,0.064443794091875,0.2906812027662262,0.1656295654763104,0.1006897659681465,2,0.41,valid
Uttar_Pradesh,Fatehpur,2024,21,2025-01-14,2025-01-19,0.0758638416384936,0.3583102381519698,0.1910538793525938,0.1173217124135478,1,23.35,valid
Uttar_Pradesh,Fatehpur,2024,22,2025-01-19,2025-01-24,0.062298449925741683,0.32021557185575455,0.1667637031108,0.09871718359633948,0,,insufficient_data
Uttar_Pradesh,Fatehpur,2024,23,2025-01-24,2025-01-29,0.0548517900199413,0.3096905186033423,0.15677473035205,0.0903289393419789,3,0.2466666666666666,valid
Uttar_Pradesh,Fatehpur,2024,24,2025-01-29,2025-02-03,0.0540343739526568,0.3221803279014799,0.1535966372622458,0.0865283166616847,3,0.06,valid
Uttar_Pradesh,Fatehpur,2024,25,2025-02-03,2025-02-08,0.05493910217232052,0.33032293701134796,0.1553514477309605,0.08881794382764525,0,,insufficient_data
Uttar_Pradesh,Fatehpur,2024,26,2025-02-08,2025-02-13,0.0521426503533517,0.3371935275858475,0.153490974713728,0.0872286988558216,3,1.72,valid
Uttar_Pradesh,Fatehpur,2024,27,2025-02-13,2025-02-18,0.0550885781026895,0.333970153412836,0.1502745102218995,0.0858318525948516,1,1.49,valid
Uttar_Pradesh,Fatehpur,2024,28,2025-02-18,2025-02-23,0.0585781184329633,0.3485801575532342,0.1626203861048791,0.0941719116838895,2,4.295,valid
Uttar_Pradesh,Fatehpur,2024,29,2025-02-23,2025-02-28,0.0549813036952769,0.3406307671363376,0.1491518347956811,0.0876593840534888,1,5.31,valid
Uttar_Pradesh,Fatehpur,2024,30,2025-02-28,2025-03-05,0.06289415852405253,0.32674663696268447,0.1621444686503724,0.09795057956181268,0,,insufficient_data
Uttar_Pradesh,Fatehpur,2024,31,2025-03-05,2025-03-10,0.0624673434705024,0.3211634267959047,0.1647302381180789,0.1033452318734264,3,0.0166666666666666,valid
Uttar_Pradesh,Fatehpur,2024,32,2025-03-10,2025-03-15,0.0833554489188305,0.2893886799151097,0.1839453740113236,0.1187445176034071,3,10.253333333333332,valid
Uttar_Pradesh,Fatehpur,2024,33,2025-03-15,2025-03-20,0.10002105650514978,0.27452341215650994,0.2145242353486813,0.14908880452702977,0,,insufficient_data
Uttar_Pradesh,Fatehpur,2024,34,2025-03-20,2025-03-25,0.0981218811596002,0.2554416996413128,0.2096169188759037,0.1458585376027561,3,8.38,valid
Uttar_Pradesh,Fatehpur,2024,35,2025-03-25,2025-03-30,0.1187883307785547,0.2428655242781897,0.241450966697359,0.1762901470591173,1,0.0,valid
Uttar_Pradesh,Fatehpur,2024,36,2025-03-30,2025-04-04,0.1373722781982611,0.2637577301520327,0.2728776790407414,0.201205588496442,2,0.0,valid
Uttar_Pradesh,Fatehpur,2024,37,2025-04-04,2025-04-09,0.1508136404000673,0.2662956404285487,0.2896040896476636,0.2158780872329549,3,0.0233333333333333,valid
Uttar_Pradesh,Fatehpur,2024,38,2025-04-09,2025-04-14,0.15475665347357603,0.27496613670749964,0.2951793445171109,0.22379844141138228,0,,insufficient_data
Uttar_Pradesh,Fatehpur,2024,39,2025-04-14,2025-04-19,0.1739444159255235,0.2920933409499742,0.3154139837731206,0.235508761715034,3,0.1633333333333333,valid
Uttar_Pradesh,Fatehpur,2024,40,2025-04-19,2025-04-24,0.1928646020654736,0.3098184477287529,0.35655000342667,0.2901096225533633,3,0.0,valid
Uttar_Pradesh,Fatehpur,2024,41,2025-04-24,2025-04-29,0.18340450899549854,0.30095589433936354,0.3359819935998953,0.2628091921341986,0,,insufficient_data
Uttar_Pradesh,Fatehpur,2024,42,2025-04-29,2025-05-04,0.18340450899549854,0.30095589433936354,0.3359819935998953,0.2628091921341986,0,,insufficient_data
Uttar_Pradesh,Fatehpur,2025,0,2025-10-01,2025-10-06,0.08910241122413187,0.30994114655122784,0.21607273406600588,0.1342237241105925,0,,insufficient_data
Uttar_Pradesh,Fatehpur,2025,1,2025-10-06,2025-10-11,0.0730200263037042,0.33684325688957,0.1997062289210423,0.1081412805038754,2,22.46,valid
Uttar_Pradesh,Fatehpur,2025,2,2025-10-11,2025-10-16,0.0926856167501448,0.2974606680189584,0.2139192806101229,0.1367910064783781,1,0.05,valid
Uttar_Pradesh,Fatehpur,2025,3,2025-10-16,2025-10-21,0.1016015906185466,0.2955195147451551,0.2345926926668524,0.157738885349524,2,0.16,valid
Uttar_Pradesh,Fatehpur,2025,4,2025-10-21,2025-10-26,0.104063977750956,0.2698957759799379,0.2382506660876244,0.1631470899785148,3,4.213333333333334,valid
Uttar_Pradesh,Fatehpur,2025,5,2025-10-26,2025-10-31,0.10351175055658876,0.27722646159692305,0.23239214720204998,0.1603950118813056,0,,insufficient_data
Uttar_Pradesh,Fatehpur,2025,6,2025-10-31,2025-11-05,0.11033284124721604,0.26241611461581754,0.2382784551247762,0.17385264311265278,0,,insufficient_data
Uttar_Pradesh,Fatehpur,2025,7,2025-11-05,2025-11-10,0.1156958171067076,0.2460298876436409,0.2428059494436001,0.1839030657188054,3,4.913333333333333,valid
Uttar_Pradesh,Fatehpur,2025,8,2025-11-10,2025-11-15,0.11667321459577,0.2386379881459022,0.23591632770673202,0.1849476940541145,0,,insufficient_data
Uttar_Pradesh,Fatehpur,2025,9,2025-11-15,2025-11-20,0.119969979512654,0.2382192800945363,0.2374645123010278,0.1906215314037669,2,9.04,valid
Uttar_Pradesh,Fatehpur,2025,10,2025-11-20,2025-11-25,0.1180169833116219,0.2348144226566093,0.2306814011965363,0.1844581215272953,1,27.58,valid
Uttar_Pradesh,Fatehpur,2025,11,2025-11-25,2025-11-30,0.1130100784520965,0.2354883621888224,0.2327134478857639,0.1808080575665904,2,0.36,valid
Uttar_Pradesh,Fatehpur,2025,12,2025-11-30,2025-12-05,0.1024417330834311,0.2367488052613865,0.2112334354707889,0.1577829060761712,3,0.12,valid
Uttar_Pradesh,Fatehpur,2025,13,2025-12-05,2025-12-10,0.10597422961661868,0.2378157025764289,0.21782955214379082,0.16601750283480174,0,,insufficient_data
Uttar_Pradesh,Fatehpur,2025,14,2025-12-10,2025-12-15,0.0904281236193252,0.2442112201988974,0.1966899240220742,0.1410209261691501,3,0.9366666666666666,valid
Uttar_Pradesh,Fatehpur,2025,15,2025-12-15,2025-12-20,0.09643492835137815,0.24048001273014197,0.20396167974643153,0.14940191612266066,0,,insufficient_data
Uttar_Pradesh,Fatehpur,2025,16,2025-12-20,2025-12-25,0.0904281236193252,0.2442112201988974,0.1966899240220742,0.1410209261691501,0,,insufficient_data
Uttar_Pradesh,Fatehpur,2025,17,2025-12-25,2025-12-30,0.0731086577106609,0.26421946861179313,0.17326048977311034,0.11451956924473815,1,25.5,missing_bands
Uttar_Pradesh,Fatehpur,2025,18,2025-12-30,2026-01-04,0.0557891918019966,0.2842277170246889,0.1498310555241465,0.0880182123203262,0,,insufficient_data
Uttar_Pradesh,Fatehpur,2025,19,2026-01-04,2026-01-09,0.05530002894987465,0.29472019348378686,0.1500269448680476,0.08658445077780386,0,,insufficient_data
Uttar_Pradesh,Fatehpur,2025,20,2026-01-09,2026-01-14,0.0557891918019966,0.2842277170246889,0.1498310555241465,0.0880182123203262,3,0.1633333333333333,valid
Uttar_Pradesh,Fatehpur,2025,21,2026-01-14,2026-01-19,0.05530002894987465,0.29472019348378686,0.1500269448680476,0.08658445077780386,0,,insufficient_data
Uttar_Pradesh,Fatehpur,2025,22,2026-01-19,2026-01-24,0.0548108660977527,0.3052126699428848,0.1502228342119487,0.0851506892352815,3,8.74,valid
Uttar_Pradesh,Fatehpur,2025,23,2026-01-24,2026-01-29,0.0523902254703741,0.32122334248129025,0.14743428465357866,0.08306711798806575,0,,insufficient_data
Uttar_Pradesh,Fatehpur,2025,24,2026-01-29,2026-02-03,0.0512572366931666,0.33355521763349066,0.14663536103005606,0.0814167532106456,0,,insufficient_data
Uttar_Pradesh,Fatehpur,2025,25,2026-02-03,2026-02-08,0.0497733008240573,0.3526585935786439,0.145221705692478,0.0797793344781858,2,0.765,valid
Uttar_Pradesh,Fatehpur,2025,26,2026-02-08,2026-02-13,0.0491875431576898,0.3427943893789434,0.1444615431857415,0.0793202359184695,1,1.35,valid
Uttar_Pradesh,Fatehpur,2025,27,2026-02-13,2026-02-18,0.052286132180213996,0.3375191668965837,0.14849871420270883,0.08364716601038008,0,,insufficient_data
Uttar_Pradesh,Fatehpur,2025,28,2026-02-18,2026-02-23,0.0515673422306158,0.3363085536514656,0.1469574079745219,0.0825959439334748,3,12.603333333333332,valid
Uttar_Pradesh,Fatehpur,2025,29,2026-02-23,2026-02-28,0.0571784371633583,0.3173817023888481,0.15350989383539965,0.08914573272535961,0,,insufficient_data
Uttar_Pradesh,Fatehpur,2025,30,2026-02-28,2026-03-05,0.0586163425084931,0.3183151309772818,0.1573541999580939,0.0928931497113902,3,7.186666666666667,valid
Uttar_Pradesh,Fatehpur,2025,31,2026-03-05,2026-03-10,0.0693425207566345,0.2721087355477017,0.1652664242232413,0.101773601338104,3,2.5166666666666666,valid
Uttar_Pradesh,Fatehpur,2025,32,2026-03-10,2026-03-15,0.08968709787679405,0.2636403389268126,0.19797954101046727,0.1324538334107625,0,,insufficient_data
Uttar_Pradesh,Fatehpur,2025,33,2026-03-15,2026-03-20,0.0984140085339028,0.2488943635115587,0.1983673872651983,0.133187357650445,3,2.236666666666667,valid
Uttar_Pradesh,Fatehpur,2025,34,2026-03-20,2026-03-25,0.1059777030839131,0.2341196948740212,0.2233385934606487,0.1567842111560428,1,0.1,valid
Uttar_Pradesh,Fatehpur,2025,35,2026-03-25,2026-03-30,0.1160849145010267,0.2447637697234994,0.2455711001451542,0.1776308471978304,2,0.09,valid
Uttar_Pradesh,Fatehpur,2025,36,2026-03-30,2026-04-04,0.1068255420396142,0.24259260936969307,0.22242569362366704,0.15586747200143938,0,,insufficient_data
Uttar_Pradesh,Fatehpur,2025,37,2026-04-04,2026-04-09,0.1110313087924699,0.2394417322987603,0.23445484680290146,0.1672075291769366,0,,insufficient_data
Uttar_Pradesh,Fatehpur,2025,38,2026-04-09,2026-04-14,0.1160849145010267,0.2447637697234994,0.2455711001451542,0.1776308471978304,0,,insufficient_data
Uttar_Pradesh,Fatehpur,2025,39,2026-04-14,2026-04-19,,,,,0,,insufficient_data
Uttar_Pradesh,Fatehpur,2025,40,2026-04-19,2026-04-24,,,,,0,,insufficient_data
Uttar_Pradesh,Fatehpur,2025,41,2026-04-24,2026-04-29,,,,,0,,insufficient_data
Uttar_Pradesh,Fatehpur,2025,42,2026-04-29,2026-05-04,,,,,0,,insufficient_data
