state,district,year,time_step,start_date,end_date,Red,NIR,SWIR1,SWIR2,image_count,mean_cloud_cover,quality_flag
Uttar_Pradesh,Saharanpur,2010,0,2010-10-01,2010-10-06,0.0742160215483618,0.2846045280395167,0.1829901006334368,0.0982017911957082,3,4.0,valid
Uttar_Pradesh,Saharanpur,2010,1,2010-10-06,2010-10-11,0.0986928151613285,0.27689338273824543,0.196845991169894,0.11347255585405965,0,,insufficient_data
Uttar_Pradesh,Saharanpur,2010,2,2010-10-11,2010-10-16,0.086220448383455,0.2675894393172794,0.195263881595757,0.1128624788227387,3,1.3333333333333333,valid
Uttar_Pradesh,Saharanpur,2010,3,2010-10-16,2010-10-21,0.1356419755521687,0.2784861808579402,0.2122839912804882,0.129353397543732,2,8.5,valid
Uttar_Pradesh,Saharanpur,2010,4,2010-10-21,2010-10-26,0.10160955819691796,0.25387202772838774,0.20762414872259133,0.12913935784000743,0,,insufficient_data
Uttar_Pradesh,Saharanpur,2010,5,2010-10-26,2010-10-31,0.0918309231594679,0.2426670228394976,0.2136899700797049,0.135534987706973,3,1.0,valid
Uttar_Pradesh,Saharanpur,2010,6,2010-10-31,2010-11-05,0.10815555603221305,0.24381488788997482,0.21160941877083841,0.13606220833075172,0,,insufficient_data
Uttar_Pradesh,Saharanpur,2010,7,2010-11-05,2010-11-10,0.0927448856925802,0.2267454678988337,0.2092587519344153,0.138806567286586,2,1.5,valid
Uttar_Pradesh,Saharanpur,2010,8,2010-11-10,2010-11-15,0.1124044397246354,0.2273608799636279,0.2112049617887454,0.1405538807857159,2,1.0,valid
Uttar_Pradesh,Saharanpur,2010,9,2010-11-15,2010-11-20,0.10099199407973186,0.22172181339603825,0.20712831750554897,0.14068733327481844,0,,insufficient_data
Uttar_Pradesh,Saharanpur,2010,10,2010-11-20,2010-11-25,0.0954456892614455,0.2202069699433339,0.2060324135968542,0.1451735419463891,1,5.0,valid
Uttar_Pradesh,Saharanpur,2010,11,2010-11-25,2010-11-30,0.1033729616402663,0.2125739357783575,0.202017142702181,0.1382153430805828,3,1.0,valid
Uttar_Pradesh,Saharanpur,2010,12,2010-11-30,2010-12-05,0.09631172655448131,0.20832974951195338,0.19662273208393014,0.13779131966410413,0,,insufficient_data
Uttar_Pradesh,Saharanpur,2010,13,2010-12-05,2010-12-10,0.0974556750731899,0.2013321893197454,0.1925483360607671,0.1354107544768545,2,1.0,valid
Uttar_Pradesh,Saharanpur,2010,14,2010-12-10,2010-12-15,0.090265670826621,0.1997178576519629,0.1813525804386779,0.132202056156587,1,0.0,valid
Uttar_Pradesh,Saharanpur,2010,15,2010-12-15,2010-12-20,0.0950186359708838,0.2078177948663671,0.2011631876211704,0.1379549026601073,1,2.0,valid
Uttar_Pradesh,Saharanpur,2010,16,2010-12-20,2010-12-25,0.1176848309096378,0.2070755041844988,0.1848230433418503,0.1324855605879244,2,2.5,valid
Uttar_Pradesh,Saharanpur,2010,17,2010-12-25,2010-12-30,0.10098971256904754,0.20487038556760961,0.18911293713389954,0.1342141731348729,0,,insufficient_data
Uttar_Pradesh,Saharanpur,2010,18,2010-12-30,2011-01-04,0.10026644009760417,0.2146901483392661,0.18862313772781344,0.12741524153638634,0,,insufficient_data
Uttar_Pradesh,Saharanpur,2010,19,2011-01-04,2011-01-09,0.09085972724791251,0.21843656126587166,0.17452778113931045,0.11325952040703317,0,,insufficient_data
Uttar_Pradesh,Saharanpur,2010,20,2011-01-09,2011-01-14,0.07473440413454259,0.22729363925379734,0.16813551873703023,0.10479740576095394,0,,insufficient_data
Uttar_Pradesh,Saharanpur,2010,21,2011-01-14,2011-01-19,0.0880958534122909,0.2291771459669324,0.1798831822204197,0.1118052613611273,2,8.0,valid
Uttar_Pradesh,Saharanpur,2010,22,2011-01-19,2011-01-24,0.0667984974218088,0.2190570336461838,0.1588771178556613,0.0954877392720478,1,0.0,valid
Uttar_Pradesh,Saharanpur,2010,23,2011-01-24,2011-01-29,0.0693088615695281,0.2336467381482759,0.1656462561350096,0.1070992166496867,1,15.0,valid
Uttar_Pradesh,Saharanpur,2010,24,2011-01-29,2011-02-03,0.0727917217914195,0.2500428049927373,0.170251671405622,0.1013551854021888,2,5.0,valid
Uttar_Pradesh,Saharanpur,2010,25,2011-02-03,2011-02-08,0.06469362635295631,0.2521308775471216,0.16116672918187075,0.09425276042155031,0,,insufficient_data
Uttar_Pradesh,Saharanpur,2010,26,2011-02-08,2011-02-13,0.0586445904268578,0.2646472988228669,0.1500611939007736,0.0831854423008817,3,3.6666666666666665,valid
Uttar_Pradesh,Saharanpur,2010,27,2011-02-13,2011-02-18,0.0559244605551673,0.293260512125544,0.1609974066122871,0.0841362184829466,1,23.0,valid
Uttar_Pradesh,Saharanpur,2010,28,2011-02-18,2011-02-23,0.06820776691503923,0.3012054357159081,0.16943350350504488,0.09739834564191346,0,,insufficient_data
Uttar_Pradesh,Saharanpur,2010,29,2011-02-23,2011-02-28,0.062676779870801,0.3220604776527263,0.1748232265113079,0.1012061677957701,1,0.0,valid
Uttar_Pradesh,Saharanpur,2010,30,2011-02-28,2011-03-05,0.07107545273435231,0.30505398451768106,0.17281589517791177,0.10202263938869682,0,,insufficient_data
Uttar_Pradesh,Saharanpur,2010,31,2011-03-05,2011-03-10,0.0955852368073308,0.3248534542624952,0.191852186995811,0.1210655539880554,2,11.5,valid
Uttar_Pradesh,Saharanpur,2010,32,2011-03-10,2011-03-15,0.0701153337041101,0.2800414940299587,0.1635907605922411,0.1016826172880152,1,1.0,valid
Uttar_Pradesh,Saharanpur,2010,33,2011-03-15,2011-03-20,0.08901067948393103,0.27496336676905786,0.18168049491022395,0.11796470010295543,0,,insufficient_data
Uttar_Pradesh,Saharanpur,2010,34,2011-03-20,2011-03-25,0.0801423644958248,0.2519728082491644,0.1794884863530801,0.1185506913192191,2,14.5,valid
Uttar_Pradesh,Saharanpur,2010,35,2011-03-25,2011-03-30,0.1101997829284584,0.2429857105346131,0.1917905456997636,0.130559937816532,2,14.5,valid
Uttar_Pradesh,Saharanpur,2010,36,2011-03-30,2011-04-04,0.10034802626142875,0.23883656630805528,0.19455140456350087,0.1344723261162661,0,,insufficient_data
Uttar_Pradesh,Saharanpur,2010,37,2011-04-04,2011-04-09,0.099033326546046,0.2337590470609109,0.1893930773013403,0.1324824747261114,2,2.5,valid
Uttar_Pradesh,Saharanpur,2010,38,2011-04-09,2011-04-14,0.1099211800031696,0.23367959350517006,0.2106326075248056,0.15082866742269616,0,,insufficient_data
Uttar_Pradesh,Saharanpur,2010,39,2011-04-14,2011-04-19,0.1120166310753858,0.2266286993875327,0.2175335088998195,0.1562962006032019,2,4.5,valid
Uttar_Pradesh,Saharanpur,2010,40,2011-04-19,2011-04-24,0.1184349794627882,0.2313449170376235,0.243813298198299,0.1839760565449393,3,1.3333333333333333,valid
Uttar_Pradesh,Saharanpur,2010,41,2011-04-24,2011-04-29,0.115225805269087,0.2289868082125781,0.23067340354905924,0.1701361285740706,0,,insufficient_data
Uttar_Pradesh,Saharanpur,2010,42,2011-04-29,2011-05-04,0.115225805269087,0.2289868082125781,0.23067340354905924,0.1701361285740706,0,,insufficient_data
Uttar_Pradesh,Saharanpur,2011,0,2011-10-01,2011-10-06,0.0824478079629394,0.2771234305505299,0.18939769280380214,0.11012869708731846,0,,insufficient_data
Uttar_Pradesh,Saharanpur,2011,1,2011-10-06,2011-10-11,0.0807356982695085,0.2878814201907794,0.1965827687437551,0.1107619318951316,2,2.5,valid
Uttar_Pradesh,Saharanpur,2011,2,2011-10-11,2011-10-16,0.0841599176563703,0.2663654409102804,0.1822126168638492,0.1094954622795053,1,7.0,valid
Uttar_Pradesh,Saharanpur,2011,3,2011-10-16,2011-10-21,0.08651956679769737,0.2566135119061956,0.19342411031108347,0.11864126782233059,0,,insufficient_data
Uttar_Pradesh,Saharanpur,2011,4,2011-10-21,2011-10-26,0.091614687219498,0.2431587659627242,0.1977361966317425,0.1254196243375383,3,1.3333333333333333,valid
Uttar_Pradesh,Saharanpur,2011,5,2011-10-26,2011-10-31,0.0895679640454127,0.2290484205609982,0.1971648590049871,0.1288880527771471,1,0.0,valid
Uttar_Pradesh,Saharanpur,2011,6,2011-10-31,2011-11-05,0.09315754058249147,0.23532300481306956,0.2001940300661527,0.130851664768211,0,,insufficient_data
Uttar_Pradesh,Saharanpur,2011,7,2011-11-05,2011-11-10,0.0982899704825637,0.2337618279154863,0.2056810345617285,0.1382473171899476,1,2.0,valid
Uttar_Pradesh,Saharanpur,2011,8,2011-11-10,2011-11-15,0.0939289672639882,0.23140512423824225,0.20142294678335781,0.13356768498354735,0,,insufficient_data
Uttar_Pradesh,Saharanpur,2011,9,2011-11-15,2011-11-20,0.0982899704825637,0.2337618279154863,0.2056810345617285,0.1382473171899476,0,,insufficient_data
Uttar_Pradesh,Saharanpur,2011,10,2011-11-20,2011-11-25,0.0982899704825637,0.2337618279154863,0.2056810345617285,0.1382473171899476,0,,insufficient_data
Uttar_Pradesh,Saharanpur,2011,11,2011-11-25,2011-11-30,0.452000830411023,0.469021275977296,0.420779894528703,0.3339695157073067,0,,insufficient_data
Uttar_Pradesh,Saharanpur,2011,12,2011-11-30,2011-12-05,0.28775971666070904,0.3373063410332857,0.2955568701431175,0.2280576100209622,0,,insufficient_data
Uttar_Pradesh,Saharanpur,2011,13,2011-12-05,2011-12-10,0.28775971666070904,0.3373063410332857,0.2955568701431175,0.2280576100209622,0,,insufficient_data
Uttar_Pradesh,Saharanpur,2011,14,2011-12-10,2011-12-15,0.452000830411023,0.469021275977296,0.420779894528703,0.3339695157073067,1,6.0,valid
Uttar_Pradesh,Saharanpur,2011,15,2011-12-15,2011-12-20,0.1235186029103951,0.2055914060892754,0.170333845757532,0.1221457043346177,1,8.0,valid
Uttar_Pradesh,Saharanpur,2011,16,2011-12-20,2011-12-25,0.2729387669206331,0.32623544083214173,0.2910302246010217,0.22413961956111655,0,,insufficient_data
Uttar_Pradesh,Saharanpur,2011,17,2011-12-25,2011-12-30,0.0956129745561902,0.1884346326748683,0.1667353058007019,0.118275113090883,2,7.0,valid
Uttar_Pradesh,Saharanpur,2011,18,2011-12-30,2012-01-04,0.4206226598049243,0.4418944485871271,0.4062718523171499,0.3221681451116588,1,10.0,valid
Uttar_Pradesh,Saharanpur,2011,19,2012-01-04,2012-01-09,0.28093022181081667,0.33982095971953524,0.30213448579647323,0.23287920681418484,0,,insufficient_data
Uttar_Pradesh,Saharanpur,2011,20,2012-01-09,2012-01-14,0.3265550310713354,0.3891337978966103,0.333396299271568,0.2581943622400127,2,8.0,valid
Uttar_Pradesh,Saharanpur,2011,21,2012-01-14,2012-01-19,0.2710942798210751,0.3559299653018926,0.29565412420227494,0.2242635834898905,0,,insufficient_data
Uttar_Pradesh,Saharanpur,2011,22,2012-01-19,2012-01-24,0.19633008982915048,0.3129477236592753,0.2403452601448374,0.17531130267900635,0,,insufficient_data
Uttar_Pradesh,Saharanpur,2011,23,2012-01-24,2012-01-29,0.0661051485869656,0.2367616494219403,0.1472942210181068,0.092428243118,1,22.0,valid
Uttar_Pradesh,Saharanpur,2011,24,2012-01-29,2012-02-03,0.0661051485869656,0.2367616494219403,0.1472942210181068,0.092428243118,0,,insufficient_data
Uttar_Pradesh,Saharanpur,2011,25,2012-02-03,2012-02-08,0.06540269157246714,0.25463280798348664,0.1533667886026408,0.0957444088760178,0,,insufficient_data
Uttar_Pradesh,Saharanpur,2011,26,2012-02-08,2012-02-13,0.06540269157246714,0.25463280798348664,0.1533667886026408,0.0957444088760178,0,,insufficient_data
Uttar_Pradesh,Saharanpur,2011,27,2012-02-13,2012-02-18,0.07256981816369329,0.26748875537264494,0.15888171239385057,0.10124762622508165,0,,insufficient_data
Uttar_Pradesh,Saharanpur,2011,28,2012-02-18,2012-02-23,0.0647002345579687,0.272503966545033,0.1594393561871748,0.0990605746340356,1,11.0,valid
Uttar_Pradesh,Saharanpur,2011,29,2012-02-23,2012-02-28,0.09427083747290525,0.27566225955166196,0.17005034356056337,0.11164118239155922,0,,insufficient_data
Uttar_Pradesh,Saharanpur,2011,30,2012-02-28,2012-03-04,0.0804394017694179,0.2624735442002568,0.1583240686005263,0.1034346778161277,1,11.0,valid
Uttar_Pradesh,Saharanpur,2011,31,2012-03-04,2012-03-09,0.1376728760913292,0.2920092679096959,0.1923876058939889,0.1324282947245143,1,2.0,valid
Uttar_Pradesh,Saharanpur,2011,32,2012-03-09,2012-03-14,0.0999696851973261,0.27906154850714493,0.17799240145870354,0.12034679485706948,0,,insufficient_data
Uttar_Pradesh,Saharanpur,2011,33,2012-03-14,2012-03-19,0.0821057457541449,0.2863313834429154,0.1821633252451622,0.1210237340279246,2,3.5,valid
Uttar_Pradesh,Saharanpur,2011,34,2012-03-19,2012-03-24,0.0996607171744124,0.2754319984757115,0.1790946060951367,0.1245004728597113,1,0.0,valid
Uttar_Pradesh,Saharanpur,2011,35,2012-03-24,2012-03-29,0.09208175970338381,0.24978489123031658,0.1782660612368468,0.12303133279634461,0,,insufficient_data
Uttar_Pradesh,Saharanpur,2011,36,2012-03-29,2012-04-03,0.0974098066288856,0.2300562032845015,0.1823124505037187,0.127440761815433,2,2.0,valid
Uttar_Pradesh,Saharanpur,2011,37,2012-04-03,2012-04-08,0.0891507692560923,0.2073199797181379,0.1694938631033696,0.1191603624823095,1,6.0,valid
Uttar_Pradesh,Saharanpur,2011,38,2012-04-08,2012-04-13,0.09860112477007968,0.21536284799001604,0.18993220186163895,0.1355446232828567,0,,insufficient_data
Uttar_Pradesh,Saharanpur,2011,39,2012-04-13,2012-04-18,0.1004344136323291,0.2126821711243615,0.1952131066831841,0.1351032219855039,1,0.0,valid
Uttar_Pradesh,Saharanpur,2011,40,2012-04-18,2012-04-23,0.09899823081714437,0.2104650628918542,0.1924721189809457,0.1382459104386646,0,,insufficient_data
Uttar_Pradesh,Saharanpur,2011,41,2012-04-23,2012-04-28,0.1074095095630117,0.2113930378330633,0.2127093871562834,0.1604741468481804,1,1.0,valid
Uttar_Pradesh,Saharanpur,2011,42,2012-04-28,2012-05-03,0.1039219615976704,0.2120376044787124,0.20396124691973375,0.14778868441684215,0,,insufficient_data
Uttar_Pradesh,Saharanpur,2012,0,2012-10-01,2012-10-06,0.07190980162426745,0.27186529221356137,0.18863460036004537,0.10939294870961895,0,,insufficient_data
Uttar_Pradesh,Saharanpur,2012,1,2012-10-06,2012-10-11,0.0665408804209089,0.2805862633336397,0.1887677041891115,0.1066733490274959,2,11.5,valid
Uttar_Pradesh,Saharanpur,2012,2,2012-10-11,2012-10-16,0.07735402475135687,0.2689939986135705,0.19448305946708735,0.11557512410683857,0,,insufficient_data
Uttar_Pradesh,Saharanpur,2012,3,2012-10-16,2012-10-21,0.077278722827626,0.263144321093483,0.1885014965309792,0.112112548391742,1,0.0,valid
Uttar_Pradesh,Saharanpur,2012,4,2012-10-21,2012-10-26,0.0882424710055357,0.2632514114135886,0.2061799776811713,0.1279394749012778,2,3.0,valid
Uttar_Pradesh,Saharanpur,2012,5,2012-10-26,2012-10-31,0.09945308508472969,0.2519283473952832,0.1991950718141963,0.12581600701293472,0,,insufficient_data
Uttar_Pradesh,Saharanpur,2012,6,2012-10-31,2012-11-05,0.0850031486271229,0.2289317199696043,0.1935302694346095,0.1252857497011807,1,0.0,valid
Uttar_Pradesh,Saharanpur,2012,7,2012-11-05,2012-11-10,0.10149938385837504,0.23814015320155008,0.19915652603774386,0.13010139432628415,0,,insufficient_data
Uttar_Pradesh,Saharanpur,2012,8,2012-11-10,2012-11-15,0.1472879978786342,0.2523859371044569,0.2085685436100252,0.1379262550575384,2,9.5,valid
Uttar_Pradesh,Saharanpur,2012,9,2012-11-15,2012-11-20,0.0854639179222073,0.2079915443185505,0.1883473134251694,0.1292540976451398,1,0.0,valid
Uttar_Pradesh,Saharanpur,2012,10,2012-11-20,2012-11-25,0.10344851366295617,0.22058021592763005,0.19598385406599803,0.1348669366468106,0,,insufficient_data
Uttar_Pradesh,Saharanpur,2012,11,2012-11-25,2012-11-30,0.0919910645414928,0.2170897530587597,0.2002029831994658,0.1404481266285606,2,1.5,valid
Uttar_Pradesh,Saharanpur,2012,12,2012-11-30,2012-12-05,0.0890510743094904,0.2048536292287532,0.1868165760293317,0.1318392672560036,1,0.0,valid
Uttar_Pradesh,Saharanpur,2012,13,2012-12-05,2012-12-10,0.09244988797035154,0.20881064971521818,0.18515850351259197,0.12883609441841778,0,,insufficient_data
Uttar_Pradesh,Saharanpur,2012,14,2012-12-10,2012-12-15,0.1019233966808481,0.2059446607224836,0.1705438637627007,0.1173989906794367,2,20.5,valid
Uttar_Pradesh,Saharanpur,2012,15,2012-12-15,2012-12-20,0.0868340163495749,0.2073545558508762,0.1830705910588697,0.1256579931096702,1,0.0,valid
Uttar_Pradesh,Saharanpur,2012,16,2012-12-20,2012-12-25,0.09437870651521149,0.2066496082866799,0.1768072274107852,0.12152849189455345,0,,insufficient_data
Uttar_Pradesh,Saharanpur,2012,17,2012-12-25,2012-12-30,0.0949927518897586,0.2091333831655827,0.17805816071563976,0.12171331539792367,0,,insufficient_data
Uttar_Pradesh,Saharanpur,2012,18,2012-12-30,2013-01-04,0.09152742949421386,0.21072774438713227,0.1818153091921093,0.12387047775716716,0,,insufficient_data
Uttar_Pradesh,Saharanpur,2012,19,2013-01-04,2013-01-09,0.0962208426388528,0.2141009329233883,0.1805600273253489,0.1220829624046641,0,,insufficient_data
Uttar_Pradesh,Saharanpur,2012,20,2013-01-09,2013-01-14,0.0962208426388528,0.2141009329233883,0.1805600273253489,0.1220829624046641,2,5.0,valid
Uttar_Pradesh,Saharanpur,2012,21,2013-01-14,2013-01-19,0.12611626004326382,0.2490035054864415,0.18665107490683194,0.1229992168639858,0,,insufficient_data
Uttar_Pradesh,Saharanpur,2012,22,2013-01-19,2013-01-24,0.12611626004326382,0.2490035054864415,0.18665107490683194,0.1229992168639858,0,,insufficient_data
Uttar_Pradesh,Saharanpur,2012,23,2013-01-24,2013-01-29,0.12611626004326382,0.2490035054864415,0.18665107490683194,0.1229992168639858,0,,insufficient_data
Uttar_Pradesh,Saharanpur,2012,24,2013-01-29,2013-02-03,0.1560116774476748,0.2839060780494947,0.192742122488315,0.1239154713233075,1,13.0,valid
Uttar_Pradesh,Saharanpur,2012,25,2013-02-03,2013-02-08,0.10913651846674591,0.2812677096302309,0.18036268495154614,0.11066227497816665,0,,insufficient_data
Uttar_Pradesh,Saharanpur,2012,26,2013-02-08,2013-02-13,0.10913651846674591,0.2812677096302309,0.18036268495154614,0.11066227497816665,0,,insufficient_data
Uttar_Pradesh,Saharanpur,2012,27,2013-02-13,2013-02-18,0.062261359485817,0.2786293412109671,0.1679832474147773,0.0974090786330258,2,3.5,valid
Uttar_Pradesh,Saharanpur,2012,28,2013-02-18,2013-02-23,0.06122033004287656,0.2937671002331669,0.16917546872003167,0.09894486131666701,0,,insufficient_data
Uttar_Pradesh,Saharanpur,2012,29,2013-02-23,2013-02-28,0.06122033004287656,0.2937671002331669,0.16917546872003167,0.09894486131666701,0,,insufficient_data
Uttar_Pradesh,Saharanpur,2012,30,2013-02-28,2013-03-05,0.0596591738378362,0.3129564980604657,0.1769807803707301,0.1029374175307222,2,3.5,valid
Uttar_Pradesh,Saharanpur,2012,31,2013-03-05,2013-03-10,0.0617404568049765,0.2897154614280678,0.1625623783745876,0.096488087786253,1,3.0,valid
Uttar_Pradesh,Saharanpur,2012,32,2013-03-10,2013-03-15,0.07563435803307172,0.29163158988271565,0.17251822091679242,0.10697976381684905,0,,insufficient_data
Uttar_Pradesh,Saharanpur,2012,33,2013-03-15,2013-03-20,0.0729102524859228,0.2798331747531692,0.1821496678135112,0.1155764106827766,2,2.5,valid
Uttar_Pradesh,Saharanpur,2012,34,2013-03-20,2013-03-25,0.08220641943598712,0.27851749819720995,0.1736951982490308,0.11054005374124873,0,,insufficient_data
Uttar_Pradesh,Saharanpur,2012,35,2013-03-25,2013-03-30,0.1082275490035514,0.2840212252891598,0.1683800571083408,0.1129171392676444,1,17.0,valid
Uttar_Pradesh,Saharanpur,2012,36,2013-03-30,2013-04-04,0.0859474194494978,0.2605001313184431,0.1816886896996836,0.1171785772283209,1,12.0,valid
Uttar_Pradesh,Saharanpur,2012,37,2013-04-04,2013-04-09,0.0970874842265246,0.2722606783038014,0.1750343734040122,0.11504785824798265,0,,insufficient_data
Uttar_Pradesh,Saharanpur,2012,38,2013-04-09,2013-04-14,0.0970874842265246,0.2722606783038014,0.1750343734040122,0.11504785824798265,0,,insufficient_data
Uttar_Pradesh,Saharanpur,2012,39,2013-04-14,2013-04-19,0.0859474194494978,0.2605001313184431,0.1816886896996836,0.1171785772283209,0,,insufficient_data
Uttar_Pradesh,Saharanpur,2012,40,2013-04-19,2013-04-24,,,,,0,,insufficient_data
Uttar_Pradesh,Saharanpur,2012,41,2013-04-24,2013-04-29,,,,,0,,insufficient_data
Uttar_Pradesh,Saharanpur,2012,42,2013-04-29,2013-05-04,,,,,0,,insufficient_data
Uttar_Pradesh,Saharanpur,2013,0,2013-10-01,2013-10-06,0.0711273685956241,0.2664295033356102,0.1895411691246802,0.1110728152178583,0,,insufficient_data
Uttar_Pradesh,Saharanpur,2013,1,2013-10-06,2013-10-11,0.0711273685956241,0.2664295033356102,0.1895411691246802,0.1110728152178583,0,,insufficient_data
Uttar_Pradesh,Saharanpur,2013,2,2013-10-11,2013-10-16,0.07836178683225115,0.2590834610351591,0.19358891590576055,0.11744523984700045,0,,insufficient_data
Uttar_Pradesh,Saharanpur,2013,3,2013-10-16,2013-10-21,0.0711273685956241,0.2664295033356102,0.1895411691246802,0.1110728152178583,3,4.216666666666667,valid
Uttar_Pradesh,Saharanpur,2013,4,2013-10-21,2013-10-26,0.08049329347057377,0.2496145937235433,0.19450267738706037,0.12066458170857974,0,,insufficient_data
Uttar_Pradesh,Saharanpur,2013,5,2013-10-26,2013-10-31,0.0855962050688782,0.251737418734708,0.1976366626868409,0.1238176644761426,3,7.166666666666667,valid
Uttar_Pradesh,Saharanpur,2013,6,2013-10-31,2013-11-05,0.084756306747219,0.2306768591003116,0.19633020034966,0.1271032654317383,1,0.0,valid
Uttar_Pradesh,Saharanpur,2013,7,2013-11-05,2013-11-10,0.08423819754368585,0.22772159999178354,0.19281139492220303,0.12799998230991233,0,,insufficient_data
Uttar_Pradesh,Saharanpur,2013,8,2013-11-10,2013-11-15,0.0820697691522667,0.217425021904326,0.1917383662118176,0.1307705505016895,3,1.6733333333333331,valid
Uttar_Pradesh,Saharanpur,2013,9,2013-11-15,2013-11-20,0.08352085596167658,0.2155443610180007,0.18994284771505096,0.12957980430487254,0,,insufficient_data
Uttar_Pradesh,Saharanpur,2013,10,2013-11-20,2013-11-25,0.0845305092063795,0.2110471002277885,0.1855403504404937,0.1303084488300789,3,1.12,valid
Uttar_Pradesh,Saharanpur,2013,11,2013-11-25,2013-11-30,0.0827268387408411,0.2030284628395768,0.1861624738582326,0.1301369524559834,3,0.6699999999999999,valid
Uttar_Pradesh,Saharanpur,2013,12,2013-11-30,2013-12-05,0.09272904827256717,0.2054957658736427,0.17979092328380772,0.12388918936610963,0,,insufficient_data
Uttar_Pradesh,Saharanpur,2013,13,2013-12-05,2013-12-10,0.0822823964242695,0.2031983573609342,0.1795385440900281,0.1248314253293216,3,11.196666666666667,valid
Uttar_Pradesh,Saharanpur,2013,14,2013-12-10,2013-12-15,0.0838587271704353,0.2013601426698197,0.1664223456878988,0.1144991428934972,1,1.24,valid
Uttar_Pradesh,Saharanpur,2013,15,2013-12-15,2013-12-20,0.1302467698209105,0.2088447662700945,0.1812909023423854,0.119669977321667,1,2.0,valid
Uttar_Pradesh,Saharanpur,2013,16,2013-12-20,2013-12-25,0.09059582355726588,0.21136635909667656,0.16975831077615472,0.11437296903405522,0,,insufficient_data
Uttar_Pradesh,Saharanpur,2013,17,2013-12-25,2013-12-30,0.09267418034051497,0.21340835953061213,0.16731325244768638,0.11175835496023863,0,,insufficient_data
Uttar_Pradesh,Saharanpur,2013,18,2013-12-30,2014-01-04,0.0688521837923355,0.2096886781175168,0.1548622153608207,0.10421561938322,1,0.04,valid
Uttar_Pradesh,Saharanpur,2013,19,2014-01-04,2014-01-09,0.0877390405783786,0.2337398510650176,0.1666775463996406,0.1086486802425703,1,26.0,valid
Uttar_Pradesh,Saharanpur,2013,20,2014-01-09,2014-01-14,0.07047898795959777,0.2242071150062178,0.15027175377735005,0.09380522224882804,0,,insufficient_data
Uttar_Pradesh,Saharanpur,2013,21,2014-01-14,2014-01-19,0.17565663055478917,0.30378328291354795,0.23379136396447894,0.17169933651952238,0,,insufficient_data
Uttar_Pradesh,Saharanpur,2013,22,2014-01-19,2014-01-24,0.0548457395080792,0.2291928158361189,0.1292754995715889,0.0685513671206938,1,15.0,valid
Uttar_Pradesh,Saharanpur,2013,23,2014-01-24,2014-01-29,0.20034310041281478,0.34892138589153526,0.25462384077218286,0.1878854918729932,0,,insufficient_data
Uttar_Pradesh,Saharanpur,2013,24,2014-01-29,2014-02-03,0.4911895583403634,0.5425117866355385,0.4843501945258656,0.4053816793316054,1,18.0,valid
Uttar_Pradesh,Saharanpur,2013,25,2014-02-03,2014-02-08,0.163311336788907,0.330721974731392,0.22768274396724866,0.16152826508362572,0,,insufficient_data
Uttar_Pradesh,Saharanpur,2013,26,2014-02-08,2014-02-13,0.0549940033900017,0.2750595552029484,0.1502458282190942,0.0897234291666804,2,9.4,valid
Uttar_Pradesh,Saharanpur,2013,27,2014-02-13,2014-02-18,0.0522160459171836,0.2761237412509621,0.146859453552446,0.0824565847155233,3,3.92,valid
Uttar_Pradesh,Saharanpur,2013,28,2014-02-18,2014-02-23,0.060559753022103265,0.2875483159283967,0.15554934847343557,0.09208342041857,0,,insufficient_data
Uttar_Pradesh,Saharanpur,2013,29,2014-02-23,2014-02-28,0.0744692097591245,0.3114616513312796,0.1695427636487665,0.1040702473735063,2,19.445,valid
Uttar_Pradesh,Saharanpur,2013,30,2014-02-28,2014-03-05,0.060930710495790665,0.29374526437476495,0.1574390405428395,0.0924839211826356,0,,insufficient_data
Uttar_Pradesh,Saharanpur,2013,31,2014-03-05,2014-03-10,0.06676065141170913,0.2951254458775504,0.1632633096618117,0.09924096682867693,0,,insufficient_data
Uttar_Pradesh,Saharanpur,2013,32,2014-03-10,2014-03-15,0.0561068758110639,0.2936504005420532,0.1559149044273059,0.0909249314588772,3,5.593333333333334,valid
Uttar_Pradesh,Saharanpur,2013,33,2014-03-15,2014-03-20,0.0649514770737904,0.2821496858289895,0.16476881543474015,0.10203504973810316,0,,insufficient_data
Uttar_Pradesh,Saharanpur,2013,34,2014-03-20,2014-03-25,0.069705868664939,0.2802642857593184,0.1643322609093627,0.1027277216536473,2,18.79,valid
Uttar_Pradesh,Saharanpur,2013,35,2014-03-25,2014-03-30,0.0690416867453683,0.2725343711855971,0.1740592809675518,0.112452496101785,2,14.975,valid
Uttar_Pradesh,Saharanpur,2013,36,2014-03-30,2014-04-04,0.08012646866726397,0.26303174624987347,0.17780862606003967,0.11833128377409974,0,,insufficient_data
Uttar_Pradesh,Saharanpur,2013,37,2014-04-04,2014-04-09,0.0846575345490683,0.2490062526839087,0.177629048977735,0.1181827254602156,3,13.79,valid
Uttar_Pradesh,Saharanpur,2013,38,2014-04-09,2014-04-14,0.08935507675134033,0.25175393535867574,0.19050040412938532,0.13300618376473913,0,,insufficient_data
Uttar_Pradesh,Saharanpur,2013,39,2014-04-14,2014-04-19,0.0971007847096803,0.2503220753706697,0.1952139133855092,0.1399621918807511,1,19.42,valid
Uttar_Pradesh,Saharanpur,2013,40,2014-04-19,2014-04-24,0.1066203010012444,0.2351530421945276,0.2150993731867453,0.1614273216162048,3,2.29,valid
Uttar_Pradesh,Saharanpur,2013,41,2014-04-24,2014-04-29,0.1049155787788675,0.2370903545978582,0.21313047326117496,0.15946598282378324,0,,insufficient_data
Uttar_Pradesh,Saharanpur,2013,42,2014-04-29,2014-05-04,0.1110256506256778,0.2257959462283774,0.2290781332112703,0.1770084349743939,1,0.0,valid
Uttar_Pradesh,Saharanpur,2014,0,2014-10-01,2014-10-06,0.08648596411543236,0.3074269444447094,0.1876188244034024,0.1013642344997836,0,,insufficient_data
Uttar_Pradesh,Saharanpur,2014,1,2014-10-06,2014-10-11,0.0997923858337727,0.3168179905323947,0.1931314129370227,0.1078661748990574,3,8.896666666666667,valid
Uttar_Pradesh,Saharanpur,2014,2,2014-10-11,2014-10-16,0.073179542397092,0.2980358983570241,0.1821062358697821,0.0948622941005098,1,16.0,valid
Uttar_Pradesh,Saharanpur,2014,3,2014-10-16,2014-10-21,0.08753867513300413,0.2824654829809514,0.19379265024530856,0.11345684005919085,0,,insufficient_data
Uttar_Pradesh,Saharanpur,2014,4,2014-10-21,2014-10-26,0.080421858103575,0.2627288138010851,0.1906905711149317,0.1156626259952895,3,3.776666666666667,valid
Uttar_Pradesh,Saharanpur,2014,5,2014-10-26,2014-10-31,0.08920523234859945,0.2621307721630773,0.19604474166412192,0.12065610109638741,0,,insufficient_data
Uttar_Pradesh,Saharanpur,2014,6,2014-10-31,2014-11-05,0.0967609141975768,0.2522792292333017,0.2092423810594976,0.1354362652419067,2,5.5,valid
Uttar_Pradesh,Saharanpur,2014,7,2014-11-05,2014-11-10,0.106458614696154,0.2354791472608982,0.2021397786122762,0.1366632190478437,2,4.61,valid
Uttar_Pradesh,Saharanpur,2014,8,2014-11-10,2014-11-15,0.0946603391180734,0.22867552018867554,0.19799731097908518,0.13711450190541533,0,,insufficient_data
Uttar_Pradesh,Saharanpur,2014,9,2014-11-15,2014-11-20,0.0896755053826001,0.2160306959992702,0.193189723293522,0.1399894358773048,3,0.6733333333333333,valid
Uttar_Pradesh,Saharanpur,2014,10,2014-11-20,2014-11-25,0.0857463221959627,0.2109130082612321,0.1874173609510449,0.1363690874546061,3,0.7333333333333334,valid
Uttar_Pradesh,Saharanpur,2014,11,2014-11-25,2014-11-30,0.08959334748984271,0.21017290450033488,0.1850607080553999,0.13172978264238275,0,,insufficient_data
Uttar_Pradesh,Saharanpur,2014,12,2014-11-30,2014-12-05,0.0860484009534144,0.2055094686890378,0.1878365468341102,0.1344753256831837,3,0.6766666666666666,valid
Uttar_Pradesh,Saharanpur,2014,13,2014-12-05,2014-12-10,0.1089202687142424,0.2087154377427584,0.1760971249194881,0.1196838294983235,1,1.0,valid
Uttar_Pradesh,Saharanpur,2014,14,2014-12-10,2014-12-15,0.0775762402029939,0.2096959118093758,0.1807627842788343,0.1281312346984956,2,1.635,valid
Uttar_Pradesh,Saharanpur,2014,15,2014-12-15,2014-12-20,0.0946696942084549,0.2310367329287299,0.1627631120984243,0.103116458687523,1,10.96,valid
Uttar_Pradesh,Saharanpur,2014,16,2014-12-20,2014-12-25,0.09372206770856373,0.21648269416028806,0.17320767376558224,0.1169771742947807,0,,insufficient_data
Uttar_Pradesh,Saharanpur,2014,17,2014-12-25,2014-12-30,0.0861229672057244,0.22036632236905285,0.1717629481886293,0.1156238466930093,0,,insufficient_data
Uttar_Pradesh,Saharanpur,2014,18,2014-12-30,2015-01-04,0.0946696942084549,0.2310367329287299,0.1627631120984243,0.103116458687523,0,,insufficient_data
Uttar_Pradesh,Saharanpur,2014,19,2015-01-04,2015-01-09,,,,,0,,insufficient_data
Uttar_Pradesh,Saharanpur,2014,20,2015-01-09,2015-01-14,0.0608740063471348,0.2797748676334812,0.1546860335605422,0.0945233151326392,0,,insufficient_data
Uttar_Pradesh,Saharanpur,2014,21,2015-01-14,2015-01-19,0.0608740063471348,0.2797748676334812,0.1546860335605422,0.0945233151326392,0,,insufficient_data
Uttar_Pradesh,Saharanpur,2014,22,2015-01-19,2015-01-24,0.18433313547797775,0.3520551432670356,0.24709375098870456,0.17858316016686432,0,,insufficient_data
Uttar_Pradesh,Saharanpur,2014,23,2015-01-24,2015-01-29,0.0608740063471348,0.2797748676334812,0.1546860335605422,0.0945233151326392,1,27.5,valid
Uttar_Pradesh,Saharanpur,2014,24,2015-01-29,2015-02-03,0.14449224371672878,0.3330439369598026,0.21673084840135926,0.15066192068771514,0,,insufficient_data
Uttar_Pradesh,Saharanpur,2014,25,2015-02-03,2015-02-08,0.3077922646088207,0.42433541890059,0.3395014684168669,0.2626430052010894,1,11.0,valid
Uttar_Pradesh,Saharanpur,2014,26,2015-02-08,2015-02-13,0.0648104601942309,0.2950215243453366,0.1560050432266687,0.0948194417294168,2,1.14,valid
Uttar_Pradesh,Saharanpur,2014,27,2015-02-13,2015-02-18,0.14703753916193818,0.33666602853276784,0.21786353975980774,0.15058115268248976,0,,insufficient_data
Uttar_Pradesh,Saharanpur,2014,28,2015-02-18,2015-02-23,0.12322203089394039,0.3265666702351493,0.19984147790985873,0.13404177726828456,0,,insufficient_data
Uttar_Pradesh,Saharanpur,2014,29,2015-02-23,2015-02-28,0.068509892682763,0.290641142352377,0.1580841076358876,0.094281011116963,1,2.0,valid
Uttar_Pradesh,Saharanpur,2014,30,2015-02-28,2015-03-05,0.060487527363269504,0.29843773091148845,0.15830450957285236,0.09330485543611473,0,,insufficient_data
Uttar_Pradesh,Saharanpur,2014,31,2015-03-05,2015-03-10,0.051775506089947,0.2962685953422937,0.1457752923600118,0.084423651025669,1,16.84,valid
Uttar_Pradesh,Saharanpur,2014,32,2015-03-10,2015-03-15,0.061726992049781076,0.2907014414621503,0.16027225309930335,0.0959429119579896,0,,insufficient_data
Uttar_Pradesh,Saharanpur,2014,33,2015-03-15,2015-03-20,0.0611771833170985,0.3084034550397946,0.1710541287226577,0.1012099041657122,1,15.05,valid
Uttar_Pradesh,Saharanpur,2014,34,2015-03-20,2015-03-25,0.0654453861093158,0.267492573114136,0.1661754836786563,0.1038570815236142,3,1.0066666666666666,valid
Uttar_Pradesh,Saharanpur,2014,35,2015-03-25,2015-03-30,0.07043395449961702,0.2551474053581071,0.17065647203522272,0.10757537497816103,0,,insufficient_data
Uttar_Pradesh,Saharanpur,2014,36,2015-03-30,2015-04-04,0.07568001945593042,0.2517060475088742,0.17851562116900582,0.11647426122900675,0,,insufficient_data
Uttar_Pradesh,Saharanpur,2014,37,2015-04-04,2015-04-09,0.0690959942277743,0.2167522049178844,0.1541453181242366,0.097896191131352,1,12.5,valid
Uttar_Pradesh,Saharanpur,2014,38,2015-04-09,2015-04-14,0.0860172543442795,0.2279413883606133,0.1912509576153403,0.1273383230919657,2,2.5,valid
Uttar_Pradesh,Saharanpur,2014,39,2015-04-14,2015-04-19,0.096664279281184,0.2379406161119426,0.2099522177041382,0.1520698062323896,2,1.58,valid
Uttar_Pradesh,Saharanpur,2014,40,2015-04-19,2015-04-24,0.08996255948987272,0.2264554716238103,0.19575335319318166,0.13783879387041345,0,,insufficient_data
Uttar_Pradesh,Saharanpur,2014,41,2015-04-24,2015-04-29,0.1080727101062531,0.2231876771048009,0.2276649193290115,0.1740508550259465,3,1.6833333333333331,valid
Uttar_Pradesh,Saharanpur,2014,42,2015-04-29,2015-05-04,0.10236849469371856,0.23056414660837174,0.21880856851657485,0.16306033062916805,0,,insufficient_data
Uttar_Pradesh,Saharanpur,2015,0,2015-10-01,2015-10-06,0.0624042187422139,0.2889112233341566,0.1795824657600269,0.0994883106161313,3,1.0033333333333332,valid
Uttar_Pradesh,Saharanpur,2015,1,2015-10-06,2015-10-11,0.0723795176179399,0.2743425882068379,0.1901161356795523,0.1139422477541376,3,1.97,valid
Uttar_Pradesh,Saharanpur,2015,2,2015-10-11,2015-10-16,0.07794182847774314,0.26389992418168273,0.19127364167564614,0.11650006686439796,0,,insufficient_data
Uttar_Pradesh,Saharanpur,2015,3,2015-10-16,2015-10-21,0.0857766280006212,0.2610123311868748,0.1994491165191281,0.1234174981152666,3,3.0066666666666664,valid
Uttar_Pradesh,Saharanpur,2015,4,2015-10-21,2015-10-26,0.0976479308915923,0.2250872791272269,0.1950732411359678,0.1307259776609921,1,9.0,valid
Uttar_Pradesh,Saharanpur,2015,5,2015-10-26,2015-10-31,0.0715008471363484,0.2701461990533176,0.1921472492835557,0.1149263001754622,1,5.86,valid
Uttar_Pradesh,Saharanpur,2015,6,2015-10-31,2015-11-05,0.1306001850371727,0.2459130384797574,0.2030151200562847,0.1350755039747437,2,7.61,valid
Uttar_Pradesh,Saharanpur,2015,7,2015-11-05,2015-11-10,0.09319201579627666,0.23384046664529773,0.19553425235783436,0.13067845978162,0,,insufficient_data
Uttar_Pradesh,Saharanpur,2015,8,2015-11-10,2015-11-15,0.0797931445003967,0.2223670242949331,0.1957101056337347,0.1342167939145418,2,3.09,valid
Uttar_Pradesh,Saharanpur,2015,9,2015-11-15,2015-11-20,0.0864179714158732,0.2056887922712535,0.1917255456796289,0.1384477231823602,3,1.12,valid
Uttar_Pradesh,Saharanpur,2015,10,2015-11-20,2015-11-25,0.093957270401853,0.2057652106439547,0.18908390795544844,0.13567081258956817,0,,insufficient_data
Uttar_Pradesh,Saharanpur,2015,11,2015-11-25,2015-11-30,0.1040581190462516,0.2009456891790371,0.1916087240094751,0.1398001202234045,1,22.0,valid
Uttar_Pradesh,Saharanpur,2015,12,2015-11-30,2015-12-05,0.0850391153255552,0.1928110585921073,0.1738058560518104,0.1279539620692312,1,1.15,valid
Uttar_Pradesh,Saharanpur,2015,13,2015-12-05,2015-12-10,0.1144780017211883,0.2070134888824424,0.192569308402593,0.1379354635583032,2,3.5,valid
Uttar_Pradesh,Saharanpur,2015,14,2015-12-10,2015-12-15,0.338640070691129,0.419093568542609,0.3476718436605936,0.262116827581781,3,14.013333333333334,valid
Uttar_Pradesh,Saharanpur,2015,15,2015-12-15,2015-12-20,0.14217956021212402,0.2473808902823364,0.21052608637415351,0.1523806764877825,0,,insufficient_data
Uttar_Pradesh,Saharanpur,2015,16,2015-12-20,2015-12-25,0.1035710271688823,0.2098638091404603,0.170525047966412,0.1183046432927652,3,3.67,valid
Uttar_Pradesh,Saharanpur,2015,17,2015-12-25,2015-12-30,0.0691695861538652,0.2081225262540632,0.1680583757893585,0.1155924859368319,1,7.9,valid
Uttar_Pradesh,Saharanpur,2015,18,2015-12-30,2016-01-04,0.08426374944187216,0.2106990414158356,0.16705286194317379,0.11359347650602464,0,,insufficient_data
Uttar_Pradesh,Saharanpur,2015,19,2016-01-04,2016-01-09,0.080050635002869,0.2141107888529833,0.1625751620737509,0.1068833002884768,3,9.143333333333333,valid
Uttar_Pradesh,Saharanpur,2015,20,2016-01-09,2016-01-14,0.09409632591395754,0.2307110089307386,0.1725328885993815,0.11494374711004407,0,,insufficient_data
Uttar_Pradesh,Saharanpur,2015,21,2016-01-14,2016-01-19,0.0913397800264492,0.24433355019137157,0.16752549162754873,0.10827431380511617,0,,insufficient_data
Uttar_Pradesh,Saharanpur,2015,22,2016-01-19,2016-01-24,0.1330687565851384,0.2698997116851693,0.1869651279350351,0.1223554551048235,1,12.0,valid
Uttar_Pradesh,Saharanpur,2015,23,2016-01-24,2016-01-29,0.08239484218258407,0.25875924679197665,0.15783615932812778,0.1001738267874948,0,,insufficient_data
Uttar_Pradesh,Saharanpur,2015,24,2016-01-29,2016-02-03,0.0608999484913402,0.2489901500359621,0.1530361848738602,0.0955841860220482,2,8.110000000000001,valid
Uttar_Pradesh,Saharanpur,2015,25,2016-02-03,2016-02-08,0.0532158214712736,0.2573878786547987,0.133507165175488,0.0825818392356127,1,0.1,valid
Uttar_Pradesh,Saharanpur,2015,26,2016-02-08,2016-02-13,0.05508725886897,0.27462281336930733,0.14825890218001458,0.08944911826048184,0,,insufficient_data
Uttar_Pradesh,Saharanpur,2015,27,2016-02-13,2016-02-18,0.0572717378492896,0.2769035168376795,0.1478289931220739,0.0851389444762614,1,0.0,valid
Uttar_Pradesh,Saharanpur,2015,28,2016-02-18,2016-02-23,0.0470823494541276,0.2896360955848447,0.1429795867586177,0.0864408160692793,1,0.01,valid
Uttar_Pradesh,Saharanpur,2015,29,2016-02-23,2016-02-28,0.056966437078819,0.3001964257332516,0.1639425809700332,0.0974998054992076,2,2.0,valid
Uttar_Pradesh,Saharanpur,2015,30,2016-02-28,2016-03-04,0.0795254050042817,0.2794668014231415,0.1566455598236475,0.0971274112522883,3,13.81,valid
Uttar_Pradesh,Saharanpur,2015,31,2016-03-04,2016-03-09,0.0628690444400494,0.2904387192360723,0.15831731312818378,0.09649386887817532,0,,insufficient_data
Uttar_Pradesh,Saharanpur,2015,32,2016-03-09,2016-03-14,0.0679019862229693,0.2924555542030513,0.1697015249604368,0.1049074426919261,2,4.0,valid
Uttar_Pradesh,Saharanpur,2015,33,2016-03-14,2016-03-19,0.08163951681354496,0.26947153594925516,0.1651261723748808,0.10543842544361422,0,,insufficient_data
Uttar_Pradesh,Saharanpur,2015,34,2016-03-19,2016-03-24,0.08363230223103761,0.25997402127778185,0.17380467921770867,0.11384010755202863,0,,insufficient_data
Uttar_Pradesh,Saharanpur,2015,35,2016-03-24,2016-03-29,0.0912191913009194,0.2525395604357549,0.18354072805147392,0.12332616702076697,0,,insufficient_data
Uttar_Pradesh,Saharanpur,2015,36,2016-03-29,2016-04-03,0.0974911592133839,0.2364922522215727,0.1690314323405581,0.1142804223866283,1,21.0,valid
Uttar_Pradesh,Saharanpur,2015,37,2016-04-03,2016-04-08,0.0855037612567596,0.2509742574087216,0.1826810803521311,0.1223324575775315,1,8.6,valid
Uttar_Pradesh,Saharanpur,2015,38,2016-04-08,2016-04-13,0.1139798585105648,0.230236177909674,0.2127488745527697,0.151784345426982,1,0.0,valid
Uttar_Pradesh,Saharanpur,2015,39,2016-04-13,2016-04-18,0.1113938962381984,0.23886899251583316,0.20819810785143708,0.15091289807802893,0,,insufficient_data
Uttar_Pradesh,Saharanpur,2015,40,2016-04-18,2016-04-23,0.1281979639829771,0.2260486625742892,0.2202042095475143,0.1623147696373552,1,23.0,valid
Uttar_Pradesh,Saharanpur,2015,41,2016-04-23,2016-04-28,0.1317967382273066,0.2505936124649083,0.2563249424642123,0.2038524953616476,3,8.21,valid
Uttar_Pradesh,Saharanpur,2015,42,2016-04-28,2016-05-03,0.12999735110514182,0.23832113751959877,0.2382645760058633,0.18308363249950138,0,,insufficient_data
Uttar_Pradesh,Saharanpur,2016,0,2016-10-01,2016-10-06,0.1295625872656578,0.3285688557919902,0.195823215758513,0.1052664942532712,2,19.435,valid
Uttar_Pradesh,Saharanpur,2016,1,2016-10-06,2016-10-11,0.09932258865450205,0.2903083649671951,0.197794085773196,0.1167953267163413,0,,insufficient_data
Uttar_Pradesh,Saharanpur,2016,2,2016-10-11,2016-10-16,0.0723883837738581,0.2793391801579898,0.1937536993556944,0.1158712239661262,3,0.8366666666666666,valid
Uttar_Pradesh,Saharanpur,2016,3,2016-10-16,2016-10-21,0.0960167949239902,0.2630170589516052,0.2038053422053806,0.1292482619296265,3,1.0033333333333332,valid
Uttar_Pradesh,Saharanpur,2016,4,2016-10-21,2016-10-26,0.09176738199574194,0.24707707420320743,0.2000969869604073,0.13129196152585754,0,,insufficient_data
Uttar_Pradesh,Saharanpur,2016,5,2016-10-26,2016-10-31,0.0855791874110772,0.2397112720118729,0.2033652553554669,0.1365159104643994,3,0.4666666666666666,valid
Uttar_Pradesh,Saharanpur,2016,6,2016-10-31,2016-11-05,0.0890475890140104,0.220662552731835,0.1925476524509457,0.134804010840649,1,3.67,valid
Uttar_Pradesh,Saharanpur,2016,7,2016-11-05,2016-11-10,0.1158049548557738,0.2326553071627342,0.2070129854345489,0.1400204004284866,1,2.0,valid
Uttar_Pradesh,Saharanpur,2016,8,2016-11-10,2016-11-15,0.0888076035855159,0.218798996746916,0.197408265514858,0.1391847272038405,3,0.5066666666666667,valid
Uttar_Pradesh,Saharanpur,2016,9,2016-11-15,2016-11-20,0.09892611834393836,0.21737160479594753,0.1970857939357317,0.13944034478813888,0,,insufficient_data
Uttar_Pradesh,Saharanpur,2016,10,2016-11-20,2016-11-25,0.1033365515285318,0.2037738939764626,0.1901416835877042,0.1376326198169697,3,2.67,valid
Uttar_Pradesh,Saharanpur,2016,11,2016-11-25,2016-11-30,0.0976338927358599,0.2109672733617898,0.1983183826906016,0.1455599656507486,2,1.51,valid
Uttar_Pradesh,Saharanpur,2016,12,2016-11-30,2016-12-05,0.10944194688433173,0.21476594375856375,0.19307994570556714,0.1400441231531428,0,,insufficient_data
Uttar_Pradesh,Saharanpur,2016,13,2016-12-05,2016-12-10,0.1181028039055401,0.2165330096517137,0.2083751204317519,0.1556193039490979,2,18.17,valid
Uttar_Pradesh,Saharanpur,2016,14,2016-12-10,2016-12-15,0.1486017585128109,0.232787079984215,0.1980351494658043,0.1415324553999923,1,17.0,valid
Uttar_Pradesh,Saharanpur,2016,15,2016-12-15,2016-12-20,0.079534727738916,0.2097684618186376,0.1705293923519737,0.1198762709489055,2,19.395,valid
Uttar_Pradesh,Saharanpur,2016,16,2016-12-20,2016-12-25,0.0738979202416915,0.1953716458205551,0.1592503231521229,0.1076786196815617,3,2.796666666666667,valid
Uttar_Pradesh,Saharanpur,2016,17,2016-12-25,2016-12-30,0.09096574079253743,0.21955729948853447,0.16610478491789143,0.10932935035255724,0,,insufficient_data
Uttar_Pradesh,Saharanpur,2016,18,2016-12-30,2017-01-04,0.0720220083004089,0.2157734892342378,0.1529826353450497,0.09597569775355,1,19.0,valid
Uttar_Pradesh,Saharanpur,2016,19,2017-01-04,2017-01-09,0.0807722891688599,0.2440858205850268,0.1497264242745067,0.0815837079787768,2,22.0,valid
Uttar_Pradesh,Saharanpur,2016,20,2017-01-09,2017-01-14,0.07064033619002079,0.24878309422070366,0.1540785630738178,0.09114355995852172,0,,insufficient_data
Uttar_Pradesh,Saharanpur,2016,21,2017-01-14,2017-01-19,0.0624017212068769,0.2545905470466016,0.156908809845416,0.0914962321469519,2,22.35,valid
Uttar_Pradesh,Saharanpur,2016,22,2017-01-19,2017-01-24,0.0514071307341703,0.2608653236778768,0.1380898412683006,0.0796684404464183,1,6.43,valid
Uttar_Pradesh,Saharanpur,2016,23,2017-01-24,2017-01-29,0.0865985315397879,0.2686002905597753,0.1726851046358159,0.1069937214669116,1,28.0,valid
Uttar_Pradesh,Saharanpur,2016,24,2017-01-29,2017-02-03,0.0734369930820592,0.3028820369165028,0.1494795983565562,0.082125022295204,2,25.455,valid
Uttar_Pradesh,Saharanpur,2016,25,2017-02-03,2017-02-08,0.06872604808105238,0.28693852678113185,0.15398511016215288,0.08897654272791242,0,,insufficient_data
Uttar_Pradesh,Saharanpur,2016,26,2017-02-08,2017-02-13,0.0583510563393813,0.3074910492146349,0.1579623368764523,0.0889158707252594,2,7.0,valid
Uttar_Pradesh,Saharanpur,2016,27,2017-02-13,2017-02-18,0.0738365287098632,0.2948539335368695,0.1517086696736394,0.0871796587057688,1,11.0,valid
Uttar_Pradesh,Saharanpur,2016,28,2017-02-18,2017-02-23,0.05882452203981332,0.2990502353711728,0.1542275028876076,0.09097441217270233,0,,insufficient_data
Uttar_Pradesh,Saharanpur,2016,29,2017-02-23,2017-02-28,0.0524295114832056,0.2998637159455958,0.1543043144752326,0.0928003532842886,3,1.67,valid
Uttar_Pradesh,Saharanpur,2016,30,2017-02-28,2017-03-05,0.0544968103426908,0.2896072918583254,0.1493037903261277,0.0874046917212432,1,6.0,valid
Uttar_Pradesh,Saharanpur,2016,31,2017-03-05,2017-03-10,0.0550087033239257,0.3034351863004386,0.1578584030865858,0.0985714864269516,2,3.74,valid
Uttar_Pradesh,Saharanpur,2016,32,2017-03-10,2017-03-15,0.0518025742950968,0.2852849766189389,0.1377760509819429,0.081890270308914,1,0.88,valid
Uttar_Pradesh,Saharanpur,2016,33,2017-03-15,2017-03-20,0.06437452738054797,0.2816428938295091,0.1564370896413781,0.09775692694461333,0,,insufficient_data
Uttar_Pradesh,Saharanpur,2016,34,2017-03-20,2017-03-25,0.0745840846458916,0.2777597126871506,0.1648637375070193,0.1062036786386661,2,0.5,valid
Uttar_Pradesh,Saharanpur,2016,35,2017-03-25,2017-03-30,0.0859804642951349,0.2521273016826919,0.1723834663052148,0.1147145076272918,3,3.65,valid
Uttar_Pradesh,Saharanpur,2016,36,2017-03-30,2017-04-04,0.0938541990640002,0.24458379920359144,0.18741276660875578,0.1299365849936899,0,,insufficient_data
Uttar_Pradesh,Saharanpur,2016,37,2017-04-04,2017-04-09,0.0964473363680261,0.2528058475052099,0.1907353755902414,0.1277850869829364,1,0.56,valid
Uttar_Pradesh,Saharanpur,2016,38,2017-04-09,2017-04-14,0.097055897743112,0.2170270962914932,0.1908491739177565,0.1394004770362274,1,0.38,valid
Uttar_Pradesh,Saharanpur,2016,39,2017-04-14,2017-04-19,0.1152032122678363,0.2231990378514116,0.2182320797235468,0.1615791746833279,2,2.5,valid
Uttar_Pradesh,Saharanpur,2016,40,2017-04-19,2017-04-24,0.1288008928381392,0.2391545683471325,0.2377107328141075,0.1760201039401185,2,9.41,valid
Uttar_Pradesh,Saharanpur,2016,41,2017-04-24,2017-04-29,0.11701270153771355,0.22988018192778611,0.22080021982418718,0.16487425757424395,0,,insufficient_data
Uttar_Pradesh,Saharanpur,2016,42,2017-04-29,2017-05-04,0.1269908033017667,0.2401400252211071,0.2364088928413379,0.1824972746373021,1,5.7,valid
Uttar_Pradesh,Saharanpur,2017,0,2017-10-01,2017-10-06,0.06865210394999854,0.27309765268653113,0.1859504377127966,0.1086376189105878,0,,insufficient_data
Uttar_Pradesh,Saharanpur,2017,1,2017-10-06,2017-10-11,0.0629121328291841,0.2786819010504636,0.1807492773684973,0.1004332772056401,3,0.6966666666666667,valid
Uttar_Pradesh,Saharanpur,2017,2,2017-10-11,2017-10-16,0.074392075070813,0.2675134043225987,0.1911515980570959,0.1168419606155355,3,1.1,valid
Uttar_Pradesh,Saharanpur,2017,3,2017-10-16,2017-10-21,0.08333626367354788,0.25011248455071045,0.19017491000114212,0.1190356509539587,0,,insufficient_data
Uttar_Pradesh,Saharanpur,2017,4,2017-10-21,2017-10-26,0.0950552363066672,0.2537945209198255,0.1975328370533828,0.1260518230512254,3,3.0500000000000003,valid
Uttar_Pradesh,Saharanpur,2017,5,2017-10-26,2017-10-31,0.1055980635679632,0.223970238884906,0.1930873749123036,0.126121723919693,1,0.0,valid
Uttar_Pradesh,Saharanpur,2017,6,2017-10-31,2017-11-05,0.0787238105931119,0.2266023575757582,0.188353462614431,0.1257294699776995,1,4.36,valid
Uttar_Pradesh,Saharanpur,2017,7,2017-11-05,2017-11-10,0.2808656524780745,0.3513725023465785,0.3377988801020968,0.2629775685487298,1,13.0,valid
Uttar_Pradesh,Saharanpur,2017,8,2017-11-10,2017-11-15,0.128416401854189,0.2471774198741155,0.22072183150072755,0.1574242494214369,0,,insufficient_data
Uttar_Pradesh,Saharanpur,2017,9,2017-11-15,2017-11-20,0.0870924176563293,0.2275193350917433,0.1987860182601951,0.1381256181239252,2,12.49,valid
Uttar_Pradesh,Saharanpur,2017,10,2017-11-20,2017-11-25,0.0898020649754662,0.2064226654715914,0.1855834216146112,0.134166866537137,3,2.5933333333333333,valid
Uttar_Pradesh,Saharanpur,2017,11,2017-11-25,2017-11-30,0.08808022704367627,0.20723776498652743,0.18169758325033453,0.12835460313694774,0,,insufficient_data
Uttar_Pradesh,Saharanpur,2017,12,2017-11-30,2017-12-05,0.0840488529736438,0.2003598966941977,0.1756947664962395,0.1265245766011368,3,0.9566666666666668,valid
Uttar_Pradesh,Saharanpur,2017,13,2017-12-05,2017-12-10,0.0866056297635495,0.1970876115616646,0.1645713385550493,0.1166562241797413,1,0.0,valid
Uttar_Pradesh,Saharanpur,2017,14,2017-12-10,2017-12-15,0.0928521698493925,0.2047993161134403,0.1838523713255775,0.1262997302427984,2,1.5,valid
Uttar_Pradesh,Saharanpur,2017,15,2017-12-15,2017-12-20,0.0701090821911921,0.2190919377583003,0.1641550847130457,0.1086323371051199,3,13.666666666666666,valid
Uttar_Pradesh,Saharanpur,2017,16,2017-12-20,2017-12-25,0.08556364488548508,0.2136250719423511,0.16826958947262388,0.11348980128399555,0,,insufficient_data
Uttar_Pradesh,Saharanpur,2017,17,2017-12-25,2017-12-30,0.0926876977378062,0.2335214223359993,0.160499563296823,0.1023709136083226,3,7.3,valid
Uttar_Pradesh,Saharanpur,2017,18,2017-12-30,2018-01-04,0.07229320456091438,0.23391176968858018,0.1553677050884124,0.0970774581970256,0,,insufficient_data
Uttar_Pradesh,Saharanpur,2017,19,2018-01-04,2018-01-09,0.06770010107209065,0.23822064533307624,0.14938897291190073,0.09151522773497253,0,,insufficient_data
Uttar_Pradesh,Saharanpur,2017,20,2018-01-09,2018-01-14,0.0648568997658271,0.244862466269348,0.153411095181119,0.0938748873535102,2,22.275,valid
Uttar_Pradesh,Saharanpur,2017,21,2018-01-14,2018-01-19,0.0615191385488321,0.2381712523906731,0.143405077162662,0.0834316947211497,1,1.0,valid
Uttar_Pradesh,Saharanpur,2017,22,2018-01-19,2018-01-24,0.0517366682358972,0.2363274403362845,0.140240156006999,0.0863834152569076,2,1.96,valid
Uttar_Pradesh,Saharanpur,2017,23,2018-01-24,2018-01-29,0.1785754836289334,0.3194462028788517,0.2208715693168472,0.1499114507038572,1,28.0,valid
Uttar_Pradesh,Saharanpur,2017,24,2018-01-29,2018-02-03,0.08024335404890749,0.2693145881735233,0.159942444357234,0.09984797923189213,0,,insufficient_data
Uttar_Pradesh,Saharanpur,2017,25,2018-02-03,2018-02-08,0.0548292453149552,0.2710173500646261,0.1497563450165773,0.091293735416226,3,1.9266666666666663,valid
Uttar_Pradesh,Saharanpur,2017,26,2018-02-08,2018-02-13,0.0545562345159195,0.2816106951971811,0.1454390742830847,0.0882196000613202,1,27.49,valid
Uttar_Pradesh,Saharanpur,2017,27,2018-02-13,2018-02-18,0.05569042025851842,0.2843765060993034,0.1470723084830558,0.0893783907734677,0,,insufficient_data
Uttar_Pradesh,Saharanpur,2017,28,2018-02-18,2018-02-23,0.0566847688331159,0.2937526838829367,0.1537193743863854,0.0923340704513793,3,1.2933333333333332,valid
Uttar_Pradesh,Saharanpur,2017,29,2018-02-23,2018-02-28,0.0566914323700831,0.2911252952524699,0.1393744402461759,0.0856661571649453,1,24.07,valid
Uttar_Pradesh,Saharanpur,2017,30,2018-02-28,2018-03-05,0.06121995042586745,0.289310166458696,0.15689720480144168,0.09757300783394265,0,,insufficient_data
Uttar_Pradesh,Saharanpur,2017,31,2018-03-05,2018-03-10,0.0568281531921816,0.2909664072220074,0.1585757460672373,0.0989355549911387,3,0.9966666666666666,valid
Uttar_Pradesh,Saharanpur,2017,32,2018-03-10,2018-03-15,0.06464633875041365,0.28230497071264854,0.16105581440293681,0.10215177766393024,0,,insufficient_data
Uttar_Pradesh,Saharanpur,2017,33,2018-03-15,2018-03-20,0.0746754473080892,0.28139627947737,0.1759192585059681,0.1133562487283073,1,8.0,valid
Uttar_Pradesh,Saharanpur,2017,34,2018-03-20,2018-03-25,0.0703903221313007,0.2657319008987469,0.170353812792366,0.1106491497713297,3,0.96,valid
Uttar_Pradesh,Saharanpur,2017,35,2018-03-25,2018-03-30,0.08424910561221374,0.2499112347548191,0.17557680329692008,0.1163560095662501,0,,insufficient_data
Uttar_Pradesh,Saharanpur,2017,36,2018-03-30,2018-04-04,0.0857157952830033,0.2351396905226809,0.1758656496893416,0.1194442295863223,3,1.0066666666666666,valid
Uttar_Pradesh,Saharanpur,2017,37,2018-04-04,2018-04-09,0.1062148577264618,0.2173770681204786,0.1801684922000046,0.1219744101790411,1,12.0,valid
Uttar_Pradesh,Saharanpur,2017,38,2018-04-09,2018-04-14,0.10896017437505273,0.2284459147385339,0.20837270857709822,0.1519539596438395,0,,insufficient_data
Uttar_Pradesh,Saharanpur,2017,39,2018-04-14,2018-04-19,0.1241342913062361,0.2296274813579822,0.2317327497761207,0.172978627240596,2,20.0,valid
Uttar_Pradesh,Saharanpur,2017,40,2018-04-19,2018-04-24,0.1167083007390692,0.22621465614381822,0.2192083948730171,0.16279053632967858,0,,insufficient_data
Uttar_Pradesh,Saharanpur,2017,41,2018-04-24,2018-04-29,0.1197757531845097,0.2316394189529939,0.245723942642926,0.1934185715693986,3,0.6133333333333334,valid
Uttar_Pradesh,Saharanpur,2017,42,2018-04-29,2018-05-04,0.1219550222453729,0.23063345015548803,0.23872834620952335,0.1831985994049973,0,,insufficient_data
Uttar_Pradesh,Saharanpur,2018,0,2018-10-01,2018-10-06,0.0657952087248314,0.2930183550134705,0.1869786781739928,0.1047672835099169,3,1.4333333333333336,valid
Uttar_Pradesh,Saharanpur,2018,1,2018-10-06,2018-10-11,0.0781365217860316,0.2687311238991865,0.1882524528277175,0.11526900154654,2,10.685,valid
Uttar_Pradesh,Saharanpur,2018,2,2018-10-11,2018-10-16,0.0821149754566328,0.261407958566349,0.19716383735002824,0.12408629892328502,0,,insufficient_data
Uttar_Pradesh,Saharanpur,2018,3,2018-10-16,2018-10-21,0.0855340141926508,0.2639663669289829,0.2018227784167936,0.1261801242222001,3,5.3500000000000005,valid
Uttar_Pradesh,Saharanpur,2018,4,2018-10-21,2018-10-26,0.0828820676505141,0.233846715933958,0.1941630512649844,0.131535328856742,1,0.35,valid
Uttar_Pradesh,Saharanpur,2018,5,2018-10-26,2018-10-31,0.0982270649291361,0.2474772310561472,0.2146022260666529,0.1426797564810262,2,11.0,valid
Uttar_Pradesh,Saharanpur,2018,6,2018-10-31,2018-11-05,0.1120940284257881,0.2196630572271217,0.1996061184853553,0.1374820855292488,1,9.0,valid
Uttar_Pradesh,Saharanpur,2018,7,2018-11-05,2018-11-10,0.09617373146106208,0.22626130751825527,0.19771075184962628,0.1364421700241787,0,,insufficient_data
Uttar_Pradesh,Saharanpur,2018,8,2018-11-10,2018-11-15,0.1000390271412714,0.2143337914421838,0.186881623800183,0.1347152887198908,2,8.045,valid
Uttar_Pradesh,Saharanpur,2018,9,2018-11-15,2018-11-20,0.0876264691586007,0.2159857419318657,0.1933007396309557,0.1357983905339857,3,10.976666666666668,valid
Uttar_Pradesh,Saharanpur,2018,10,2018-11-20,2018-11-25,0.09256901663497002,0.2092311781715587,0.1801965505758337,0.12733817868218805,0,,insufficient_data
Uttar_Pradesh,Saharanpur,2018,11,2018-11-25,2018-11-30,0.0827351920332276,0.2002559086470949,0.1796658052081629,0.1299529843744092,2,10.66,valid
Uttar_Pradesh,Saharanpur,2018,12,2018-11-30,2018-12-05,0.1149278761709041,0.2031759142340237,0.1669915877875275,0.1155651207371863,1,27.0,valid
Uttar_Pradesh,Saharanpur,2018,13,2018-12-05,2018-12-10,0.0775165186708463,0.2124045346026255,0.1741429964523395,0.1206591090454683,2,7.005000000000001,valid
Uttar_Pradesh,Saharanpur,2018,14,2018-12-10,2018-12-15,0.08405643873411396,0.21209543928194335,0.16669681841279216,0.11387352659128784,0,,insufficient_data
Uttar_Pradesh,Saharanpur,2018,15,2018-12-15,2018-12-20,0.08438675040933555,0.21505532194065546,0.16345457171394945,0.10985366214550751,0,,insufficient_data
Uttar_Pradesh,Saharanpur,2018,16,2018-12-20,2018-12-25,0.0695788862280728,0.2243153203437919,0.1578071065362036,0.103420629511407,3,4.17,valid
Uttar_Pradesh,Saharanpur,2018,17,2018-12-25,2018-12-30,0.075523720567519,0.2203255185821808,0.1548765960797272,0.0997697892879684,3,1.7333333333333334,valid
Uttar_Pradesh,Saharanpur,2018,18,2018-12-30,2019-01-04,0.0668575209740139,0.22941592561921667,0.15390862864256827,0.09797774081013134,0,,insufficient_data
Uttar_Pradesh,Saharanpur,2018,19,2019-01-04,2019-01-09,0.0668575209740139,0.22941592561921667,0.15390862864256827,0.09797774081013134,0,,insufficient_data
Uttar_Pradesh,Saharanpur,2018,20,2019-01-09,2019-01-14,0.0601873609130087,0.2338399947826199,0.1440684365148701,0.0909046164372901,1,2.51,valid
Uttar_Pradesh,Saharanpur,2018,21,2019-01-14,2019-01-19,0.0621401161874551,0.2391828687682741,0.1588823754394721,0.0978159280038599,2,4.0,valid
Uttar_Pradesh,Saharanpur,2018,22,2019-01-19,2019-01-24,0.07773243766126,0.24907950248557853,0.14399930407657793,0.08721446300457465,0,,insufficient_data
Uttar_Pradesh,Saharanpur,2018,23,2019-01-24,2019-01-29,0.07773243766126,0.24907950248557853,0.14399930407657793,0.08721446300457465,0,,insufficient_data
Uttar_Pradesh,Saharanpur,2018,24,2019-01-29,2019-02-03,0.0550183658786858,0.2698036616246262,0.1388177593628098,0.0836017581031499,1,3.57,valid
Uttar_Pradesh,Saharanpur,2018,25,2019-02-03,2019-02-08,0.1335839076658904,0.253491484766794,0.1342286449891598,0.0765355494739987,1,20.0,valid
Uttar_Pradesh,Saharanpur,2018,26,2019-02-08,2019-02-13,0.08005142897607394,0.28071654426759335,0.14355881156783004,0.08433869892343004,0,,insufficient_data
Uttar_Pradesh,Saharanpur,2018,27,2019-02-13,2019-02-18,0.07416948280065483,0.2889272091326951,0.1463871677954085,0.08396706884763083,0,,insufficient_data
Uttar_Pradesh,Saharanpur,2018,28,2019-02-18,2019-02-23,0.08055318844131117,0.29530172496871804,0.1489103039396081,0.08408883909579112,0,,insufficient_data
Uttar_Pradesh,Saharanpur,2018,29,2019-02-23,2019-02-28,0.0515520133836456,0.3188544864113598,0.1576300303515206,0.0928787891931415,2,5.46,valid
Uttar_Pradesh,Saharanpur,2018,30,2019-02-28,2019-03-05,0.0565236442743975,0.3135592037280003,0.1548722364781439,0.0828521786202332,1,28.0,valid
Uttar_Pradesh,Saharanpur,2018,31,2019-03-05,2019-03-10,0.05749785458751135,0.31081827597517,0.15909935505696193,0.09384027827342219,0,,insufficient_data
Uttar_Pradesh,Saharanpur,2018,32,2019-03-10,2019-03-15,0.0604695021097045,0.3145901587015453,0.1620476032299682,0.098480195039339,2,3.755,valid
Uttar_Pradesh,Saharanpur,2018,33,2019-03-15,2019-03-20,0.0614462585822978,0.2962692550597744,0.161847550168215,0.101149950240975,3,2.49,valid
Uttar_Pradesh,Saharanpur,2018,34,2019-03-20,2019-03-25,0.06831367866265473,0.2737090716677112,0.1624383358853038,0.10342427454175714,0,,insufficient_data
Uttar_Pradesh,Saharanpur,2018,35,2019-03-25,2019-03-30,0.0653252863883129,0.2718629660915669,0.1536339946997328,0.094205055058729,1,0.0,valid
Uttar_Pradesh,Saharanpur,2018,36,2019-03-30,2019-04-04,0.0697604616806294,0.2445189213140061,0.1545730468344098,0.1022112113787715,1,5.09,valid
Uttar_Pradesh,Saharanpur,2018,37,2019-04-04,2019-04-09,0.0845668845523291,0.2413040571716631,0.1800894844941931,0.1210749609909712,2,2.0,valid
Uttar_Pradesh,Saharanpur,2018,38,2019-04-09,2019-04-14,0.1028295749858608,0.2188630521045686,0.1731575082907166,0.1191285032414845,1,20.0,valid
Uttar_Pradesh,Saharanpur,2018,39,2019-04-14,2019-04-19,0.0981358116918532,0.2345255103349992,0.19563637896167752,0.13965690038051673,0,,insufficient_data
Uttar_Pradesh,Saharanpur,2018,40,2019-04-19,2019-04-24,0.1035740474709069,0.218914967402644,0.2111043750232703,0.1519904152732469,3,7.383333333333333,valid
Uttar_Pradesh,Saharanpur,2018,41,2019-04-24,2019-04-29,0.1299480897695398,0.2490265536821141,0.2592574801657977,0.2038794110181096,3,0.7000000000000001,valid
Uttar_Pradesh,Saharanpur,2018,42,2019-04-29,2019-05-04,0.11676106862022335,0.23397076054237903,0.23518092759453402,0.17793491314567825,0,,insufficient_data
Uttar_Pradesh,Saharanpur,2019,0,2019-10-01,2019-10-06,0.0593336317403923,0.3373624344350368,0.1779034737287328,0.0939332246699053,1,1.76,valid
Uttar_Pradesh,Saharanpur,2019,1,2019-10-06,2019-10-11,0.07297831058470933,0.2889646301814969,0.1879055673501525,0.11015837919416355,0,,insufficient_data
Uttar_Pradesh,Saharanpur,2019,2,2019-10-11,2019-10-16,0.073618760338613,0.2842873878440327,0.1832739958245419,0.1046736064933807,3,1.41,valid
Uttar_Pradesh,Saharanpur,2019,3,2019-10-16,2019-10-21,0.0822322238735121,0.2611897282573169,0.1928787029859785,0.1180402295271707,1,0.0,valid
Uttar_Pradesh,Saharanpur,2019,4,2019-10-21,2019-10-26,0.0767286263863199,0.2730189701896012,0.1975660968613568,0.1239864560861975,2,6.505,valid
Uttar_Pradesh,Saharanpur,2019,5,2019-10-26,2019-10-31,0.0855575997126833,0.2406535739478654,0.1883406466163356,0.1248098440527681,1,0.03,valid
Uttar_Pradesh,Saharanpur,2019,6,2019-10-31,2019-11-05,0.08195941154385486,0.25094023357289125,0.1941864037829389,0.125281568869368,0,,insufficient_data
Uttar_Pradesh,Saharanpur,2019,7,2019-11-05,2019-11-10,0.0833191962029041,0.2288986618967815,0.1979601686680847,0.1342897458113357,2,3.06,valid
Uttar_Pradesh,Saharanpur,2019,8,2019-11-10,2019-11-15,0.07795391112736796,0.22045536349688244,0.17838191350346214,0.1183190956497249,0,,insufficient_data
Uttar_Pradesh,Saharanpur,2019,9,2019-11-15,2019-11-20,0.08161442557249182,0.21474724027097686,0.1766651755459308,0.11667422254317159,0,,insufficient_data
Uttar_Pradesh,Saharanpur,2019,10,2019-11-20,2019-11-25,0.0742773433310102,0.2246478371257687,0.1800293904231753,0.1194253184022675,1,12.82,valid
Uttar_Pradesh,Saharanpur,2019,11,2019-11-25,2019-11-30,0.0686615052628742,0.1876213810171141,0.1471974483062529,0.0947514743325283,1,12.51,valid
Uttar_Pradesh,Saharanpur,2019,12,2019-11-30,2019-12-05,0.1001996574931788,0.2178210810442431,0.1814736947862104,0.1182303516265548,2,8.0,valid
Uttar_Pradesh,Saharanpur,2019,13,2019-12-05,2019-12-10,0.0799287949074756,0.2149763367763742,0.1758896153270798,0.1211195276895147,3,1.1333333333333333,valid
Uttar_Pradesh,Saharanpur,2019,14,2019-12-10,2019-12-15,0.08695976666416469,0.22378513946318318,0.17514139199345474,0.11698529884847861,0,,insufficient_data
Uttar_Pradesh,Saharanpur,2019,15,2019-12-15,2019-12-20,0.0643067690503595,0.211609370432167,0.1465332574255442,0.0892678628693868,2,14.235,valid
Uttar_Pradesh,Saharanpur,2019,16,2019-12-20,2019-12-25,0.1217021066069354,0.2868975280460175,0.2246129441221864,0.1615572777244084,1,10.5,valid
Uttar_Pradesh,Saharanpur,2019,17,2019-12-25,2019-12-30,0.22541051354074393,0.35587830331093445,0.2774030295253238,0.21535946511727086,0,,insufficient_data
Uttar_Pradesh,Saharanpur,2019,18,2019-12-30,2020-01-04,0.22541051354074393,0.35587830331093445,0.2774030295253238,0.21535946511727086,0,,insufficient_data
Uttar_Pradesh,Saharanpur,2019,19,2020-01-04,2020-01-09,0.30596238578593615,0.4280127697503182,0.3428379155752136,0.27840526624121287,0,,insufficient_data
Uttar_Pradesh,Saharanpur,2019,20,2020-01-09,2020-01-14,0.4902226649649369,0.5691280114546189,0.4610628870282408,0.3952532547580173,1,22.23,valid
Uttar_Pradesh,Saharanpur,2019,21,2020-01-14,2020-01-19,0.2559127936423409,0.40711666321860923,0.29274833006571005,0.22701682355906846,0,,insufficient_data
Uttar_Pradesh,Saharanpur,2019,22,2020-01-19,2020-01-24,0.2559127936423409,0.40711666321860923,0.29274833006571005,0.22701682355906846,0,,insufficient_data
Uttar_Pradesh,Saharanpur,2019,23,2020-01-24,2020-01-29,0.0505033085098251,0.274131038888418,0.1431564573165556,0.0784565244012183,1,1.0,valid
Uttar_Pradesh,Saharanpur,2019,24,2020-01-29,2020-02-03,0.2270124074522606,0.3780909393127909,0.2740256458523337,0.2073406915179697,1,19.0,valid
Uttar_Pradesh,Saharanpur,2019,25,2020-02-03,2020-02-08,0.08801651474079672,0.3102914546989549,0.17076109949162915,0.10744025226050906,0,,insufficient_data
Uttar_Pradesh,Saharanpur,2019,26,2020-02-08,2020-02-13,0.0540895978040713,0.2913546130416588,0.143399448839811,0.0828704591124614,3,2.6633333333333336,valid
Uttar_Pradesh,Saharanpur,2019,27,2020-02-13,2020-02-18,0.0478560386358973,0.2999755762745667,0.1371405549444655,0.0788792488608917,1,0.03,valid
Uttar_Pradesh,Saharanpur,2019,28,2020-02-18,2020-02-23,0.0606212213019293,0.30790510597734,0.1560833905049799,0.0896543374100042,2,3.0,valid
Uttar_Pradesh,Saharanpur,2019,29,2020-02-23,2020-02-28,0.0769526640386637,0.3256788979706057,0.1714011608696417,0.1026801622541344,3,10.113333333333332,valid
Uttar_Pradesh,Saharanpur,2019,30,2020-02-28,2020-03-04,0.05909537131335024,0.309977929667718,0.15177796522365516,0.08850899726767576,0,,insufficient_data
Uttar_Pradesh,Saharanpur,2019,31,2020-03-04,2020-03-09,0.0509515612769107,0.3063521384483595,0.1424867545755336,0.0828222405456727,1,1.62,valid
Uttar_Pradesh,Saharanpur,2019,32,2020-03-09,2020-03-14,0.06837666503397573,0.2865706254338064,0.15370269496232147,0.08994736663337813,0,,insufficient_data
Uttar_Pradesh,Saharanpur,2019,33,2020-03-14,2020-03-19,0.0661138769953237,0.27180734451029387,0.15429136077052694,0.09213359661633513,0,,insufficient_data
Uttar_Pradesh,Saharanpur,2019,34,2020-03-19,2020-03-24,0.0920100507639665,0.2780026581505933,0.1669713766594382,0.1019630694220014,3,15.65,valid
Uttar_Pradesh,Saharanpur,2019,35,2020-03-24,2020-03-29,0.053592384056362,0.2362488071656671,0.1339514877446725,0.072323994311704,1,1.0,valid
Uttar_Pradesh,Saharanpur,2019,36,2020-03-29,2020-04-03,0.0679015118840556,0.2666257742765556,0.1737558241024635,0.1114250821859624,2,4.904999999999999,valid
Uttar_Pradesh,Saharanpur,2019,37,2020-04-03,2020-04-08,0.0919350215498324,0.2388752512479434,0.1910128881317394,0.1264047872615895,2,2.0,valid
Uttar_Pradesh,Saharanpur,2019,38,2020-04-08,2020-04-13,0.08906692926556099,0.2447558049111791,0.1923876820305167,0.12967402329325597,0,,insufficient_data
Uttar_Pradesh,Saharanpur,2019,39,2020-04-13,2020-04-18,0.1119709115418616,0.2462144204223066,0.2161588021594959,0.1535541149590422,1,20.84,valid
Uttar_Pradesh,Saharanpur,2019,40,2020-04-18,2020-04-23,0.1199348172956933,0.2358147714434228,0.2470594080142122,0.1846621377479817,3,7.399999999999999,valid
Uttar_Pradesh,Saharanpur,2019,41,2020-04-23,2020-04-28,0.11690454738497323,0.2322924188765668,0.23100414531092736,0.16979683836270865,0,,insufficient_data
Uttar_Pradesh,Saharanpur,2019,42,2020-04-28,2020-05-03,0.1188079133173648,0.2148480647639709,0.229794225759074,0.171174262381102,1,2.0,valid
Uttar_Pradesh,Saharanpur,2020,0,2020-10-01,2020-10-06,0.08610718924920735,0.2563201767498355,0.1957705253172988,0.1215330215966835,0,,insufficient_data
Uttar_Pradesh,Saharanpur,2020,1,2020-10-06,2020-10-11,0.0742942809128444,0.2700232610908205,0.1948086472978402,0.1193811107595275,3,0.45,valid
Uttar_Pradesh,Saharanpur,2020,2,2020-10-11,2020-10-16,0.0979200975855703,0.2426170924088505,0.1967324033367574,0.1236849324338395,3,5.736666666666667,valid
Uttar_Pradesh,Saharanpur,2020,3,2020-10-16,2020-10-21,0.08981785006035739,0.23769126435236348,0.20095717315577163,0.13207831830401134,0,,insufficient_data
Uttar_Pradesh,Saharanpur,2020,4,2020-10-21,2020-10-26,0.089783156812396,0.2385875620451818,0.2078270687424316,0.1406610954822479,3,4.546666666666667,valid
Uttar_Pradesh,Saharanpur,2020,5,2020-10-26,2020-10-31,0.0880702972942503,0.2165757686704181,0.1995191757022966,0.1397791112183223,1,0.01,valid
Uttar_Pradesh,Saharanpur,2020,6,2020-10-31,2020-11-05,0.0990214176967259,0.2206526375465465,0.2058985706995325,0.1368853416261194,2,1.5,valid
Uttar_Pradesh,Saharanpur,2020,7,2020-11-05,2020-11-10,0.0998970377248538,0.2053086439733313,0.1938040934945473,0.1403216581414206,1,0.0,valid
Uttar_Pradesh,Saharanpur,2020,8,2020-11-10,2020-11-15,0.0954648440789359,0.21483560578604222,0.1901087674019098,0.1267822894218228,0,,insufficient_data
Uttar_Pradesh,Saharanpur,2020,9,2020-11-15,2020-11-20,0.0948706235999136,0.2168053729538731,0.1612132297112627,0.0901430467014289,1,16.0,valid
Uttar_Pradesh,Saharanpur,2020,10,2020-11-20,2020-11-25,0.17416890326678375,0.27099574696758705,0.23348252633903782,0.16838772249619322,0,,insufficient_data
Uttar_Pradesh,Saharanpur,2020,11,2020-11-25,2020-11-30,0.1673399773985909,0.2729891188676633,0.2285813888253452,0.16336020340365837,0,,insufficient_data
Uttar_Pradesh,Saharanpur,2020,12,2020-11-30,2020-12-05,0.1031312006512577,0.215167671144539,0.1804766085759272,0.1265292459777714,3,2.3366666666666664,valid
Uttar_Pradesh,Saharanpur,2020,13,2020-12-05,2020-12-10,0.3987767510911099,0.4467012997986049,0.3984361735744141,0.3165569391641519,1,16.0,valid
Uttar_Pradesh,Saharanpur,2020,14,2020-12-10,2020-12-15,0.0725813342520825,0.2132821315736363,0.1741995434397768,0.1202115817712812,2,8.7,valid
Uttar_Pradesh,Saharanpur,2020,15,2020-12-15,2020-12-20,0.1368812614224304,0.2617144003844671,0.1763870297672269,0.1114423924302987,2,21.0,valid
Uttar_Pradesh,Saharanpur,2020,16,2020-12-20,2020-12-25,0.1683766390848368,0.2884317212072916,0.22689123097717911,0.16350497430709174,0,,insufficient_data
Uttar_Pradesh,Saharanpur,2020,17,2020-12-25,2020-12-30,0.0652672095737243,0.2320290530724581,0.1585421771272987,0.1058089838626352,2,2.7150000000000003,valid
Uttar_Pradesh,Saharanpur,2020,18,2020-12-30,2021-01-04,0.08585410500803616,0.24805747772406117,0.1586681170026726,0.10103144568432894,0,,insufficient_data
Uttar_Pradesh,Saharanpur,2020,19,2021-01-04,2021-01-09,0.06645390118731241,0.24618850126876524,0.14800625078264837,0.09045024355547006,0,,insufficient_data
Uttar_Pradesh,Saharanpur,2020,20,2021-01-09,2021-01-14,0.07465951151227988,0.25983761507420144,0.16088668461103173,0.10252361876290647,0,,insufficient_data
Uttar_Pradesh,Saharanpur,2020,21,2021-01-14,2021-01-19,0.0554138440279538,0.2504289797152583,0.1410751441134922,0.0858429607600529,1,18.21,valid
Uttar_Pradesh,Saharanpur,2020,22,2021-01-19,2021-01-24,0.0786806499602591,0.2561074710185793,0.1444014311071542,0.0796987860437221,2,7.0,valid
Uttar_Pradesh,Saharanpur,2020,23,2021-01-24,2021-01-29,0.0992763424871823,0.3007849564905102,0.1995279860961819,0.1387437443852157,1,29.47,valid
Uttar_Pradesh,Saharanpur,2020,24,2021-01-29,2021-02-03,0.1334613961957602,0.31857181702461174,0.2018617508624679,0.13563989905040605,0,,insufficient_data
Uttar_Pradesh,Saharanpur,2020,25,2021-02-03,2021-02-08,0.0645163924206998,0.2828105533495448,0.1549262636547473,0.0972728665659135,1,29.23,valid
Uttar_Pradesh,Saharanpur,2020,26,2021-02-08,2021-02-13,0.369419752082706,0.5027271245491661,0.369377929340764,0.2766411374971261,1,13.36,valid
Uttar_Pradesh,Saharanpur,2020,27,2021-02-13,2021-02-18,0.13649161503746504,0.34210942571111086,0.20473688780360955,0.13770361520550717,0,,insufficient_data
Uttar_Pradesh,Saharanpur,2020,28,2021-02-18,2021-02-23,0.1373370000286869,0.3254544255927991,0.2011947716227901,0.1401096837724335,2,16.685000000000002,valid
Uttar_Pradesh,Saharanpur,2020,29,2021-02-23,2021-02-28,0.0535603083513888,0.2979726243083125,0.1407047710874649,0.0759074645792453,1,16.0,valid
Uttar_Pradesh,Saharanpur,2020,30,2021-02-28,2021-03-05,0.0576246223038438,0.3015824007557316,0.1574807033122813,0.0985869236128175,2,2.475,valid
Uttar_Pradesh,Saharanpur,2020,31,2021-03-05,2021-03-10,0.1132141578767965,0.2658122836323499,0.1689868713208652,0.1093718293866474,1,0.0,valid
Uttar_Pradesh,Saharanpur,2020,32,2021-03-10,2021-03-15,0.08629011027783026,0.2834330827436883,0.16516513858192203,0.10528086292169432,0,,insufficient_data
Uttar_Pradesh,Saharanpur,2020,33,2021-03-15,2021-03-20,0.1135953628767483,0.2912680491183762,0.1821571983565099,0.1243489161544395,3,7.800000000000001,valid
Uttar_Pradesh,Saharanpur,2020,34,2021-03-20,2021-03-25,0.0934560999803739,0.2605300559036713,0.1764961488324889,0.1181891808753219,2,2.5,valid
Uttar_Pradesh,Saharanpur,2020,35,2021-03-25,2021-03-30,0.10444584047654551,0.2505559109727134,0.19241847221572134,0.13616406829160965,0,,insufficient_data
Uttar_Pradesh,Saharanpur,2020,36,2021-03-30,2021-04-04,0.0911165676939825,0.239476483952463,0.1896403184693139,0.1371494303904163,3,0.8566666666666666,valid
Uttar_Pradesh,Saharanpur,2020,37,2021-04-04,2021-04-09,0.1080103398477271,0.2280812793092056,0.196143607947898,0.1422841984938046,1,0.99,valid
Uttar_Pradesh,Saharanpur,2020,38,2021-04-09,2021-04-14,0.1160508319838958,0.2334236865798509,0.2176550874723961,0.1588486155440659,2,4.0,valid
Uttar_Pradesh,Saharanpur,2020,39,2021-04-14,2021-04-19,0.11329510649383312,0.23555985761723555,0.21621871347466293,0.16115768008421444,0,,insufficient_data
Uttar_Pradesh,Saharanpur,2020,40,2021-04-19,2021-04-24,0.12068795276045001,0.2342543155054931,0.22507817847644596,0.16916042998214717,0,,insufficient_data
Uttar_Pradesh,Saharanpur,2020,41,2021-04-24,2021-04-29,0.1380026864497271,0.2412579806274228,0.2614358400090438,0.206348475908571,3,0.7166666666666667,valid
Uttar_Pradesh,Saharanpur,2020,42,2021-04-29,2021-05-04,0.1380026864497271,0.2412579806274228,0.2614358400090438,0.206348475908571,0,,insufficient_data
Uttar_Pradesh,Saharanpur,2021,0,2021-10-01,2021-10-06,0.0674129607327519,0.3353619107517976,0.1870763395703402,0.1000923383719262,1,15.32,valid
Uttar_Pradesh,Saharanpur,2021,1,2021-10-06,2021-10-11,0.0666886612989101,0.2942166152194328,0.1893477127644675,0.1075582060936372,2,1.2799999999999998,valid
Uttar_Pradesh,Saharanpur,2021,2,2021-10-11,2021-10-16,0.06878862962659416,0.29481990928089524,0.19022396845766676,0.10840338045275894,0,,insufficient_data
Uttar_Pradesh,Saharanpur,2021,3,2021-10-16,2021-10-21,0.07435969824205411,0.2792181959055903,0.19190501202995777,0.1147866421343577,0,,insufficient_data
Uttar_Pradesh,Saharanpur,2021,4,2021-10-21,2021-10-26,0.07667527741182152,0.26050362429018786,0.19351456951649695,0.11968474338850153,0,,insufficient_data
Uttar_Pradesh,Saharanpur,2021,5,2021-10-26,2021-10-31,0.0722642668481205,0.2548812018714553,0.1942478530381926,0.1175595968927134,2,2.615,valid
Uttar_Pradesh,Saharanpur,2021,6,2021-10-31,2021-11-05,0.091072904088434,0.2324130557796755,0.1969481427468308,0.133936427179154,1,1.25,valid
Uttar_Pradesh,Saharanpur,2021,7,2021-11-05,2021-11-10,0.0826135522576659,0.22852397348064066,0.19305582707186314,0.1324850423019758,0,,insufficient_data
Uttar_Pradesh,Saharanpur,2021,8,2021-11-10,2021-11-15,0.0833020362540983,0.2245607453951908,0.1965770622092358,0.1392749253751029,2,4.865,valid
Uttar_Pradesh,Saharanpur,2021,9,2021-11-15,2021-11-20,0.0879378625938121,0.2037686355934402,0.1837339765119772,0.1368482782609376,1,0.01,valid
Uttar_Pradesh,Saharanpur,2021,10,2021-11-20,2021-11-25,0.0784906915038646,0.2269962287634416,0.1937721008530793,0.134805983801971,2,2.01,valid
Uttar_Pradesh,Saharanpur,2021,11,2021-11-25,2021-11-30,0.0839589784350974,0.2093895276613845,0.1834364642401123,0.1331892941378366,2,0.995,valid
Uttar_Pradesh,Saharanpur,2021,12,2021-11-30,2021-12-05,0.0758531645312745,0.2009630665239059,0.1719405539035916,0.1196221518035556,1,0.53,valid
Uttar_Pradesh,Saharanpur,2021,13,2021-12-05,2021-12-10,0.0909160414377722,0.2352133107004769,0.1989813189962725,0.1467711335592824,2,27.435,valid
Uttar_Pradesh,Saharanpur,2021,14,2021-12-10,2021-12-15,0.0880307888214287,0.2264070677935761,0.1635773750267765,0.1138529636661463,1,7.65,valid
Uttar_Pradesh,Saharanpur,2021,15,2021-12-15,2021-12-20,0.07813581295783174,0.22404469832182256,0.16993695831518302,0.11667203563067483,0,,insufficient_data
Uttar_Pradesh,Saharanpur,2021,16,2021-12-20,2021-12-25,0.0675244522336836,0.21895767706551,0.1563300885530961,0.1025336076531019,3,4.153333333333333,valid
Uttar_Pradesh,Saharanpur,2021,17,2021-12-25,2021-12-30,0.0683546177649997,0.2386823695256439,0.1588554550961784,0.1005803214712879,2,7.535,valid
Uttar_Pradesh,Saharanpur,2021,18,2021-12-30,2022-01-04,0.16273901273889466,0.3101890121270585,0.22481371465735403,0.1626645995177141,0,,insufficient_data
Uttar_Pradesh,Saharanpur,2021,19,2022-01-04,2022-01-09,0.16273901273889466,0.3101890121270585,0.22481371465735403,0.1626645995177141,0,,insufficient_data
Uttar_Pradesh,Saharanpur,2021,20,2022-01-09,2022-01-14,0.21034629299150015,0.3558046796578328,0.259055527709483,0.19273009545002018,0,,insufficient_data
Uttar_Pradesh,Saharanpur,2021,21,2022-01-14,2022-01-19,0.3523379682180006,0.4729269897900217,0.3592556003227876,0.2848798694287525,1,10.59,valid
Uttar_Pradesh,Saharanpur,2021,22,2022-01-19,2022-01-24,0.18879998336500825,0.37069360185245587,0.24652157589845033,0.17741924356146896,0,,insufficient_data
Uttar_Pradesh,Saharanpur,2021,23,2022-01-24,2022-01-29,0.18879998336500825,0.37069360185245587,0.24652157589845033,0.17741924356146896,0,,insufficient_data
Uttar_Pradesh,Saharanpur,2021,24,2022-01-29,2022-02-03,0.0529300470357837,0.2721811420075729,0.1443411167856545,0.0837016523524395,3,8.756666666666666,valid
Uttar_Pradesh,Saharanpur,2021,25,2022-02-03,2022-02-08,0.1611319348412404,0.3669726737597732,0.2359680105869089,0.1636762089032149,2,18.015,valid
Uttar_Pradesh,Saharanpur,2021,26,2022-02-08,2022-02-13,0.08177643864506132,0.3026390538045929,0.17042488294982402,0.10657712801780755,0,,insufficient_data
Uttar_Pradesh,Saharanpur,2021,27,2022-02-13,2022-02-18,0.0563817233407848,0.2805088266609796,0.1509025262585367,0.0890853086673984,3,3.206666666666667,valid
Uttar_Pradesh,Saharanpur,2021,28,2022-02-18,2022-02-23,0.0566620493624364,0.2908935727900459,0.150487878168196,0.0898453421481774,1,8.03,valid
Uttar_Pradesh,Saharanpur,2021,29,2022-02-23,2022-02-28,0.05824456850796722,0.2905475278325385,0.15478086251033613,0.0938294738058687,0,,insufficient_data
Uttar_Pradesh,Saharanpur,2021,30,2022-02-28,2022-03-05,0.0574118940016128,0.2981303884183817,0.1544311846898857,0.093070276213301,2,6.805,valid
Uttar_Pradesh,Saharanpur,2021,31,2022-03-05,2022-03-10,0.0598688459500618,0.28413015276766485,0.15803261041512173,0.09752856821214255,0,,insufficient_data
Uttar_Pradesh,Saharanpur,2021,32,2022-03-10,2022-03-15,0.0625226073270349,0.2926573234607468,0.1633018609247261,0.103316968194598,3,1.7866666666666664,valid
Uttar_Pradesh,Saharanpur,2021,33,2022-03-15,2022-03-20,0.0628788331091631,0.2548393264014849,0.1639095178776792,0.1038816862924938,2,2.5900000000000003,valid
Uttar_Pradesh,Saharanpur,2021,34,2022-03-20,2022-03-25,0.07649311083834888,0.24920868391396733,0.17726001657782653,0.12133383840101997,0,,insufficient_data
Uttar_Pradesh,Saharanpur,2021,35,2022-03-25,2022-03-30,0.0762864005743143,0.2487141352127485,0.1800236907516365,0.1246307034713316,3,0.75,valid
Uttar_Pradesh,Saharanpur,2021,36,2022-03-30,2022-04-04,0.0878629647747667,0.2169615478705813,0.1768395200065078,0.1272773575551893,1,0.03,valid
Uttar_Pradesh,Saharanpur,2021,37,2022-04-04,2022-04-09,0.0929147484064654,0.2328710866242751,0.2022254933285831,0.1475624764914871,2,1.105,valid
Uttar_Pradesh,Saharanpur,2021,38,2022-04-09,2022-04-14,0.1169282909654923,0.2368041005979572,0.2164729306088372,0.1616409482035185,2,19.52,valid
Uttar_Pradesh,Saharanpur,2021,39,2022-04-14,2022-04-19,0.1110755545300337,0.23476226390269658,0.2213104059469489,0.16705972469011854,0,,insufficient_data
Uttar_Pradesh,Saharanpur,2021,40,2022-04-19,2022-04-24,0.1292590342383998,0.2463551409784656,0.2535379925208806,0.1952959190279857,3,4.4366666666666665,valid
Uttar_Pradesh,Saharanpur,2021,41,2022-04-24,2022-04-29,0.1284127342650444,0.2408194434422038,0.2574760932699357,0.2035219221724122,3,2.05,valid
Uttar_Pradesh,Saharanpur,2021,42,2022-04-29,2022-05-04,0.1288358842517221,0.2435872922103347,0.25550704289540815,0.19940892060019894,0,,insufficient_data
Uttar_Pradesh,Saharanpur,2022,0,2022-10-01,2022-10-06,0.1356847258133095,0.3478372897726973,0.2316677760231703,0.1432284360568866,2,7.835,valid
Uttar_Pradesh,Saharanpur,2022,1,2022-10-06,2022-10-11,0.08462796761909851,0.28853848795250986,0.19533534999035818,0.11531082376281394,0,,insufficient_data
Uttar_Pradesh,Saharanpur,2022,2,2022-10-11,2022-10-16,0.0548312229131839,0.2833901250403713,0.1731296822622502,0.0904539368473605,3,7.12,valid
Uttar_Pradesh,Saharanpur,2022,3,2022-10-16,2022-10-21,0.0749172751657086,0.256252685038944,0.1827510423916139,0.1105633437866739,1,1.79,valid
Uttar_Pradesh,Saharanpur,2022,4,2022-10-21,2022-10-26,0.073078646584192,0.266673851958027,0.1937928992843983,0.1169975783603348,2,3.135,valid
Uttar_Pradesh,Saharanpur,2022,5,2022-10-26,2022-10-31,0.0771311857200607,0.2390255453734686,0.1867053835858118,0.1207223048253601,3,1.4733333333333336,valid
Uttar_Pradesh,Saharanpur,2022,6,2022-10-31,2022-11-05,0.07844291236929513,0.2411354552881686,0.1892006791814885,0.12335446370001087,0,,insufficient_data
Uttar_Pradesh,Saharanpur,2022,7,2022-11-05,2022-11-10,0.0866572947187479,0.235136656747701,0.1940732496637383,0.1304575391036554,2,5.145,valid
Uttar_Pradesh,Saharanpur,2022,8,2022-11-10,2022-11-15,0.0804301596577664,0.2085885373227024,0.1886808209818802,0.1380315524240301,2,9.305,valid
Uttar_Pradesh,Saharanpur,2022,9,2022-11-15,2022-11-20,0.08239735769183175,0.2144968510524857,0.1857598660484377,0.1310884321022785,0,,insufficient_data
Uttar_Pradesh,Saharanpur,2022,10,2022-11-20,2022-11-25,0.0823987601206654,0.2158233983828554,0.1923087696931025,0.1382756623258819,3,7.946666666666666,valid
Uttar_Pradesh,Saharanpur,2022,11,2022-11-25,2022-11-30,0.0847368811590949,0.2018225484145366,0.1730678952191437,0.1226554463925937,1,0.0,valid
Uttar_Pradesh,Saharanpur,2022,12,2022-11-30,2022-12-05,0.0777636928028842,0.2111131143946329,0.1806685946843237,0.1260219602652314,2,1.055,valid
Uttar_Pradesh,Saharanpur,2022,13,2022-12-05,2022-12-10,0.073909507638246,0.2074886408234877,0.1711311772927518,0.1180470948893974,3,1.03,valid
Uttar_Pradesh,Saharanpur,2022,14,2022-12-10,2022-12-15,0.07529261304718056,0.21222653795445617,0.17069512441862075,0.11734790405983866,0,,insufficient_data
Uttar_Pradesh,Saharanpur,2022,15,2022-12-15,2022-12-20,0.0718188475948732,0.2186189559701328,0.1642272254971526,0.1107902384616993,3,2.1733333333333333,valid
Uttar_Pradesh,Saharanpur,2022,16,2022-12-20,2022-12-25,0.0682341360408045,0.2220894301694908,0.164380729399732,0.1092247802902715,2,5.275,valid
Uttar_Pradesh,Saharanpur,2022,17,2022-12-25,2022-12-30,0.07002649181783885,0.2203541930698118,0.1643039774484423,0.1100075093759854,0,,insufficient_data
Uttar_Pradesh,Saharanpur,2022,18,2022-12-30,2023-01-04,0.0670055262048941,0.2227804979897875,0.15844186206695696,0.10526816214392366,0,,insufficient_data
Uttar_Pradesh,Saharanpur,2022,19,2023-01-04,2023-01-09,0.06459886550990455,0.22486126899961484,0.15554918035185916,0.10250712398503585,0,,insufficient_data
Uttar_Pradesh,Saharanpur,2022,20,2023-01-09,2023-01-14,0.0609635949790046,0.2276331078297389,0.1467176313039863,0.0957894676798002,0,,insufficient_data
Uttar_Pradesh,Saharanpur,2022,21,2023-01-14,2023-01-19,0.0609635949790046,0.2276331078297389,0.1467176313039863,0.0957894676798002,3,3.623333333333333,valid
Uttar_Pradesh,Saharanpur,2022,22,2023-01-19,2023-01-24,0.0575687050799953,0.24938894712243284,0.1472436233371188,0.09293259665920744,0,,insufficient_data
Uttar_Pradesh,Saharanpur,2022,23,2023-01-24,2023-01-29,0.06182270484913469,0.26473887592694145,0.1551070151151465,0.09774080163422194,0,,insufficient_data
Uttar_Pradesh,Saharanpur,2022,24,2023-01-29,2023-02-03,0.054173815180986,0.2711447864151268,0.1477696153702513,0.0900757256386147,3,14.076666666666668,valid
Uttar_Pradesh,Saharanpur,2022,25,2023-02-03,2023-02-08,0.0635667741788404,0.2848140273515619,0.15993259978706767,0.0998746115550919,0,,insufficient_data
Uttar_Pradesh,Saharanpur,2022,26,2023-02-08,2023-02-13,0.0703307043874135,0.2954387335359587,0.1708337986712019,0.1073572115842509,1,0.74,valid
Uttar_Pradesh,Saharanpur,2022,27,2023-02-13,2023-02-18,0.062247332865787826,0.28489259645211173,0.15841516493788232,0.099078073172253,0,,insufficient_data
Uttar_Pradesh,Saharanpur,2022,28,2023-02-18,2023-02-23,0.0661958029681217,0.2878585621036003,0.1611943853197498,0.1021908974424101,2,2.59,valid
Uttar_Pradesh,Saharanpur,2022,29,2023-02-23,2023-02-28,0.0582890089266301,0.2851283037537611,0.1538628603903263,0.0966884580237363,3,2.1533333333333333,valid
Uttar_Pradesh,Saharanpur,2022,30,2023-02-28,2023-03-05,0.06219936683709785,0.28601981173041985,0.16052952091306003,0.10210443373458708,0,,insufficient_data
Uttar_Pradesh,Saharanpur,2022,31,2023-03-05,2023-03-10,0.0592621987894737,0.2933028286115638,0.1592621381415978,0.1009873773608547,3,2.36,valid
Uttar_Pradesh,Saharanpur,2022,32,2023-03-10,2023-03-15,0.0650504566641659,0.2777895524527543,0.1677986998005662,0.1085510021113473,2,2.92,valid
Uttar_Pradesh,Saharanpur,2022,33,2023-03-15,2023-03-20,0.07128760376012616,0.2824859071642596,0.17226706280276166,0.11190380350542184,0,,insufficient_data
Uttar_Pradesh,Saharanpur,2022,34,2023-03-20,2023-03-25,0.0691839311223817,0.2865518755395782,0.1619379962504321,0.1020262878166314,1,22.98,valid
Uttar_Pradesh,Saharanpur,2022,35,2023-03-25,2023-03-30,0.08157517892281363,0.2722474489121214,0.18632009692582607,0.12554627878006547,0,,insufficient_data
Uttar_Pradesh,Saharanpur,2022,36,2023-03-30,2023-04-04,0.0916538284644833,0.2722993720531422,0.2000694170184505,0.136050546732854,2,9.72,valid
Uttar_Pradesh,Saharanpur,2022,37,2023-04-04,2023-04-09,0.1004124994402236,0.252348995603011,0.2154742746338555,0.1555572784594292,3,1.086666666666667,valid
Uttar_Pradesh,Saharanpur,2022,38,2023-04-09,2023-04-14,0.10766926278698692,0.2533528576924868,0.2237514322698334,0.16408898385877652,0,,insufficient_data
Uttar_Pradesh,Saharanpur,2022,39,2023-04-14,2023-04-19,0.1138341694649009,0.2412701478255056,0.2356950462318459,0.1768655970939676,3,2.536666666666666,valid
Uttar_Pradesh,Saharanpur,2022,40,2023-04-19,2023-04-24,0.1247765537783399,0.2474929152882883,0.2437669911951818,0.1878825131488552,1,20.64,valid
Uttar_Pradesh,Saharanpur,2022,41,2023-04-24,2023-04-29,0.11930536162162039,0.24438153155689696,0.23973101871351385,0.18237405512141142,0,,insufficient_data
Uttar_Pradesh,Saharanpur,2022,42,2023-04-29,2023-05-04,0.11930536162162039,0.24438153155689696,0.23973101871351385,0.18237405512141142,0,,insufficient_data
Uttar_Pradesh,Saharanpur,2023,0,2023-10-01,2023-10-06,0.083671972746967,0.2906817778387282,0.19549846971388424,0.11803184828246135,0,,insufficient_data
Uttar_Pradesh,Saharanpur,2023,1,2023-10-06,2023-10-11,0.0713275492279757,0.2813067849605468,0.1875757684358111,0.1100589707206288,3,0.7766666666666665,valid
Uttar_Pradesh,Saharanpur,2023,2,2023-10-11,2023-10-16,0.0960163962659583,0.3000567707169096,0.2034211709919574,0.1260047258442939,1,12.9,valid
Uttar_Pradesh,Saharanpur,2023,3,2023-10-16,2023-10-21,0.07997638101013353,0.2694887825117904,0.19400534796312816,0.12100936746781056,0,,insufficient_data
Uttar_Pradesh,Saharanpur,2023,4,2023-10-21,2023-10-26,0.0740340582270224,0.257827025848443,0.1926833627931389,0.1201193350968657,3,1.68,valid
Uttar_Pradesh,Saharanpur,2023,5,2023-10-26,2023-10-31,0.08333149876307284,0.25613170695965976,0.19521875344266126,0.12645600751044095,0,,insufficient_data
Uttar_Pradesh,Saharanpur,2023,6,2023-10-31,2023-11-05,0.0785275203195777,0.2387645485212623,0.1923410896316052,0.1278544382094538,3,3.313333333333334,valid
Uttar_Pradesh,Saharanpur,2023,7,2023-11-05,2023-11-10,0.084748020239733,0.227878482752024,0.1924293903539436,0.1318455308911504,3,1.586666666666667,valid
Uttar_Pradesh,Saharanpur,2023,8,2023-11-10,2023-11-15,0.08179978283475493,0.2222415512620474,0.18832433966256557,0.13066652010910382,0,,insufficient_data
Uttar_Pradesh,Saharanpur,2023,9,2023-11-15,2023-11-20,0.0796787483038592,0.2177309036803985,0.1889306123830989,0.1311304632661657,3,1.153333333333333,valid
Uttar_Pradesh,Saharanpur,2023,10,2023-11-20,2023-11-25,0.0850103960741533,0.2079787715931638,0.1791233723554328,0.1284346417244282,1,0.01,valid
Uttar_Pradesh,Saharanpur,2023,11,2023-11-25,2023-11-30,0.0810342292364515,0.2188550497633883,0.1887972335887473,0.134067526454321,2,2.295,valid
Uttar_Pradesh,Saharanpur,2023,12,2023-11-30,2023-12-05,0.081180456901714,0.2183683949985995,0.1777419784739833,0.1229607615985308,3,1.9166666666666667,valid
Uttar_Pradesh,Saharanpur,2023,13,2023-12-05,2023-12-10,0.07828504854869217,0.21587081674441425,0.17463675521379338,0.12185488563246949,0,,insufficient_data
Uttar_Pradesh,Saharanpur,2023,14,2023-12-10,2023-12-15,0.0737940645061496,0.2142040124557355,0.1670625834932197,0.1148948860734006,3,7.136666666666667,valid
Uttar_Pradesh,Saharanpur,2023,15,2023-12-15,2023-12-20,0.0704060960249925,0.219947854911184,0.1604586081575838,0.1089166123116668,3,1.663333333333333,valid
Uttar_Pradesh,Saharanpur,2023,16,2023-12-20,2023-12-25,0.11101375535049066,0.25597709601812546,0.19270792056011485,0.13611815010666678,0,,insufficient_data
Uttar_Pradesh,Saharanpur,2023,17,2023-12-25,2023-12-30,0.0611283795586185,0.2221525462612688,0.1548261881259918,0.0999526772935651,1,2.04,valid
Uttar_Pradesh,Saharanpur,2023,18,2023-12-30,2024-01-04,0.123420318965271,0.2699014572055888,0.20125636624907992,0.14319257145108885,0,,insufficient_data
Uttar_Pradesh,Saharanpur,2023,19,2024-01-04,2024-01-09,0.238726481312202,0.3676039704443136,0.2884843024636641,0.2207084247480346,1,23.21,valid
Uttar_Pradesh,Saharanpur,2023,20,2024-01-09,2024-01-14,0.1190040585076616,0.2712726666030339,0.19238801032107636,0.13578389233321667,0,,insufficient_data
Uttar_Pradesh,Saharanpur,2023,21,2024-01-14,2024-01-19,0.14794189798218316,0.2958327267739165,0.21116892141861865,0.15369949985304243,0,,insufficient_data
Uttar_Pradesh,Saharanpur,2023,22,2024-01-19,2024-01-24,0.14794189798218316,0.2958327267739165,0.21116892141861865,0.15369949985304243,0,,insufficient_data
Uttar_Pradesh,Saharanpur,2023,23,2024-01-24,2024-01-29,0.0571573146521643,0.2240614831035193,0.1338535403735732,0.0866905749580503,1,5.03,valid
Uttar_Pradesh,Saharanpur,2023,24,2024-01-29,2024-02-03,0.0571573146521643,0.2240614831035193,0.1338535403735732,0.0866905749580503,0,,insufficient_data
Uttar_Pradesh,Saharanpur,2023,25,2024-02-03,2024-02-08,0.1318206553177572,0.3090435569595496,0.2016861764064411,0.14540578607644825,0,,insufficient_data
Uttar_Pradesh,Saharanpur,2023,26,2024-02-08,2024-02-13,0.1318206553177572,0.3090435569595496,0.2016861764064411,0.14540578607644825,0,,insufficient_data
Uttar_Pradesh,Saharanpur,2023,27,2024-02-13,2024-02-18,0.13262661146760046,0.34580893660240797,0.21531221063913153,0.15338086104768905,0,,insufficient_data
Uttar_Pradesh,Saharanpur,2023,28,2024-02-18,2024-02-23,0.2064839959833501,0.3940256308155799,0.269518812439309,0.2041209971948462,3,15.283333333333331,valid
Uttar_Pradesh,Saharanpur,2023,29,2024-02-23,2024-02-28,0.10923015666212327,0.3357755932257995,0.19945434078316215,0.13761041780060468,0,,insufficient_data
Uttar_Pradesh,Saharanpur,2023,30,2024-02-28,2024-03-04,0.0587692269518508,0.297592242389236,0.1611056088389541,0.1026407249005319,3,0.9366666666666664,valid
Uttar_Pradesh,Saharanpur,2023,31,2024-03-04,2024-03-09,0.0624372470511689,0.3157089064725824,0.1677386010712234,0.1060695313064359,3,10.063333333333334,valid
Uttar_Pradesh,Saharanpur,2023,32,2024-03-09,2024-03-14,0.06309258107267335,0.3020983900454815,0.1633356669372451,0.10511057728312714,0,,insufficient_data
Uttar_Pradesh,Saharanpur,2023,33,2024-03-14,2024-03-19,0.0676161133659068,0.3076020299374716,0.1722716428548805,0.1141592612524256,2,4.39,valid
Uttar_Pradesh,Saharanpur,2023,34,2024-03-19,2024-03-24,0.0635477369217669,0.2874903813826361,0.1522268149839225,0.0975727916731152,1,0.1,valid
Uttar_Pradesh,Saharanpur,2023,35,2024-03-24,2024-03-29,0.07369992710755723,0.27723057427321035,0.16784731269250355,0.1122992792483449,0,,insufficient_data
Uttar_Pradesh,Saharanpur,2023,36,2024-03-29,2024-04-03,0.0738284353161549,0.2645644952738022,0.1595884283261413,0.1043028237108839,1,6.93,valid
Uttar_Pradesh,Saharanpur,2023,37,2024-04-03,2024-04-08,0.08391870628308315,0.26218335392388664,0.18025386775479618,0.12381947107918348,0,,insufficient_data
Uttar_Pradesh,Saharanpur,2023,38,2024-04-08,2024-04-13,0.0898074228264003,0.2492653904989315,0.1873023646050699,0.1331622403569549,2,5.65,valid
Uttar_Pradesh,Saharanpur,2023,39,2024-04-13,2024-04-18,0.1084912300680105,0.2474131485401768,0.221897863104051,0.1602400285757799,3,1.7766666666666664,valid
Uttar_Pradesh,Saharanpur,2023,40,2024-04-18,2024-04-23,0.1075334074780336,0.25124483776263906,0.2206542350911441,0.16124109535145614,0,,insufficient_data
Uttar_Pradesh,Saharanpur,2023,41,2024-04-23,2024-04-28,0.12430156953969,0.2570559742488089,0.2527624775643114,0.1903210171216336,3,1.98,valid
Uttar_Pradesh,Saharanpur,2023,42,2024-04-28,2024-05-03,0.11639639980385025,0.25223456139449285,0.2373301703341812,0.17528052284870677,0,,insufficient_data
Uttar_Pradesh,Saharanpur,2024,0,2024-10-01,2024-10-06,0.058969979457656,0.3127427141666499,0.180143295774188,0.0965474489275196,3,6.126666666666666,valid
Uttar_Pradesh,Saharanpur,2024,1,2024-10-06,2024-10-11,0.0604329754059579,0.2922984985034701,0.1821802906040077,0.102353745696812,3,5.739999999999999,valid
Uttar_Pradesh,Saharanpur,2024,2,2024-10-11,2024-10-16,0.06960300840875648,0.27853847309814583,0.18592269390620636,0.10973110093150965,0,,insufficient_data
Uttar_Pradesh,Saharanpur,2024,3,2024-10-16,2024-10-21,0.0687216388163555,0.266835709063024,0.1824458775235495,0.1083858098174124,3,2.306666666666666,valid
Uttar_Pradesh,Saharanpur,2024,4,2024-10-21,2024-10-26,0.0721180178925072,0.2505126465539265,0.1798567574574825,0.1116212478521205,1,0.02,valid
Uttar_Pradesh,Saharanpur,2024,5,2024-10-26,2024-10-31,0.0877724304713058,0.2703027972036586,0.204987248171804,0.1297472523636837,2,6.025,valid
Uttar_Pradesh,Saharanpur,2024,6,2024-10-31,2024-11-05,0.0740203888850768,0.2318002354085604,0.1865659023025684,0.1211594194842941,3,0.9666666666666668,valid
Uttar_Pradesh,Saharanpur,2024,7,2024-11-05,2024-11-10,0.08082622471540023,0.2374207895564596,0.18950960456177848,0.12389906957411774,0,,insufficient_data
Uttar_Pradesh,Saharanpur,2024,8,2024-11-10,2024-11-15,0.0866586402442502,0.2227998271982713,0.1903718025054834,0.126688421708332,3,10.936666666666667,valid
Uttar_Pradesh,Saharanpur,2024,9,2024-11-15,2024-11-20,0.0835616460838612,0.2116884414178812,0.185766312371554,0.1302790064621584,2,10.405,valid
Uttar_Pradesh,Saharanpur,2024,10,2024-11-20,2024-11-25,0.08233265240212181,0.2049162274155672,0.18302492484695526,0.13022315856082123,0,,insufficient_data
Uttar_Pradesh,Saharanpur,2024,11,2024-11-25,2024-11-30,0.0821752928193228,0.1973264771961519,0.1783869370567846,0.1282545612951442,2,1.935,valid
Uttar_Pradesh,Saharanpur,2024,12,2024-11-30,2024-12-05,0.0789997723153127,0.1914254987639481,0.1764255066469567,0.1308931191101046,1,0.01,valid
Uttar_Pradesh,Saharanpur,2024,13,2024-12-05,2024-12-10,0.0802679105478622,0.2013408925015833,0.1841740656539976,0.135000684228367,2,0.69,valid
Uttar_Pradesh,Saharanpur,2024,14,2024-12-10,2024-12-15,0.0795185745098614,0.2004383171122236,0.1787676624817483,0.1313477209412804,3,1.6799999999999995,valid
Uttar_Pradesh,Saharanpur,2024,15,2024-12-15,2024-12-20,0.19611691209775212,0.29802778366963745,0.2472752153476514,0.18514349390812238,0,,insufficient_data
Uttar_Pradesh,Saharanpur,2024,16,2024-12-20,2024-12-25,0.0785670040619556,0.2050081759640082,0.172688217672789,0.1222313717016891,3,0.99,valid
Uttar_Pradesh,Saharanpur,2024,17,2024-12-25,2024-12-30,0.6632312990537687,0.6919260340064239,0.5243206242827656,0.4062445735591707,1,11.27,valid
Uttar_Pradesh,Saharanpur,2024,18,2024-12-30,2025-01-04,0.21510469463657209,0.341503697713772,0.24709952158521492,0.17700022234435,0,,insufficient_data
Uttar_Pradesh,Saharanpur,2024,19,2025-01-04,2025-01-09,0.1830456116037256,0.3229696812490842,0.22626231432790736,0.15929719037204723,0,,insufficient_data
Uttar_Pradesh,Saharanpur,2024,20,2025-01-09,2025-01-14,0.0529455957495066,0.2168901559387098,0.1360924334078975,0.0833531391649753,1,0.11,valid
Uttar_Pradesh,Saharanpur,2024,21,2025-01-14,2025-01-19,0.0656748796810575,0.2521904249459458,0.1552968109774075,0.0961718049515649,1,12.38,valid
Uttar_Pradesh,Saharanpur,2024,22,2025-01-19,2025-01-24,0.0548092794723396,0.2488336153903333,0.1429134852986772,0.0884850624828362,1,11.9,valid
Uttar_Pradesh,Saharanpur,2024,23,2025-01-24,2025-01-29,0.05822408400106752,0.25043631711272557,0.1475684195645152,0.09216392853678854,0,,insufficient_data
Uttar_Pradesh,Saharanpur,2024,24,2025-01-29,2025-02-03,0.0575035694064423,0.2537073422766139,0.1478154839271006,0.0917926591415737,3,4.53,valid
Uttar_Pradesh,Saharanpur,2024,25,2025-02-03,2025-02-08,0.0601870956959916,0.2805600470120251,0.1557238842114932,0.1010169769429926,3,11.026666666666667,valid
Uttar_Pradesh,Saharanpur,2024,26,2025-02-08,2025-02-13,0.05753517749768713,0.2862284584718348,0.1551430456706907,0.09708761198308885,0,,insufficient_data
Uttar_Pradesh,Saharanpur,2024,27,2025-02-13,2025-02-18,0.0543818500800659,0.3025550276074182,0.1561189717111998,0.0962413247831668,1,7.14,valid
Uttar_Pradesh,Saharanpur,2024,28,2025-02-18,2025-02-23,0.057067365159687904,0.2985385989931983,0.15581341977137422,0.09724717322726627,0,,insufficient_data
Uttar_Pradesh,Saharanpur,2024,29,2025-02-23,2025-02-28,0.0580681948082487,0.3080914169912821,0.1609138428329693,0.0992994870646223,2,3.3600000000000003,valid
Uttar_Pradesh,Saharanpur,2024,30,2025-02-28,2025-03-05,0.0556323200544454,0.3029479043620677,0.1504969803298346,0.0924309041182834,2,0.6,valid
Uttar_Pradesh,Saharanpur,2024,31,2025-03-05,2025-03-10,0.0626319325721364,0.29673098172984735,0.16141462061711628,0.10323341676516745,0,,insufficient_data
Uttar_Pradesh,Saharanpur,2024,32,2025-03-10,2025-03-15,0.0704955196323574,0.2913930265039522,0.1643862537761612,0.1088089283627574,2,21.165,valid
Uttar_Pradesh,Saharanpur,2024,33,2025-03-15,2025-03-20,0.0663316957934941,0.2844915790620875,0.1698614055295,0.1123943475150067,3,8.603333333333333,valid
Uttar_Pradesh,Saharanpur,2024,34,2025-03-20,2025-03-25,0.07889583724355385,0.270385756707774,0.17195985215047585,0.11683531753030174,0,,insufficient_data
Uttar_Pradesh,Saharanpur,2024,35,2025-03-25,2025-03-30,0.0806641226884769,0.2823195646439322,0.1638767306069677,0.1085285178965102,1,24.61,valid
Uttar_Pradesh,Saharanpur,2024,36,2025-03-30,2025-04-04,0.0821647160308004,0.2390422028147213,0.1671406370639644,0.1160641914275332,1,4.39,valid
Uttar_Pradesh,Saharanpur,2024,37,2025-04-04,2025-04-09,0.0948231320726405,0.2546824105141768,0.194534233775786,0.1383806024497012,2,2.235,valid
Uttar_Pradesh,Saharanpur,2024,38,2025-04-09,2025-04-14,0.0996589971552469,0.2301296936246935,0.1933755753687017,0.135102415037723,2,15.175,valid
Uttar_Pradesh,Saharanpur,2024,39,2025-04-14,2025-04-19,0.10502912085866414,0.24078951073424495,0.20458426499995844,0.1489607163947817,0,,insufficient_data
Uttar_Pradesh,Saharanpur,2024,40,2025-04-19,2025-04-24,0.1264847976142969,0.2439535926248428,0.2272193333017453,0.165868970810434,2,11.975,valid
Uttar_Pradesh,Saharanpur,2024,41,2025-04-24,2025-04-29,0.1220139614203361,0.2361396540927904,0.2406515454895949,0.1893874022485171,3,2.7133333333333334,valid
Uttar_Pradesh,Saharanpur,2024,42,2025-04-29,2025-05-04,0.1242493795173165,0.2400466233588166,0.23393543939567008,0.17762818652947554,0,,insufficient_data
Uttar_Pradesh,Saharanpur,2025,0,2025-10-01,2025-10-06,0.0666879704739151,0.2840326927053546,0.1879225287660838,0.1074044571250875,2,5.855,valid
Uttar_Pradesh,Saharanpur,2025,1,2025-10-06,2025-10-11,0.06821439440755384,0.2669334252185591,0.1880049061708554,0.11172727358401409,0,,insufficient_data
Uttar_Pradesh,Saharanpur,2025,2,2025-10-11,2025-10-16,0.0643303815350666,0.2580198428877798,0.1816561990284733,0.1080429678089193,3,1.4533333333333334,valid
Uttar_Pradesh,Saharanpur,2025,3,2025-10-16,2025-10-21,0.06969149086947113,0.2616299202595647,0.1883679138426142,0.11392304045009546,0,,insufficient_data
Uttar_Pradesh,Saharanpur,2025,4,2025-10-21,2025-10-26,0.0736248312136798,0.258747740062543,0.1944359907180091,0.1197343958180355,2,13.845,valid
Uttar_Pradesh,Saharanpur,2025,5,2025-10-26,2025-10-31,0.074122780255223,0.2457194053825815,0.1894569368578905,0.1205103410483396,2,19.21,valid
Uttar_Pradesh,Saharanpur,2025,6,2025-10-31,2025-11-05,0.076754807820126,0.23763413023927385,0.1898074388113361,0.12492497993810808,0,,insufficient_data
Uttar_Pradesh,Saharanpur,2025,7,2025-11-05,2025-11-10,0.0792471810618117,0.2284677305119717,0.187437003716967,0.1264600436092108,3,2.476666666666667,valid
Uttar_Pradesh,Saharanpur,2025,8,2025-11-10,2025-11-15,0.0800244387497895,0.2176016449999992,0.1878998239524779,0.1329951392768465,3,0.9533333333333333,valid
Uttar_Pradesh,Saharanpur,2025,9,2025-11-15,2025-11-20,0.08229815703178654,0.2142052241397651,0.18148735876058714,0.12785717307880007,0,,insufficient_data
Uttar_Pradesh,Saharanpur,2025,10,2025-11-20,2025-11-25,0.0880005602507932,0.208460659099755,0.1790652666964015,0.1272669642758148,3,2.62,valid
Uttar_Pradesh,Saharanpur,2025,11,2025-11-25,2025-11-30,0.0830634997438643,0.2026099336480946,0.1741675013545787,0.1234559257608836,1,0.01,valid
Uttar_Pradesh,Saharanpur,2025,12,2025-11-30,2025-12-05,0.081155105352674,0.213886152439005,0.1788671980825107,0.1291077924712447,2,19.87,valid
Uttar_Pradesh,Saharanpur,2025,13,2025-12-05,2025-12-10,0.0772437472225156,0.2067848943903686,0.1730821519071495,0.1216162921310053,3,4.1433333333333335,valid
Uttar_Pradesh,Saharanpur,2025,14,2025-12-10,2025-12-15,0.0787130230528904,0.21108760725542783,0.17113232770184017,0.11969007985636224,0,,insufficient_data
Uttar_Pradesh,Saharanpur,2025,15,2025-12-15,2025-12-20,0.0725774906964999,0.2095552382558649,0.164742751682089,0.112912174626664,3,9.206666666666669,valid
Uttar_Pradesh,Saharanpur,2025,16,2025-12-20,2025-12-25,0.0795252722488982,0.2226018175438062,0.164802035482873,0.1113582142920135,3,18.816666666666663,valid
Uttar_Pradesh,Saharanpur,2025,17,2025-12-25,2025-12-30,0.0712153283884679,0.2204292893096321,0.1623175239983875,0.10957214804487614,0,,insufficient_data
Uttar_Pradesh,Saharanpur,2025,18,2025-12-30,2026-01-04,0.0712153283884679,0.2204292893096321,0.1623175239983875,0.10957214804487614,0,,insufficient_data
Uttar_Pradesh,Saharanpur,2025,19,2026-01-04,2026-01-09,0.0705342472344519,0.2258663148365157,0.16110491015653675,0.10790213475398219,0,,insufficient_data
Uttar_Pradesh,Saharanpur,2025,20,2026-01-09,2026-01-14,0.0615432222200056,0.2291308121292252,0.1574077848302005,0.1044460552159509,1,18.51,valid
Uttar_Pradesh,Saharanpur,2025,21,2026-01-14,2026-01-19,0.1686528715340315,0.3300257850370624,0.22865162731766994,0.1638693560047558,0,,insufficient_data
Uttar_Pradesh,Saharanpur,2025,22,2026-01-19,2026-01-24,0.1686528715340315,0.3300257850370624,0.22865162731766994,0.1638693560047558,0,,insufficient_data
Uttar_Pradesh,Saharanpur,2025,23,2026-01-24,2026-01-29,0.0600453386798289,0.2536981686812991,0.1479521258996476,0.0884162374480883,3,10.840000000000002,valid
Uttar_Pradesh,Saharanpur,2025,24,2026-01-29,2026-02-03,0.3843700537022599,0.507248374300663,0.3805949712231617,0.2987457753502282,1,19.66,valid
Uttar_Pradesh,Saharanpur,2025,25,2026-02-03,2026-02-08,0.14110473268417806,0.3318641092780259,0.20869979937108496,0.14512428603832384,0,,insufficient_data
Uttar_Pradesh,Saharanpur,2025,26,2026-02-08,2026-02-13,0.0644191420741524,0.283298071077319,0.1612773180961552,0.1052099490333939,2,22.12,valid
Uttar_Pradesh,Saharanpur,2025,27,2026-02-13,2026-02-18,0.055584396280471,0.2832118230528225,0.1449747822653753,0.0881251823215849,1,6.47,valid
Uttar_Pradesh,Saharanpur,2025,28,2026-02-18,2026-02-23,0.060413508986340105,0.28125736641342636,0.15379879912230351,0.09700139477120125,0,,insufficient_data
Uttar_Pradesh,Saharanpur,2025,29,2026-02-23,2026-02-28,0.0588594393943012,0.283585084321994,0.1517005347463394,0.0948314935023907,3,1.11,valid
Uttar_Pradesh,Saharanpur,2025,30,2026-02-28,2026-03-05,0.059078297957069335,0.2805771315254622,0.15130595946435296,0.09426521001713702,0,,insufficient_data
Uttar_Pradesh,Saharanpur,2025,31,2026-03-05,2026-03-10,0.0627910581964358,0.2749344872015701,0.1572425613813442,0.0998389542274355,3,1.1333333333333333,valid
Uttar_Pradesh,Saharanpur,2025,32,2026-03-10,2026-03-15,0.0601531474574023,0.27324115382195907,0.15482150695014324,0.0968477959416479,0,,insufficient_data
Uttar_Pradesh,Saharanpur,2025,33,2026-03-15,2026-03-20,0.06080000148895284,0.2680691885719416,0.15638199305204514,0.09785594716127649,0,,insufficient_data
Uttar_Pradesh,Saharanpur,2025,34,2026-03-20,2026-03-25,0.0588089447814699,0.2612038899423132,0.1555214247227461,0.0958729400951175,3,3.53,valid
Uttar_Pradesh,Saharanpur,2025,35,2026-03-25,2026-03-30,0.0588089447814699,0.2612038899423132,0.1555214247227461,0.0958729400951175,0,,insufficient_data
Uttar_Pradesh,Saharanpur,2025,36,2026-03-30,2026-04-04,0.0588089447814699,0.2612038899423132,0.1555214247227461,0.0958729400951175,0,,insufficient_data
Uttar_Pradesh,Saharanpur,2025,37,2026-04-04,2026-04-09,0.0588089447814699,0.2612038899423132,0.1555214247227461,0.0958729400951175,0,,insufficient_data
Uttar_Pradesh,Saharanpur,2025,38,2026-04-09,2026-04-14,,,,,0,,insufficient_data
Uttar_Pradesh,Saharanpur,2025,39,2026-04-14,2026-04-19,,,,,0,,insufficient_data
Uttar_Pradesh,Saharanpur,2025,40,2026-04-19,2026-04-24,,,,,0,,insufficient_data
Uttar_Pradesh,Saharanpur,2025,41,2026-04-24,2026-04-29,,,,,0,,insufficient_data
Uttar_Pradesh,Saharanpur,2025,42,2026-04-29,2026-05-04,,,,,0,,insufficient_data
