state,district,year,time_step,start_date,end_date,Red,NIR,SWIR1,SWIR2,image_count,mean_cloud_cover,quality_flag
Uttar_Pradesh,Kushinagar,2010,0,2010-10-01,2010-10-06,0.0595579691687719,0.2845827294169903,0.1648131137092193,0.0777909195284712,2,11.5,valid
Uttar_Pradesh,Kushinagar,2010,1,2010-10-06,2010-10-11,0.0661131974426892,0.2636577706906376,0.1661238991032205,0.0832900820137998,0,,insufficient_data
Uttar_Pradesh,Kushinagar,2010,2,2010-10-11,2010-10-16,0.0661131974426892,0.2636577706906376,0.1661238991032205,0.0832900820137998,0,,insufficient_data
Uttar_Pradesh,Kushinagar,2010,3,2010-10-16,2010-10-21,0.07111773629822714,0.2475452655720665,0.17016494829493714,0.08839804981162946,0,,insufficient_data
Uttar_Pradesh,Kushinagar,2010,4,2010-10-21,2010-10-26,0.0726684257166065,0.2427328119642849,0.1674346844972217,0.0887892444991284,4,1.75,valid
Uttar_Pradesh,Kushinagar,2010,5,2010-10-26,2010-10-31,0.07689761986295475,0.2290265336496046,0.1728408655877961,0.0937016149532086,0,,insufficient_data
Uttar_Pradesh,Kushinagar,2010,6,2010-10-31,2010-11-05,0.081126814009303,0.2153202553349243,0.1782470466783705,0.0986139854072888,4,3.75,valid
Uttar_Pradesh,Kushinagar,2010,7,2010-11-05,2010-11-10,0.09822605020205381,0.22375942825851247,0.18344744883861228,0.10456824162750816,0,,insufficient_data
Uttar_Pradesh,Kushinagar,2010,8,2010-11-10,2010-11-15,0.12656406555883973,0.21358549394997253,0.19001127430607476,0.11501009625718255,0,,insufficient_data
Uttar_Pradesh,Kushinagar,2010,9,2010-11-15,2010-11-20,0.1408829108802519,0.2132252174763282,0.2046606153402446,0.1263014949761073,1,13.0,valid
Uttar_Pradesh,Kushinagar,2010,10,2010-11-20,2010-11-25,0.13795566656907438,0.2055023867925031,0.19963777774633973,0.1302773461292379,0,,insufficient_data
Uttar_Pradesh,Kushinagar,2010,11,2010-11-25,2010-11-30,0.1576824717869643,0.2122110090386651,0.1871261608996091,0.1201148083881515,1,21.0,valid
Uttar_Pradesh,Kushinagar,2010,12,2010-11-30,2010-12-05,0.1153016170400069,0.191070933862516,0.2071265569991655,0.1444157350234548,4,1.25,valid
Uttar_Pradesh,Kushinagar,2010,13,2010-12-05,2010-12-10,0.12703612111395518,0.2003473008502731,0.19860084931602034,0.1401694384856454,0,,insufficient_data
Uttar_Pradesh,Kushinagar,2010,14,2010-12-10,2010-12-15,0.1091393685999223,0.1918955626486146,0.2054933834644317,0.154779469640622,4,3.0,valid
Uttar_Pradesh,Kushinagar,2010,15,2010-12-15,2010-12-20,0.1319531444485943,0.1959644105509811,0.1979047170519159,0.1400164776923377,2,3.5,valid
Uttar_Pradesh,Kushinagar,2010,16,2010-12-20,2010-12-25,0.1211040036942881,0.2105945881505887,0.1953534281649796,0.1415207016836609,2,1.0,valid
Uttar_Pradesh,Kushinagar,2010,17,2010-12-25,2010-12-30,0.1115471241095916,0.1939966029745667,0.1864657133804749,0.1342272943527212,4,2.5,valid
Uttar_Pradesh,Kushinagar,2010,18,2010-12-30,2011-01-04,0.11658362403816758,0.2043206301466548,0.19179054474561508,0.13406928099989734,0,,insufficient_data
Uttar_Pradesh,Kushinagar,2010,19,2011-01-04,2011-01-09,0.1017302239001963,0.2167269189104827,0.1874383203850899,0.1205126502708696,1,22.0,valid
Uttar_Pradesh,Kushinagar,2010,20,2011-01-09,2011-01-14,0.15118374737775356,0.24976642594311377,0.2120274837326681,0.14613901042414848,1,27.0,missing_bands
Uttar_Pradesh,Kushinagar,2010,21,2011-01-14,2011-01-19,0.14981528082863338,0.26026017512372485,0.20957222849582552,0.14002426665508358,0,,insufficient_data
Uttar_Pradesh,Kushinagar,2010,22,2011-01-19,2011-01-24,0.3119913534824765,0.3506273811037856,0.3090440940686714,0.2232206055943359,4,18.5,valid
Uttar_Pradesh,Kushinagar,2010,23,2011-01-24,2011-01-29,0.0794662880187499,0.2377148007836201,0.1651618070964362,0.1065954914786672,2,1.0,valid
Uttar_Pradesh,Kushinagar,2010,24,2011-01-29,2011-02-03,0.1060732579131109,0.2359715996970109,0.1766446924331046,0.1097683192764616,2,7.5,valid
Uttar_Pradesh,Kushinagar,2010,25,2011-02-03,2011-02-08,0.1376674351844573,0.2353928062262605,0.1540775641217871,0.0914500336271283,4,1.25,valid
Uttar_Pradesh,Kushinagar,2010,26,2011-02-08,2011-02-13,0.10298434713312998,0.250358842737354,0.16203236724077474,0.09884207561156139,0,,insufficient_data
Uttar_Pradesh,Kushinagar,2010,27,2011-02-13,2011-02-18,0.1120678273779997,0.2566155843263998,0.1550846619043477,0.0960255931323301,4,2.75,valid
Uttar_Pradesh,Kushinagar,2010,28,2011-02-18,2011-02-23,0.0796469271713322,0.2860994226534785,0.1591931106481982,0.0903709405432197,4,2.0,valid
Uttar_Pradesh,Kushinagar,2010,29,2011-02-23,2011-02-28,0.08439974197631119,0.28390840696213726,0.16673745465923523,0.10444453378223706,0,,insufficient_data
Uttar_Pradesh,Kushinagar,2010,30,2011-02-28,2011-03-05,0.0692116185751154,0.2922102219508727,0.1663820023061255,0.1052664264416809,4,3.5,valid
Uttar_Pradesh,Kushinagar,2010,31,2011-03-05,2011-03-10,0.0745311439591061,0.2977861147075168,0.1627061729817498,0.1001739869518813,1,5.0,valid
Uttar_Pradesh,Kushinagar,2010,32,2011-03-10,2011-03-15,0.0865411927980025,0.2868306911724186,0.190321325455755,0.1303857218420733,2,3.0,valid
Uttar_Pradesh,Kushinagar,2010,33,2011-03-15,2011-03-20,0.0943950622029705,0.2417742680706643,0.1650363920103151,0.1099274646284351,2,6.5,valid
Uttar_Pradesh,Kushinagar,2010,34,2011-03-20,2011-03-25,0.09285087554689415,0.24915435454114293,0.17839511995558,0.12260288432687379,0,,insufficient_data
Uttar_Pradesh,Kushinagar,2010,35,2011-03-25,2011-03-30,0.097622813518566,0.2191363795998595,0.1796417028153115,0.1280498849301073,4,5.25,valid
Uttar_Pradesh,Kushinagar,2010,36,2011-03-30,2011-04-04,0.1111641652558257,0.2002443191552554,0.1942700065147686,0.1444773632818719,3,0.3333333333333333,valid
Uttar_Pradesh,Kushinagar,2010,37,2011-04-04,2011-04-09,0.1137949504311528,0.21018889339619248,0.20039371749437204,0.14914387022716932,0,,insufficient_data
Uttar_Pradesh,Kushinagar,2010,38,2011-04-09,2011-04-14,0.1325978725190667,0.2111859814334625,0.227269443153036,0.1749043624695287,2,7.5,valid
Uttar_Pradesh,Kushinagar,2010,39,2011-04-14,2011-04-19,0.12950623177621665,0.2181962463041187,0.2290373282648743,0.17526233287698442,0,,insufficient_data
Uttar_Pradesh,Kushinagar,2010,40,2011-04-19,2011-04-24,0.1386772650364121,0.22717220987855036,0.24642098913992713,0.19065481767454065,0,,insufficient_data
Uttar_Pradesh,Kushinagar,2010,41,2011-04-24,2011-04-29,0.1447566575537575,0.2431584383236382,0.2655725351268183,0.2064052728795526,2,8.0,valid
Uttar_Pradesh,Kushinagar,2010,42,2011-04-29,2011-05-04,0.1447566575537575,0.2431584383236382,0.2655725351268183,0.2064052728795526,0,,insufficient_data
Uttar_Pradesh,Kushinagar,2011,0,2011-10-01,2011-10-06,0.1064064282352761,0.3079995897767246,0.1690905321498452,0.0873063637433723,4,12.25,valid
Uttar_Pradesh,Kushinagar,2011,1,2011-10-06,2011-10-11,0.0887287561998229,0.26846198250919406,0.16594688474489552,0.08725600262057466,0,,insufficient_data
Uttar_Pradesh,Kushinagar,2011,2,2011-10-11,2011-10-16,0.0653795092251775,0.265384244808655,0.1621388068540167,0.0813120291433431,2,5.0,valid
Uttar_Pradesh,Kushinagar,2011,3,2011-10-16,2011-10-21,0.0944003311390151,0.2320021129422025,0.1666113152308247,0.0931496149750086,2,5.5,valid
Uttar_Pradesh,Kushinagar,2011,4,2011-10-21,2011-10-26,0.11764710858246241,0.23988896703597398,0.18119223736306495,0.10811929469842999,0,,insufficient_data
Uttar_Pradesh,Kushinagar,2011,5,2011-10-26,2011-10-31,0.09371607704841,0.2431549911539275,0.1951348454694588,0.1196996496047602,4,3.5,valid
Uttar_Pradesh,Kushinagar,2011,6,2011-10-31,2011-11-05,0.1561711131992724,0.2251348026624019,0.1889179314321932,0.1234483401142895,1,10.0,valid
Uttar_Pradesh,Kushinagar,2011,7,2011-11-05,2011-11-10,0.1785685123004371,0.2337686836126831,0.1931582878288314,0.1229868396547485,2,14.5,valid
Uttar_Pradesh,Kushinagar,2011,8,2011-11-10,2011-11-15,0.1880548066722523,0.2281226229391552,0.2099150665603822,0.1424707666508903,1,1.0,valid
Uttar_Pradesh,Kushinagar,2011,9,2011-11-15,2011-11-20,0.14750506905382305,0.21893076459914312,0.19955440666803115,0.1363299113512891,0,,insufficient_data
Uttar_Pradesh,Kushinagar,2011,10,2011-11-20,2011-11-25,0.0971134831208493,0.2048637708141708,0.1991013211538007,0.1390526126636748,2,3.5,valid
Uttar_Pradesh,Kushinagar,2011,11,2011-11-25,2011-11-30,0.1176174299763041,0.2027639429673046,0.2066794263649482,0.1536909976728425,2,4.5,valid
Uttar_Pradesh,Kushinagar,2011,12,2011-11-30,2011-12-05,0.24806346462548934,0.31400755623783505,0.3121273935342637,0.24190424622001575,0,,insufficient_data
Uttar_Pradesh,Kushinagar,2011,13,2011-12-05,2011-12-10,0.5294594807793146,0.5343949549320297,0.5306014330840423,0.4329691283235299,1,6.0,valid
Uttar_Pradesh,Kushinagar,2011,14,2011-12-10,2011-12-15,0.7379910829710313,0.5274143931753311,0.478356952575973,0.3834660966800703,0,,insufficient_data
Uttar_Pradesh,Kushinagar,2011,15,2011-12-15,2011-12-20,0.7256160926949299,0.523956567579008,0.46738227364488333,0.3712420378111001,0,,insufficient_data
Uttar_Pradesh,Kushinagar,2011,16,2011-12-20,2011-12-25,1.566896338157475,0.8450842816266592,0.6977899982789284,0.5637381640438386,1,13.0,valid
Uttar_Pradesh,Kushinagar,2011,17,2011-12-25,2011-12-30,0.8236943986527375,0.5187373739024972,0.4357726939253038,0.34037849255488517,0,,insufficient_data
Uttar_Pradesh,Kushinagar,2011,18,2011-12-30,2012-01-04,0.080492459148,0.1923904661783352,0.1737553895716792,0.1170188210659317,2,1.5,valid
Uttar_Pradesh,Kushinagar,2011,19,2012-01-04,2012-01-09,0.6059742954110227,0.4334662268107876,0.34424441160135516,0.2577319774583738,0,,insufficient_data
Uttar_Pradesh,Kushinagar,2011,20,2012-01-09,2012-01-14,0.11904262017467764,0.24583416087298252,0.17081317933384224,0.10563441340570286,0,,insufficient_data
Uttar_Pradesh,Kushinagar,2011,21,2012-01-14,2012-01-19,0.1705340889275931,0.2629239326273686,0.1611878469534579,0.092438947265351,2,6.0,valid
Uttar_Pradesh,Kushinagar,2011,22,2012-01-19,2012-01-24,0.117231456196587,0.2734936493866969,0.16751107311858018,0.09994767796561822,0,,insufficient_data
Uttar_Pradesh,Kushinagar,2011,23,2012-01-24,2012-01-29,0.1061013124484398,0.2821880838132438,0.1774963014763897,0.1074454718858259,2,2.5,valid
Uttar_Pradesh,Kushinagar,2011,24,2012-01-29,2012-02-03,0.0750589672137281,0.2753689317194783,0.1638490709258929,0.0999586147456778,2,0.5,valid
Uttar_Pradesh,Kushinagar,2011,25,2012-02-03,2012-02-08,0.09004260722038955,0.2798220675863723,0.1671840605384606,0.10201936840949527,0,,insufficient_data
Uttar_Pradesh,Kushinagar,2011,26,2012-02-08,2012-02-13,0.0679589624199449,0.2818640465505425,0.1699721216471267,0.1057226277596532,2,13.0,valid
Uttar_Pradesh,Kushinagar,2011,27,2012-02-13,2012-02-18,0.1110511867994454,0.2798672082622247,0.1574187481044331,0.0949507592468242,1,20.0,valid
Uttar_Pradesh,Kushinagar,2011,28,2012-02-18,2012-02-23,0.08595618589650442,0.27761497726382445,0.17070724659523334,0.11040959079529039,0,,insufficient_data
Uttar_Pradesh,Kushinagar,2011,29,2012-02-23,2012-02-28,0.0812705803464226,0.2798422244714049,0.1843585373729928,0.1253238815573984,2,1.5,valid
Uttar_Pradesh,Kushinagar,2011,30,2012-02-28,2012-03-04,0.0835440140202048,0.2688864297711257,0.1710795792563808,0.1156410946172858,2,0.0,valid
Uttar_Pradesh,Kushinagar,2011,31,2012-03-04,2012-03-09,0.08765166761821673,0.2548814144373792,0.1770886828692302,0.1216810423857156,0,,insufficient_data
Uttar_Pradesh,Kushinagar,2011,32,2012-03-09,2012-03-14,0.09722191672102048,0.24786774815357762,0.1875488995871312,0.13353953417242465,0,,insufficient_data
Uttar_Pradesh,Kushinagar,2011,33,2012-03-14,2012-03-19,0.10253902884588646,0.23720958938096856,0.18861235365851067,0.13627808504410008,0,,insufficient_data
Uttar_Pradesh,Kushinagar,2011,34,2012-03-19,2012-03-24,0.0981404084880228,0.2159155890696071,0.1758279319783171,0.1240781509824626,2,0.5,valid
Uttar_Pradesh,Kushinagar,2011,35,2012-03-24,2012-03-29,0.1259326640294318,0.2268267493021728,0.2189295497408341,0.1691150095325518,2,2.5,valid
Uttar_Pradesh,Kushinagar,2011,36,2012-03-29,2012-04-03,0.12253050399011214,0.21791937651308063,0.21206076594548706,0.1598076372600215,0,,insufficient_data
Uttar_Pradesh,Kushinagar,2011,37,2012-04-03,2012-04-08,0.1313751826951064,0.2017025462323975,0.213171251319901,0.1592047300783997,2,17.0,valid
Uttar_Pradesh,Kushinagar,2011,38,2012-04-08,2012-04-13,0.13066053582414194,0.2185873056609052,0.22413837726787708,0.1717174660192078,0,,insufficient_data
Uttar_Pradesh,Kushinagar,2011,39,2012-04-13,2012-04-18,0.1346737607478876,0.2272326214481452,0.2403143307428961,0.1868326584466719,2,7.0,valid
Uttar_Pradesh,Kushinagar,2011,40,2012-04-18,2012-04-23,0.14680880699177204,0.23268942310226082,0.2492647204271711,0.1929842542739637,0,,insufficient_data
Uttar_Pradesh,Kushinagar,2011,41,2012-04-23,2012-04-28,0.15452561914010485,0.24818286153719246,0.26731145498080616,0.2098740163717457,0,,insufficient_data
Uttar_Pradesh,Kushinagar,2011,42,2012-04-28,2012-05-03,0.1743774775323221,0.2691331016262397,0.2943085792187162,0.2329153742968195,2,12.5,valid
Uttar_Pradesh,Kushinagar,2012,0,2012-10-01,2012-10-06,0.0660005157849132,0.2569114347218248,0.1576408694981978,0.0798594361316333,0,,insufficient_data
Uttar_Pradesh,Kushinagar,2012,1,2012-10-06,2012-10-11,0.07207448136158755,0.2553284279822226,0.17291849500861883,0.09473415217623934,0,,insufficient_data
Uttar_Pradesh,Kushinagar,2012,2,2012-10-11,2012-10-16,0.0660005157849132,0.2569114347218248,0.1576408694981978,0.0798594361316333,2,1.5,valid
Uttar_Pradesh,Kushinagar,2012,3,2012-10-16,2012-10-21,0.073920577290594,0.2465016602122061,0.1755996146477737,0.0989560647425309,0,,insufficient_data
Uttar_Pradesh,Kushinagar,2012,4,2012-10-21,2012-10-26,0.0781484469382619,0.2537454212426204,0.1881961205190399,0.1096088682208454,2,1.5,valid
Uttar_Pradesh,Kushinagar,2012,5,2012-10-26,2012-10-31,0.0776127691486069,0.2288481246721731,0.1809618539260834,0.107399889875114,2,0.0,valid
Uttar_Pradesh,Kushinagar,2012,6,2012-10-31,2012-11-05,0.10090772419467164,0.2343692345589958,0.1933428731262034,0.12130121530149193,0,,insufficient_data
Uttar_Pradesh,Kushinagar,2012,7,2012-11-05,2012-11-10,0.1139301438542103,0.2283305348547076,0.2016820329285732,0.1331182285219236,2,0.5,valid
Uttar_Pradesh,Kushinagar,2012,8,2012-11-10,2012-11-15,0.1339395368376075,0.226552857466482,0.2025314851311171,0.1350778745880847,2,0.5,valid
Uttar_Pradesh,Kushinagar,2012,9,2012-11-15,2012-11-20,0.12486489007809341,0.2171611027540966,0.20371933348899646,0.14025824938733122,0,,insufficient_data
Uttar_Pradesh,Kushinagar,2012,10,2012-11-20,2012-11-25,0.1323886197593431,0.2127459545599178,0.2001114376856841,0.1413411873682424,2,1.0,valid
Uttar_Pradesh,Kushinagar,2012,11,2012-11-25,2012-11-30,0.1593150120592086,0.2324185127622052,0.2251395281329862,0.16215651587688723,0,,insufficient_data
Uttar_Pradesh,Kushinagar,2012,12,2012-11-30,2012-12-05,0.1192012598612127,0.2010150641352791,0.2105523782106114,0.1514957070710742,2,1.5,valid
Uttar_Pradesh,Kushinagar,2012,13,2012-12-05,2012-12-10,0.251730631778671,0.289360174887142,0.2873628115045322,0.2207112944801476,2,14.5,valid
Uttar_Pradesh,Kushinagar,2012,14,2012-12-10,2012-12-15,0.18546594581994186,0.24518761951121054,0.2489575948575718,0.18610350077561089,0,,insufficient_data
Uttar_Pradesh,Kushinagar,2012,15,2012-12-15,2012-12-20,0.18546594581994186,0.24518761951121054,0.2489575948575718,0.18610350077561089,0,,insufficient_data
Uttar_Pradesh,Kushinagar,2012,16,2012-12-20,2012-12-25,0.251730631778671,0.289360174887142,0.2873628115045322,0.2207112944801476,0,,insufficient_data
Uttar_Pradesh,Kushinagar,2012,17,2012-12-25,2012-12-30,,,,,0,,insufficient_data
Uttar_Pradesh,Kushinagar,2012,18,2012-12-30,2013-01-04,,,,,1,9.0,missing_bands
Uttar_Pradesh,Kushinagar,2012,19,2013-01-04,2013-01-09,,,,,0,,insufficient_data
Uttar_Pradesh,Kushinagar,2012,20,2013-01-09,2013-01-14,,,,,1,28.0,missing_bands
Uttar_Pradesh,Kushinagar,2012,21,2013-01-14,2013-01-19,,,,,0,,insufficient_data
Uttar_Pradesh,Kushinagar,2012,22,2013-01-19,2013-01-24,,,,,0,,insufficient_data
Uttar_Pradesh,Kushinagar,2012,23,2013-01-24,2013-01-29,0.0714071748470426,0.2816809998561993,0.1797587011172055,0.1141361076754127,0,,insufficient_data
Uttar_Pradesh,Kushinagar,2012,24,2013-01-29,2013-02-03,0.0714071748470426,0.2816809998561993,0.1797587011172055,0.1141361076754127,0,,insufficient_data
Uttar_Pradesh,Kushinagar,2012,25,2013-02-03,2013-02-08,0.06378086542894415,0.28283171431813914,0.16459497137064816,0.0978685619665967,0,,insufficient_data
Uttar_Pradesh,Kushinagar,2012,26,2013-02-08,2013-02-13,0.0714071748470426,0.2816809998561993,0.1797587011172055,0.1141361076754127,2,2.0,valid
Uttar_Pradesh,Kushinagar,2012,27,2013-02-13,2013-02-18,0.06791054176903043,0.28648865655945915,0.1693869691652882,0.1032670225076762,0,,insufficient_data
Uttar_Pradesh,Kushinagar,2012,28,2013-02-18,2013-02-23,0.0561545560108457,0.283982428780079,0.1494312416240908,0.0816010162577807,2,8.5,valid
Uttar_Pradesh,Kushinagar,2012,29,2013-02-23,2013-02-28,0.076169894449203,0.2938025410420992,0.1789709647545683,0.1140639435898352,2,2.0,valid
Uttar_Pradesh,Kushinagar,2012,30,2013-02-28,2013-03-05,0.0745597041676515,0.273880266418628,0.1727825438941487,0.10970771311957406,0,,insufficient_data
Uttar_Pradesh,Kushinagar,2012,31,2013-03-05,2013-03-10,0.0763813546637749,0.268753189098133,0.1679101037877407,0.1071679401201489,2,0.0,valid
Uttar_Pradesh,Kushinagar,2012,32,2013-03-10,2013-03-15,0.08069475355325344,0.27051287896481097,0.18056631131750134,0.11907661207350517,0,,insufficient_data
Uttar_Pradesh,Kushinagar,2012,33,2013-03-15,2013-03-20,0.0895330115467824,0.2489829067542008,0.194817865410195,0.1359979525105314,2,3.0,valid
Uttar_Pradesh,Kushinagar,2012,34,2013-03-20,2013-03-25,0.09940648704190293,0.24421221219523828,0.1997921716700141,0.14094831481670353,0,,insufficient_data
Uttar_Pradesh,Kushinagar,2012,35,2013-03-25,2013-03-30,0.11091905323096696,0.23194172374379096,0.21573320561115078,0.15783850216498085,0,,insufficient_data
Uttar_Pradesh,Kushinagar,2012,36,2013-03-30,2013-04-04,0.12490765546387173,0.2338917566578429,0.23057352259320804,0.17144694448168188,0,,insufficient_data
Uttar_Pradesh,Kushinagar,2012,37,2013-04-04,2013-04-09,0.1323050949151515,0.2149005407333811,0.2366485458121066,0.1796790518194303,2,2.0,valid
Uttar_Pradesh,Kushinagar,2012,38,2013-04-09,2013-04-14,0.13892220864715432,0.22124360055901024,0.24261307600705853,0.18020146700789633,0,,insufficient_data
Uttar_Pradesh,Kushinagar,2012,39,2013-04-14,2013-04-19,0.1528848599296813,0.2377918224859468,0.2602541565573226,0.198663829115084,2,14.0,valid
Uttar_Pradesh,Kushinagar,2012,40,2013-04-19,2013-04-24,0.1315766710966302,0.2110384384577028,0.2309365256517464,0.1622615200891747,2,10.5,valid
Uttar_Pradesh,Kushinagar,2012,41,2013-04-24,2013-04-29,0.14223076551315575,0.2244151304718248,0.24559534110453451,0.18046267460212934,0,,insufficient_data
Uttar_Pradesh,Kushinagar,2012,42,2013-04-29,2013-05-04,0.14223076551315575,0.2244151304718248,0.24559534110453451,0.18046267460212934,0,,insufficient_data
Uttar_Pradesh,Kushinagar,2013,0,2013-10-01,2013-10-06,0.0535503641044507,0.2879902456676844,0.1669223424521539,0.0790834531820395,0,,insufficient_data
Uttar_Pradesh,Kushinagar,2013,1,2013-10-06,2013-10-11,0.0535503641044507,0.2879902456676844,0.1669223424521539,0.0790834531820395,2,5.5,valid
Uttar_Pradesh,Kushinagar,2013,2,2013-10-11,2013-10-16,0.0564376802317647,0.26457143745116174,0.1599185893020591,0.08046434065126115,0,,insufficient_data
Uttar_Pradesh,Kushinagar,2013,3,2013-10-16,2013-10-21,0.26886473697314195,0.4090401692969426,0.30405892192572403,0.196769579199084,0,,insufficient_data
Uttar_Pradesh,Kushinagar,2013,4,2013-10-21,2013-10-26,0.0593249963590787,0.2411526292346391,0.1529148361519643,0.0818452281204828,3,3.8666666666666663,valid
Uttar_Pradesh,Kushinagar,2013,5,2013-10-26,2013-10-31,0.23001791477564354,0.34312316542102345,0.27677610903545113,0.18291928861681317,0,,insufficient_data
Uttar_Pradesh,Kushinagar,2013,6,2013-10-31,2013-11-05,0.6937188504558964,0.6979776329885043,0.5923395871730539,0.4293800562947297,3,13.02,valid
Uttar_Pradesh,Kushinagar,2013,7,2013-11-05,2013-11-10,0.0850005711143783,0.2152072414230976,0.1752205100786577,0.1083824930413011,2,6.485,valid
Uttar_Pradesh,Kushinagar,2013,8,2013-11-10,2013-11-15,0.0820272411732207,0.2181551580378527,0.1866295027381287,0.1120693770107391,2,9.5,valid
Uttar_Pradesh,Kushinagar,2013,9,2013-11-15,2013-11-20,0.0926362522122129,0.210332596179415,0.196353314433222,0.1263284481284278,4,5.59,valid
Uttar_Pradesh,Kushinagar,2013,10,2013-11-20,2013-11-25,0.09879822245339336,0.2102743104249611,0.1886951749392103,0.12228009227763378,0,,insufficient_data
Uttar_Pradesh,Kushinagar,2013,11,2013-11-25,2013-11-30,0.1267355101733409,0.2126335682760767,0.1896047232381507,0.1291114059714487,4,2.745,valid
Uttar_Pradesh,Kushinagar,2013,12,2013-11-30,2013-12-05,0.107591537593814,0.1950429882083634,0.1956678242078923,0.1355087372362522,4,2.0175,valid
Uttar_Pradesh,Kushinagar,2013,13,2013-12-05,2013-12-10,0.15712606552421882,0.23498157675156933,0.22773411249533337,0.1674937572955533,0,,insufficient_data
Uttar_Pradesh,Kushinagar,2013,14,2013-12-10,2013-12-15,0.0940053237801684,0.1901833312609564,0.1822185759678555,0.1320053702511005,4,3.2,valid
Uttar_Pradesh,Kushinagar,2013,15,2013-12-15,2013-12-20,0.380340498040314,0.398264646345194,0.4085525125361339,0.3275341376930884,1,13.0,valid
Uttar_Pradesh,Kushinagar,2013,16,2013-12-20,2013-12-25,0.0769574580334568,0.1787833496672561,0.1626269265266345,0.1133091353258767,2,7.765000000000001,valid
Uttar_Pradesh,Kushinagar,2013,17,2013-12-25,2013-12-30,0.15221161080823264,0.23902484374747704,0.21817937406537422,0.15923760310960972,1,29.01,missing_bands
Uttar_Pradesh,Kushinagar,2013,18,2013-12-30,2014-01-04,0.1667631825652487,0.2512352218691072,0.22716957358975393,0.16604566132423698,0,,insufficient_data
Uttar_Pradesh,Kushinagar,2013,19,2014-01-04,2014-01-09,0.1285966058150958,0.2173115224547824,0.1801047078916126,0.1204660221970268,3,15.143333333333333,valid
Uttar_Pradesh,Kushinagar,2013,20,2014-01-09,2014-01-14,0.0811581683721282,0.2105813690091963,0.1573941474046347,0.102873350080956,2,20.57,valid
Uttar_Pradesh,Kushinagar,2013,21,2014-01-14,2014-01-19,0.3122709702961357,0.3873100900285456,0.31788308867492715,0.23880316917774969,0,,insufficient_data
Uttar_Pradesh,Kushinagar,2013,22,2014-01-19,2014-01-24,0.25032395354731546,0.35064637642934915,0.27813317228871426,0.204390125088646,0,,insufficient_data
Uttar_Pradesh,Kushinagar,2013,23,2014-01-24,2014-01-29,0.29089973612472203,0.39509132775420475,0.3108093270877481,0.23236482605251907,0,,insufficient_data
Uttar_Pradesh,Kushinagar,2013,24,2014-01-29,2014-02-03,0.7270581367011831,0.7340373786216581,0.6161504107285342,0.4930701352552662,1,21.0,valid
Uttar_Pradesh,Kushinagar,2013,25,2014-02-03,2014-02-08,0.0644829033008547,0.2406552356317598,0.1588834231300755,0.101150992821335,2,11.88,valid
Uttar_Pradesh,Kushinagar,2013,26,2014-02-08,2014-02-13,0.23304490242859563,0.38068277512404314,0.27463897101425044,0.1980849599319521,0,,insufficient_data
Uttar_Pradesh,Kushinagar,2013,27,2014-02-13,2014-02-18,0.0627946573719024,0.2598101556772692,0.1587004174712961,0.101957400901421,2,0.03,valid
Uttar_Pradesh,Kushinagar,2013,28,2014-02-18,2014-02-23,0.0778439123404423,0.2882283305654854,0.164821632727096,0.0961613107497862,2,19.0,valid
Uttar_Pradesh,Kushinagar,2013,29,2014-02-23,2014-02-28,0.07679088262518258,0.27418452585233555,0.16942257873689087,0.10621000452706439,0,,insufficient_data
Uttar_Pradesh,Kushinagar,2013,30,2014-02-28,2014-03-05,0.0940318192427567,0.2766374924292729,0.1796800993565786,0.1098860858403324,1,28.0,valid
Uttar_Pradesh,Kushinagar,2013,31,2014-03-05,2014-03-10,0.0754546523025408,0.2780033110275598,0.1703696713403661,0.1084257360066189,2,15.5,valid
Uttar_Pradesh,Kushinagar,2013,32,2014-03-10,2014-03-15,0.0738293718682707,0.2682433395620904,0.1735410727891176,0.1146194891371635,1,13.81,valid
Uttar_Pradesh,Kushinagar,2013,33,2014-03-15,2014-03-20,0.0732299423810055,0.2528931074925976,0.1688759676136298,0.1137986758808906,4,4.6525,valid
Uttar_Pradesh,Kushinagar,2013,34,2014-03-20,2014-03-25,0.08555971347167843,0.2511840784479048,0.18269728025345275,0.12521766891047212,0,,insufficient_data
Uttar_Pradesh,Kushinagar,2013,35,2014-03-25,2014-03-30,0.0977718398104594,0.2218599634421936,0.1844032138418514,0.1278235395845764,3,2.7433333333333336,valid
Uttar_Pradesh,Kushinagar,2013,36,2014-03-30,2014-04-04,0.1075127609961158,0.2349206707150829,0.2162964756822988,0.1614209039431112,3,4.066666666666666,valid
Uttar_Pradesh,Kushinagar,2013,37,2014-04-04,2014-04-09,0.12206313730615784,0.23676851384011538,0.23045672233035597,0.16975393145869372,0,,insufficient_data
Uttar_Pradesh,Kushinagar,2013,38,2014-04-09,2014-04-14,0.1299051120219188,0.2306272840087535,0.2454003993905335,0.1832907155565994,4,0.9725,valid
Uttar_Pradesh,Kushinagar,2013,39,2014-04-14,2014-04-19,0.1378492207546219,0.2456394356216275,0.2570914385439405,0.19440135187361418,0,,insufficient_data
Uttar_Pradesh,Kushinagar,2013,40,2014-04-19,2014-04-24,0.1530628363961374,0.2596661371944314,0.2757268004067401,0.2064805667504879,2,6.0,valid
Uttar_Pradesh,Kushinagar,2013,41,2014-04-24,2014-04-29,0.1609161736043155,0.2573436505682421,0.2909420786961896,0.2264132212442582,4,3.8,valid
Uttar_Pradesh,Kushinagar,2013,42,2014-04-29,2014-05-04,0.15698950500022646,0.25850489388133674,0.28333443955146487,0.21644689399737305,0,,insufficient_data
Uttar_Pradesh,Kushinagar,2014,0,2014-10-01,2014-10-06,0.0621319271346533,0.2738931129470371,0.1491929131810779,0.0696943904572071,4,15.2875,valid
Uttar_Pradesh,Kushinagar,2014,1,2014-10-06,2014-10-11,0.0646314740176586,0.2675330314851746,0.1547806064973119,0.0767252827735906,0,,insufficient_data
Uttar_Pradesh,Kushinagar,2014,2,2014-10-11,2014-10-16,0.06600528972346786,0.2572176200730381,0.1589868337778423,0.08284098935977026,0,,insufficient_data
Uttar_Pradesh,Kushinagar,2014,3,2014-10-16,2014-10-21,0.0671310209006639,0.2611729500233121,0.1603682998135459,0.0837561750899741,4,4.422499999999999,valid
Uttar_Pradesh,Kushinagar,2014,4,2014-10-21,2014-10-26,0.07640954194267441,0.23675590071205443,0.17221164663933328,0.09859470543929033,0,,insufficient_data
Uttar_Pradesh,Kushinagar,2014,5,2014-10-26,2014-10-31,0.0687529211350864,0.2365867972487651,0.1673992883389031,0.0950724025321296,4,5.9725,valid
Uttar_Pradesh,Kushinagar,2014,6,2014-10-31,2014-11-05,0.0953659476635005,0.2291185907896618,0.1859740077718962,0.1098843008780858,2,8.0,valid
Uttar_Pradesh,Kushinagar,2014,7,2014-11-05,2014-11-10,0.0743882780714468,0.2201452647864788,0.1751049906329879,0.1056659432569718,2,4.425000000000001,valid
Uttar_Pradesh,Kushinagar,2014,8,2014-11-10,2014-11-15,0.0906894744311896,0.2172385723310902,0.1864584198471445,0.1218702821490977,3,6.903333333333333,valid
Uttar_Pradesh,Kushinagar,2014,9,2014-11-15,2014-11-20,0.10052138596024021,0.21373023648648415,0.18635107069271933,0.12076453623875816,0,,insufficient_data
Uttar_Pradesh,Kushinagar,2014,10,2014-11-20,2014-11-25,0.1164564883609327,0.2012122501443852,0.1986776914012524,0.1349808304519125,4,5.88,valid
Uttar_Pradesh,Kushinagar,2014,11,2014-11-25,2014-11-30,0.1257067412741314,0.2009365043808048,0.1855402438103158,0.131421324457723,4,5.1675,valid
Uttar_Pradesh,Kushinagar,2014,12,2014-11-30,2014-12-05,0.1078481665036316,0.18669611509694575,0.17188076803677046,0.11582857879399389,0,,insufficient_data
Uttar_Pradesh,Kushinagar,2014,13,2014-12-05,2014-12-10,0.1078481665036316,0.18669611509694575,0.17188076803677046,0.11582857879399389,0,,insufficient_data
Uttar_Pradesh,Kushinagar,2014,14,2014-12-10,2014-12-15,0.10354400557498106,0.17943804757322604,0.1584823063545295,0.1062524529650346,0,,insufficient_data
Uttar_Pradesh,Kushinagar,2014,15,2014-12-15,2014-12-20,0.0813812698758307,0.1579395907656473,0.1314243688987432,0.0810835814723462,1,18.0,valid
Uttar_Pradesh,Kushinagar,2014,16,2014-12-20,2014-12-25,0.06943281058037988,0.17754492434996236,0.14344755338282986,0.08919985943547733,0,,insufficient_data
Uttar_Pradesh,Kushinagar,2014,17,2014-12-25,2014-12-30,0.06943281058037988,0.17754492434996236,0.14344755338282986,0.08919985943547733,0,,insufficient_data
Uttar_Pradesh,Kushinagar,2014,18,2014-12-30,2015-01-04,0.0635587825417222,0.1827839543490949,0.152974000774845,0.0956399970693393,1,15.0,valid
Uttar_Pradesh,Kushinagar,2014,19,2015-01-04,2015-01-09,0.0633583793235867,0.1919112279351448,0.1459442904749013,0.0908759997647465,2,22.59,valid
Uttar_Pradesh,Kushinagar,2014,20,2015-01-09,2015-01-14,0.06866031208126769,0.21174314221845178,0.15524860048705008,0.09795934649329319,0,,insufficient_data
Uttar_Pradesh,Kushinagar,2014,21,2015-01-14,2015-01-19,0.0583875049333203,0.2040561971707535,0.1421535723425229,0.0903083766322093,1,11.24,valid
Uttar_Pradesh,Kushinagar,2014,22,2015-01-19,2015-01-24,0.0920791255023357,0.2520547103313248,0.1735353427120627,0.1096426668358777,2,19.5,valid
Uttar_Pradesh,Kushinagar,2014,23,2015-01-24,2015-01-29,0.0659177681053735,0.2279096213059408,0.1616357961309185,0.1033296921642931,2,20.03,valid
Uttar_Pradesh,Kushinagar,2014,24,2015-01-29,2015-02-03,0.0621073728617107,0.2668080276846639,0.1455039321216162,0.0879267940293274,3,3.6666666666666665,valid
Uttar_Pradesh,Kushinagar,2014,25,2015-02-03,2015-02-08,0.07058185508686113,0.2486036966156684,0.15926831013426135,0.10014476042842776,0,,insufficient_data
Uttar_Pradesh,Kushinagar,2014,26,2015-02-08,2015-02-13,0.0676469518938391,0.2442497724601665,0.1616317677242673,0.1031144007795761,2,12.16,valid
Uttar_Pradesh,Kushinagar,2014,27,2015-02-13,2015-02-18,0.0651580570710466,0.2519963512962461,0.1540347119824421,0.0967102483330645,4,3.4475,valid
Uttar_Pradesh,Kushinagar,2014,28,2015-02-18,2015-02-23,0.07947965244991341,0.24988097379002333,0.16182620374640905,0.1001678993416363,0,,insufficient_data
Uttar_Pradesh,Kushinagar,2014,29,2015-02-23,2015-02-28,0.1209912027004273,0.2571451619021367,0.1612640208436589,0.096759995435649,2,5.0,valid
Uttar_Pradesh,Kushinagar,2014,30,2015-02-28,2015-03-05,0.08119945877745068,0.24911376214523484,0.16433723867005978,0.10252096204003538,0,,insufficient_data
Uttar_Pradesh,Kushinagar,2014,31,2015-03-05,2015-03-10,0.0641223981343406,0.2461326095015441,0.1703743144352679,0.1040869528182556,2,4.5,valid
Uttar_Pradesh,Kushinagar,2014,32,2015-03-10,2015-03-15,0.0745261772039882,0.2411809258810125,0.1716759074188703,0.1125266515731724,4,10.645,valid
Uttar_Pradesh,Kushinagar,2014,33,2015-03-15,2015-03-20,0.08127326270167982,0.22377546848801355,0.1737265745836226,0.11451936308390716,0,,insufficient_data
Uttar_Pradesh,Kushinagar,2014,34,2015-03-20,2015-03-25,0.0794161912366727,0.2170047994595706,0.1769173872731704,0.1260300297530961,4,4.01,valid
Uttar_Pradesh,Kushinagar,2014,35,2015-03-25,2015-03-30,0.1070282842317178,0.1907835391099269,0.1759386892071818,0.1154338181911045,4,8.09,valid
Uttar_Pradesh,Kushinagar,2014,36,2015-03-30,2015-04-04,0.10819515639371216,0.20897596451831638,0.20990760915940443,0.1515594909326086,0,,insufficient_data
Uttar_Pradesh,Kushinagar,2014,37,2015-04-04,2015-04-09,0.1170531856331788,0.2148332753640279,0.2228621327590788,0.1654542348935976,3,5.183333333333334,valid
Uttar_Pradesh,Kushinagar,2014,38,2015-04-09,2015-04-14,0.1292829644732794,0.2132822441397401,0.2639122273981866,0.1993198808926362,1,6.0,valid
Uttar_Pradesh,Kushinagar,2014,39,2015-04-14,2015-04-19,0.13046961900999085,0.22484340062449637,0.25426215868645075,0.1902601427444609,0,,insufficient_data
Uttar_Pradesh,Kushinagar,2014,40,2015-04-19,2015-04-24,0.1380709004885916,0.240630237560658,0.2611007055085096,0.1964100634075564,4,7.81,valid
Uttar_Pradesh,Kushinagar,2014,41,2015-04-24,2015-04-29,0.1349417634689282,0.22818010904465255,0.26472883399557473,0.19852877869474872,0,,insufficient_data
Uttar_Pradesh,Kushinagar,2014,42,2015-04-29,2015-05-04,0.1374714254449136,0.2306278454335595,0.2691735690800281,0.1998563917840535,1,3.0,valid
Uttar_Pradesh,Kushinagar,2015,0,2015-10-01,2015-10-06,0.05718888958291725,0.2610020207189854,0.16509043074100477,0.08488546641669281,0,,insufficient_data
Uttar_Pradesh,Kushinagar,2015,1,2015-10-06,2015-10-11,0.0582362180964977,0.2649874784703445,0.1680332827579676,0.0864542491320136,4,1.305,valid
Uttar_Pradesh,Kushinagar,2015,2,2015-10-11,2015-10-16,0.0561415610693368,0.2570165629676262,0.1621475787240419,0.083316683701372,4,14.045,valid
Uttar_Pradesh,Kushinagar,2015,3,2015-10-16,2015-10-21,0.0687102105107446,0.2521114282281111,0.1768439374078062,0.0976897733452276,0,,insufficient_data
Uttar_Pradesh,Kushinagar,2015,4,2015-10-21,2015-10-26,0.0885058626896966,0.2592750704526262,0.1906488458707334,0.1091870903771395,4,4.154999999999999,valid
Uttar_Pradesh,Kushinagar,2015,5,2015-10-26,2015-10-31,0.066520275598581,0.2339914717388867,0.1733706783421915,0.1007458711760593,2,12.655,valid
Uttar_Pradesh,Kushinagar,2015,6,2015-10-31,2015-11-05,0.0741471350996109,0.2452865575110719,0.1900193013440967,0.1087449723395536,2,7.0,valid
Uttar_Pradesh,Kushinagar,2015,7,2015-11-05,2015-11-10,0.1146710470327835,0.2446183433055444,0.2117915321048014,0.1368069093527872,4,5.23,valid
Uttar_Pradesh,Kushinagar,2015,8,2015-11-10,2015-11-15,0.09286957312066182,0.228307352092913,0.19555883854664527,0.12557847940467073,0,,insufficient_data
Uttar_Pradesh,Kushinagar,2015,9,2015-11-15,2015-11-20,0.0931874986348682,0.2113673432084779,0.1957770535849219,0.1346908589046729,3,11.65,valid
Uttar_Pradesh,Kushinagar,2015,10,2015-11-20,2015-11-25,0.1158219092374655,0.2062730447005841,0.2068356273572148,0.1469037852502806,3,7.826666666666667,valid
Uttar_Pradesh,Kushinagar,2015,11,2015-11-25,2015-11-30,0.31054286467229186,0.38510919119924925,0.3220324964293221,0.24038603953468585,0,,insufficient_data
Uttar_Pradesh,Kushinagar,2015,12,2015-11-30,2015-12-05,0.2661652076174506,0.3555930682839014,0.313824658008561,0.2386021156668941,3,8.39,valid
Uttar_Pradesh,Kushinagar,2015,13,2015-12-05,2015-12-10,0.3164302713989615,0.3887134023196624,0.31981248215864355,0.24035674258081755,0,,insufficient_data
Uttar_Pradesh,Kushinagar,2015,14,2015-12-10,2015-12-15,0.7669968431993832,0.7672033086040334,0.5716926467665907,0.4413473983168959,1,3.69,valid
Uttar_Pradesh,Kushinagar,2015,15,2015-12-15,2015-12-20,0.1167371255415469,0.2257841876901307,0.1868969965022079,0.1345736710891995,4,2.93,valid
Uttar_Pradesh,Kushinagar,2015,16,2015-12-20,2015-12-25,0.2715530921564215,0.3556542089030655,0.27614487526193887,0.2027142830847459,0,,insufficient_data
Uttar_Pradesh,Kushinagar,2015,17,2015-12-25,2015-12-30,0.1098807102613624,0.2133622675792273,0.1821322992311487,0.1252323994807282,4,0.9375,valid
Uttar_Pradesh,Kushinagar,2015,18,2015-12-30,2016-01-04,0.0925976896233935,0.2162670717388706,0.1638575585478082,0.10970366345216,3,8.0,valid
Uttar_Pradesh,Kushinagar,2015,19,2016-01-04,2016-01-09,0.0912773815330241,0.23186956911845003,0.16799326669959697,0.11036224944799353,0,,insufficient_data
Uttar_Pradesh,Kushinagar,2015,20,2016-01-09,2016-01-14,0.0960155014123769,0.2473331682105221,0.1731232765139638,0.1085271035185662,4,7.165,valid
Uttar_Pradesh,Kushinagar,2015,21,2016-01-14,2016-01-19,0.0666156248349636,0.2505157689451802,0.1528599325054672,0.0979858313405197,2,12.0,valid
Uttar_Pradesh,Kushinagar,2015,22,2016-01-19,2016-01-24,0.0747856965830546,0.2531072934734007,0.15887226003334706,0.10092478308503237,0,,insufficient_data
Uttar_Pradesh,Kushinagar,2015,23,2016-01-24,2016-01-29,0.07702377233843068,0.2625091288553191,0.15989204939119062,0.1000865529621412,0,,insufficient_data
Uttar_Pradesh,Kushinagar,2015,24,2016-01-29,2016-02-03,0.0706931959804486,0.2675677824035847,0.15548164035026624,0.09727303610999953,0,,insufficient_data
Uttar_Pradesh,Kushinagar,2015,25,2016-02-03,2016-02-08,0.0617259635018233,0.2614729432644999,0.1506335710806102,0.0962614143960112,4,1.3125,valid
Uttar_Pradesh,Kushinagar,2015,26,2016-02-08,2016-02-13,0.0837379996045589,0.2907146350010741,0.1629514174647213,0.0975718625934677,4,1.5275,valid
Uttar_Pradesh,Kushinagar,2015,27,2016-02-13,2016-02-18,0.07861238945378762,0.2715587099400055,0.16287294379946762,0.10391318685575042,0,,insufficient_data
Uttar_Pradesh,Kushinagar,2015,28,2016-02-18,2016-02-23,0.0670202239960279,0.2765569316636761,0.1555701390126222,0.0991524068156633,2,14.69,valid
Uttar_Pradesh,Kushinagar,2015,29,2016-02-23,2016-02-28,0.1015813022053293,0.2739343958553711,0.1709881679320435,0.1079305465432509,2,5.5,valid
Uttar_Pradesh,Kushinagar,2015,30,2016-02-28,2016-03-04,0.0789964579611987,0.2551146439154065,0.1742214235073408,0.118649703930359,2,7.905,valid
Uttar_Pradesh,Kushinagar,2015,31,2016-03-04,2016-03-09,0.0742419822978247,0.2547435902016075,0.1669177045422654,0.1109756087959586,3,9.51,valid
Uttar_Pradesh,Kushinagar,2015,32,2016-03-09,2016-03-14,0.089159240655542,0.2503853134031505,0.1816758256651662,0.12638553631697888,0,,insufficient_data
Uttar_Pradesh,Kushinagar,2015,33,2016-03-14,2016-03-19,0.0928281121650245,0.2446807009566731,0.194599913708572,0.1418144143319341,2,4.1850000000000005,valid
Uttar_Pradesh,Kushinagar,2015,34,2016-03-19,2016-03-24,0.0981483486483328,0.2234532360866942,0.2016519186356095,0.1525574079833919,4,0.9775,valid
Uttar_Pradesh,Kushinagar,2015,35,2016-03-24,2016-03-29,0.11898636536561849,0.23042211074812463,0.22463244577465255,0.16708808618178222,0,,insufficient_data
Uttar_Pradesh,Kushinagar,2015,36,2016-03-29,2016-04-03,0.1215543050709187,0.204051600317951,0.2170306745211364,0.1597098825963404,3,3.513333333333333,valid
Uttar_Pradesh,Kushinagar,2015,37,2016-04-03,2016-04-08,0.1367986952461808,0.2423033177119481,0.2509219946211836,0.1844339908118044,1,26.97,valid
Uttar_Pradesh,Kushinagar,2015,38,2016-04-08,2016-04-13,0.1456023656976356,0.2376216986673567,0.2589577273867613,0.1969247351854404,2,3.0,valid
Uttar_Pradesh,Kushinagar,2015,39,2016-04-13,2016-04-18,0.155686065337565,0.243648968960487,0.2844536955454382,0.2215278787282747,4,9.1625,valid
Uttar_Pradesh,Kushinagar,2015,40,2016-04-18,2016-04-23,0.14958503267506246,0.2476380613968308,0.271100437791681,0.20734665684644935,0,,insufficient_data
Uttar_Pradesh,Kushinagar,2015,41,2016-04-23,2016-04-28,0.1602530044188685,0.2669782602475315,0.290068333613341,0.2265000226602779,4,1.5475,valid
Uttar_Pradesh,Kushinagar,2015,42,2016-04-28,2016-05-03,0.15796953487821674,0.25531361460400925,0.2872610145793896,0.22401395069427632,0,,insufficient_data
Uttar_Pradesh,Kushinagar,2016,0,2016-10-01,2016-10-06,0.061159129672652,0.2753516145633962,0.1457025978189227,0.0622896411906574,1,20.0,valid
Uttar_Pradesh,Kushinagar,2016,1,2016-10-06,2016-10-11,0.07321905558043816,0.2521466394363896,0.15630371478727037,0.07987920114502874,0,,insufficient_data
Uttar_Pradesh,Kushinagar,2016,2,2016-10-11,2016-10-16,0.07321905558043816,0.2521466394363896,0.15630371478727037,0.07987920114502874,0,,insufficient_data
Uttar_Pradesh,Kushinagar,2016,3,2016-10-16,2016-10-21,0.0563669044470499,0.2419777945273157,0.1472627730458881,0.0782843321058112,4,3.97,valid
Uttar_Pradesh,Kushinagar,2016,4,2016-10-21,2016-10-26,0.1021311326216126,0.2391105092184569,0.1759457734970003,0.0990636301386176,4,3.255,valid
Uttar_Pradesh,Kushinagar,2016,5,2016-10-26,2016-10-31,0.08255769005569809,0.22553739644621706,0.1779810645087095,0.10842435024892094,0,,insufficient_data
Uttar_Pradesh,Kushinagar,2016,6,2016-10-31,2016-11-05,0.0738728244133025,0.2192222034623644,0.1800027120675626,0.111652235800636,4,0.33,valid
Uttar_Pradesh,Kushinagar,2016,7,2016-11-05,2016-11-10,0.0963051466139945,0.2130041396003422,0.1984881017597799,0.1282168133460269,1,0.0,valid
Uttar_Pradesh,Kushinagar,2016,8,2016-11-10,2016-11-15,0.0841124421825309,0.2143723354226062,0.1882059621733167,0.124904739853513,2,5.09,valid
Uttar_Pradesh,Kushinagar,2016,9,2016-11-15,2016-11-20,0.0952316617465043,0.2093427806158888,0.2006753064922878,0.1431797825219728,4,1.3075,valid
Uttar_Pradesh,Kushinagar,2016,10,2016-11-20,2016-11-25,0.10611761106403557,0.21021917330115197,0.19821169614007947,0.1365746160099497,0,,insufficient_data
Uttar_Pradesh,Kushinagar,2016,11,2016-11-25,2016-11-30,0.1488211937131126,0.2041574375657707,0.2054774141349335,0.149997128318286,4,3.7475,valid
Uttar_Pradesh,Kushinagar,2016,12,2016-11-30,2016-12-05,0.10706231949970242,0.19877547142845284,0.19143613147765814,0.13793782217695522,0,,insufficient_data
Uttar_Pradesh,Kushinagar,2016,13,2016-12-05,2016-12-10,0.11238866355366217,0.19424952994447078,0.1838604371076242,0.130310161998514,0,,insufficient_data
Uttar_Pradesh,Kushinagar,2016,14,2016-12-10,2016-12-15,0.11238866355366217,0.19424952994447078,0.1838604371076242,0.130310161998514,0,,insufficient_data
Uttar_Pradesh,Kushinagar,2016,15,2016-12-15,2016-12-20,0.0771341030394904,0.182826196103699,0.1681556738057531,0.1206365556906069,2,1.335,valid
Uttar_Pradesh,Kushinagar,2016,16,2016-12-20,2016-12-25,0.1112106939083835,0.1957649561639427,0.177948223382186,0.1202968019866491,2,2.0,valid
Uttar_Pradesh,Kushinagar,2016,17,2016-12-25,2016-12-30,0.08751521164160497,0.20932687719966836,0.1703361793571819,0.11402004380967352,0,,insufficient_data
Uttar_Pradesh,Kushinagar,2016,18,2016-12-30,2017-01-04,0.08751521164160497,0.20932687719966836,0.1703361793571819,0.11402004380967352,0,,insufficient_data
Uttar_Pradesh,Kushinagar,2016,19,2017-01-04,2017-01-09,0.08238887975554436,0.23350615899433647,0.1646683812259632,0.10533410311824808,0,,insufficient_data
Uttar_Pradesh,Kushinagar,2016,20,2017-01-09,2017-01-14,0.074200837976941,0.2493894793313634,0.1649046408836066,0.1011267737517646,4,1.0875,valid
Uttar_Pradesh,Kushinagar,2016,21,2017-01-14,2017-01-19,0.06675901100272422,0.2705805167884349,0.15944005669030548,0.09531047548321016,0,,insufficient_data
Uttar_Pradesh,Kushinagar,2016,22,2017-01-19,2017-01-24,0.0617551073813086,0.2553640414877033,0.151152279412097,0.0945787336163305,4,9.1925,valid
Uttar_Pradesh,Kushinagar,2016,23,2017-01-24,2017-01-29,0.0640542644269486,0.2759486028686401,0.1491141258977148,0.0811771751003128,2,19.5,valid
Uttar_Pradesh,Kushinagar,2016,24,2017-01-29,2017-02-03,0.0670258342256986,0.3016199434660328,0.1725891805678035,0.1043592194644327,1,14.16,valid
Uttar_Pradesh,Kushinagar,2016,25,2017-02-03,2017-02-08,0.0549635898305917,0.2986552227111743,0.1461184286522527,0.0837320415143259,3,1.36,valid
Uttar_Pradesh,Kushinagar,2016,26,2017-02-08,2017-02-13,0.06721368820256267,0.28837490641439,0.1578199941482335,0.0936368029002754,0,,insufficient_data
Uttar_Pradesh,Kushinagar,2016,27,2017-02-13,2017-02-18,0.0771580294930065,0.2866226849737271,0.1618329198764633,0.0975987636438424,4,0.7224999999999999,valid
Uttar_Pradesh,Kushinagar,2016,28,2017-02-18,2017-02-23,0.072866723036568,0.2790280780523756,0.1594453157469331,0.1013168147784632,3,1.28,valid
Uttar_Pradesh,Kushinagar,2016,29,2017-02-23,2017-02-28,0.08769421309848699,0.26145027111411645,0.16797880861089082,0.11085359458295563,0,,insufficient_data
Uttar_Pradesh,Kushinagar,2016,30,2017-02-28,2017-03-05,0.0827216143116485,0.2578586118432752,0.1666538788760559,0.1096744377747592,4,2.555,valid
Uttar_Pradesh,Kushinagar,2016,31,2017-03-05,2017-03-10,0.0749853953049352,0.2529922144862497,0.1642329171591905,0.1127606102964758,2,22.5,valid
Uttar_Pradesh,Kushinagar,2016,32,2017-03-10,2017-03-15,0.1307393033462767,0.2307497662149548,0.1877290113958112,0.1329173464212375,1,22.0,valid
Uttar_Pradesh,Kushinagar,2016,33,2017-03-15,2017-03-20,0.0997980039408359,0.2552103490182441,0.2023670315027421,0.1464838396237462,2,8.375,valid
Uttar_Pradesh,Kushinagar,2016,34,2017-03-20,2017-03-25,0.10530401462771362,0.23182094423839547,0.19273375840154636,0.13868095717651258,0,,insufficient_data
Uttar_Pradesh,Kushinagar,2016,35,2017-03-25,2017-03-30,0.1002065103982533,0.2153444103006923,0.1917675192068836,0.1421178147207091,4,12.5875,valid
Uttar_Pradesh,Kushinagar,2016,36,2017-03-30,2017-04-04,0.120790860148267,0.2048079811718364,0.2175723127431044,0.1591251748203943,4,3.3125,valid
Uttar_Pradesh,Kushinagar,2016,37,2017-04-04,2017-04-09,0.12839458282052355,0.2253010676848582,0.23920314446030433,0.1793628491431463,0,,insufficient_data
Uttar_Pradesh,Kushinagar,2016,38,2017-04-09,2017-04-14,0.1271895633904193,0.2325243761529683,0.2489077406831106,0.1933635041616781,4,0.52,valid
Uttar_Pradesh,Kushinagar,2016,39,2017-04-14,2017-04-19,0.1653913973451546,0.2485275031139358,0.2985650052081187,0.2228449028698036,1,2.0,valid
Uttar_Pradesh,Kushinagar,2016,40,2017-04-19,2017-04-24,0.14816084587380848,0.2505328922135622,0.27704760456892913,0.21263772356392877,1,29.78,missing_bands
Uttar_Pradesh,Kushinagar,2016,41,2017-04-24,2017-04-29,0.1519015768858515,0.2705467973737824,0.283670067815558,0.2217047636603046,4,1.5925,valid
Uttar_Pradesh,Kushinagar,2016,42,2017-04-29,2017-05-04,0.15864648711550305,0.2595371502438591,0.29111753651183836,0.2222748332650541,0,,insufficient_data
Uttar_Pradesh,Kushinagar,2017,0,2017-10-01,2017-10-06,0.0564380325934052,0.2603203006938548,0.15978391434291325,0.0816971784084711,0,,insufficient_data
Uttar_Pradesh,Kushinagar,2017,1,2017-10-06,2017-10-11,0.0564380325934052,0.2603203006938548,0.15978391434291325,0.0816971784084711,0,,insufficient_data
Uttar_Pradesh,Kushinagar,2017,2,2017-10-11,2017-10-16,0.0487799993675996,0.2550001014131088,0.1479880786535275,0.0688684681522716,2,12.3,valid
Uttar_Pradesh,Kushinagar,2017,3,2017-10-16,2017-10-21,0.0640960658192108,0.2656404999746008,0.171579750032299,0.0945258886646706,2,13.03,valid
Uttar_Pradesh,Kushinagar,2017,4,2017-10-21,2017-10-26,0.07928035736238884,0.2514868668113389,0.18171553592989018,0.10548761822038899,0,,insufficient_data
Uttar_Pradesh,Kushinagar,2017,5,2017-10-26,2017-10-31,0.1163503738973709,0.2614859795421513,0.1930445454619055,0.1143422389449378,4,11.5475,valid
Uttar_Pradesh,Kushinagar,2017,6,2017-10-31,2017-11-05,0.0804788123573907,0.2359198905420041,0.1918133772895646,0.1213706337898426,2,0.47,valid
Uttar_Pradesh,Kushinagar,2017,7,2017-11-05,2017-11-10,0.0866965353703722,0.2393878625848297,0.2041519282121543,0.1283308615502224,2,2.0,valid
Uttar_Pradesh,Kushinagar,2017,8,2017-11-10,2017-11-15,0.0945643871093298,0.2202334680602499,0.2034630842654277,0.137069781095022,4,7.1175,valid
Uttar_Pradesh,Kushinagar,2017,9,2017-11-15,2017-11-20,0.09743156804511152,0.22556917467923832,0.19956062569785113,0.13542045810171602,0,,insufficient_data
Uttar_Pradesh,Kushinagar,2017,10,2017-11-20,2017-11-25,0.0952368065075927,0.2164678229903613,0.1985279670551935,0.1425004082578488,4,0.68,valid
Uttar_Pradesh,Kushinagar,2017,11,2017-11-25,2017-11-30,0.1301812988808722,0.2158368292187466,0.1998467716669155,0.1478306058156442,4,4.1425,valid
Uttar_Pradesh,Kushinagar,2017,12,2017-11-30,2017-12-05,0.10459442379608096,0.213632403717319,0.19233795280807725,0.13681543511276792,0,,insufficient_data
Uttar_Pradesh,Kushinagar,2017,13,2017-12-05,2017-12-10,0.0999718263214982,0.2071289432734472,0.1825179356270091,0.1286141868761487,3,4.383333333333334,valid
Uttar_Pradesh,Kushinagar,2017,14,2017-12-10,2017-12-15,0.0929877634743607,0.2150960193867209,0.188459136883191,0.12831653950143,2,1.0,valid
Uttar_Pradesh,Kushinagar,2017,15,2017-12-15,2017-12-20,0.0909517271374326,0.2129399678018367,0.17697658061268218,0.12030548912881305,0,,insufficient_data
Uttar_Pradesh,Kushinagar,2017,16,2017-12-20,2017-12-25,0.0798955916164389,0.216594940745342,0.1599526693278465,0.1039857410088604,4,15.2575,valid
Uttar_Pradesh,Kushinagar,2017,17,2017-12-25,2017-12-30,0.11517833394218306,0.22677254993758744,0.17258509235798117,0.11334616805391784,0,,insufficient_data
Uttar_Pradesh,Kushinagar,2017,18,2017-12-30,2018-01-04,0.12627361917609425,0.23261081521302074,0.16464807009537624,0.10586098233016175,0,,insufficient_data
Uttar_Pradesh,Kushinagar,2017,19,2018-01-04,2018-01-09,0.1726516467357496,0.2486266896806995,0.169343470862906,0.1077362236514631,1,13.0,valid
Uttar_Pradesh,Kushinagar,2017,20,2018-01-09,2018-01-14,0.1726516467357496,0.2486266896806995,0.169343470862906,0.1077362236514631,0,,insufficient_data
Uttar_Pradesh,Kushinagar,2017,21,2018-01-14,2018-01-19,0.15472657396575104,0.26283025156741535,0.1869291068375925,0.12303329682790755,0,,insufficient_data
Uttar_Pradesh,Kushinagar,2017,22,2018-01-19,2018-01-24,0.15472657396575104,0.26283025156741535,0.1869291068375925,0.12303329682790755,1,18.79,missing_bands
Uttar_Pradesh,Kushinagar,2017,23,2018-01-24,2018-01-29,0.09776818162810584,0.26137689380420315,0.17585479789993597,0.1164469824711776,0,,insufficient_data
Uttar_Pradesh,Kushinagar,2017,24,2018-01-29,2018-02-03,0.1368015011957525,0.2770338134541312,0.204514742812279,0.138330370004352,1,10.33,valid
Uttar_Pradesh,Kushinagar,2017,25,2018-02-03,2018-02-08,0.09228109015834386,0.2687815939865302,0.17208463980386499,0.11137754850431554,0,,insufficient_data
Uttar_Pradesh,Kushinagar,2017,26,2018-02-08,2018-02-13,0.0587348620604592,0.2457199741542751,0.1471948529875929,0.0945635949380032,3,3.773333333333333,valid
Uttar_Pradesh,Kushinagar,2017,27,2018-02-13,2018-02-18,0.0813069072188199,0.2835909943511843,0.164544323611723,0.1012386805705914,4,5.4775,valid
Uttar_Pradesh,Kushinagar,2017,28,2018-02-18,2018-02-23,0.07633845280444322,0.2571762822745707,0.16256363826553014,0.10672039826926971,0,,insufficient_data
Uttar_Pradesh,Kushinagar,2017,29,2018-02-23,2018-02-28,0.0824840794274047,0.2460098800540782,0.1554756353389026,0.1035757540856234,2,7.1850000000000005,valid
Uttar_Pradesh,Kushinagar,2017,30,2018-02-28,2018-03-05,0.0817859148743919,0.2600754211795276,0.1729327219394426,0.11681394299516,2,9.5,valid
Uttar_Pradesh,Kushinagar,2017,31,2018-03-05,2018-03-10,0.0773805004411404,0.2504851416337882,0.1726706574499895,0.1174100187569706,1,11.63,valid
Uttar_Pradesh,Kushinagar,2017,32,2018-03-10,2018-03-15,0.0817225749714439,0.2283118619235393,0.1674370799568726,0.1193963298309286,4,8.9275,valid
Uttar_Pradesh,Kushinagar,2017,33,2018-03-15,2018-03-20,0.08952404339233302,0.23100302339146225,0.18006452841094028,0.1280142551312729,0,,insufficient_data
Uttar_Pradesh,Kushinagar,2017,34,2018-03-20,2018-03-25,0.0941281562526683,0.2080921466333567,0.1876513784299155,0.1383331351878557,4,2.9775,valid
Uttar_Pradesh,Kushinagar,2017,35,2018-03-25,2018-03-30,0.1126030704220206,0.2080505455870994,0.1996308042784812,0.1481178488854495,4,5.7425,valid
Uttar_Pradesh,Kushinagar,2017,36,2018-03-30,2018-04-04,0.11853634172570686,0.22218607404403534,0.22433393273758745,0.16842491381984165,0,,insufficient_data
Uttar_Pradesh,Kushinagar,2017,37,2018-04-04,2018-04-09,0.1329590257614049,0.2335167609715609,0.2384823734843464,0.1724768708566799,3,8.69,valid
Uttar_Pradesh,Kushinagar,2017,38,2018-04-09,2018-04-14,0.1214680010998528,0.2222553223653933,0.2408462571106323,0.1851545036713953,2,5.34,valid
Uttar_Pradesh,Kushinagar,2017,39,2018-04-14,2018-04-19,0.1315234550925877,0.2390155946627664,0.2550588503845619,0.1980422104978278,2,13.0,valid
Uttar_Pradesh,Kushinagar,2017,40,2018-04-19,2018-04-24,0.1519420180047884,0.2408739266642449,0.2706357422607885,0.2071886365237431,4,0.7899999999999999,valid
Uttar_Pradesh,Kushinagar,2017,41,2018-04-24,2018-04-29,0.1379915716241778,0.23881581741713626,0.26220003446697204,0.20217192236593973,0,,insufficient_data
Uttar_Pradesh,Kushinagar,2017,42,2018-04-29,2018-05-04,0.1470328122994823,0.2531184259761405,0.2822592881119056,0.2183023387707927,1,0.72,valid
Uttar_Pradesh,Kushinagar,2018,0,2018-10-01,2018-10-06,0.060916319270220856,0.26940864621678146,0.16339205640705778,0.08665040216169595,0,,insufficient_data
Uttar_Pradesh,Kushinagar,2018,1,2018-10-06,2018-10-11,0.0551467869163531,0.278512565435442,0.1561154492495715,0.0808490735340585,4,6.1775,valid
Uttar_Pradesh,Kushinagar,2018,2,2018-10-11,2018-10-16,0.0666858516240886,0.2603047269981209,0.1706686635645441,0.0924517307893334,4,9.6725,valid
Uttar_Pradesh,Kushinagar,2018,3,2018-10-16,2018-10-21,0.07330554049398529,0.25182226583388284,0.1803416428710237,0.10416055569284746,0,,insufficient_data
Uttar_Pradesh,Kushinagar,2018,4,2018-10-21,2018-10-26,0.0782134997472906,0.2478370935006639,0.1785613894622003,0.1058662115016248,4,3.4125,valid
Uttar_Pradesh,Kushinagar,2018,5,2018-10-26,2018-10-31,0.0852923363844742,0.2273843260334192,0.1978523926289828,0.11874903021788,2,0.0,valid
Uttar_Pradesh,Kushinagar,2018,6,2018-10-31,2018-11-05,0.0811892277977199,0.2450726172017684,0.1985103194498199,0.1228867324213406,2,0.79,valid
Uttar_Pradesh,Kushinagar,2018,7,2018-11-05,2018-11-10,0.0942618847009398,0.2283789097917729,0.1978632984314934,0.1325439811475917,3,1.6233333333333333,valid
Uttar_Pradesh,Kushinagar,2018,8,2018-11-10,2018-11-15,0.09474450960563845,0.22419176602913268,0.19860952169020135,0.12916373193112304,0,,insufficient_data
Uttar_Pradesh,Kushinagar,2018,9,2018-11-15,2018-11-20,0.113883752786728,0.2172967856608005,0.2085350669582323,0.1370385765935897,3,10.63,valid
Uttar_Pradesh,Kushinagar,2018,10,2018-11-20,2018-11-25,0.0990953463583303,0.2028261914579025,0.1902865309824783,0.1346003392752133,4,3.265,valid
Uttar_Pradesh,Kushinagar,2018,11,2018-11-25,2018-11-30,0.11244771643874733,0.20738799219838588,0.19442899338389788,0.13693602013430137,0,,insufficient_data
Uttar_Pradesh,Kushinagar,2018,12,2018-11-30,2018-12-05,0.1468115843219633,0.2102634605470158,0.1946949853274409,0.1387725639513431,4,6.9625,valid
Uttar_Pradesh,Kushinagar,2018,13,2018-12-05,2018-12-10,0.0938844981414672,0.1949856172646137,0.1800981541354253,0.1327623885314598,2,2.78,valid
Uttar_Pradesh,Kushinagar,2018,14,2018-12-10,2018-12-15,0.1085634005852479,0.211567906061597,0.1985302295159126,0.1415062323199009,2,1.5,valid
Uttar_Pradesh,Kushinagar,2018,15,2018-12-15,2018-12-20,0.10754907703477885,0.20870167657259805,0.18217851781260064,0.12699688019531535,0,,insufficient_data
Uttar_Pradesh,Kushinagar,2018,16,2018-12-20,2018-12-25,0.09773345021298273,0.2083112305789936,0.17904940093389057,0.12405295925630841,0,,insufficient_data
Uttar_Pradesh,Kushinagar,2018,17,2018-12-25,2018-12-30,0.0835322062192088,0.208276336810973,0.1689654761956001,0.1149264446901521,4,1.4425,valid
Uttar_Pradesh,Kushinagar,2018,18,2018-12-30,2019-01-04,0.104953695906007,0.2184150621787907,0.1686037438886243,0.1070167714837208,4,5.5,valid
Uttar_Pradesh,Kushinagar,2018,19,2019-01-04,2019-01-09,0.08552357868346873,0.2262850666379228,0.16411212941842357,0.10499935670984617,0,,insufficient_data
Uttar_Pradesh,Kushinagar,2018,20,2019-01-09,2019-01-14,0.0717406595161767,0.2316052101901067,0.1545692957854265,0.0978597697012413,4,2.8525,valid
Uttar_Pradesh,Kushinagar,2018,21,2019-01-14,2019-01-19,0.0931081364788793,0.2448782923788022,0.163685448435839,0.096897000064639,2,1.0,valid
Uttar_Pradesh,Kushinagar,2018,22,2019-01-19,2019-01-24,0.0742831952970718,0.2282504316309414,0.1647366827866279,0.1082967976094776,2,3.35,valid
Uttar_Pradesh,Kushinagar,2018,23,2019-01-24,2019-01-29,0.0722705646547594,0.2632633390856846,0.174773054365944,0.1042172294009229,1,20.0,valid
Uttar_Pradesh,Kushinagar,2018,24,2019-01-29,2019-02-03,0.07345986314587583,0.2582658829477646,0.16297314875155752,0.098785997305011,0,,insufficient_data
Uttar_Pradesh,Kushinagar,2018,25,2019-02-03,2019-02-08,0.0659213611790549,0.2742409648589524,0.159422460250018,0.0939874381818984,4,0.6525,valid
Uttar_Pradesh,Kushinagar,2018,26,2019-02-08,2019-02-13,0.0617160581196137,0.2806963867844424,0.1522480979193587,0.0905315212681171,4,13.335,valid
Uttar_Pradesh,Kushinagar,2018,27,2019-02-13,2019-02-18,0.07623644764120023,0.2827405802717613,0.16131893408494288,0.09596974395978626,0,,insufficient_data
Uttar_Pradesh,Kushinagar,2018,28,2019-02-18,2019-02-23,0.1010719236249321,0.2932843891718891,0.1722862440854519,0.1033902724293433,4,10.895,valid
Uttar_Pradesh,Kushinagar,2018,29,2019-02-23,2019-02-28,0.0787561625010494,0.2793086353427155,0.16608694630347376,0.10219390740770744,0,,insufficient_data
Uttar_Pradesh,Kushinagar,2018,30,2019-02-28,2019-03-05,0.0929630459219719,0.2704935074399923,0.18564774955267316,0.12276565102274974,0,,insufficient_data
Uttar_Pradesh,Kushinagar,2018,31,2019-03-05,2019-03-10,0.0734805057586024,0.263945130071815,0.1737264969056107,0.1126599285256619,4,2.6725000000000003,valid
Uttar_Pradesh,Kushinagar,2018,32,2019-03-10,2019-03-15,0.09095880593370527,0.24602164984173902,0.19310093899239464,0.13480188241905564,0,,insufficient_data
Uttar_Pradesh,Kushinagar,2018,33,2019-03-15,2019-03-20,0.1043367083823812,0.2542510030762728,0.2109305076669568,0.152246752113244,2,2.0,valid
Uttar_Pradesh,Kushinagar,2018,34,2019-03-20,2019-03-25,0.0950592036601322,0.2198688163771293,0.1946458124046164,0.139498966618261,4,0.49,valid
Uttar_Pradesh,Kushinagar,2018,35,2019-03-25,2019-03-30,0.10753559330468784,0.2231680199283399,0.20623966425716236,0.14741049902954492,0,,insufficient_data
Uttar_Pradesh,Kushinagar,2018,36,2019-03-30,2019-04-04,0.1083663657615992,0.2090915381429742,0.1998262688288584,0.1441702807028658,4,5.96,valid
Uttar_Pradesh,Kushinagar,2018,37,2019-04-04,2019-04-09,0.1223800954146388,0.2094607221169833,0.2195560681282179,0.1537259966838089,2,14.0,valid
Uttar_Pradesh,Kushinagar,2018,38,2019-04-09,2019-04-14,0.1251144223822703,0.21998605502762533,0.2305537612471014,0.16610828601863611,0,,insufficient_data
Uttar_Pradesh,Kushinagar,2018,39,2019-04-14,2019-04-19,0.1251144223822703,0.21998605502762533,0.2305537612471014,0.16610828601863611,0,,insufficient_data
Uttar_Pradesh,Kushinagar,2018,40,2019-04-19,2019-04-24,0.13348845069260584,0.22543331346995088,0.24591750745622293,0.17707728867652128,0,,insufficient_data
Uttar_Pradesh,Kushinagar,2018,41,2019-04-24,2019-04-29,0.1445968059705729,0.2414059048229185,0.2722789467842279,0.2004285806692337,3,6.246666666666666,valid
Uttar_Pradesh,Kushinagar,2018,42,2019-04-29,2019-05-04,0.1445968059705729,0.2414059048229185,0.2722789467842279,0.2004285806692337,0,,insufficient_data
Uttar_Pradesh,Kushinagar,2019,0,2019-10-01,2019-10-06,0.06419732537558184,0.27552939385678565,0.14716730381109971,0.06958914645349701,0,,insufficient_data
Uttar_Pradesh,Kushinagar,2019,1,2019-10-06,2019-10-11,0.0586779048307664,0.2723391070001512,0.1379734535125231,0.0639762744929255,2,21.5,valid
Uttar_Pradesh,Kushinagar,2019,2,2019-10-11,2019-10-16,0.06419732537558184,0.27552939385678565,0.14716730381109971,0.06958914645349701,0,,insufficient_data
Uttar_Pradesh,Kushinagar,2019,3,2019-10-16,2019-10-21,0.0697167459203973,0.2787196807134202,0.1563611541096763,0.0752020184140685,4,7.2425,valid
Uttar_Pradesh,Kushinagar,2019,4,2019-10-21,2019-10-26,0.1234151611705782,0.2828708604235126,0.16502308820802927,0.08400540487292628,0,,insufficient_data
Uttar_Pradesh,Kushinagar,2019,5,2019-10-26,2019-10-31,0.12864391458911398,0.2665549116753156,0.18039706211987208,0.099408215584692,0,,insufficient_data
Uttar_Pradesh,Kushinagar,2019,6,2019-10-31,2019-11-05,0.2418508327605709,0.2975537935569665,0.2007346570018884,0.1128379217117848,2,17.5,valid
Uttar_Pradesh,Kushinagar,2019,7,2019-11-05,2019-11-10,0.14559321130393746,0.24617758677850418,0.1935241574873032,0.11577407124356477,0,,insufficient_data
Uttar_Pradesh,Kushinagar,2019,8,2019-11-10,2019-11-15,0.0743641650863738,0.22339126075556,0.1840953752480516,0.1101847066282227,4,2.6775,valid
Uttar_Pradesh,Kushinagar,2019,9,2019-11-15,2019-11-20,0.1205646360648676,0.217587706022986,0.1957424402119696,0.1242995853906868,3,12.213333333333331,valid
Uttar_Pradesh,Kushinagar,2019,10,2019-11-20,2019-11-25,0.10200530215446327,0.21173410059695685,0.1871693238718294,0.12398790193397007,0,,insufficient_data
Uttar_Pradesh,Kushinagar,2019,11,2019-11-25,2019-11-30,0.096360237623412,0.202611438322878,0.1854173128816967,0.1253052240477953,4,5.0075,valid
Uttar_Pradesh,Kushinagar,2019,12,2019-11-30,2019-12-05,0.1327621771850464,0.2086185143230601,0.1916171651886697,0.1344880081671913,2,6.0,valid
Uttar_Pradesh,Kushinagar,2019,13,2019-12-05,2019-12-10,0.0859752948126165,0.2064615835603001,0.1789743258287595,0.1256619854359542,2,6.455,valid
Uttar_Pradesh,Kushinagar,2019,14,2019-12-10,2019-12-15,0.10503256987369164,0.20589717873541272,0.18533626796637528,0.1284850725503136,0,,insufficient_data
Uttar_Pradesh,Kushinagar,2019,15,2019-12-15,2019-12-20,0.10936873599883146,0.2075400489416801,0.18529574550871458,0.13007499680157275,0,,insufficient_data
Uttar_Pradesh,Kushinagar,2019,16,2019-12-20,2019-12-25,0.0859752948126165,0.2064615835603001,0.1789743258287595,0.1256619854359542,0,,insufficient_data
Uttar_Pradesh,Kushinagar,2019,17,2019-12-25,2019-12-30,,,,,0,,insufficient_data
Uttar_Pradesh,Kushinagar,2019,18,2019-12-30,2020-01-04,,,,,0,,insufficient_data
Uttar_Pradesh,Kushinagar,2019,19,2020-01-04,2020-01-09,,,,,0,,insufficient_data
Uttar_Pradesh,Kushinagar,2019,20,2020-01-09,2020-01-14,,,,,0,,insufficient_data
Uttar_Pradesh,Kushinagar,2019,21,2020-01-14,2020-01-19,0.0659528047394077,0.2603850518367754,0.15506743496504,0.0917566943719346,0,,insufficient_data
Uttar_Pradesh,Kushinagar,2019,22,2020-01-19,2020-01-24,0.06884929460321351,0.2749143706981845,0.15700004304712445,0.0908840993810095,0,,insufficient_data
Uttar_Pradesh,Kushinagar,2019,23,2020-01-24,2020-01-29,0.06884929460321351,0.2749143706981845,0.15700004304712445,0.0908840993810095,0,,insufficient_data
Uttar_Pradesh,Kushinagar,2019,24,2020-01-29,2020-02-03,0.0659528047394077,0.2603850518367754,0.15506743496504,0.0917566943719346,3,8.479999999999999,valid
Uttar_Pradesh,Kushinagar,2019,25,2020-02-03,2020-02-08,0.0717457844670193,0.2894436895595936,0.1589326511292089,0.0900115043900844,4,2.9675,valid
Uttar_Pradesh,Kushinagar,2019,26,2020-02-08,2020-02-13,0.08422645874710064,0.2818799982060192,0.16674808692646897,0.10046181293763148,0,,insufficient_data
Uttar_Pradesh,Kushinagar,2019,27,2020-02-13,2020-02-18,0.1295979589971327,0.3139613122695064,0.1928270057082027,0.1217773068267251,4,19.4025,valid
Uttar_Pradesh,Kushinagar,2019,28,2020-02-18,2020-02-23,0.08400934012586905,0.2853026104322653,0.16498193284105536,0.0984018878229087,0,,insufficient_data
Uttar_Pradesh,Kushinagar,2019,29,2020-02-23,2020-02-28,0.0696092867848428,0.2637299391582016,0.1601652559034243,0.0983017461617818,2,12.47,valid
Uttar_Pradesh,Kushinagar,2019,30,2020-02-28,2020-03-04,0.0650843302544814,0.2740755007417597,0.1480028186233856,0.0835169939130435,2,19.0,valid
Uttar_Pradesh,Kushinagar,2019,31,2020-03-04,2020-03-09,0.06599922649682795,0.26812433849426004,0.15904502488101058,0.09577620978683377,0,,insufficient_data
Uttar_Pradesh,Kushinagar,2019,32,2020-03-09,2020-03-14,0.061822775637943,0.2760722723819692,0.161599635971401,0.0951356866871087,4,4.2875,valid
Uttar_Pradesh,Kushinagar,2019,33,2020-03-14,2020-03-19,0.0674805133100446,0.2586196416951098,0.1664123890258315,0.1061504123854011,4,2.5825,valid
Uttar_Pradesh,Kushinagar,2019,34,2020-03-19,2020-03-24,0.09137537742894326,0.24998586449897905,0.19278000329127842,0.1292387044097657,0,,insufficient_data
Uttar_Pradesh,Kushinagar,2019,35,2020-03-24,2020-03-29,0.0999991903507101,0.2374212344259657,0.1849326178561903,0.119734988153086,4,3.355,valid
Uttar_Pradesh,Kushinagar,2019,36,2020-03-29,2020-04-03,0.1075998684198005,0.2344855726594673,0.2162396124301081,0.1552488667853006,2,0.015,valid
Uttar_Pradesh,Kushinagar,2019,37,2020-04-03,2020-04-08,0.1199745394262181,0.2433306013323834,0.2347157611728612,0.1699235680379321,2,2.0,valid
Uttar_Pradesh,Kushinagar,2019,38,2020-04-08,2020-04-13,0.1256551207546271,0.2231977181162481,0.2378354817437579,0.175065255769154,4,3.39,valid
Uttar_Pradesh,Kushinagar,2019,39,2020-04-13,2020-04-18,0.1331938927349221,0.24463500787973605,0.2463917263979388,0.17727412327401082,0,,insufficient_data
Uttar_Pradesh,Kushinagar,2019,40,2020-04-18,2020-04-23,0.1567779789556652,0.2609150655327788,0.2731546472496707,0.1996257435875677,2,19.0,valid
Uttar_Pradesh,Kushinagar,2019,41,2020-04-23,2020-04-28,0.1559619561182996,0.2612460817578027,0.2700131293932962,0.1865071821900998,1,23.0,valid
Uttar_Pradesh,Kushinagar,2019,42,2020-04-28,2020-05-03,0.1563699675369824,0.26108057364529075,0.27158388832148345,0.19306646288883375,0,,insufficient_data
Uttar_Pradesh,Kushinagar,2020,0,2020-10-01,2020-10-06,0.1088927519679405,0.27227187900318,0.1531762086976292,0.0765995171279877,2,27.5,valid
Uttar_Pradesh,Kushinagar,2020,1,2020-10-06,2020-10-11,0.08336171829843586,0.2415838461625007,0.15724810130329026,0.08495152769289614,0,,insufficient_data
Uttar_Pradesh,Kushinagar,2020,2,2020-10-11,2020-10-16,0.0552822960368615,0.2258843456400179,0.1479048596829893,0.0800187536832808,4,12.9325,valid
Uttar_Pradesh,Kushinagar,2020,3,2020-10-16,2020-10-21,0.0859101068905056,0.2265953138443042,0.1706632355292522,0.0982363122674199,4,6.0025,valid
Uttar_Pradesh,Kushinagar,2020,4,2020-10-21,2020-10-26,0.08622139892661893,0.22577122789437473,0.17774789688268797,0.1083694664006762,0,,insufficient_data
Uttar_Pradesh,Kushinagar,2020,5,2020-10-26,2020-10-31,0.0795829804012195,0.2216686356228223,0.1870946732713683,0.1192798806852911,4,0.755,valid
Uttar_Pradesh,Kushinagar,2020,6,2020-10-31,2020-11-05,0.1241102123778891,0.2289366164703545,0.2053288190471421,0.135942918966713,2,3.5,valid
Uttar_Pradesh,Kushinagar,2020,7,2020-11-05,2020-11-10,0.10982347254306496,0.21929960765416046,0.20011726951673872,0.134232259342617,0,,insufficient_data
Uttar_Pradesh,Kushinagar,2020,8,2020-11-10,2020-11-15,0.0922820051154037,0.2077124760366091,0.204774365313872,0.1420198833428517,4,2.1575,valid
Uttar_Pradesh,Kushinagar,2020,9,2020-11-15,2020-11-20,0.11392707275345182,0.21368130087005352,0.20181164344273528,0.14066211223947306,0,,insufficient_data
Uttar_Pradesh,Kushinagar,2020,10,2020-11-20,2020-11-25,0.1433186922777475,0.2188807024868559,0.2032712204345725,0.1396863543756122,4,5.7,valid
Uttar_Pradesh,Kushinagar,2020,11,2020-11-25,2020-11-30,0.095997381242767,0.1991954084863946,0.1938721689753545,0.1449992922727153,4,1.4625,valid
Uttar_Pradesh,Kushinagar,2020,12,2020-11-30,2020-12-05,0.11991102471478703,0.2113761192099969,0.18804675465388698,0.1309501377608345,0,,insufficient_data
Uttar_Pradesh,Kushinagar,2020,13,2020-12-05,2020-12-10,0.1625657418366102,0.219262744028829,0.1852845702518653,0.1260307939862653,4,8.627500000000001,valid
Uttar_Pradesh,Kushinagar,2020,14,2020-12-10,2020-12-15,0.0818117844923326,0.1982106048991125,0.1851532489316298,0.1353584248860488,1,3.86,valid
Uttar_Pradesh,Kushinagar,2020,15,2020-12-15,2020-12-20,0.1158615237244778,0.2213311361487924,0.1726525646760129,0.108675823283531,1,20.0,valid
Uttar_Pradesh,Kushinagar,2020,16,2020-12-20,2020-12-25,0.0851954885927626,0.2032795606349373,0.1613045319467795,0.1099257681640626,2,16.485,valid
Uttar_Pradesh,Kushinagar,2020,17,2020-12-25,2020-12-30,0.08714628529534976,0.2148508525831375,0.1664458000679481,0.11019973242071748,0,,insufficient_data
Uttar_Pradesh,Kushinagar,2020,18,2020-12-30,2021-01-04,0.0730325517102057,0.2166443897257602,0.1565643179427529,0.1047261491162999,4,1.8625,valid
Uttar_Pradesh,Kushinagar,2020,19,2021-01-04,2021-01-09,0.0798300779569701,0.2347885715070853,0.1565543368425654,0.0923124966536451,4,11.8075,valid
Uttar_Pradesh,Kushinagar,2020,20,2021-01-09,2021-01-14,0.0764313148335879,0.22571648061642274,0.15655932739265915,0.0985193228849725,0,,insufficient_data
Uttar_Pradesh,Kushinagar,2020,21,2021-01-14,2021-01-19,0.28792655668642714,0.3897482316714938,0.30810333185511546,0.2286642180619277,0,,insufficient_data
Uttar_Pradesh,Kushinagar,2020,22,2021-01-19,2021-01-24,0.39537355917453787,0.47630015264436065,0.38387283881129675,0.2906332525347416,0,,insufficient_data
Uttar_Pradesh,Kushinagar,2020,23,2021-01-24,2021-01-29,0.392761083351403,0.49073020465496403,0.3803110256950201,0.28978071723741716,0,,insufficient_data
Uttar_Pradesh,Kushinagar,2020,24,2021-01-29,2021-02-03,0.7109170403921057,0.717811733781636,0.6111913407800281,0.4889540084158381,1,8.0,valid
Uttar_Pradesh,Kushinagar,2020,25,2021-02-03,2021-02-08,0.2868465227149179,0.4098741565175135,0.30297443744260516,0.22582507642923513,0,,insufficient_data
Uttar_Pradesh,Kushinagar,2020,26,2021-02-08,2021-02-13,0.0746051263107003,0.2636486755282921,0.1494307106100121,0.0906074260589962,4,0.98,valid
Uttar_Pradesh,Kushinagar,2020,27,2021-02-13,2021-02-18,0.0750174014419478,0.2481620602426125,0.1483012609377753,0.0979137948128711,4,10.245,valid
Uttar_Pradesh,Kushinagar,2020,28,2021-02-18,2021-02-23,0.09836308874296054,0.2592435763859462,0.16244177335592203,0.10674744569598778,0,,insufficient_data
Uttar_Pradesh,Kushinagar,2020,29,2021-02-23,2021-02-28,0.1810288826731877,0.2781411458677708,0.1817347043671864,0.1184466156339279,4,2.5425,valid
Uttar_Pradesh,Kushinagar,2020,30,2021-02-28,2021-03-05,0.0749265981915463,0.2411031644355186,0.1598805977529268,0.1114913341448356,2,1.005,valid
Uttar_Pradesh,Kushinagar,2020,31,2021-03-05,2021-03-10,0.0862374350974206,0.2651628358555371,0.1728615931117095,0.1152780578293081,2,5.0,valid
Uttar_Pradesh,Kushinagar,2020,32,2021-03-10,2021-03-15,0.1218006922035745,0.2383350935130975,0.1688183636034509,0.1126714751251174,2,13.5,valid
Uttar_Pradesh,Kushinagar,2020,33,2021-03-15,2021-03-20,0.1002702769921564,0.2361667840168676,0.1764202659529209,0.12355798573448587,0,,insufficient_data
Uttar_Pradesh,Kushinagar,2020,34,2021-03-20,2021-03-25,0.0975434987647521,0.2196544042151287,0.1796436802581927,0.1318238220072845,2,8.995000000000001,valid
Uttar_Pradesh,Kushinagar,2020,35,2021-03-25,2021-03-30,0.1208431607034886,0.2165784220650562,0.2008970950383246,0.1465252395658837,3,12.73,valid
Uttar_Pradesh,Kushinagar,2020,36,2021-03-30,2021-04-04,0.13094080384272772,0.22643140560286118,0.2213454425514984,0.1667649212812826,0,,insufficient_data
Uttar_Pradesh,Kushinagar,2020,37,2021-04-04,2021-04-09,0.1429442795733285,0.2255445015954261,0.2275253682615554,0.1695867962929729,3,2.4166666666666665,valid
Uttar_Pradesh,Kushinagar,2020,38,2021-04-09,2021-04-14,0.1608882393844646,0.2357534287215205,0.2510395881940275,0.1911234051352809,2,11.0,valid
Uttar_Pradesh,Kushinagar,2020,39,2021-04-14,2021-04-19,0.1324848407876048,0.2346262714171744,0.2476214810053919,0.1947653434049909,2,2.82,valid
Uttar_Pradesh,Kushinagar,2020,40,2021-04-19,2021-04-24,0.15334817903837222,0.23495468392333577,0.25236041974464835,0.1940492364176914,0,,insufficient_data
Uttar_Pradesh,Kushinagar,2020,41,2021-04-24,2021-04-29,0.15681614552672016,0.23809141136597234,0.26063877023901266,0.2022033831259309,0,,insufficient_data
Uttar_Pradesh,Kushinagar,2020,42,2021-04-29,2021-05-04,0.177075356408091,0.2438945339592221,0.2832552415176186,0.2207214008375209,1,1.0,valid
Uttar_Pradesh,Kushinagar,2021,0,2021-10-01,2021-10-06,0.050799309039427545,0.2398427103144138,0.1359923232480039,0.06900330616223145,0,,insufficient_data
Uttar_Pradesh,Kushinagar,2021,1,2021-10-06,2021-10-11,0.0516953237247553,0.2482807261211849,0.1359109919551046,0.0676187757755731,1,27.36,valid
Uttar_Pradesh,Kushinagar,2021,2,2021-10-11,2021-10-16,0.0499032943540998,0.2314046945076427,0.1360736545409032,0.0703878365488898,2,0.095,valid
Uttar_Pradesh,Kushinagar,2021,3,2021-10-16,2021-10-21,0.06051955484263982,0.2355062632296474,0.14718657952122388,0.0797437879265752,0,,insufficient_data
Uttar_Pradesh,Kushinagar,2021,4,2021-10-21,2021-10-26,0.0680036097822999,0.2324428233976926,0.1524527745294462,0.0854806258219658,2,19.0,valid
Uttar_Pradesh,Kushinagar,2021,5,2021-10-26,2021-10-31,0.0724759915094043,0.2298968088920694,0.1643088970594415,0.0954879135598721,2,1.32,valid
Uttar_Pradesh,Kushinagar,2021,6,2021-10-31,2021-11-05,0.07883878457716433,0.2261881129546027,0.17590760620915438,0.10870117637242811,0,,insufficient_data
Uttar_Pradesh,Kushinagar,2021,7,2021-11-05,2021-11-10,0.0792639589060536,0.2377906273767286,0.1836287876132991,0.1171196310016604,4,13.595,valid
Uttar_Pradesh,Kushinagar,2021,8,2021-11-10,2021-11-15,0.0827266372865194,0.2193634320900672,0.1895836787342872,0.120238088078152,2,1.725,valid
Uttar_Pradesh,Kushinagar,2021,9,2021-11-15,2021-11-20,0.0917237254015444,0.2114468730164559,0.1895638931092979,0.1251796234004902,2,1.825,valid
Uttar_Pradesh,Kushinagar,2021,10,2021-11-20,2021-11-25,0.0756938166200418,0.1835313489105639,0.1648125386835406,0.1109346267738999,2,5.824999999999999,valid
Uttar_Pradesh,Kushinagar,2021,11,2021-11-25,2021-11-30,0.08684817589024994,0.1975523056195425,0.18242247404042186,0.12538588977991796,0,,insufficient_data
Uttar_Pradesh,Kushinagar,2021,12,2021-11-30,2021-12-05,0.0907150958039492,0.1867657559023744,0.1869737689251825,0.1335885386397778,2,13.24,valid
Uttar_Pradesh,Kushinagar,2021,13,2021-12-05,2021-12-10,0.0931238452399415,0.1878996380111985,0.1859525462703529,0.1368779677339816,2,7.93,valid
Uttar_Pradesh,Kushinagar,2021,14,2021-12-10,2021-12-15,0.0871059349895033,0.1963067857865952,0.1776484185198702,0.1254964940532063,2,4.005,valid
Uttar_Pradesh,Kushinagar,2021,15,2021-12-15,2021-12-20,0.095340288197386,0.1906334917514974,0.181689304054424,0.1349678073038037,4,12.24,valid
Uttar_Pradesh,Kushinagar,2021,16,2021-12-20,2021-12-25,0.0930965451631621,0.19254373150697648,0.18134252500488288,0.13196734736426066,0,,insufficient_data
Uttar_Pradesh,Kushinagar,2021,17,2021-12-25,2021-12-30,0.0968161122258176,0.1953350104786148,0.1800798311748845,0.1305271203660511,4,7.630000000000001,valid
Uttar_Pradesh,Kushinagar,2021,18,2021-12-30,2022-01-04,0.0960782002116018,0.1929842511150561,0.18088456761465424,0.13274746383492741,0,,insufficient_data
Uttar_Pradesh,Kushinagar,2021,19,2022-01-04,2022-01-09,0.0968161122258176,0.1953350104786148,0.1800798311748845,0.1305271203660511,0,,insufficient_data
Uttar_Pradesh,Kushinagar,2021,20,2022-01-09,2022-01-14,0.08616009511852929,0.24107354451326324,0.1725086395043029,0.11544960190888695,0,,insufficient_data
Uttar_Pradesh,Kushinagar,2021,21,2022-01-14,2022-01-19,0.075504078011241,0.2868120785479117,0.1649374478337213,0.1003720834517228,0,,insufficient_data
Uttar_Pradesh,Kushinagar,2021,22,2022-01-19,2022-01-24,0.075504078011241,0.2868120785479117,0.1649374478337213,0.1003720834517228,0,,insufficient_data
Uttar_Pradesh,Kushinagar,2021,23,2022-01-24,2022-01-29,0.075504078011241,0.2868120785479117,0.1649374478337213,0.1003720834517228,3,9.753333333333334,valid
Uttar_Pradesh,Kushinagar,2021,24,2022-01-29,2022-02-03,0.0684385140270628,0.28623421715420183,0.1590544724635517,0.09542561716495115,0,,insufficient_data
Uttar_Pradesh,Kushinagar,2021,25,2022-02-03,2022-02-08,0.06661888630000953,0.2867155351857558,0.1579682521497653,0.09548511377547107,0,,insufficient_data
Uttar_Pradesh,Kushinagar,2021,26,2022-02-08,2022-02-13,0.0613729500428846,0.2856563557604919,0.1531714970933821,0.0904791508781795,4,8.287500000000001,valid
Uttar_Pradesh,Kushinagar,2021,27,2022-02-13,2022-02-18,0.06811622818182132,0.2857247738128478,0.16384954042747274,0.10326038629267617,0,,insufficient_data
Uttar_Pradesh,Kushinagar,2021,28,2022-02-18,2022-02-23,0.062979630845903,0.2876781712488638,0.1557958115221925,0.0956041069965109,4,6.6,valid
Uttar_Pradesh,Kushinagar,2021,29,2022-02-23,2022-02-28,0.0740893209876996,0.2856016909033931,0.1688212366991451,0.1093407688523981,2,12.75,valid
Uttar_Pradesh,Kushinagar,2021,30,2022-02-28,2022-03-05,0.0740230108507981,0.2839628773386423,0.1776096163951713,0.1176175184436162,2,2.51,valid
Uttar_Pradesh,Kushinagar,2021,31,2022-03-05,2022-03-10,0.0803893264565501,0.2783359738385682,0.1877864165233811,0.1274857604242939,2,1.5550000000000002,valid
Uttar_Pradesh,Kushinagar,2021,32,2022-03-10,2022-03-15,0.07980494843550329,0.266199127534405,0.1801706604400695,0.12194865478661895,0,,insufficient_data
Uttar_Pradesh,Kushinagar,2021,33,2022-03-15,2022-03-20,0.0844460216920887,0.2497265632821526,0.1865657023984949,0.1277767133887822,2,2.025,valid
Uttar_Pradesh,Kushinagar,2021,34,2022-03-20,2022-03-25,0.0860770621903799,0.2333685323092688,0.180070330184155,0.1275225128240044,4,4.5225,valid
Uttar_Pradesh,Kushinagar,2021,35,2022-03-25,2022-03-30,0.10276210987102637,0.23229320447467727,0.20425398977840253,0.14353280911652871,0,,insufficient_data
Uttar_Pradesh,Kushinagar,2021,36,2022-03-30,2022-04-04,0.1097609842140255,0.2253870720704137,0.2020623224473873,0.1385653766390983,2,1.12,valid
Uttar_Pradesh,Kushinagar,2021,37,2022-04-04,2022-04-09,0.1222177210360753,0.225993117013953,0.2237071244803413,0.1589066834687394,2,5.635000000000001,valid
Uttar_Pradesh,Kushinagar,2021,38,2022-04-09,2022-04-14,0.1113087602225624,0.2269907376975983,0.2288644693816343,0.1648927592620193,1,0.02,valid
Uttar_Pradesh,Kushinagar,2021,39,2022-04-14,2022-04-19,0.1291313510500168,0.2418409713728327,0.2544006908377805,0.1892896281841879,4,4.4775,valid
Uttar_Pradesh,Kushinagar,2021,40,2022-04-19,2022-04-24,0.12665629938344522,0.2398326361882713,0.24716919172175117,0.18174912534665152,0,,insufficient_data
Uttar_Pradesh,Kushinagar,2021,41,2022-04-24,2022-04-29,0.1439673652251264,0.2645057186687012,0.2817044821872485,0.2139074304716595,4,0.625,valid
Uttar_Pradesh,Kushinagar,2021,42,2022-04-29,2022-05-04,0.1365493581375716,0.25317334502076694,0.2680525865125145,0.20159852932792371,0,,insufficient_data
Uttar_Pradesh,Kushinagar,2022,0,2022-10-01,2022-10-06,0.0587581814030178,0.3097326920001752,0.1739602775153444,0.0838894852969527,2,15.825,valid
Uttar_Pradesh,Kushinagar,2022,1,2022-10-06,2022-10-11,0.057014566523345835,0.272668165777415,0.1565965941256592,0.08074148195337684,0,,insufficient_data
Uttar_Pradesh,Kushinagar,2022,2,2022-10-11,2022-10-16,0.060628522370293876,0.2699236535808296,0.16203090030050957,0.08671481959293684,0,,insufficient_data
Uttar_Pradesh,Kushinagar,2022,3,2022-10-16,2022-10-21,0.0503314274050681,0.2583371413044941,0.1428535687036971,0.0735703032917729,4,11.795,valid
Uttar_Pradesh,Kushinagar,2022,4,2022-10-21,2022-10-26,0.0619540907619516,0.2499346640275757,0.1529759361579361,0.0847646572714049,2,1.4,valid
Uttar_Pradesh,Kushinagar,2022,5,2022-10-26,2022-10-31,0.071470389911138,0.2616901169910735,0.1783338188250607,0.1046348325116168,2,2.575,valid
Uttar_Pradesh,Kushinagar,2022,6,2022-10-31,2022-11-05,0.0753870523437402,0.2378927829799444,0.1682335230030032,0.0990670073630142,4,2.1575,valid
Uttar_Pradesh,Kushinagar,2022,7,2022-11-05,2022-11-10,0.08018357324068734,0.24036167900809655,0.17640350218339007,0.1074850239347436,0,,insufficient_data
Uttar_Pradesh,Kushinagar,2022,8,2022-11-10,2022-11-15,0.0970444240223643,0.2335354099825322,0.1861349692772218,0.1155372661543528,4,2.1975,valid
Uttar_Pradesh,Kushinagar,2022,9,2022-11-15,2022-11-20,0.0950619091642426,0.2187554210593569,0.1963392636537285,0.1334213563733293,4,2.9325,valid
Uttar_Pradesh,Kushinagar,2022,10,2022-11-20,2022-11-25,0.09472764646973644,0.21432548365767126,0.19237922137697872,0.13216264298845448,0,,insufficient_data
Uttar_Pradesh,Kushinagar,2022,11,2022-11-25,2022-11-30,0.0953215995570997,0.2059818175479824,0.1988235143798751,0.1388512993322225,4,1.89,valid
Uttar_Pradesh,Kushinagar,2022,12,2022-11-30,2022-12-05,0.0945896872338743,0.1960886259728878,0.1912481612109229,0.1397245775216922,2,3.165,valid
Uttar_Pradesh,Kushinagar,2022,13,2022-12-05,2022-12-10,0.0916206123711013,0.2172661437255969,0.1893501983631453,0.1332787155606756,2,1.89,valid
Uttar_Pradesh,Kushinagar,2022,14,2022-12-10,2022-12-15,0.1246716606145081,0.218764378585788,0.1889699994458466,0.1349951333876816,4,14.3975,valid
Uttar_Pradesh,Kushinagar,2022,15,2022-12-15,2022-12-20,0.13229098753470797,0.23790690527996355,0.204057166427181,0.14696479675517624,0,,insufficient_data
Uttar_Pradesh,Kushinagar,2022,16,2022-12-20,2022-12-25,0.0905029713602576,0.1966996080377545,0.176161058452556,0.125648774962004,3,15.10666666666667,valid
Uttar_Pradesh,Kushinagar,2022,17,2022-12-25,2022-12-30,0.2600700060937987,0.3607157700777906,0.2745564146634341,0.2011767823438277,1,7.96,valid
Uttar_Pradesh,Kushinagar,2022,18,2022-12-30,2023-01-04,0.14117977206959004,0.26068755655793724,0.2051862761878046,0.14474796211063315,0,,insufficient_data
Uttar_Pradesh,Kushinagar,2022,19,2023-01-04,2023-01-09,0.1233794305103062,0.25098921484854997,0.19312084577118044,0.13387674019294674,0,,insufficient_data
Uttar_Pradesh,Kushinagar,2022,20,2023-01-09,2023-01-14,0.13433825022698906,0.26908575045214844,0.19877410821072194,0.13661939526992764,0,,insufficient_data
Uttar_Pradesh,Kushinagar,2022,21,2023-01-14,2023-01-19,0.0729663387547138,0.2246472915582666,0.1648413554474237,0.1074183290260678,2,5.545,valid
Uttar_Pradesh,Kushinagar,2022,22,2023-01-19,2023-01-24,0.0699784058324547,0.2218941897203881,0.156924554521308,0.1012630744398875,3,5.006666666666667,valid
Uttar_Pradesh,Kushinagar,2022,23,2023-01-24,2023-01-29,0.06979238267698845,0.2424177870353765,0.1601195385183964,0.10227045870971857,0,,insufficient_data
Uttar_Pradesh,Kushinagar,2022,24,2023-01-29,2023-02-03,0.0672728821513721,0.2564445586461111,0.1550595909811502,0.0978826239977204,1,18.34,valid
Uttar_Pradesh,Kushinagar,2022,25,2023-02-03,2023-02-08,0.0689519039694132,0.2666851082167402,0.1636526531237037,0.1025178073751986,3,14.746666666666668,valid
Uttar_Pradesh,Kushinagar,2022,26,2023-02-08,2023-02-13,0.06988462140641702,0.2636702822062003,0.16331216854126823,0.10548752564720425,0,,insufficient_data
Uttar_Pradesh,Kushinagar,2022,27,2023-02-13,2023-02-18,0.068111464953171,0.2677916141547043,0.1575407807074922,0.1015366239076579,4,0.7,valid
Uttar_Pradesh,Kushinagar,2022,28,2023-02-18,2023-02-23,0.0684853319565022,0.2654151660227349,0.1585033813437873,0.1007546090239331,2,2.725,valid
Uttar_Pradesh,Kushinagar,2022,29,2023-02-23,2023-02-28,0.0766015240016266,0.2620149639907109,0.1818044365502077,0.1247459639315113,2,1.3050000000000002,valid
Uttar_Pradesh,Kushinagar,2022,30,2023-02-28,2023-03-05,0.0731212819900284,0.2580962597391352,0.1619313792676569,0.1083896403758282,4,2.0775,valid
Uttar_Pradesh,Kushinagar,2022,31,2023-03-05,2023-03-10,0.07475089774562,0.25272092854375194,0.1703575305254324,0.11543055617534219,0,,insufficient_data
Uttar_Pradesh,Kushinagar,2022,32,2023-03-10,2023-03-15,0.0745663900097987,0.2512706832282978,0.1726001611368974,0.1176120777008625,4,2.58,valid
Uttar_Pradesh,Kushinagar,2022,33,2023-03-15,2023-03-20,0.0809799607701441,0.2268075697378809,0.1769482943286128,0.1256504898445758,1,27.56,valid
Uttar_Pradesh,Kushinagar,2022,34,2023-03-20,2023-03-25,0.09836986194833916,0.23243056150181046,0.20645137084844195,0.15006311865133354,0,,insufficient_data
Uttar_Pradesh,Kushinagar,2022,35,2023-03-25,2023-03-30,0.0989333488311599,0.2164830268127681,0.2048603258834687,0.1511455260443128,4,2.5325,valid
Uttar_Pradesh,Kushinagar,2022,36,2023-03-30,2023-04-04,0.1138617679204708,0.2230241178602898,0.2303193493314042,0.1722226847112627,2,1.15,valid
Uttar_Pradesh,Kushinagar,2022,37,2023-04-04,2023-04-09,0.1235078422101223,0.2445674098698157,0.2475287235618266,0.1836848149556539,2,5.0,valid
Uttar_Pradesh,Kushinagar,2022,38,2023-04-09,2023-04-14,0.1405890016214894,0.2489416538372008,0.2715191557781879,0.210692432249332,4,1.1225,valid
Uttar_Pradesh,Kushinagar,2022,39,2023-04-14,2023-04-19,0.13129572985396404,0.24672339219420394,0.2579383086764661,0.19552440646669456,0,,insufficient_data
Uttar_Pradesh,Kushinagar,2022,40,2023-04-19,2023-04-24,0.1572438095199495,0.2665176273490963,0.2943074196744859,0.2279670940232286,4,4.5200000000000005,valid
Uttar_Pradesh,Kushinagar,2022,41,2023-04-24,2023-04-29,0.1212762279977883,0.2505661520546171,0.246016895036426,0.1830550063939957,1,23.54,valid
Uttar_Pradesh,Kushinagar,2022,42,2023-04-29,2023-05-04,0.1392600187588689,0.25854188970185665,0.27016215735545596,0.20551105020861216,0,,insufficient_data
Uttar_Pradesh,Kushinagar,2023,0,2023-10-01,2023-10-06,0.0558716318348889,0.2856927625764746,0.15771164941447846,0.08257572421707329,0,,insufficient_data
Uttar_Pradesh,Kushinagar,2023,1,2023-10-06,2023-10-11,0.0594292037867186,0.28572951404425856,0.16613630861849923,0.08862246964678266,0,,insufficient_data
Uttar_Pradesh,Kushinagar,2023,2,2023-10-11,2023-10-16,0.0524676279215685,0.287028313572281,0.1521098619055557,0.0781810509719364,4,6.19,valid
Uttar_Pradesh,Kushinagar,2023,3,2023-10-16,2023-10-21,0.0592756357482093,0.2843572115806681,0.1633134369234012,0.0869703974622102,2,1.22,valid
Uttar_Pradesh,Kushinagar,2023,4,2023-10-21,2023-10-26,0.066544347690378,0.2858030169798264,0.1829856270265408,0.1007159605062014,2,3.255,valid
Uttar_Pradesh,Kushinagar,2023,5,2023-10-26,2023-10-31,0.0683293608856726,0.266636428413618,0.1736117362912932,0.0983365213722399,3,6.706666666666666,valid
Uttar_Pradesh,Kushinagar,2023,6,2023-10-31,2023-11-05,0.07360832941423892,0.2660293211605412,0.18091720047510398,0.10517945993094018,0,,insufficient_data
Uttar_Pradesh,Kushinagar,2023,7,2023-11-05,2023-11-10,0.0835936811928085,0.2544792521526354,0.1864069111091904,0.1130693939232865,4,2.995,valid
Uttar_Pradesh,Kushinagar,2023,8,2023-11-10,2023-11-15,0.0902986215541262,0.2388706966759579,0.1982682910250942,0.1268050263907628,4,5.0475,valid
Uttar_Pradesh,Kushinagar,2023,9,2023-11-15,2023-11-20,0.09272171757463213,0.23563737008617489,0.19620526193729862,0.12773419140836803,0,,insufficient_data
Uttar_Pradesh,Kushinagar,2023,10,2023-11-20,2023-11-25,0.1003826538576427,0.2333418669331198,0.2044865074923122,0.1372065030799347,4,3.4725,valid
Uttar_Pradesh,Kushinagar,2023,11,2023-11-25,2023-11-30,0.0966119136939512,0.2158576645829865,0.1956593381225977,0.1338558422394881,2,1.215,valid
Uttar_Pradesh,Kushinagar,2023,12,2023-11-30,2023-12-05,0.09343767204751745,0.22026943779554237,0.18673710914739533,0.12557285176864807,0,,insufficient_data
Uttar_Pradesh,Kushinagar,2023,13,2023-12-05,2023-12-10,0.0750206286543939,0.2191812227731548,0.1672215020874748,0.1027638237907183,1,15.18,valid
Uttar_Pradesh,Kushinagar,2023,14,2023-12-10,2023-12-15,0.08887521168344911,0.21418592878817008,0.17990140466700322,0.12139380125421595,0,,insufficient_data
Uttar_Pradesh,Kushinagar,2023,15,2023-12-15,2023-12-20,0.101735491984082,0.2126969968929083,0.1795810888871966,0.1284652379644512,4,3.3275,valid
Uttar_Pradesh,Kushinagar,2023,16,2023-12-20,2023-12-25,0.0821328124013694,0.2090078309036307,0.1771436895707438,0.1204903010222062,4,6.3950000000000005,valid
Uttar_Pradesh,Kushinagar,2023,17,2023-12-25,2023-12-30,0.0992805657475314,0.2264349425988463,0.1817207594859801,0.12477720347174293,0,,insufficient_data
Uttar_Pradesh,Kushinagar,2023,18,2023-12-30,2024-01-04,0.0992805657475314,0.2264349425988463,0.1817207594859801,0.12477720347174293,0,,insufficient_data
Uttar_Pradesh,Kushinagar,2023,19,2024-01-04,2024-01-09,0.1139733928571428,0.2575999999999999,0.1884374999999999,0.1253760714285714,1,27.83,valid
Uttar_Pradesh,Kushinagar,2023,20,2024-01-09,2024-01-14,0.1139733928571428,0.2575999999999999,0.1884374999999999,0.1253760714285714,0,,insufficient_data
Uttar_Pradesh,Kushinagar,2023,21,2024-01-14,2024-01-19,0.08931773574260785,0.2523017614675057,0.174050645894403,0.1136128564944732,0,,insufficient_data
Uttar_Pradesh,Kushinagar,2023,22,2024-01-19,2024-01-24,0.08931773574260785,0.2523017614675057,0.174050645894403,0.1136128564944732,0,,insufficient_data
Uttar_Pradesh,Kushinagar,2023,23,2024-01-24,2024-01-29,0.0647396141129781,0.2568398682113132,0.15792530304027036,0.10026216810919031,0,,insufficient_data
Uttar_Pradesh,Kushinagar,2023,24,2024-01-29,2024-02-03,0.0646620786280729,0.2470035229350115,0.1596637917888061,0.101849641560375,3,5.526666666666666,valid
Uttar_Pradesh,Kushinagar,2023,25,2024-02-03,2024-02-08,0.06804423582242647,0.2594936589613263,0.16208825538171076,0.10518288324329439,0,,insufficient_data
Uttar_Pradesh,Kushinagar,2023,26,2024-02-08,2024-02-13,0.0648171495978833,0.2666762134876149,0.1561868142917346,0.0986746946580056,4,2.1625,valid
Uttar_Pradesh,Kushinagar,2023,27,2024-02-13,2024-02-18,0.0652780205055798,0.2672830944412348,0.1567074395045972,0.1003535802328854,2,0.78,valid
Uttar_Pradesh,Kushinagar,2023,28,2024-02-18,2024-02-23,0.0774196945581699,0.257011804981444,0.1757949759417051,0.1198536165219115,2,3.47,valid
Uttar_Pradesh,Kushinagar,2023,29,2024-02-23,2024-02-28,0.0692986045606533,0.2738445521133529,0.1626813509606732,0.1080552695489332,3,10.353333333333332,valid
Uttar_Pradesh,Kushinagar,2023,30,2024-02-28,2024-03-04,0.07087415083013089,0.2700743407017255,0.16560085731670365,0.10988092078245401,0,,insufficient_data
Uttar_Pradesh,Kushinagar,2023,31,2024-03-04,2024-03-09,0.0652678201750719,0.2799658688905825,0.1543023253851363,0.09838162844649,3,6.22,valid
Uttar_Pradesh,Kushinagar,2023,32,2024-03-09,2024-03-14,0.0771066143511795,0.272266383082013,0.1785181947914065,0.12276050916205,4,2.2975,valid
Uttar_Pradesh,Kushinagar,2023,33,2024-03-14,2024-03-19,0.07566898658876668,0.25859458282551084,0.17127427209094184,0.11495656999700293,0,,insufficient_data
Uttar_Pradesh,Kushinagar,2023,34,2024-03-19,2024-03-24,0.0872405522069444,0.2537103633012737,0.1876200014373518,0.12953241942436897,0,,insufficient_data
Uttar_Pradesh,Kushinagar,2023,35,2024-03-24,2024-03-29,0.0846325252400486,0.223551496503937,0.1810022960962827,0.1237275723824688,1,9.7,valid
Uttar_Pradesh,Kushinagar,2023,36,2024-03-29,2024-04-03,0.11416486404656506,0.23517758339911524,0.2240854000734851,0.16138128221710765,0,,insufficient_data
Uttar_Pradesh,Kushinagar,2023,37,2024-04-03,2024-04-08,0.1219552490614776,0.2390577047285624,0.2366571894765816,0.1732599677064671,1,8.74,valid
Uttar_Pradesh,Kushinagar,2023,38,2024-04-08,2024-04-13,0.13318340996381012,0.25261297600580934,0.24743277263001057,0.18172189971162903,0,,insufficient_data
Uttar_Pradesh,Kushinagar,2023,39,2024-04-13,2024-04-18,0.135906817838169,0.2429235489648464,0.254596714647591,0.187156306562387,4,18.07,valid
Uttar_Pradesh,Kushinagar,2023,40,2024-04-18,2024-04-23,0.1902390477155453,0.3049191538258915,0.317474890299587,0.2427437521951932,1,14.58,valid
Uttar_Pradesh,Kushinagar,2023,41,2024-04-23,2024-04-28,0.16623709676337095,0.27889462358706535,0.2930779274837499,0.22263999283126554,0,,insufficient_data
Uttar_Pradesh,Kushinagar,2023,42,2024-04-28,2024-05-03,0.1725654247363986,0.2888411679704581,0.3071621775040717,0.2380199197362164,2,0.76,valid
Uttar_Pradesh,Kushinagar,2024,0,2024-10-01,2024-10-06,0.05333722990968845,0.2949966439286431,0.15109873410896535,0.0765773922501918,0,,insufficient_data
Uttar_Pradesh,Kushinagar,2024,1,2024-10-06,2024-10-11,0.0466559167155595,0.3107653420825089,0.1417726168636811,0.0679414584428747,2,24.695,valid
Uttar_Pradesh,Kushinagar,2024,2,2024-10-11,2024-10-16,0.0600185431038174,0.2792279457747773,0.1604248513542496,0.0852133260575089,2,10.07,valid
Uttar_Pradesh,Kushinagar,2024,3,2024-10-16,2024-10-21,0.06143576603037824,0.2728296921851124,0.16103036401416432,0.086853105910889,0,,insufficient_data
Uttar_Pradesh,Kushinagar,2024,4,2024-10-21,2024-10-26,0.0569406830865615,0.2582302039526931,0.1528729387931452,0.0811519694501224,4,5.117500000000001,valid
Uttar_Pradesh,Kushinagar,2024,5,2024-10-26,2024-10-31,0.0698066160782748,0.2546593388199762,0.1684401888298158,0.0943272689854285,2,4.675,valid
Uttar_Pradesh,Kushinagar,2024,6,2024-10-31,2024-11-05,0.073757071167678,0.2612656302956062,0.1816412242299298,0.1056315066185105,2,7.875,valid
Uttar_Pradesh,Kushinagar,2024,7,2024-11-05,2024-11-10,0.080507753240001,0.2388548617569661,0.1847500309036979,0.1101964607734972,4,5.197500000000001,valid
Uttar_Pradesh,Kushinagar,2024,8,2024-11-10,2024-11-15,0.20137469610219866,0.3371368743826871,0.2623581039544848,0.1814470393622386,0,,insufficient_data
Uttar_Pradesh,Kushinagar,2024,9,2024-11-15,2024-11-20,0.667558044325613,0.7023287489459825,0.5815821832623533,0.4653536385902634,2,22.14,valid
Uttar_Pradesh,Kushinagar,2024,10,2024-11-20,2024-11-25,0.1152439956994265,0.2285757920949043,0.1953768925466273,0.1317263218434934,4,3.865,valid
Uttar_Pradesh,Kushinagar,2024,11,2024-11-25,2024-11-30,0.20911522576011848,0.30634020625950825,0.2637723976448473,0.196538545238904,0,,insufficient_data
Uttar_Pradesh,Kushinagar,2024,12,2024-11-30,2024-12-05,0.0925398027398282,0.1988299378587903,0.1860950240882074,0.134333575288608,3,4.376666666666666,valid
Uttar_Pradesh,Kushinagar,2024,13,2024-12-05,2024-12-10,0.0850127617248111,0.1865827052043321,0.1774610008718201,0.1278069245024967,2,6.75,valid
Uttar_Pradesh,Kushinagar,2024,14,2024-12-10,2024-12-15,0.0852215243109136,0.215383847193532,0.1783468874552282,0.1234722659696585,2,6.609999999999999,valid
Uttar_Pradesh,Kushinagar,2024,15,2024-12-15,2024-12-20,0.0909892072781809,0.197189663578873,0.1794827952556134,0.130401514445056,4,1.8775,valid
Uttar_Pradesh,Kushinagar,2024,16,2024-12-20,2024-12-25,0.20052224491685583,0.3001998064066783,0.25352035585834976,0.1898154710189081,0,,insufficient_data
Uttar_Pradesh,Kushinagar,2024,17,2024-12-25,2024-12-30,0.0795030275861272,0.216429495134864,0.1756082250106806,0.1172772722108087,2,2.005,valid
Uttar_Pradesh,Kushinagar,2024,18,2024-12-30,2025-01-04,0.6618847036842462,0.6854133209217906,0.5567028706984065,0.4501193779665207,1,8.92,valid
Uttar_Pradesh,Kushinagar,2024,19,2025-01-04,2025-01-09,0.22053751909244546,0.34675956424245336,0.2608927499068281,0.19083724691331902,0,,insufficient_data
Uttar_Pradesh,Kushinagar,2024,20,2025-01-09,2025-01-14,0.0801573877259656,0.2369974211758348,0.1607915059077073,0.1035021042987444,4,3.6825,valid
Uttar_Pradesh,Kushinagar,2024,21,2025-01-14,2025-01-19,0.0606049573734428,0.2481980197373239,0.1504683980105178,0.0924502331772022,2,15.44,valid
Uttar_Pradesh,Kushinagar,2024,22,2025-01-19,2025-01-24,0.06690257797370326,0.24757301216044358,0.15358564204161326,0.09622989418921434,2,21.195,missing_bands
Uttar_Pradesh,Kushinagar,2024,23,2025-01-24,2025-01-29,0.0655597633463054,0.25292794969557886,0.15268031738792082,0.09539686551003718,1,28.43,missing_bands
Uttar_Pradesh,Kushinagar,2024,24,2025-01-29,2025-02-03,0.06069388855308533,0.25823812586882683,0.1499765878813253,0.09269511924713476,0,,insufficient_data
Uttar_Pradesh,Kushinagar,2024,25,2025-02-03,2025-02-08,0.0599453888217014,0.257523595568172,0.1494970222066147,0.0927373450916964,4,1.1725,valid
Uttar_Pradesh,Kushinagar,2024,26,2025-02-08,2025-02-13,0.0615313194641118,0.2689927623009847,0.1499643434268434,0.0928977794725057,4,3.6375,valid
Uttar_Pradesh,Kushinagar,2024,27,2025-02-13,2025-02-18,0.06244110490859655,0.26543919211760436,0.15033214916092957,0.09480432904431871,0,,insufficient_data
Uttar_Pradesh,Kushinagar,2024,28,2025-02-18,2025-02-23,0.0640597209079497,0.2702933555279416,0.1496900372181146,0.095397071309746,4,3.05,valid
Uttar_Pradesh,Kushinagar,2024,29,2025-02-23,2025-02-28,0.0642279904406233,0.264947055073319,0.1521771937921456,0.0981851203033267,2,21.735,valid
Uttar_Pradesh,Kushinagar,2024,30,2025-02-28,2025-03-05,0.07112311389012553,0.26139423262179945,0.15926863942443525,0.10555903037398132,0,,insufficient_data
Uttar_Pradesh,Kushinagar,2024,31,2025-03-05,2025-03-10,0.0750226876898,0.2660691831061983,0.1640481492347908,0.1114628180684327,4,10.17,valid
Uttar_Pradesh,Kushinagar,2024,32,2025-03-10,2025-03-15,0.0792938940976126,0.2504514800779082,0.17021215249057708,0.11664004169652524,0,,insufficient_data
Uttar_Pradesh,Kushinagar,2024,33,2025-03-15,2025-03-20,0.0811820565221291,0.2442673367797388,0.17115917745269,0.1171911118144199,2,1.795,valid
Uttar_Pradesh,Kushinagar,2024,34,2025-03-20,2025-03-25,0.096742841737898,0.2265223453523767,0.193464089482682,0.1397211165999217,4,4.53,valid
Uttar_Pradesh,Kushinagar,2024,35,2025-03-25,2025-03-30,0.1095305752117536,0.23603798930815678,0.21038950476526974,0.1497947763742635,0,,insufficient_data
Uttar_Pradesh,Kushinagar,2024,36,2025-03-30,2025-04-04,0.1135049862217256,0.2197150497924883,0.2182853530268375,0.1636848907371723,4,1.5475,valid
Uttar_Pradesh,Kushinagar,2024,37,2025-04-04,2025-04-09,0.1466924163652617,0.2536472253080233,0.2586493990988694,0.1785819863455401,1,0.43,valid
Uttar_Pradesh,Kushinagar,2024,38,2025-04-09,2025-04-14,0.13120943445776445,0.23984440171931654,0.2516401648112382,0.18879752614900489,0,,insufficient_data
Uttar_Pradesh,Kushinagar,2024,39,2025-04-14,2025-04-19,0.1305694082442311,0.2401473573648589,0.2562562116956329,0.1908417063337957,3,9.953333333333331,valid
Uttar_Pradesh,Kushinagar,2024,40,2025-04-19,2025-04-24,0.13711091720311072,0.24655418569492596,0.2627584354060383,0.19716840461961574,0,,insufficient_data
Uttar_Pradesh,Kushinagar,2024,41,2025-04-24,2025-04-29,0.1340709269998394,0.2458679744118957,0.2733696954236128,0.2220815211795114,4,0.9275,valid
Uttar_Pradesh,Kushinagar,2024,42,2025-04-29,2025-05-04,0.13232016762203525,0.2430076658883773,0.26481295355962287,0.20646161375665356,0,,insufficient_data
Uttar_Pradesh,Kushinagar,2025,0,2025-10-01,2025-10-06,0.0452600417359002,0.3131805794846654,0.1489330640054648,0.0702008185679478,1,27.28,valid
Uttar_Pradesh,Kushinagar,2025,1,2025-10-06,2025-10-11,0.0427215427716799,0.2633765998010944,0.1310382700963544,0.0626243672711484,4,4.995,valid
Uttar_Pradesh,Kushinagar,2025,2,2025-10-11,2025-10-16,0.05459880198405278,0.2660414028918398,0.15052893346441185,0.07821254186124542,0,,insufficient_data
Uttar_Pradesh,Kushinagar,2025,3,2025-10-16,2025-10-21,0.0557558891924845,0.2598422222877848,0.1473657934440628,0.0763807319649141,4,3.99,valid
Uttar_Pradesh,Kushinagar,2025,4,2025-10-21,2025-10-26,0.0643223197672226,0.2506190420396095,0.1596833034681556,0.087661955353995,2,1.495,valid
Uttar_Pradesh,Kushinagar,2025,5,2025-10-26,2025-10-31,0.0649342164529767,0.2431885708460451,0.1656242363080217,0.0941948361482218,2,7.42,valid
Uttar_Pradesh,Kushinagar,2025,6,2025-10-31,2025-11-05,0.071253452685677,0.2310236180679672,0.1581355083571786,0.0909587718049152,3,7.896666666666667,valid
Uttar_Pradesh,Kushinagar,2025,7,2025-11-05,2025-11-10,0.07603426671926275,0.2341077082228899,0.17239574745412675,0.10288682172184471,0,,insufficient_data
Uttar_Pradesh,Kushinagar,2025,8,2025-11-10,2025-11-15,0.0845312002723298,0.226314965199516,0.1851298876404924,0.1156324021289677,4,1.4675,valid
Uttar_Pradesh,Kushinagar,2025,9,2025-11-15,2025-11-20,0.0951301444181076,0.2193923449613118,0.1934058014967855,0.1259861431731239,4,6.815,valid
Uttar_Pradesh,Kushinagar,2025,10,2025-11-20,2025-11-25,0.08966730099757607,0.20829422540095885,0.18551092293095625,0.12539296785568516,0,,insufficient_data
Uttar_Pradesh,Kushinagar,2025,11,2025-11-25,2025-11-30,0.0919384691519051,0.2021660977384115,0.1896959463908925,0.1308942337584868,2,1.535,valid
Uttar_Pradesh,Kushinagar,2025,12,2025-11-30,2025-12-05,0.0931749688562983,0.1928310225394993,0.1856681616986784,0.1362473436983635,2,4.68,valid
Uttar_Pradesh,Kushinagar,2025,13,2025-12-05,2025-12-10,0.0835617222892396,0.2007666965660558,0.1736548174279325,0.1182047165194839,2,2.65,valid
Uttar_Pradesh,Kushinagar,2025,14,2025-12-10,2025-12-15,0.0960169434643105,0.1904847556954456,0.1757622320048457,0.1267910728542645,4,7.7425,valid
Uttar_Pradesh,Kushinagar,2025,15,2025-12-15,2025-12-20,0.09091787820328279,0.19469415826700023,0.17836173704381886,0.12708104435737064,0,,insufficient_data
Uttar_Pradesh,Kushinagar,2025,16,2025-12-20,2025-12-25,0.08433282697934313,0.19889350171277317,0.1708570612284103,0.11806789371491126,0,,insufficient_data
Uttar_Pradesh,Kushinagar,2025,17,2025-12-25,2025-12-30,0.08010043066736221,0.1967994932798239,0.16454905965188102,0.11355279050416912,0,,insufficient_data
Uttar_Pradesh,Kushinagar,2025,18,2025-12-30,2026-01-04,0.07376749601499434,0.19751391300375096,0.161302343375646,0.10939689759775877,0,,insufficient_data
Uttar_Pradesh,Kushinagar,2025,19,2026-01-04,2026-01-09,0.0734198151844793,0.2054290528768181,0.1631541342524528,0.1092078917709854,1,22.48,valid
Uttar_Pradesh,Kushinagar,2025,20,2026-01-09,2026-01-14,0.0708645333532968,0.1944846712672081,0.1547308126983446,0.1046594068872575,2,1.695,valid
Uttar_Pradesh,Kushinagar,2025,21,2026-01-14,2026-01-19,0.0770181395072069,0.1926280148672267,0.1660220831761406,0.1143233941350334,2,3.2,valid
Uttar_Pradesh,Kushinagar,2025,22,2026-01-19,2026-01-24,0.0672482111468161,0.2171387807785599,0.15272045759513,0.1002687937335272,4,1.805,valid
Uttar_Pradesh,Kushinagar,2025,23,2026-01-24,2026-01-29,0.0748600625689894,0.23927690622351241,0.165992798110648,0.11142149663547632,0,,insufficient_data
Uttar_Pradesh,Kushinagar,2025,24,2026-01-29,2026-02-03,0.1014647605962176,0.3145119862486278,0.2083899383850406,0.1480642779278076,1,24.63,valid
Uttar_Pradesh,Kushinagar,2025,25,2026-02-03,2026-02-08,0.0577046682414096,0.2776210779559396,0.1481006986985841,0.0897916104937558,1,2.97,valid
Uttar_Pradesh,Kushinagar,2025,26,2026-02-08,2026-02-13,0.07154393255971024,0.2782335094460192,0.16586621385361083,0.10850654832515201,0,,insufficient_data
Uttar_Pradesh,Kushinagar,2025,27,2026-02-13,2026-02-18,0.0612060957764117,0.2643849937209911,0.1497767720884907,0.0935627192913894,4,3.72,valid
Uttar_Pradesh,Kushinagar,2025,28,2026-02-18,2026-02-23,0.0630861316869444,0.272522845057215,0.1507324121023774,0.0955043974037534,2,1.005,valid
Uttar_Pradesh,Kushinagar,2025,29,2026-02-23,2026-02-28,0.0742580064975679,0.2621266442473224,0.1723312479935614,0.1156097365090538,2,3.435,valid
Uttar_Pradesh,Kushinagar,2025,30,2026-02-28,2026-03-05,0.0661383862495366,0.272325862567205,0.1552069252955147,0.1011443529287061,4,4.1875,valid
Uttar_Pradesh,Kushinagar,2025,31,2026-03-05,2026-03-10,0.07254519516219789,0.2585549515734872,0.16428667206979652,0.1092975098381996,0,,insufficient_data
Uttar_Pradesh,Kushinagar,2025,32,2026-03-10,2026-03-15,0.0692656498874897,0.2550255920034999,0.1651915390069549,0.1078589603487627,2,12.695,valid
Uttar_Pradesh,Kushinagar,2025,33,2026-03-15,2026-03-20,0.0899778014894508,0.2307738139921937,0.1779712359505742,0.1263701020007219,2,13.12,valid
Uttar_Pradesh,Kushinagar,2025,34,2026-03-20,2026-03-25,0.08304031982814693,0.23100932507300764,0.17780342027458554,0.12402882908392705,0,,insufficient_data
Uttar_Pradesh,Kushinagar,2025,35,2026-03-25,2026-03-30,0.0898775081075003,0.2072285692233293,0.1902474858662275,0.1378574249022966,2,4.735,valid
Uttar_Pradesh,Kushinagar,2025,36,2026-03-30,2026-04-04,0.08992765479847555,0.2190011916077615,0.18410936090840085,0.13211376345150927,0,,insufficient_data
Uttar_Pradesh,Kushinagar,2025,37,2026-04-04,2026-04-09,0.0898775081075003,0.2072285692233293,0.1902474858662275,0.1378574249022966,0,,insufficient_data
Uttar_Pradesh,Kushinagar,2025,38,2026-04-09,2026-04-14,0.0898775081075003,0.2072285692233293,0.1902474858662275,0.1378574249022966,0,,insufficient_data
Uttar_Pradesh,Kushinagar,2025,39,2026-04-14,2026-04-19,,,,,0,,insufficient_data
Uttar_Pradesh,Kushinagar,2025,40,2026-04-19,2026-04-24,,,,,0,,insufficient_data
Uttar_Pradesh,Kushinagar,2025,41,2026-04-24,2026-04-29,,,,,0,,insufficient_data
Uttar_Pradesh,Kushinagar,2025,42,2026-04-29,2026-05-04,,,,,0,,insufficient_data
