state,district,year,time_step,start_date,end_date,Red,NIR,SWIR1,SWIR2,image_count,mean_cloud_cover,quality_flag
Uttar_Pradesh,Barabanki,2010,0,2010-10-01,2010-10-06,0.0789663496667671,0.3391190393173706,0.2020484887946333,0.1025127716507644,0,,insufficient_data
Uttar_Pradesh,Barabanki,2010,1,2010-10-06,2010-10-11,0.0789663496667671,0.3391190393173706,0.2020484887946333,0.1025127716507644,2,10.5,valid
Uttar_Pradesh,Barabanki,2010,2,2010-10-11,2010-10-16,0.10308765862893905,0.2971587248222513,0.21479270336527242,0.12262345437043591,0,,insufficient_data
Uttar_Pradesh,Barabanki,2010,3,2010-10-16,2010-10-21,0.10308765862893905,0.2971587248222513,0.21479270336527242,0.12262345437043591,0,,insufficient_data
Uttar_Pradesh,Barabanki,2010,4,2010-10-21,2010-10-26,0.1219886530387672,0.2904189809210061,0.2040740270089427,0.1132179204971516,3,12.0,valid
Uttar_Pradesh,Barabanki,2010,5,2010-10-26,2010-10-31,0.1083079731812829,0.2619381542283773,0.2382555942922413,0.1521396709633917,2,0.0,valid
Uttar_Pradesh,Barabanki,2010,6,2010-10-31,2010-11-05,0.12544725653113153,0.2551137022046771,0.2380833568872036,0.15751732444187727,0,,insufficient_data
Uttar_Pradesh,Barabanki,2010,7,2010-11-05,2010-11-10,0.1276191444275542,0.2351324175888756,0.2428829597324568,0.1733283798231247,1,1.0,valid
Uttar_Pradesh,Barabanki,2010,8,2010-11-10,2010-11-15,0.12660012436191967,0.24334527596590075,0.24941980017995724,0.17228379242345251,0,,insufficient_data
Uttar_Pradesh,Barabanki,2010,9,2010-11-15,2010-11-20,0.1438732554769219,0.2329652560804494,0.2671208465151737,0.1913833264838411,1,5.0,valid
Uttar_Pradesh,Barabanki,2010,10,2010-11-20,2010-11-25,0.13591485676751777,0.23069911229888165,0.2570364554033112,0.187366267694565,0,,insufficient_data
Uttar_Pradesh,Barabanki,2010,11,2010-11-25,2010-11-30,0.1383031139544523,0.23127920408655275,0.2657605533854192,0.19690064799693455,0,,insufficient_data
Uttar_Pradesh,Barabanki,2010,12,2010-11-30,2010-12-05,0.1362521703980772,0.22399966322732,0.2611055599623031,0.1973870967767292,1,0.0,valid
Uttar_Pradesh,Barabanki,2010,13,2010-12-05,2010-12-10,0.135253784639444,0.229341232541767,0.2551312654300747,0.1922163838282477,0,,insufficient_data
Uttar_Pradesh,Barabanki,2010,14,2010-12-10,2010-12-15,0.1347839159883578,0.2368726929518888,0.2690552536787808,0.2019315207302334,2,4.0,valid
Uttar_Pradesh,Barabanki,2010,15,2010-12-15,2010-12-20,0.1347252675318971,0.2271513414460922,0.2352329826491402,0.1773305339777805,3,0.3333333333333333,valid
Uttar_Pradesh,Barabanki,2010,16,2010-12-20,2010-12-25,0.13595753926430507,0.23481884991049276,0.24512159437511868,0.18105595402639305,0,,insufficient_data
Uttar_Pradesh,Barabanki,2010,17,2010-12-25,2010-12-30,0.1383634342726603,0.2404325153334973,0.2310765467974351,0.1639058073711652,2,0.0,valid
Uttar_Pradesh,Barabanki,2010,18,2010-12-30,2011-01-04,0.12256151584815839,0.24149050547848705,0.21981043294310076,0.15366625696155073,0,,insufficient_data
Uttar_Pradesh,Barabanki,2010,19,2011-01-04,2011-01-09,0.1053113036506515,0.2573496438079455,0.2048284598102215,0.13540697457837195,0,,insufficient_data
Uttar_Pradesh,Barabanki,2010,20,2011-01-09,2011-01-14,0.0993525427196513,0.26792619061305534,0.20260722487204788,0.13034513122977107,0,,insufficient_data
Uttar_Pradesh,Barabanki,2010,21,2011-01-14,2011-01-19,0.0945958457399178,0.2568876596558717,0.1931217693827269,0.1197624295357065,1,24.0,valid
Uttar_Pradesh,Barabanki,2010,22,2011-01-19,2011-01-24,0.0829746309393764,0.2747287564344675,0.1902870632505025,0.1225526868282441,2,7.0,valid
Uttar_Pradesh,Barabanki,2010,23,2011-01-24,2011-01-29,0.0814762599266507,0.299655831028385,0.195943520057527,0.1151596011839685,2,0.0,valid
Uttar_Pradesh,Barabanki,2010,24,2011-01-29,2011-02-03,0.08898338600500817,0.28894512229326363,0.18511844568536312,0.1107957462826535,0,,insufficient_data
Uttar_Pradesh,Barabanki,2010,25,2011-02-03,2011-02-08,0.114397964877323,0.278872164423829,0.1661155104106598,0.096137319359553,3,2.0,valid
Uttar_Pradesh,Barabanki,2010,26,2011-02-08,2011-02-13,0.0714722285417729,0.3345811999237651,0.1801243653253994,0.1003666945057954,2,7.5,valid
Uttar_Pradesh,Barabanki,2010,27,2011-02-13,2011-02-18,0.08235963412141785,0.32112577856743263,0.1734016529571752,0.09915409808743386,0,,insufficient_data
Uttar_Pradesh,Barabanki,2010,28,2011-02-18,2011-02-23,0.0724324410040117,0.3243756705693502,0.1651186012129435,0.0908260078054802,1,0.0,valid
Uttar_Pradesh,Barabanki,2010,29,2011-02-23,2011-02-28,0.07268681981761473,0.33030747238784425,0.17666570901451548,0.10341584917988753,0,,insufficient_data
Uttar_Pradesh,Barabanki,2010,30,2011-02-28,2011-03-05,0.0711359020625638,0.3466740793527863,0.1822481348796981,0.1092863706789069,2,2.5,valid
Uttar_Pradesh,Barabanki,2010,31,2011-03-05,2011-03-10,0.0757067076621105,0.3155989397054755,0.1791717346400209,0.1131843237293676,3,0.0,valid
Uttar_Pradesh,Barabanki,2010,32,2011-03-10,2011-03-15,0.08617164269860926,0.29733192295380617,0.18808445801608775,0.12307710117887218,0,,insufficient_data
Uttar_Pradesh,Barabanki,2010,33,2011-03-15,2011-03-20,0.0890226913156812,0.2714019026483746,0.1791676470143616,0.1193321446084457,1,0.0,valid
Uttar_Pradesh,Barabanki,2010,34,2011-03-20,2011-03-25,0.1088212697540815,0.2556527701085884,0.2117503155302704,0.1505055656987685,3,8.333333333333334,valid
Uttar_Pradesh,Barabanki,2010,35,2011-03-25,2011-03-30,0.10716993547481203,0.25199272802963507,0.2048074787466013,0.14368505449872807,0,,insufficient_data
Uttar_Pradesh,Barabanki,2010,36,2011-03-30,2011-04-04,0.1236658453546734,0.2289235113319423,0.2235044736951719,0.16121745318897,3,0.0,valid
Uttar_Pradesh,Barabanki,2010,37,2011-04-04,2011-04-09,0.1273674912985408,0.2391623372334052,0.2337126769881489,0.17081697553074182,0,,insufficient_data
Uttar_Pradesh,Barabanki,2010,38,2011-04-09,2011-04-14,0.13664060207077044,0.2309171207958136,0.24469385771708815,0.18097268044672848,0,,insufficient_data
Uttar_Pradesh,Barabanki,2010,39,2011-04-14,2011-04-19,0.1496153587868675,0.2329107302596849,0.2658832417390044,0.200727907704487,3,8.666666666666666,valid
Uttar_Pradesh,Barabanki,2010,40,2011-04-19,2011-04-24,0.1496153587868675,0.2329107302596849,0.2658832417390044,0.200727907704487,0,,insufficient_data
Uttar_Pradesh,Barabanki,2010,41,2011-04-24,2011-04-29,0.1496153587868675,0.2329107302596849,0.2658832417390044,0.200727907704487,0,,insufficient_data
Uttar_Pradesh,Barabanki,2010,42,2011-04-29,2011-05-04,0.1496153587868675,0.2329107302596849,0.2658832417390044,0.200727907704487,0,,insufficient_data
Uttar_Pradesh,Barabanki,2011,0,2011-10-01,2011-10-06,0.0658727486653827,0.3265603758808951,0.1768066064376201,0.0936495545913262,3,3.333333333333333,valid
Uttar_Pradesh,Barabanki,2011,1,2011-10-06,2011-10-11,0.084989581871164,0.3176009278335712,0.1915146665877561,0.1075195431063817,1,2.0,valid
Uttar_Pradesh,Barabanki,2011,2,2011-10-11,2011-10-16,0.10070990362905637,0.29849101588631444,0.20939621996891952,0.13064006733110917,0,,insufficient_data
Uttar_Pradesh,Barabanki,2011,3,2011-10-16,2011-10-21,0.0919496563874594,0.3030858147183389,0.2165052098889406,0.1364575126501619,2,1.0,valid
Uttar_Pradesh,Barabanki,2011,4,2011-10-21,2011-10-26,0.1247896632814499,0.2720855499700999,0.23078925809923,0.1565502224949027,1,4.0,valid
Uttar_Pradesh,Barabanki,2011,5,2011-10-26,2011-10-31,0.1359478679398258,0.2731224110286672,0.2313653588310508,0.1590235038127733,2,0.0,valid
Uttar_Pradesh,Barabanki,2011,6,2011-10-31,2011-11-05,0.3408689637828918,0.3780618736659269,0.374020811427893,0.292855263120629,1,3.0,valid
Uttar_Pradesh,Barabanki,2011,7,2011-11-05,2011-11-10,0.2103875181049942,0.2932776297829834,0.27337759386051647,0.20146941805243285,0,,insufficient_data
Uttar_Pradesh,Barabanki,2011,8,2011-11-10,2011-11-15,0.1499346516340806,0.2281282845789689,0.2509436476501173,0.1900843389720656,2,1.5,valid
Uttar_Pradesh,Barabanki,2011,9,2011-11-15,2011-11-20,0.3003964438867229,0.314990029671254,0.2797688932942913,0.2088337618617935,1,25.0,valid
Uttar_Pradesh,Barabanki,2011,10,2011-11-20,2011-11-25,0.17741237662816076,0.24395346240968852,0.2514909452784863,0.19364417979312373,0,,insufficient_data
Uttar_Pradesh,Barabanki,2011,11,2011-11-25,2011-11-30,0.1258389201538698,0.2173910348729813,0.2450053423298187,0.1942966716059695,1,0.0,valid
Uttar_Pradesh,Barabanki,2011,12,2011-11-30,2011-12-05,0.18657161829285415,0.24922852168659504,0.251673377821276,0.19483079340014312,0,,insufficient_data
Uttar_Pradesh,Barabanki,2011,13,2011-12-05,2011-12-10,0.1334794908379697,0.2153045005155499,0.230245897839718,0.1813619467326664,2,1.5,valid
Uttar_Pradesh,Barabanki,2011,14,2011-12-10,2011-12-15,0.11840289449682627,0.21910860595344903,0.22257970188495993,0.1707550497701262,0,,insufficient_data
Uttar_Pradesh,Barabanki,2011,15,2011-12-15,2011-12-20,0.1146848816683045,0.21996739149368283,0.2113668816625306,0.15898423885220453,0,,insufficient_data
Uttar_Pradesh,Barabanki,2011,16,2011-12-20,2011-12-25,0.1146848816683045,0.21996739149368283,0.2113668816625306,0.15898423885220453,0,,insufficient_data
Uttar_Pradesh,Barabanki,2011,17,2011-12-25,2011-12-30,0.0958902724986393,0.2246302824718158,0.1924878654853432,0.1366065309717427,1,0.0,valid
Uttar_Pradesh,Barabanki,2011,18,2011-12-30,2012-01-04,0.0876298200793808,0.24032431007200777,0.18026947157073892,0.11733280681536415,0,,insufficient_data
Uttar_Pradesh,Barabanki,2011,19,2012-01-04,2012-01-09,0.07986972319407123,0.2600334365266108,0.1778446606533165,0.11109807836819342,0,,insufficient_data
Uttar_Pradesh,Barabanki,2011,20,2012-01-09,2012-01-14,0.0793693676601223,0.2560183376721997,0.1680510776561346,0.0980590826589856,1,4.0,valid
Uttar_Pradesh,Barabanki,2011,21,2012-01-14,2012-01-19,0.0756156759207363,0.2853578563361762,0.1730587824398099,0.10111821856313509,0,,insufficient_data
Uttar_Pradesh,Barabanki,2011,22,2012-01-19,2012-01-24,0.0643495294234521,0.2994516894358169,0.1729950388184717,0.098628621473852,2,5.5,valid
Uttar_Pradesh,Barabanki,2011,23,2012-01-24,2012-01-29,0.08706255707766844,0.2920662927602546,0.175548063249258,0.10300621422863902,0,,insufficient_data
Uttar_Pradesh,Barabanki,2011,24,2012-01-29,2012-02-03,0.0831281306786345,0.3006035419005121,0.1781302308448235,0.1066669515565677,1,0.0,valid
Uttar_Pradesh,Barabanki,2011,25,2012-02-03,2012-02-08,0.1214032005484649,0.3121916020324896,0.1830159056776023,0.1086702012251508,2,5.5,valid
Uttar_Pradesh,Barabanki,2011,26,2012-02-08,2012-02-13,0.0938299892328241,0.3104104544136389,0.1822041205419519,0.11016699342447396,0,,insufficient_data
Uttar_Pradesh,Barabanki,2011,27,2012-02-13,2012-02-18,0.0895029021685846,0.30832212342944343,0.18216323059413922,0.11243750130145112,0,,insufficient_data
Uttar_Pradesh,Barabanki,2011,28,2012-02-18,2012-02-23,0.09162782599856796,0.31089498393908716,0.18350756384391112,0.11436101788307894,0,,insufficient_data
Uttar_Pradesh,Barabanki,2011,29,2012-02-23,2012-02-28,0.0769586364713729,0.318436219307915,0.1854662251034299,0.1151638274917034,2,0.0,valid
Uttar_Pradesh,Barabanki,2011,30,2012-02-28,2012-03-04,0.0765216409758661,0.3020571304768569,0.1820405607507012,0.1192490249323826,1,0.0,valid
Uttar_Pradesh,Barabanki,2011,31,2012-03-04,2012-03-09,0.09071910926934526,0.2957200739695371,0.1937731894911446,0.1301645032613634,0,,insufficient_data
Uttar_Pradesh,Barabanki,2011,32,2012-03-09,2012-03-14,0.0991045982458313,0.3024382814105514,0.2070082578328025,0.1437885912830785,2,0.0,valid
Uttar_Pradesh,Barabanki,2011,33,2012-03-14,2012-03-19,0.1102915613843107,0.2599486646828251,0.2005777142776448,0.1424565693382891,1,1.0,valid
Uttar_Pradesh,Barabanki,2011,34,2012-03-19,2012-03-24,0.11692761860388065,0.25656879531501237,0.21219476460074715,0.15251065604745837,0,,insufficient_data
Uttar_Pradesh,Barabanki,2011,35,2012-03-24,2012-03-29,0.1362604561775339,0.2559998726081824,0.2247397756351701,0.1643511175891819,2,13.5,valid
Uttar_Pradesh,Barabanki,2011,36,2012-03-29,2012-04-03,0.1220538586078467,0.2078883625584904,0.2164533106573711,0.159446345979284,1,1.0,valid
Uttar_Pradesh,Barabanki,2011,37,2012-04-03,2012-04-08,0.1354869392510185,0.2340244794158248,0.24084863483518748,0.17812995896778372,0,,insufficient_data
Uttar_Pradesh,Barabanki,2011,38,2012-04-08,2012-04-13,0.1403311242873478,0.2355133502329022,0.2564562350400577,0.1871613280451965,1,5.0,valid
Uttar_Pradesh,Barabanki,2011,39,2012-04-13,2012-04-18,0.14233794783418938,0.23951490384191432,0.25954215619506404,0.19481736472338435,0,,insufficient_data
Uttar_Pradesh,Barabanki,2011,40,2012-04-18,2012-04-23,0.1433023179313456,0.2366963322637242,0.265745218008151,0.2015610442574725,1,4.0,valid
Uttar_Pradesh,Barabanki,2011,41,2012-04-23,2012-04-28,0.1636644905102174,0.2779615703125405,0.2995138610746765,0.2311007406115844,2,3.0,valid
Uttar_Pradesh,Barabanki,2011,42,2012-04-28,2012-05-03,0.1534834042207815,0.2573289512881323,0.28262953954141373,0.21633089243452847,0,,insufficient_data
Uttar_Pradesh,Barabanki,2012,0,2012-10-01,2012-10-06,0.0648323274621296,0.3367360154846966,0.188040502603549,0.0984168870473192,1,18.0,valid
Uttar_Pradesh,Barabanki,2012,1,2012-10-06,2012-10-11,0.07549553960302162,0.31129311472469934,0.19822702003887807,0.11622724381301093,0,,insufficient_data
Uttar_Pradesh,Barabanki,2012,2,2012-10-11,2012-10-16,0.0690435045756086,0.2961817601956047,0.1873049826601291,0.1090682882572773,1,2.0,valid
Uttar_Pradesh,Barabanki,2012,3,2012-10-16,2012-10-21,0.0926107867713267,0.3009615684937968,0.2193355748529562,0.1411965561344363,2,0.5,valid
Uttar_Pradesh,Barabanki,2012,4,2012-10-21,2012-10-26,0.10498031828928854,0.28646107324249515,0.23005460820556203,0.15481057764947714,0,,insufficient_data
Uttar_Pradesh,Barabanki,2012,5,2012-10-26,2012-10-31,0.1200789906984902,0.291609736786895,0.2443480982426071,0.1679328168321838,1,0.0,valid
Uttar_Pradesh,Barabanki,2012,6,2012-10-31,2012-11-05,0.1251536698844813,0.2714079743551533,0.2487450664269854,0.17797727977215436,0,,insufficient_data
Uttar_Pradesh,Barabanki,2012,7,2012-11-05,2012-11-10,0.1381879911117287,0.257091227493684,0.2692297770665557,0.2010446493740112,2,1.5,valid
Uttar_Pradesh,Barabanki,2012,8,2012-11-10,2012-11-15,0.1497369109563795,0.2359693646462372,0.2620668155458225,0.2017350967479861,1,3.0,valid
Uttar_Pradesh,Barabanki,2012,9,2012-11-15,2012-11-20,0.14055311047700877,0.23748222752566195,0.2640834503337277,0.20781968672877166,0,,insufficient_data
Uttar_Pradesh,Barabanki,2012,10,2012-11-20,2012-11-25,0.1393180368783342,0.2348066023290249,0.272089921714413,0.2209159688291178,2,0.0,valid
Uttar_Pradesh,Barabanki,2012,11,2012-11-25,2012-11-30,0.1349695029615927,0.2220617156337017,0.2529472870081196,0.2075830319639715,1,1.0,valid
Uttar_Pradesh,Barabanki,2012,12,2012-11-30,2012-12-05,0.1399179691382077,0.2325371195419655,0.25318308498317604,0.20516473297857574,0,,insufficient_data
Uttar_Pradesh,Barabanki,2012,13,2012-12-05,2012-12-10,0.1363394291621615,0.2439519681007497,0.2625463105460298,0.2169492087037795,2,1.5,valid
Uttar_Pradesh,Barabanki,2012,14,2012-12-10,2012-12-15,0.1490449075507424,0.2293281921043857,0.2251488206641418,0.1752107224174342,1,25.0,valid
Uttar_Pradesh,Barabanki,2012,15,2012-12-15,2012-12-20,0.14269216835645193,0.2366400801025677,0.2438475656050858,0.19607996556060686,0,,insufficient_data
Uttar_Pradesh,Barabanki,2012,16,2012-12-20,2012-12-25,0.14269216835645193,0.2366400801025677,0.2438475656050858,0.19607996556060686,0,,insufficient_data
Uttar_Pradesh,Barabanki,2012,17,2012-12-25,2012-12-30,0.1490449075507424,0.2293281921043857,0.2251488206641418,0.1752107224174342,0,,insufficient_data
Uttar_Pradesh,Barabanki,2012,18,2012-12-30,2013-01-04,0.1463034488898879,0.2424548078202353,0.1719140397443412,0.1098755202537727,0,,insufficient_data
Uttar_Pradesh,Barabanki,2012,19,2013-01-04,2013-01-09,0.1463034488898879,0.2424548078202353,0.1719140397443412,0.1098755202537727,0,,insufficient_data
Uttar_Pradesh,Barabanki,2012,20,2013-01-09,2013-01-14,0.1463034488898879,0.2424548078202353,0.1719140397443412,0.1098755202537727,0,,insufficient_data
Uttar_Pradesh,Barabanki,2012,21,2013-01-14,2013-01-19,0.1463034488898879,0.2424548078202353,0.1719140397443412,0.1098755202537727,1,25.0,valid
Uttar_Pradesh,Barabanki,2012,22,2013-01-19,2013-01-24,0.1463034488898879,0.2424548078202353,0.1719140397443412,0.1098755202537727,0,,insufficient_data
Uttar_Pradesh,Barabanki,2012,23,2013-01-24,2013-01-29,0.10150069605652824,0.2841391530979869,0.16109205239142943,0.09327181945500584,0,,insufficient_data
Uttar_Pradesh,Barabanki,2012,24,2013-01-29,2013-02-03,0.10150069605652824,0.2841391530979869,0.16109205239142943,0.09327181945500584,0,,insufficient_data
Uttar_Pradesh,Barabanki,2012,25,2013-02-03,2013-02-08,0.0566979432231686,0.3258234983757385,0.1502700650385177,0.076668118656239,0,,insufficient_data
Uttar_Pradesh,Barabanki,2012,26,2013-02-08,2013-02-13,0.0566979432231686,0.3258234983757385,0.1502700650385177,0.076668118656239,2,0.5,valid
Uttar_Pradesh,Barabanki,2012,27,2013-02-13,2013-02-18,0.058977647684368806,0.31833689050838027,0.15884762526913498,0.08636460961115545,0,,insufficient_data
Uttar_Pradesh,Barabanki,2012,28,2013-02-18,2013-02-23,0.058977647684368806,0.31833689050838027,0.15884762526913498,0.08636460961115545,0,,insufficient_data
Uttar_Pradesh,Barabanki,2012,29,2013-02-23,2013-02-28,0.0535776369012186,0.3272713197512422,0.1568952251249032,0.0803560139312656,2,0.0,valid
Uttar_Pradesh,Barabanki,2012,30,2013-02-28,2013-03-05,0.0666573629287192,0.3019158533981602,0.1693775856439841,0.1020696962459618,1,2.0,valid
Uttar_Pradesh,Barabanki,2012,31,2013-03-05,2013-03-10,0.0702784183336884,0.3028384893276708,0.17521831378781175,0.10578448708517517,0,,insufficient_data
Uttar_Pradesh,Barabanki,2012,32,2013-03-10,2013-03-15,0.0906002551711274,0.2793282948336101,0.1993821305945479,0.1349277510782981,2,0.5,valid
Uttar_Pradesh,Barabanki,2012,33,2013-03-15,2013-03-20,0.0786288090499233,0.29062207411588514,0.184379858119266,0.11849872366212995,0,,insufficient_data
Uttar_Pradesh,Barabanki,2012,34,2013-03-20,2013-03-25,0.10908562076488121,0.24941231670647374,0.21917078220262431,0.15637415636564111,0,,insufficient_data
Uttar_Pradesh,Barabanki,2012,35,2013-03-25,2013-03-30,0.10908562076488121,0.24941231670647374,0.21917078220262431,0.15637415636564111,0,,insufficient_data
Uttar_Pradesh,Barabanki,2012,36,2013-03-30,2013-04-04,0.14205570249135355,0.2304853326515443,0.2474443010935628,0.1848924566377793,0,,insufficient_data
Uttar_Pradesh,Barabanki,2012,37,2013-04-04,2013-04-09,0.127570986358635,0.2194963385793374,0.2389594338107007,0.1778205616529841,1,0.0,valid
Uttar_Pradesh,Barabanki,2012,38,2013-04-09,2013-04-14,0.14205570249135355,0.2304853326515443,0.2474443010935628,0.1848924566377793,0,,insufficient_data
Uttar_Pradesh,Barabanki,2012,39,2013-04-14,2013-04-19,0.1565404186240721,0.2414743267237512,0.2559291683764249,0.1919643516225745,2,15.0,valid
Uttar_Pradesh,Barabanki,2012,40,2013-04-19,2013-04-24,0.14205570249135355,0.2304853326515443,0.2474443010935628,0.1848924566377793,0,,insufficient_data
Uttar_Pradesh,Barabanki,2012,41,2013-04-24,2013-04-29,0.1565404186240721,0.2414743267237512,0.2559291683764249,0.1919643516225745,0,,insufficient_data
Uttar_Pradesh,Barabanki,2012,42,2013-04-29,2013-05-04,0.1565404186240721,0.2414743267237512,0.2559291683764249,0.1919643516225745,0,,insufficient_data
Uttar_Pradesh,Barabanki,2013,0,2013-10-01,2013-10-06,,,,,0,,insufficient_data
Uttar_Pradesh,Barabanki,2013,1,2013-10-06,2013-10-11,0.0777060189326618,0.2968831066486544,0.2004257626248715,0.1224400574012042,0,,insufficient_data
Uttar_Pradesh,Barabanki,2013,2,2013-10-11,2013-10-16,0.11825033658638395,0.29201780323993,0.22510048218184425,0.1486587456732999,0,,insufficient_data
Uttar_Pradesh,Barabanki,2013,3,2013-10-16,2013-10-21,0.11510235493112131,0.28781838356246675,0.2290288679444451,0.15369846818412336,0,,insufficient_data
Uttar_Pradesh,Barabanki,2013,4,2013-10-21,2013-10-26,0.0777060189326618,0.2968831066486544,0.2004257626248715,0.1224400574012042,4,2.895,valid
Uttar_Pradesh,Barabanki,2013,5,2013-10-26,2013-10-31,0.1587946542401061,0.2871524998312056,0.249775201738817,0.1748774339453956,1,12.0,valid
Uttar_Pradesh,Barabanki,2013,6,2013-10-31,2013-11-05,0.108806391620596,0.2794195442075403,0.2368856394696468,0.1637779132057703,2,1.0,valid
Uttar_Pradesh,Barabanki,2013,7,2013-11-05,2013-11-10,0.1211986875144723,0.2507077517012151,0.2445266140749384,0.1797600871110439,2,4.245,valid
Uttar_Pradesh,Barabanki,2013,8,2013-11-10,2013-11-15,0.1309970474619418,0.2563258026476448,0.24904770537028575,0.18505438055165224,0,,insufficient_data
Uttar_Pradesh,Barabanki,2013,9,2013-11-15,2013-11-20,0.1299325979591348,0.2403201709566086,0.267358123892663,0.2091279677562414,3,4.946666666666666,valid
Uttar_Pradesh,Barabanki,2013,10,2013-11-20,2013-11-25,0.1362529059753997,0.2240290465416548,0.2466929476753635,0.1977285007398099,3,0.7200000000000001,valid
Uttar_Pradesh,Barabanki,2013,11,2013-11-25,2013-11-30,0.127922236998618,0.22643625273625978,0.24277631497977295,0.1942201329203357,0,,insufficient_data
Uttar_Pradesh,Barabanki,2013,12,2013-11-30,2013-12-05,0.1236055084833143,0.2227549381012738,0.2430632168813731,0.1990659765242785,3,0.1666666666666666,valid
Uttar_Pradesh,Barabanki,2013,13,2013-12-05,2013-12-10,0.1168568281206632,0.2170248006628338,0.2182165308875235,0.1752849137370246,2,0.1149999999999999,valid
Uttar_Pradesh,Barabanki,2013,14,2013-12-10,2013-12-15,0.1329633444545778,0.2280523074189279,0.2385507555619415,0.1898933058443241,2,0.0,valid
Uttar_Pradesh,Barabanki,2013,15,2013-12-15,2013-12-20,0.1202652053625424,0.2506699179011458,0.2241354537873851,0.170397018019109,2,14.75,valid
Uttar_Pradesh,Barabanki,2013,16,2013-12-20,2013-12-25,0.10832671660143305,0.23959687596882215,0.21161078912463,0.16109213023474994,0,,insufficient_data
Uttar_Pradesh,Barabanki,2013,17,2013-12-25,2013-12-30,0.0935509127416216,0.240125189562322,0.1939734659129297,0.1428736245613599,3,16.756666666666664,valid
Uttar_Pradesh,Barabanki,2013,18,2013-12-30,2014-01-04,0.0779972923277602,0.2621121642988813,0.1831777394733702,0.1270117890119322,1,0.77,valid
Uttar_Pradesh,Barabanki,2013,19,2014-01-04,2014-01-09,0.07519381097080703,0.2642230431784131,0.17689027106874636,0.1179701197754857,0,,insufficient_data
Uttar_Pradesh,Barabanki,2013,20,2014-01-09,2014-01-14,0.07519381097080703,0.2642230431784131,0.17689027106874636,0.1179701197754857,0,,insufficient_data
Uttar_Pradesh,Barabanki,2013,21,2014-01-14,2014-01-19,0.06601526008539975,0.2762719699864587,0.1683486736466547,0.1055183673825486,0,,insufficient_data
Uttar_Pradesh,Barabanki,2013,22,2014-01-19,2014-01-24,0.0540332278430393,0.2904317756740361,0.1535196078199392,0.084024945753165,1,0.09,valid
Uttar_Pradesh,Barabanki,2013,23,2014-01-24,2014-01-29,0.057344876903270336,0.3088185702596345,0.16423470974458018,0.09538812505009803,0,,insufficient_data
Uttar_Pradesh,Barabanki,2013,24,2014-01-29,2014-02-03,0.057344876903270336,0.3088185702596345,0.16423470974458018,0.09538812505009803,0,,insufficient_data
Uttar_Pradesh,Barabanki,2013,25,2014-02-03,2014-02-08,0.0555546531361825,0.3061250860809089,0.1625640907157912,0.0955411551222981,1,9.38,valid
Uttar_Pradesh,Barabanki,2013,26,2014-02-08,2014-02-13,0.0624467497305892,0.3298988490239585,0.1766204306980102,0.106598274274831,4,8.2125,valid
Uttar_Pradesh,Barabanki,2013,27,2014-02-13,2014-02-18,0.06180157077046838,0.31348623619019156,0.1676261260274186,0.09984259228918174,0,,insufficient_data
Uttar_Pradesh,Barabanki,2013,28,2014-02-18,2014-02-23,0.0713426973785377,0.334014597794707,0.1760234534893195,0.1043964825710006,3,8.873333333333333,valid
Uttar_Pradesh,Barabanki,2013,29,2014-02-23,2014-02-28,0.0578621828365641,0.2839064118611918,0.1552965292065535,0.0928344571885973,1,9.8,valid
Uttar_Pradesh,Barabanki,2013,30,2014-02-28,2014-03-05,0.06952713711233592,0.29802944081958027,0.17571067754381017,0.11171198348606015,0,,insufficient_data
Uttar_Pradesh,Barabanki,2013,31,2014-03-05,2014-03-10,0.0686070406938078,0.2987403797830565,0.1819685249645462,0.1186351973901059,3,0.01,valid
Uttar_Pradesh,Barabanki,2013,32,2014-03-10,2014-03-15,0.07737098181320523,0.2742102000216624,0.18143126869370174,0.12012408460681173,0,,insufficient_data
Uttar_Pradesh,Barabanki,2013,33,2014-03-15,2014-03-20,0.0802966275404341,0.2754563738393659,0.1895542025148215,0.1309817967945368,4,0.015,valid
Uttar_Pradesh,Barabanki,2013,34,2014-03-20,2014-03-25,0.1027180761820149,0.2387376346030354,0.1989058180888858,0.1380448870540069,1,23.0,valid
Uttar_Pradesh,Barabanki,2013,35,2014-03-25,2014-03-30,0.11693190559264836,0.2507214646137579,0.23038351708367522,0.16780718053499305,0,,insufficient_data
Uttar_Pradesh,Barabanki,2013,36,2014-03-30,2014-04-04,0.1192067259623788,0.2395270947660396,0.2321958052150895,0.1712508468675906,4,6.385000000000001,valid
Uttar_Pradesh,Barabanki,2013,37,2014-04-04,2014-04-09,0.1372210594664832,0.2319821087591967,0.2502603897810183,0.1826075947213437,1,0.0,valid
Uttar_Pradesh,Barabanki,2013,38,2014-04-09,2014-04-14,0.1452170388119308,0.2679041111011518,0.281001369818561,0.2161507772374873,2,0.0,valid
Uttar_Pradesh,Barabanki,2013,39,2014-04-14,2014-04-19,0.1596877181936232,0.2648026699498409,0.2824009156616887,0.213943887789158,2,27.305,valid
Uttar_Pradesh,Barabanki,2013,40,2014-04-19,2014-04-24,0.15052284401995428,0.26040404484099355,0.27955720472659507,0.21368038996043168,0,,insufficient_data
Uttar_Pradesh,Barabanki,2013,41,2014-04-24,2014-04-29,0.1599655596077799,0.2769272895537847,0.3045661436451125,0.2420193000937377,3,0.0033333333333333,valid
Uttar_Pradesh,Barabanki,2013,42,2014-04-29,2014-05-04,0.15982663890070153,0.2708649797518128,0.2934835296534006,0.22798159394144785,0,,insufficient_data
Uttar_Pradesh,Barabanki,2014,0,2014-10-01,2014-10-06,0.0586684297507524,0.3563252542522187,0.1815281680802365,0.0959088582927219,2,6.790000000000001,valid
Uttar_Pradesh,Barabanki,2014,1,2014-10-06,2014-10-11,0.0711146862690643,0.3177777049010289,0.1946366519453336,0.1142764512112662,4,5.6975,valid
Uttar_Pradesh,Barabanki,2014,2,2014-10-11,2014-10-16,0.08200210816434884,0.3087129625320154,0.20617702052392844,0.12381837033566659,0,,insufficient_data
Uttar_Pradesh,Barabanki,2014,3,2014-10-16,2014-10-21,0.0804365441106112,0.3116920643919226,0.1998058580271762,0.1178044272172909,3,4.316666666666667,valid
Uttar_Pradesh,Barabanki,2014,4,2014-10-21,2014-10-26,0.0901286411097049,0.2770647874542685,0.2164701477009103,0.1388055171361609,2,11.09,valid
Uttar_Pradesh,Barabanki,2014,5,2014-10-26,2014-10-31,0.1096622395816114,0.2807050016606383,0.2384442768659855,0.152296597820893,2,1.5,valid
Uttar_Pradesh,Barabanki,2014,6,2014-10-31,2014-11-05,0.1257567300230428,0.2661035489933078,0.258445127621947,0.1924617723696961,3,0.6366666666666667,valid
Uttar_Pradesh,Barabanki,2014,7,2014-11-05,2014-11-10,0.11848933637691128,0.2587824595039164,0.24744434393806602,0.18150743062303476,0,,insufficient_data
Uttar_Pradesh,Barabanki,2014,8,2014-11-10,2014-11-15,0.1334525026492576,0.2439122059954903,0.2654558729340129,0.2093109643489397,4,8.4075,valid
Uttar_Pradesh,Barabanki,2014,9,2014-11-15,2014-11-20,0.1334465685209397,0.226126753415877,0.2584062945674746,0.2146623014394841,3,1.2466666666666666,valid
Uttar_Pradesh,Barabanki,2014,10,2014-11-20,2014-11-25,0.13452706264060466,0.23096604290078662,0.2543214027122623,0.20683718569392825,0,,insufficient_data
Uttar_Pradesh,Barabanki,2014,11,2014-11-25,2014-11-30,0.1366821167516167,0.2228591692909926,0.2391020406352993,0.196538291293361,4,1.62,valid
Uttar_Pradesh,Barabanki,2014,12,2014-11-30,2014-12-05,0.12207900506975781,0.22269471812808914,0.23216796276338655,0.1887174346098107,0,,insufficient_data
Uttar_Pradesh,Barabanki,2014,13,2014-12-05,2014-12-10,0.11639522334416685,0.2209787004841952,0.2190487968613425,0.17574500119497394,0,,insufficient_data
Uttar_Pradesh,Barabanki,2014,14,2014-12-10,2014-12-15,0.096108329936717,0.2190982316773978,0.1989955530873857,0.1549517110965869,2,0.19,valid
Uttar_Pradesh,Barabanki,2014,15,2014-12-15,2014-12-20,0.096108329936717,0.2190982316773978,0.1989955530873857,0.1549517110965869,0,,insufficient_data
Uttar_Pradesh,Barabanki,2014,16,2014-12-20,2014-12-25,0.0743612967265143,0.24803376850842385,0.17220393531928047,0.119642867132147,0,,insufficient_data
Uttar_Pradesh,Barabanki,2014,17,2014-12-25,2014-12-30,0.0743612967265143,0.24803376850842385,0.17220393531928047,0.119642867132147,0,,insufficient_data
Uttar_Pradesh,Barabanki,2014,18,2014-12-30,2015-01-04,0.0526142635163116,0.2769693053394499,0.1454123175511752,0.0843340231677071,0,,insufficient_data
Uttar_Pradesh,Barabanki,2014,19,2015-01-04,2015-01-09,0.0526142635163116,0.2769693053394499,0.1454123175511752,0.0843340231677071,1,4.44,valid
Uttar_Pradesh,Barabanki,2014,20,2015-01-09,2015-01-14,0.06042683735617765,0.31235675728294365,0.15690714176637094,0.0960434043306683,0,,insufficient_data
Uttar_Pradesh,Barabanki,2014,21,2015-01-14,2015-01-19,0.056720436884513364,0.3249533574992001,0.15793671821863794,0.09189087871865757,0,,insufficient_data
Uttar_Pradesh,Barabanki,2014,22,2015-01-19,2015-01-24,0.0682394111960437,0.3477442092264374,0.1684019659815667,0.1077527854936295,1,24.55,valid
Uttar_Pradesh,Barabanki,2014,23,2015-01-24,2015-01-29,0.05877352356861425,0.3489453835790753,0.1641989185523693,0.0956693064941328,0,,insufficient_data
Uttar_Pradesh,Barabanki,2014,24,2015-01-29,2015-02-03,0.0493076359411848,0.3501465579317132,0.1599958711231719,0.0835858274946361,1,3.0,valid
Uttar_Pradesh,Barabanki,2014,25,2015-02-03,2015-02-08,0.06237835871111548,0.3394287257642892,0.16345985426111967,0.09429874938503797,0,,insufficient_data
Uttar_Pradesh,Barabanki,2014,26,2015-02-08,2015-02-13,0.05955666634531613,0.3306275690694114,0.1605612850154754,0.09049986268542708,0,,insufficient_data
Uttar_Pradesh,Barabanki,2014,27,2015-02-13,2015-02-18,0.0613208359727558,0.3396952023453705,0.1618570573122759,0.0922505870007359,4,2.6375,valid
Uttar_Pradesh,Barabanki,2014,28,2015-02-18,2015-02-23,0.0706455517344776,0.3201289335536357,0.1635845226274642,0.0936057975511504,1,0.0,valid
Uttar_Pradesh,Barabanki,2014,29,2015-02-23,2015-02-28,0.0569526417328463,0.3125395824469261,0.1568076889989896,0.0925572386951859,2,9.625,valid
Uttar_Pradesh,Barabanki,2014,30,2015-02-28,2015-03-05,0.06932338198594654,0.29809770594822615,0.17072115432729573,0.10590368929596479,0,,insufficient_data
Uttar_Pradesh,Barabanki,2014,31,2015-03-05,2015-03-10,0.0713240184892442,0.28769833184894,0.17293717858105073,0.109316964869772,0,,insufficient_data
Uttar_Pradesh,Barabanki,2014,32,2015-03-10,2015-03-15,0.0743127663788076,0.2723636060872635,0.1854085829419682,0.1256549151427388,3,0.14,valid
Uttar_Pradesh,Barabanki,2014,33,2015-03-15,2015-03-20,0.0833851141108453,0.2457612053079347,0.1859479197557809,0.1254499080900129,4,0.5225,valid
Uttar_Pradesh,Barabanki,2014,34,2015-03-20,2015-03-25,0.09893647397516955,0.24233975412507716,0.208451429941793,0.1472348698900896,0,,insufficient_data
Uttar_Pradesh,Barabanki,2014,35,2015-03-25,2015-03-30,0.1058111947973518,0.2051140887693646,0.2120643743042529,0.1526388281596795,1,0.0,valid
Uttar_Pradesh,Barabanki,2014,36,2015-03-30,2015-04-04,0.1322368206136735,0.2461201163357459,0.25038484276517,0.1851958281679272,1,0.25,valid
Uttar_Pradesh,Barabanki,2014,37,2015-04-04,2015-04-09,0.1264333601739381,0.23184190084721068,0.24656489128232226,0.18540323598605632,0,,insufficient_data
Uttar_Pradesh,Barabanki,2014,38,2015-04-09,2015-04-14,0.13426800512649328,0.23745020329911515,0.2599695652907627,0.19714314188514942,0,,insufficient_data
Uttar_Pradesh,Barabanki,2014,39,2015-04-14,2015-04-19,0.14375360856954045,0.24822890814236534,0.275937962286266,0.21197791312697278,0,,insufficient_data
Uttar_Pradesh,Barabanki,2014,40,2015-04-19,2015-04-24,0.141252065110789,0.2442914974365216,0.2772454567775439,0.2183750516305623,4,2.5175,valid
Uttar_Pradesh,Barabanki,2014,41,2015-04-24,2015-04-29,0.1577719399841588,0.2542751106548285,0.3001835873160841,0.2323628595824288,1,1.0,valid
Uttar_Pradesh,Barabanki,2014,42,2015-04-29,2015-05-04,0.1495120025474739,0.24928330404567506,0.288714522046814,0.22536895560649556,0,,insufficient_data
Uttar_Pradesh,Barabanki,2015,0,2015-10-01,2015-10-06,0.0734065290786424,0.317488458335036,0.1958400695509347,0.115972504435156,3,0.2933333333333333,valid
Uttar_Pradesh,Barabanki,2015,1,2015-10-06,2015-10-11,0.097932407254496,0.28994817171248877,0.2145382520178662,0.13534455834360218,0,,insufficient_data
Uttar_Pradesh,Barabanki,2015,2,2015-10-11,2015-10-16,0.0942753015612992,0.303643623422367,0.2112646410182419,0.1294527152063846,4,6.7425,valid
Uttar_Pradesh,Barabanki,2015,3,2015-10-16,2015-10-21,0.1275217578392114,0.2575282208259324,0.2206122611927257,0.1434258694714744,1,6.0,valid
Uttar_Pradesh,Barabanki,2015,4,2015-10-21,2015-10-26,0.0965260405388311,0.2811323842666197,0.2304360363095625,0.1525271442613937,2,0.96,valid
Uttar_Pradesh,Barabanki,2015,5,2015-10-26,2015-10-31,0.11962851987571085,0.26791521004595353,0.2412258654091753,0.16863740498937058,0,,insufficient_data
Uttar_Pradesh,Barabanki,2015,6,2015-10-31,2015-11-05,0.12596682445431379,0.2589831067018502,0.2487161715069086,0.1784335774351171,0,,insufficient_data
Uttar_Pradesh,Barabanki,2015,7,2015-11-05,2015-11-10,0.1290444732136036,0.2542431499957741,0.2786667757535333,0.2123119788009397,2,8.225000000000001,valid
Uttar_Pradesh,Barabanki,2015,8,2015-11-10,2015-11-15,0.150775026225609,0.2430286717190745,0.265149612771813,0.2054693172066606,3,1.1866666666666668,valid
Uttar_Pradesh,Barabanki,2015,9,2015-11-15,2015-11-20,0.1307943339047075,0.23444541788203418,0.2556602500867376,0.19762901077193912,0,,insufficient_data
Uttar_Pradesh,Barabanki,2015,10,2015-11-20,2015-11-25,0.1357537280011034,0.2222127367706983,0.2520504771317794,0.2014741460274628,3,13.170000000000002,valid
Uttar_Pradesh,Barabanki,2015,11,2015-11-25,2015-11-30,0.107604108178514,0.2182971130425898,0.2267741346898247,0.1712606010526934,2,18.125,valid
Uttar_Pradesh,Barabanki,2015,12,2015-11-30,2015-12-05,0.13707860805344113,0.23034933989886186,0.22751004827452947,0.17349729293409377,0,,insufficient_data
Uttar_Pradesh,Barabanki,2015,13,2015-12-05,2015-12-10,0.1929667676820086,0.2440899546676183,0.2159111579305471,0.1562748111960515,1,29.0,valid
Uttar_Pradesh,Barabanki,2015,14,2015-12-10,2015-12-15,0.1295698010573178,0.2355258397760195,0.21519915447101937,0.16045257142840472,0,,insufficient_data
Uttar_Pradesh,Barabanki,2015,15,2015-12-15,2015-12-20,0.1119898283521385,0.2367975551145411,0.2153044233459666,0.1649796134601674,4,9.6575,valid
Uttar_Pradesh,Barabanki,2015,16,2015-12-20,2015-12-25,0.1057185000166101,0.2429187362793289,0.2028069019177391,0.1492952600047066,3,0.1333333333333333,valid
Uttar_Pradesh,Barabanki,2015,17,2015-12-25,2015-12-30,0.11747180950515741,0.25353864886526994,0.20381229038832452,0.1470745298577692,0,,insufficient_data
Uttar_Pradesh,Barabanki,2015,18,2015-12-30,2016-01-04,0.1408510843245235,0.23762898735609,0.2348185816709389,0.185208636394697,1,29.99,valid
Uttar_Pradesh,Barabanki,2015,19,2016-01-04,2016-01-09,0.1583388544703241,0.2665708047764767,0.1882931425749099,0.1202414745323241,1,0.0,valid
Uttar_Pradesh,Barabanki,2015,20,2016-01-09,2016-01-14,0.0704607803621908,0.2837771607999131,0.177838402432068,0.1156476648969508,2,2.35,valid
Uttar_Pradesh,Barabanki,2015,21,2016-01-14,2016-01-19,0.10290453687153822,0.2845774133390355,0.1871295016217552,0.12411699642227007,0,,insufficient_data
Uttar_Pradesh,Barabanki,2015,22,2016-01-19,2016-01-24,0.0934179000082919,0.2963145198347719,0.17520723160945934,0.10884408642916336,0,,insufficient_data
Uttar_Pradesh,Barabanki,2015,23,2016-01-24,2016-01-29,0.0719397074773623,0.310982045808683,0.16289369602807,0.0964164434238893,3,16.503333333333334,valid
Uttar_Pradesh,Barabanki,2015,24,2016-01-29,2016-02-03,0.0729322577232904,0.3239280679540148,0.1718036854027894,0.1030707628634892,3,8.746666666666666,valid
Uttar_Pradesh,Barabanki,2015,25,2016-02-03,2016-02-08,0.0729352623749097,0.32114814553336546,0.17106025577719872,0.10340960706987698,0,,insufficient_data
Uttar_Pradesh,Barabanki,2015,26,2016-02-08,2016-02-13,0.0798301029373742,0.3347108150860916,0.1717351287866315,0.1028117790622992,3,8.18,valid
Uttar_Pradesh,Barabanki,2015,27,2016-02-13,2016-02-18,0.0666160886824254,0.3098310631099344,0.1649066468165348,0.103733338612843,2,6.68,valid
Uttar_Pradesh,Barabanki,2015,28,2016-02-18,2016-02-23,0.0733581550540962,0.3262887357081037,0.1839621218519679,0.1110157113868642,2,2.5,valid
Uttar_Pradesh,Barabanki,2015,29,2016-02-23,2016-02-28,0.0816567425088836,0.3061701446508602,0.1854256690576178,0.1200874052285506,1,3.0,valid
Uttar_Pradesh,Barabanki,2015,30,2016-02-28,2016-03-04,0.07739079635287308,0.30241342769452223,0.1802378138658355,0.11601288870033832,0,,insufficient_data
Uttar_Pradesh,Barabanki,2015,31,2016-03-04,2016-03-09,0.0879321991660871,0.2673637673091907,0.1866568177372215,0.1292150995730955,4,11.4525,valid
Uttar_Pradesh,Barabanki,2015,32,2016-03-09,2016-03-14,0.09805393424674115,0.24891100049141437,0.20009332239516522,0.13991895240585817,0,,insufficient_data
Uttar_Pradesh,Barabanki,2015,33,2016-03-14,2016-03-19,0.10765289769286125,0.22990127106070776,0.21235024023056703,0.15392413766796886,0,,insufficient_data
Uttar_Pradesh,Barabanki,2015,34,2016-03-19,2016-03-24,0.1055019412326171,0.2208639759291324,0.2068355175748979,0.151646926984454,4,0.1075,valid
Uttar_Pradesh,Barabanki,2015,35,2016-03-24,2016-03-29,0.1171248540793768,0.2012461140764742,0.2214552852109237,0.1587263778373325,1,0.0,valid
Uttar_Pradesh,Barabanki,2015,36,2016-03-29,2016-04-03,0.120052596293364,0.2301312269280338,0.234453340399225,0.1761081462769934,2,13.08,valid
Uttar_Pradesh,Barabanki,2015,37,2016-04-03,2016-04-08,0.1280190823544163,0.2332194846644419,0.2549492795796842,0.1913627408743776,2,1.835,valid
Uttar_Pradesh,Barabanki,2015,38,2016-04-08,2016-04-13,0.13887833987633014,0.24391612496648957,0.26727402331600963,0.20537983339897767,0,,insufficient_data
Uttar_Pradesh,Barabanki,2015,39,2016-04-13,2016-04-18,0.1612883125110586,0.2709684224982907,0.3101289505112198,0.2473697903095643,3,0.04,valid
Uttar_Pradesh,Barabanki,2015,40,2016-04-18,2016-04-23,0.167906854143435,0.2840153766652073,0.3153832608789953,0.2533321116966205,4,3.1575,valid
Uttar_Pradesh,Barabanki,2015,41,2016-04-23,2016-04-28,0.16577787566528532,0.2778754463636947,0.3131312702677729,0.2509225458511837,0,,insufficient_data
Uttar_Pradesh,Barabanki,2015,42,2016-04-28,2016-05-03,0.1681384603413623,0.278642539927586,0.3138815994131035,0.2520657355473662,1,1.0,valid
Uttar_Pradesh,Barabanki,2016,0,2016-10-01,2016-10-06,0.07877593167128225,0.3221258822790095,0.20261331240407598,0.1187288506443501,0,,insufficient_data
Uttar_Pradesh,Barabanki,2016,1,2016-10-06,2016-10-11,0.0619025735563587,0.3412217555263979,0.1877294864465059,0.097694487171689,2,10.235,valid
Uttar_Pradesh,Barabanki,2016,2,2016-10-11,2016-10-16,0.0956492897862058,0.3030300090316212,0.2174971383616461,0.1397632141170112,4,2.3725,valid
Uttar_Pradesh,Barabanki,2016,3,2016-10-16,2016-10-21,0.10976988798115173,0.28401200011517097,0.2377363869332922,0.1651450214598665,0,,insufficient_data
Uttar_Pradesh,Barabanki,2016,4,2016-10-21,2016-10-26,0.1227569852422557,0.2775598715913748,0.2537360597401968,0.1814692029836526,3,0.7133333333333333,valid
Uttar_Pradesh,Barabanki,2016,5,2016-10-26,2016-10-31,0.1271187842009235,0.2452587526536599,0.2509771677781509,0.192246025678647,2,0.45,valid
Uttar_Pradesh,Barabanki,2016,6,2016-10-31,2016-11-05,0.1414218071200149,0.2529896117728011,0.2787420823399614,0.2145521773483327,2,0.0,valid
Uttar_Pradesh,Barabanki,2016,7,2016-11-05,2016-11-10,0.1492154074435122,0.2454781495087744,0.2641219375488472,0.215743758915529,1,0.11,valid
Uttar_Pradesh,Barabanki,2016,8,2016-11-10,2016-11-15,0.13519800687135355,0.23835255475658818,0.25806084926360373,0.2043906208541594,0,,insufficient_data
Uttar_Pradesh,Barabanki,2016,9,2016-11-15,2016-11-20,0.1357400169651464,0.2275085715796974,0.2571713102178751,0.2069775714858933,4,8.2475,valid
Uttar_Pradesh,Barabanki,2016,10,2016-11-20,2016-11-25,0.1224940186271707,0.2205276882680081,0.239291748433184,0.1924335708423949,3,5.71,valid
Uttar_Pradesh,Barabanki,2016,11,2016-11-25,2016-11-30,0.13498043290552672,0.22628856997875815,0.2376548199880041,0.18822928194837749,0,,insufficient_data
Uttar_Pradesh,Barabanki,2016,12,2016-11-30,2016-12-05,0.146707263124263,0.230829450088569,0.2165014013129532,0.1652767035168442,2,10.27,valid
Uttar_Pradesh,Barabanki,2016,13,2016-12-05,2016-12-10,0.12205523184041454,0.2304779469947731,0.221321184762216,0.16894185131050674,0,,insufficient_data
Uttar_Pradesh,Barabanki,2016,14,2016-12-10,2016-12-15,0.1278484195536534,0.2419880822106764,0.20600560220528094,0.14779601782464044,0,,insufficient_data
Uttar_Pradesh,Barabanki,2016,15,2016-12-15,2016-12-20,0.0969644137698099,0.2400767026277421,0.2081704045405109,0.1491152795722811,3,3.546666666666667,valid
Uttar_Pradesh,Barabanki,2016,16,2016-12-20,2016-12-25,0.1184189977683486,0.2475673982717301,0.2007577026514448,0.13905567497853855,0,,insufficient_data
Uttar_Pradesh,Barabanki,2016,17,2016-12-25,2016-12-30,0.1398735817668873,0.2550580939157181,0.1933450007623787,0.128996070384796,2,7.31,valid
Uttar_Pradesh,Barabanki,2016,18,2016-12-30,2017-01-04,0.10046984179430012,0.259059734177081,0.19155274363320615,0.12850600022953415,0,,insufficient_data
Uttar_Pradesh,Barabanki,2016,19,2017-01-04,2017-01-09,0.10944323294786618,0.28124392563400213,0.1808595946919687,0.11389302749100357,0,,insufficient_data
Uttar_Pradesh,Barabanki,2016,20,2017-01-09,2017-01-14,0.0645715298462031,0.2820444059877828,0.1731428255967289,0.1074066507315254,3,0.03,valid
Uttar_Pradesh,Barabanki,2016,21,2017-01-14,2017-01-19,0.10440757517636594,0.30998963842557864,0.17169270415536553,0.10417360638871527,0,,insufficient_data
Uttar_Pradesh,Barabanki,2016,22,2017-01-19,2017-01-24,0.1238845872305081,0.3066292769985055,0.1760909577167985,0.1052763613566893,1,7.0,valid
Uttar_Pradesh,Barabanki,2016,23,2017-01-24,2017-01-29,0.1247666084523866,0.3412952322904476,0.1658443291525692,0.0998378070779311,2,11.115,valid
Uttar_Pradesh,Barabanki,2016,24,2017-01-29,2017-02-03,0.09155528823716066,0.3238729923853748,0.16477607536006636,0.0978409984087803,0,,insufficient_data
Uttar_Pradesh,Barabanki,2016,25,2017-02-03,2017-02-08,0.0529324701733566,0.3173144455139067,0.1483690251469322,0.0856272582616732,2,10.955,valid
Uttar_Pradesh,Barabanki,2016,26,2017-02-08,2017-02-13,0.0646374870923914,0.3302530147386394,0.1687999894239656,0.1006225669388276,3,3.0500000000000003,valid
Uttar_Pradesh,Barabanki,2016,27,2017-02-13,2017-02-18,0.06956804997537479,0.30963796634359425,0.1735522067081631,0.11082121392947804,0,,insufficient_data
Uttar_Pradesh,Barabanki,2016,28,2017-02-18,2017-02-23,0.0712966149917264,0.2917835388070195,0.1685054729269845,0.1068364713750576,4,0.4449999999999999,valid
Uttar_Pradesh,Barabanki,2016,29,2017-02-23,2017-02-28,0.0791570897405713,0.2977196795544873,0.1887891826345975,0.1277577320226196,1,0.0,valid
Uttar_Pradesh,Barabanki,2016,30,2017-02-28,2017-03-05,0.0798165878788283,0.3111191531039182,0.1932973634083356,0.1332620410492121,2,0.08,valid
Uttar_Pradesh,Barabanki,2016,31,2017-03-05,2017-03-10,0.0957960697933878,0.2887870824431118,0.1991971829939552,0.1432119538414219,4,13.2725,valid
Uttar_Pradesh,Barabanki,2016,32,2017-03-10,2017-03-15,0.0932520151344947,0.2772941042150404,0.19770550143159382,0.14060809429788648,0,,insufficient_data
Uttar_Pradesh,Barabanki,2016,33,2017-03-15,2017-03-20,0.1035757060140037,0.2648650932547975,0.2072015831638399,0.1536262985823197,2,0.08,valid
Uttar_Pradesh,Barabanki,2016,34,2017-03-20,2017-03-25,0.1079146222456824,0.223979512718887,0.2000421949572408,0.1451824459938591,4,0.8225,valid
Uttar_Pradesh,Barabanki,2016,35,2017-03-25,2017-03-30,0.12541744168509444,0.24328934142474337,0.23479150027338877,0.1748632972333404,0,,insufficient_data
Uttar_Pradesh,Barabanki,2016,36,2017-03-30,2017-04-04,0.1220885606047166,0.2252079272346684,0.2332053739242975,0.1726778557268013,3,3.2266666666666666,valid
Uttar_Pradesh,Barabanki,2016,37,2017-04-04,2017-04-09,0.1454322227605588,0.2517964552610312,0.2557163647034032,0.1913616502067807,2,0.03,valid
Uttar_Pradesh,Barabanki,2016,38,2017-04-09,2017-04-14,0.1480760968005108,0.2505977186543328,0.2777919846181625,0.2114682356569412,2,0.0,valid
Uttar_Pradesh,Barabanki,2016,39,2017-04-14,2017-04-19,0.1425160845992326,0.2501067445564437,0.2802898824968687,0.2135806081899914,3,0.22,valid
Uttar_Pradesh,Barabanki,2016,40,2017-04-19,2017-04-24,0.14879563081438538,0.2586998264826983,0.2775906389811705,0.21170298906785656,0,,insufficient_data
Uttar_Pradesh,Barabanki,2016,41,2017-04-24,2017-04-29,0.1591581190972393,0.2822983874589855,0.2965643241062475,0.230401462217713,4,0.015,valid
Uttar_Pradesh,Barabanki,2016,42,2017-04-29,2017-05-04,0.15083710184823595,0.26620256600771464,0.2884271033015581,0.2219910352038522,0,,insufficient_data
Uttar_Pradesh,Barabanki,2017,0,2017-10-01,2017-10-06,0.0624237890342944,0.3389940016966205,0.1786914145819391,0.0949321386725282,3,12.99,valid
Uttar_Pradesh,Barabanki,2017,1,2017-10-06,2017-10-11,0.0811001819049306,0.3113233748925764,0.2134492226144589,0.128035339104989,3,8.856666666666667,valid
Uttar_Pradesh,Barabanki,2017,2,2017-10-11,2017-10-16,0.10099780024589078,0.28632501092695517,0.22975960499821677,0.15540853794141252,0,,insufficient_data
Uttar_Pradesh,Barabanki,2017,3,2017-10-16,2017-10-21,0.1050543680176007,0.268432263451428,0.2315340369971435,0.1582698441250191,4,0.0225,valid
Uttar_Pradesh,Barabanki,2017,4,2017-10-21,2017-10-26,0.1322997358378151,0.2599643772889528,0.2664371154144181,0.199417840153914,1,2.0,valid
Uttar_Pradesh,Barabanki,2017,5,2017-10-26,2017-10-31,0.1241109264348131,0.2529110373051983,0.2586862353831243,0.1963875276506123,2,1.205,valid
Uttar_Pradesh,Barabanki,2017,6,2017-10-31,2017-11-05,0.1648371817634731,0.2450844417824176,0.2737443380676723,0.210626624476366,3,5.743333333333333,valid
Uttar_Pradesh,Barabanki,2017,7,2017-11-05,2017-11-10,0.13027898664099596,0.23708004298428992,0.2542592573937169,0.19617712465066153,0,,insufficient_data
Uttar_Pradesh,Barabanki,2017,8,2017-11-10,2017-11-15,0.1155726804014913,0.2167652233454924,0.2445749888632738,0.1958956992540889,2,1.21,valid
Uttar_Pradesh,Barabanki,2017,9,2017-11-15,2017-11-20,0.1145744087673873,0.2106751351993885,0.227853609240096,0.1785579317183264,3,12.843333333333334,valid
Uttar_Pradesh,Barabanki,2017,10,2017-11-20,2017-11-25,0.12184294229749623,0.227098561349399,0.2366154556973249,0.1871119869179318,0,,insufficient_data
Uttar_Pradesh,Barabanki,2017,11,2017-11-25,2017-11-30,0.1289575486427742,0.2263463112715235,0.2324331975195399,0.1889542311861362,3,0.2099999999999999,valid
Uttar_Pradesh,Barabanki,2017,12,2017-11-30,2017-12-05,0.11596259457464271,0.24019355945597592,0.22885825169978322,0.17588042937302786,0,,insufficient_data
Uttar_Pradesh,Barabanki,2017,13,2017-12-05,2017-12-10,0.1282671313783321,0.2546075755811917,0.2416000271663899,0.1850400855131758,1,20.0,valid
Uttar_Pradesh,Barabanki,2017,14,2017-12-10,2017-12-15,0.0920512895100773,0.2691452157717999,0.2135461728731071,0.1509694690744731,2,0.65,valid
Uttar_Pradesh,Barabanki,2017,15,2017-12-15,2017-12-20,0.1077804575372307,0.2644990431075511,0.2182726757495396,0.15444455770505103,0,,insufficient_data
Uttar_Pradesh,Barabanki,2017,16,2017-12-20,2017-12-25,0.1030229517232827,0.2697443379696618,0.1996718272091218,0.1273241185275042,1,1.0,valid
Uttar_Pradesh,Barabanki,2017,17,2017-12-25,2017-12-30,0.09753712061667999,0.2694447768707309,0.20660900004111443,0.13914679380098866,0,,insufficient_data
Uttar_Pradesh,Barabanki,2017,18,2017-12-30,2018-01-04,0.1030229517232827,0.2697443379696618,0.1996718272091218,0.1273241185275042,0,,insufficient_data
Uttar_Pradesh,Barabanki,2017,19,2018-01-04,2018-01-09,0.09803335543510991,0.2806511236841164,0.18208832143915685,0.1121934237989681,0,,insufficient_data
Uttar_Pradesh,Barabanki,2017,20,2018-01-09,2018-01-14,0.0930437591469371,0.291557909398571,0.1645048156691919,0.097062729070432,0,,insufficient_data
Uttar_Pradesh,Barabanki,2017,21,2018-01-14,2018-01-19,0.07435691428566821,0.2916510471546494,0.15716896556089416,0.0941780137350968,0,,insufficient_data
Uttar_Pradesh,Barabanki,2017,22,2018-01-19,2018-01-24,0.0930437591469371,0.291557909398571,0.1645048156691919,0.097062729070432,2,2.4450000000000003,valid
Uttar_Pradesh,Barabanki,2017,23,2018-01-24,2018-01-29,0.07153257496932657,0.2967046805669867,0.15647190656393214,0.09516081199309916,0,,insufficient_data
Uttar_Pradesh,Barabanki,2017,24,2018-01-29,2018-02-03,0.0556700694243993,0.2917441849107278,0.1498331154525964,0.0912932983997616,1,2.71,valid
Uttar_Pradesh,Barabanki,2017,25,2018-02-03,2018-02-08,0.0658838963366433,0.3068119473916612,0.1550777885700081,0.0971264085091039,1,25.99,valid
Uttar_Pradesh,Barabanki,2017,26,2018-02-08,2018-02-13,0.06980850020456011,0.3040599772664694,0.16363272537399623,0.1032363389867873,0,,insufficient_data
Uttar_Pradesh,Barabanki,2017,27,2018-02-13,2018-02-18,0.0602231264153054,0.3188130979614709,0.1629208194857264,0.0990474690729882,3,0.0499999999999999,valid
Uttar_Pradesh,Barabanki,2017,28,2018-02-18,2018-02-23,0.0734345520549276,0.2952446053337121,0.1644983389204733,0.1080559563012033,2,8.56,valid
Uttar_Pradesh,Barabanki,2017,29,2018-02-23,2018-02-28,0.0938308567915249,0.3076860507347749,0.1858335644411769,0.1206585626508795,2,3.0,valid
Uttar_Pradesh,Barabanki,2017,30,2018-02-28,2018-03-05,0.0857842461482823,0.293865777783812,0.1863109955691284,0.1286308730200909,3,0.5966666666666667,valid
Uttar_Pradesh,Barabanki,2017,31,2018-03-05,2018-03-10,0.08893353935280374,0.2813522344639062,0.18714447889752325,0.12958781264981822,0,,insufficient_data
Uttar_Pradesh,Barabanki,2017,32,2018-03-10,2018-03-15,0.0906709685158041,0.2708661939058229,0.1943476255958534,0.1397266289161627,4,0.2825,valid
Uttar_Pradesh,Barabanki,2017,33,2018-03-15,2018-03-20,0.1009470732534798,0.2390985445614092,0.2047318699609844,0.1508670423607548,3,0.0033333333333333,valid
Uttar_Pradesh,Barabanki,2017,34,2018-03-20,2018-03-25,0.11452113901386114,0.23808518612087243,0.21834395501818954,0.15909224692858429,0,,insufficient_data
Uttar_Pradesh,Barabanki,2017,35,2018-03-25,2018-03-30,0.1160024171192642,0.223506081493594,0.2129510773745199,0.1555717247800156,4,0.0025,valid
Uttar_Pradesh,Barabanki,2017,36,2018-03-30,2018-04-04,0.135397844795173,0.2222758642663052,0.2375570045679678,0.1731738200894666,1,5.0,valid
Uttar_Pradesh,Barabanki,2017,37,2018-04-04,2018-04-09,0.1295873913855846,0.2346792463772309,0.2421321975916223,0.1761220184965218,2,5.324999999999999,valid
Uttar_Pradesh,Barabanki,2017,38,2018-04-09,2018-04-14,0.13611427164674417,0.23735127655235688,0.24781661511326208,0.1860129020235117,0,,insufficient_data
Uttar_Pradesh,Barabanki,2017,39,2018-04-14,2018-04-19,0.14114223527861416,0.2408125753170476,0.2565329995479476,0.1936231963343857,0,,insufficient_data
Uttar_Pradesh,Barabanki,2017,40,2018-04-19,2018-04-24,0.1482302486222345,0.2479996878981367,0.2727116702014366,0.2124953112386198,2,7.185,valid
Uttar_Pradesh,Barabanki,2017,41,2018-04-24,2018-04-29,0.1513534563114646,0.2582955027265176,0.2737311258307638,0.2127016355129346,4,4.1625,valid
Uttar_Pradesh,Barabanki,2017,42,2018-04-29,2018-05-04,0.14979185246684956,0.2531475953123271,0.27322139801610024,0.2125984733757772,0,,insufficient_data
Uttar_Pradesh,Barabanki,2018,0,2018-10-01,2018-10-06,0.0759041550174576,0.3096867129437665,0.1984863223143748,0.1151268174677531,4,4.7325,valid
Uttar_Pradesh,Barabanki,2018,1,2018-10-06,2018-10-11,0.09986527464819257,0.2808183169174603,0.2270711099643116,0.14868865866881043,0,,insufficient_data
Uttar_Pradesh,Barabanki,2018,2,2018-10-11,2018-10-16,0.0957436275637265,0.2925714185919468,0.2269547870027314,0.1426317352160902,3,19.55333333333333,valid
Uttar_Pradesh,Barabanki,2018,3,2018-10-16,2018-10-21,0.1053907735584582,0.2571477596977228,0.2299700742716192,0.1594685896863094,2,0.295,valid
Uttar_Pradesh,Barabanki,2018,4,2018-10-21,2018-10-26,0.122422542453128,0.2638673764364049,0.252873256268521,0.177527492305089,2,2.5,valid
Uttar_Pradesh,Barabanki,2018,5,2018-10-26,2018-10-31,0.1224114247804837,0.2475185772654596,0.2656655354010195,0.2016100778441986,3,0.0766666666666666,valid
Uttar_Pradesh,Barabanki,2018,6,2018-10-31,2018-11-05,0.12559031320227682,0.24542967209688812,0.25229160878667545,0.18843805608876346,0,,insufficient_data
Uttar_Pradesh,Barabanki,2018,7,2018-11-05,2018-11-10,0.1321109059817818,0.2322957303781901,0.2592762376681904,0.2040560998443596,4,8.18,valid
Uttar_Pradesh,Barabanki,2018,8,2018-11-10,2018-11-15,0.1456159192375324,0.2263189167066633,0.2536729403240269,0.1995280207638607,1,4.0,valid
Uttar_Pradesh,Barabanki,2018,9,2018-11-15,2018-11-20,0.12810480930928167,0.22411661651142664,0.2390945179351652,0.18887028079298612,0,,insufficient_data
Uttar_Pradesh,Barabanki,2018,10,2018-11-20,2018-11-25,0.1234455676817687,0.2190074491380241,0.2358706288680612,0.189453800294143,4,10.9125,valid
Uttar_Pradesh,Barabanki,2018,11,2018-11-25,2018-11-30,0.1327833271592909,0.2198342101063926,0.2264503034595737,0.1766367361649024,1,0.0,valid
Uttar_Pradesh,Barabanki,2018,12,2018-11-30,2018-12-05,0.1065683264860346,0.2231267762278631,0.2202024793559737,0.174676746897665,2,2.425,valid
Uttar_Pradesh,Barabanki,2018,13,2018-12-05,2018-12-10,0.111752561013966,0.2332038299286868,0.2115714804594957,0.1626652605273818,4,3.015,valid
Uttar_Pradesh,Barabanki,2018,14,2018-12-10,2018-12-15,0.10863058187657963,0.24045020434605285,0.20951411857197538,0.15844072607144263,0,,insufficient_data
Uttar_Pradesh,Barabanki,2018,15,2018-12-15,2018-12-20,0.0962256678473653,0.2612593830944663,0.2056233933959624,0.1498269461717451,3,0.18,valid
Uttar_Pradesh,Barabanki,2018,16,2018-12-20,2018-12-25,0.0958230268762413,0.2648268223728555,0.1837229361888714,0.1283979405955189,4,2.1675,valid
Uttar_Pradesh,Barabanki,2018,17,2018-12-25,2018-12-30,0.08967847601131711,0.28263112493708736,0.18064724609646515,0.11941195350153828,0,,insufficient_data
Uttar_Pradesh,Barabanki,2018,18,2018-12-30,2019-01-04,0.0888152674464819,0.2738195448129598,0.1705362823518542,0.1116279958534034,3,1.07,valid
Uttar_Pradesh,Barabanki,2018,19,2019-01-04,2019-01-09,0.0716298308951282,0.291109576854166,0.16342304160643,0.1015303985416664,2,4.42,valid
Uttar_Pradesh,Barabanki,2018,20,2019-01-09,2019-01-14,0.0958985869913689,0.3221402975509894,0.1799305769392079,0.1056764863453577,2,0.0,valid
Uttar_Pradesh,Barabanki,2018,21,2019-01-14,2019-01-19,0.056119862336822,0.3236595269588941,0.1493557207975725,0.0880846586573508,2,2.26,valid
Uttar_Pradesh,Barabanki,2018,22,2019-01-19,2019-01-24,0.07103190126060825,0.3200350709433488,0.15831874258360415,0.0925571938071035,0,,insufficient_data
Uttar_Pradesh,Barabanki,2018,23,2019-01-24,2019-01-29,0.0657876862951778,0.3235754009568095,0.1458062300067326,0.0807534190633958,2,8.924999999999999,valid
Uttar_Pradesh,Barabanki,2018,24,2019-01-29,2019-02-03,0.0657235397845444,0.3396905523958852,0.1530781435680778,0.0867410064277468,3,2.3366666666666664,valid
Uttar_Pradesh,Barabanki,2018,25,2019-02-03,2019-02-08,0.06043286988904495,0.32930533150399643,0.1496498774866632,0.08505111216323212,0,,insufficient_data
Uttar_Pradesh,Barabanki,2018,26,2019-02-08,2019-02-13,0.0541700714211808,0.3264421530131372,0.1423235632513452,0.0782017724004796,4,3.1225,valid
Uttar_Pradesh,Barabanki,2018,27,2019-02-13,2019-02-18,0.06044249351261705,0.325373835418808,0.15436702089411938,0.09142375005488053,0,,insufficient_data
Uttar_Pradesh,Barabanki,2018,28,2019-02-18,2019-02-23,0.0560501820552768,0.3275132196501538,0.1573915731204972,0.0945082507613063,2,14.515,valid
Uttar_Pradesh,Barabanki,2018,29,2019-02-23,2019-02-28,0.0658261807894662,0.3078494166160557,0.1646748036365573,0.1062439706299894,3,3.0733333333333337,valid
Uttar_Pradesh,Barabanki,2018,30,2019-02-28,2019-03-05,0.0723597499746508,0.30252549903084736,0.17448885624652438,0.11607231074672873,0,,insufficient_data
Uttar_Pradesh,Barabanki,2018,31,2019-03-05,2019-03-10,0.081920144879073,0.3009426584899943,0.1861564170718035,0.1266570367892727,3,1.0733333333333337,valid
Uttar_Pradesh,Barabanki,2018,32,2019-03-10,2019-03-15,0.0856424921747872,0.2737967013671855,0.1897326311572395,0.1368799848063465,2,2.31,valid
Uttar_Pradesh,Barabanki,2018,33,2019-03-15,2019-03-20,0.09720576059957409,0.25384848408086824,0.19852416934003186,0.14163824396092478,0,,insufficient_data
Uttar_Pradesh,Barabanki,2018,34,2019-03-20,2019-03-25,0.1028604466916185,0.2581111752969265,0.2104556445746525,0.1532906609551798,3,5.04,valid
Uttar_Pradesh,Barabanki,2018,35,2019-03-25,2019-03-30,0.0981963322385808,0.2139747017733118,0.1932684392234146,0.1394322350032159,2,0.035,valid
Uttar_Pradesh,Barabanki,2018,36,2019-03-30,2019-04-04,0.1174093870138109,0.2224171834769232,0.2130077146730491,0.1519313022506091,2,4.5,valid
Uttar_Pradesh,Barabanki,2018,37,2019-04-04,2019-04-09,0.11447537763103037,0.2345335150819154,0.2245308096619631,0.16358084631090614,0,,insufficient_data
Uttar_Pradesh,Barabanki,2018,38,2019-04-09,2019-04-14,0.11737911036588332,0.22863910002816265,0.2280496009337907,0.16615339264983775,0,,insufficient_data
Uttar_Pradesh,Barabanki,2018,39,2019-04-14,2019-04-19,0.1267730043463774,0.2359078651967583,0.2469611888590851,0.181008608959727,4,0.26,valid
Uttar_Pradesh,Barabanki,2018,40,2019-04-19,2019-04-24,0.1271377178647642,0.2422566496656573,0.258961060979614,0.1922414243857989,3,7.113333333333333,valid
Uttar_Pradesh,Barabanki,2018,41,2019-04-24,2019-04-29,0.1269553611055708,0.2390822574312078,0.2529611249193496,0.18662501667276293,0,,insufficient_data
Uttar_Pradesh,Barabanki,2018,42,2019-04-29,2019-05-04,0.1269553611055708,0.2390822574312078,0.2529611249193496,0.18662501667276293,0,,insufficient_data
Uttar_Pradesh,Barabanki,2019,0,2019-10-01,2019-10-06,0.06528641641136326,0.32204132223424037,0.181368102867564,0.0998999745345747,0,,insufficient_data
Uttar_Pradesh,Barabanki,2019,1,2019-10-06,2019-10-11,0.0519972365451653,0.3283288155986977,0.1625043003608899,0.0834138740423533,4,5.1850000000000005,valid
Uttar_Pradesh,Barabanki,2019,2,2019-10-11,2019-10-16,0.0774432739737022,0.3194942058706378,0.1904591487647061,0.1064076202116322,1,1.0,valid
Uttar_Pradesh,Barabanki,2019,3,2019-10-16,2019-10-21,0.0664187387152223,0.3183009452333857,0.191140859477096,0.1098784293497386,2,1.06,valid
Uttar_Pradesh,Barabanki,2019,4,2019-10-21,2019-10-26,0.103074395189404,0.3013530736661633,0.226178465652647,0.146939033357901,2,4.0,valid
Uttar_Pradesh,Barabanki,2019,5,2019-10-26,2019-10-31,0.09649542207755017,0.28546616319300244,0.2223073966156665,0.14718323646195822,0,,insufficient_data
Uttar_Pradesh,Barabanki,2019,6,2019-10-31,2019-11-05,0.1071756765158272,0.2497711385316594,0.239076141378704,0.174097323704475,2,5.58,valid
Uttar_Pradesh,Barabanki,2019,7,2019-11-05,2019-11-10,0.1283650259935952,0.238411452663166,0.2646823678051794,0.1985937756860443,3,9.153333333333334,valid
Uttar_Pradesh,Barabanki,2019,8,2019-11-10,2019-11-15,0.11887899979232701,0.23819372965021854,0.2538247470143849,0.1929371113814621,0,,insufficient_data
Uttar_Pradesh,Barabanki,2019,9,2019-11-15,2019-11-20,0.1210962968675586,0.2263985977558302,0.2577157318592714,0.2061202347538671,2,0.13,valid
Uttar_Pradesh,Barabanki,2019,10,2019-11-20,2019-11-25,0.12307326334854927,0.2308299402091005,0.2503215977962588,0.19501984957571547,0,,insufficient_data
Uttar_Pradesh,Barabanki,2019,11,2019-11-25,2019-11-30,0.1183222197196786,0.2284790501728344,0.23309445550377086,0.18294049027536483,0,,insufficient_data
Uttar_Pradesh,Barabanki,2019,12,2019-11-30,2019-12-05,0.119758467184494,0.2276797702083053,0.2285666937243255,0.180345538287235,3,0.2,valid
Uttar_Pradesh,Barabanki,2019,13,2019-12-05,2019-12-10,0.107703619074539,0.24485122913381177,0.21597178246694834,0.16235271310446153,0,,insufficient_data
Uttar_Pradesh,Barabanki,2019,14,2019-12-10,2019-12-15,0.1141118951069832,0.2313587825543677,0.2130009409277157,0.1623556977849924,4,1.78,valid
Uttar_Pradesh,Barabanki,2019,15,2019-12-15,2019-12-20,0.0892404949321398,0.2755151346387623,0.2063477127488038,0.1443569032411572,1,26.96,valid
Uttar_Pradesh,Barabanki,2019,16,2019-12-20,2019-12-25,0.09165730945416588,0.26805331271961524,0.20054257208648826,0.1394543744809704,0,,insufficient_data
Uttar_Pradesh,Barabanki,2019,17,2019-12-25,2019-12-30,0.09165730945416588,0.26805331271961524,0.20054257208648826,0.1394543744809704,0,,insufficient_data
Uttar_Pradesh,Barabanki,2019,18,2019-12-30,2020-01-04,0.0804300166277572,0.28640057780223904,0.19431338766587453,0.1280037128289594,0,,insufficient_data
Uttar_Pradesh,Barabanki,2019,19,2020-01-04,2020-01-09,0.0716195383233746,0.2972860209657158,0.1822790625829452,0.1116505224167616,1,9.0,valid
Uttar_Pradesh,Barabanki,2019,20,2020-01-09,2020-01-14,0.0622000343001048,0.29463457171454716,0.16277713609405126,0.09567271025154139,1,9.55,missing_bands
Uttar_Pradesh,Barabanki,2019,21,2020-01-14,2020-01-19,0.0622000343001048,0.29463457171454716,0.16277713609405126,0.09567271025154139,0,,insufficient_data
Uttar_Pradesh,Barabanki,2019,22,2020-01-19,2020-01-24,0.0618254851535156,0.3039267749310696,0.16099563860994928,0.093147319848799,0,,insufficient_data
Uttar_Pradesh,Barabanki,2019,23,2020-01-24,2020-01-29,0.052780530276835,0.2919831224633785,0.1432752096051573,0.0796948980863212,2,14.785,valid
Uttar_Pradesh,Barabanki,2019,24,2020-01-29,2020-02-03,0.06538428066929053,0.31444792592733634,0.15630345222035485,0.08951983331170814,0,,insufficient_data
Uttar_Pradesh,Barabanki,2019,25,2020-02-03,2020-02-08,0.0610763868603372,0.3225111813641145,0.1574326436417454,0.0880965390433142,3,0.32,valid
Uttar_Pradesh,Barabanki,2019,26,2020-02-08,2020-02-13,0.0614722967709283,0.3080633974700812,0.1510825391507374,0.0910763262357627,2,3.79,valid
Uttar_Pradesh,Barabanki,2019,27,2020-02-13,2020-02-18,0.0862079087690616,0.335234002411771,0.1734234164837794,0.0992115698814345,2,3.5,valid
Uttar_Pradesh,Barabanki,2019,28,2020-02-18,2020-02-23,0.07212854957718541,0.3116386867319748,0.1611294300931143,0.09512972873216322,0,,insufficient_data
Uttar_Pradesh,Barabanki,2019,29,2020-02-23,2020-02-28,0.07489159025639745,0.3089205630739399,0.16205362670595652,0.09688802615437547,0,,insufficient_data
Uttar_Pradesh,Barabanki,2019,30,2020-02-28,2020-03-04,0.0867600203634225,0.3032794441273959,0.1651541391257573,0.1027102130715899,2,9.32,valid
Uttar_Pradesh,Barabanki,2019,31,2020-03-04,2020-03-09,0.0651261351221774,0.2891054082865114,0.158554412063552,0.0945539954287148,3,14.58,valid
Uttar_Pradesh,Barabanki,2019,32,2020-03-09,2020-03-14,0.086063489468289,0.2692805218232072,0.18168123868524966,0.11990580448824949,0,,insufficient_data
Uttar_Pradesh,Barabanki,2019,33,2020-03-14,2020-03-19,0.0908181995332025,0.26073991929423,0.18884196181504048,0.1272350915566924,0,,insufficient_data
Uttar_Pradesh,Barabanki,2019,34,2020-03-19,2020-03-24,0.0971302776928581,0.2412682582518696,0.1974064257109917,0.1373065405895634,1,1.0,valid
Uttar_Pradesh,Barabanki,2019,35,2020-03-24,2020-03-29,0.095237524694698,0.243468976627052,0.2056099778406977,0.1450524688631299,2,6.69,valid
Uttar_Pradesh,Barabanki,2019,36,2020-03-29,2020-04-03,0.1098370397928565,0.226577509178321,0.2174848543342037,0.1565522398304641,4,0.8,valid
Uttar_Pradesh,Barabanki,2019,37,2020-04-03,2020-04-08,0.11044318851472515,0.2392046681987014,0.22590111810202354,0.16343355663698447,0,,insufficient_data
Uttar_Pradesh,Barabanki,2019,38,2020-04-08,2020-04-13,0.126335279418403,0.2466149830408108,0.2566944444765037,0.1913853552410187,2,3.8,valid
Uttar_Pradesh,Barabanki,2019,39,2020-04-13,2020-04-18,0.1236758209748101,0.2380936138954538,0.2523098881477207,0.1868711786607462,3,1.74,valid
Uttar_Pradesh,Barabanki,2019,40,2020-04-18,2020-04-23,0.12526451363875,0.2425220302711919,0.256347620495829,0.1902075538254906,0,,insufficient_data
Uttar_Pradesh,Barabanki,2019,41,2020-04-23,2020-04-28,0.1257824405230368,0.2428574938773111,0.2600385288632625,0.1923661275747069,2,13.575,valid
Uttar_Pradesh,Barabanki,2019,42,2020-04-28,2020-05-03,0.12472913074892344,0.24047555388638245,0.2561742085054916,0.18961865311772655,0,,insufficient_data
Uttar_Pradesh,Barabanki,2020,0,2020-10-01,2020-10-06,0.0610771585688196,0.3330300271337627,0.1759436351131629,0.0928185085623274,3,3.753333333333333,valid
Uttar_Pradesh,Barabanki,2020,1,2020-10-06,2020-10-11,0.0842539300567636,0.2963449662938404,0.2093303304396533,0.1295137548910027,4,0.0075,valid
Uttar_Pradesh,Barabanki,2020,2,2020-10-11,2020-10-16,0.1028439464499488,0.2788387111711478,0.2343094158013566,0.16144524812191727,0,,insufficient_data
Uttar_Pradesh,Barabanki,2020,3,2020-10-16,2020-10-21,0.1091250821883813,0.2650481522979737,0.2477822911791324,0.1743619137241651,3,0.5366666666666666,valid
Uttar_Pradesh,Barabanki,2020,4,2020-10-21,2020-10-26,0.1208051892139295,0.2405004575643764,0.2559529652673071,0.1950993947659492,2,0.11,valid
Uttar_Pradesh,Barabanki,2020,5,2020-10-26,2020-10-31,0.13895837222185,0.2592699525657859,0.2825378570075272,0.215432668666142,2,0.5,valid
Uttar_Pradesh,Barabanki,2020,6,2020-10-31,2020-11-05,0.1431010761712347,0.2370036716982033,0.2702726367024283,0.2114065338538364,1,7.0,valid
Uttar_Pradesh,Barabanki,2020,7,2020-11-05,2020-11-10,0.12779987053964417,0.23274166868810497,0.25093104432766433,0.19105906034699993,0,,insufficient_data
Uttar_Pradesh,Barabanki,2020,8,2020-11-10,2020-11-15,0.127808743077934,0.2199878208742718,0.2495920949447147,0.1993460406715168,3,1.9466666666666663,valid
Uttar_Pradesh,Barabanki,2020,9,2020-11-15,2020-11-20,0.1083259720132727,0.2069464407378874,0.1962996677163443,0.1340106637775553,3,11.906666666666666,valid
Uttar_Pradesh,Barabanki,2020,10,2020-11-20,2020-11-25,0.119670893231647,0.22845302019028427,0.2162435628352349,0.1610837837236035,0,,insufficient_data
Uttar_Pradesh,Barabanki,2020,11,2020-11-25,2020-11-30,0.1134977643836516,0.2357935770304,0.225152107256396,0.1715369569067139,3,13.073333333333332,valid
Uttar_Pradesh,Barabanki,2020,12,2020-11-30,2020-12-05,0.1523322985871904,0.2323778663626598,0.197576388158503,0.1422230257083505,1,0.0,valid
Uttar_Pradesh,Barabanki,2020,13,2020-12-05,2020-12-10,0.0963896880961862,0.2471593959462022,0.2125975561002165,0.158302231553881,2,0.255,valid
Uttar_Pradesh,Barabanki,2020,14,2020-12-10,2020-12-15,0.0958257061935645,0.2764874215460914,0.2147550303091535,0.1466708851419898,2,14.0,valid
Uttar_Pradesh,Barabanki,2020,15,2020-12-15,2020-12-20,0.11110861284363788,0.2548531212220341,0.19933055271418904,0.13889213906059864,0,,insufficient_data
Uttar_Pradesh,Barabanki,2020,16,2020-12-20,2020-12-25,0.08847690681295,0.27172716278983833,0.19209136222973391,0.12811818367694922,0,,insufficient_data
Uttar_Pradesh,Barabanki,2020,17,2020-12-25,2020-12-30,0.0998867584976104,0.263387801033183,0.1723932362888832,0.1083724138381732,4,4.63,valid
Uttar_Pradesh,Barabanki,2020,18,2020-12-30,2021-01-04,0.08084611648102466,0.2816309168335299,0.17050643125478282,0.10374980900596305,0,,insufficient_data
Uttar_Pradesh,Barabanki,2020,19,2021-01-04,2021-01-09,0.0618054744644389,0.2998740326338768,0.1686196262206824,0.0991272041737529,2,4.72,valid
Uttar_Pradesh,Barabanki,2020,20,2021-01-09,2021-01-14,0.08084611648102466,0.2816309168335299,0.17050643125478282,0.10374980900596305,0,,insufficient_data
Uttar_Pradesh,Barabanki,2020,21,2021-01-14,2021-01-19,0.0618054744644389,0.2998740326338768,0.1686196262206824,0.0991272041737529,0,,insufficient_data
Uttar_Pradesh,Barabanki,2020,22,2021-01-19,2021-01-24,0.060224610329894554,0.29871056342219166,0.15989879208530544,0.09336932488896399,0,,insufficient_data
Uttar_Pradesh,Barabanki,2020,23,2021-01-24,2021-01-29,0.0586437461953502,0.2975470942105065,0.1511779579499285,0.0876114456041751,0,,insufficient_data
Uttar_Pradesh,Barabanki,2020,24,2021-01-29,2021-02-03,0.0702469573195559,0.3000978191420383,0.1593811519834672,0.0940743180539808,0,,insufficient_data
Uttar_Pradesh,Barabanki,2020,25,2021-02-03,2021-02-08,0.0586437461953502,0.2975470942105065,0.1511779579499285,0.0876114456041751,3,0.0033333333333333,valid
Uttar_Pradesh,Barabanki,2020,26,2021-02-08,2021-02-13,0.0809084309210999,0.28107516132954097,0.16487980363641153,0.10403032382767163,0,,insufficient_data
Uttar_Pradesh,Barabanki,2020,27,2021-02-13,2021-02-18,0.0818501684437616,0.3026485440735701,0.1675843460170059,0.1005371905037865,3,1.13,valid
Uttar_Pradesh,Barabanki,2020,28,2021-02-18,2021-02-23,0.1094905126196454,0.2545149124984161,0.164423100803919,0.1066782841919745,1,4.0,valid
Uttar_Pradesh,Barabanki,2020,29,2021-02-23,2021-02-28,0.0736492964256424,0.269590094535671,0.1763338097747928,0.1212943750107505,2,1.095,valid
Uttar_Pradesh,Barabanki,2020,30,2021-02-28,2021-03-05,0.0875684927534519,0.2796402672066162,0.1939953271290548,0.1402829632062685,4,0.0325,valid
Uttar_Pradesh,Barabanki,2020,31,2021-03-05,2021-03-10,0.10047831399092262,0.2604962540399506,0.18823565281878932,0.13302709839004737,0,,insufficient_data
Uttar_Pradesh,Barabanki,2020,32,2021-03-10,2021-03-15,0.1072534707907244,0.247790093907342,0.1993421058071074,0.1454730599955463,3,6.966666666666666,valid
Uttar_Pradesh,Barabanki,2020,33,2021-03-15,2021-03-20,0.124429797365149,0.2509459020517075,0.2070839205790726,0.151406809545697,1,5.56,valid
Uttar_Pradesh,Barabanki,2020,34,2021-03-20,2021-03-25,0.12360507022117048,0.23964788369180962,0.2268978852155108,0.16900372101285135,0,,insufficient_data
Uttar_Pradesh,Barabanki,2020,35,2021-03-25,2021-03-30,0.1186590281006859,0.2263137521166882,0.223627590656067,0.1658935936007719,3,3.9,valid
Uttar_Pradesh,Barabanki,2020,36,2021-03-30,2021-04-04,0.1275668271476624,0.2358010134862377,0.2504627873942896,0.1923800975023797,2,0.01,valid
Uttar_Pradesh,Barabanki,2020,37,2021-04-04,2021-04-09,0.1401162277016307,0.2373886568970728,0.2539730216410175,0.1898650444198619,2,4.5,valid
Uttar_Pradesh,Barabanki,2020,38,2021-04-09,2021-04-14,0.1412984565935872,0.251379459491104,0.2699515675361346,0.2090446720765737,3,1.4799999999999998,valid
Uttar_Pradesh,Barabanki,2020,39,2021-04-14,2021-04-19,0.13806699427657104,0.25222231310682025,0.2662912171320484,0.2049357061503287,0,,insufficient_data
Uttar_Pradesh,Barabanki,2020,40,2021-04-19,2021-04-24,0.1444153804343889,0.2648728231252923,0.2773801915085954,0.2151320771529601,4,0.0,valid
Uttar_Pradesh,Barabanki,2020,41,2021-04-24,2021-04-29,0.136938079505586,0.2716696125343943,0.2796885175802049,0.218256639599868,3,0.0666666666666666,valid
Uttar_Pradesh,Barabanki,2020,42,2021-04-29,2021-05-04,0.14067672996998745,0.2682712178298433,0.2785343545444001,0.21669435837641404,0,,insufficient_data
Uttar_Pradesh,Barabanki,2021,0,2021-10-01,2021-10-06,0.0673145434892192,0.2936145320140993,0.183589401543722,0.1022037891859706,0,,insufficient_data
Uttar_Pradesh,Barabanki,2021,1,2021-10-06,2021-10-11,0.07216264342038535,0.27922540007574737,0.18970505157247547,0.10978696780726525,0,,insufficient_data
Uttar_Pradesh,Barabanki,2021,2,2021-10-11,2021-10-16,0.0673145434892192,0.2936145320140993,0.183589401543722,0.1022037891859706,2,7.31,valid
Uttar_Pradesh,Barabanki,2021,3,2021-10-16,2021-10-21,0.08916070878687138,0.2621721674731845,0.21144868646377585,0.13748479100948421,0,,insufficient_data
Uttar_Pradesh,Barabanki,2021,4,2021-10-21,2021-10-26,0.0770107433515515,0.2648362681373954,0.1958207016012289,0.1173701464285599,2,14.86,valid
Uttar_Pradesh,Barabanki,2021,5,2021-10-26,2021-10-31,0.1021181739072313,0.2525943721831564,0.2313676440526728,0.1597674250671789,2,0.305,valid
Uttar_Pradesh,Barabanki,2021,6,2021-10-31,2021-11-05,0.1101993743994835,0.2376434975580868,0.2350169986574797,0.1705978033562274,1,7.72,valid
Uttar_Pradesh,Barabanki,2021,7,2021-11-05,2021-11-10,0.1214858040576891,0.2400865370410487,0.2580963200989234,0.2004629059238983,2,4.265000000000001,valid
Uttar_Pradesh,Barabanki,2021,8,2021-11-10,2021-11-15,0.1220592355325246,0.2180372238796105,0.2419060330535827,0.1962969273054652,2,17.525,valid
Uttar_Pradesh,Barabanki,2021,9,2021-11-15,2021-11-20,0.11758107538943666,0.22294165203984098,0.23783063578502367,0.18739182920556222,0,,insufficient_data
Uttar_Pradesh,Barabanki,2021,10,2021-11-20,2021-11-25,0.119557902695934,0.2184372562876162,0.2470799123741037,0.203541231993993,2,0.7000000000000001,valid
Uttar_Pradesh,Barabanki,2021,11,2021-11-25,2021-11-30,0.114603060261552,0.2005037454328427,0.2070539147410288,0.1660602774482272,1,4.46,valid
Uttar_Pradesh,Barabanki,2021,12,2021-11-30,2021-12-05,0.10743100408486644,0.22270443264058298,0.21819572986136038,0.170580370622116,0,,insufficient_data
Uttar_Pradesh,Barabanki,2021,13,2021-12-05,2021-12-10,0.1010758877051991,0.2274544519913739,0.2159734217573814,0.1662389239371372,4,0.135,valid
Uttar_Pradesh,Barabanki,2021,14,2021-12-10,2021-12-15,0.09977128941376016,0.23145161341259154,0.20245323140802432,0.15157991088678946,0,,insufficient_data
Uttar_Pradesh,Barabanki,2021,15,2021-12-15,2021-12-20,0.0944871656767807,0.2444222768504991,0.2026756705729276,0.1464810491091067,3,0.3866666666666667,valid
Uttar_Pradesh,Barabanki,2021,16,2021-12-20,2021-12-25,0.0889190440115089,0.2534259793756505,0.1841099185607595,0.1275393930526868,4,11.7575,valid
Uttar_Pradesh,Barabanki,2021,17,2021-12-25,2021-12-30,0.09170310484414479,0.2489241281130748,0.19339279456684355,0.13701022108089675,0,,insufficient_data
Uttar_Pradesh,Barabanki,2021,18,2021-12-30,2022-01-04,0.09170310484414479,0.2489241281130748,0.19339279456684355,0.13701022108089675,0,,insufficient_data
Uttar_Pradesh,Barabanki,2021,19,2022-01-04,2022-01-09,0.0889190440115089,0.2534259793756505,0.1841099185607595,0.1275393930526868,0,,insufficient_data
Uttar_Pradesh,Barabanki,2021,20,2022-01-09,2022-01-14,0.0549550545123192,0.3341471482262915,0.1566637643824414,0.0874796761343255,0,,insufficient_data
Uttar_Pradesh,Barabanki,2021,21,2022-01-14,2022-01-19,0.0549550545123192,0.3341471482262915,0.1566637643824414,0.0874796761343255,0,,insufficient_data
Uttar_Pradesh,Barabanki,2021,22,2022-01-19,2022-01-24,0.0549550545123192,0.3341471482262915,0.1566637643824414,0.0874796761343255,0,,insufficient_data
Uttar_Pradesh,Barabanki,2021,23,2022-01-24,2022-01-29,0.0549550545123192,0.3341471482262915,0.1566637643824414,0.0874796761343255,1,3.13,valid
Uttar_Pradesh,Barabanki,2021,24,2022-01-29,2022-02-03,0.05573696733548117,0.33499019310182493,0.15874359675629257,0.08955720368853408,0,,insufficient_data
Uttar_Pradesh,Barabanki,2021,25,2022-02-03,2022-02-08,0.05724709462223395,0.33493864910902205,0.16158816196357176,0.09214075035519276,0,,insufficient_data
Uttar_Pradesh,Barabanki,2021,26,2022-02-08,2022-02-13,0.0511758973099137,0.3506919026156588,0.1591151744584452,0.0859652997011303,3,8.426666666666668,valid
Uttar_Pradesh,Barabanki,2021,27,2022-02-13,2022-02-18,0.0610799501842106,0.3201315284635246,0.1604518514279911,0.0952266352301464,2,0.145,valid
Uttar_Pradesh,Barabanki,2021,28,2022-02-18,2022-02-23,0.0617774764824923,0.3347840171306134,0.1701218575854093,0.0998913903551688,2,0.17,valid
Uttar_Pradesh,Barabanki,2021,29,2022-02-23,2022-02-28,0.0736995358682122,0.3126607534390366,0.1761647432961532,0.1123178477179396,4,5.845000000000001,valid
Uttar_Pradesh,Barabanki,2021,30,2022-02-28,2022-03-05,0.07555691336369293,0.3097337096520305,0.1820752450906354,0.11861167661970147,0,,insufficient_data
Uttar_Pradesh,Barabanki,2021,31,2022-03-05,2022-03-10,0.0795765678539834,0.2998569988770499,0.1910674693099746,0.1321672764023831,4,0.1725,valid
Uttar_Pradesh,Barabanki,2021,32,2022-03-10,2022-03-15,0.1016510364295661,0.2812352503499279,0.2125703038336488,0.1534552333928694,2,0.0499999999999999,valid
Uttar_Pradesh,Barabanki,2021,33,2022-03-15,2022-03-20,0.10601608348131406,0.25677203683798905,0.21617939322587004,0.15901801771844498,0,,insufficient_data
Uttar_Pradesh,Barabanki,2021,34,2022-03-20,2022-03-25,0.1066972771798376,0.2447033668944515,0.2207295419780437,0.1653699357789811,4,0.4825,valid
Uttar_Pradesh,Barabanki,2021,35,2022-03-25,2022-03-30,0.119196909643241,0.2269012327888672,0.2251653274948848,0.1704967551346828,2,0.05,valid
Uttar_Pradesh,Barabanki,2021,36,2022-03-30,2022-04-04,0.1229586262999422,0.2311633352796488,0.2313643235127982,0.1736008878833085,2,4.49,valid
Uttar_Pradesh,Barabanki,2021,37,2022-04-04,2022-04-09,0.1224989916992522,0.2292107512927474,0.2508363407519904,0.1908267858909423,4,1.535,valid
Uttar_Pradesh,Barabanki,2021,38,2022-04-09,2022-04-14,0.1267823135011252,0.23890277872223473,0.24863379606654892,0.1875264365433758,0,,insufficient_data
Uttar_Pradesh,Barabanki,2021,39,2022-04-14,2022-04-19,0.1315025922040582,0.2440123568558532,0.2579907339298586,0.1916168226373759,4,3.0475,valid
Uttar_Pradesh,Barabanki,2021,40,2022-04-19,2022-04-24,0.1377544476591325,0.2632262173940571,0.2778122546432127,0.2110909311705696,4,0.02,valid
Uttar_Pradesh,Barabanki,2021,41,2022-04-24,2022-04-29,0.13462851993159536,0.2536192871249552,0.26790149428653565,0.20135387690397274,0,,insufficient_data
Uttar_Pradesh,Barabanki,2021,42,2022-04-29,2022-05-04,0.13462851993159536,0.2536192871249552,0.26790149428653565,0.20135387690397274,0,,insufficient_data
Uttar_Pradesh,Barabanki,2022,0,2022-10-01,2022-10-06,0.0662884779680401,0.31008203312584925,0.17983221268054195,0.09901766258029655,0,,insufficient_data
Uttar_Pradesh,Barabanki,2022,1,2022-10-06,2022-10-11,0.07393427137788906,0.29790065311406355,0.19190440406706577,0.11215989817434434,0,,insufficient_data
Uttar_Pradesh,Barabanki,2022,2,2022-10-11,2022-10-16,0.0625121280995568,0.2994616685365228,0.1686185021909242,0.0924417687391625,2,2.43,valid
Uttar_Pradesh,Barabanki,2022,3,2022-10-16,2022-10-21,0.0700648278365234,0.3207023977151758,0.1910459231701597,0.1055935564214306,2,13.12,valid
Uttar_Pradesh,Barabanki,2022,4,2022-10-21,2022-10-26,0.089225858197587,0.2735378930904922,0.2160487868401134,0.1384443693624399,4,0.1925,valid
Uttar_Pradesh,Barabanki,2022,5,2022-10-26,2022-10-31,0.08907490763743224,0.2739323181268948,0.21031085884992895,0.13653067384526535,0,,insufficient_data
Uttar_Pradesh,Barabanki,2022,6,2022-10-31,2022-11-05,0.1070778149962542,0.2451957428073991,0.2340170118931104,0.1654424805568921,4,0.415,valid
Uttar_Pradesh,Barabanki,2022,7,2022-11-05,2022-11-10,0.1164939090572398,0.2307638884848841,0.241824070155337,0.1807311941464016,4,14.56,valid
Uttar_Pradesh,Barabanki,2022,8,2022-11-10,2022-11-15,0.11659243509081119,0.2244003942259955,0.23911349302326873,0.1870231218135842,0,,insufficient_data
Uttar_Pradesh,Barabanki,2022,9,2022-11-15,2022-11-20,0.1229310414302474,0.2242152396793303,0.253613338760617,0.2048015443812785,4,6.8425,valid
Uttar_Pradesh,Barabanki,2022,10,2022-11-20,2022-11-25,0.1173178934186293,0.2080166313118762,0.2275098464655849,0.1865860701246652,2,0.355,valid
Uttar_Pradesh,Barabanki,2022,11,2022-11-25,2022-11-30,0.1191415165516852,0.2138104688464879,0.2386031978416946,0.1975543198586835,2,0.485,valid
Uttar_Pradesh,Barabanki,2022,12,2022-11-30,2022-12-05,0.1097742038202993,0.2139878642991594,0.220360039680783,0.1741195344399453,4,2.435,valid
Uttar_Pradesh,Barabanki,2022,13,2022-12-05,2022-12-10,0.10987165947147086,0.2233190494284587,0.22038860663706825,0.1732432704382289,0,,insufficient_data
Uttar_Pradesh,Barabanki,2022,14,2022-12-10,2022-12-15,0.0990931371787188,0.2261637398110497,0.2079611697031756,0.1586437268875674,4,0.235,valid
Uttar_Pradesh,Barabanki,2022,15,2022-12-15,2022-12-20,0.1040315463880217,0.2546165428737204,0.2075087794941032,0.1493127008802832,3,12.663333333333332,valid
Uttar_Pradesh,Barabanki,2022,16,2022-12-20,2022-12-25,0.09962545479640271,0.24577617585614522,0.20046361303842522,0.14509209450229724,0,,insufficient_data
Uttar_Pradesh,Barabanki,2022,17,2022-12-25,2022-12-30,0.0957516808224676,0.2565482448836656,0.1859208899179969,0.1273198557390411,2,27.59,valid
Uttar_Pradesh,Barabanki,2022,18,2022-12-30,2023-01-04,0.09989161360524465,0.25558239387869297,0.19671483470605006,0.13831627830966214,0,,insufficient_data
Uttar_Pradesh,Barabanki,2022,19,2023-01-04,2023-01-09,0.0782522002423834,0.27187101184634005,0.17336734522471864,0.1123859325996992,0,,insufficient_data
Uttar_Pradesh,Barabanki,2022,20,2023-01-09,2023-01-14,0.0782522002423834,0.27187101184634005,0.17336734522471864,0.1123859325996992,0,,insufficient_data
Uttar_Pradesh,Barabanki,2022,21,2023-01-14,2023-01-19,0.0607527196622992,0.2871937788090145,0.1608138005314404,0.0974520094603573,0,,insufficient_data
Uttar_Pradesh,Barabanki,2022,22,2023-01-19,2023-01-24,0.0607527196622992,0.2871937788090145,0.1608138005314404,0.0974520094603573,4,7.0725,valid
Uttar_Pradesh,Barabanki,2022,23,2023-01-24,2023-01-29,0.0600370292516208,0.3117728754355565,0.15985671214739072,0.09571432785531032,0,,insufficient_data
Uttar_Pradesh,Barabanki,2022,24,2023-01-29,2023-02-03,0.06028761509454912,0.31783467883585503,0.1618936282488004,0.097589626970877,0,,insufficient_data
Uttar_Pradesh,Barabanki,2022,25,2023-02-03,2023-02-08,0.0574738100386223,0.32422138067027,0.1577177452404624,0.091290089698464,3,5.696666666666666,valid
Uttar_Pradesh,Barabanki,2022,26,2023-02-08,2023-02-13,0.0618845580539409,0.3239034668273851,0.1610385906702694,0.0984008844071097,2,0.0499999999999999,valid
Uttar_Pradesh,Barabanki,2022,27,2023-02-13,2023-02-18,0.0610393726233341,0.3360200890367505,0.1680043765530295,0.103215524317577,2,0.145,valid
Uttar_Pradesh,Barabanki,2022,28,2023-02-18,2023-02-23,0.0701281065344122,0.3048550553920953,0.1710480397178319,0.1079910986874071,4,2.465,valid
Uttar_Pradesh,Barabanki,2022,29,2023-02-23,2023-02-28,0.07242123600620007,0.3062181718599226,0.1773118970339474,0.11574816973387288,0,,insufficient_data
Uttar_Pradesh,Barabanki,2022,30,2023-02-28,2023-03-05,0.0816123540062417,0.293398156259126,0.1901135155651501,0.1320753531839609,2,0.22,valid
Uttar_Pradesh,Barabanki,2022,31,2023-03-05,2023-03-10,0.0874417888130714,0.2729140917842563,0.1963549626634561,0.1370579880733096,4,3.45,valid
Uttar_Pradesh,Barabanki,2022,32,2023-03-10,2023-03-15,0.08885639538350605,0.2601734568795708,0.19487754371406515,0.13665912771419245,0,,insufficient_data
Uttar_Pradesh,Barabanki,2022,33,2023-03-15,2023-03-20,0.0935504800483782,0.25089504948436775,0.1963127032753136,0.1364998535268461,0,,insufficient_data
Uttar_Pradesh,Barabanki,2022,34,2023-03-20,2023-03-25,0.0975150433312051,0.2142081225953301,0.1981641529135893,0.1408440418853069,2,12.83,valid
Uttar_Pradesh,Barabanki,2022,35,2023-03-25,2023-03-30,0.1114086520865244,0.22817275627011777,0.22195315316988765,0.16146597698047574,0,,insufficient_data
Uttar_Pradesh,Barabanki,2022,36,2023-03-30,2023-04-04,0.1076327340429946,0.2230598272987586,0.200618181959059,0.136022030964807,4,9.955,valid
Uttar_Pradesh,Barabanki,2022,37,2023-04-04,2023-04-09,0.11573562710733529,0.23473677242822266,0.2348352444039747,0.17393235439394306,0,,insufficient_data
Uttar_Pradesh,Barabanki,2022,38,2023-04-09,2023-04-14,0.1290781788853735,0.2472503189162646,0.2670771246370147,0.2075318580913133,4,1.6875,valid
Uttar_Pradesh,Barabanki,2022,39,2023-04-14,2023-04-19,0.128716552169768,0.2544288209025374,0.2734815181062359,0.2113314866343451,4,0.0,valid
Uttar_Pradesh,Barabanki,2022,40,2023-04-19,2023-04-24,0.12661413262242444,0.25313419811281085,0.2682927181265428,0.20639897050721864,0,,insufficient_data
Uttar_Pradesh,Barabanki,2022,41,2023-04-24,2023-04-29,0.1220476668121318,0.2577234545196306,0.2643195116363779,0.2003335667959975,2,8.05,valid
Uttar_Pradesh,Barabanki,2022,42,2023-04-29,2023-05-04,0.1253821094909499,0.25607613771108395,0.2689005148713069,0.2058325267151713,0,,insufficient_data
Uttar_Pradesh,Barabanki,2023,0,2023-10-01,2023-10-06,0.09403356327051349,0.297575967274919,0.22649263408480466,0.14470521668373185,0,,insufficient_data
Uttar_Pradesh,Barabanki,2023,1,2023-10-06,2023-10-11,0.0859429104249493,0.2980086162253229,0.2111414052724672,0.1299821559145272,2,0.025,valid
Uttar_Pradesh,Barabanki,2023,2,2023-10-11,2023-10-16,0.0919064844364821,0.3042368179951212,0.2283765571593859,0.1460459151601814,2,5.375,valid
Uttar_Pradesh,Barabanki,2023,3,2023-10-16,2023-10-21,0.1042512949501091,0.2904824676043129,0.2399599398225609,0.1580875789764869,4,0.145,valid
Uttar_Pradesh,Barabanki,2023,4,2023-10-21,2023-10-26,0.10444650537663566,0.27809175324053825,0.23925900345698725,0.16471081275756747,0,,insufficient_data
Uttar_Pradesh,Barabanki,2023,5,2023-10-26,2023-10-31,0.1188940833526409,0.2629474070735192,0.2637832210375381,0.1957590613361493,4,0.1325,valid
Uttar_Pradesh,Barabanki,2023,6,2023-10-31,2023-11-05,0.121237753718997,0.2347834573044152,0.2530338939929842,0.1936793524004925,4,6.255,valid
Uttar_Pradesh,Barabanki,2023,7,2023-11-05,2023-11-10,0.11576195487287408,0.2313618192926071,0.24496336061637933,0.18769201917209394,0,,insufficient_data
Uttar_Pradesh,Barabanki,2023,8,2023-11-10,2023-11-15,0.1104233046496656,0.2145237984297437,0.2344377770085819,0.1799946422382973,2,3.07,valid
Uttar_Pradesh,Barabanki,2023,9,2023-11-15,2023-11-20,0.1157438039039773,0.2190806178423259,0.2352420938455912,0.1836540273822587,1,0.68,valid
Uttar_Pradesh,Barabanki,2023,10,2023-11-20,2023-11-25,0.1125108287390896,0.2254738158130315,0.2383198171972011,0.1853730125032719,2,0.0699999999999999,valid
Uttar_Pradesh,Barabanki,2023,11,2023-11-25,2023-11-30,0.1015456985559181,0.2343075746991761,0.2223218145079267,0.1667644805247249,1,20.44,valid
Uttar_Pradesh,Barabanki,2023,12,2023-11-30,2023-12-05,0.09662359501360818,0.2358689297158647,0.21180836437692302,0.15438248922953593,0,,insufficient_data
Uttar_Pradesh,Barabanki,2023,13,2023-12-05,2023-12-10,0.0653380231999239,0.2335872858134775,0.172321778757202,0.1053012219280228,1,14.77,valid
Uttar_Pradesh,Barabanki,2023,14,2023-12-10,2023-12-15,0.087979620669132,0.2668953544113126,0.1908363175766941,0.1308197038094014,3,5.01,valid
Uttar_Pradesh,Barabanki,2023,15,2023-12-15,2023-12-20,0.07665882193452794,0.2502413201123951,0.18157904816694803,0.1180604628687121,0,,insufficient_data
Uttar_Pradesh,Barabanki,2023,16,2023-12-20,2023-12-25,0.07665882193452794,0.2502413201123951,0.18157904816694803,0.1180604628687121,0,,insufficient_data
Uttar_Pradesh,Barabanki,2023,17,2023-12-25,2023-12-30,0.087979620669132,0.2668953544113126,0.1908363175766941,0.1308197038094014,0,,insufficient_data
Uttar_Pradesh,Barabanki,2023,18,2023-12-30,2024-01-04,,,,,0,,insufficient_data
Uttar_Pradesh,Barabanki,2023,19,2024-01-04,2024-01-09,,,,,0,,insufficient_data
Uttar_Pradesh,Barabanki,2023,20,2024-01-09,2024-01-14,,,,,0,,insufficient_data
Uttar_Pradesh,Barabanki,2023,21,2024-01-14,2024-01-19,0.0577293509687151,0.3034473224320619,0.1586436870337656,0.0917177406829574,0,,insufficient_data
Uttar_Pradesh,Barabanki,2023,22,2024-01-19,2024-01-24,0.0632959100581135,0.3087892186176504,0.164504682025751,0.09919680004853709,0,,insufficient_data
Uttar_Pradesh,Barabanki,2023,23,2024-01-24,2024-01-29,0.06039820372659693,0.31159871658639476,0.16350858782659383,0.09721349890041382,0,,insufficient_data
Uttar_Pradesh,Barabanki,2023,24,2024-01-29,2024-02-03,0.0577293509687151,0.3034473224320619,0.1586436870337656,0.0917177406829574,1,0.02,valid
Uttar_Pradesh,Barabanki,2023,25,2024-02-03,2024-02-08,0.0688624691475119,0.3141311148032389,0.1703656770177364,0.1066758594141168,1,15.01,valid
Uttar_Pradesh,Barabanki,2023,26,2024-02-08,2024-02-13,0.0546027910635638,0.3172177125238836,0.1615163994282795,0.0932468966041673,2,5.815,valid
Uttar_Pradesh,Barabanki,2023,27,2024-02-13,2024-02-18,0.0599959737498573,0.3104632850314331,0.1627414007982358,0.0981242963263934,3,9.82,valid
Uttar_Pradesh,Barabanki,2023,28,2024-02-18,2024-02-23,0.06190162924189785,0.3104418697275534,0.16484040258378235,0.10076067664412772,0,,insufficient_data
Uttar_Pradesh,Barabanki,2023,29,2024-02-23,2024-02-28,0.0641452830066584,0.299955366551658,0.1647381330908778,0.1049956542318334,2,0.02,valid
Uttar_Pradesh,Barabanki,2023,30,2024-02-28,2024-03-04,0.07608255541839855,0.293932134792336,0.1818511768311587,0.12300719338754401,0,,insufficient_data
Uttar_Pradesh,Barabanki,2023,31,2024-03-04,2024-03-09,0.0855532408320539,0.28289351137208135,0.19369603799303703,0.13713804041517233,0,,insufficient_data
Uttar_Pradesh,Barabanki,2023,32,2024-03-09,2024-03-14,0.0879406862316634,0.3069404062152548,0.2032827459152796,0.1446772651096658,4,8.319999999999999,valid
Uttar_Pradesh,Barabanki,2023,33,2024-03-14,2024-03-19,0.0922482786854151,0.258369481370998,0.1966424275202417,0.1442315578822835,2,0.295,valid
Uttar_Pradesh,Barabanki,2023,34,2024-03-19,2024-03-24,0.0978787154044787,0.2663087913504145,0.210120845445749,0.1546476844369066,2,1.425,valid
Uttar_Pradesh,Barabanki,2023,35,2024-03-24,2024-03-29,0.104247403695258,0.2439967531039978,0.2146393405814687,0.1537405394662852,3,14.123333333333331,valid
Uttar_Pradesh,Barabanki,2023,36,2024-03-29,2024-04-03,0.1094924770399277,0.25248220541285943,0.22386567713807343,0.16371464060243604,0,,insufficient_data
Uttar_Pradesh,Barabanki,2023,37,2024-04-03,2024-04-08,0.1274760690443672,0.2502636221466312,0.2436548907567089,0.1793417820095145,3,10.953333333333331,valid
Uttar_Pradesh,Barabanki,2023,38,2024-04-08,2024-04-13,0.1256119183701195,0.2434723790922556,0.2542708813861989,0.1866116392171904,2,0.015,valid
Uttar_Pradesh,Barabanki,2023,39,2024-04-13,2024-04-18,0.14067317148325922,0.2696532548418726,0.27387454942474054,0.20457915746718208,0,,insufficient_data
Uttar_Pradesh,Barabanki,2023,40,2024-04-18,2024-04-23,0.1510849085603561,0.2838997963998705,0.2947223369739067,0.2234362737172915,4,0.555,valid
Uttar_Pradesh,Barabanki,2023,41,2024-04-23,2024-04-28,0.14507220562955656,0.27611646574028637,0.2839477689807511,0.21299161595307126,0,,insufficient_data
Uttar_Pradesh,Barabanki,2023,42,2024-04-28,2024-05-03,0.1585197899581941,0.300977221728733,0.3028500885821476,0.2289269349247319,2,7.36,valid
Uttar_Pradesh,Barabanki,2024,0,2024-10-01,2024-10-06,0.0598095639832259,0.3561327823874389,0.1809338119384168,0.0941828566270683,3,9.346666666666666,valid
Uttar_Pradesh,Barabanki,2024,1,2024-10-06,2024-10-11,0.08690593871576045,0.31258356602753923,0.21966936157365596,0.13726252002892445,0,,insufficient_data
Uttar_Pradesh,Barabanki,2024,2,2024-10-11,2024-10-16,0.0786171401694724,0.32608935550045,0.2054289953345829,0.1220781321145491,1,19.13,valid
Uttar_Pradesh,Barabanki,2024,3,2024-10-16,2024-10-21,0.1024419553584085,0.2794913443866088,0.2381535648129053,0.1614094002631328,2,0.485,valid
Uttar_Pradesh,Barabanki,2024,4,2024-10-21,2024-10-26,0.106755095351935,0.2886207818356593,0.2541610742087189,0.1713796911109476,2,2.1750000000000003,valid
Uttar_Pradesh,Barabanki,2024,5,2024-10-26,2024-10-31,0.1172923951577996,0.2576410359243162,0.2647154503113089,0.1877335931660562,3,5.666666666666667,valid
Uttar_Pradesh,Barabanki,2024,6,2024-10-31,2024-11-05,0.11547299009810463,0.25795864029310167,0.25304588872687034,0.18139905200217735,0,,insufficient_data
Uttar_Pradesh,Barabanki,2024,7,2024-11-05,2024-11-10,0.1237320549485729,0.2384385794388993,0.2628119651221193,0.1951823131318029,4,1.795,valid
Uttar_Pradesh,Barabanki,2024,8,2024-11-10,2024-11-15,0.1271434496738072,0.2256014598800246,0.2453873891792992,0.1912902623389472,4,10.2075,valid
Uttar_Pradesh,Barabanki,2024,9,2024-11-15,2024-11-20,0.11846812800132127,0.227169967683139,0.2391264643731959,0.18531505060848508,0,,insufficient_data
Uttar_Pradesh,Barabanki,2024,10,2024-11-20,2024-11-25,0.1147009575812467,0.2183573562536313,0.2374661355137018,0.1858471425625532,3,1.38,valid
Uttar_Pradesh,Barabanki,2024,11,2024-11-25,2024-11-30,0.1170524988152248,0.2232131718014104,0.219721745224312,0.1725445171971777,2,9.69,valid
Uttar_Pradesh,Barabanki,2024,12,2024-11-30,2024-12-05,0.1097116789877548,0.2302392710417293,0.2302450868265471,0.1817110178119444,2,0.125,valid
Uttar_Pradesh,Barabanki,2024,13,2024-12-05,2024-12-10,0.1047513557666604,0.2457834188765026,0.221075906558455,0.16807290659013,4,0.7975,valid
Uttar_Pradesh,Barabanki,2024,14,2024-12-10,2024-12-15,0.10215952925057956,0.24691720426663064,0.21191947050938556,0.15896979398530814,0,,insufficient_data
Uttar_Pradesh,Barabanki,2024,15,2024-12-15,2024-12-20,0.0945224073523609,0.2597683757220773,0.2034160712039256,0.1479704746607887,4,0.635,valid
Uttar_Pradesh,Barabanki,2024,16,2024-12-20,2024-12-25,0.0847597053308969,0.2755817838914336,0.1851385427336882,0.1245500536665,2,0.315,valid
Uttar_Pradesh,Barabanki,2024,17,2024-12-25,2024-12-30,0.08058375888439732,0.28255176307299307,0.1859100556029402,0.12366942188604846,0,,insufficient_data
Uttar_Pradesh,Barabanki,2024,18,2024-12-30,2025-01-04,0.07424323439530747,0.2927532002208606,0.18057758886802439,0.11601552734431507,0,,insufficient_data
Uttar_Pradesh,Barabanki,2024,19,2025-01-04,2025-01-09,0.06748351007628967,0.30374814172045506,0.17296476142272396,0.10536387823882387,0,,insufficient_data
Uttar_Pradesh,Barabanki,2024,20,2025-01-09,2025-01-14,0.0624691639699342,0.3123051296054683,0.1691755528712068,0.0984877373308567,2,11.89,valid
Uttar_Pradesh,Barabanki,2024,21,2025-01-14,2025-01-19,0.0552216609280379,0.3233575116644633,0.1645801886632769,0.0930538437191149,2,19.33,valid
Uttar_Pradesh,Barabanki,2024,22,2025-01-19,2025-01-24,0.058527425822151924,0.31933452437122845,0.16387738053003625,0.09456461240008,0,,insufficient_data
Uttar_Pradesh,Barabanki,2024,23,2025-01-24,2025-01-29,0.0577903315983232,0.3188235198134507,0.1628458182640041,0.0944663272250445,4,7.565,valid
Uttar_Pradesh,Barabanki,2024,24,2025-01-29,2025-02-03,0.0586285467923124,0.3228519364015315,0.1589079623216572,0.0922505413253039,4,0.125,valid
Uttar_Pradesh,Barabanki,2024,25,2025-02-03,2025-02-08,0.06441471600540546,0.3174234080126926,0.16488452979484053,0.100452292280007,0,,insufficient_data
Uttar_Pradesh,Barabanki,2024,26,2025-02-08,2025-02-13,0.0614590960626068,0.3276357004272446,0.1634948981904698,0.0982198697024565,4,3.3575,valid
Uttar_Pradesh,Barabanki,2024,27,2025-02-13,2025-02-18,0.0725005159983776,0.2990123328001653,0.1632472134120187,0.1031782221266616,2,0.785,valid
Uttar_Pradesh,Barabanki,2024,28,2025-02-18,2025-02-23,0.0716950895754074,0.3187935506210708,0.1759267567860528,0.1141465010205685,2,6.6,valid
Uttar_Pradesh,Barabanki,2024,29,2025-02-23,2025-02-28,0.0817000141082642,0.2966032635502376,0.1746373346381635,0.1205688525673846,2,3.195,valid
Uttar_Pradesh,Barabanki,2024,30,2025-02-28,2025-03-05,0.08624581006926693,0.29424209480213614,0.18847581513921008,0.1302234555887052,0,,insufficient_data
Uttar_Pradesh,Barabanki,2024,31,2025-03-05,2025-03-10,0.0955639582308849,0.2926537169943023,0.2054956855927381,0.1515665714632531,4,0.0575,valid
Uttar_Pradesh,Barabanki,2024,32,2025-03-10,2025-03-15,0.1097694724334005,0.2641476100449048,0.2230720852670774,0.1616571307656582,3,11.68,valid
Uttar_Pradesh,Barabanki,2024,33,2025-03-15,2025-03-20,0.11579414391544,0.2557506033867779,0.23173485459185444,0.17254673575080004,0,,insufficient_data
Uttar_Pradesh,Barabanki,2024,34,2025-03-20,2025-03-25,0.1118343110378131,0.2360909632742077,0.2217570011267336,0.1647636713528416,4,6.345,valid
Uttar_Pradesh,Barabanki,2024,35,2025-03-25,2025-03-30,0.1247601603507052,0.2350131753233606,0.2429792268967506,0.183874156161016,2,0.045,valid
Uttar_Pradesh,Barabanki,2024,36,2025-03-30,2025-04-04,0.1370428175243963,0.2508475512971139,0.2653702740759727,0.2008721490112313,2,0.005,valid
Uttar_Pradesh,Barabanki,2024,37,2025-04-04,2025-04-09,0.1383197152431157,0.2468064587269683,0.2683611551341174,0.2043041415046674,4,1.2225,valid
Uttar_Pradesh,Barabanki,2024,38,2025-04-09,2025-04-14,0.13590134757237557,0.25422843620565266,0.2690243639527488,0.20536058465339072,0,,insufficient_data
Uttar_Pradesh,Barabanki,2024,39,2025-04-14,2025-04-19,0.1366626254795004,0.2613012209644526,0.2791001895748085,0.2098675988272453,4,0.245,valid
Uttar_Pradesh,Barabanki,2024,40,2025-04-19,2025-04-24,0.1427214192641603,0.2771737747163678,0.2893109740820949,0.2278848777627937,4,0.0,valid
Uttar_Pradesh,Barabanki,2024,41,2025-04-24,2025-04-29,0.13969202237183034,0.2692374978404102,0.2842055818284517,0.2188762382950195,0,,insufficient_data
Uttar_Pradesh,Barabanki,2024,42,2025-04-29,2025-05-04,0.13969202237183034,0.2692374978404102,0.2842055818284517,0.2188762382950195,0,,insufficient_data
Uttar_Pradesh,Barabanki,2025,0,2025-10-01,2025-10-06,0.1074660460324765,0.2793395462379359,0.2558899306116324,0.17600379090821594,0,,insufficient_data
Uttar_Pradesh,Barabanki,2025,1,2025-10-06,2025-10-11,0.11122830638614993,0.2712451169044824,0.2608608173579799,0.18393211545100996,1,28.72,missing_bands
Uttar_Pradesh,Barabanki,2025,2,2025-10-11,2025-10-16,0.1045594016251804,0.2779767143109078,0.2485761625610585,0.1695879821590067,2,0.19,valid
Uttar_Pradesh,Barabanki,2025,3,2025-10-16,2025-10-21,0.1103726904397726,0.280702378164964,0.2632036986622063,0.1824195996574252,2,0.12,valid
Uttar_Pradesh,Barabanki,2025,4,2025-10-21,2025-10-26,0.1187528270934968,0.2550562582375754,0.2708025908506748,0.199788764536598,4,4.1675,valid
Uttar_Pradesh,Barabanki,2025,5,2025-10-26,2025-10-31,0.11243781889847045,0.2595610438794782,0.25746960772479377,0.18671090924597583,0,,insufficient_data
Uttar_Pradesh,Barabanki,2025,6,2025-10-31,2025-11-05,0.11622116739533284,0.244966820549401,0.2558227567161712,0.19429464805837127,0,,insufficient_data
Uttar_Pradesh,Barabanki,2025,7,2025-11-05,2025-11-10,0.116066356435432,0.2245088248044657,0.2472959788252355,0.1950472906308734,4,4.0775,valid
Uttar_Pradesh,Barabanki,2025,8,2025-11-10,2025-11-15,0.11755283800191843,0.22100135258533576,0.2351382911447274,0.1898184423527054,0,,insufficient_data
Uttar_Pradesh,Barabanki,2025,9,2025-11-15,2025-11-20,0.1196927956126299,0.219599820990599,0.2419887585265683,0.1999229374085884,3,6.133333333333333,valid
Uttar_Pradesh,Barabanki,2025,10,2025-11-20,2025-11-25,0.1197371076002163,0.2174507937406792,0.2197228392666472,0.1762491201819322,2,14.465,valid
Uttar_Pradesh,Barabanki,2025,11,2025-11-25,2025-11-30,0.1147150923593955,0.2224459708055991,0.2315455879604586,0.1880544211894276,2,0.4549999999999999,valid
Uttar_Pradesh,Barabanki,2025,12,2025-11-30,2025-12-05,0.102829088998161,0.2296881477346666,0.2140171923540615,0.1660901102027343,4,0.6699999999999999,valid
Uttar_Pradesh,Barabanki,2025,13,2025-12-05,2025-12-10,0.10663511711085008,0.2282000567574639,0.2143975834172085,0.16671777125538192,0,,insufficient_data
Uttar_Pradesh,Barabanki,2025,14,2025-12-10,2025-12-15,0.0892591794856275,0.2432153147489108,0.1923047140876667,0.1364774334474336,4,6.165000000000001,valid
Uttar_Pradesh,Barabanki,2025,15,2025-12-15,2025-12-20,0.09604413424189426,0.2364517312417887,0.20316095322086408,0.15128377182508396,0,,insufficient_data
Uttar_Pradesh,Barabanki,2025,16,2025-12-20,2025-12-25,0.0892591794856275,0.2432153147489108,0.1923047140876667,0.1364774334474336,0,,insufficient_data
Uttar_Pradesh,Barabanki,2025,17,2025-12-25,2025-12-30,0.07339097368396545,0.2768090875796099,0.17579415659705266,0.1140432921053384,0,,insufficient_data
Uttar_Pradesh,Barabanki,2025,18,2025-12-30,2026-01-04,0.0575227678823034,0.310402860410309,0.1592835991064386,0.0916091507632432,0,,insufficient_data
Uttar_Pradesh,Barabanki,2025,19,2026-01-04,2026-01-09,0.0555699837541172,0.3134425963822376,0.15683137317943846,0.0893053214541483,0,,insufficient_data
Uttar_Pradesh,Barabanki,2025,20,2026-01-09,2026-01-14,0.0575227678823034,0.310402860410309,0.1592835991064386,0.0916091507632432,4,1.5799999999999998,valid
Uttar_Pradesh,Barabanki,2025,21,2026-01-14,2026-01-19,0.0555699837541172,0.3134425963822376,0.15683137317943846,0.0893053214541483,0,,insufficient_data
Uttar_Pradesh,Barabanki,2025,22,2026-01-19,2026-01-24,0.053617199625931,0.3164823323541662,0.1543791472524383,0.0870014921450534,4,5.130000000000001,valid
Uttar_Pradesh,Barabanki,2025,23,2026-01-24,2026-01-29,0.0539471505232929,0.3337539185874677,0.15113559950159144,0.08515070946801347,0,,insufficient_data
Uttar_Pradesh,Barabanki,2025,24,2026-01-29,2026-02-03,0.0554340172953081,0.3482548895560166,0.14910612002557455,0.0868621412945608,0,,insufficient_data
Uttar_Pradesh,Barabanki,2025,25,2026-02-03,2026-02-08,0.0496156174478778,0.3649966852600773,0.1406011949953632,0.0767345003607577,1,0.6,valid
Uttar_Pradesh,Barabanki,2025,26,2026-02-08,2026-02-13,0.0550330171370594,0.3431337963253184,0.1502784566521257,0.0852576946029996,2,0.875,valid
Uttar_Pradesh,Barabanki,2025,27,2026-02-13,2026-02-18,0.0634702349703642,0.3684067442845045,0.151165681202371,0.0984548780694325,1,17.12,valid
Uttar_Pradesh,Barabanki,2025,28,2026-02-18,2026-02-23,0.0614453961913451,0.333697089488334,0.1615579988073363,0.0979283986503208,4,4.7125,valid
Uttar_Pradesh,Barabanki,2025,29,2026-02-23,2026-02-28,0.07000309478086661,0.3230096432233297,0.16811639115812418,0.10798233017859986,0,,insufficient_data
Uttar_Pradesh,Barabanki,2025,30,2026-02-28,2026-03-05,0.0811359027272123,0.3172219624380613,0.1914136774874488,0.1296886945920967,3,5.956666666666667,valid
Uttar_Pradesh,Barabanki,2025,31,2026-03-05,2026-03-10,0.0889309228783521,0.2525886235804305,0.1861661416413391,0.1285819849781497,3,2.52,valid
Uttar_Pradesh,Barabanki,2025,32,2026-03-10,2026-03-15,0.0964506330408342,0.24547504645417875,0.2034018631732411,0.14708531527847385,0,,insufficient_data
Uttar_Pradesh,Barabanki,2025,33,2026-03-15,2026-03-20,0.1101339704508775,0.2410937905870053,0.2108583353326963,0.1529727705424831,4,6.682499999999999,valid
Uttar_Pradesh,Barabanki,2025,34,2026-03-20,2026-03-25,0.096659982076743,0.2014021973696187,0.2031526277725996,0.1512692098516416,2,0.2299999999999999,valid
Uttar_Pradesh,Barabanki,2025,35,2026-03-25,2026-03-30,0.1053923870709862,0.215068658295778,0.2254185336321216,0.1729139164279981,2,0.21,valid
Uttar_Pradesh,Barabanki,2025,36,2026-03-30,2026-04-04,0.10406211319953557,0.21918821541746736,0.21314316557913915,0.15905196560737425,0,,insufficient_data
Uttar_Pradesh,Barabanki,2025,37,2026-04-04,2026-04-09,0.1010261845738646,0.20823542783269836,0.2142855807023606,0.16209156313981987,0,,insufficient_data
Uttar_Pradesh,Barabanki,2025,38,2026-04-09,2026-04-14,0.1053923870709862,0.215068658295778,0.2254185336321216,0.1729139164279981,0,,insufficient_data
Uttar_Pradesh,Barabanki,2025,39,2026-04-14,2026-04-19,,,,,0,,insufficient_data
Uttar_Pradesh,Barabanki,2025,40,2026-04-19,2026-04-24,,,,,0,,insufficient_data
Uttar_Pradesh,Barabanki,2025,41,2026-04-24,2026-04-29,,,,,0,,insufficient_data
Uttar_Pradesh,Barabanki,2025,42,2026-04-29,2026-05-04,,,,,0,,insufficient_data
