state,district,year,time_step,start_date,end_date,Red,NIR,SWIR1,SWIR2,image_count,mean_cloud_cover,quality_flag
Uttar_Pradesh,Sultanpur,2010,0,2010-10-01,2010-10-06,0.0799094018293676,0.3109725879622964,0.2060263239323095,0.1118352263084694,0,,insufficient_data
Uttar_Pradesh,Sultanpur,2010,1,2010-10-06,2010-10-11,0.0799094018293676,0.3109725879622964,0.2060263239323095,0.1118352263084694,1,9.0,valid
Uttar_Pradesh,Sultanpur,2010,2,2010-10-11,2010-10-16,0.0931219445617712,0.3016037389039173,0.2098769193590355,0.11728155900012915,0,,insufficient_data
Uttar_Pradesh,Sultanpur,2010,3,2010-10-16,2010-10-21,0.09703815002788879,0.29447578582922856,0.2192109984358506,0.12776166374581763,0,,insufficient_data
Uttar_Pradesh,Sultanpur,2010,4,2010-10-21,2010-10-26,0.1063344872941748,0.2922348898455382,0.2137275147857615,0.1227278916917889,2,2.0,valid
Uttar_Pradesh,Sultanpur,2010,5,2010-10-26,2010-10-31,0.1056025241271494,0.2862273847626947,0.22580333568762115,0.13572488246449174,0,,insufficient_data
Uttar_Pradesh,Sultanpur,2010,6,2010-10-31,2010-11-05,0.104870560960124,0.2802198796798512,0.2378791565894808,0.1487218732371946,1,1.0,valid
Uttar_Pradesh,Sultanpur,2010,7,2010-11-05,2010-11-10,0.1056025241271494,0.2862273847626947,0.22580333568762115,0.13572488246449174,0,,insufficient_data
Uttar_Pradesh,Sultanpur,2010,8,2010-11-10,2010-11-15,0.104870560960124,0.2802198796798512,0.2378791565894808,0.1487218732371946,0,,insufficient_data
Uttar_Pradesh,Sultanpur,2010,9,2010-11-15,2010-11-20,0.12038869171626285,0.2640008364375202,0.2570916257231101,0.17148301633251278,0,,insufficient_data
Uttar_Pradesh,Sultanpur,2010,10,2010-11-20,2010-11-25,0.1359068224724017,0.2477817931951892,0.2763040948567394,0.194244159427831,0,,insufficient_data
Uttar_Pradesh,Sultanpur,2010,11,2010-11-25,2010-11-30,0.13192784581063505,0.24541003207954615,0.27057619741714284,0.19288436427198655,0,,insufficient_data
Uttar_Pradesh,Sultanpur,2010,12,2010-11-30,2010-12-05,0.1359068224724017,0.2477817931951892,0.2763040948567394,0.194244159427831,1,0.0,valid
Uttar_Pradesh,Sultanpur,2010,13,2010-12-05,2010-12-10,0.130527333131766,0.2457104001919583,0.2617738474900402,0.19033461253275585,0,,insufficient_data
Uttar_Pradesh,Sultanpur,2010,14,2010-12-10,2010-12-15,0.1279488691488684,0.2430382709639031,0.2648482999775463,0.1915245691161421,2,3.0,valid
Uttar_Pradesh,Sultanpur,2010,15,2010-12-15,2010-12-20,0.1277263077740279,0.2463111364167826,0.2441691476358349,0.1852351090542944,2,1.0,valid
Uttar_Pradesh,Sultanpur,2010,16,2010-12-20,2010-12-25,0.13021398523385863,0.2524844065338696,0.24385810461260965,0.17307512971999403,0,,insufficient_data
Uttar_Pradesh,Sultanpur,2010,17,2010-12-25,2010-12-30,0.1363631931701633,0.2414536337466953,0.2312409742676387,0.1607016352983346,2,0.0,valid
Uttar_Pradesh,Sultanpur,2010,18,2010-12-30,2011-01-04,0.13096902392885537,0.2556331183905251,0.23686137282429742,0.16692531658794466,0,,insufficient_data
Uttar_Pradesh,Sultanpur,2010,19,2011-01-04,2011-01-09,0.1288175708423749,0.2791345850080974,0.2351739965694187,0.154839205411205,1,22.0,valid
Uttar_Pradesh,Sultanpur,2010,20,2011-01-09,2011-01-14,0.11166006750078677,0.27066738190615447,0.21609697760792854,0.14042689000732994,0,,insufficient_data
Uttar_Pradesh,Sultanpur,2010,21,2011-01-14,2011-01-19,0.10342569227766125,0.2804052979593075,0.21104897872135844,0.13366864157699504,0,,insufficient_data
Uttar_Pradesh,Sultanpur,2010,22,2011-01-19,2011-01-24,0.0979603763870464,0.2723100225678038,0.1988745225968531,0.1286023608145392,2,12.5,valid
Uttar_Pradesh,Sultanpur,2010,23,2011-01-24,2011-01-29,0.0834991296035625,0.2897712863020214,0.1990984169978036,0.1175643585052409,2,0.0,valid
Uttar_Pradesh,Sultanpur,2010,24,2011-01-29,2011-02-03,0.09227020853079251,0.3010456289524084,0.19248402408322593,0.11579644227130041,0,,insufficient_data
Uttar_Pradesh,Sultanpur,2010,25,2011-02-03,2011-02-08,0.1222967543572617,0.2826923068984577,0.177911711529137,0.1071156238008943,2,0.0,valid
Uttar_Pradesh,Sultanpur,2010,26,2011-02-08,2011-02-13,0.0814422708093267,0.3271101923650822,0.1949593380247069,0.1124213966565393,1,3.0,valid
Uttar_Pradesh,Sultanpur,2010,27,2011-02-13,2011-02-18,0.0761525114967652,0.3333443366286768,0.1915761312676291,0.1132784715792884,1,6.0,valid
Uttar_Pradesh,Sultanpur,2010,28,2011-02-18,2011-02-23,0.0837282800907602,0.3569487720646632,0.1962572059702531,0.1086815796879833,1,0.0,valid
Uttar_Pradesh,Sultanpur,2010,29,2011-02-23,2011-02-28,0.0785917183081141,0.3296769712054116,0.19068048867892895,0.11291986112498908,0,,insufficient_data
Uttar_Pradesh,Sultanpur,2010,30,2011-02-28,2011-03-05,0.0729667328222687,0.3224468969917411,0.1838618487983306,0.1121735367185887,2,3.5,valid
Uttar_Pradesh,Sultanpur,2010,31,2011-03-05,2011-03-10,0.0786687963214496,0.3085346579768948,0.186747919333725,0.1180443209825457,2,2.5,valid
Uttar_Pradesh,Sultanpur,2010,32,2011-03-10,2011-03-15,0.09421838186202244,0.28606960973127815,0.20397190555454672,0.13512096246046074,0,,insufficient_data
Uttar_Pradesh,Sultanpur,2010,33,2011-03-15,2011-03-20,0.0924261521120549,0.288340956829447,0.2025640175034887,0.1321478907685631,1,0.0,valid
Uttar_Pradesh,Sultanpur,2010,34,2011-03-20,2011-03-25,0.1095746304637694,0.2525242092014415,0.220621843862747,0.1567570820789212,1,18.0,valid
Uttar_Pradesh,Sultanpur,2010,35,2011-03-25,2011-03-30,0.1174555975905696,0.2585013276568664,0.2260638982744422,0.156481981753685,1,1.0,valid
Uttar_Pradesh,Sultanpur,2010,36,2011-03-30,2011-04-04,0.1334545019449301,0.2344608853330947,0.2436251880277042,0.1775544588197846,2,0.0,valid
Uttar_Pradesh,Sultanpur,2010,37,2011-04-04,2011-04-09,0.13202084341094397,0.24835208272109344,0.24766391976617713,0.18014288351389224,0,,insufficient_data
Uttar_Pradesh,Sultanpur,2010,38,2011-04-09,2011-04-14,0.1395029143933355,0.24696137389431075,0.2566779450673205,0.18793815065888256,0,,insufficient_data
Uttar_Pradesh,Sultanpur,2010,39,2011-04-14,2011-04-19,0.1675986436445068,0.2479219086929711,0.3003447488998151,0.2297780114031781,1,0.0,valid
Uttar_Pradesh,Sultanpur,2010,40,2011-04-19,2011-04-24,0.1675986436445068,0.2479219086929711,0.3003447488998151,0.2297780114031781,0,,insufficient_data
Uttar_Pradesh,Sultanpur,2010,41,2011-04-24,2011-04-29,0.1675986436445068,0.2479219086929711,0.3003447488998151,0.2297780114031781,0,,insufficient_data
Uttar_Pradesh,Sultanpur,2010,42,2011-04-29,2011-05-04,0.1675986436445068,0.2479219086929711,0.3003447488998151,0.2297780114031781,0,,insufficient_data
Uttar_Pradesh,Sultanpur,2011,0,2011-10-01,2011-10-06,0.0666198455952455,0.3127996510190398,0.1774423141570468,0.0934263171552593,2,3.0,valid
Uttar_Pradesh,Sultanpur,2011,1,2011-10-06,2011-10-11,0.07581392765499087,0.30345594573236495,0.19173225329275687,0.11162231744745293,0,,insufficient_data
Uttar_Pradesh,Sultanpur,2011,2,2011-10-11,2011-10-16,0.0715308342981778,0.3119901782949374,0.1951778980212852,0.1131914594193379,1,7.0,valid
Uttar_Pradesh,Sultanpur,2011,3,2011-10-16,2011-10-21,0.0892911030715493,0.2855780078831177,0.2025765476999386,0.1282491757677616,2,4.5,valid
Uttar_Pradesh,Sultanpur,2011,4,2011-10-21,2011-10-26,0.09431779460599483,0.28940849859860385,0.20422622187618408,0.12828793287646326,0,,insufficient_data
Uttar_Pradesh,Sultanpur,2011,5,2011-10-26,2011-10-31,0.1221314464482574,0.2706573096177564,0.2149242199073284,0.1434231634422903,2,0.0,valid
Uttar_Pradesh,Sultanpur,2011,6,2011-10-31,2011-11-05,0.12381165817188282,0.26243817799283303,0.2183657755957847,0.14548394006490403,0,,insufficient_data
Uttar_Pradesh,Sultanpur,2011,7,2011-11-05,2011-11-10,0.14107193572204954,0.2508682630476908,0.22626038954370775,0.15410132221347525,0,,insufficient_data
Uttar_Pradesh,Sultanpur,2011,8,2011-11-10,2011-11-15,0.1600124249958417,0.2310792164776251,0.2375965591800871,0.1647794809846602,1,1.0,valid
Uttar_Pradesh,Sultanpur,2011,9,2011-11-15,2011-11-20,0.1535233480732057,0.2289840169204564,0.2407875066422755,0.17298694202318105,0,,insufficient_data
Uttar_Pradesh,Sultanpur,2011,10,2011-11-20,2011-11-25,0.14511565284321779,0.22472199302686624,0.2394907592004888,0.17573717125485946,0,,insufficient_data
Uttar_Pradesh,Sultanpur,2011,11,2011-11-25,2011-11-30,0.1470342711505697,0.2268888173632877,0.2439784541044639,0.1811944030617019,1,4.0,valid
Uttar_Pradesh,Sultanpur,2011,12,2011-11-30,2011-12-05,0.13766726676690583,0.22154338130148682,0.24043785921068966,0.1812160163899591,0,,insufficient_data
Uttar_Pradesh,Sultanpur,2011,13,2011-12-05,2011-12-10,0.128300262383242,0.2161979452396859,0.2368972643169154,0.1812376297182163,1,1.0,valid
Uttar_Pradesh,Sultanpur,2011,14,2011-12-10,2011-12-15,0.13766726676690583,0.22154338130148682,0.24043785921068966,0.1812160163899591,0,,insufficient_data
Uttar_Pradesh,Sultanpur,2011,15,2011-12-15,2011-12-20,0.1192146201650363,0.21989469881288395,0.22752361675518476,0.17104061604262422,0,,insufficient_data
Uttar_Pradesh,Sultanpur,2011,16,2011-12-20,2011-12-25,0.1192146201650363,0.21989469881288395,0.22752361675518476,0.17104061604262422,0,,insufficient_data
Uttar_Pradesh,Sultanpur,2011,17,2011-12-25,2011-12-30,0.1101289779468306,0.223591452386082,0.2181499691934541,0.1608436023670321,0,,insufficient_data
Uttar_Pradesh,Sultanpur,2011,18,2011-12-30,2012-01-04,0.1101289779468306,0.223591452386082,0.2181499691934541,0.1608436023670321,1,0.0,valid
Uttar_Pradesh,Sultanpur,2011,19,2012-01-04,2012-01-09,0.09156390587498266,0.26428699053197063,0.20299185421684962,0.1330200308921289,0,,insufficient_data
Uttar_Pradesh,Sultanpur,2011,20,2012-01-09,2012-01-14,0.09156390587498266,0.26428699053197063,0.20299185421684962,0.1330200308921289,0,,insufficient_data
Uttar_Pradesh,Sultanpur,2011,21,2012-01-14,2012-01-19,0.0895620169179161,0.2718421156807319,0.202370294619064,0.1247299026571533,1,0.0,valid
Uttar_Pradesh,Sultanpur,2011,22,2012-01-19,2012-01-24,0.0750007227602013,0.2974274035290979,0.1884552988380307,0.1134865876522013,1,0.0,valid
Uttar_Pradesh,Sultanpur,2011,23,2012-01-24,2012-01-29,0.08901948833989978,0.30529496410499535,0.19597261088324155,0.11817295583816893,0,,insufficient_data
Uttar_Pradesh,Sultanpur,2011,24,2012-01-29,2012-02-03,0.0819116884309232,0.3329069061990917,0.2021091922433709,0.1226856333846357,1,0.0,valid
Uttar_Pradesh,Sultanpur,2011,25,2012-02-03,2012-02-08,0.1096035252505585,0.3190034310110599,0.1909556578325007,0.1117896996586854,1,2.0,valid
Uttar_Pradesh,Sultanpur,2011,26,2012-02-08,2012-02-13,0.09708517470261424,0.3216867122641306,0.19141290781575288,0.11412012007362024,0,,insufficient_data
Uttar_Pradesh,Sultanpur,2011,27,2012-02-13,2012-02-18,0.1239707307812331,0.3143807843364832,0.191062557805365,0.113805811137676,1,20.0,valid
Uttar_Pradesh,Sultanpur,2011,28,2012-02-18,2012-02-23,0.09678460249977107,0.32310054208355987,0.18985943512876458,0.11380215288146295,0,,insufficient_data
Uttar_Pradesh,Sultanpur,2011,29,2012-02-23,2012-02-28,0.0728547543477422,0.3204557275098877,0.1815242233817749,0.1081993361134839,1,0.0,valid
Uttar_Pradesh,Sultanpur,2011,30,2012-02-28,2012-03-04,0.0807093996195505,0.3385622254768087,0.1958953014954177,0.1214137646160065,1,0.0,valid
Uttar_Pradesh,Sultanpur,2011,31,2012-03-04,2012-03-09,0.08730450093868916,0.30586041678321685,0.19493212161393914,0.12498921676713434,0,,insufficient_data
Uttar_Pradesh,Sultanpur,2011,32,2012-03-09,2012-03-14,0.0910635877372823,0.304239772950753,0.1958650770812095,0.1285330474979545,1,0.0,valid
Uttar_Pradesh,Sultanpur,2011,33,2012-03-14,2012-03-19,0.10147853306608015,0.2898600488929951,0.20681209275389117,0.13919875115792268,0,,insufficient_data
Uttar_Pradesh,Sultanpur,2011,34,2012-03-19,2012-03-24,0.1045902620501816,0.2601839411954181,0.2064438844973544,0.1418107188410925,1,0.0,valid
Uttar_Pradesh,Sultanpur,2011,35,2012-03-24,2012-03-29,0.1295508828573062,0.2564542559490007,0.229044107941583,0.1650374736766373,1,0.0,valid
Uttar_Pradesh,Sultanpur,2011,36,2012-03-29,2012-04-03,0.13469109033909485,0.2503141625018615,0.2419591650224095,0.1735196826772506,0,,insufficient_data
Uttar_Pradesh,Sultanpur,2011,37,2012-04-03,2012-04-08,0.1467415578296681,0.2356971202184283,0.2542457146430747,0.1845560299043945,1,8.0,valid
Uttar_Pradesh,Sultanpur,2011,38,2012-04-08,2012-04-13,0.1578816586192235,0.2489213326445989,0.2781029530076258,0.2026745082868782,1,5.0,valid
Uttar_Pradesh,Sultanpur,2011,39,2012-04-13,2012-04-18,0.164023949191757,0.25383690117566765,0.28723082351541634,0.21585360311835303,0,,insufficient_data
Uttar_Pradesh,Sultanpur,2011,40,2012-04-18,2012-04-23,0.164023949191757,0.25383690117566765,0.28723082351541634,0.21585360311835303,0,,insufficient_data
Uttar_Pradesh,Sultanpur,2011,41,2012-04-23,2012-04-28,0.1874486311263794,0.2768922506639757,0.3293438028955485,0.2603302711637864,1,0.0,valid
Uttar_Pradesh,Sultanpur,2011,42,2012-04-28,2012-05-03,0.1874486311263794,0.2768922506639757,0.3293438028955485,0.2603302711637864,0,,insufficient_data
Uttar_Pradesh,Sultanpur,2012,0,2012-10-01,2012-10-06,0.0848710726186673,0.3038262181650214,0.2088103637591986,0.1297738545966562,0,,insufficient_data
Uttar_Pradesh,Sultanpur,2012,1,2012-10-06,2012-10-11,0.0848710726186673,0.3038262181650214,0.2088103637591986,0.1297738545966562,0,,insufficient_data
Uttar_Pradesh,Sultanpur,2012,2,2012-10-11,2012-10-16,0.0823370340949031,0.3221817564570547,0.2105624708129127,0.1280456293244956,1,0.0,valid
Uttar_Pradesh,Sultanpur,2012,3,2012-10-16,2012-10-21,0.0874051111424315,0.2854706798729882,0.2070582567054845,0.1315020798688168,1,0.0,valid
Uttar_Pradesh,Sultanpur,2012,4,2012-10-21,2012-10-26,0.09802631689112977,0.2915048224611974,0.2268160043708889,0.14875835641991647,0,,insufficient_data
Uttar_Pradesh,Sultanpur,2012,5,2012-10-26,2012-10-31,0.101379745540598,0.2889121975429521,0.2307349320539648,0.1511885083194742,1,0.0,valid
Uttar_Pradesh,Sultanpur,2012,6,2012-10-31,2012-11-05,0.1178429199418001,0.2721422465438344,0.23628002080614513,0.1606109706680678,0,,insufficient_data
Uttar_Pradesh,Sultanpur,2012,7,2012-11-05,2012-11-10,0.1209833767865865,0.2694546559717947,0.2589083579111936,0.1842972081668793,1,2.0,valid
Uttar_Pradesh,Sultanpur,2012,8,2012-11-10,2012-11-15,0.1616034462975844,0.2447314527876026,0.2484185365539377,0.1754560863171008,1,0.0,valid
Uttar_Pradesh,Sultanpur,2012,9,2012-11-15,2012-11-20,0.1394680528915501,0.2516956983503547,0.2610339725845582,0.19108298621733968,0,,insufficient_data
Uttar_Pradesh,Sultanpur,2012,10,2012-11-20,2012-11-25,0.1333287310316618,0.2496157776099935,0.2683474070271417,0.2011016839061099,1,0.0,valid
Uttar_Pradesh,Sultanpur,2012,11,2012-11-25,2012-11-30,0.14282672382815415,0.2432368602485829,0.2614215395452625,0.19768935940790497,0,,insufficient_data
Uttar_Pradesh,Sultanpur,2012,12,2012-11-30,2012-12-05,0.1419566574503677,0.2429809070320281,0.2684615888459598,0.2034769664792687,1,0.0,valid
Uttar_Pradesh,Sultanpur,2012,13,2012-12-05,2012-12-10,0.1344180605330027,0.2356193035647074,0.2604586257540107,0.2107227009291405,1,1.0,valid
Uttar_Pradesh,Sultanpur,2012,14,2012-12-10,2012-12-15,0.13818735899168522,0.23930010529836776,0.26446010729998526,0.2070998337042046,0,,insufficient_data
Uttar_Pradesh,Sultanpur,2012,15,2012-12-15,2012-12-20,0.13702214140507507,0.2344153869642723,0.24581029604856608,0.1879205109053634,0,,insufficient_data
Uttar_Pradesh,Sultanpur,2012,16,2012-12-20,2012-12-25,0.13455488338242877,0.23013262693039435,0.2344846496498692,0.18014228311841074,0,,insufficient_data
Uttar_Pradesh,Sultanpur,2012,17,2012-12-25,2012-12-30,0.1346917062318548,0.2246459502960813,0.2085106735457277,0.149561865307681,0,,insufficient_data
Uttar_Pradesh,Sultanpur,2012,18,2012-12-30,2013-01-04,0.1346917062318548,0.2246459502960813,0.2085106735457277,0.149561865307681,1,9.0,valid
Uttar_Pradesh,Sultanpur,2012,19,2013-01-04,2013-01-09,0.1346917062318548,0.2246459502960813,0.2085106735457277,0.149561865307681,0,,insufficient_data
Uttar_Pradesh,Sultanpur,2012,20,2013-01-09,2013-01-14,0.1346917062318548,0.2246459502960813,0.2085106735457277,0.149561865307681,0,,insufficient_data
Uttar_Pradesh,Sultanpur,2012,21,2013-01-14,2013-01-19,0.1346917062318548,0.2246459502960813,0.2085106735457277,0.149561865307681,0,,insufficient_data
Uttar_Pradesh,Sultanpur,2012,22,2013-01-19,2013-01-24,,,,,0,,insufficient_data
Uttar_Pradesh,Sultanpur,2012,23,2013-01-24,2013-01-29,0.0660360870670616,0.3261381554666256,0.178768651812804,0.1023577247889983,0,,insufficient_data
Uttar_Pradesh,Sultanpur,2012,24,2013-01-29,2013-02-03,0.0660360870670616,0.3261381554666256,0.178768651812804,0.1023577247889983,0,,insufficient_data
Uttar_Pradesh,Sultanpur,2012,25,2013-02-03,2013-02-08,0.06160282633845355,0.33860873877929154,0.17144622605304904,0.09228025357542075,0,,insufficient_data
Uttar_Pradesh,Sultanpur,2012,26,2013-02-08,2013-02-13,0.0660360870670616,0.3261381554666256,0.178768651812804,0.1023577247889983,1,0.0,valid
Uttar_Pradesh,Sultanpur,2012,27,2013-02-13,2013-02-18,0.05878554207847076,0.3343279670854015,0.16519284516940128,0.08720367273488037,0,,insufficient_data
Uttar_Pradesh,Sultanpur,2012,28,2013-02-18,2013-02-23,0.0571695656098455,0.3510793220919574,0.1641238002932941,0.0822027823618432,1,1.0,valid
Uttar_Pradesh,Sultanpur,2012,29,2013-02-23,2013-02-28,0.0531509735585052,0.3257664236976214,0.1526860834021057,0.0770505110537996,1,0.0,valid
Uttar_Pradesh,Sultanpur,2012,30,2013-02-28,2013-03-05,0.06443216270071989,0.3277077365067421,0.17306092407032742,0.09719635628088472,0,,insufficient_data
Uttar_Pradesh,Sultanpur,2012,31,2013-03-05,2013-03-10,0.0695342106871472,0.3381510032077127,0.1888026433976923,0.1115645330391958,1,0.0,valid
Uttar_Pradesh,Sultanpur,2012,32,2013-03-10,2013-03-15,0.0778739009473817,0.295834197029677,0.1866311691882176,0.1179675986687002,1,0.0,valid
Uttar_Pradesh,Sultanpur,2012,33,2013-03-15,2013-03-20,0.07370405581726444,0.31699260011869484,0.18771690629295495,0.114766065853948,0,,insufficient_data
Uttar_Pradesh,Sultanpur,2012,34,2013-03-20,2013-03-25,0.10016131471481293,0.29519842805419666,0.22067305931684186,0.14761704688005223,0,,insufficient_data
Uttar_Pradesh,Sultanpur,2012,35,2013-03-25,2013-03-30,0.11547486672864579,0.2737221404774387,0.23660826727641665,0.16564330380048045,0,,insufficient_data
Uttar_Pradesh,Sultanpur,2012,36,2013-03-30,2013-04-04,0.16208615777280688,0.2530669224512959,0.2882679109856767,0.21539674703152945,0,,insufficient_data
Uttar_Pradesh,Sultanpur,2012,37,2013-04-04,2013-04-09,0.1530758325099099,0.2516100839252004,0.2865853653646157,0.2133190089322607,1,0.0,valid
Uttar_Pradesh,Sultanpur,2012,38,2013-04-09,2013-04-14,0.1698831657721597,0.25935221593607743,0.3052640252299316,0.2329519797901852,0,,insufficient_data
Uttar_Pradesh,Sultanpur,2012,39,2013-04-14,2013-04-19,0.1710964830357039,0.2545237609773915,0.2899504566067378,0.2174744851307982,1,14.0,valid
Uttar_Pradesh,Sultanpur,2012,40,2013-04-19,2013-04-24,0.1854771817708653,0.2719228029056404,0.3392562537184413,0.2680624453074967,1,4.0,valid
Uttar_Pradesh,Sultanpur,2012,41,2013-04-24,2013-04-29,0.1782868324032846,0.26322328194151595,0.3146033551625895,0.24276846521914744,0,,insufficient_data
Uttar_Pradesh,Sultanpur,2012,42,2013-04-29,2013-05-04,0.1782868324032846,0.26322328194151595,0.3146033551625895,0.24276846521914744,0,,insufficient_data
Uttar_Pradesh,Sultanpur,2013,0,2013-10-01,2013-10-06,,,,,0,,insufficient_data
Uttar_Pradesh,Sultanpur,2013,1,2013-10-06,2013-10-11,0.0788313611139437,0.2887068950430955,0.1872580923363643,0.1018284181120347,0,,insufficient_data
Uttar_Pradesh,Sultanpur,2013,2,2013-10-11,2013-10-16,0.0788313611139437,0.2887068950430955,0.1872580923363643,0.1018284181120347,0,,insufficient_data
Uttar_Pradesh,Sultanpur,2013,3,2013-10-16,2013-10-21,0.08708354569616275,0.2776905684773602,0.1984554607707243,0.1188358975871463,0,,insufficient_data
Uttar_Pradesh,Sultanpur,2013,4,2013-10-21,2013-10-26,0.0788313611139437,0.2887068950430955,0.1872580923363643,0.1018284181120347,2,4.79,valid
Uttar_Pradesh,Sultanpur,2013,5,2013-10-26,2013-10-31,0.09200762627384029,0.269199983788418,0.20973770934756564,0.13192827375546307,0,,insufficient_data
Uttar_Pradesh,Sultanpur,2013,6,2013-10-31,2013-11-05,0.0953357302783818,0.2666742419116248,0.2096528292050843,0.1358433770622579,3,8.333333333333334,valid
Uttar_Pradesh,Sultanpur,2013,7,2013-11-05,2013-11-10,0.1018557874291954,0.2522188144105336,0.2323022065012483,0.1581130260920966,1,10.98,valid
Uttar_Pradesh,Sultanpur,2013,8,2013-11-10,2013-11-15,0.11678815732440298,0.244659186187255,0.23679341117581018,0.17068261937134602,0,,insufficient_data
Uttar_Pradesh,Sultanpur,2013,9,2013-11-15,2013-11-20,0.1185097713032463,0.2426521769246837,0.2512044942435212,0.1892570016323038,3,10.613333333333332,valid
Uttar_Pradesh,Sultanpur,2013,10,2013-11-20,2013-11-25,0.1531585137680422,0.2365756336414827,0.25216932079725,0.1890040093667156,1,0.0,valid
Uttar_Pradesh,Sultanpur,2013,11,2013-11-25,2013-11-30,0.1150809838431491,0.2251750640479501,0.2386382051319472,0.1811956827033562,1,0.0,valid
Uttar_Pradesh,Sultanpur,2013,12,2013-11-30,2013-12-05,0.1128451466885128,0.2179633153947173,0.2332680968316961,0.1832119147680156,3,0.1666666666666666,valid
Uttar_Pradesh,Sultanpur,2013,13,2013-12-05,2013-12-10,0.12463371168724886,0.2255842928257851,0.23335234528344212,0.1783813358646314,0,,insufficient_data
Uttar_Pradesh,Sultanpur,2013,14,2013-12-10,2013-12-15,0.1337223469066073,0.2254697960931249,0.2356830925699119,0.1819430248291879,2,0.01,valid
Uttar_Pradesh,Sultanpur,2013,15,2013-12-15,2013-12-20,0.1083615672299328,0.2227376549516504,0.2070030110864052,0.1565520476558816,2,14.75,valid
Uttar_Pradesh,Sultanpur,2013,16,2013-12-20,2013-12-25,0.11083833684985567,0.2373080618263165,0.20715621347783833,0.15019020227832053,0,,insufficient_data
Uttar_Pradesh,Sultanpur,2013,17,2013-12-25,2013-12-30,0.1036218000560741,0.2385114387582682,0.2110965519515241,0.1523594228688127,2,29.005000000000003,valid
Uttar_Pradesh,Sultanpur,2013,18,2013-12-30,2014-01-04,0.0825783556945102,0.2538730715705461,0.1881162892505679,0.1309139573806801,1,0.77,valid
Uttar_Pradesh,Sultanpur,2013,19,2014-01-04,2014-01-09,0.1259076143621539,0.2459483477579929,0.1938821225307824,0.1291825586570404,1,0.0,valid
Uttar_Pradesh,Sultanpur,2013,20,2014-01-09,2014-01-14,0.09520784681885101,0.24871592913495022,0.19279805758138813,0.1298871259687777,0,,insufficient_data
Uttar_Pradesh,Sultanpur,2013,21,2014-01-14,2014-01-19,0.09240319573977666,0.2521174259271776,0.18669855945800948,0.1223963603354327,0,,insufficient_data
Uttar_Pradesh,Sultanpur,2013,22,2014-01-19,2014-01-24,0.0687236171626659,0.2565308584529938,0.1780972665926781,0.1070925649685776,1,0.09,valid
Uttar_Pradesh,Sultanpur,2013,23,2014-01-24,2014-01-29,0.060557704621297566,0.2885357454212609,0.17118561563419324,0.099352203498375,0,,insufficient_data
Uttar_Pradesh,Sultanpur,2013,24,2014-01-29,2014-02-03,0.06151756738311083,0.2979039622669628,0.17333229955895624,0.10186266333005298,0,,insufficient_data
Uttar_Pradesh,Sultanpur,2013,25,2014-02-03,2014-02-08,0.0543715921180488,0.2903237940346509,0.1581682097401916,0.0897328654219006,1,9.38,valid
Uttar_Pradesh,Sultanpur,2013,26,2014-02-08,2014-02-13,0.058577904583178,0.318752583776138,0.17729137056971,0.1012311801046468,1,0.0,valid
Uttar_Pradesh,Sultanpur,2013,27,2014-02-13,2014-02-18,0.0643971556685506,0.3260086128040685,0.1797723513332452,0.1093940428250869,1,0.04,valid
Uttar_Pradesh,Sultanpur,2013,28,2014-02-18,2014-02-23,0.0598346066341496,0.3119104131402755,0.1632670224198126,0.0974533338824244,3,6.54,valid
Uttar_Pradesh,Sultanpur,2013,29,2014-02-23,2014-02-28,0.060134744186292374,0.3146968766511484,0.1712046141102135,0.10175213447214082,0,,insufficient_data
Uttar_Pradesh,Sultanpur,2013,30,2014-02-28,2014-03-05,0.06359499938486482,0.30630679714791453,0.1739660076403223,0.1058506613796221,0,,insufficient_data
Uttar_Pradesh,Sultanpur,2013,31,2014-03-05,2014-03-10,0.0577293098592913,0.3021158968841119,0.1644877121180862,0.0989299810764052,3,4.343333333333333,valid
Uttar_Pradesh,Sultanpur,2013,32,2014-03-10,2014-03-15,0.06507411761837956,0.29365408132365706,0.1764123284041157,0.10827763440548854,0,,insufficient_data
Uttar_Pradesh,Sultanpur,2013,33,2014-03-15,2014-03-20,0.0724189253774678,0.2851922657632022,0.1883369446901452,0.1176252877345719,2,0.06,valid
Uttar_Pradesh,Sultanpur,2013,34,2014-03-20,2014-03-25,0.0826207400418197,0.27645093434549406,0.19952925035471336,0.12962069146853492,0,,insufficient_data
Uttar_Pradesh,Sultanpur,2013,35,2014-03-25,2014-03-30,0.11023759371468507,0.2666734821947416,0.23974149019961735,0.1667958604389993,0,,insufficient_data
Uttar_Pradesh,Sultanpur,2013,36,2014-03-30,2014-04-04,0.1177139848887,0.2420446403891681,0.2457630942559087,0.1723068055946276,2,1.015,valid
Uttar_Pradesh,Sultanpur,2013,37,2014-04-04,2014-04-09,0.12914692788329368,0.2574140904105113,0.26544376295435346,0.19138114679121299,0,,insufficient_data
Uttar_Pradesh,Sultanpur,2013,38,2014-04-09,2014-04-14,0.1405798708778874,0.2727835404318545,0.2851244316527982,0.2104554879877984,3,0.0,valid
Uttar_Pradesh,Sultanpur,2013,39,2014-04-14,2014-04-19,0.1457049571433043,0.2705721103378882,0.2903429969138547,0.21768022101050802,0,,insufficient_data
Uttar_Pradesh,Sultanpur,2013,40,2014-04-19,2014-04-24,0.15970044327060645,0.28483584531224826,0.3126329482428277,0.24036692871844825,0,,insufficient_data
Uttar_Pradesh,Sultanpur,2013,41,2014-04-24,2014-04-29,0.1788210156633255,0.296888150192642,0.3401414648328572,0.2702783694490981,3,0.0033333333333333,valid
Uttar_Pradesh,Sultanpur,2013,42,2014-04-29,2014-05-04,0.1788210156633255,0.296888150192642,0.3401414648328572,0.2702783694490981,0,,insufficient_data
Uttar_Pradesh,Sultanpur,2014,0,2014-10-01,2014-10-06,0.0584506639084409,0.3267291772740537,0.1825585122039219,0.0972833933524718,3,10.193333333333332,valid
Uttar_Pradesh,Sultanpur,2014,1,2014-10-06,2014-10-11,0.0750014219690096,0.303213530076904,0.1991362641006859,0.1164835734562765,1,17.0,valid
Uttar_Pradesh,Sultanpur,2014,2,2014-10-11,2014-10-16,0.07309260130489845,0.30121585192631634,0.1914804735362437,0.109582453628498,0,,insufficient_data
Uttar_Pradesh,Sultanpur,2014,3,2014-10-16,2014-10-21,0.0661855179270323,0.2952220869770893,0.1752853918062002,0.0997863392411435,3,4.316666666666667,valid
Uttar_Pradesh,Sultanpur,2014,4,2014-10-21,2014-10-26,0.08442510477413998,0.2855791815292036,0.20261701058693266,0.12460454676330113,0,,insufficient_data
Uttar_Pradesh,Sultanpur,2014,5,2014-10-26,2014-10-31,0.092732801415111,0.2796986133772183,0.2089417260341668,0.1247765084641002,2,1.975,valid
Uttar_Pradesh,Sultanpur,2014,6,2014-10-31,2014-11-05,0.103780677785407,0.2641824956856026,0.2271046604066777,0.1573717658916843,3,3.303333333333333,valid
Uttar_Pradesh,Sultanpur,2014,7,2014-11-05,2014-11-10,0.12341260352689412,0.25998354959653874,0.24502896473580332,0.17627139469918146,0,,insufficient_data
Uttar_Pradesh,Sultanpur,2014,8,2014-11-10,2014-11-15,0.151881833533507,0.2691910631152869,0.2804767339965415,0.2108286324072201,1,24.0,valid
Uttar_Pradesh,Sultanpur,2014,9,2014-11-15,2014-11-20,0.1203732934457631,0.2392061053905335,0.2489525893487235,0.1920962801269664,2,1.87,valid
Uttar_Pradesh,Sultanpur,2014,10,2014-11-20,2014-11-25,0.1482944114546825,0.2476394704140525,0.2596691138929071,0.1962837866059363,1,0.0,valid
Uttar_Pradesh,Sultanpur,2014,11,2014-11-25,2014-11-30,0.1517788776424216,0.2397866158216563,0.2531170781655204,0.1963867177094933,2,2.625,valid
Uttar_Pradesh,Sultanpur,2014,12,2014-11-30,2014-12-05,0.1401488608476224,0.24221073054208075,0.253912927135717,0.1949222614807987,0,,insufficient_data
Uttar_Pradesh,Sultanpur,2014,13,2014-12-05,2014-12-10,0.15003664454855203,0.2437130431178544,0.2563930960292138,0.1963352521577148,0,,insufficient_data
Uttar_Pradesh,Sultanpur,2014,14,2014-12-10,2014-12-15,0.1517788776424216,0.2397866158216563,0.2531170781655204,0.1963867177094933,0,,insufficient_data
Uttar_Pradesh,Sultanpur,2014,15,2014-12-15,2014-12-20,,,,,0,,insufficient_data
Uttar_Pradesh,Sultanpur,2014,16,2014-12-20,2014-12-25,0.0666231733828885,0.2465729616648604,0.1561997150604009,0.0960537506392793,0,,insufficient_data
Uttar_Pradesh,Sultanpur,2014,17,2014-12-25,2014-12-30,0.0666231733828885,0.2465729616648604,0.1561997150604009,0.0960537506392793,0,,insufficient_data
Uttar_Pradesh,Sultanpur,2014,18,2014-12-30,2015-01-04,0.0666231733828885,0.2465729616648604,0.1561997150604009,0.0960537506392793,0,,insufficient_data
Uttar_Pradesh,Sultanpur,2014,19,2015-01-04,2015-01-09,0.0666231733828885,0.2465729616648604,0.1561997150604009,0.0960537506392793,1,4.44,valid
Uttar_Pradesh,Sultanpur,2014,20,2015-01-09,2015-01-14,0.08399289979701825,0.288023005716506,0.17672226402101834,0.10886516407108165,0,,insufficient_data
Uttar_Pradesh,Sultanpur,2014,21,2015-01-14,2015-01-19,0.0769736537623581,0.2981759405794545,0.1717859513927217,0.10088859538316523,0,,insufficient_data
Uttar_Pradesh,Sultanpur,2014,22,2015-01-19,2015-01-24,0.101362626211148,0.3294730497681516,0.1972448129816358,0.121676577502884,2,24.275,valid
Uttar_Pradesh,Sultanpur,2014,23,2015-01-24,2015-01-29,0.0821488939520929,0.32397743003675156,0.1795790695588821,0.1033060177551082,0,,insufficient_data
Uttar_Pradesh,Sultanpur,2014,24,2015-01-29,2015-02-03,0.0629351616930378,0.3184818103053515,0.1619133261361284,0.0849354580073324,2,1.5,valid
Uttar_Pradesh,Sultanpur,2014,25,2015-02-03,2015-02-08,0.0778944948155428,0.32699694314526717,0.17866331755050405,0.1017141320795225,0,,insufficient_data
Uttar_Pradesh,Sultanpur,2014,26,2015-02-08,2015-02-13,0.0631020058442838,0.3231550249775676,0.16579168571694866,0.0915945278716672,0,,insufficient_data
Uttar_Pradesh,Sultanpur,2014,27,2015-02-13,2015-02-18,0.0693856965424426,0.3330359693622984,0.176831813533748,0.0985303607283511,2,1.515,valid
Uttar_Pradesh,Sultanpur,2014,28,2015-02-18,2015-02-23,0.0631854279199068,0.3254916323136756,0.1677308655073588,0.0949240628038346,0,,insufficient_data
Uttar_Pradesh,Sultanpur,2014,29,2015-02-23,2015-02-28,0.056985159297371,0.3179472952650529,0.1586299174809696,0.0913177648793181,3,6.416666666666667,valid
Uttar_Pradesh,Sultanpur,2014,30,2015-02-28,2015-03-05,0.06926865591786147,0.28853467547717787,0.17784542805740794,0.10980316903499998,0,,insufficient_data
Uttar_Pradesh,Sultanpur,2014,31,2015-03-05,2015-03-10,0.0729265658997815,0.26654612438906267,0.18604599653484163,0.12235082172927056,0,,insufficient_data
Uttar_Pradesh,Sultanpur,2014,32,2015-03-10,2015-03-15,0.0647927503873739,0.2666310555877824,0.1751590536863854,0.1147175922599967,3,5.806666666666668,valid
Uttar_Pradesh,Sultanpur,2014,33,2015-03-15,2015-03-20,0.0859110174442583,0.2365243816935779,0.2007609275285287,0.134646958272334,1,1.0,valid
Uttar_Pradesh,Sultanpur,2014,34,2015-03-20,2015-03-25,0.0840173364701228,0.2450817650098375,0.2096340874434829,0.1487209715054334,1,0.02,valid
Uttar_Pradesh,Sultanpur,2014,35,2015-03-25,2015-03-30,0.1165790655777875,0.2255169458196841,0.2456066946546424,0.1753562250361182,1,1.0,valid
Uttar_Pradesh,Sultanpur,2014,36,2015-03-30,2015-04-04,0.10953934139488826,0.23877086228815633,0.24185096298359882,0.17480943854617612,0,,insufficient_data
Uttar_Pradesh,Sultanpur,2014,37,2015-04-04,2015-04-09,0.12856951874846775,0.24226811079706476,0.26850911085659757,0.20147363378049954,0,,insufficient_data
Uttar_Pradesh,Sultanpur,2014,38,2015-04-09,2015-04-14,0.1516499460873844,0.2479603566295259,0.3114021423077414,0.2405135993708189,1,6.0,valid
Uttar_Pradesh,Sultanpur,2014,39,2015-04-14,2015-04-19,0.1589127993359583,0.25429531836815444,0.31141839095600826,0.24111886556929538,0,,insufficient_data
Uttar_Pradesh,Sultanpur,2014,40,2015-04-19,2015-04-24,0.1620317268585763,0.2505133757292115,0.3073935190205236,0.2413037392096277,2,1.295,valid
Uttar_Pradesh,Sultanpur,2014,41,2015-04-24,2015-04-29,0.1589127993359583,0.25429531836815444,0.31141839095600826,0.24111886556929538,0,,insufficient_data
Uttar_Pradesh,Sultanpur,2014,42,2015-04-29,2015-05-04,0.1630567250619142,0.264412222745726,0.3154595115397597,0.2415392581274395,1,3.0,valid
Uttar_Pradesh,Sultanpur,2015,0,2015-10-01,2015-10-06,0.0726589321298046,0.2936809144796131,0.205465453583772,0.1258771341955852,2,0.44,valid
Uttar_Pradesh,Sultanpur,2015,1,2015-10-06,2015-10-11,0.0768986221779646,0.3070553187937758,0.2175380312343778,0.1284924359508609,1,0.0,valid
Uttar_Pradesh,Sultanpur,2015,2,2015-10-11,2015-10-16,0.0953570762381677,0.2934067781324463,0.2249589923076557,0.135784891089098,2,8.66,valid
Uttar_Pradesh,Sultanpur,2015,3,2015-10-16,2015-10-21,0.08503056891167972,0.29043074688156195,0.21917382230261384,0.13528045557371707,0,,insufficient_data
Uttar_Pradesh,Sultanpur,2015,4,2015-10-21,2015-10-26,0.0899776577890336,0.2767946659354375,0.2189717700657746,0.1396116015998784,3,0.64,valid
Uttar_Pradesh,Sultanpur,2015,5,2015-10-26,2015-10-31,0.0902605562234281,0.2812160570665369,0.2289348643214891,0.1466362150331628,1,3.06,valid
Uttar_Pradesh,Sultanpur,2015,6,2015-10-31,2015-11-05,0.10400596235131346,0.26860059066566466,0.24181857620694674,0.16352508097950985,0,,insufficient_data
Uttar_Pradesh,Sultanpur,2015,7,2015-11-05,2015-11-10,0.1160610515841484,0.2576945710922612,0.2568417348391724,0.1798166072108,3,6.150000000000001,valid
Uttar_Pradesh,Sultanpur,2015,8,2015-11-10,2015-11-15,0.11310453022531781,0.25663078914402954,0.25033151484880145,0.1771535931053294,0,,insufficient_data
Uttar_Pradesh,Sultanpur,2015,9,2015-11-15,2015-11-20,0.1197245838086437,0.2586970685684232,0.2625259356013509,0.1880359000741982,1,22.43,valid
Uttar_Pradesh,Sultanpur,2015,10,2015-11-20,2015-11-25,0.1263719292850511,0.2289154598488968,0.2530235246331933,0.1941256501031567,2,19.755000000000003,valid
Uttar_Pradesh,Sultanpur,2015,11,2015-11-25,2015-11-30,0.11830697871418816,0.23663858153707884,0.2538958865189118,0.18756373687340142,0,,insufficient_data
Uttar_Pradesh,Sultanpur,2015,12,2015-11-30,2015-12-05,0.1088244230488697,0.2223032161939164,0.2461381993221913,0.1805296604428494,1,1.66,valid
Uttar_Pradesh,Sultanpur,2015,13,2015-12-05,2015-12-10,0.11844250792202317,0.22535597651399245,0.23931827371590128,0.18287347519503458,0,,insufficient_data
Uttar_Pradesh,Sultanpur,2015,14,2015-12-10,2015-12-15,0.11791872294470652,0.22675075386988236,0.23749078437500945,0.182557148334682,0,,insufficient_data
Uttar_Pradesh,Sultanpur,2015,15,2015-12-15,2015-12-20,0.1289701070210658,0.2289406885291749,0.2418528204673024,0.1875203449945306,2,1.145,valid
Uttar_Pradesh,Sultanpur,2015,16,2015-12-20,2015-12-25,0.1096035723331061,0.2212645414839817,0.2162585504409181,0.1693182452396016,2,0.1999999999999999,valid
Uttar_Pradesh,Sultanpur,2015,17,2015-12-25,2015-12-30,0.1242767893757845,0.2344945692724565,0.245713567269626,0.1928603426617464,1,0.0,valid
Uttar_Pradesh,Sultanpur,2015,18,2015-12-30,2016-01-04,0.10618424820030463,0.23876628483644374,0.2186118837688818,0.16467992979959187,0,,insufficient_data
Uttar_Pradesh,Sultanpur,2015,19,2016-01-04,2016-01-09,0.10048778349511432,0.24122268391326096,0.21280164959427667,0.15896982600085718,0,,insufficient_data
Uttar_Pradesh,Sultanpur,2015,20,2016-01-09,2016-01-14,0.08968524256777,0.2467627301946712,0.2005318612509636,0.1442195434421286,3,1.5666666666666669,valid
Uttar_Pradesh,Sultanpur,2015,21,2016-01-14,2016-01-19,0.0783855297037967,0.2623688947019344,0.1887026194155989,0.1294811726599522,1,21.3,valid
Uttar_Pradesh,Sultanpur,2015,22,2016-01-19,2016-01-24,0.08126960839416224,0.2796705038934667,0.1895097070441099,0.12556702823546007,0,,insufficient_data
Uttar_Pradesh,Sultanpur,2015,23,2016-01-24,2016-01-29,0.0735752472732091,0.2779052529060147,0.1789771864038252,0.1174605144575557,2,10.255,valid
Uttar_Pradesh,Sultanpur,2015,24,2016-01-29,2016-02-03,0.0963219461293746,0.3050386180968256,0.1954099973544486,0.1191995625338454,1,2.0,valid
Uttar_Pradesh,Sultanpur,2015,25,2016-02-03,2016-02-08,0.0683800762966608,0.3062770235678876,0.1839268707957131,0.1174743480838184,1,0.01,valid
Uttar_Pradesh,Sultanpur,2015,26,2016-02-08,2016-02-13,0.0683362447926457,0.3453295917029685,0.1875631585029986,0.1114765239071988,3,8.18,valid
Uttar_Pradesh,Sultanpur,2015,27,2016-02-13,2016-02-18,0.08677170133857319,0.31186207236528696,0.1870455617780842,0.1139378342043158,0,,insufficient_data
Uttar_Pradesh,Sultanpur,2015,28,2016-02-18,2016-02-23,0.0714302678940934,0.3128599763286068,0.1848959386344153,0.1108757954829177,2,1.89,valid
Uttar_Pradesh,Sultanpur,2015,29,2016-02-23,2016-02-28,0.1293899715800915,0.2898051521301463,0.1834318436028454,0.1106629410137987,1,3.0,valid
Uttar_Pradesh,Sultanpur,2015,30,2016-02-28,2016-03-04,0.09529914833339391,0.29213053721544696,0.18548173422557346,0.11423383942156747,0,,insufficient_data
Uttar_Pradesh,Sultanpur,2015,31,2016-03-04,2016-03-09,0.0850772055259968,0.2737264831875878,0.1881174204394597,0.121162781767986,1,16.0,valid
Uttar_Pradesh,Sultanpur,2015,32,2016-03-09,2016-03-14,0.10961070398663914,0.2653619100740356,0.2021516231700057,0.13539089583191627,0,,insufficient_data
Uttar_Pradesh,Sultanpur,2015,33,2016-03-14,2016-03-19,0.10974454093572668,0.250020991082127,0.22625651716464867,0.16302174312503867,0,,insufficient_data
Uttar_Pradesh,Sultanpur,2015,34,2016-03-19,2016-03-24,0.1143649348538291,0.2325540949043726,0.234905605467712,0.1743469647139641,2,0.01,valid
Uttar_Pradesh,Sultanpur,2015,35,2016-03-24,2016-03-29,0.1220782086405916,0.23816824502939665,0.2453260655272432,0.183951223803565,0,,insufficient_data
Uttar_Pradesh,Sultanpur,2015,36,2016-03-29,2016-04-03,0.1297914824273541,0.2437823951544207,0.2557465255867744,0.1935554828931659,3,9.053333333333333,valid
Uttar_Pradesh,Sultanpur,2015,37,2016-04-03,2016-04-08,0.15687439304536135,0.26362604957747493,0.2964303802173401,0.23185202556679907,0,,insufficient_data
Uttar_Pradesh,Sultanpur,2015,38,2016-04-08,2016-04-13,0.17838495870473267,0.28296716157701385,0.32931419650716753,0.2625834224905236,0,,insufficient_data
Uttar_Pradesh,Sultanpur,2015,39,2016-04-13,2016-04-18,0.1805197593318797,0.2870430567582795,0.3348240038443494,0.2671937314744359,3,0.04,valid
Uttar_Pradesh,Sultanpur,2015,40,2016-04-18,2016-04-23,0.2028213955683825,0.2911246514928269,0.3602453859705245,0.2923119231856303,1,0.0,valid
Uttar_Pradesh,Sultanpur,2015,41,2016-04-23,2016-04-28,0.2004071974913144,0.3099185429025283,0.3664408706270218,0.2972725524088621,1,0.0,valid
Uttar_Pradesh,Sultanpur,2015,42,2016-04-28,2016-05-03,0.19458278413052554,0.2960287503845449,0.3538367534806319,0.2855927356896428,0,,insufficient_data
Uttar_Pradesh,Sultanpur,2016,0,2016-10-01,2016-10-06,0.06876167545503391,0.31134938350023916,0.18538356531463976,0.1050959657012135,0,,insufficient_data
Uttar_Pradesh,Sultanpur,2016,1,2016-10-06,2016-10-11,0.0545034843719159,0.3214720274745471,0.171217250034299,0.086245905071761,2,10.235,valid
Uttar_Pradesh,Sultanpur,2016,2,2016-10-11,2016-10-16,0.0804797432662213,0.3008345084020775,0.1946343174475783,0.1151395490849884,1,0.0,valid
Uttar_Pradesh,Sultanpur,2016,3,2016-10-16,2016-10-21,0.0713017987269645,0.3117416146240929,0.190299128462042,0.1139024429468911,1,0.15,valid
Uttar_Pradesh,Sultanpur,2016,4,2016-10-21,2016-10-26,0.0970516851208681,0.2815442254191262,0.2190245940525916,0.1464354162866771,3,0.3799999999999999,valid
Uttar_Pradesh,Sultanpur,2016,5,2016-10-26,2016-10-31,0.09981771691904388,0.2850221374624795,0.22648241529098795,0.15484128342635728,0,,insufficient_data
Uttar_Pradesh,Sultanpur,2016,6,2016-10-31,2016-11-05,0.1182286454243754,0.265155894575813,0.2565290596074961,0.1803650938554309,2,0.1,valid
Uttar_Pradesh,Sultanpur,2016,7,2016-11-05,2016-11-10,0.1320267120567901,0.2658344442912879,0.2719249768852316,0.218363914957799,1,0.11,valid
Uttar_Pradesh,Sultanpur,2016,8,2016-11-10,2016-11-15,0.12646633240607955,0.2452823515841683,0.2546658839651692,0.19276295659432946,0,,insufficient_data
Uttar_Pradesh,Sultanpur,2016,9,2016-11-15,2016-11-20,0.1352489989509835,0.2345328127203905,0.2509815210971249,0.1862791604336759,2,0.115,valid
Uttar_Pradesh,Sultanpur,2016,10,2016-11-20,2016-11-25,0.1185208142829655,0.2240055452505626,0.2337888191728106,0.1803692401323619,2,6.565,valid
Uttar_Pradesh,Sultanpur,2016,11,2016-11-25,2016-11-30,0.1283064913152833,0.2368830610827875,0.2601050430631827,0.1984373735923796,1,0.0,valid
Uttar_Pradesh,Sultanpur,2016,12,2016-11-30,2016-12-05,0.12344615084924981,0.22897645866459088,0.24011597262090922,0.18126297197605182,0,,insufficient_data
Uttar_Pradesh,Sultanpur,2016,13,2016-12-05,2016-12-10,0.11951186814867193,0.227124340645991,0.23649412312883733,0.17959090915684375,0,,insufficient_data
Uttar_Pradesh,Sultanpur,2016,14,2016-12-10,2016-12-15,0.12000739508152515,0.2286837383437052,0.2378467751068507,0.1792017436690847,0,,insufficient_data
Uttar_Pradesh,Sultanpur,2016,15,2016-12-15,2016-12-20,0.111708298847767,0.2204844156046229,0.2155885071505187,0.1599661137457898,2,1.0,valid
Uttar_Pradesh,Sultanpur,2016,16,2016-12-20,2016-12-25,0.111708298847767,0.2204844156046229,0.2155885071505187,0.1599661137457898,0,,insufficient_data
Uttar_Pradesh,Sultanpur,2016,17,2016-12-25,2016-12-30,0.08731423233059415,0.2393903480943613,0.19333807044785384,0.13512874452463186,1,14.62,missing_bands
Uttar_Pradesh,Sultanpur,2016,18,2016-12-30,2017-01-04,0.08731423233059415,0.2393903480943613,0.19333807044785384,0.13512874452463186,0,,insufficient_data
Uttar_Pradesh,Sultanpur,2016,19,2017-01-04,2017-01-09,0.0813110084511838,0.2725982976382194,0.17355158413280541,0.1064842272201508,0,,insufficient_data
Uttar_Pradesh,Sultanpur,2016,20,2017-01-09,2017-01-14,0.0629201658134213,0.2582962805840997,0.171087633745189,0.1102913753034739,3,0.03,valid
Uttar_Pradesh,Sultanpur,2016,21,2017-01-14,2017-01-19,0.09648229137726667,0.3002811914529153,0.18137851741711256,0.1135696646350383,0,,insufficient_data
Uttar_Pradesh,Sultanpur,2016,22,2017-01-19,2017-01-24,0.0997018510889463,0.2869003146923392,0.1760155345204218,0.1026770791368277,2,3.505,valid
Uttar_Pradesh,Sultanpur,2016,23,2017-01-24,2017-01-29,0.1268248572294324,0.3556469790823071,0.1970323839857269,0.1277405394648133,2,19.115,valid
Uttar_Pradesh,Sultanpur,2016,24,2017-01-29,2017-02-03,0.0837034985901063,0.3279232403689794,0.1786185367483349,0.10661265332635457,0,,insufficient_data
Uttar_Pradesh,Sultanpur,2016,25,2017-02-03,2017-02-08,0.0574046577337368,0.3214166151720316,0.1676931309730305,0.0992687068919684,1,0.08,valid
Uttar_Pradesh,Sultanpur,2016,26,2017-02-08,2017-02-13,0.0592339206825074,0.3238357372477575,0.1638350172665043,0.0967119075925138,2,3.075,valid
Uttar_Pradesh,Sultanpur,2016,27,2017-02-13,2017-02-18,0.0753522062159086,0.3518165556504616,0.1885166169959909,0.1066650335456496,1,0.0,valid
Uttar_Pradesh,Sultanpur,2016,28,2017-02-18,2017-02-23,0.0697377881240654,0.3170612989338585,0.1737143983976702,0.1016066744903737,2,0.315,valid
Uttar_Pradesh,Sultanpur,2016,29,2017-02-23,2017-02-28,0.07239487908487303,0.32153121854891487,0.17811619539151713,0.10775831764924168,0,,insufficient_data
Uttar_Pradesh,Sultanpur,2016,30,2017-02-28,2017-03-05,0.0657751998985937,0.3163327428190367,0.1710005569620562,0.1080286715886289,3,0.0533333333333333,valid
Uttar_Pradesh,Sultanpur,2016,31,2017-03-05,2017-03-10,0.09187528050329,0.2986097580934601,0.1935143873353641,0.1257793010290424,2,12.525,valid
Uttar_Pradesh,Sultanpur,2016,32,2017-03-10,2017-03-15,0.09634674655548453,0.2734763707359182,0.2003965238873245,0.13733862883191122,0,,insufficient_data
Uttar_Pradesh,Sultanpur,2016,33,2017-03-15,2017-03-20,0.0920316095417416,0.2691821292236758,0.1927560636620484,0.1340410528169726,2,0.08,valid
Uttar_Pradesh,Sultanpur,2016,34,2017-03-20,2017-03-25,0.1196771128051818,0.2323338921587983,0.2158601194431494,0.1519297177770933,1,0.0,valid
Uttar_Pradesh,Sultanpur,2016,35,2017-03-25,2017-03-30,0.1123745300286156,0.2509233313846201,0.2288514920340044,0.1669144009478191,1,0.01,valid
Uttar_Pradesh,Sultanpur,2016,36,2017-03-30,2017-04-04,0.126568349930142,0.2395239901034999,0.2487798863334713,0.1827869516639323,3,3.56,valid
Uttar_Pradesh,Sultanpur,2016,37,2017-04-04,2017-04-09,0.13646327790811438,0.25124398868519693,0.2612895900207918,0.1935708405441931,0,,insufficient_data
Uttar_Pradesh,Sultanpur,2016,38,2017-04-09,2017-04-14,0.1620771302023234,0.2611382366503739,0.2990116705611846,0.2275416169683558,2,0.005,valid
Uttar_Pradesh,Sultanpur,2016,39,2017-04-14,2017-04-19,0.1616192665743092,0.2723004931286924,0.3139447817321494,0.238681515363765,3,0.8866666666666667,valid
Uttar_Pradesh,Sultanpur,2016,40,2017-04-19,2017-04-24,0.17352711507882332,0.2751069185496088,0.31847890418505836,0.24552626629603802,0,,insufficient_data
Uttar_Pradesh,Sultanpur,2016,41,2017-04-24,2017-04-29,0.1968849484598373,0.29188202586976,0.3424802602618412,0.2703556665559933,2,0.16,valid
Uttar_Pradesh,Sultanpur,2016,42,2017-04-29,2017-05-04,0.17925210751707327,0.2820912594992262,0.32821252099699527,0.25451859095987917,0,,insufficient_data
Uttar_Pradesh,Sultanpur,2017,0,2017-10-01,2017-10-06,0.0873152233689184,0.3377406914118646,0.1794450521708308,0.0909888637417032,1,19.0,valid
Uttar_Pradesh,Sultanpur,2017,1,2017-10-06,2017-10-11,0.0620123053074522,0.3117327746129067,0.1841077833975272,0.1030660764716328,2,12.785,valid
Uttar_Pradesh,Sultanpur,2017,2,2017-10-11,2017-10-16,0.08887692122649392,0.30146137219041824,0.20032031387733568,0.11886876941374955,0,,insufficient_data
Uttar_Pradesh,Sultanpur,2017,3,2017-10-16,2017-10-21,0.0909993853298195,0.2852708290400669,0.2103465340706297,0.1274804924656798,1,0.0,valid
Uttar_Pradesh,Sultanpur,2017,4,2017-10-21,2017-10-26,0.1052366475263195,0.28257692883566743,0.2229028746286414,0.14447595922413364,0,,insufficient_data
Uttar_Pradesh,Sultanpur,2017,5,2017-10-26,2017-10-31,0.1151807708997856,0.2711011936968349,0.227381885870355,0.1539396449759824,3,2.1366666666666667,valid
Uttar_Pradesh,Sultanpur,2017,6,2017-10-31,2017-11-05,0.1527541285682207,0.2622029179928613,0.2697752951760537,0.1934176229832396,2,7.535,valid
Uttar_Pradesh,Sultanpur,2017,7,2017-11-05,2017-11-10,0.12505340952201172,0.25240392940146283,0.2491432485118042,0.17895844800155492,0,,insufficient_data
Uttar_Pradesh,Sultanpur,2017,8,2017-11-10,2017-11-15,0.1159134769520416,0.2377361291635026,0.2437232778765976,0.1768448308500677,3,0.8066666666666666,valid
Uttar_Pradesh,Sultanpur,2017,9,2017-11-15,2017-11-20,0.12703769138510704,0.2403197089075183,0.25277240171454624,0.1890624610322132,0,,insufficient_data
Uttar_Pradesh,Sultanpur,2017,10,2017-11-20,2017-11-25,0.116365261667999,0.2385754767526526,0.2556925351242105,0.19163169319693,1,0.66,valid
Uttar_Pradesh,Sultanpur,2017,11,2017-11-25,2017-11-30,0.1231178983521669,0.2227643117210568,0.241898498681323,0.1943556970986155,3,0.2099999999999999,valid
Uttar_Pradesh,Sultanpur,2017,12,2017-11-30,2017-12-05,0.12260994057067726,0.2312530571803902,0.24518169894405908,0.19058214085571032,0,,insufficient_data
Uttar_Pradesh,Sultanpur,2017,13,2017-12-05,2017-12-10,0.1388270167072827,0.2304763946367054,0.2543429391946744,0.2030669554125143,1,20.0,valid
Uttar_Pradesh,Sultanpur,2017,14,2017-12-10,2017-12-15,0.1121295855552604,0.2331960456111459,0.2287928227760284,0.1732742177147815,3,0.4333333333333333,valid
Uttar_Pradesh,Sultanpur,2017,15,2017-12-15,2017-12-20,0.11410058414153224,0.23106921608122452,0.22781761845191897,0.17469659693777062,0,,insufficient_data
Uttar_Pradesh,Sultanpur,2017,16,2017-12-20,2017-12-25,0.0913451501620536,0.2295352079958222,0.2003170933850542,0.1477486176860161,1,9.27,valid
Uttar_Pradesh,Sultanpur,2017,17,2017-12-25,2017-12-30,0.101737367858657,0.23136562680348405,0.2145549580805413,0.16051141770039878,0,,insufficient_data
Uttar_Pradesh,Sultanpur,2017,18,2017-12-30,2018-01-04,0.0913451501620536,0.2295352079958222,0.2003170933850542,0.1477486176860161,0,,insufficient_data
Uttar_Pradesh,Sultanpur,2017,19,2018-01-04,2018-01-09,0.0861271884728217,0.2551967169403611,0.18602613001379395,0.12497591827968685,0,,insufficient_data
Uttar_Pradesh,Sultanpur,2017,20,2018-01-09,2018-01-14,0.0809092267835898,0.2808582258849,0.1717351666425337,0.1022032188733576,0,,insufficient_data
Uttar_Pradesh,Sultanpur,2017,21,2018-01-14,2018-01-19,0.07044517900824196,0.28364569146335356,0.16534057789001644,0.10003315373635965,0,,insufficient_data
Uttar_Pradesh,Sultanpur,2017,22,2018-01-19,2018-01-24,0.0809092267835898,0.2808582258849,0.1717351666425337,0.1022032188733576,2,10.395,valid
Uttar_Pradesh,Sultanpur,2017,23,2018-01-24,2018-01-29,0.06612099994043631,0.2927436281802515,0.1646417393235648,0.09938625180634626,0,,insufficient_data
Uttar_Pradesh,Sultanpur,2017,24,2018-01-29,2018-02-03,0.0599811312328941,0.2864331570418071,0.1589459891374992,0.0978630885993617,1,2.71,valid
Uttar_Pradesh,Sultanpur,2017,25,2018-02-03,2018-02-08,0.06355426787308023,0.3011397315430691,0.16347314681853625,0.09836659556170092,0,,insufficient_data
Uttar_Pradesh,Sultanpur,2017,26,2018-02-08,2018-02-13,0.057472641804825,0.3109395016140474,0.1632440621906615,0.0980924479463195,1,0.71,valid
Uttar_Pradesh,Sultanpur,2017,27,2018-02-13,2018-02-18,0.055854071671012,0.3263280416315219,0.1599673693034506,0.0953076268277649,3,0.0499999999999999,valid
Uttar_Pradesh,Sultanpur,2017,28,2018-02-18,2018-02-23,0.0656460137449785,0.3155028767733765,0.16474536850203758,0.09981243908748277,0,,insufficient_data
Uttar_Pradesh,Sultanpur,2017,29,2018-02-23,2018-02-28,0.0824532876517086,0.315099444529716,0.170417049477722,0.1018543287377119,2,8.0,valid
Uttar_Pradesh,Sultanpur,2017,30,2018-02-28,2018-03-05,0.0668040538523684,0.3096445193182208,0.1653529930363163,0.1039953528381348,3,0.5966666666666667,valid
Uttar_Pradesh,Sultanpur,2017,31,2018-03-05,2018-03-10,0.08670638377154356,0.2817218929400944,0.1876884848003158,0.12420153492727093,0,,insufficient_data
Uttar_Pradesh,Sultanpur,2017,32,2018-03-10,2018-03-15,0.0821034767060655,0.2820547454050506,0.1858003189797308,0.1214727358438793,2,0.215,valid
Uttar_Pradesh,Sultanpur,2017,33,2018-03-15,2018-03-20,0.0915478312832102,0.2480322907235629,0.1979353257258713,0.1410621629456193,2,0.005,valid
Uttar_Pradesh,Sultanpur,2017,34,2018-03-20,2018-03-25,0.1106232693643651,0.2537784647239219,0.2189367367819386,0.1526230942710094,1,0.0,valid
Uttar_Pradesh,Sultanpur,2017,35,2018-03-25,2018-03-30,0.131912478748931,0.2380621064827667,0.236163306918404,0.1706774367260578,2,0.04,valid
Uttar_Pradesh,Sultanpur,2017,36,2018-03-30,2018-04-04,0.12923922841502206,0.25391055552642244,0.24605733249281525,0.18045090358971852,0,,insufficient_data
Uttar_Pradesh,Sultanpur,2017,37,2018-04-04,2018-04-09,0.1454830484929086,0.2540196411949451,0.2642081710783791,0.1904577500449153,3,5.55,valid
Uttar_Pradesh,Sultanpur,2017,38,2018-04-09,2018-04-14,0.1666295141856953,0.2756602745069157,0.3130431219594833,0.2474340739609908,1,7.9,valid
Uttar_Pradesh,Sultanpur,2017,39,2018-04-14,2018-04-19,0.17207703872995053,0.2725785802552154,0.31195662396444745,0.2432158698353196,0,,insufficient_data
Uttar_Pradesh,Sultanpur,2017,40,2018-04-19,2018-04-24,0.1734824814829191,0.2730994628080323,0.3112531054114653,0.2441961865755209,2,7.185,valid
Uttar_Pradesh,Sultanpur,2017,41,2018-04-24,2018-04-29,0.1894173921091717,0.2698044226444064,0.3293360486027915,0.2616374558682575,1,4.0,valid
Uttar_Pradesh,Sultanpur,2017,42,2018-04-29,2018-05-04,0.185372757379058,0.2903091001217774,0.341942672770118,0.2723538827269134,1,0.72,valid
Uttar_Pradesh,Sultanpur,2018,0,2018-10-01,2018-10-06,0.0713651567100615,0.295704648541617,0.1889976466254175,0.1103230457896558,1,0.0,valid
Uttar_Pradesh,Sultanpur,2018,1,2018-10-06,2018-10-11,0.0699859402820681,0.3210287220246575,0.1969572725715402,0.1172392634881703,1,0.14,valid
Uttar_Pradesh,Sultanpur,2018,2,2018-10-11,2018-10-16,0.0767976540171635,0.3084912153456317,0.201586071253619,0.1204838065214553,3,25.22,valid
Uttar_Pradesh,Sultanpur,2018,3,2018-10-16,2018-10-21,0.08618039166728957,0.2918013888672202,0.21003694521979038,0.1316675039677103,0,,insufficient_data
Uttar_Pradesh,Sultanpur,2018,4,2018-10-21,2018-10-26,0.1059776684164747,0.2717170551196966,0.2209053694137617,0.1428345470723074,2,3.175,valid
Uttar_Pradesh,Sultanpur,2018,5,2018-10-26,2018-10-31,0.10677553891068,0.2620653033044983,0.2417383662346136,0.1674568569669626,3,0.0766666666666666,valid
Uttar_Pradesh,Sultanpur,2018,6,2018-10-31,2018-11-05,0.12081819916564718,0.26565044175419233,0.24625635654440536,0.17275151852410398,0,,insufficient_data
Uttar_Pradesh,Sultanpur,2018,7,2018-11-05,2018-11-10,0.1497013901697868,0.2631689668383821,0.2761253339848408,0.2079631515330419,2,15.735,valid
Uttar_Pradesh,Sultanpur,2018,8,2018-11-10,2018-11-15,0.12790789803115662,0.25003493857229914,0.2556223311872822,0.18837742110307673,0,,insufficient_data
Uttar_Pradesh,Sultanpur,2018,9,2018-11-15,2018-11-20,0.1322665252702893,0.23483202036789774,0.2521005420544284,0.19335844562246432,0,,insufficient_data
Uttar_Pradesh,Sultanpur,2018,10,2018-11-20,2018-11-25,0.127246765013003,0.2248705455740171,0.2490032933423923,0.1897122548092257,2,0.01,valid
Uttar_Pradesh,Sultanpur,2018,11,2018-11-25,2018-11-30,0.12630513362305806,0.22008328452393655,0.23962899656184766,0.18795253006499044,0,,insufficient_data
Uttar_Pradesh,Sultanpur,2018,12,2018-11-30,2018-12-05,0.119851420628078,0.216456548691294,0.231172998836052,0.1823999305251254,3,1.6166666666666665,valid
Uttar_Pradesh,Sultanpur,2018,13,2018-12-05,2018-12-10,0.1318172152280932,0.2189227593064986,0.2387106975070987,0.1917454048606202,2,0.01,valid
Uttar_Pradesh,Sultanpur,2018,14,2018-12-10,2018-12-15,0.11724356369683046,0.22673263795271142,0.22435170266035542,0.17458800511413053,0,,insufficient_data
Uttar_Pradesh,Sultanpur,2018,15,2018-12-15,2018-12-20,0.1095685276462704,0.2253933646898173,0.2227075274307666,0.1768721557199102,2,0.27,valid
Uttar_Pradesh,Sultanpur,2018,16,2018-12-20,2018-12-25,0.1237961735473775,0.2387088399746703,0.2151601453349357,0.1581703329860377,1,2.0,valid
Uttar_Pradesh,Sultanpur,2018,17,2018-12-25,2018-12-30,0.1011844814343332,0.2341816771012771,0.2140071441929242,0.1637522014789592,1,0.03,valid
Uttar_Pradesh,Sultanpur,2018,18,2018-12-30,2019-01-04,0.0979053759248733,0.2377001014518448,0.1830712581501096,0.128608022816226,3,1.07,valid
Uttar_Pradesh,Sultanpur,2018,19,2019-01-04,2019-01-09,0.0998712517780762,0.25203122468281225,0.19398654824612546,0.13505531932664977,0,,insufficient_data
Uttar_Pradesh,Sultanpur,2018,20,2019-01-09,2019-01-14,0.1065587325468262,0.2683644033921586,0.189547767775618,0.1198892342504134,2,0.0,valid
Uttar_Pradesh,Sultanpur,2018,21,2019-01-14,2019-01-19,0.0699114954369708,0.2812011014941104,0.1681464257770399,0.1048568051016127,3,1.5066666666666668,valid
Uttar_Pradesh,Sultanpur,2018,22,2019-01-19,2019-01-24,0.0781153537486149,0.3078307465433762,0.1729371322936339,0.10368809354425712,0,,insufficient_data
Uttar_Pradesh,Sultanpur,2018,23,2019-01-24,2019-01-29,0.07447450386239822,0.31422258443157236,0.17119189503517399,0.1008176868711768,0,,insufficient_data
Uttar_Pradesh,Sultanpur,2018,24,2019-01-29,2019-02-03,0.0585096370840758,0.3199339459138329,0.156912300947725,0.0921106057511489,2,0.005,valid
Uttar_Pradesh,Sultanpur,2018,25,2019-02-03,2019-02-08,0.0774815499265868,0.3618235353734029,0.1771420346741527,0.0978957290738535,1,0.0,valid
Uttar_Pradesh,Sultanpur,2018,26,2019-02-08,2019-02-13,0.0599111043175315,0.3397899359843571,0.1642109460013343,0.0893360601788555,2,2.125,valid
Uttar_Pradesh,Sultanpur,2018,27,2019-02-13,2019-02-18,0.06381145815401713,0.34251018282374673,0.16609625739806283,0.0945036759977989,0,,insufficient_data
Uttar_Pradesh,Sultanpur,2018,28,2019-02-18,2019-02-23,0.0561293305360295,0.3406065989159125,0.1575447779109448,0.091407648022136,3,12.01,valid
Uttar_Pradesh,Sultanpur,2018,29,2019-02-23,2019-02-28,0.0670256689058621,0.3503968979312282,0.1746712274561575,0.1017683369630006,1,8.0,valid
Uttar_Pradesh,Sultanpur,2018,30,2019-02-28,2019-03-05,0.060205079611419965,0.3379924510809535,0.1646741524704933,0.0977072702529012,0,,insufficient_data
Uttar_Pradesh,Sultanpur,2018,31,2019-03-05,2019-03-10,0.0574602393923683,0.3229738563957197,0.1618064520443776,0.099945825773567,3,0.0733333333333333,valid
Uttar_Pradesh,Sultanpur,2018,32,2019-03-10,2019-03-15,0.07011200843982814,0.31232193693268007,0.17617466601342155,0.11089993927732444,0,,insufficient_data
Uttar_Pradesh,Sultanpur,2018,33,2019-03-15,2019-03-20,0.08538923650017927,0.2696182969768877,0.18949864372806377,0.12799186187262088,0,,insufficient_data
Uttar_Pradesh,Sultanpur,2018,34,2019-03-20,2019-03-25,0.085850117021254,0.2635950564710924,0.1920463185397295,0.1309856550954057,3,0.04,valid
Uttar_Pradesh,Sultanpur,2018,35,2019-03-25,2019-03-30,0.1208946238248038,0.24747565695931573,0.22662211686490075,0.15838910286105604,0,,insufficient_data
Uttar_Pradesh,Sultanpur,2018,36,2019-03-30,2019-04-04,0.1128573530869155,0.222285978063851,0.2146431606000842,0.1530441047488899,2,0.015,valid
Uttar_Pradesh,Sultanpur,2018,37,2019-04-04,2019-04-09,0.1639764013662419,0.2565459363430038,0.2731768714548886,0.1911375487388726,1,7.0,valid
Uttar_Pradesh,Sultanpur,2018,38,2019-04-09,2019-04-14,0.15531176773079966,0.2529238969929457,0.28294026753415835,0.20892909946603702,0,,insufficient_data
Uttar_Pradesh,Sultanpur,2018,39,2019-04-14,2019-04-19,0.1593566800607574,0.2521817820168315,0.2888438858298536,0.2142080233885609,1,0.0,valid
Uttar_Pradesh,Sultanpur,2018,40,2019-04-19,2019-04-24,0.1565892422974627,0.2651298370945783,0.3040986344940958,0.2312091911541368,2,7.67,valid
Uttar_Pradesh,Sultanpur,2018,41,2019-04-24,2019-04-29,0.1837791618426208,0.2684759514464639,0.3339387852918696,0.2550466292997249,1,1.0,valid
Uttar_Pradesh,Sultanpur,2018,42,2019-04-29,2019-05-04,0.166575028066947,0.2619291901859579,0.308960435205273,0.23348794794747418,0,,insufficient_data
Uttar_Pradesh,Sultanpur,2019,0,2019-10-01,2019-10-06,0.053687465045455796,0.29530820730398594,0.16202155596377849,0.08637363938168105,0,,insufficient_data
Uttar_Pradesh,Sultanpur,2019,1,2019-10-06,2019-10-11,0.0500945156050652,0.2963637373905911,0.155297607417581,0.0778170337327238,1,0.0,valid
Uttar_Pradesh,Sultanpur,2019,2,2019-10-11,2019-10-16,0.06367741622179823,0.2931695649897057,0.17252570799675068,0.09691515115561856,0,,insufficient_data
Uttar_Pradesh,Sultanpur,2019,3,2019-10-16,2019-10-21,0.0572804144858464,0.2942526772173808,0.168745504509976,0.0949302450306383,3,1.04,valid
Uttar_Pradesh,Sultanpur,2019,4,2019-10-21,2019-10-26,0.0836573185744831,0.2888922803611453,0.1935340120626951,0.1179981747034936,1,5.0,valid
Uttar_Pradesh,Sultanpur,2019,5,2019-10-26,2019-10-31,0.0920019478846813,0.2688357784576471,0.2156199668193684,0.14132479280585808,0,,insufficient_data
Uttar_Pradesh,Sultanpur,2019,6,2019-10-31,2019-11-05,0.0967975637354736,0.2608470275475827,0.2207052173924306,0.1509375806876501,3,13.386666666666663,valid
Uttar_Pradesh,Sultanpur,2019,7,2019-11-05,2019-11-10,0.1186036480052292,0.2410599765193679,0.2467340876989323,0.1690506605253588,1,10.0,valid
Uttar_Pradesh,Sultanpur,2019,8,2019-11-10,2019-11-15,0.1036707946223742,0.2591269306427587,0.2483810124328078,0.1737073030821496,1,0.15,valid
Uttar_Pradesh,Sultanpur,2019,9,2019-11-15,2019-11-20,0.1092082323606229,0.2337709354502759,0.2453552370652431,0.1789176429703535,3,0.0866666666666666,valid
Uttar_Pradesh,Sultanpur,2019,10,2019-11-20,2019-11-25,0.11044944787504973,0.23566944740824325,0.24068681723079108,0.17438592158477983,0,,insufficient_data
Uttar_Pradesh,Sultanpur,2019,11,2019-11-25,2019-11-30,0.1075114360903895,0.2239864717484309,0.2322551083763537,0.1701733030909877,1,1.16,valid
Uttar_Pradesh,Sultanpur,2019,12,2019-11-30,2019-12-05,0.1132531282966329,0.2204029226803829,0.2307086405806185,0.1800806982550496,3,0.2,valid
Uttar_Pradesh,Sultanpur,2019,13,2019-12-05,2019-12-10,0.10313861658817398,0.20431871738297816,0.20530528357487768,0.1557389984610031,0,,insufficient_data
Uttar_Pradesh,Sultanpur,2019,14,2019-12-10,2019-12-15,0.1490481616881199,0.2373529667926261,0.2388126539402471,0.1841580024221319,1,3.0,valid
Uttar_Pradesh,Sultanpur,2019,15,2019-12-15,2019-12-20,0.0427417402775536,0.1355325083104728,0.1194447314022914,0.0885439900758431,1,26.96,valid
Uttar_Pradesh,Sultanpur,2019,16,2019-12-20,2019-12-25,0.09589495098283675,0.18644273755154944,0.17912869267126924,0.1363509962489875,0,,insufficient_data
Uttar_Pradesh,Sultanpur,2019,17,2019-12-25,2019-12-30,0.09589495098283675,0.18644273755154944,0.17912869267126924,0.1363509962489875,0,,insufficient_data
Uttar_Pradesh,Sultanpur,2019,18,2019-12-30,2020-01-04,0.0427417402775536,0.1355325083104728,0.1194447314022914,0.0885439900758431,0,,insufficient_data
Uttar_Pradesh,Sultanpur,2019,19,2020-01-04,2020-01-09,,,,,1,9.0,missing_bands
Uttar_Pradesh,Sultanpur,2019,20,2020-01-09,2020-01-14,,,,,0,,insufficient_data
Uttar_Pradesh,Sultanpur,2019,21,2020-01-14,2020-01-19,0.0664208685767252,0.3069451834369195,0.1811677071631176,0.1077419173344848,0,,insufficient_data
Uttar_Pradesh,Sultanpur,2019,22,2020-01-19,2020-01-24,0.061993042961043,0.31238831883786716,0.17120135544961168,0.1007396066866237,0,,insufficient_data
Uttar_Pradesh,Sultanpur,2019,23,2020-01-24,2020-01-29,0.061993042961043,0.31238831883786716,0.17120135544961168,0.1007396066866237,0,,insufficient_data
Uttar_Pradesh,Sultanpur,2019,24,2020-01-29,2020-02-03,0.0664208685767252,0.3069451834369195,0.1811677071631176,0.1077419173344848,1,5.88,valid
Uttar_Pradesh,Sultanpur,2019,25,2020-02-03,2020-02-08,0.0575652173453608,0.3178314542388148,0.1612350037361058,0.0937372960387626,3,0.32,valid
Uttar_Pradesh,Sultanpur,2019,26,2020-02-08,2020-02-13,0.0648688333714992,0.31959694748793394,0.16967329612842508,0.0974183762427888,0,,insufficient_data
Uttar_Pradesh,Sultanpur,2019,27,2020-02-13,2020-02-18,0.0706204141924116,0.3340142047880674,0.1666171774860519,0.090775915355119,2,5.16,valid
Uttar_Pradesh,Sultanpur,2019,28,2020-02-18,2020-02-23,0.060746711927426734,0.32841151706655114,0.16026293921425752,0.08974013247226449,0,,insufficient_data
Uttar_Pradesh,Sultanpur,2019,29,2020-02-23,2020-02-28,0.06106740812079723,0.33483968366762423,0.1645302595148185,0.09207802770970692,0,,insufficient_data
Uttar_Pradesh,Sultanpur,2019,30,2020-02-28,2020-03-04,0.062398045479921074,0.32360024407576216,0.16852878269688437,0.0980697122189152,0,,insufficient_data
Uttar_Pradesh,Sultanpur,2019,31,2020-03-04,2020-03-09,0.0540545042445078,0.3333888921727713,0.1529366364206149,0.0847071860229119,2,9.37,valid
Uttar_Pradesh,Sultanpur,2019,32,2020-03-09,2020-03-14,0.0585273059254723,0.3371159540420342,0.1740369646377887,0.1007509817510899,1,0.0,valid
Uttar_Pradesh,Sultanpur,2019,33,2020-03-14,2020-03-19,0.0663899575572926,0.2898819253001759,0.1805243522430819,0.11604476574654,1,5.18,valid
Uttar_Pradesh,Sultanpur,2019,34,2020-03-19,2020-03-24,0.07369147544155158,0.28815336627139215,0.18533710917494295,0.11728015610518046,0,,insufficient_data
Uttar_Pradesh,Sultanpur,2019,35,2020-03-24,2020-03-29,0.0776393626097519,0.2492254993912055,0.1900072112119896,0.1261342762046529,3,4.46,valid
Uttar_Pradesh,Sultanpur,2019,36,2020-03-29,2020-04-03,0.1118462468707333,0.2311545604507739,0.2291803813612397,0.1587635708007076,2,0.0,valid
Uttar_Pradesh,Sultanpur,2019,37,2020-04-03,2020-04-08,0.12259694742857999,0.24926266273745185,0.2498939143576725,0.1776285216602797,0,,insufficient_data
Uttar_Pradesh,Sultanpur,2019,38,2020-04-08,2020-04-13,0.1366278394858766,0.259655425095557,0.276770111367612,0.2013057259104264,3,2.533333333333333,valid
Uttar_Pradesh,Sultanpur,2019,39,2020-04-13,2020-04-18,0.1642743407479582,0.257015166012271,0.3036179534898486,0.224310513725332,1,5.0,valid
Uttar_Pradesh,Sultanpur,2019,40,2020-04-18,2020-04-23,0.15630124742015114,0.26864826205572245,0.3041412382373438,0.22620244531967323,0,,insufficient_data
Uttar_Pradesh,Sultanpur,2019,41,2020-04-23,2020-04-28,0.1680015620266187,0.2892741950593394,0.3320356498545706,0.2529910963232613,2,25.075,valid
Uttar_Pradesh,Sultanpur,2019,42,2020-04-28,2020-05-03,0.16613795138728843,0.2731446805358052,0.3178268016722096,0.23865080502429664,0,,insufficient_data
Uttar_Pradesh,Sultanpur,2020,0,2020-10-01,2020-10-06,0.0542882739175949,0.3023726854568471,0.1605228673489059,0.0853864564589976,3,13.086666666666666,valid
Uttar_Pradesh,Sultanpur,2020,1,2020-10-06,2020-10-11,0.0677112730970507,0.2841991079156457,0.1787720037417258,0.1025813958059268,1,0.0,valid
Uttar_Pradesh,Sultanpur,2020,2,2020-10-11,2020-10-16,0.0709711077294527,0.3015349174733644,0.1869544792512228,0.1129504894526027,1,12.68,valid
Uttar_Pradesh,Sultanpur,2020,3,2020-10-16,2020-10-21,0.0886194927123471,0.2614470670274104,0.2073313719329552,0.134149980980574,3,1.87,valid
Uttar_Pradesh,Sultanpur,2020,4,2020-10-21,2020-10-26,0.09830736633309171,0.27411134515624536,0.22035030167116282,0.14677111748329782,0,,insufficient_data
Uttar_Pradesh,Sultanpur,2020,5,2020-10-26,2020-10-31,0.1190414495396885,0.2575268141893863,0.2506939647780752,0.1752929165213106,2,0.555,valid
Uttar_Pradesh,Sultanpur,2020,6,2020-10-31,2020-11-05,0.1451935085869196,0.2658488191754199,0.277999688651835,0.2088808046560751,1,1.0,valid
Uttar_Pradesh,Sultanpur,2020,7,2020-11-05,2020-11-10,0.13126078563688484,0.2411840960436719,0.2498371795872414,0.17964429829210843,0,,insufficient_data
Uttar_Pradesh,Sultanpur,2020,8,2020-11-10,2020-11-15,0.1289994247491426,0.2298089292545659,0.2515143567326378,0.1830256635251697,2,3.115,valid
Uttar_Pradesh,Sultanpur,2020,9,2020-11-15,2020-11-20,0.1071680290036268,0.2226727774380367,0.2298383054886809,0.1597160874892241,2,13.86,valid
Uttar_Pradesh,Sultanpur,2020,10,2020-11-20,2020-11-25,0.1559015163050467,0.2300631401609506,0.2391395822849781,0.1713060192687627,1,11.0,valid
Uttar_Pradesh,Sultanpur,2020,11,2020-11-25,2020-11-30,0.1196002401659429,0.2270009296514187,0.2502627716418563,0.1974730231056487,1,0.1,valid
Uttar_Pradesh,Sultanpur,2020,12,2020-11-30,2020-12-05,0.12980794754535854,0.2306797116424823,0.23670144988872194,0.17717890118972354,0,,insufficient_data
Uttar_Pradesh,Sultanpur,2020,13,2020-12-05,2020-12-10,0.121026947126434,0.2205110269015739,0.2293820641904316,0.1810695429493806,3,0.17,valid
Uttar_Pradesh,Sultanpur,2020,14,2020-12-10,2020-12-15,0.1453430051257423,0.2531506840604315,0.2348845258376627,0.1763298331356016,2,11.43,valid
Uttar_Pradesh,Sultanpur,2020,15,2020-12-15,2020-12-20,0.12383465254985523,0.2357239408509661,0.2094523246920331,0.15306261769802904,0,,insufficient_data
Uttar_Pradesh,Sultanpur,2020,16,2020-12-20,2020-12-25,0.1246648964301147,0.2372509715808996,0.2100361970317429,0.1511074095120853,1,17.0,valid
Uttar_Pradesh,Sultanpur,2020,17,2020-12-25,2020-12-30,0.1451729446098257,0.2318359019409877,0.1817268148133387,0.1210984491630581,1,0.0,valid
Uttar_Pradesh,Sultanpur,2020,18,2020-12-30,2021-01-04,0.0829654694571595,0.2358711197709378,0.1912320215869896,0.1357078537300196,1,0.0,valid
Uttar_Pradesh,Sultanpur,2020,19,2021-01-04,2021-01-09,0.0753214399952771,0.2520596130249221,0.1753958321055347,0.1099714346256599,3,3.1466666666666665,valid
Uttar_Pradesh,Sultanpur,2020,20,2021-01-09,2021-01-14,0.10115328468742076,0.2399222115789492,0.18278488950195435,0.1222592458395792,0,,insufficient_data
Uttar_Pradesh,Sultanpur,2020,21,2021-01-14,2021-01-19,0.07914345472621831,0.24396536639792993,0.18331392684626213,0.12283964417783974,0,,insufficient_data
Uttar_Pradesh,Sultanpur,2020,22,2021-01-19,2021-01-24,0.0644938753484671,0.2710909481074806,0.163197518208004,0.09981412177399605,0,,insufficient_data
Uttar_Pradesh,Sultanpur,2020,23,2021-01-24,2021-01-29,0.05417636112469355,0.3159435134559476,0.15703863781707705,0.0890272323792792,0,,insufficient_data
Uttar_Pradesh,Sultanpur,2020,24,2021-01-29,2021-02-03,0.057863987119450434,0.31448507619485716,0.15561234140554683,0.08759347052954614,0,,insufficient_data
Uttar_Pradesh,Sultanpur,2020,25,2021-02-03,2021-02-08,0.0536663107016571,0.2901222831900391,0.1509992043104733,0.0896568089223322,2,0.005,valid
Uttar_Pradesh,Sultanpur,2020,26,2021-02-08,2021-02-13,0.05468641154773,0.3417647437218561,0.1630780713236808,0.0883976558362262,1,0.0,valid
Uttar_Pradesh,Sultanpur,2020,27,2021-02-13,2021-02-18,0.0652392391089642,0.3115682016726762,0.1527597485824864,0.08472594683008,2,5.255,valid
Uttar_Pradesh,Sultanpur,2020,28,2021-02-18,2021-02-23,0.059578265362118764,0.3095803765635866,0.1568602213263716,0.09054642198401118,0,,insufficient_data
Uttar_Pradesh,Sultanpur,2020,29,2021-02-23,2021-02-28,0.0603571952920278,0.2982462021660278,0.1556070521973472,0.0936994336305298,3,1.3966666666666665,valid
Uttar_Pradesh,Sultanpur,2020,30,2021-02-28,2021-03-05,0.0639421701602147,0.306200452067334,0.1618570302178703,0.0962522647008877,2,0.085,valid
Uttar_Pradesh,Sultanpur,2020,31,2021-03-05,2021-03-10,0.06685713708569137,0.2923892624185702,0.1636107135283448,0.10086425597993944,0,,insufficient_data
Uttar_Pradesh,Sultanpur,2020,32,2021-03-10,2021-03-15,0.0762720458048316,0.2727211330223489,0.1733680581698169,0.1126410696084008,3,8.633333333333333,valid
Uttar_Pradesh,Sultanpur,2020,33,2021-03-15,2021-03-20,0.08658380576499357,0.27433531078445267,0.1889328194209603,0.12539045057070164,0,,insufficient_data
Uttar_Pradesh,Sultanpur,2020,34,2021-03-20,2021-03-25,0.11371542099492327,0.2526720652992665,0.2223529668608738,0.15628864465555656,0,,insufficient_data
Uttar_Pradesh,Sultanpur,2020,35,2021-03-25,2021-03-30,0.1195372013299344,0.2440843472636751,0.2315733698751937,0.1672780174028164,3,3.9,valid
Uttar_Pradesh,Sultanpur,2020,36,2021-03-30,2021-04-04,0.14502376063539926,0.25551386404735094,0.2688729147853041,0.1987775778222047,0,,insufficient_data
Uttar_Pradesh,Sultanpur,2020,37,2021-04-04,2021-04-09,0.1453370158500038,0.2412107156117756,0.2621174725376108,0.1889468469554525,2,0.125,valid
Uttar_Pradesh,Sultanpur,2020,38,2021-04-09,2021-04-14,0.1701970647262596,0.2812465292666022,0.3129279019431078,0.2401078691083452,3,1.1466666666666667,valid
Uttar_Pradesh,Sultanpur,2020,39,2021-04-14,2021-04-19,0.17780925314550575,0.27823976240303366,0.31678343334202036,0.24342305608295636,0,,insufficient_data
Uttar_Pradesh,Sultanpur,2020,40,2021-04-19,2021-04-24,0.1936292397875331,0.291612245620796,0.3362618269125144,0.2609185600439131,1,0.0,valid
Uttar_Pradesh,Sultanpur,2020,41,2021-04-24,2021-04-29,0.1826912946787898,0.2920380642738387,0.3366036156963394,0.2658847796733924,2,0.1,valid
Uttar_Pradesh,Sultanpur,2020,42,2021-04-29,2021-05-04,0.1971916506849424,0.2850912572421558,0.3360063496205291,0.2612572246336784,1,1.0,valid
Uttar_Pradesh,Sultanpur,2021,0,2021-10-01,2021-10-06,0.054638114705123,0.2893094831579016,0.1640975111150293,0.0881028017483676,0,,insufficient_data
Uttar_Pradesh,Sultanpur,2021,1,2021-10-06,2021-10-11,0.0596271236201582,0.2804470385421361,0.16886060606064346,0.0936195803640475,0,,insufficient_data
Uttar_Pradesh,Sultanpur,2021,2,2021-10-11,2021-10-16,0.054638114705123,0.2893094831579016,0.1640975111150293,0.0881028017483676,1,0.02,valid
Uttar_Pradesh,Sultanpur,2021,3,2021-10-16,2021-10-21,0.07001152814366136,0.2772149049421318,0.1849227183273611,0.10898103097729929,0,,insufficient_data
Uttar_Pradesh,Sultanpur,2021,4,2021-10-21,2021-10-26,0.0646161325351934,0.2715845939263706,0.1736237010062576,0.0991363589797274,2,14.86,valid
Uttar_Pradesh,Sultanpur,2021,5,2021-10-26,2021-10-31,0.0907803371906677,0.2707506377421233,0.2170469428607964,0.1397039322038029,1,0.62,valid
Uttar_Pradesh,Sultanpur,2021,6,2021-10-31,2021-11-05,0.09554265318294053,0.25817946470567266,0.21816670271211014,0.14663087222868892,0,,insufficient_data
Uttar_Pradesh,Sultanpur,2021,7,2021-11-05,2021-11-10,0.1138069217362165,0.2531259479729452,0.2398608446625322,0.1707569459235338,2,4.265000000000001,valid
Uttar_Pradesh,Sultanpur,2021,8,2021-11-10,2021-11-15,0.10682326545095883,0.24561095101160205,0.2343240242219026,0.16619506834719913,0,,insufficient_data
Uttar_Pradesh,Sultanpur,2021,9,2021-11-15,2021-11-20,0.1129672212696845,0.2372566791812516,0.2421353223188544,0.1769262518076916,1,0.66,valid
Uttar_Pradesh,Sultanpur,2021,10,2021-11-20,2021-11-25,0.1097385816072666,0.2213105391500881,0.2382529870454274,0.1773931434537682,2,0.7000000000000001,valid
Uttar_Pradesh,Sultanpur,2021,11,2021-11-25,2021-11-30,0.11042643035939244,0.22570115518573444,0.23605406565001474,0.17779995707178267,0,,insufficient_data
Uttar_Pradesh,Sultanpur,2021,12,2021-11-30,2021-12-05,0.1097438445839789,0.22580162080657498,0.23177393657742265,0.17550725504699533,1,15.27,missing_bands
Uttar_Pradesh,Sultanpur,2021,13,2021-12-05,2021-12-10,0.1085734882012262,0.2185362472258636,0.2277738875857624,0.1790804759538883,3,4.06,valid
Uttar_Pradesh,Sultanpur,2021,14,2021-12-10,2021-12-15,0.1039537791275719,0.2256440659296614,0.2163822690700522,0.16465325225184319,0,,insufficient_data
Uttar_Pradesh,Sultanpur,2021,15,2021-12-15,2021-12-20,0.1076960872577383,0.2261030176690966,0.2189335493596464,0.1686291489726333,3,5.62,valid
Uttar_Pradesh,Sultanpur,2021,16,2021-12-20,2021-12-25,0.1051157994402391,0.2317761865513766,0.2093759512043782,0.1562030551600615,2,18.49,valid
Uttar_Pradesh,Sultanpur,2021,17,2021-12-25,2021-12-30,0.094429741611084,0.2261608122723089,0.2094456881304217,0.1547003289207896,1,0.0,valid
Uttar_Pradesh,Sultanpur,2021,18,2021-12-30,2022-01-04,0.10241387610302048,0.22801333883092736,0.2125850628981488,0.1598441776844948,0,,insufficient_data
Uttar_Pradesh,Sultanpur,2021,19,2022-01-04,2022-01-09,0.09977277052566155,0.22896849941184275,0.20941081966739994,0.15545169204042555,0,,insufficient_data
Uttar_Pradesh,Sultanpur,2021,20,2022-01-09,2022-01-14,0.08058448003180971,0.25524370640998933,0.18509613660795654,0.12444112694459791,0,,insufficient_data
Uttar_Pradesh,Sultanpur,2021,21,2022-01-14,2022-01-19,0.0667392184525354,0.2843266005476698,0.1607465850854914,0.0941819249684062,0,,insufficient_data
Uttar_Pradesh,Sultanpur,2021,22,2022-01-19,2022-01-24,0.0667392184525354,0.2843266005476698,0.1607465850854914,0.0941819249684062,0,,insufficient_data
Uttar_Pradesh,Sultanpur,2021,23,2022-01-24,2022-01-29,0.0667392184525354,0.2843266005476698,0.1607465850854914,0.0941819249684062,2,1.96,valid
Uttar_Pradesh,Sultanpur,2021,24,2022-01-29,2022-02-03,0.0600541547478758,0.3013131780498366,0.1605585927224299,0.09262646428317055,0,,insufficient_data
Uttar_Pradesh,Sultanpur,2021,25,2022-02-03,2022-02-08,0.05937175252843966,0.30925407500855034,0.16166860972995187,0.093801109450858,0,,insufficient_data
Uttar_Pradesh,Sultanpur,2021,26,2022-02-08,2022-02-13,0.0533690910432162,0.3182997555520034,0.1603706003593684,0.0910710035979349,3,1.653333333333333,valid
Uttar_Pradesh,Sultanpur,2021,27,2022-02-13,2022-02-18,0.05719620162705877,0.3228776158933238,0.16242604353187703,0.0946903647202307,0,,insufficient_data
Uttar_Pradesh,Sultanpur,2021,28,2022-02-18,2022-02-23,0.0580069480895674,0.3251358689259779,0.1638886437449958,0.0961503997862329,3,0.1533333333333333,valid
Uttar_Pradesh,Sultanpur,2021,29,2022-02-23,2022-02-28,0.0602125657483927,0.3251972232019902,0.1630188864912669,0.0968496907765243,3,9.726666666666668,valid
Uttar_Pradesh,Sultanpur,2021,30,2022-02-28,2022-03-05,0.06363066633694092,0.3142935291475487,0.16740789642784304,0.10152623260498869,0,,insufficient_data
Uttar_Pradesh,Sultanpur,2021,31,2022-03-05,2022-03-10,0.060322968934454,0.3154671394145986,0.1648794998862919,0.1006456098238034,2,0.275,valid
Uttar_Pradesh,Sultanpur,2021,32,2022-03-10,2022-03-15,0.0759801825753496,0.2913738850476283,0.1778445555888176,0.1124592300333942,2,0.0499999999999999,valid
Uttar_Pradesh,Sultanpur,2021,33,2022-03-15,2022-03-20,0.0859800344060456,0.27443990726587264,0.19533682311213738,0.13081840392463817,0,,insufficient_data
Uttar_Pradesh,Sultanpur,2021,34,2022-03-20,2022-03-25,0.0883022031931978,0.2482210442586921,0.2045865034408069,0.1425453034293659,3,0.0033333333333333,valid
Uttar_Pradesh,Sultanpur,2021,35,2022-03-25,2022-03-30,0.1049764201637986,0.2581754253288758,0.2233125664081636,0.15671376749707105,0,,insufficient_data
Uttar_Pradesh,Sultanpur,2021,36,2022-03-30,2022-04-04,0.119314782921181,0.2426975603425715,0.2340367335326331,0.1676234724119892,3,3.0033333333333334,valid
Uttar_Pradesh,Sultanpur,2021,37,2022-04-04,2022-04-09,0.136308511965466,0.2504092116666112,0.2767824730703969,0.204227064113535,3,0.3566666666666666,valid
Uttar_Pradesh,Sultanpur,2021,38,2022-04-09,2022-04-14,0.1619051444868153,0.2809311706576511,0.3060499505644771,0.23051764783892023,0,,insufficient_data
Uttar_Pradesh,Sultanpur,2021,39,2022-04-14,2022-04-19,0.1674153588066,0.2813487254864618,0.3110355732766674,0.2321958583223083,3,2.7,valid
Uttar_Pradesh,Sultanpur,2021,40,2022-04-19,2022-04-24,0.187039159450304,0.3083739295203013,0.3457400681590464,0.2654077325392228,2,0.0,valid
Uttar_Pradesh,Sultanpur,2021,41,2022-04-24,2022-04-29,0.1994479092905256,0.3218264262723098,0.3626549047836418,0.283134111807546,1,0.04,valid
Uttar_Pradesh,Sultanpur,2021,42,2022-04-29,2022-05-04,0.18463414251580987,0.303849693759691,0.3398101820731185,0.26024590088969235,0,,insufficient_data
Uttar_Pradesh,Sultanpur,2022,0,2022-10-01,2022-10-06,0.0505966018576273,0.2941018949748041,0.1554582178894671,0.0825467582755334,0,,insufficient_data
Uttar_Pradesh,Sultanpur,2022,1,2022-10-06,2022-10-11,0.058246067184157146,0.28560401796327745,0.16749226604860265,0.09593858054491185,0,,insufficient_data
Uttar_Pradesh,Sultanpur,2022,2,2022-10-11,2022-10-16,0.058246067184157146,0.28560401796327745,0.16749226604860265,0.09593858054491185,0,,insufficient_data
Uttar_Pradesh,Sultanpur,2022,3,2022-10-16,2022-10-21,0.0505966018576273,0.2941018949748041,0.1554582178894671,0.0825467582755334,3,17.19333333333333,valid
Uttar_Pradesh,Sultanpur,2022,4,2022-10-21,2022-10-26,0.065895532510687,0.2771061409517508,0.1795263142077382,0.1093304028142903,3,0.0499999999999999,valid
Uttar_Pradesh,Sultanpur,2022,5,2022-10-26,2022-10-31,0.08439073653829232,0.2716769186376796,0.2046696325523542,0.13292698095839095,0,,insufficient_data
Uttar_Pradesh,Sultanpur,2022,6,2022-10-31,2022-11-05,0.0901833771225798,0.2664881500107461,0.2086290787344578,0.1390592456839909,3,0.6533333333333333,valid
Uttar_Pradesh,Sultanpur,2022,7,2022-11-05,2022-11-10,0.1189019381869656,0.2590949880888949,0.2500828398288021,0.1798917647408609,2,13.2,valid
Uttar_Pradesh,Sultanpur,2022,8,2022-11-10,2022-11-15,0.0963762330136019,0.2615934191622023,0.2296517121013059,0.1538067332772792,1,0.68,valid
Uttar_Pradesh,Sultanpur,2022,9,2022-11-15,2022-11-20,0.1133219463410173,0.2429728812228554,0.2470910821507483,0.182851091927507,3,1.5466666666666669,valid
Uttar_Pradesh,Sultanpur,2022,10,2022-11-20,2022-11-25,0.11206718424622297,0.24262735463331966,0.23847984970739056,0.17435774848287927,0,,insufficient_data
Uttar_Pradesh,Sultanpur,2022,11,2022-11-25,2022-11-30,0.1166685564027371,0.2280197950702226,0.2373357095417171,0.1798684811681568,3,0.4366666666666667,valid
Uttar_Pradesh,Sultanpur,2022,12,2022-11-30,2022-12-05,0.115067247286793,0.2214556896224229,0.2282379049143795,0.1753706713005925,3,3.786666666666667,valid
Uttar_Pradesh,Sultanpur,2022,13,2022-12-05,2022-12-10,0.11189168286196685,0.22312683492933813,0.2237319539721176,0.17310065682116513,0,,insufficient_data
Uttar_Pradesh,Sultanpur,2022,14,2022-12-10,2022-12-15,0.1127701735417935,0.218115477605325,0.2241686223857976,0.1774230082546549,3,3.396666666666667,valid
Uttar_Pradesh,Sultanpur,2022,15,2022-12-15,2022-12-20,0.1116766446778549,0.2273925060491363,0.2119696629618686,0.1638065523677592,2,17.34,valid
Uttar_Pradesh,Sultanpur,2022,16,2022-12-20,2022-12-25,0.1032757924006558,0.2206507062995838,0.2169478700568253,0.1690345710146623,1,25.96,valid
Uttar_Pradesh,Sultanpur,2022,17,2022-12-25,2022-12-30,0.0958008912569969,0.2296796637064186,0.2042425286886349,0.1533980915403874,1,27.37,valid
Uttar_Pradesh,Sultanpur,2022,18,2022-12-30,2023-01-04,0.10358444277850254,0.2259076253517129,0.21105335390244293,0.16207973830760294,0,,insufficient_data
Uttar_Pradesh,Sultanpur,2022,19,2023-01-04,2023-01-09,0.08947429387005779,0.23466889142789102,0.19662161357910365,0.1436797903186776,0,,insufficient_data
Uttar_Pradesh,Sultanpur,2022,20,2023-01-09,2023-01-14,0.0825735446047588,0.2416779839920446,0.18645848534024279,0.1310023999706853,0,,insufficient_data
Uttar_Pradesh,Sultanpur,2022,21,2023-01-14,2023-01-19,0.0693461979525207,0.2536763042776706,0.1686744419918507,0.1086067084009832,0,,insufficient_data
Uttar_Pradesh,Sultanpur,2022,22,2023-01-19,2023-01-24,0.0693461979525207,0.2536763042776706,0.1686744419918507,0.1086067084009832,3,5.133333333333334,valid
Uttar_Pradesh,Sultanpur,2022,23,2023-01-24,2023-01-29,0.0643030935049221,0.28404464087604375,0.1669122965295518,0.10308247075869875,0,,insufficient_data
Uttar_Pradesh,Sultanpur,2022,24,2023-01-29,2023-02-03,0.0621068862368269,0.299541425015088,0.16744045174385438,0.1026353208723043,0,,insufficient_data
Uttar_Pradesh,Sultanpur,2022,25,2023-02-03,2023-02-08,0.0592599890573235,0.314412977474417,0.1651501510672529,0.0975582331164143,2,10.545000000000002,valid
Uttar_Pradesh,Sultanpur,2022,26,2023-02-08,2023-02-13,0.05841702115698644,0.3208530302991117,0.16513744017267265,0.09801027843422981,0,,insufficient_data
Uttar_Pradesh,Sultanpur,2022,27,2023-02-13,2023-02-18,0.0577144717006365,0.3305349932931765,0.1684967621724596,0.1017410210995154,3,0.12,valid
Uttar_Pradesh,Sultanpur,2022,28,2023-02-18,2023-02-23,0.0582766027129993,0.3176111201297417,0.1617654072783055,0.0947315810867597,3,0.7200000000000001,valid
Uttar_Pradesh,Sultanpur,2022,29,2023-02-23,2023-02-28,0.06415829088411013,0.3078942300827301,0.17276451957294833,0.10617418616440752,0,,insufficient_data
Uttar_Pradesh,Sultanpur,2022,30,2023-02-28,2023-03-05,0.0642481170768286,0.305752240888958,0.166280635689188,0.1024397458550589,3,0.1766666666666666,valid
Uttar_Pradesh,Sultanpur,2022,31,2023-03-05,2023-03-10,0.0690390390472968,0.2890482941671038,0.1790130010221058,0.112885988554602,2,5.85,valid
Uttar_Pradesh,Sultanpur,2022,32,2023-03-10,2023-03-15,0.0715132238827894,0.2965245019346705,0.1882667917026828,0.1190725942261016,1,0.17,valid
Uttar_Pradesh,Sultanpur,2022,33,2023-03-15,2023-03-20,0.08852907952956271,0.2747274537207759,0.20912156993492292,0.1424300638169627,0,,insufficient_data
Uttar_Pradesh,Sultanpur,2022,34,2023-03-20,2023-03-25,0.09459932014274623,0.2669712569287303,0.21983180349635664,0.1524276433074386,0,,insufficient_data
Uttar_Pradesh,Sultanpur,2022,35,2023-03-25,2023-03-30,0.121373153414914,0.253691727872313,0.2577281243641733,0.1894425738295105,1,6.32,valid
Uttar_Pradesh,Sultanpur,2022,36,2023-03-30,2023-04-04,0.1164718642259847,0.2286205037408339,0.2543192968964646,0.1883094166195404,3,3.9466666666666663,valid
Uttar_Pradesh,Sultanpur,2022,37,2023-04-04,2023-04-09,0.14835400640516258,0.2644428548465298,0.3030476566179911,0.23441239587940918,0,,insufficient_data
Uttar_Pradesh,Sultanpur,2022,38,2023-04-09,2023-04-14,0.1455315169757261,0.2543240632606958,0.3023355927164899,0.2395687319120537,3,1.58,valid
Uttar_Pradesh,Sultanpur,2022,39,2023-04-14,2023-04-19,0.167827743944568,0.2789741038862043,0.3362007863838455,0.2676984179924458,2,0.0,valid
Uttar_Pradesh,Sultanpur,2022,40,2023-04-19,2023-04-24,0.1905657534646201,0.3066038754726021,0.3646544827289823,0.2870428390434957,1,0.87,valid
Uttar_Pradesh,Sultanpur,2022,41,2023-04-24,2023-04-29,0.1679750047949714,0.2799673475398341,0.3343969539431059,0.2647699963159984,0,,insufficient_data
Uttar_Pradesh,Sultanpur,2022,42,2023-04-29,2023-05-04,0.17919674870459407,0.2927889896794032,0.3504276345564139,0.2773706285179708,0,,insufficient_data
Uttar_Pradesh,Sultanpur,2023,0,2023-10-01,2023-10-06,0.0638762831785186,0.3049907020247445,0.1783816655630875,0.10214823967525044,0,,insufficient_data
Uttar_Pradesh,Sultanpur,2023,1,2023-10-06,2023-10-11,0.0638762831785186,0.3049907020247445,0.1783816655630875,0.10214823967525044,0,,insufficient_data
Uttar_Pradesh,Sultanpur,2023,2,2023-10-11,2023-10-16,0.0568934134640737,0.3091355137290085,0.1695679991587682,0.0927468428697949,3,3.583333333333333,valid
Uttar_Pradesh,Sultanpur,2023,3,2023-10-16,2023-10-21,0.0708591528929635,0.3008458903204805,0.1871953319674068,0.111549636480706,3,0.1366666666666666,valid
Uttar_Pradesh,Sultanpur,2023,4,2023-10-21,2023-10-26,0.08916508993164955,0.28720541426407287,0.21280854782614472,0.13724790581290156,0,,insufficient_data
Uttar_Pradesh,Sultanpur,2023,5,2023-10-26,2023-10-31,0.0905782948050148,0.284070401401724,0.215821804138962,0.1400616136842626,3,1.3,valid
Uttar_Pradesh,Sultanpur,2023,6,2023-10-31,2023-11-05,0.1197545282397222,0.2670755687648967,0.2621726030269435,0.1869843855693041,2,10.855,valid
Uttar_Pradesh,Sultanpur,2023,7,2023-11-05,2023-11-10,0.1077400602564736,0.2748996971042545,0.2292850008386431,0.1548970504604402,1,0.91,valid
Uttar_Pradesh,Sultanpur,2023,8,2023-11-10,2023-11-15,0.1180245542725057,0.2505250838460611,0.2491964152760838,0.1760328801612865,3,2.3566666666666665,valid
Uttar_Pradesh,Sultanpur,2023,9,2023-11-15,2023-11-20,0.11162114469348876,0.2508149851916602,0.24482762592729398,0.17360525056089343,0,,insufficient_data
Uttar_Pradesh,Sultanpur,2023,10,2023-11-20,2023-11-25,0.1034358451928196,0.2369563063332428,0.2423025713372895,0.1734032539843433,3,1.6366666666666665,valid
Uttar_Pradesh,Sultanpur,2023,11,2023-11-25,2023-11-30,0.1091507355059227,0.2246182699098458,0.2411815391575101,0.1767086826290931,2,10.515,valid
Uttar_Pradesh,Sultanpur,2023,12,2023-11-30,2023-12-05,0.10720155048727753,0.23438880606740584,0.23484651913070528,0.17591174617144165,0,,insufficient_data
Uttar_Pradesh,Sultanpur,2023,13,2023-12-05,2023-12-10,0.0891692893993471,0.2302622188394842,0.2160797893799997,0.151998694446594,1,14.77,valid
Uttar_Pradesh,Sultanpur,2023,14,2023-12-10,2023-12-15,0.1228651198976259,0.2466622028892192,0.2414603645396738,0.194991585173135,1,9.33,valid
Uttar_Pradesh,Sultanpur,2023,15,2023-12-15,2023-12-20,0.1113867624406724,0.2334450323652373,0.2332083312390535,0.1824565146240429,1,0.05,valid
Uttar_Pradesh,Sultanpur,2023,16,2023-12-20,2023-12-25,0.0999438630500186,0.2318721199661843,0.2186263964397021,0.165428512865474,1,9.96,valid
Uttar_Pradesh,Sultanpur,2023,17,2023-12-25,2023-12-30,0.10091847235870022,0.24201340739572125,0.21718571433288716,0.16395543592620215,0,,insufficient_data
Uttar_Pradesh,Sultanpur,2023,18,2023-12-30,2024-01-04,0.09360292317905833,0.24046380889788854,0.2090941642639583,0.15361005284389123,0,,insufficient_data
Uttar_Pradesh,Sultanpur,2023,19,2024-01-04,2024-01-09,0.069478144046484,0.2560742743622441,0.1754477651131193,0.1129451310421568,1,27.83,valid
Uttar_Pradesh,Sultanpur,2023,20,2024-01-09,2024-01-14,0.069478144046484,0.2560742743622441,0.1754477651131193,0.1129451310421568,0,,insufficient_data
Uttar_Pradesh,Sultanpur,2023,21,2024-01-14,2024-01-19,0.06649329452010545,0.27690143738442896,0.17396105517975397,0.10717368606349559,0,,insufficient_data
Uttar_Pradesh,Sultanpur,2023,22,2024-01-19,2024-01-24,0.06649329452010545,0.27690143738442896,0.17396105517975397,0.10717368606349559,0,,insufficient_data
Uttar_Pradesh,Sultanpur,2023,23,2024-01-24,2024-01-29,0.05826949503337875,0.30369611485568215,0.1652634844369272,0.09577659381178585,0,,insufficient_data
Uttar_Pradesh,Sultanpur,2023,24,2024-01-29,2024-02-03,0.0635084449937269,0.2977286004066138,0.1724743452463886,0.1014022410848344,2,3.965,valid
Uttar_Pradesh,Sultanpur,2023,25,2024-02-03,2024-02-08,0.05572839424930814,0.30958873771318146,0.15951092658385974,0.09110650069777633,0,,insufficient_data
Uttar_Pradesh,Sultanpur,2023,26,2024-02-08,2024-02-13,0.0530305450730306,0.3096636293047505,0.1580526236274658,0.0901509465387373,3,3.92,valid
Uttar_Pradesh,Sultanpur,2023,27,2024-02-13,2024-02-18,0.0506461926811669,0.3213739834281802,0.1480058108777248,0.0817663144697573,3,6.226666666666667,valid
Uttar_Pradesh,Sultanpur,2023,28,2024-02-18,2024-02-23,0.053962306150488935,0.32932827709396945,0.15802448103009206,0.08973807324246837,0,,insufficient_data
Uttar_Pradesh,Sultanpur,2023,29,2024-02-23,2024-02-28,0.0582101806972693,0.3569472185489777,0.1680150085850856,0.0972969587189105,1,4.59,valid
Uttar_Pradesh,Sultanpur,2023,30,2024-02-28,2024-03-04,0.0565794871764399,0.3350335986593806,0.16168301374101415,0.093421206293253,0,,insufficient_data
Uttar_Pradesh,Sultanpur,2023,31,2024-03-04,2024-03-09,0.06446180711055793,0.32371339354413897,0.1728679567073532,0.10526461474883703,0,,insufficient_data
Uttar_Pradesh,Sultanpur,2023,32,2024-03-09,2024-03-14,0.0608820881508835,0.3267795940009839,0.1690282217602321,0.1012003456910912,3,6.25,valid
Uttar_Pradesh,Sultanpur,2023,33,2024-03-14,2024-03-19,0.07661500563883084,0.2905334306172622,0.18722156356439526,0.11986363672743423,0,,insufficient_data
Uttar_Pradesh,Sultanpur,2023,34,2024-03-19,2024-03-24,0.074293152483521,0.2874133680824553,0.1815606397767419,0.1172965398365094,2,1.425,valid
Uttar_Pradesh,Sultanpur,2023,35,2024-03-24,2024-03-29,0.094669776282088,0.2574073297683474,0.2110758291562118,0.1410940246547021,3,9.603333333333332,valid
Uttar_Pradesh,Sultanpur,2023,36,2024-03-29,2024-04-03,0.12015925767494125,0.2809537149543639,0.25063147263444274,0.17315038393328636,0,,insufficient_data
Uttar_Pradesh,Sultanpur,2023,37,2024-04-03,2024-04-08,0.1427673342985894,0.2775462388700795,0.2827225251835364,0.1987358140167477,2,6.29,valid
Uttar_Pradesh,Sultanpur,2023,38,2024-04-08,2024-04-13,0.14846696873689774,0.28817973947534203,0.29251936521523275,0.20906261150218575,0,,insufficient_data
Uttar_Pradesh,Sultanpur,2023,39,2024-04-13,2024-04-18,0.1689067676355666,0.3014479230965732,0.3271668964212809,0.2354751572251862,1,9.11,valid
Uttar_Pradesh,Sultanpur,2023,40,2024-04-18,2024-04-23,0.187523996731347,0.3163174661663681,0.3491122100999019,0.260945450112107,3,5.593333333333334,valid
Uttar_Pradesh,Sultanpur,2023,41,2024-04-23,2024-04-28,0.18678422787623913,0.3163608459179709,0.3475742133883548,0.25875897591282554,0,,insufficient_data
Uttar_Pradesh,Sultanpur,2023,42,2024-04-28,2024-05-03,0.2039219192618037,0.3313171484909714,0.3664435336438816,0.2798563204011834,3,4.946666666666666,valid
Uttar_Pradesh,Sultanpur,2024,0,2024-10-01,2024-10-06,0.0504858495542916,0.3177317495736192,0.1569781097507347,0.0796966078546257,1,22.44,valid
Uttar_Pradesh,Sultanpur,2024,1,2024-10-06,2024-10-11,0.0603521452721228,0.3533549935463236,0.1868829252706283,0.0973143918714025,1,28.39,valid
Uttar_Pradesh,Sultanpur,2024,2,2024-10-11,2024-10-16,0.06588232601710672,0.30869112635185353,0.18509494176896885,0.10450074215725375,0,,insufficient_data
Uttar_Pradesh,Sultanpur,2024,3,2024-10-16,2024-10-21,0.06588232601710672,0.30869112635185353,0.18509494176896885,0.10450074215725375,0,,insufficient_data
Uttar_Pradesh,Sultanpur,2024,4,2024-10-21,2024-10-26,0.0682965647544314,0.2893239079341184,0.1827237149159022,0.1094432395014822,3,2.043333333333333,valid
Uttar_Pradesh,Sultanpur,2024,5,2024-10-26,2024-10-31,0.0843947444875811,0.274353854353353,0.2137950171386102,0.1315487294015046,3,4.2700000000000005,valid
Uttar_Pradesh,Sultanpur,2024,6,2024-10-31,2024-11-05,0.1006663403870671,0.2634639755719557,0.22827654007294368,0.15248678611361663,0,,insufficient_data
Uttar_Pradesh,Sultanpur,2024,7,2024-11-05,2024-11-10,0.1064674237954658,0.2576267314381305,0.2418025414310341,0.1622382353716494,3,0.2566666666666666,valid
Uttar_Pradesh,Sultanpur,2024,8,2024-11-10,2024-11-15,0.1257408291449294,0.2458283121489466,0.2487611049678929,0.1784900398855922,2,8.594999999999999,valid
Uttar_Pradesh,Sultanpur,2024,9,2024-11-15,2024-11-20,0.1184321397529278,0.2501870719852302,0.254300321911279,0.1807136864078548,1,22.8,valid
Uttar_Pradesh,Sultanpur,2024,10,2024-11-20,2024-11-25,0.1347993804673141,0.2414143297525467,0.240587304865971,0.1781049424800845,3,0.0033333333333333,valid
Uttar_Pradesh,Sultanpur,2024,11,2024-11-25,2024-11-30,0.12286782080741172,0.23487856761721032,0.2424584922878345,0.18181240192432352,0,,insufficient_data
Uttar_Pradesh,Sultanpur,2024,12,2024-11-30,2024-12-05,0.1183558104196172,0.2193508335980851,0.2338489380236187,0.181394485469642,2,0.125,valid
Uttar_Pradesh,Sultanpur,2024,13,2024-12-05,2024-12-10,0.1170109442522701,0.217612290601243,0.234794791670411,0.1903588553784442,3,1.7533333333333332,valid
Uttar_Pradesh,Sultanpur,2024,14,2024-12-10,2024-12-15,0.11653358922923536,0.21901690826527584,0.23083645244442255,0.18367240214031547,0,,insufficient_data
Uttar_Pradesh,Sultanpur,2024,15,2024-12-15,2024-12-20,0.1142340130158188,0.2200876005964994,0.223865627639238,0.1792638655728602,3,0.0766666666666666,valid
Uttar_Pradesh,Sultanpur,2024,16,2024-12-20,2024-12-25,0.11562247863404446,0.21884994559887122,0.2293302096548245,0.1848113604756522,0,,insufficient_data
Uttar_Pradesh,Sultanpur,2024,17,2024-12-25,2024-12-30,0.09156743127557646,0.23589931887930016,0.19944578068482177,0.14602819715244592,0,,insufficient_data
Uttar_Pradesh,Sultanpur,2024,18,2024-12-30,2025-01-04,0.08149883333295493,0.2454781438458485,0.1874163022816214,0.13025693481096826,0,,insufficient_data
Uttar_Pradesh,Sultanpur,2024,19,2025-01-04,2025-01-09,0.065131243491523,0.2581734154705231,0.16919163960281305,0.10575346943002226,0,,insufficient_data
Uttar_Pradesh,Sultanpur,2024,20,2025-01-09,2025-01-14,0.0689008495353341,0.2517110371621009,0.1750259337304055,0.1127925287320316,3,8.146666666666667,valid
Uttar_Pradesh,Sultanpur,2024,21,2025-01-14,2025-01-19,0.0613616374477119,0.2646357937789452,0.1633573454752206,0.0987144101280129,3,14.783333333333331,valid
Uttar_Pradesh,Sultanpur,2024,22,2025-01-19,2025-01-24,0.05999071974671176,0.28916679476825385,0.1649872226632882,0.09879097234801332,0,,insufficient_data
Uttar_Pradesh,Sultanpur,2024,23,2025-01-24,2025-01-29,0.0578468720535102,0.28842726719288,0.1627076451422992,0.0969266539254035,3,15.0,valid
Uttar_Pradesh,Sultanpur,2024,24,2025-01-29,2025-02-03,0.05595908830146,0.309455303179227,0.1583816726129256,0.0912507153193773,2,0.19,valid
Uttar_Pradesh,Sultanpur,2024,25,2025-02-03,2025-02-08,0.0558851513955426,0.3316045725281159,0.1654635163555901,0.0942705536352413,1,0.02,valid
Uttar_Pradesh,Sultanpur,2024,26,2025-02-08,2025-02-13,0.0558578765878311,0.3311033084797808,0.1592027810442597,0.0919315961990716,3,2.5,valid
Uttar_Pradesh,Sultanpur,2024,27,2025-02-13,2025-02-18,0.056961529656549284,0.3273142493025731,0.16067051132558435,0.09307016364696355,0,,insufficient_data
Uttar_Pradesh,Sultanpur,2024,28,2025-02-18,2025-02-23,0.0570322746128951,0.3276734889947048,0.1572002226447317,0.0910391656548916,3,4.406666666666666,valid
Uttar_Pradesh,Sultanpur,2024,29,2025-02-23,2025-02-28,0.0600732573850176,0.3367345733310369,0.1631043639704149,0.096858787426236,1,18.94,valid
Uttar_Pradesh,Sultanpur,2024,30,2025-02-28,2025-03-05,0.06988223798413502,0.31082774164932303,0.17472418587385066,0.10884586652653941,0,,insufficient_data
Uttar_Pradesh,Sultanpur,2024,31,2025-03-05,2025-03-10,0.063796057051575,0.317188134609245,0.1673683856639611,0.1046180756041006,3,0.08,valid
Uttar_Pradesh,Sultanpur,2024,32,2025-03-10,2025-03-15,0.0795680704792662,0.2827010128928137,0.1849613574985892,0.1194824186012459,2,4.52,valid
Uttar_Pradesh,Sultanpur,2024,33,2025-03-15,2025-03-20,0.0889415303919212,0.2898414984188146,0.2009865995915564,0.1322308853462229,1,0.34,valid
Uttar_Pradesh,Sultanpur,2024,34,2025-03-20,2025-03-25,0.0994388071245778,0.2524517656852337,0.2150736050737165,0.150883894540023,3,4.756666666666667,valid
Uttar_Pradesh,Sultanpur,2024,35,2025-03-25,2025-03-30,0.11147762293674754,0.2719743061926413,0.23127514872357507,0.16090759530216,0,,insufficient_data
Uttar_Pradesh,Sultanpur,2024,36,2025-03-30,2025-04-04,0.1329690018126265,0.2619752569613148,0.2612468413266204,0.1879858924090368,3,0.0033333333333333,valid
Uttar_Pradesh,Sultanpur,2024,37,2025-04-04,2025-04-09,0.156470704875346,0.2729019970050298,0.2941073401273928,0.2139548856142714,3,1.7733333333333334,valid
Uttar_Pradesh,Sultanpur,2024,38,2025-04-09,2025-04-14,0.1708984381469205,0.2906381301085107,0.3225706122826745,0.2474096785934287,0,,insufficient_data
Uttar_Pradesh,Sultanpur,2024,39,2025-04-14,2025-04-19,0.1730582060670901,0.2936447279522005,0.3274253612514148,0.2469078811686783,3,0.1899999999999999,valid
Uttar_Pradesh,Sultanpur,2024,40,2025-04-19,2025-04-24,0.1872555065208045,0.303067898234271,0.3531645326309759,0.2855581058802118,2,0.0,valid
Uttar_Pradesh,Sultanpur,2024,41,2025-04-24,2025-04-29,0.2047387714587354,0.3216007703897373,0.3769089860769684,0.3026416278949452,1,0.0,valid
Uttar_Pradesh,Sultanpur,2024,42,2025-04-29,2025-05-04,0.18835082801554334,0.3061044655254029,0.3524996266531197,0.27836920498127843,0,,insufficient_data
Uttar_Pradesh,Sultanpur,2025,0,2025-10-01,2025-10-06,0.0778612146486153,0.3066760254471234,0.2051463799888402,0.1270849652726791,1,27.28,valid
Uttar_Pradesh,Sultanpur,2025,1,2025-10-06,2025-10-11,0.0479565212394866,0.3108979877643945,0.1576401812606128,0.0796430997317799,2,19.91,valid
Uttar_Pradesh,Sultanpur,2025,2,2025-10-11,2025-10-16,0.06750724603298816,0.29464085539541246,0.1856983957984172,0.10958719536286021,0,,insufficient_data
Uttar_Pradesh,Sultanpur,2025,3,2025-10-16,2025-10-21,0.0658133842901337,0.2871145739745469,0.1776921454611855,0.105388314106263,3,1.64,valid
Uttar_Pradesh,Sultanpur,2025,4,2025-10-21,2025-10-26,0.078397863953717,0.2738748343955851,0.2023148764830304,0.1262324023407189,3,0.8166666666666668,valid
Uttar_Pradesh,Sultanpur,2025,5,2025-10-26,2025-10-31,0.08535549097823619,0.2614430880776581,0.2072823760960048,0.13526655976273194,0,,insufficient_data
Uttar_Pradesh,Sultanpur,2025,6,2025-10-31,2025-11-05,0.0659730426447796,0.2410127526653801,0.1786941738707176,0.1082201428361589,1,7.63,valid
Uttar_Pradesh,Sultanpur,2025,7,2025-11-05,2025-11-10,0.1076733980914944,0.2491917737299345,0.2364298547530349,0.1659872960079724,2,1.715,valid
Uttar_Pradesh,Sultanpur,2025,8,2025-11-10,2025-11-15,0.1089197659110563,0.256021505622844,0.2412808299120556,0.1705046435225465,1,0.26,valid
Uttar_Pradesh,Sultanpur,2025,9,2025-11-15,2025-11-20,0.1180603677230503,0.2422956225364347,0.2557450893658512,0.1927206984138708,2,4.13,valid
Uttar_Pradesh,Sultanpur,2025,10,2025-11-20,2025-11-25,0.11361016907144794,0.2385269047910815,0.2399547131411639,0.17915680470789813,0,,insufficient_data
Uttar_Pradesh,Sultanpur,2025,11,2025-11-25,2025-11-30,0.1179976352798589,0.2246442808523873,0.2368196589376837,0.1850537321493177,3,0.3433333333333332,valid
Uttar_Pradesh,Sultanpur,2025,12,2025-11-30,2025-12-05,0.1153996783517798,0.2204813412138071,0.229498132737194,0.1815176534457831,3,0.7533333333333333,valid
Uttar_Pradesh,Sultanpur,2025,13,2025-12-05,2025-12-10,0.11360832705668045,0.2209644979381696,0.2261721936541222,0.17724048049876262,0,,insufficient_data
Uttar_Pradesh,Sultanpur,2025,14,2025-12-10,2025-12-15,0.1074276675384026,0.2177678717483143,0.2121987892874889,0.165150055901187,3,7.830000000000001,valid
Uttar_Pradesh,Sultanpur,2025,15,2025-12-15,2025-12-20,0.1114136729450912,0.2191246064810607,0.22084846101234146,0.17333385467348505,0,,insufficient_data
Uttar_Pradesh,Sultanpur,2025,16,2025-12-20,2025-12-25,0.1074276675384026,0.2177678717483143,0.2121987892874889,0.165150055901187,0,,insufficient_data
Uttar_Pradesh,Sultanpur,2025,17,2025-12-25,2025-12-30,0.08570579432912084,0.2347123554441047,0.18716211399244836,0.13390244395143985,0,,insufficient_data
Uttar_Pradesh,Sultanpur,2025,18,2025-12-30,2026-01-04,0.0639839211198391,0.2516568391398951,0.1621254386974078,0.1026548320016927,0,,insufficient_data
Uttar_Pradesh,Sultanpur,2025,19,2026-01-04,2026-01-09,0.06184651415803985,0.26207268647807525,0.16072115406827464,0.0986517149177404,0,,insufficient_data
Uttar_Pradesh,Sultanpur,2025,20,2026-01-09,2026-01-14,0.0639839211198391,0.2516568391398951,0.1621254386974078,0.1026548320016927,3,0.6166666666666667,valid
Uttar_Pradesh,Sultanpur,2025,21,2026-01-14,2026-01-19,0.06184651415803985,0.26207268647807525,0.16072115406827464,0.0986517149177404,0,,insufficient_data
Uttar_Pradesh,Sultanpur,2025,22,2026-01-19,2026-01-24,0.0597091071962406,0.2724885338162554,0.1593168694391415,0.0946485978337881,3,1.643333333333333,valid
Uttar_Pradesh,Sultanpur,2025,23,2026-01-24,2026-01-29,0.05861506680827156,0.2894577404264285,0.15545231113820665,0.0924526425263991,0,,insufficient_data
Uttar_Pradesh,Sultanpur,2025,24,2026-01-29,2026-02-03,0.0546800658325901,0.32567004850049863,0.15347479793708305,0.08750761026550884,0,,insufficient_data
Uttar_Pradesh,Sultanpur,2025,25,2026-02-03,2026-02-08,0.052152172108735,0.3442278483231352,0.1449146252780707,0.0800544977437165,2,1.785,valid
Uttar_Pradesh,Sultanpur,2025,26,2026-02-08,2026-02-13,0.052142514990751204,0.34823862082560053,0.15023471694446036,0.08408355505608711,0,,insufficient_data
Uttar_Pradesh,Sultanpur,2025,27,2026-02-13,2026-02-18,0.0521789181927947,0.3602937633621052,0.1561928990940369,0.0878197352190219,2,8.59,valid
Uttar_Pradesh,Sultanpur,2025,28,2026-02-18,2026-02-23,0.0520964546707239,0.3401942507915613,0.1495966264612735,0.0843764322055229,3,0.0266666666666666,valid
Uttar_Pradesh,Sultanpur,2025,29,2026-02-23,2026-02-28,0.05560064390119055,0.32360137309014597,0.15568621160647517,0.09076370825060076,0,,insufficient_data
Uttar_Pradesh,Sultanpur,2025,30,2026-02-28,2026-03-05,0.0589384155679743,0.331932646680145,0.1567979441424452,0.0930500392920742,3,0.08,valid
Uttar_Pradesh,Sultanpur,2025,31,2026-03-05,2026-03-10,0.0591887871732693,0.2619848315267725,0.1601573767281451,0.097808626285784,1,7.49,valid
Uttar_Pradesh,Sultanpur,2025,32,2026-03-10,2026-03-15,0.0769651845643658,0.26823202705584615,0.1827726147646762,0.12005175436551596,0,,insufficient_data
Uttar_Pradesh,Sultanpur,2025,33,2026-03-15,2026-03-20,0.091484458991487,0.2543996095440882,0.1941301084670021,0.1311767046556996,2,7.26,valid
Uttar_Pradesh,Sultanpur,2025,34,2026-03-20,2026-03-25,0.08297410756316297,0.24699848718107986,0.19143083830541988,0.12905232605666325,0,,insufficient_data
Uttar_Pradesh,Sultanpur,2025,35,2026-03-25,2026-03-30,0.0982490765247326,0.2246110204723789,0.2200050297211124,0.1581716472285061,3,0.1433333333333333,valid
Uttar_Pradesh,Sultanpur,2025,36,2026-03-30,2026-04-04,0.09486676775810979,0.23950531500823355,0.20706756909405727,0.14467417594210286,0,,insufficient_data
Uttar_Pradesh,Sultanpur,2025,37,2026-04-04,2026-04-09,0.0982490765247326,0.2246110204723789,0.2200050297211124,0.1581716472285061,0,,insufficient_data
Uttar_Pradesh,Sultanpur,2025,38,2026-04-09,2026-04-14,0.0982490765247326,0.2246110204723789,0.2200050297211124,0.1581716472285061,0,,insufficient_data
Uttar_Pradesh,Sultanpur,2025,39,2026-04-14,2026-04-19,,,,,0,,insufficient_data
Uttar_Pradesh,Sultanpur,2025,40,2026-04-19,2026-04-24,,,,,0,,insufficient_data
Uttar_Pradesh,Sultanpur,2025,41,2026-04-24,2026-04-29,,,,,0,,insufficient_data
Uttar_Pradesh,Sultanpur,2025,42,2026-04-29,2026-05-04,,,,,0,,insufficient_data
