state,district,year,time_step,start_date,end_date,Red,NIR,SWIR1,SWIR2,image_count,mean_cloud_cover,quality_flag
Uttar_Pradesh,Jaunpur,2010,0,2010-10-01,2010-10-06,0.0818573312160833,0.2874738648796501,0.2036581983872741,0.1148569623682833,0,,insufficient_data
Uttar_Pradesh,Jaunpur,2010,1,2010-10-06,2010-10-11,0.0818573312160833,0.2874738648796501,0.2036581983872741,0.1148569623682833,1,9.0,valid
Uttar_Pradesh,Jaunpur,2010,2,2010-10-11,2010-10-16,0.0931384780251965,0.28257123836886655,0.21107218345956044,0.12639946477707864,0,,insufficient_data
Uttar_Pradesh,Jaunpur,2010,3,2010-10-16,2010-10-21,0.1009682937612601,0.2760896323084655,0.22402555664397614,0.14074325365124327,0,,insufficient_data
Uttar_Pradesh,Jaunpur,2010,4,2010-10-21,2010-10-26,0.1044196248343097,0.277668611858083,0.2184861685318468,0.137941967185874,3,1.3333333333333333,valid
Uttar_Pradesh,Jaunpur,2010,5,2010-10-26,2010-10-31,0.1105237750338485,0.2703975160228732,0.23420923577232716,0.15368639929272326,0,,insufficient_data
Uttar_Pradesh,Jaunpur,2010,6,2010-10-31,2010-11-05,0.1166279252333873,0.2631264201876634,0.2499323030128075,0.1694308313995725,1,1.0,valid
Uttar_Pradesh,Jaunpur,2010,7,2010-11-05,2010-11-10,0.124136879223458,0.2657504892929513,0.2514620573578286,0.1693115959609189,0,,insufficient_data
Uttar_Pradesh,Jaunpur,2010,8,2010-11-10,2010-11-15,0.11828458229348093,0.22321638070187758,0.2186074402444557,0.14765594944900326,0,,insufficient_data
Uttar_Pradesh,Jaunpur,2010,9,2010-11-15,2010-11-20,0.151363087602677,0.2564564358331075,0.2859677005288316,0.2005619892973102,1,1.0,valid
Uttar_Pradesh,Jaunpur,2010,10,2010-11-20,2010-11-25,0.12571519946199083,0.22082267095572505,0.22742502573255954,0.1569375205314441,0,,insufficient_data
Uttar_Pradesh,Jaunpur,2010,11,2010-11-25,2010-11-30,0.0868627340443785,0.1500662860848619,0.1199223171917281,0.0729750276501271,1,26.0,valid
Uttar_Pradesh,Jaunpur,2010,12,2010-11-30,2010-12-05,0.138919776738917,0.2559452909492057,0.276385059477119,0.197275544646895,2,0.0,valid
Uttar_Pradesh,Jaunpur,2010,13,2010-12-05,2010-12-10,0.1229092014804602,0.22684753666779983,0.22429102529355793,0.1583593372374809,0,,insufficient_data
Uttar_Pradesh,Jaunpur,2010,14,2010-12-10,2010-12-15,0.1383681331089377,0.2479017927694987,0.2553733578404924,0.1866811652066448,3,10.666666666666666,valid
Uttar_Pradesh,Jaunpur,2010,15,2010-12-15,2010-12-20,0.1274861620296076,0.253476776867633,0.2454833666648923,0.1765056114462568,3,0.6666666666666666,valid
Uttar_Pradesh,Jaunpur,2010,16,2010-12-20,2010-12-25,0.1302353543888083,0.2610472821439229,0.2340681060545707,0.16237739412673224,0,,insufficient_data
Uttar_Pradesh,Jaunpur,2010,17,2010-12-25,2010-12-30,0.1290127789508606,0.24823508112096,0.2203757232973477,0.1521588914968195,3,0.0,valid
Uttar_Pradesh,Jaunpur,2010,18,2010-12-30,2011-01-04,0.12752442814876516,0.2654291119353977,0.22696635545926347,0.15427613710009472,0,,insufficient_data
Uttar_Pradesh,Jaunpur,2010,19,2011-01-04,2011-01-09,0.1260743434658273,0.2945754778176001,0.2150399764155504,0.1341639083572079,1,22.0,valid
Uttar_Pradesh,Jaunpur,2010,20,2011-01-09,2011-01-14,0.10991485483612608,0.28397079577789985,0.20513426735609408,0.12899778651478183,1,12.0,missing_bands
Uttar_Pradesh,Jaunpur,2010,21,2011-01-14,2011-01-19,0.10354888013121456,0.2958827006635465,0.20005378204234284,0.12127741818743594,0,,insufficient_data
Uttar_Pradesh,Jaunpur,2010,22,2011-01-19,2011-01-24,0.1010059149114666,0.2866245083807553,0.1954743236431561,0.1182128183341645,3,9.0,valid
Uttar_Pradesh,Jaunpur,2010,23,2011-01-24,2011-01-29,0.0835663820163498,0.306448115792284,0.1896470460683221,0.1114555278709354,3,0.0,valid
Uttar_Pradesh,Jaunpur,2010,24,2011-01-29,2011-02-03,0.0926860434988376,0.3085101888626169,0.18699639585129896,0.10976228970969934,0,,insufficient_data
Uttar_Pradesh,Jaunpur,2010,25,2011-02-03,2011-02-08,0.1240028275989091,0.2891031123000279,0.1759004224267417,0.1010858500140445,3,0.0,valid
Uttar_Pradesh,Jaunpur,2010,26,2011-02-08,2011-02-13,0.0782716402817848,0.3239938305717459,0.1868684206618563,0.1069745019442813,1,3.0,valid
Uttar_Pradesh,Jaunpur,2010,27,2011-02-13,2011-02-18,0.0765834526856777,0.3363813772682716,0.1870917664564186,0.111082750385071,2,3.0,valid
Uttar_Pradesh,Jaunpur,2010,28,2011-02-18,2011-02-23,0.0943940674504008,0.3395136407623413,0.1904999425213805,0.1088442236833326,2,2.0,valid
Uttar_Pradesh,Jaunpur,2010,29,2011-02-23,2011-02-28,0.08200070735425792,0.32471116646158726,0.18650461281172226,0.1118583582013151,0,,insufficient_data
Uttar_Pradesh,Jaunpur,2010,30,2011-02-28,2011-03-05,0.0736356807208607,0.3176554964072799,0.1774160904196816,0.1099057424657925,3,3.0,valid
Uttar_Pradesh,Jaunpur,2010,31,2011-03-05,2011-03-10,0.0871186956325656,0.3060114872982974,0.1906468439992744,0.122484572528098,3,8.666666666666666,valid
Uttar_Pradesh,Jaunpur,2010,32,2011-03-10,2011-03-15,0.09955624626994201,0.27624730629302413,0.20209226696571286,0.1360166823137061,0,,insufficient_data
Uttar_Pradesh,Jaunpur,2010,33,2011-03-15,2011-03-20,0.098806455421658,0.2697480628866317,0.2040753757649509,0.1382759446582591,2,0.0,valid
Uttar_Pradesh,Jaunpur,2010,34,2011-03-20,2011-03-25,0.1107704058167805,0.2347695477738905,0.2042449519378665,0.1440175590554533,1,18.0,valid
Uttar_Pradesh,Jaunpur,2010,35,2011-03-25,2011-03-30,0.1274499937578453,0.2530519370990212,0.2340780727067909,0.1653995928609275,2,7.0,valid
Uttar_Pradesh,Jaunpur,2010,36,2011-03-30,2011-04-04,0.1417944059695123,0.2359179565582032,0.2496493121897506,0.1826024744502697,3,0.0,valid
Uttar_Pradesh,Jaunpur,2010,37,2011-04-04,2011-04-09,0.1378622508116617,0.2430155494313947,0.24901928222177122,0.18390196143077522,0,,insufficient_data
Uttar_Pradesh,Jaunpur,2010,38,2011-04-09,2011-04-14,0.14689286580995542,0.24576421665056278,0.26394405898307277,0.1971967622225492,0,,insufficient_data
Uttar_Pradesh,Jaunpur,2010,39,2011-04-14,2011-04-19,0.1714341977025087,0.2483227562944639,0.3081047920526769,0.2435882193564504,1,0.0,valid
Uttar_Pradesh,Jaunpur,2010,40,2011-04-19,2011-04-24,0.1714341977025087,0.2483227562944639,0.3081047920526769,0.2435882193564504,0,,insufficient_data
Uttar_Pradesh,Jaunpur,2010,41,2011-04-24,2011-04-29,0.1714341977025087,0.2483227562944639,0.3081047920526769,0.2435882193564504,0,,insufficient_data
Uttar_Pradesh,Jaunpur,2010,42,2011-04-29,2011-05-04,0.1714341977025087,0.2483227562944639,0.3081047920526769,0.2435882193564504,0,,insufficient_data
Uttar_Pradesh,Jaunpur,2011,0,2011-10-01,2011-10-06,0.0760228893915646,0.2802445658367961,0.1839321465147742,0.1082708156871708,2,3.0,valid
Uttar_Pradesh,Jaunpur,2011,1,2011-10-06,2011-10-11,0.09225832377460609,0.2770590386980185,0.20470425832445385,0.13406804203395262,0,,insufficient_data
Uttar_Pradesh,Jaunpur,2011,2,2011-10-11,2011-10-16,0.0931267052574554,0.2823682966367082,0.2138285175632199,0.1415779953443207,1,7.0,valid
Uttar_Pradesh,Jaunpur,2011,3,2011-10-16,2011-10-21,0.1076253766747983,0.2685642536205512,0.2163521108953675,0.1523553150703664,3,3.0,valid
Uttar_Pradesh,Jaunpur,2011,4,2011-10-21,2011-10-26,0.12395827523426503,0.2691340933864521,0.22997947070438063,0.16348638663060008,0,,insufficient_data
Uttar_Pradesh,Jaunpur,2011,5,2011-10-26,2011-10-31,0.1317942581836555,0.2590413604495112,0.2213334326891535,0.1577503290065661,3,0.0,valid
Uttar_Pradesh,Jaunpur,2011,6,2011-10-31,2011-11-05,0.1632867608211509,0.2665624628390378,0.2684038216697816,0.2022619071011472,1,2.0,valid
Uttar_Pradesh,Jaunpur,2011,7,2011-11-05,2011-11-10,0.14898557256901468,0.25083597571910504,0.2436477710710648,0.17804255754049048,0,,insufficient_data
Uttar_Pradesh,Jaunpur,2011,8,2011-11-10,2011-11-15,0.1518756987022376,0.2269041038687663,0.2412060588542593,0.1741154365137581,2,2.5,valid
Uttar_Pradesh,Jaunpur,2011,9,2011-11-15,2011-11-20,0.1579888795443637,0.2411687393114422,0.2503691404126683,0.18725958358385744,0,,insufficient_data
Uttar_Pradesh,Jaunpur,2011,10,2011-11-20,2011-11-25,0.1466616796354285,0.22445136260970333,0.2373257694048788,0.17773506586871635,0,,insufficient_data
Uttar_Pradesh,Jaunpur,2011,11,2011-11-25,2011-11-30,0.1588041791097026,0.2300396512265225,0.2414975407139639,0.1854014071366671,1,4.0,valid
Uttar_Pradesh,Jaunpur,2011,12,2011-11-30,2011-12-05,0.13888084595267336,0.22989431205559194,0.23464968627505525,0.17734110749553222,0,,insufficient_data
Uttar_Pradesh,Jaunpur,2011,13,2011-12-05,2011-12-10,0.1293051610943453,0.2164103327338212,0.2292737086464131,0.1736883539557238,1,1.0,valid
Uttar_Pradesh,Jaunpur,2011,14,2011-12-10,2011-12-15,0.1285331976539722,0.243232952206432,0.2331778094647888,0.1729335613942058,1,1.0,valid
Uttar_Pradesh,Jaunpur,2011,15,2011-12-15,2011-12-20,0.1230544754347916,0.23019046111482178,0.22171890121573823,0.16266758067411863,0,,insufficient_data
Uttar_Pradesh,Jaunpur,2011,16,2011-12-20,2011-12-25,0.1230544754347916,0.23019046111482178,0.22171890121573823,0.16266758067411863,0,,insufficient_data
Uttar_Pradesh,Jaunpur,2011,17,2011-12-25,2011-12-30,0.11992913260501475,0.2370805253053221,0.21794149750040082,0.15715719403331604,0,,insufficient_data
Uttar_Pradesh,Jaunpur,2011,18,2011-12-30,2012-01-04,0.1113250675560573,0.2309280984042122,0.2027051855360128,0.1413808266724263,2,2.0,valid
Uttar_Pradesh,Jaunpur,2011,19,2012-01-04,2012-01-09,0.09068069006596263,0.27547744080813896,0.19441058806353298,0.12356018446292764,0,,insufficient_data
Uttar_Pradesh,Jaunpur,2011,20,2012-01-09,2012-01-14,0.09068069006596263,0.27547744080813896,0.19441058806353298,0.12356018446292764,0,,insufficient_data
Uttar_Pradesh,Jaunpur,2011,21,2012-01-14,2012-01-19,0.0859615781347585,0.2837814660742934,0.1939034787486098,0.117181464669087,2,0.0,valid
Uttar_Pradesh,Jaunpur,2011,22,2012-01-19,2012-01-24,0.0747554245070721,0.3117227579459113,0.1866230999059764,0.1121182620472696,1,0.0,valid
Uttar_Pradesh,Jaunpur,2011,23,2012-01-24,2012-01-29,0.08879470631886367,0.31551937409052155,0.1896952680879348,0.11280068313063052,0,,insufficient_data
Uttar_Pradesh,Jaunpur,2011,24,2012-01-29,2012-02-03,0.0848549729022334,0.3397022383114636,0.1911376501932885,0.1126934825167938,2,0.0,valid
Uttar_Pradesh,Jaunpur,2011,25,2012-02-03,2012-02-08,0.1096068497313907,0.326871034030418,0.1871168435038646,0.1092095232893717,1,2.0,valid
Uttar_Pradesh,Jaunpur,2011,26,2012-02-08,2012-02-13,0.09563854274200233,0.3189064911788433,0.1836401454164322,0.10903560422174353,0,,insufficient_data
Uttar_Pradesh,Jaunpur,2011,27,2012-02-13,2012-02-18,0.1137277935874228,0.2973770626282157,0.1781683213065216,0.1058271325694116,2,17.5,valid
Uttar_Pradesh,Jaunpur,2011,28,2012-02-18,2012-02-23,0.0957459538459507,0.3152883255983592,0.18423213258645035,0.11172062834450294,0,,insufficient_data
Uttar_Pradesh,Jaunpur,2011,29,2012-02-23,2012-02-28,0.0743645547469624,0.3116756297452759,0.178137766662054,0.108412278511397,1,0.0,valid
Uttar_Pradesh,Jaunpur,2011,30,2012-02-28,2012-03-04,0.0852846173180269,0.3252295759895273,0.1935055988733613,0.1234335790078315,2,0.0,valid
Uttar_Pradesh,Jaunpur,2011,31,2012-03-04,2012-03-09,0.09087674734204518,0.29212520826168453,0.19246837216848567,0.12648768903107818,0,,insufficient_data
Uttar_Pradesh,Jaunpur,2011,32,2012-03-09,2012-03-14,0.0943044565387896,0.28673395862531,0.1947087702015816,0.1310583298154698,1,0.0,valid
Uttar_Pradesh,Jaunpur,2011,33,2012-03-14,2012-03-19,0.10553370938668642,0.27520453926790905,0.2050458384086183,0.14112073170368913,0,,insufficient_data
Uttar_Pradesh,Jaunpur,2011,34,2012-03-19,2012-03-24,0.1095533607644018,0.2448616686866249,0.2035213529369458,0.1430465687896144,2,0.0,valid
Uttar_Pradesh,Jaunpur,2011,35,2012-03-24,2012-03-29,0.1329924029255274,0.243992953770174,0.2284476316225845,0.1669444492018408,1,0.0,valid
Uttar_Pradesh,Jaunpur,2011,36,2012-03-29,2012-04-03,0.13969597630867464,0.24508766810425786,0.24653077602418366,0.18156759887511875,0,,insufficient_data
Uttar_Pradesh,Jaunpur,2011,37,2012-04-03,2012-04-08,0.1514724777537673,0.2399671861320227,0.2657976564365515,0.1977565934719945,2,11.5,valid
Uttar_Pradesh,Jaunpur,2011,38,2012-04-08,2012-04-13,0.1647656637910021,0.2515288638282098,0.2883564631006528,0.2185227840370253,1,5.0,valid
Uttar_Pradesh,Jaunpur,2011,39,2012-04-13,2012-04-18,0.16858449025891176,0.25489521930924747,0.29671029971623447,0.23031588808258485,0,,insufficient_data
Uttar_Pradesh,Jaunpur,2011,40,2012-04-18,2012-04-23,0.16858449025891176,0.25489521930924747,0.29671029971623447,0.23031588808258485,0,,insufficient_data
Uttar_Pradesh,Jaunpur,2011,41,2012-04-23,2012-04-28,0.1895153292319659,0.2731896079675098,0.3359767796114989,0.2746682867387348,1,0.0,valid
Uttar_Pradesh,Jaunpur,2011,42,2012-04-28,2012-05-03,0.1895153292319659,0.2731896079675098,0.3359767796114989,0.2746682867387348,0,,insufficient_data
Uttar_Pradesh,Jaunpur,2012,0,2012-10-01,2012-10-06,0.0997438438025395,0.2803905583268529,0.22217714909668865,0.152175144941275,0,,insufficient_data
Uttar_Pradesh,Jaunpur,2012,1,2012-10-06,2012-10-11,0.0997438438025395,0.2803905583268529,0.22217714909668865,0.152175144941275,0,,insufficient_data
Uttar_Pradesh,Jaunpur,2012,2,2012-10-11,2012-10-16,0.1013445519201109,0.2931868945207936,0.2290704734785911,0.1571566476108541,2,0.0,valid
Uttar_Pradesh,Jaunpur,2012,3,2012-10-16,2012-10-21,0.0981431356849681,0.2675942221329122,0.2152838247147862,0.1471936422716959,1,0.0,valid
Uttar_Pradesh,Jaunpur,2012,4,2012-10-21,2012-10-26,0.11065710038748403,0.2699857047781332,0.23534061372493073,0.16591553506655116,0,,insufficient_data
Uttar_Pradesh,Jaunpur,2012,5,2012-10-26,2012-10-31,0.1182484923992858,0.2701776019818283,0.2489755260065776,0.1810392534770925,2,0.0,valid
Uttar_Pradesh,Jaunpur,2012,6,2012-10-31,2012-11-05,0.1246754710463755,0.25503180572029754,0.24088059444815196,0.17253621857573428,0,,insufficient_data
Uttar_Pradesh,Jaunpur,2012,7,2012-11-05,2012-11-10,0.1248922215455713,0.2489841004769987,0.248032630699768,0.1782725969065621,1,2.0,valid
Uttar_Pradesh,Jaunpur,2012,8,2012-11-10,2012-11-15,0.1574180345556768,0.2333712982894511,0.251230396371476,0.1836393816475866,2,0.0,valid
Uttar_Pradesh,Jaunpur,2012,9,2012-11-15,2012-11-20,0.14035473226131207,0.24057592746502438,0.25596949502039257,0.19097958254187186,0,,insufficient_data
Uttar_Pradesh,Jaunpur,2012,10,2012-11-20,2012-11-25,0.135956964802514,0.2382768439809633,0.2585595869626075,0.1945461508950222,1,0.0,valid
Uttar_Pradesh,Jaunpur,2012,11,2012-11-25,2012-11-30,0.14222770394985046,0.23658522108946398,0.25699779191433514,0.1970835887187068,0,,insufficient_data
Uttar_Pradesh,Jaunpur,2012,12,2012-11-30,2012-12-05,0.1431517081414861,0.2416714671126844,0.2660553660477186,0.2074602007183166,2,0.0,valid
Uttar_Pradesh,Jaunpur,2012,13,2012-12-05,2012-12-10,0.1323841082997249,0.2330212749747571,0.2521458182755384,0.2026886216139018,1,1.0,valid
Uttar_Pradesh,Jaunpur,2012,14,2012-12-10,2012-12-15,0.1377679082206055,0.23734637104372075,0.2591005921616285,0.2050744111661092,0,,insufficient_data
Uttar_Pradesh,Jaunpur,2012,15,2012-12-15,2012-12-20,0.13820489621622964,0.2362417075904386,0.24017001847582284,0.1833174920373616,0,,insufficient_data
Uttar_Pradesh,Jaunpur,2012,16,2012-12-20,2012-12-25,0.1357314902536014,0.23352682782931572,0.22722734468987493,0.17124613769688415,0,,insufficient_data
Uttar_Pradesh,Jaunpur,2012,17,2012-12-25,2012-12-30,0.1390788722074779,0.2340323806838743,0.2023088711042115,0.1398036537798665,0,,insufficient_data
Uttar_Pradesh,Jaunpur,2012,18,2012-12-30,2013-01-04,0.1390788722074779,0.2340323806838743,0.2023088711042115,0.1398036537798665,2,5.5,valid
Uttar_Pradesh,Jaunpur,2012,19,2013-01-04,2013-01-09,0.1390788722074779,0.2340323806838743,0.2023088711042115,0.1398036537798665,0,,insufficient_data
Uttar_Pradesh,Jaunpur,2012,20,2013-01-09,2013-01-14,0.1390788722074779,0.2340323806838743,0.2023088711042115,0.1398036537798665,0,,insufficient_data
Uttar_Pradesh,Jaunpur,2012,21,2013-01-14,2013-01-19,0.1390788722074779,0.2340323806838743,0.2023088711042115,0.1398036537798665,0,,insufficient_data
Uttar_Pradesh,Jaunpur,2012,22,2013-01-19,2013-01-24,,,,,0,,insufficient_data
Uttar_Pradesh,Jaunpur,2012,23,2013-01-24,2013-01-29,0.0683321972465522,0.3358415265775649,0.1794668554372175,0.1037725880689357,0,,insufficient_data
Uttar_Pradesh,Jaunpur,2012,24,2013-01-29,2013-02-03,0.0683321972465522,0.3358415265775649,0.1794668554372175,0.1037725880689357,0,,insufficient_data
Uttar_Pradesh,Jaunpur,2012,25,2013-02-03,2013-02-08,0.064074017587728,0.3410495858007426,0.1681137381634527,0.0910523673900045,0,,insufficient_data
Uttar_Pradesh,Jaunpur,2012,26,2013-02-08,2013-02-13,0.0683321972465522,0.3358415265775649,0.1794668554372175,0.1037725880689357,1,0.0,valid
Uttar_Pradesh,Jaunpur,2012,27,2013-02-13,2013-02-18,0.06147870214100117,0.3309361231474491,0.1629144313165984,0.08794906423810717,0,,insufficient_data
Uttar_Pradesh,Jaunpur,2012,28,2013-02-18,2013-02-23,0.0598158379289038,0.3462576450239203,0.1567606208896879,0.0783321467110733,2,5.0,valid
Uttar_Pradesh,Jaunpur,2012,29,2013-02-23,2013-02-28,0.0562880712475475,0.3107091978408621,0.1525158176228898,0.0817424579343125,1,0.0,valid
Uttar_Pradesh,Jaunpur,2012,30,2013-02-28,2013-03-05,0.06689616943939375,0.31594074404396905,0.17027501142783,0.0983760358668902,0,,insufficient_data
Uttar_Pradesh,Jaunpur,2012,31,2013-03-05,2013-03-10,0.070893664425154,0.3274172993879328,0.1867009775715707,0.113705172500694,2,0.0,valid
Uttar_Pradesh,Jaunpur,2012,32,2013-03-10,2013-03-15,0.0805871041559697,0.2793788339231611,0.1851226296271716,0.119724366321481,1,0.0,valid
Uttar_Pradesh,Jaunpur,2012,33,2013-03-15,2013-03-20,0.07574038429056185,0.3033980666555469,0.18591180359937115,0.1167147694110875,0,,insufficient_data
Uttar_Pradesh,Jaunpur,2012,34,2013-03-20,2013-03-25,0.10164404202500417,0.28679022068285437,0.2213302915839499,0.1520669449492633,0,,insufficient_data
Uttar_Pradesh,Jaunpur,2012,35,2013-03-25,2013-03-30,0.11701923082492925,0.2664766813303152,0.23864494859013952,0.17124783117354794,0,,insufficient_data
Uttar_Pradesh,Jaunpur,2012,36,2013-03-30,2013-04-04,0.16220276338993367,0.25398185509557036,0.29959651123314796,0.2315097320102505,0,,insufficient_data
Uttar_Pradesh,Jaunpur,2012,37,2013-04-04,2013-04-09,0.1534513574938888,0.2535745287374694,0.2921672675531074,0.2227712960256149,2,0.0,valid
Uttar_Pradesh,Jaunpur,2012,38,2013-04-09,2013-04-14,0.17066071377478345,0.2612377923484694,0.3150811283930146,0.24761370853974451,0,,insufficient_data
Uttar_Pradesh,Jaunpur,2012,39,2013-04-14,2013-04-19,0.1709541692859785,0.2543891814536714,0.3070257549131885,0.2402481679948861,1,14.0,valid
Uttar_Pradesh,Jaunpur,2012,40,2013-04-19,2013-04-24,0.1875766145444831,0.2757496668542674,0.3460503627127479,0.2798216615987326,2,2.0,valid
Uttar_Pradesh,Jaunpur,2012,41,2013-04-24,2013-04-29,0.1792653919152308,0.2650694241539694,0.3265380588129682,0.26003491479680935,0,,insufficient_data
Uttar_Pradesh,Jaunpur,2012,42,2013-04-29,2013-05-04,0.1792653919152308,0.2650694241539694,0.3265380588129682,0.26003491479680935,0,,insufficient_data
Uttar_Pradesh,Jaunpur,2013,0,2013-10-01,2013-10-06,,,,,0,,insufficient_data
Uttar_Pradesh,Jaunpur,2013,1,2013-10-06,2013-10-11,0.0718440344897446,0.2726067041614036,0.1793296721518405,0.1021368683700754,0,,insufficient_data
Uttar_Pradesh,Jaunpur,2013,2,2013-10-11,2013-10-16,0.0718440344897446,0.2726067041614036,0.1793296721518405,0.1021368683700754,0,,insufficient_data
Uttar_Pradesh,Jaunpur,2013,3,2013-10-16,2013-10-21,0.0860559090107788,0.26282912390306923,0.19283146876086996,0.11973730430671925,0,,insufficient_data
Uttar_Pradesh,Jaunpur,2013,4,2013-10-21,2013-10-26,0.0718440344897446,0.2726067041614036,0.1793296721518405,0.1021368683700754,2,4.79,valid
Uttar_Pradesh,Jaunpur,2013,5,2013-10-26,2013-10-31,0.09353650021261754,0.2567217986021116,0.20705509861322505,0.13633548390221742,0,,insufficient_data
Uttar_Pradesh,Jaunpur,2013,6,2013-10-31,2013-11-05,0.100267783531813,0.2530515436447349,0.2063332653698994,0.1373377402433631,3,7.893333333333333,valid
Uttar_Pradesh,Jaunpur,2013,7,2013-11-05,2013-11-10,0.108497682616295,0.2445071480001962,0.2355023583179353,0.1695318430932138,2,14.255,valid
Uttar_Pradesh,Jaunpur,2013,8,2013-11-10,2013-11-15,0.12415236362148489,0.23829302669991542,0.23650501289874878,0.17464907358991702,0,,insufficient_data
Uttar_Pradesh,Jaunpur,2013,9,2013-11-15,2013-11-20,0.1317742226669878,0.2366445736154223,0.2531643006599209,0.1938371968239906,3,16.59,valid
Uttar_Pradesh,Jaunpur,2013,10,2013-11-20,2013-11-25,0.1607751200549989,0.2322991862954823,0.2463423627061321,0.1861997427267957,1,0.0,valid
Uttar_Pradesh,Jaunpur,2013,11,2013-11-25,2013-11-30,0.1194470092373298,0.2249626819437415,0.2411827774398562,0.1863388450622219,2,0.355,valid
Uttar_Pradesh,Jaunpur,2013,12,2013-11-30,2013-12-05,0.1204930316985066,0.2181466276454847,0.233033921907948,0.1805705251838401,3,0.3833333333333333,valid
Uttar_Pradesh,Jaunpur,2013,13,2013-12-05,2013-12-10,0.12608182855981392,0.2265397414778056,0.22772085916180132,0.1731499851515697,0,,insufficient_data
Uttar_Pradesh,Jaunpur,2013,14,2013-12-10,2013-12-15,0.1206177575885031,0.227468757831884,0.2217196829024076,0.1694000118547091,3,0.1133333333333333,valid
Uttar_Pradesh,Jaunpur,2013,15,2013-12-15,2013-12-20,0.1090762242197313,0.2298214536724356,0.1963255508526628,0.1432408009302818,2,6.215,valid
Uttar_Pradesh,Jaunpur,2013,16,2013-12-20,2013-12-25,0.10381327836413748,0.24808376931083603,0.1962159660697409,0.13800060368677258,0,,insufficient_data
Uttar_Pradesh,Jaunpur,2013,17,2013-12-25,2013-12-30,0.0847635697780178,0.2538681063394313,0.199247082176401,0.1390083854963451,3,20.72,valid
Uttar_Pradesh,Jaunpur,2013,18,2013-12-30,2014-01-04,0.0783015913012637,0.2691855224776166,0.1785318922522348,0.1203399783921708,1,0.77,valid
Uttar_Pradesh,Jaunpur,2013,19,2014-01-04,2014-01-09,0.1263072489331715,0.2600750062328127,0.1852556221649984,0.1180138417603561,2,0.0,valid
Uttar_Pradesh,Jaunpur,2013,20,2014-01-09,2014-01-14,0.09645747000415099,0.2610428783499536,0.18767819886454473,0.12578740188295734,0,,insufficient_data
Uttar_Pradesh,Jaunpur,2013,21,2014-01-14,2014-01-19,0.1023044201172176,0.26463026435521464,0.1818937572086166,0.11917691007626345,0,,insufficient_data
Uttar_Pradesh,Jaunpur,2013,22,2014-01-19,2014-01-24,0.0901094766573827,0.2765616342865326,0.16880118682478315,0.10244767193794005,0,,insufficient_data
Uttar_Pradesh,Jaunpur,2013,23,2014-01-24,2014-01-29,0.05676055752898255,0.3048004301384349,0.16233504591205106,0.0928566820956211,0,,insufficient_data
Uttar_Pradesh,Jaunpur,2013,24,2014-01-29,2014-02-03,0.058710610915467774,0.31175052032905004,0.16543592013454686,0.09624003432328206,0,,insufficient_data
Uttar_Pradesh,Jaunpur,2013,25,2014-02-03,2014-02-08,0.0539117043815939,0.2930482623402525,0.1523467514845679,0.086881502115524,1,9.38,valid
Uttar_Pradesh,Jaunpur,2013,26,2014-02-08,2014-02-13,0.0596094106763712,0.3165525979366173,0.1723233403395342,0.0988318620757182,1,0.0,valid
Uttar_Pradesh,Jaunpur,2013,27,2014-02-13,2014-02-18,0.0626107176884382,0.3256507007102804,0.1716376685795384,0.103006738778604,2,8.615,valid
Uttar_Pradesh,Jaunpur,2013,28,2014-02-18,2014-02-23,0.0609801602401162,0.3122082815852708,0.1619443637653329,0.0945929136994034,3,4.61,valid
Uttar_Pradesh,Jaunpur,2013,29,2014-02-23,2014-02-28,0.06109800259477063,0.31091850681984257,0.16692088852926715,0.09808403912446173,0,,insufficient_data
Uttar_Pradesh,Jaunpur,2013,30,2014-02-28,2014-03-05,0.06522917061378736,0.2998950933435619,0.17079205988256216,0.10377234053351092,0,,insufficient_data
Uttar_Pradesh,Jaunpur,2013,31,2014-03-05,2014-03-10,0.0611917217741569,0.2892624470472017,0.1617781814326631,0.0959046419441213,3,5.336666666666666,valid
Uttar_Pradesh,Jaunpur,2013,32,2014-03-10,2014-03-15,0.0686629022632975,0.2808606955393482,0.17479310359268868,0.10874485482801816,0,,insufficient_data
Uttar_Pradesh,Jaunpur,2013,33,2014-03-15,2014-03-20,0.0761340827524381,0.2724589440314947,0.1878080257527143,0.121585067711915,3,0.0433333333333333,valid
Uttar_Pradesh,Jaunpur,2013,34,2014-03-20,2014-03-25,0.08676938643450016,0.27289990023042027,0.20286616052492915,0.13387145448932258,0,,insufficient_data
Uttar_Pradesh,Jaunpur,2013,35,2014-03-25,2014-03-30,0.11665666459800657,0.26864060048420224,0.2503034066508738,0.17895061833124715,1,28.0,missing_bands
Uttar_Pradesh,Jaunpur,2013,36,2014-03-30,2014-04-04,0.1229823547769055,0.2569783096125644,0.2590122743894101,0.1841246538119314,3,0.6799999999999998,valid
Uttar_Pradesh,Jaunpur,2013,37,2014-04-04,2014-04-09,0.13691795552079078,0.26673142871055605,0.2815510970999535,0.2076333936409132,0,,insufficient_data
Uttar_Pradesh,Jaunpur,2013,38,2014-04-09,2014-04-14,0.1508535562646761,0.2764845478085477,0.304089919810497,0.231142133469895,3,0.0,valid
Uttar_Pradesh,Jaunpur,2013,39,2014-04-14,2014-04-19,0.1540472209031487,0.276686004275328,0.30309145353314837,0.23095026684128742,0,,insufficient_data
Uttar_Pradesh,Jaunpur,2013,40,2014-04-19,2014-04-24,0.16957965396627034,0.28653985160670986,0.3251310431050175,0.2543630733559655,0,,insufficient_data
Uttar_Pradesh,Jaunpur,2013,41,2014-04-24,2014-04-29,0.1883057516678646,0.296595155404872,0.346172166399538,0.2775840132420359,3,0.0,valid
Uttar_Pradesh,Jaunpur,2013,42,2014-04-29,2014-05-04,0.1883057516678646,0.296595155404872,0.346172166399538,0.2775840132420359,0,,insufficient_data
Uttar_Pradesh,Jaunpur,2014,0,2014-10-01,2014-10-06,0.0761078347146864,0.316140348889652,0.2038620392043535,0.1172923741669804,3,12.46,valid
Uttar_Pradesh,Jaunpur,2014,1,2014-10-06,2014-10-11,0.0831333726853361,0.2893093779059461,0.1980232936224701,0.1217704556908026,1,17.0,valid
Uttar_Pradesh,Jaunpur,2014,2,2014-10-11,2014-10-16,0.08303812943213568,0.289715697105462,0.19968636922950048,0.12163843149226128,0,,insufficient_data
Uttar_Pradesh,Jaunpur,2014,3,2014-10-16,2014-10-21,0.0793183110156454,0.2830997640260572,0.1893895158230967,0.1126878834514943,3,4.433333333333334,valid
Uttar_Pradesh,Jaunpur,2014,4,2014-10-21,2014-10-26,0.09292189929724022,0.2756385664871265,0.20649005033853765,0.13428132760299422,0,,insufficient_data
Uttar_Pradesh,Jaunpur,2014,5,2014-10-26,2014-10-31,0.0935929993128748,0.2703132976001928,0.2074706282680816,0.1348030126597678,2,1.975,valid
Uttar_Pradesh,Jaunpur,2014,6,2014-10-31,2014-11-05,0.1156429141751046,0.25983182641631,0.2310767636405022,0.1678639586099122,3,3.09,valid
Uttar_Pradesh,Jaunpur,2014,7,2014-11-05,2014-11-10,0.12669684439202067,0.25487726217891454,0.2440817501763019,0.18101776516498105,0,,insufficient_data
Uttar_Pradesh,Jaunpur,2014,8,2014-11-10,2014-11-15,0.1534964145066917,0.2596453678807784,0.2724308818334949,0.2065256423647229,1,24.0,valid
Uttar_Pradesh,Jaunpur,2014,9,2014-11-15,2014-11-20,0.1227235717778927,0.2359698075441498,0.2447076807166982,0.1907119373556906,1,3.65,valid
Uttar_Pradesh,Jaunpur,2014,10,2014-11-20,2014-11-25,0.1480283221875396,0.2486260114531418,0.2647227964227326,0.2051842748348117,2,0.0,valid
Uttar_Pradesh,Jaunpur,2014,11,2014-11-25,2014-11-30,0.1327735533235612,0.23851974382833,0.2454635474113912,0.1897066688030284,3,2.2533333333333334,valid
Uttar_Pradesh,Jaunpur,2014,12,2014-11-30,2014-12-05,0.1345084824296645,0.24103852094187386,0.25163134151694067,0.19520096033117693,0,,insufficient_data
Uttar_Pradesh,Jaunpur,2014,13,2014-12-05,2014-12-10,0.1404009377555504,0.2435728776407359,0.25509317191706193,0.19744547181892003,0,,insufficient_data
Uttar_Pradesh,Jaunpur,2014,14,2014-12-10,2014-12-15,0.1327735533235612,0.23851974382833,0.2454635474113912,0.1897066688030284,0,,insufficient_data
Uttar_Pradesh,Jaunpur,2014,15,2014-12-15,2014-12-20,,,,,0,,insufficient_data
Uttar_Pradesh,Jaunpur,2014,16,2014-12-20,2014-12-25,0.0709867255440475,0.2548777933587953,0.154932702582867,0.0941959676785989,0,,insufficient_data
Uttar_Pradesh,Jaunpur,2014,17,2014-12-25,2014-12-30,0.0709867255440475,0.2548777933587953,0.154932702582867,0.0941959676785989,0,,insufficient_data
Uttar_Pradesh,Jaunpur,2014,18,2014-12-30,2015-01-04,0.0709867255440475,0.2548777933587953,0.154932702582867,0.0941959676785989,1,28.14,missing_bands
Uttar_Pradesh,Jaunpur,2014,19,2015-01-04,2015-01-09,0.0709867255440475,0.2548777933587953,0.154932702582867,0.0941959676785989,2,2.22,valid
Uttar_Pradesh,Jaunpur,2014,20,2015-01-09,2015-01-14,0.08542316157307006,0.28247419256775425,0.16860755288978752,0.1007890873929072,0,,insufficient_data
Uttar_Pradesh,Jaunpur,2014,21,2015-01-14,2015-01-19,0.07602976521089544,0.28973861631573444,0.1629881945109952,0.09459290744997954,0,,insufficient_data
Uttar_Pradesh,Jaunpur,2014,22,2015-01-19,2015-01-24,0.0998595976020926,0.3100705917767132,0.182282403196708,0.1073822071072155,1,24.0,valid
Uttar_Pradesh,Jaunpur,2014,23,2015-01-24,2015-01-29,0.089355332603419,0.32077594234963175,0.1675856551743039,0.09233811932445124,0,,insufficient_data
Uttar_Pradesh,Jaunpur,2014,24,2015-01-29,2015-02-03,0.0572429724865462,0.3042674638116948,0.1517494777534105,0.0822005475641242,3,1.0133333333333334,valid
Uttar_Pradesh,Jaunpur,2014,25,2015-02-03,2015-02-08,0.0830315089803324,0.31966652403722795,0.16729230414501234,0.09341147532928985,0,,insufficient_data
Uttar_Pradesh,Jaunpur,2014,26,2015-02-08,2015-02-13,0.1109634277216182,0.3479897714604874,0.1687250845727932,0.087431603302014,1,15.0,valid
Uttar_Pradesh,Jaunpur,2014,27,2015-02-13,2015-02-18,0.0640600381110726,0.3163382691000164,0.1664122510571377,0.0966315433438057,3,2.526666666666667,valid
Uttar_Pradesh,Jaunpur,2014,28,2015-02-18,2015-02-23,0.07921823445808807,0.3261615861979474,0.16613645131104793,0.09282277283499911,0,,insufficient_data
Uttar_Pradesh,Jaunpur,2014,29,2015-02-23,2015-02-28,0.0626312375415734,0.3141567180333384,0.1632720183032129,0.0944051718591776,3,0.8766666666666666,valid
Uttar_Pradesh,Jaunpur,2014,30,2015-02-28,2015-03-05,0.07122797526741352,0.28074313502356524,0.17692624804198323,0.11073387636422824,0,,insufficient_data
Uttar_Pradesh,Jaunpur,2014,31,2015-03-05,2015-03-10,0.07720197701814033,0.2629779389279029,0.18819580129084862,0.12406440286084089,0,,insufficient_data
Uttar_Pradesh,Jaunpur,2014,32,2015-03-10,2015-03-15,0.0719615207513819,0.2658665238354992,0.1803049430966918,0.118306411974362,3,8.796666666666667,valid
Uttar_Pradesh,Jaunpur,2014,33,2015-03-15,2015-03-20,0.0862591046656262,0.2266110291254071,0.1977157797108906,0.1335923782795677,1,1.0,valid
Uttar_Pradesh,Jaunpur,2014,34,2015-03-20,2015-03-25,0.0879560451139798,0.2452774847173669,0.2114904640525992,0.1499536493302562,2,0.015,valid
Uttar_Pradesh,Jaunpur,2014,35,2015-03-25,2015-03-30,0.1190518298661051,0.2280893932438404,0.2501542915384669,0.1798215498497705,2,0.5,valid
Uttar_Pradesh,Jaunpur,2014,36,2015-03-30,2015-04-04,0.11349280099743259,0.23846160590352314,0.2444993619186442,0.17932630008329814,0,,insufficient_data
Uttar_Pradesh,Jaunpur,2014,37,2015-04-04,2015-04-09,0.1319721131950421,0.24733713577263777,0.27317028360094037,0.2090581151897461,0,,insufficient_data
Uttar_Pradesh,Jaunpur,2014,38,2015-04-09,2015-04-14,0.1607042243440192,0.2538685165274782,0.3186369123726201,0.2539376228735982,1,6.0,valid
Uttar_Pradesh,Jaunpur,2014,39,2015-04-14,2015-04-19,0.1645781941185034,0.2651629189288498,0.31997633283685206,0.2555457571163446,0,,insufficient_data
Uttar_Pradesh,Jaunpur,2014,40,2015-04-19,2015-04-24,0.1601763534560643,0.2621131486018655,0.3123994664400754,0.2525196387053594,3,1.1566666666666665,valid
Uttar_Pradesh,Jaunpur,2014,41,2015-04-24,2015-04-29,0.1645781941185034,0.2651629189288498,0.31997633283685206,0.2555457571163446,0,,insufficient_data
Uttar_Pradesh,Jaunpur,2014,42,2015-04-29,2015-05-04,0.1728540045554267,0.2795070916572057,0.3288926196978607,0.2601800097700761,2,3.0,valid
Uttar_Pradesh,Jaunpur,2015,0,2015-10-01,2015-10-06,0.0796951864549065,0.2851334427997897,0.2177358561710839,0.1400302691791339,1,0.0,valid
Uttar_Pradesh,Jaunpur,2015,1,2015-10-06,2015-10-11,0.093718982957293,0.2915097482764398,0.2440239650331959,0.1572311872203109,2,0.0,valid
Uttar_Pradesh,Jaunpur,2015,2,2015-10-11,2015-10-16,0.0986298348614816,0.2923352700552676,0.2359723408143615,0.1481138015857327,3,8.1,valid
Uttar_Pradesh,Jaunpur,2015,3,2015-10-16,2015-10-21,0.09425990086689492,0.28182361814935175,0.23034562639081094,0.1490987953809932,0,,insufficient_data
Uttar_Pradesh,Jaunpur,2015,4,2015-10-21,2015-10-26,0.1068898582581262,0.2785506297400063,0.2365712334846109,0.1571557174791198,3,1.67,valid
Uttar_Pradesh,Jaunpur,2015,5,2015-10-26,2015-10-31,0.0923656418026673,0.2615889998752554,0.2174247364508024,0.1429630014406687,1,3.06,valid
Uttar_Pradesh,Jaunpur,2015,6,2015-10-31,2015-11-05,0.11583186018089195,0.2638818245526519,0.2469101014898271,0.17266268391849948,0,,insufficient_data
Uttar_Pradesh,Jaunpur,2015,7,2015-11-05,2015-11-10,0.1300039512961904,0.2576724115270035,0.2653480913563507,0.1911217459778443,3,6.48,valid
Uttar_Pradesh,Jaunpur,2015,8,2015-11-10,2015-11-15,0.12149018808748271,0.2518533739239872,0.25161660683573894,0.18181416768374586,0,,insufficient_data
Uttar_Pradesh,Jaunpur,2015,9,2015-11-15,2015-11-20,0.1340679893665839,0.2577152570683425,0.2682963446675444,0.1994102707763652,2,14.76,valid
Uttar_Pradesh,Jaunpur,2015,10,2015-11-20,2015-11-25,0.1295231698844892,0.2304368272253475,0.2553972548682583,0.1937616525401052,1,27.62,valid
Uttar_Pradesh,Jaunpur,2015,11,2015-11-25,2015-11-30,0.12691620062567108,0.238621016043155,0.2575608399247724,0.19303840181025114,0,,insufficient_data
Uttar_Pradesh,Jaunpur,2015,12,2015-11-30,2015-12-05,0.1171574426259401,0.227710963835775,0.2489889202385145,0.1859432821142831,2,3.255,valid
Uttar_Pradesh,Jaunpur,2015,13,2015-12-05,2015-12-10,0.12117357980729827,0.22556394180223238,0.23617492160504008,0.1812710945572487,1,24.0,missing_bands
Uttar_Pradesh,Jaunpur,2015,14,2015-12-10,2015-12-15,0.12054711587993272,0.2279406204581286,0.23240638985318068,0.1790974641070107,0,,insufficient_data
Uttar_Pradesh,Jaunpur,2015,15,2015-12-15,2015-12-20,0.1207615533079027,0.2236235687921197,0.2308215587245625,0.1823878984859747,3,7.463333333333334,valid
Uttar_Pradesh,Jaunpur,2015,16,2015-12-20,2015-12-25,0.1172521534108611,0.2204844073556873,0.2094919525888249,0.1629915450886319,1,0.11,valid
Uttar_Pradesh,Jaunpur,2015,17,2015-12-25,2015-12-30,0.127017314175027,0.2399435418489324,0.2403231278608209,0.185067130739153,2,0.5,valid
Uttar_Pradesh,Jaunpur,2015,18,2015-12-30,2016-01-04,0.10672500336652953,0.24162143271937558,0.21398468466463233,0.159488481152595,1,20.63,missing_bands
Uttar_Pradesh,Jaunpur,2015,19,2016-01-04,2016-01-09,0.10321586588118624,0.24612089870118956,0.20977546614964981,0.1537636268192501,0,,insufficient_data
Uttar_Pradesh,Jaunpur,2015,20,2016-01-09,2016-01-14,0.092002430391715,0.2550193585637276,0.2022516813997369,0.1411483749215385,3,0.0633333333333333,valid
Uttar_Pradesh,Jaunpur,2015,21,2016-01-14,2016-01-19,0.0765915655471418,0.2690362870364109,0.1870351027492165,0.1258474565276769,1,21.3,valid
Uttar_Pradesh,Jaunpur,2015,22,2016-01-19,2016-01-24,0.08258148842623032,0.2895938118528707,0.1879155797012814,0.12226549465986909,0,,insufficient_data
Uttar_Pradesh,Jaunpur,2015,23,2016-01-24,2016-01-29,0.0722879355558044,0.2866939116641858,0.176269471315891,0.114355821456985,2,12.235,valid
Uttar_Pradesh,Jaunpur,2015,24,2016-01-29,2016-02-03,0.103242084735005,0.3181729304675633,0.1926267271386776,0.1154295831494753,1,2.0,valid
Uttar_Pradesh,Jaunpur,2015,25,2016-02-03,2016-02-08,0.0687834259014854,0.3190465715324661,0.181394915902885,0.1145462372436697,2,0.07,valid
Uttar_Pradesh,Jaunpur,2015,26,2016-02-08,2016-02-13,0.0788229720140752,0.3534639682309676,0.1959438313970364,0.116926146592727,3,9.583333333333334,valid
Uttar_Pradesh,Jaunpur,2015,27,2016-02-13,2016-02-18,0.085486052797268,0.3207539575891284,0.18564039503616808,0.11276273514693935,0,,insufficient_data
Uttar_Pradesh,Jaunpur,2015,28,2016-02-18,2016-02-23,0.0658237510005907,0.3179399995969391,0.1763429805097942,0.1067659873207061,3,2.22,valid
Uttar_Pradesh,Jaunpur,2015,29,2016-02-23,2016-02-28,0.1107580303351837,0.295146318117706,0.1818935202324473,0.1101457214281187,2,6.0,valid
Uttar_Pradesh,Jaunpur,2015,30,2016-02-28,2016-03-04,0.0890694559058396,0.2832352801318514,0.16788544416027584,0.09908704405125757,0,,insufficient_data
Uttar_Pradesh,Jaunpur,2015,31,2016-03-04,2016-03-09,0.0845478746583389,0.2663451661857764,0.1780349949124951,0.1132439990805106,1,16.0,valid
Uttar_Pradesh,Jaunpur,2015,32,2016-03-09,2016-03-14,0.10048100906544949,0.2635685346007802,0.1834075877103576,0.11718804932499588,0,,insufficient_data
Uttar_Pradesh,Jaunpur,2015,33,2016-03-14,2016-03-19,0.0951481676292451,0.253509636626984,0.1352702809863669,0.0661924683756949,1,29.0,valid
Uttar_Pradesh,Jaunpur,2015,34,2016-03-19,2016-03-24,0.1114699636390303,0.2392730174726545,0.2384315547101211,0.1791700084156593,3,0.01,valid
Uttar_Pradesh,Jaunpur,2015,35,2016-03-24,2016-03-29,0.11425163693126461,0.24608713266940074,0.2141980239087348,0.14979050092078774,0,,insufficient_data
Uttar_Pradesh,Jaunpur,2015,36,2016-03-29,2016-04-03,0.1361367795255184,0.2454787439085637,0.2688922360297165,0.2040090259710091,3,4.586666666666667,valid
Uttar_Pradesh,Jaunpur,2015,37,2016-04-03,2016-04-08,0.1598734267692684,0.26568832649496726,0.30412369353024254,0.24199998043991605,0,,insufficient_data
Uttar_Pradesh,Jaunpur,2015,38,2016-04-08,2016-04-13,0.18320637052868333,0.28452322141029834,0.33709543427825184,0.27341754966068677,0,,insufficient_data
Uttar_Pradesh,Jaunpur,2015,39,2016-04-13,2016-04-18,0.191037491718096,0.2914764733477816,0.3511291834745075,0.2888446379656646,3,0.0033333333333333,valid
Uttar_Pradesh,Jaunpur,2015,40,2016-04-18,2016-04-23,0.2008494721944289,0.2865250712508693,0.3580417999066251,0.2959762494073313,1,0.0,valid
Uttar_Pradesh,Jaunpur,2015,41,2016-04-23,2016-04-28,0.20480173867669,0.3146125971339789,0.3703185177021582,0.304840285298742,2,0.0,valid
Uttar_Pradesh,Jaunpur,2015,42,2016-04-28,2016-05-03,0.19889623419640498,0.2975380472442099,0.3598298336944303,0.29655372422391263,0,,insufficient_data
Uttar_Pradesh,Jaunpur,2016,0,2016-10-01,2016-10-06,0.07205546843950654,0.2930347584328652,0.18481682348659434,0.11080266404292545,0,,insufficient_data
Uttar_Pradesh,Jaunpur,2016,1,2016-10-06,2016-10-11,0.0572572711130409,0.3093195542591984,0.1697097192791764,0.0884614544379167,1,16.97,valid
Uttar_Pradesh,Jaunpur,2016,2,2016-10-11,2016-10-16,0.0795865313927178,0.283634429527891,0.1880705445631923,0.1159293827329619,1,0.0,valid
Uttar_Pradesh,Jaunpur,2016,3,2016-10-16,2016-10-21,0.0793226028127609,0.2861502915115061,0.1966702066174143,0.1280171549578978,2,0.08,valid
Uttar_Pradesh,Jaunpur,2016,4,2016-10-21,2016-10-26,0.1071642686359365,0.2692979872102451,0.2180376459315665,0.1522103133645352,3,0.0533333333333333,valid
Uttar_Pradesh,Jaunpur,2016,5,2016-10-26,2016-10-31,0.11343791033020882,0.2721545161447982,0.2251015636558297,0.15834411664383802,0,,insufficient_data
Uttar_Pradesh,Jaunpur,2016,6,2016-10-31,2016-11-05,0.1164881648734531,0.2534553955189441,0.245292539766573,0.1791325707314921,3,0.1866666666666666,valid
Uttar_Pradesh,Jaunpur,2016,7,2016-11-05,2016-11-10,0.1846279839361758,0.2682344769554045,0.2774368814004025,0.2164311614323031,1,11.0,valid
Uttar_Pradesh,Jaunpur,2016,8,2016-11-10,2016-11-15,0.13454349279080152,0.23887391719522832,0.2510549166149688,0.19291899848040597,0,,insufficient_data
Uttar_Pradesh,Jaunpur,2016,9,2016-11-15,2016-11-20,0.1242103772785261,0.227359169877434,0.2462337547236758,0.187863280485887,3,0.0966666666666666,valid
Uttar_Pradesh,Jaunpur,2016,10,2016-11-20,2016-11-25,0.1189697324562374,0.2145698746411437,0.229848463802106,0.1807748795279305,1,12.62,valid
Uttar_Pradesh,Jaunpur,2016,11,2016-11-25,2016-11-30,0.1284212054096151,0.2307506689832152,0.2564629433820868,0.2003931002244171,2,0.0,valid
Uttar_Pradesh,Jaunpur,2016,12,2016-11-30,2016-12-05,0.1178022073996143,0.22420010561631015,0.234119935767311,0.17966947486183102,0,,insufficient_data
Uttar_Pradesh,Jaunpur,2016,13,2016-12-05,2016-12-10,0.11566615077331037,0.22314708419593554,0.23008199611518934,0.17693820632047905,0,,insufficient_data
Uttar_Pradesh,Jaunpur,2016,14,2016-12-10,2016-12-15,0.11401435993184686,0.22743568897333144,0.23019876227173106,0.1750198697167533,1,20.0,missing_bands
Uttar_Pradesh,Jaunpur,2016,15,2016-12-15,2016-12-20,0.0996075144540786,0.2241207089634477,0.2039345811613753,0.1496466392090895,3,0.6866666666666666,valid
Uttar_Pradesh,Jaunpur,2016,16,2016-12-20,2016-12-25,0.0996075144540786,0.2241207089634477,0.2039345811613753,0.1496466392090895,0,,insufficient_data
Uttar_Pradesh,Jaunpur,2016,17,2016-12-25,2016-12-30,0.0811875908804149,0.25123708353255847,0.18812162164369417,0.12777515351752333,1,15.0,missing_bands
Uttar_Pradesh,Jaunpur,2016,18,2016-12-30,2017-01-04,0.0811875908804149,0.25123708353255847,0.18812162164369417,0.12777515351752333,0,,insufficient_data
Uttar_Pradesh,Jaunpur,2016,19,2017-01-04,2017-01-09,0.06994020040787355,0.2872646728520404,0.1708674306390086,0.1028086585164842,0,,insufficient_data
Uttar_Pradesh,Jaunpur,2016,20,2017-01-09,2017-01-14,0.0627676673067512,0.2783534581016693,0.172308662126013,0.1059036678259572,3,0.0066666666666666,valid
Uttar_Pradesh,Jaunpur,2016,21,2017-01-14,2017-01-19,0.0670396101389892,0.29716301502902803,0.16758603269162653,0.0986466924364368,0,,insufficient_data
Uttar_Pradesh,Jaunpur,2016,22,2017-01-19,2017-01-24,0.0771127335089959,0.2961758876024115,0.1694261991520042,0.0997136492070112,3,2.38,valid
Uttar_Pradesh,Jaunpur,2016,23,2017-01-24,2017-01-29,0.0612384296012205,0.3169596993830033,0.1610232367968624,0.090322760276342,3,14.410000000000002,valid
Uttar_Pradesh,Jaunpur,2016,24,2017-01-29,2017-02-03,0.06703626612783942,0.31919602517254403,0.16555842715201233,0.0956592782821459,0,,insufficient_data
Uttar_Pradesh,Jaunpur,2016,25,2017-02-03,2017-02-08,0.0560323982688983,0.3254716136653114,0.1610874933288194,0.0939312505358109,2,0.08,valid
Uttar_Pradesh,Jaunpur,2016,26,2017-02-08,2017-02-13,0.0606308182941817,0.3149373016883243,0.1574722759979655,0.0941377616511327,1,6.12,valid
Uttar_Pradesh,Jaunpur,2016,27,2017-02-13,2017-02-18,0.0801669509659007,0.3424356235236698,0.1787829304844102,0.1001909697404327,2,0.0,valid
Uttar_Pradesh,Jaunpur,2016,28,2017-02-18,2017-02-23,0.0649429454767831,0.3141494282140643,0.1655524813353864,0.0999549893316342,3,0.2166666666666666,valid
Uttar_Pradesh,Jaunpur,2016,29,2017-02-23,2017-02-28,0.07129951962533808,0.3124155311513773,0.1710106067210883,0.1041468945811492,0,,insufficient_data
Uttar_Pradesh,Jaunpur,2016,30,2017-02-28,2017-03-05,0.0685444900538577,0.3030216351778951,0.1698030494016748,0.1070161595605054,3,0.0066666666666666,valid
Uttar_Pradesh,Jaunpur,2016,31,2017-03-05,2017-03-10,0.0822123933359672,0.2875336671529331,0.1834422963860046,0.119434592622041,3,17.073333333333334,valid
Uttar_Pradesh,Jaunpur,2016,32,2017-03-10,2017-03-15,0.09543376928300444,0.2629021140242597,0.19493437561293986,0.13303034721654977,0,,insufficient_data
Uttar_Pradesh,Jaunpur,2016,33,2017-03-15,2017-03-20,0.0924485501277868,0.2568685831048202,0.187343359824139,0.130508372614432,1,0.05,valid
Uttar_Pradesh,Jaunpur,2016,34,2017-03-20,2017-03-25,0.1200155720159033,0.2224148360758952,0.2103940793253138,0.1473662031361712,1,0.0,valid
Uttar_Pradesh,Jaunpur,2016,35,2017-03-25,2017-03-30,0.1139478408815072,0.244671848609755,0.223689093127567,0.1608264081495994,2,0.01,valid
Uttar_Pradesh,Jaunpur,2016,36,2017-03-30,2017-04-04,0.1387639102323304,0.2451105853950147,0.2617818064796546,0.1936563860358428,3,0.3333333333333333,valid
Uttar_Pradesh,Jaunpur,2016,37,2017-04-04,2017-04-09,0.14448176764450246,0.2542179421649201,0.2701835679094079,0.20361070679343113,0,,insufficient_data
Uttar_Pradesh,Jaunpur,2016,38,2017-04-09,2017-04-14,0.1764831164416824,0.2878108190393246,0.3277098487115706,0.2606551227146023,3,0.01,valid
Uttar_Pradesh,Jaunpur,2016,39,2017-04-14,2017-04-19,0.1731983986510891,0.2710816217046111,0.3273430119029337,0.25554941393094,3,0.7133333333333334,valid
Uttar_Pradesh,Jaunpur,2016,40,2017-04-19,2017-04-24,0.18282288964163754,0.28724217354305087,0.33447353683784115,0.26571965711140827,0,,insufficient_data
Uttar_Pradesh,Jaunpur,2016,41,2017-04-24,2017-04-29,0.1987871538321411,0.302834079885217,0.3483677498990191,0.2809544346886826,3,3.08,valid
Uttar_Pradesh,Jaunpur,2016,42,2017-04-29,2017-05-04,0.1859927762416151,0.28695785079491404,0.3378553809009764,0.26825192430981126,0,,insufficient_data
Uttar_Pradesh,Jaunpur,2017,0,2017-10-01,2017-10-06,0.071744603075204,0.3159993530875306,0.1799751861191264,0.0968172166069525,2,19.33,valid
Uttar_Pradesh,Jaunpur,2017,1,2017-10-06,2017-10-11,0.0685382115460641,0.3188936494864062,0.1955630219295343,0.1107081983026326,1,14.96,valid
Uttar_Pradesh,Jaunpur,2017,2,2017-10-11,2017-10-16,0.09167204550638693,0.29432179625068744,0.20355259831025643,0.12555108509035628,0,,insufficient_data
Uttar_Pradesh,Jaunpur,2017,3,2017-10-16,2017-10-21,0.1062617138314509,0.2790117834917762,0.209687514231422,0.1339351365978223,1,0.0,valid
Uttar_Pradesh,Jaunpur,2017,4,2017-10-21,2017-10-26,0.1060268579019949,0.28123348057872977,0.2252511601686584,0.14946155184079574,0,,insufficient_data
Uttar_Pradesh,Jaunpur,2017,5,2017-10-26,2017-10-31,0.1201436535728287,0.2633823989370367,0.228984670960943,0.1607437888540177,3,1.72,valid
Uttar_Pradesh,Jaunpur,2017,6,2017-10-31,2017-11-05,0.1291638526576359,0.2636460903997001,0.2667694335527343,0.1924590836087103,3,6.146666666666667,valid
Uttar_Pradesh,Jaunpur,2017,7,2017-11-05,2017-11-10,0.12634385879868082,0.25137601438253127,0.2534507787742106,0.186059459005898,0,,insufficient_data
Uttar_Pradesh,Jaunpur,2017,8,2017-11-10,2017-11-15,0.1354010702370806,0.2430579230842864,0.261856452559329,0.1949818661360788,3,4.803333333333334,valid
Uttar_Pradesh,Jaunpur,2017,9,2017-11-15,2017-11-20,0.13078739226081676,0.24120868330384534,0.2574658613719148,0.1950067936586954,0,,insufficient_data
Uttar_Pradesh,Jaunpur,2017,10,2017-11-20,2017-11-25,0.1206668587271781,0.235417645109102,0.2561925580238361,0.1960530974247852,2,3.915,valid
Uttar_Pradesh,Jaunpur,2017,11,2017-11-25,2017-11-30,0.1379177874213724,0.2227130746222928,0.2450450013517597,0.1965331274652073,3,1.19,valid
Uttar_Pradesh,Jaunpur,2017,12,2017-11-30,2017-12-05,0.13240906588106194,0.23253589789713686,0.24661335377957563,0.19255750942368935,0,,insufficient_data
Uttar_Pradesh,Jaunpur,2017,13,2017-12-05,2017-12-10,0.1516175067187744,0.2340836276501811,0.25220748610593,0.2022727646386239,1,20.0,valid
Uttar_Pradesh,Jaunpur,2017,14,2017-12-10,2017-12-15,0.1194341106569229,0.2379292442069716,0.2330083696367767,0.175371048166141,3,0.7533333333333333,valid
Uttar_Pradesh,Jaunpur,2017,15,2017-12-15,2017-12-20,0.12160167324584621,0.24125773380898977,0.22892670956385922,0.17348402435179197,0,,insufficient_data
Uttar_Pradesh,Jaunpur,2017,16,2017-12-20,2017-12-25,0.0937534023618414,0.2517603295698167,0.2015642729488709,0.142808260250611,2,14.95,valid
Uttar_Pradesh,Jaunpur,2017,17,2017-12-25,2017-12-30,0.10416326040781465,0.22898398486633523,0.21495681041214124,0.15836561610830283,0,,insufficient_data
Uttar_Pradesh,Jaunpur,2017,18,2017-12-30,2018-01-04,0.0999621173273091,0.2417526175492244,0.19256206431024006,0.13222367453843795,0,,insufficient_data
Uttar_Pradesh,Jaunpur,2017,19,2018-01-04,2018-01-09,0.0993022682046796,0.1972623808222174,0.2102977886507762,0.1569175399081565,1,13.81,valid
Uttar_Pradesh,Jaunpur,2017,20,2018-01-09,2018-01-14,0.09048661019549491,0.2525791126146788,0.17968309533785595,0.11762171241366907,0,,insufficient_data
Uttar_Pradesh,Jaunpur,2017,21,2018-01-14,2018-01-19,0.1068306814154063,0.2762351422556391,0.1658241313310731,0.0969452234565463,1,5.0,valid
Uttar_Pradesh,Jaunpur,2017,22,2018-01-19,2018-01-24,0.0653268809663988,0.2842398147661799,0.1629273660317185,0.0990023738763044,3,7.073333333333333,valid
Uttar_Pradesh,Jaunpur,2017,23,2018-01-24,2018-01-29,0.0731339135242446,0.294406267939589,0.16265253132486213,0.09786315601356325,0,,insufficient_data
Uttar_Pradesh,Jaunpur,2017,24,2018-01-29,2018-02-03,0.061023107901511,0.2981343395197922,0.1587701276177758,0.0975828324741997,2,1.355,valid
Uttar_Pradesh,Jaunpur,2017,25,2018-02-03,2018-02-08,0.06190329356705285,0.31021189407978195,0.1620458835957321,0.09751341478830294,0,,insufficient_data
Uttar_Pradesh,Jaunpur,2017,26,2018-02-08,2018-02-13,0.0593549838136623,0.3190157752167448,0.163088500318881,0.0979221942472026,2,2.35,valid
Uttar_Pradesh,Jaunpur,2017,27,2018-02-13,2018-02-18,0.0619082015866393,0.339457646816411,0.1633975404145531,0.0955462585555051,3,0.0066666666666666,valid
Uttar_Pradesh,Jaunpur,2017,28,2018-02-18,2018-02-23,0.06564530093626765,0.3235134231308398,0.16562852061267552,0.10039992118831448,0,,insufficient_data
Uttar_Pradesh,Jaunpur,2017,29,2018-02-23,2018-02-28,0.0699467442368856,0.3250454469797785,0.1654846422724148,0.1005371257964614,3,5.376666666666668,valid
Uttar_Pradesh,Jaunpur,2017,30,2018-02-28,2018-03-05,0.0713712741078834,0.3105348235104248,0.1705433994448532,0.1075941061540888,3,0.3933333333333333,valid
Uttar_Pradesh,Jaunpur,2017,31,2018-03-05,2018-03-10,0.08591055077270356,0.2803378942154143,0.18735798147975596,0.12503430256707976,0,,insufficient_data
Uttar_Pradesh,Jaunpur,2017,32,2018-03-10,2018-03-15,0.081947459079844,0.2787518462678763,0.1852672941263546,0.1237067533258057,3,0.17,valid
Uttar_Pradesh,Jaunpur,2017,33,2018-03-15,2018-03-20,0.0931475407824364,0.2416713436903578,0.1978616726869741,0.1414354618010369,1,0.0,valid
Uttar_Pradesh,Jaunpur,2017,34,2018-03-20,2018-03-25,0.1131397356564684,0.245686010628634,0.2176328988681833,0.151898065758006,2,0.0,valid
Uttar_Pradesh,Jaunpur,2017,35,2018-03-25,2018-03-30,0.1372073279976254,0.2531051991512059,0.2494744433119089,0.1828116508057442,3,0.03,valid
Uttar_Pradesh,Jaunpur,2017,36,2018-03-30,2018-04-04,0.1359188282371724,0.2574396954358714,0.2554645959508579,0.18969612483321724,0,,insufficient_data
Uttar_Pradesh,Jaunpur,2017,37,2018-04-04,2018-04-09,0.162800238992154,0.2632845961054922,0.288475292021235,0.2151716678988094,3,2.0966666666666667,valid
Uttar_Pradesh,Jaunpur,2017,38,2018-04-09,2018-04-14,0.1732992977571778,0.2834513276036675,0.3238786728659882,0.2571637779024897,2,4.220000000000001,valid
Uttar_Pradesh,Jaunpur,2017,39,2018-04-14,2018-04-19,0.18085259599405074,0.2771686396929187,0.3229541096828088,0.25677678228450407,0,,insufficient_data
Uttar_Pradesh,Jaunpur,2017,40,2018-04-19,2018-04-24,0.1855038223270626,0.275888778453639,0.3278911242290077,0.2662156715335349,3,4.79,valid
Uttar_Pradesh,Jaunpur,2017,41,2018-04-24,2018-04-29,0.1942578222505593,0.2722451314943836,0.3332390971201513,0.2707825614862419,1,4.0,valid
Uttar_Pradesh,Jaunpur,2017,42,2018-04-29,2018-05-04,0.1884017986432999,0.2909733648074113,0.3412863621776619,0.2745502326014443,2,1.1749999999999998,valid
Uttar_Pradesh,Jaunpur,2018,0,2018-10-01,2018-10-06,0.0767441685152226,0.2850190453698329,0.1948513331434152,0.1187250203599763,1,0.0,valid
Uttar_Pradesh,Jaunpur,2018,1,2018-10-06,2018-10-11,0.0813697909108666,0.3020503204652326,0.2101508378405565,0.1342110884143772,2,0.13,valid
Uttar_Pradesh,Jaunpur,2018,2,2018-10-11,2018-10-16,0.0889710496961896,0.2933294889228372,0.2112134189191956,0.1354629272657308,3,20.01,valid
Uttar_Pradesh,Jaunpur,2018,3,2018-10-16,2018-10-21,0.09232273500584559,0.28188253109394334,0.21540861037665934,0.14124486127549027,0,,insufficient_data
Uttar_Pradesh,Jaunpur,2018,4,2018-10-21,2018-10-26,0.1031920450102961,0.2737451447115231,0.2225743448899572,0.1517013055581459,3,2.4133333333333336,valid
Uttar_Pradesh,Jaunpur,2018,5,2018-10-26,2018-10-31,0.1113366208966531,0.2552686560002909,0.2382531170901721,0.1661239647792212,3,3.0700000000000003,valid
Uttar_Pradesh,Jaunpur,2018,6,2018-10-31,2018-11-05,0.12626941343146672,0.25895369030990567,0.2522140047225204,0.18371954611332417,0,,insufficient_data
Uttar_Pradesh,Jaunpur,2018,7,2018-11-05,2018-11-10,0.1334586600100344,0.2599433101897899,0.2684832779589668,0.2039310017375724,3,10.603333333333332,valid
Uttar_Pradesh,Jaunpur,2018,8,2018-11-10,2018-11-15,0.1322405072044962,0.2469538423966758,0.258980980997904,0.1938562133060464,0,,insufficient_data
Uttar_Pradesh,Jaunpur,2018,9,2018-11-15,2018-11-20,0.1570903278088833,0.2468576503380188,0.2795452789509857,0.2131219123783572,1,0.0,valid
Uttar_Pradesh,Jaunpur,2018,10,2018-11-20,2018-11-25,0.127076420102414,0.2257457530586037,0.2496422499914914,0.1922479743290348,3,0.0266666666666666,valid
Uttar_Pradesh,Jaunpur,2018,11,2018-11-25,2018-11-30,0.13755616121110417,0.22917346540358224,0.25119633360417976,0.1962922880043124,0,,insufficient_data
Uttar_Pradesh,Jaunpur,2018,12,2018-11-30,2018-12-05,0.1389011896046159,0.2211367804200666,0.2379557058800299,0.1880464057632359,3,7.833333333333333,valid
Uttar_Pradesh,Jaunpur,2018,13,2018-12-05,2018-12-10,0.1271567073285035,0.2229536777976399,0.2376420995942121,0.1917528595466217,3,0.1333333333333333,valid
Uttar_Pradesh,Jaunpur,2018,14,2018-12-10,2018-12-15,0.12096197436289421,0.23080935328662217,0.2243895529341104,0.1738916970892145,0,,insufficient_data
Uttar_Pradesh,Jaunpur,2018,15,2018-12-15,2018-12-20,0.1098097259666975,0.2254023106793032,0.2207960677667029,0.1746280059691939,1,0.45,valid
Uttar_Pradesh,Jaunpur,2018,16,2018-12-20,2018-12-25,0.1277374234970437,0.2434966763581871,0.2144648021346114,0.1561627802036111,1,2.0,valid
Uttar_Pradesh,Jaunpur,2018,17,2018-12-25,2018-12-30,0.1012048254176104,0.2410573211779142,0.2110890892949957,0.15886843396341,2,0.05,valid
Uttar_Pradesh,Jaunpur,2018,18,2018-12-30,2019-01-04,0.1157325042511466,0.2464586590700971,0.1872702489051925,0.1297116743269008,3,2.3800000000000003,valid
Uttar_Pradesh,Jaunpur,2018,19,2019-01-04,2019-01-09,0.10435111357341728,0.26080726883481126,0.19350183103043336,0.1330607083025079,0,,insufficient_data
Uttar_Pradesh,Jaunpur,2018,20,2019-01-09,2019-01-14,0.0864567425806579,0.2816583286483697,0.1834624963739461,0.1166668414250879,3,0.0566666666666666,valid
Uttar_Pradesh,Jaunpur,2018,21,2019-01-14,2019-01-19,0.0906240721206278,0.2913653589194882,0.1712225184434212,0.1038938115935298,3,1.4766666666666666,valid
Uttar_Pradesh,Jaunpur,2018,22,2019-01-19,2019-01-24,0.0836534705271904,0.3106290128663473,0.17086156307050748,0.1021522209422481,0,,insufficient_data
Uttar_Pradesh,Jaunpur,2018,23,2019-01-24,2019-01-29,0.07886525760200921,0.31805627336881814,0.16984100949910724,0.10089913463677966,0,,insufficient_data
Uttar_Pradesh,Jaunpur,2018,24,2019-01-29,2019-02-03,0.0576872675200962,0.3218426207683827,0.1538426163617805,0.0906697398400738,1,0.01,valid
Uttar_Pradesh,Jaunpur,2018,25,2019-02-03,2019-02-08,0.0998457998873797,0.3476497431291485,0.1749186211028822,0.0973784909103009,2,0.5,valid
Uttar_Pradesh,Jaunpur,2018,26,2019-02-08,2019-02-13,0.0597124059012845,0.3477653153787016,0.1657587952135063,0.0958867894149059,3,1.4266666666666667,valid
Uttar_Pradesh,Jaunpur,2018,27,2019-02-13,2019-02-18,0.06944681958494019,0.3388970721936602,0.16477183216376584,0.09538402133248895,0,,insufficient_data
Uttar_Pradesh,Jaunpur,2018,28,2019-02-18,2019-02-23,0.0629607813224471,0.3402904161670343,0.1625755794181898,0.0948139330716754,3,7.626666666666668,valid
Uttar_Pradesh,Jaunpur,2018,29,2019-02-23,2019-02-28,0.0670278432934934,0.3369372655250338,0.1667635487224704,0.0981711534254888,1,8.0,valid
Uttar_Pradesh,Jaunpur,2018,30,2019-02-28,2019-03-05,0.06366819330664152,0.3310020359154604,0.1645724218786897,0.09835110232182283,0,,insufficient_data
Uttar_Pradesh,Jaunpur,2018,31,2019-03-05,2019-03-10,0.061015955303984,0.315778426054313,0.1643781374954089,0.1020682204683043,3,0.01,valid
Uttar_Pradesh,Jaunpur,2018,32,2019-03-10,2019-03-15,0.07322281925032183,0.3011721583363712,0.1759363083716605,0.1122006721866944,0,,insufficient_data
Uttar_Pradesh,Jaunpur,2018,33,2019-03-15,2019-03-20,0.0898446615693383,0.26604119389148656,0.19565199377832745,0.1344111403954444,0,,insufficient_data
Uttar_Pradesh,Jaunpur,2018,34,2019-03-20,2019-03-25,0.0916246591534881,0.2508007834297668,0.1966672388971021,0.1363626426662901,3,0.0133333333333333,valid
Uttar_Pradesh,Jaunpur,2018,35,2019-03-25,2019-03-30,0.12323200918822874,0.2444661704248102,0.2330666124925643,0.16664734242605742,0,,insufficient_data
Uttar_Pradesh,Jaunpur,2018,36,2019-03-30,2019-04-04,0.1168933702505428,0.2315443721903798,0.2259106049424714,0.1648025580517388,3,0.01,valid
Uttar_Pradesh,Jaunpur,2018,37,2019-04-04,2019-04-09,0.1611779981606553,0.251053355654284,0.2766219936381193,0.1987768265601434,2,10.5,valid
Uttar_Pradesh,Jaunpur,2018,38,2019-04-09,2019-04-14,0.15702759426978946,0.25333453995048466,0.2902540764098737,0.2214939842862822,0,,insufficient_data
Uttar_Pradesh,Jaunpur,2018,39,2019-04-14,2019-04-19,0.1648218305059414,0.2551370905240713,0.3030307527319023,0.2352398591171236,1,0.0,valid
Uttar_Pradesh,Jaunpur,2018,40,2019-04-19,2019-04-24,0.1584850523564095,0.2595883280132431,0.3069767171846322,0.242294079651099,1,0.27,valid
Uttar_Pradesh,Jaunpur,2018,41,2019-04-24,2019-04-29,0.1837597200753983,0.2693495533704451,0.3387303135522436,0.266356598051306,2,0.5,valid
Uttar_Pradesh,Jaunpur,2018,42,2019-04-29,2019-05-04,0.16902220097924972,0.2613583239692532,0.31624592782292604,0.24796351227317617,0,,insufficient_data
Uttar_Pradesh,Jaunpur,2019,0,2019-10-01,2019-10-06,0.06073365594713501,0.2888309016875513,0.16991327489749042,0.09460792030934795,0,,insufficient_data
Uttar_Pradesh,Jaunpur,2019,1,2019-10-06,2019-10-11,0.0527772044845144,0.2798110852385891,0.155945805064273,0.0802978972442527,2,8.06,valid
Uttar_Pradesh,Jaunpur,2019,2,2019-10-11,2019-10-16,0.07083094829209241,0.28487669051096476,0.17588454079206808,0.1021341979808823,0,,insufficient_data
Uttar_Pradesh,Jaunpur,2019,3,2019-10-16,2019-10-21,0.0686901074097556,0.2978507181365136,0.1838807447307078,0.1089179433744432,3,1.1266666666666667,valid
Uttar_Pradesh,Jaunpur,2019,4,2019-10-21,2019-10-26,0.0910255329820072,0.2769682681577916,0.1878270725812235,0.117186753323951,1,5.0,valid
Uttar_Pradesh,Jaunpur,2019,5,2019-10-26,2019-10-31,0.10170892028703774,0.2623180442408931,0.20987999988089476,0.14001649289167628,0,,insufficient_data
Uttar_Pradesh,Jaunpur,2019,6,2019-10-31,2019-11-05,0.1279187007229063,0.260086559733687,0.2122640919120386,0.1467696022365619,3,13.33,valid
Uttar_Pradesh,Jaunpur,2019,7,2019-11-05,2019-11-10,0.1098056683060137,0.2246568930746153,0.2161826166247726,0.1476217366195004,1,10.0,valid
Uttar_Pradesh,Jaunpur,2019,8,2019-11-10,2019-11-15,0.1111045920145058,0.2520277821018582,0.2492454735557314,0.1795864289039248,2,3.29,valid
Uttar_Pradesh,Jaunpur,2019,9,2019-11-15,2019-11-20,0.120921435944416,0.2355201442690365,0.2509858361700344,0.1865528754128254,3,0.06,valid
Uttar_Pradesh,Jaunpur,2019,10,2019-11-20,2019-11-25,0.11580869453088512,0.23181415403850752,0.2358057172808407,0.17312912353192028,0,,insufficient_data
Uttar_Pradesh,Jaunpur,2019,11,2019-11-25,2019-11-30,0.1117915378224399,0.2239217137889145,0.2334963172355195,0.1737730045777587,2,5.915,valid
Uttar_Pradesh,Jaunpur,2019,12,2019-11-30,2019-12-05,0.1254202385670502,0.2229442369581132,0.2291183428181456,0.1781115721455923,3,0.0466666666666666,valid
Uttar_Pradesh,Jaunpur,2019,13,2019-12-05,2019-12-10,0.13106788640773728,0.2312706595321156,0.2323091468467656,0.17641877754946889,0,,insufficient_data
Uttar_Pradesh,Jaunpur,2019,14,2019-12-10,2019-12-15,0.1559918828337218,0.2469460278493191,0.2343127804866316,0.1773717559250556,1,3.0,valid
Uttar_Pradesh,Jaunpur,2019,15,2019-12-15,2019-12-20,0.140706060700386,0.23494513240371614,0.2317155616523886,0.17774166403532396,0,,insufficient_data
Uttar_Pradesh,Jaunpur,2019,16,2019-12-20,2019-12-25,0.1559918828337218,0.2469460278493191,0.2343127804866316,0.1773717559250556,0,,insufficient_data
Uttar_Pradesh,Jaunpur,2019,17,2019-12-25,2019-12-30,0.1043615636451131,0.27526656223326934,0.19280618254135673,0.13117690285439856,0,,insufficient_data
Uttar_Pradesh,Jaunpur,2019,18,2019-12-30,2020-01-04,0.0527312444565044,0.3035870966172196,0.1512995845960819,0.0849820497837415,0,,insufficient_data
Uttar_Pradesh,Jaunpur,2019,19,2020-01-04,2020-01-09,0.0974295210799675,0.3032055459340708,0.1653220509456167,0.10994651344446496,0,,insufficient_data
Uttar_Pradesh,Jaunpur,2019,20,2020-01-09,2020-01-14,0.0527312444565044,0.3035870966172196,0.1512995845960819,0.0849820497837415,1,6.35,valid
Uttar_Pradesh,Jaunpur,2019,21,2020-01-14,2020-01-19,0.08600359426645231,0.3102041642155875,0.1677896756207383,0.10648254598871097,0,,insufficient_data
Uttar_Pradesh,Jaunpur,2019,22,2020-01-19,2020-01-24,0.1421277977034306,0.3028239952509219,0.1793445172951515,0.1349109771051884,1,27.0,valid
Uttar_Pradesh,Jaunpur,2019,23,2020-01-24,2020-01-29,0.07994932644863026,0.31782543414754605,0.16697244655808444,0.10300389506400308,0,,insufficient_data
Uttar_Pradesh,Jaunpur,2019,24,2020-01-29,2020-02-03,0.0631517406394219,0.324201400778621,0.1727249249709814,0.099554611077203,2,8.05,valid
Uttar_Pradesh,Jaunpur,2019,25,2020-02-03,2020-02-08,0.0617865229951641,0.3406892439434216,0.1645207593701229,0.0925679422898794,3,0.0033333333333333,valid
Uttar_Pradesh,Jaunpur,2019,26,2020-02-08,2020-02-13,0.06186719537267223,0.3336891133526736,0.16656909408112733,0.09500024383613777,0,,insufficient_data
Uttar_Pradesh,Jaunpur,2019,27,2020-02-13,2020-02-18,0.0606633224834307,0.3361766953359782,0.1624615979022777,0.0928781781413309,3,3.5033333333333334,valid
Uttar_Pradesh,Jaunpur,2019,28,2020-02-18,2020-02-23,0.059690021793401736,0.32766390241053583,0.1614706726585036,0.09359610022382443,0,,insufficient_data
Uttar_Pradesh,Jaunpur,2019,29,2020-02-23,2020-02-28,0.05940528945562313,0.3218836537698374,0.16505934764610541,0.09753854961565474,0,,insufficient_data
Uttar_Pradesh,Jaunpur,2019,30,2020-02-28,2020-03-04,0.061172445455048394,0.31528115837211484,0.16801467338429538,0.10045396685112346,0,,insufficient_data
Uttar_Pradesh,Jaunpur,2019,31,2020-03-04,2020-03-09,0.0566202199016104,0.3061257679522076,0.1574296607031102,0.095342180240263,1,17.53,valid
Uttar_Pradesh,Jaunpur,2019,32,2020-03-09,2020-03-14,0.0609323259818283,0.3233484980213265,0.1752867843329283,0.1043952904653703,2,0.0,valid
Uttar_Pradesh,Jaunpur,2019,33,2020-03-14,2020-03-19,0.0664739134533242,0.2954736721789471,0.1768806505988653,0.1092002185575296,2,6.815,valid
Uttar_Pradesh,Jaunpur,2019,34,2020-03-19,2020-03-24,0.07794317627976663,0.2837758254408629,0.1912369787323113,0.12314076867021613,0,,insufficient_data
Uttar_Pradesh,Jaunpur,2019,35,2020-03-24,2020-03-29,0.0873299352340345,0.2459678455044273,0.1976419398410965,0.1312334726209084,3,0.06,valid
Uttar_Pradesh,Jaunpur,2019,36,2020-03-29,2020-04-03,0.1183594868280358,0.2479633435474058,0.2489458581855562,0.1755326814670094,3,0.0,valid
Uttar_Pradesh,Jaunpur,2019,37,2020-04-03,2020-04-08,0.13093580042098663,0.2546886695945134,0.26485714160216595,0.19247573342976165,0,,insufficient_data
Uttar_Pradesh,Jaunpur,2019,38,2020-04-08,2020-04-13,0.1497003061800242,0.2653463804023263,0.2979526320231199,0.2226795850111757,3,1.1266666666666667,valid
Uttar_Pradesh,Jaunpur,2019,39,2020-04-13,2020-04-18,0.168353473441852,0.2594771089238943,0.3148881363588912,0.2404571946199531,1,5.0,valid
Uttar_Pradesh,Jaunpur,2019,40,2020-04-18,2020-04-23,0.1639147132425728,0.2706763383659811,0.3151256855627382,0.23924104738666774,0,,insufficient_data
Uttar_Pradesh,Jaunpur,2019,41,2020-04-23,2020-04-28,0.1736903601058423,0.2872055257717226,0.3325362883062034,0.2545863625288744,2,25.075,valid
Uttar_Pradesh,Jaunpur,2019,42,2020-04-28,2020-05-03,0.17102191677384715,0.2733413173478084,0.3237122123325473,0.24752177857441376,0,,insufficient_data
Uttar_Pradesh,Jaunpur,2020,0,2020-10-01,2020-10-06,0.0641398851888006,0.3012848148773571,0.1702356220424424,0.0914385552418721,2,15.015,valid
Uttar_Pradesh,Jaunpur,2020,1,2020-10-06,2020-10-11,0.0683608613817192,0.2779249106990719,0.1760208472090076,0.104626941080431,1,0.0,valid
Uttar_Pradesh,Jaunpur,2020,2,2020-10-11,2020-10-16,0.0757140234644888,0.2925975401487177,0.1966069223911042,0.1252768652101622,1,12.68,valid
Uttar_Pradesh,Jaunpur,2020,3,2020-10-16,2020-10-21,0.1022952245849699,0.25577493977574,0.2078143013322334,0.1385160226961663,3,1.3733333333333333,valid
Uttar_Pradesh,Jaunpur,2020,4,2020-10-21,2020-10-26,0.10096833740638851,0.2659930459916061,0.22503936292555973,0.15513928892288648,0,,insufficient_data
Uttar_Pradesh,Jaunpur,2020,5,2020-10-26,2020-10-31,0.1193477143343865,0.2516829902658596,0.2582673276243637,0.1886406363566633,3,0.3899999999999999,valid
Uttar_Pradesh,Jaunpur,2020,6,2020-10-31,2020-11-05,0.1391238632663782,0.2519848490686414,0.2864874160710898,0.2186359792710095,2,0.5,valid
Uttar_Pradesh,Jaunpur,2020,7,2020-11-05,2020-11-10,0.13180348024437544,0.2354687767379166,0.25527091721058753,0.18923114592592563,0,,insufficient_data
Uttar_Pradesh,Jaunpur,2020,8,2020-11-10,2020-11-15,0.1216556470855173,0.2248023510927504,0.2557533846020711,0.1890410715351369,3,4.546666666666667,valid
Uttar_Pradesh,Jaunpur,2020,9,2020-11-15,2020-11-20,0.1107507447554656,0.2197235377293364,0.2344310257600758,0.1716587108114605,1,21.27,valid
Uttar_Pradesh,Jaunpur,2020,10,2020-11-20,2020-11-25,0.1681394317801297,0.2291501555329954,0.2414154319953373,0.1781793316553579,1,11.0,valid
Uttar_Pradesh,Jaunpur,2020,11,2020-11-25,2020-11-30,0.1219233851776426,0.2271949963200881,0.2478536677349678,0.1991311075013508,2,0.15,valid
Uttar_Pradesh,Jaunpur,2020,12,2020-11-30,2020-12-05,0.1311331839251605,0.22774943130024558,0.2344444594559632,0.1781708362581958,0,,insufficient_data
Uttar_Pradesh,Jaunpur,2020,13,2020-12-05,2020-12-10,0.1421918207599192,0.2201526702311245,0.2240745450554165,0.1756889128551847,3,0.4166666666666667,valid
Uttar_Pradesh,Jaunpur,2020,14,2020-12-10,2020-12-15,0.1126605371526453,0.2425257966876834,0.2244476267340184,0.1661961184676252,2,11.43,valid
Uttar_Pradesh,Jaunpur,2020,15,2020-12-15,2020-12-20,0.12058106112748253,0.24030511539729243,0.19994502886626775,0.1406744646621486,0,,insufficient_data
Uttar_Pradesh,Jaunpur,2020,16,2020-12-20,2020-12-25,0.1224449564543961,0.2431828609316792,0.1970608243699118,0.1330851146393556,2,9.0,valid
Uttar_Pradesh,Jaunpur,2020,17,2020-12-25,2020-12-30,0.1493696688937964,0.2450085459293704,0.1720003128908054,0.1069870203462633,1,0.0,valid
Uttar_Pradesh,Jaunpur,2020,18,2020-12-30,2021-01-04,0.0762383223766556,0.2506557032066047,0.1821418352811867,0.1214151570023143,2,0.85,valid
Uttar_Pradesh,Jaunpur,2020,19,2021-01-04,2021-01-09,0.0723268489629695,0.2772453620168476,0.1725244084076144,0.10110807579792,3,2.4033333333333333,valid
Uttar_Pradesh,Jaunpur,2020,20,2021-01-09,2021-01-14,0.09931161341114049,0.25763653705094086,0.17555551885986884,0.10983675104883255,0,,insufficient_data
Uttar_Pradesh,Jaunpur,2020,21,2021-01-14,2021-01-19,0.06915948189419437,0.27557431011495653,0.17122943909442845,0.10660373605962659,0,,insufficient_data
Uttar_Pradesh,Jaunpur,2020,22,2021-01-19,2021-01-24,0.061661110335323156,0.29308264419728375,0.16004173504318986,0.0955309150902774,0,,insufficient_data
Uttar_Pradesh,Jaunpur,2020,23,2021-01-24,2021-01-29,0.0563964991403099,0.3131212087699143,0.15555368944260314,0.09080986240438149,0,,insufficient_data
Uttar_Pradesh,Jaunpur,2020,24,2021-01-29,2021-02-03,0.058913274342958,0.2988218651214174,0.1590220735944843,0.0972879753786455,1,0.23,valid
Uttar_Pradesh,Jaunpur,2020,25,2021-02-03,2021-02-08,0.053743207700042,0.3031807054535863,0.1485787231274709,0.0881966940942667,1,0.01,valid
Uttar_Pradesh,Jaunpur,2020,26,2021-02-08,2021-02-13,0.0565330153779297,0.3373610557347393,0.1590602716058543,0.0869449177402323,2,0.0,valid
Uttar_Pradesh,Jaunpur,2020,27,2021-02-13,2021-02-18,0.0621132665766049,0.3118337445258449,0.1529879250213994,0.0888061913743945,2,5.255,valid
Uttar_Pradesh,Jaunpur,2020,28,2021-02-18,2021-02-23,0.06051512412532698,0.31268948031116134,0.15662559947332472,0.09238346477682274,0,,insufficient_data
Uttar_Pradesh,Jaunpur,2020,29,2021-02-23,2021-02-28,0.0627896868554059,0.3061164760165122,0.1557407676131908,0.0929626989750446,3,1.39,valid
Uttar_Pradesh,Jaunpur,2020,30,2021-02-28,2021-03-05,0.0673964441166524,0.3049554198251241,0.1667603099987082,0.1050068217001756,3,0.06,valid
Uttar_Pradesh,Jaunpur,2020,31,2021-03-05,2021-03-10,0.08042417830928186,0.2827598753495927,0.17845208261637313,0.11538519642020106,0,,insufficient_data
Uttar_Pradesh,Jaunpur,2020,32,2021-03-10,2021-03-15,0.0853250355802589,0.2608463227936121,0.1714319603954408,0.1121304219749425,2,12.705,valid
Uttar_Pradesh,Jaunpur,2020,33,2021-03-15,2021-03-20,0.09784192930254804,0.2667908563738575,0.19855216122601532,0.13416476843922906,0,,insufficient_data
Uttar_Pradesh,Jaunpur,2020,34,2021-03-20,2021-03-25,0.1061855466848103,0.2591212827631224,0.2198752924581528,0.1514408430306415,1,14.56,valid
Uttar_Pradesh,Jaunpur,2020,35,2021-03-25,2021-03-30,0.1324606908284706,0.2422404001135716,0.2361410820517595,0.1680809870511566,3,0.0033333333333333,valid
Uttar_Pradesh,Jaunpur,2020,36,2021-03-30,2021-04-04,0.145597676163419,0.2642946856751196,0.2698176029143836,0.2003259069014055,0,,insufficient_data
Uttar_Pradesh,Jaunpur,2020,37,2021-04-04,2021-04-09,0.1620547002112181,0.2706616914551561,0.2963996236039065,0.2240611637624436,3,0.0833333333333333,valid
Uttar_Pradesh,Jaunpur,2020,38,2021-04-09,2021-04-14,0.181689766929177,0.2851553683686284,0.3268544135437157,0.2577206337613804,3,0.0,valid
Uttar_Pradesh,Jaunpur,2020,39,2021-04-14,2021-04-19,0.1815921224310599,0.2809866406516902,0.3240762703422907,0.2554900167592997,0,,insufficient_data
Uttar_Pradesh,Jaunpur,2020,40,2021-04-19,2021-04-24,0.1886844023601016,0.281281468725014,0.3308034237418238,0.2621146286312378,1,0.0,valid
Uttar_Pradesh,Jaunpur,2020,41,2021-04-24,2021-04-29,0.1810913201460936,0.2852005053225115,0.3313413488345214,0.2670769439332113,1,0.0,valid
Uttar_Pradesh,Jaunpur,2020,42,2021-04-29,2021-05-04,0.1944404225087093,0.2826341693871408,0.3349825419874863,0.2664767137082255,2,0.5,valid
Uttar_Pradesh,Jaunpur,2021,0,2021-10-01,2021-10-06,0.0653692942322074,0.2866324369799586,0.1820241938117945,0.108161061770413,0,,insufficient_data
Uttar_Pradesh,Jaunpur,2021,1,2021-10-06,2021-10-11,0.0668674016055098,0.2800948798792186,0.17736960773543775,0.1059046579269414,0,,insufficient_data
Uttar_Pradesh,Jaunpur,2021,2,2021-10-11,2021-10-16,0.0653692942322074,0.2866324369799586,0.1820241938117945,0.108161061770413,2,2.31,valid
Uttar_Pradesh,Jaunpur,2021,3,2021-10-16,2021-10-21,0.07969786385391901,0.27750189118026297,0.1957411229460152,0.12480133310213437,0,,insufficient_data
Uttar_Pradesh,Jaunpur,2021,4,2021-10-21,2021-10-26,0.0683655089788122,0.2735573227784786,0.172715021659081,0.1036482540834698,1,2.9,valid
Uttar_Pradesh,Jaunpur,2021,5,2021-10-26,2021-10-31,0.1053587883507374,0.2723159137823518,0.2324841533671701,0.1625946834525203,2,1.79,valid
Uttar_Pradesh,Jaunpur,2021,6,2021-10-31,2021-11-05,0.10249073897035108,0.25822208854007594,0.22306063787748295,0.1559075832263393,0,,insufficient_data
Uttar_Pradesh,Jaunpur,2021,7,2021-11-05,2021-11-10,0.1184752060992675,0.2491510659992283,0.2411371690292541,0.174141075576955,1,4.29,valid
Uttar_Pradesh,Jaunpur,2021,8,2021-11-10,2021-11-15,0.11271094158163036,0.24446236473845812,0.238098441634016,0.17325321587064216,0,,insufficient_data
Uttar_Pradesh,Jaunpur,2021,9,2021-11-15,2021-11-20,0.1177634524525872,0.2378640516002451,0.2459062074544266,0.1832463197924121,2,2.77,valid
Uttar_Pradesh,Jaunpur,2021,10,2021-11-20,2021-11-25,0.1092463194239294,0.2185184275720073,0.2328662366852132,0.1730307846606812,1,0.33,valid
Uttar_Pradesh,Jaunpur,2021,11,2021-11-25,2021-11-30,0.11278546253831885,0.22928597966290304,0.23532323709752778,0.17749675368845025,0,,insufficient_data
Uttar_Pradesh,Jaunpur,2021,12,2021-11-30,2021-12-05,0.1171474140907125,0.2353804906721678,0.2386030564664414,0.1818347224708881,2,7.66,valid
Uttar_Pradesh,Jaunpur,2021,13,2021-12-05,2021-12-10,0.1069846641860463,0.225380948807192,0.2239174477840299,0.1718751878298196,2,6.085,valid
Uttar_Pradesh,Jaunpur,2021,14,2021-12-10,2021-12-15,0.10522562746201788,0.23402725157053733,0.21413054641093,0.1593864287287567,0,,insufficient_data
Uttar_Pradesh,Jaunpur,2021,15,2021-12-15,2021-12-20,0.1084652014907792,0.2328255743796792,0.2104483965758789,0.1582372008652413,3,7.8066666666666675,valid
Uttar_Pradesh,Jaunpur,2021,16,2021-12-20,2021-12-25,0.1028819945425692,0.2362219608011824,0.1957668399951728,0.1406109380936812,1,17.64,valid
Uttar_Pradesh,Jaunpur,2021,17,2021-12-25,2021-12-30,0.0906488629999822,0.2403272831924653,0.2019169912331269,0.1443740943841533,2,0.16,valid
Uttar_Pradesh,Jaunpur,2021,18,2021-12-30,2022-01-04,0.10772574410297725,0.2740139213666129,0.21953590106691223,0.15299365363973633,0,,insufficient_data
Uttar_Pradesh,Jaunpur,2021,19,2022-01-04,2022-01-09,0.10747925830704326,0.28774337036225744,0.22256506923058997,0.15124580456456801,0,,insufficient_data
Uttar_Pradesh,Jaunpur,2021,20,2022-01-09,2022-01-14,0.1289069173785784,0.3866808670931246,0.2700113764634703,0.1687523812158696,1,19.14,valid
Uttar_Pradesh,Jaunpur,2021,21,2022-01-14,2022-01-19,0.09671126823079995,0.34492328604514294,0.21659062342607133,0.1317839446448964,0,,insufficient_data
Uttar_Pradesh,Jaunpur,2021,22,2022-01-19,2022-01-24,0.09671126823079995,0.34492328604514294,0.21659062342607133,0.1317839446448964,0,,insufficient_data
Uttar_Pradesh,Jaunpur,2021,23,2022-01-24,2022-01-29,0.0645156190830215,0.3031657049971613,0.1631698703886724,0.0948155080739232,3,6.25,valid
Uttar_Pradesh,Jaunpur,2021,24,2022-01-29,2022-02-03,0.061471751557017604,0.31612075874229006,0.16334120314727668,0.09512404782036779,0,,insufficient_data
Uttar_Pradesh,Jaunpur,2021,25,2022-02-03,2022-02-08,0.0612068484471597,0.31893699530384084,0.16399763560960015,0.09645070304937113,1,21.78,missing_bands
Uttar_Pradesh,Jaunpur,2021,26,2022-02-08,2022-02-13,0.0584278840310137,0.3290758124874188,0.163512535905881,0.0954325875668124,3,1.346666666666667,valid
Uttar_Pradesh,Jaunpur,2021,27,2022-02-13,2022-02-18,0.06000450884445213,0.32353993322325253,0.1633685702470487,0.09689166899716019,0,,insufficient_data
Uttar_Pradesh,Jaunpur,2021,28,2022-02-18,2022-02-23,0.0606770422274439,0.3245694684269424,0.1653105005342471,0.0991040135073778,3,2.47,valid
Uttar_Pradesh,Jaunpur,2021,29,2022-02-23,2022-02-28,0.0609086002748988,0.3169745187553964,0.161282674301018,0.0961384059172904,3,11.343333333333334,valid
Uttar_Pradesh,Jaunpur,2021,30,2022-02-28,2022-03-05,0.06570522590425595,0.3054523480037056,0.16720789186788382,0.10338927334683512,0,,insufficient_data
Uttar_Pradesh,Jaunpur,2021,31,2022-03-05,2022-03-10,0.0625101722943866,0.3023021857581446,0.1638550755165515,0.1028079744426568,2,5.005000000000001,valid
Uttar_Pradesh,Jaunpur,2021,32,2022-03-10,2022-03-15,0.0787250888202945,0.277963219074339,0.1783833171197187,0.1155066995200155,1,0.09,valid
Uttar_Pradesh,Jaunpur,2021,33,2022-03-15,2022-03-20,0.0911594798281947,0.2670829891086173,0.20026250509720994,0.13653778971280403,0,,insufficient_data
Uttar_Pradesh,Jaunpur,2021,34,2022-03-20,2022-03-25,0.0979179953366276,0.2430742795534818,0.2122200885826102,0.1504981810078037,3,0.0066666666666666,valid
Uttar_Pradesh,Jaunpur,2021,35,2022-03-25,2022-03-30,0.1129207814624211,0.2579825288023394,0.2341656727379014,0.16793348067630953,0,,insufficient_data
Uttar_Pradesh,Jaunpur,2021,36,2022-03-30,2022-04-04,0.1254846628614701,0.2449922720485036,0.2465915391699593,0.1773383038807401,3,0.0266666666666666,valid
Uttar_Pradesh,Jaunpur,2021,37,2022-04-04,2022-04-09,0.1495553788312922,0.2659003445330333,0.2994677460793173,0.2283907382966788,3,0.1399999999999999,valid
Uttar_Pradesh,Jaunpur,2021,38,2022-04-09,2022-04-14,0.16595345458161023,0.28389758913176755,0.31509288580146333,0.24186303662429012,0,,insufficient_data
Uttar_Pradesh,Jaunpur,2021,39,2022-04-14,2022-04-19,0.1781351334134181,0.2949082629935048,0.3344270536499317,0.258292170040409,3,2.3233333333333337,valid
Uttar_Pradesh,Jaunpur,2021,40,2022-04-19,2022-04-24,0.1819079395727105,0.297452518296063,0.3368330009370101,0.2627247853211261,1,0.0,valid
Uttar_Pradesh,Jaunpur,2021,41,2022-04-24,2022-04-29,0.1946841582291603,0.3162345477877331,0.3581450891710981,0.2825691855824966,2,0.12,valid
Uttar_Pradesh,Jaunpur,2021,42,2022-04-29,2022-05-04,0.18490907707176296,0.30286510969243363,0.3431350479193466,0.2678620469813439,0,,insufficient_data
Uttar_Pradesh,Jaunpur,2022,0,2022-10-01,2022-10-06,0.06640879291360535,0.3336336251482955,0.19270564975095328,0.10809018457972855,0,,insufficient_data
Uttar_Pradesh,Jaunpur,2022,1,2022-10-06,2022-10-11,0.0741786001838693,0.3594879622687219,0.2143694791399104,0.1197450569995955,1,15.01,valid
Uttar_Pradesh,Jaunpur,2022,2,2022-10-11,2022-10-16,0.06929286618139253,0.3166199295662842,0.1912655266933189,0.11278937604992723,0,,insufficient_data
Uttar_Pradesh,Jaunpur,2022,3,2022-10-16,2022-10-21,0.0586389856433414,0.3077792880278691,0.1710418203619962,0.0964353121598616,2,22.74,valid
Uttar_Pradesh,Jaunpur,2022,4,2022-10-21,2022-10-26,0.0750610127169669,0.2825925384022618,0.1883852805780501,0.1221877589903246,3,0.0533333333333333,valid
Uttar_Pradesh,Jaunpur,2022,5,2022-10-26,2022-10-31,0.0938573926899272,0.2742497928209209,0.2130394741162033,0.1430699199919228,0,,insufficient_data
Uttar_Pradesh,Jaunpur,2022,6,2022-10-31,2022-11-05,0.1001391515691129,0.2681981712195737,0.2160775510662569,0.1497455970701654,3,0.6666666666666666,valid
Uttar_Pradesh,Jaunpur,2022,7,2022-11-05,2022-11-10,0.1216219759497277,0.2554441723135777,0.2414210879492467,0.1714127588363115,1,24.17,valid
Uttar_Pradesh,Jaunpur,2022,8,2022-11-10,2022-11-15,0.1138258375704871,0.2572347941413223,0.2482716306254667,0.1755681729029509,2,0.51,valid
Uttar_Pradesh,Jaunpur,2022,9,2022-11-15,2022-11-20,0.1197708155215223,0.242997468741514,0.2495222022498995,0.1860598979393648,3,1.51,valid
Uttar_Pradesh,Jaunpur,2022,10,2022-11-20,2022-11-25,0.11770487259670048,0.2408034266125648,0.24096692719895732,0.17874298855887022,0,,insufficient_data
Uttar_Pradesh,Jaunpur,2022,11,2022-11-25,2022-11-30,0.1177943080230216,0.2265898610143971,0.2389991133640209,0.1833961267948994,3,0.29,valid
Uttar_Pradesh,Jaunpur,2022,12,2022-11-30,2022-12-05,0.1155114259187437,0.221750836852013,0.2266206018061528,0.1772779863208245,3,3.846666666666667,valid
Uttar_Pradesh,Jaunpur,2022,13,2022-12-05,2022-12-10,0.11228438519951878,0.2250838952870578,0.2207601301048748,0.17030017065428193,0,,insufficient_data
Uttar_Pradesh,Jaunpur,2022,14,2022-12-10,2022-12-15,0.1109740956488611,0.2256434314354861,0.2230013951931144,0.1739055195842555,3,5.166666666666667,valid
Uttar_Pradesh,Jaunpur,2022,15,2022-12-15,2022-12-20,0.1147565320302456,0.235507396282538,0.2042058874038692,0.1526700962735791,1,16.27,valid
Uttar_Pradesh,Jaunpur,2022,16,2022-12-20,2022-12-25,0.1023855643767218,0.2159279508508547,0.2109736527572168,0.1642511242978512,2,15.955,valid
Uttar_Pradesh,Jaunpur,2022,17,2022-12-25,2022-12-30,0.0867219856105631,0.2379437294071304,0.1894302760468435,0.134768112872943,2,14.235,valid
Uttar_Pradesh,Jaunpur,2022,18,2022-12-30,2023-01-04,0.10128802733917684,0.2297930255135077,0.20153660540264318,0.15056311114812443,0,,insufficient_data
Uttar_Pradesh,Jaunpur,2022,19,2023-01-04,2023-01-09,0.0833962098661732,0.24434048798985838,0.1855583682655351,0.13050363574323812,0,,insufficient_data
Uttar_Pradesh,Jaunpur,2022,20,2023-01-09,2023-01-14,0.0739015326108989,0.2585467565593602,0.17285072601969426,0.1136298914659316,1,19.39,missing_bands
Uttar_Pradesh,Jaunpur,2022,21,2023-01-14,2023-01-19,0.05675365305948505,0.3054194824008697,0.15553335830951504,0.08962549776078145,0,,insufficient_data
Uttar_Pradesh,Jaunpur,2022,22,2023-01-19,2023-01-24,0.0610810796112347,0.27914978371159,0.156271175992545,0.0924916700589202,3,3.72,valid
Uttar_Pradesh,Jaunpur,2022,23,2023-01-24,2023-01-29,0.0568094002195623,0.31522012347523704,0.15723338521941896,0.09046872408907959,0,,insufficient_data
Uttar_Pradesh,Jaunpur,2022,24,2023-01-29,2023-02-03,0.0524262265077354,0.3316891810901494,0.1547955406264851,0.0867593254626427,1,0.54,valid
Uttar_Pradesh,Jaunpur,2022,25,2023-02-03,2023-02-08,0.0569208945397168,0.3348214056239717,0.1606334390392268,0.0921551767456759,3,7.200000000000002,valid
Uttar_Pradesh,Jaunpur,2022,26,2023-02-08,2023-02-13,0.0567802434699463,0.3332908151600613,0.16010554040827352,0.09321298312616118,0,,insufficient_data
Uttar_Pradesh,Jaunpur,2022,27,2023-02-13,2023-02-18,0.058938374398665,0.3411733732363835,0.1648386048929407,0.0986124225339713,3,0.1833333333333333,valid
Uttar_Pradesh,Jaunpur,2022,28,2023-02-18,2023-02-23,0.058835478433668,0.3254793006897408,0.1601545770744415,0.0953250077623548,3,0.73,valid
Uttar_Pradesh,Jaunpur,2022,29,2023-02-23,2023-02-28,0.06550434253173291,0.3084942114186716,0.17108280022328298,0.10592662302411807,0,,insufficient_data
Uttar_Pradesh,Jaunpur,2022,30,2023-02-28,2023-03-05,0.0660700770884733,0.3084914264465186,0.1686045049375837,0.104879011342552,3,0.5233333333333333,valid
Uttar_Pradesh,Jaunpur,2022,31,2023-03-05,2023-03-10,0.0693458636186197,0.2786253163782673,0.1731029655693316,0.10994926577802,1,9.87,valid
Uttar_Pradesh,Jaunpur,2022,32,2023-03-10,2023-03-15,0.0743319191192386,0.288701640342448,0.1887133486421174,0.1208674077036922,2,14.58,valid
Uttar_Pradesh,Jaunpur,2022,33,2023-03-15,2023-03-20,0.08874003906911711,0.27014908854780667,0.20697433649104827,0.14156599066447992,0,,insufficient_data
Uttar_Pradesh,Jaunpur,2022,34,2023-03-20,2023-03-25,0.09440752956427804,0.26056350407312867,0.2165667943794144,0.1507377354949619,0,,insufficient_data
Uttar_Pradesh,Jaunpur,2022,35,2023-03-25,2023-03-30,0.1138678110406551,0.238956147953082,0.2420620715010092,0.175643169541617,1,6.32,valid
Uttar_Pradesh,Jaunpur,2022,36,2023-03-30,2023-04-04,0.1200845244785988,0.2359709116187175,0.2623887918051993,0.1964910989565184,3,2.2166666666666663,valid
Uttar_Pradesh,Jaunpur,2022,37,2023-04-04,2023-04-09,0.1438794054119077,0.26101200201314034,0.29923039132028945,0.23448577223923528,0,,insufficient_data
Uttar_Pradesh,Jaunpur,2022,38,2023-04-09,2023-04-14,0.148867445772146,0.2629785474316983,0.3128600816698365,0.2544889398315083,3,1.5666666666666669,valid
Uttar_Pradesh,Jaunpur,2022,39,2023-04-14,2023-04-19,0.158333940393417,0.2690221055164785,0.3247917243980359,0.2627670095738054,1,0.0,valid
Uttar_Pradesh,Jaunpur,2022,40,2023-04-19,2023-04-24,0.1782433053747215,0.2981322975457255,0.3540492872273664,0.2830386432927274,2,4.125,valid
Uttar_Pradesh,Jaunpur,2022,41,2023-04-24,2023-04-29,0.16181489718009484,0.27671098349796747,0.33056703109841296,0.26676486423268037,0,,insufficient_data
Uttar_Pradesh,Jaunpur,2022,42,2023-04-29,2023-05-04,0.16828862288406926,0.283577201531102,0.3394205058127011,0.27290282643326635,0,,insufficient_data
Uttar_Pradesh,Jaunpur,2023,0,2023-10-01,2023-10-06,0.0732136068657265,0.3033262465775617,0.1930173889962219,0.1183963102950257,0,,insufficient_data
Uttar_Pradesh,Jaunpur,2023,1,2023-10-06,2023-10-11,0.0732136068657265,0.3033262465775617,0.1930173889962219,0.1183963102950257,0,,insufficient_data
Uttar_Pradesh,Jaunpur,2023,2,2023-10-11,2023-10-16,0.0671850341507835,0.310601936905108,0.1881914681706721,0.1098591960045404,3,6.78,valid
Uttar_Pradesh,Jaunpur,2023,3,2023-10-16,2023-10-21,0.0792421795806695,0.2960505562500154,0.1978433098217717,0.126933424585511,3,0.08,valid
Uttar_Pradesh,Jaunpur,2023,4,2023-10-21,2023-10-26,0.09573065623666845,0.28321609222738137,0.2174225163407991,0.14528656283661495,0,,insufficient_data
Uttar_Pradesh,Jaunpur,2023,5,2023-10-26,2023-10-31,0.0936546499861704,0.2792956000505191,0.2154858149622046,0.1461437173855951,3,1.3233333333333337,valid
Uttar_Pradesh,Jaunpur,2023,6,2023-10-31,2023-11-05,0.1229683312542879,0.2644789879967577,0.2421622556695711,0.1710329670256848,1,21.38,valid
Uttar_Pradesh,Jaunpur,2023,7,2023-11-05,2023-11-10,0.1156030862114309,0.2656533799345068,0.2434297330797761,0.1724635091817435,2,0.56,valid
Uttar_Pradesh,Jaunpur,2023,8,2023-11-10,2023-11-15,0.1211752126701286,0.2529579163836168,0.2528424915176924,0.1796917198066519,3,4.5,valid
Uttar_Pradesh,Jaunpur,2023,9,2023-11-15,2023-11-20,0.11750757273788497,0.25053957372166785,0.24549937639905325,0.17590652834385878,0,,insufficient_data
Uttar_Pradesh,Jaunpur,2023,10,2023-11-20,2023-11-25,0.1132070615570396,0.2368381323201618,0.2459256441794752,0.1773907195515684,3,2.9733333333333327,valid
Uttar_Pradesh,Jaunpur,2023,11,2023-11-25,2023-11-30,0.1145841719965378,0.2327694519732961,0.2431367575487515,0.1789537261536454,2,0.635,valid
Uttar_Pradesh,Jaunpur,2023,12,2023-11-30,2023-12-05,0.11222393406086052,0.23725819434073422,0.23940398799458587,0.177419141114433,0,,insufficient_data
Uttar_Pradesh,Jaunpur,2023,13,2023-12-05,2023-12-10,0.10837444484132153,0.23802411240679372,0.23271509009059088,0.172047602059973,0,,insufficient_data
Uttar_Pradesh,Jaunpur,2023,14,2023-12-10,2023-12-15,0.10676357260274882,0.23841943910233768,0.22831157206096278,0.17026656289610784,0,,insufficient_data
Uttar_Pradesh,Jaunpur,2023,15,2023-12-15,2023-12-20,0.1088805686290042,0.2421669987287447,0.229149562255531,0.1759129776380851,2,0.05,valid
Uttar_Pradesh,Jaunpur,2023,16,2023-12-20,2023-12-25,0.0968259771827045,0.2403218666049723,0.2126483963786059,0.155932984896593,1,9.96,valid
Uttar_Pradesh,Jaunpur,2023,17,2023-12-25,2023-12-30,0.09140612297498697,0.2513771530636379,0.20528768734400302,0.14704868485374628,0,,insufficient_data
Uttar_Pradesh,Jaunpur,2023,18,2023-12-30,2024-01-04,0.09140612297498697,0.2513771530636379,0.20528768734400302,0.14704868485374628,0,,insufficient_data
Uttar_Pradesh,Jaunpur,2023,19,2024-01-04,2024-01-09,0.0685118231132522,0.2716425938571967,0.1740651033978722,0.1093000920265607,1,27.83,valid
Uttar_Pradesh,Jaunpur,2023,20,2024-01-09,2024-01-14,0.0685118231132522,0.2716425938571967,0.1740651033978722,0.1093000920265607,0,,insufficient_data
Uttar_Pradesh,Jaunpur,2023,21,2024-01-14,2024-01-19,0.06636841576987385,0.28389609558532974,0.17200341664658875,0.1053677854726567,0,,insufficient_data
Uttar_Pradesh,Jaunpur,2023,22,2024-01-19,2024-01-24,0.06636841576987385,0.28389609558532974,0.17200341664658875,0.1053677854726567,0,,insufficient_data
Uttar_Pradesh,Jaunpur,2023,23,2024-01-24,2024-01-29,0.05960740735453785,0.30817776848734424,0.16408455117746104,0.0964724468043894,0,,insufficient_data
Uttar_Pradesh,Jaunpur,2023,24,2024-01-29,2024-02-03,0.0642250084264955,0.2961495973134628,0.1699417298953053,0.1014354789187527,2,17.32,valid
Uttar_Pradesh,Jaunpur,2023,25,2024-02-03,2024-02-08,0.05845102944154377,0.3183497600692959,0.1623982472068509,0.09463869101403959,0,,insufficient_data
Uttar_Pradesh,Jaunpur,2023,26,2024-02-08,2024-02-13,0.0549898062825802,0.3202059396612257,0.1582273724596168,0.0915094146900261,3,3.47,valid
Uttar_Pradesh,Jaunpur,2023,27,2024-02-13,2024-02-18,0.0561382736155556,0.3386937432331992,0.1590256392656306,0.0909711794333399,3,5.673333333333333,valid
Uttar_Pradesh,Jaunpur,2023,28,2024-02-18,2024-02-23,0.057172865682114465,0.33493478360532397,0.16181575731457995,0.09407057352978339,0,,insufficient_data
Uttar_Pradesh,Jaunpur,2023,29,2024-02-23,2024-02-28,0.0603905171482076,0.3459046679215469,0.1681942602184924,0.0997311264659842,2,7.52,valid
Uttar_Pradesh,Jaunpur,2023,30,2024-02-28,2024-03-04,0.060858195600377106,0.331991304998154,0.1674403044961338,0.0999071246425695,0,,insufficient_data
Uttar_Pradesh,Jaunpur,2023,31,2024-03-04,2024-03-09,0.06937624939212056,0.3084863464822088,0.17506968104353168,0.10947363222952966,1,23.6,missing_bands
Uttar_Pradesh,Jaunpur,2023,32,2024-03-09,2024-03-14,0.0660457960373681,0.3113755038397159,0.1751010140042785,0.1090190680283844,3,0.2466666666666666,valid
Uttar_Pradesh,Jaunpur,2023,33,2024-03-14,2024-03-19,0.08345873610401845,0.27700089290446867,0.19178467161292667,0.12595203612479847,0,,insufficient_data
Uttar_Pradesh,Jaunpur,2023,34,2024-03-19,2024-03-24,0.081692434990786,0.2681788676853635,0.1819137689078241,0.1196707021942204,1,0.31,valid
Uttar_Pradesh,Jaunpur,2023,35,2024-03-24,2024-03-29,0.1026379772839013,0.2514483071883266,0.2183392319266774,0.1491663381517906,2,5.01,valid
Uttar_Pradesh,Jaunpur,2023,36,2024-03-29,2024-04-03,0.1255275171408618,0.2765342049693841,0.2578879249219556,0.18218000523915712,0,,insufficient_data
Uttar_Pradesh,Jaunpur,2023,37,2024-04-03,2024-04-08,0.143385712572968,0.2775593131091163,0.2890012043882751,0.2064730709567993,2,4.890000000000001,valid
Uttar_Pradesh,Jaunpur,2023,38,2024-04-08,2024-04-13,0.15290599735814084,0.28814003151609946,0.29988182698198074,0.22003133967631147,0,,insufficient_data
Uttar_Pradesh,Jaunpur,2023,39,2024-04-13,2024-04-18,0.1743939437157919,0.30895033189473,0.3422974944650458,0.2534099096538182,1,9.11,valid
Uttar_Pradesh,Jaunpur,2023,40,2024-04-18,2024-04-23,0.1912063558599022,0.3146021738722248,0.3498893771479245,0.2710760399428378,3,11.266666666666666,valid
Uttar_Pradesh,Jaunpur,2023,41,2024-04-23,2024-04-28,0.18854648688149667,0.31525973025891235,0.35000565846987414,0.26807537966316414,0,,insufficient_data
Uttar_Pradesh,Jaunpur,2023,42,2024-04-28,2024-05-03,0.2000391610687959,0.3222266850097822,0.3578301037966521,0.2797401893928363,3,4.253333333333334,valid
Uttar_Pradesh,Jaunpur,2024,0,2024-10-01,2024-10-06,0.0547660689018987,0.3147826359879679,0.1647462547315335,0.0860781144479719,1,22.44,valid
Uttar_Pradesh,Jaunpur,2024,1,2024-10-06,2024-10-11,0.0598485423841688,0.3376491564405414,0.182265741729429,0.0956896169675882,2,20.525,valid
Uttar_Pradesh,Jaunpur,2024,2,2024-10-11,2024-10-16,0.07133882625697716,0.30416642058595056,0.19126523317411134,0.11294904035438252,0,,insufficient_data
Uttar_Pradesh,Jaunpur,2024,3,2024-10-16,2024-10-21,0.07133882625697716,0.30416642058595056,0.19126523317411134,0.11294904035438252,0,,insufficient_data
Uttar_Pradesh,Jaunpur,2024,4,2024-10-21,2024-10-26,0.0772058579470955,0.284824874725901,0.1930409382455847,0.1239942588217299,3,0.7433333333333333,valid
Uttar_Pradesh,Jaunpur,2024,5,2024-10-26,2024-10-31,0.0935348357947456,0.279409015189392,0.2250079979898982,0.1460341711802401,3,8.466666666666667,valid
Uttar_Pradesh,Jaunpur,2024,6,2024-10-31,2024-11-05,0.10728168309483335,0.2622274942818733,0.23239174567924753,0.16005187064997853,0,,insufficient_data
Uttar_Pradesh,Jaunpur,2024,7,2024-11-05,2024-11-10,0.1133614966373647,0.2576870154752241,0.2432404144992956,0.1674137282033275,3,1.2833333333333334,valid
Uttar_Pradesh,Jaunpur,2024,8,2024-11-10,2024-11-15,0.1311807910445509,0.2436063424814661,0.2440862603322084,0.1754677028595054,1,2.5,valid
Uttar_Pradesh,Jaunpur,2024,9,2024-11-15,2024-11-20,0.12112543405041,0.2456102235373831,0.2565831173292508,0.1873494921850898,2,11.515,valid
Uttar_Pradesh,Jaunpur,2024,10,2024-11-20,2024-11-25,0.1269997116340863,0.2401075051886805,0.2393243699717545,0.1778322771435433,3,0.0166666666666666,valid
Uttar_Pradesh,Jaunpur,2024,11,2024-11-25,2024-11-30,0.12397651701336047,0.2365237918183424,0.24050256649929808,0.1804275898440052,0,,insufficient_data
Uttar_Pradesh,Jaunpur,2024,12,2024-11-30,2024-12-05,0.1238044460202807,0.2234146031074994,0.2304452486490235,0.1793171298340204,1,0.25,valid
Uttar_Pradesh,Jaunpur,2024,13,2024-12-05,2024-12-10,0.1167722023174744,0.2298802847766829,0.2320738362142533,0.1821713471978671,3,1.893333333333333,valid
Uttar_Pradesh,Jaunpur,2024,14,2024-12-10,2024-12-15,0.1167600011643893,0.22887449320373177,0.2270739699171717,0.17678159807825364,0,,insufficient_data
Uttar_Pradesh,Jaunpur,2024,15,2024-12-15,2024-12-20,0.1097033551554128,0.233328591727013,0.2187028248882383,0.1688563172028734,3,0.1133333333333333,valid
Uttar_Pradesh,Jaunpur,2024,16,2024-12-20,2024-12-25,0.1132377787364436,0.23160443825184795,0.2253883305512458,0.17551383220037026,0,,insufficient_data
Uttar_Pradesh,Jaunpur,2024,17,2024-12-25,2024-12-30,0.087088471756954,0.2544807657419721,0.192094939341018,0.13572562631835144,0,,insufficient_data
Uttar_Pradesh,Jaunpur,2024,18,2024-12-30,2025-01-04,0.07742455645587193,0.2640375266003701,0.1786672766211113,0.12021789193315933,0,,insufficient_data
Uttar_Pradesh,Jaunpur,2024,19,2025-01-04,2025-01-09,0.0612851571061015,0.2793919940370486,0.15864950248754778,0.0958986792983023,0,,insufficient_data
Uttar_Pradesh,Jaunpur,2024,20,2025-01-09,2025-01-14,0.0644735883584952,0.2756329397569312,0.1654870537937977,0.1025949354338295,3,0.7133333333333334,valid
Uttar_Pradesh,Jaunpur,2024,21,2025-01-14,2025-01-19,0.0580967258537078,0.2831510483171661,0.1518119511812979,0.0892024231627751,3,10.773333333333332,valid
Uttar_Pradesh,Jaunpur,2024,22,2025-01-19,2025-01-24,0.058141102920551024,0.30190425017451644,0.15818249555007746,0.09303927175008213,0,,insufficient_data
Uttar_Pradesh,Jaunpur,2024,23,2025-01-24,2025-01-29,0.0567163653853316,0.3047445550872887,0.1585533598453557,0.0932700651672131,3,9.556666666666668,valid
Uttar_Pradesh,Jaunpur,2024,24,2025-01-29,2025-02-03,0.0551471791624433,0.3146706461658041,0.1535653045019205,0.0880707919423319,1,0.06,valid
Uttar_Pradesh,Jaunpur,2024,25,2025-02-03,2025-02-08,0.0562716558427772,0.3313220615453919,0.1614948084280156,0.092058143044261,2,0.045,valid
Uttar_Pradesh,Jaunpur,2024,26,2025-02-08,2025-02-13,0.0564195482369829,0.3334516129638781,0.1569455377010051,0.0908448329471264,3,1.8233333333333333,valid
Uttar_Pradesh,Jaunpur,2024,27,2025-02-13,2025-02-18,0.05779859471087882,0.3274412890149017,0.15738032763147475,0.09184121358151973,0,,insufficient_data
Uttar_Pradesh,Jaunpur,2024,28,2025-02-18,2025-02-23,0.0576566280047479,0.3306118916404036,0.1567964271479015,0.0918247420883428,3,2.2066666666666666,valid
Uttar_Pradesh,Jaunpur,2024,29,2025-02-23,2025-02-28,0.0634979623074428,0.327150232759031,0.1580995603785311,0.0964075578855365,2,12.505,valid
Uttar_Pradesh,Jaunpur,2024,30,2025-02-28,2025-03-05,0.07356179769101748,0.301587817661762,0.1747773427803365,0.11088005066448678,0,,insufficient_data
Uttar_Pradesh,Jaunpur,2024,31,2025-03-05,2025-03-10,0.0695326880685883,0.3056835685885111,0.1726697995322142,0.1107918467645556,3,0.0499999999999999,valid
Uttar_Pradesh,Jaunpur,2024,32,2025-03-10,2025-03-15,0.0848692461944872,0.2666923413219348,0.1847411029143867,0.1217306304742064,1,4.76,valid
Uttar_Pradesh,Jaunpur,2024,33,2025-03-15,2025-03-20,0.0922524638798212,0.2778010539989298,0.2015798239286489,0.1336454761097926,2,0.17,valid
Uttar_Pradesh,Jaunpur,2024,34,2025-03-20,2025-03-25,0.107805274109777,0.2473284659331431,0.2210310080306599,0.154655574960322,3,9.063333333333333,valid
Uttar_Pradesh,Jaunpur,2024,35,2025-03-25,2025-03-30,0.11810719533309741,0.2673651942008532,0.2400754405086399,0.1697210890138668,0,,insufficient_data
Uttar_Pradesh,Jaunpur,2024,36,2025-03-30,2025-04-04,0.1421156680161575,0.2667369143352854,0.2782496121703124,0.2048460486109939,3,0.0,valid
Uttar_Pradesh,Jaunpur,2024,37,2025-04-04,2025-04-09,0.1634933244652442,0.2782671954149728,0.3147756554991917,0.233727714914019,3,0.1666666666666666,valid
Uttar_Pradesh,Jaunpur,2024,38,2025-04-09,2025-04-14,0.17672506831369214,0.2947796360475771,0.3326778590935631,0.2612047520745286,0,,insufficient_data
Uttar_Pradesh,Jaunpur,2024,39,2025-04-14,2025-04-19,0.1845131153700387,0.3048764017200869,0.345727630596391,0.2711660161392527,3,0.69,valid
Uttar_Pradesh,Jaunpur,2024,40,2025-04-19,2025-04-24,0.1894384435527018,0.3012484849106644,0.3487125827751044,0.2874344152629149,1,0.0,valid
Uttar_Pradesh,Jaunpur,2024,41,2025-04-24,2025-04-29,0.2040647901643185,0.3227691838568761,0.3759238144268159,0.3088495654454626,2,0.0,valid
Uttar_Pradesh,Jaunpur,2024,42,2025-04-29,2025-05-04,0.192672116362353,0.3096313568292091,0.35678800926610377,0.28914999894921006,0,,insufficient_data
Uttar_Pradesh,Jaunpur,2025,0,2025-10-01,2025-10-06,0.0704417509233433,0.3766289393394323,0.2067445723390433,0.1113510263971846,2,27.085,valid
Uttar_Pradesh,Jaunpur,2025,1,2025-10-06,2025-10-11,0.0532967730009435,0.3157325198632958,0.1640846193787185,0.0842105931934153,2,19.91,valid
Uttar_Pradesh,Jaunpur,2025,2,2025-10-11,2025-10-16,0.06937051830370063,0.3120360768650276,0.189996403027247,0.11061003078712689,0,,insufficient_data
Uttar_Pradesh,Jaunpur,2025,3,2025-10-16,2025-10-21,0.0709441492007024,0.2825667247186991,0.1841435560871912,0.1149306950810716,3,3.186666666666666,valid
Uttar_Pradesh,Jaunpur,2025,4,2025-10-21,2025-10-26,0.0827994000898133,0.2732161235386832,0.205012864304035,0.1319478084768361,3,4.503333333333333,valid
Uttar_Pradesh,Jaunpur,2025,5,2025-10-26,2025-10-31,0.08902558900758302,0.2542322870773108,0.20866797885088312,0.1396335515311731,0,,insufficient_data
Uttar_Pradesh,Jaunpur,2025,6,2025-10-31,2025-11-05,0.0678098182169765,0.2242384687528202,0.1773698700729998,0.1093260930267855,2,9.53,valid
Uttar_Pradesh,Jaunpur,2025,7,2025-11-05,2025-11-10,0.1116181504809652,0.2425074447321937,0.2326983593622857,0.16569174532504,1,3.3,valid
Uttar_Pradesh,Jaunpur,2025,8,2025-11-10,2025-11-15,0.1119564270494577,0.2486326736441581,0.2441152444279039,0.1762714157461324,2,0.145,valid
Uttar_Pradesh,Jaunpur,2025,9,2025-11-15,2025-11-20,0.1192268342260265,0.2424311944365559,0.2556287414431252,0.1946219385408722,2,4.165,valid
Uttar_Pradesh,Jaunpur,2025,10,2025-11-20,2025-11-25,0.11405912013115882,0.23825073083847204,0.23913382772738592,0.17923052187525326,0,,insufficient_data
Uttar_Pradesh,Jaunpur,2025,11,2025-11-25,2025-11-30,0.1164379546869058,0.2276274634329798,0.2373081857399366,0.1847908774298802,3,0.2833333333333333,valid
Uttar_Pradesh,Jaunpur,2025,12,2025-11-30,2025-12-05,0.1110562342124389,0.2300548779464728,0.2259186076636781,0.1747766323343415,3,0.1166666666666666,valid
Uttar_Pradesh,Jaunpur,2025,13,2025-12-05,2025-12-10,0.10871597319081021,0.22740061594482874,0.22167882516278373,0.16966511304829612,0,,insufficient_data
Uttar_Pradesh,Jaunpur,2025,14,2025-12-10,2025-12-15,0.0986537306730859,0.2245195064550336,0.2018096820847365,0.1494278293806667,3,5.916666666666667,valid
Uttar_Pradesh,Jaunpur,2025,15,2025-12-15,2025-12-20,0.1048549824427624,0.22728719220075322,0.2138641448742073,0.16210223085750408,0,,insufficient_data
Uttar_Pradesh,Jaunpur,2025,16,2025-12-20,2025-12-25,0.0986537306730859,0.2245195064550336,0.2018096820847365,0.1494278293806667,0,,insufficient_data
Uttar_Pradesh,Jaunpur,2025,17,2025-12-25,2025-12-30,0.08001043145959585,0.2503293468982799,0.18019531752922124,0.12342197297440385,0,,insufficient_data
Uttar_Pradesh,Jaunpur,2025,18,2025-12-30,2026-01-04,0.0613671322461058,0.2761391873415262,0.158580952973706,0.097416116568141,0,,insufficient_data
Uttar_Pradesh,Jaunpur,2025,19,2026-01-04,2026-01-09,0.060172926487300105,0.2873231795450848,0.1584918475133547,0.09501946169690689,0,,insufficient_data
Uttar_Pradesh,Jaunpur,2025,20,2026-01-09,2026-01-14,0.0613671322461058,0.2761391873415262,0.158580952973706,0.097416116568141,3,0.03,valid
Uttar_Pradesh,Jaunpur,2025,21,2026-01-14,2026-01-19,0.060172926487300105,0.2873231795450848,0.1584918475133547,0.09501946169690689,0,,insufficient_data
Uttar_Pradesh,Jaunpur,2025,22,2026-01-19,2026-01-24,0.0589787207284944,0.2985071717486434,0.1584027420530034,0.0926228068256728,3,1.606666666666667,valid
Uttar_Pradesh,Jaunpur,2025,23,2026-01-24,2026-01-29,0.05790248609106277,0.3047157498585272,0.1560151275029467,0.09179257940802148,0,,insufficient_data
Uttar_Pradesh,Jaunpur,2025,24,2026-01-29,2026-02-03,0.054998406215291305,0.32907663725396313,0.15447105074173964,0.08846222864070068,0,,insufficient_data
Uttar_Pradesh,Jaunpur,2025,25,2026-02-03,2026-02-08,0.0533616052985881,0.339500890485412,0.1510616874821306,0.0853388148302506,3,1.2366666666666668,valid
Uttar_Pradesh,Jaunpur,2025,26,2026-02-08,2026-02-13,0.0531428456013855,0.3404760768846991,0.15155615371491996,0.08623193142177897,0,,insufficient_data
Uttar_Pradesh,Jaunpur,2025,27,2026-02-13,2026-02-18,0.0526548926187914,0.3492218495278341,0.153948722690085,0.0874250642661786,2,0.05,valid
Uttar_Pradesh,Jaunpur,2025,28,2026-02-18,2026-02-23,0.053412038886777,0.3327054906408513,0.1496580509725442,0.0859319151689077,3,0.0833333333333333,valid
Uttar_Pradesh,Jaunpur,2025,29,2026-02-23,2026-02-28,0.06055621614412983,0.3005864648449611,0.16243137878376243,0.09817980894750766,0,,insufficient_data
Uttar_Pradesh,Jaunpur,2025,30,2026-02-28,2026-03-05,0.0619811396959306,0.3193884205543957,0.1597533968161581,0.096935361638395,3,0.09,valid
Uttar_Pradesh,Jaunpur,2025,31,2026-03-05,2026-03-10,0.0688483941225324,0.2533901007593395,0.1611105592019231,0.1001084828303563,1,7.49,valid
Uttar_Pradesh,Jaunpur,2025,32,2026-03-10,2026-03-15,0.0658846153966177,0.2482264627423849,0.1876861642381018,0.1204982208337007,1,8.52,valid
Uttar_Pradesh,Jaunpur,2025,33,2026-03-15,2026-03-20,0.0953012886611353,0.2448734683407203,0.1947229575184297,0.1327438251122611,1,6.65,valid
Uttar_Pradesh,Jaunpur,2025,34,2026-03-20,2026-03-25,0.08477080740850582,0.24489709476474858,0.19500738323177697,0.1306089698665834,0,,insufficient_data
Uttar_Pradesh,Jaunpur,2025,35,2026-03-25,2026-03-30,0.1090489314537379,0.2330983472165496,0.2365098519686532,0.1690853506900155,3,0.06,valid
Uttar_Pradesh,Jaunpur,2025,36,2026-03-30,2026-04-04,0.1021751100574366,0.23898590777863493,0.21561640474354143,0.15091458790113832,0,,insufficient_data
Uttar_Pradesh,Jaunpur,2025,37,2026-04-04,2026-04-09,0.1090489314537379,0.2330983472165496,0.2365098519686532,0.1690853506900155,0,,insufficient_data
Uttar_Pradesh,Jaunpur,2025,38,2026-04-09,2026-04-14,0.1090489314537379,0.2330983472165496,0.2365098519686532,0.1690853506900155,0,,insufficient_data
Uttar_Pradesh,Jaunpur,2025,39,2026-04-14,2026-04-19,,,,,0,,insufficient_data
Uttar_Pradesh,Jaunpur,2025,40,2026-04-19,2026-04-24,,,,,0,,insufficient_data
Uttar_Pradesh,Jaunpur,2025,41,2026-04-24,2026-04-29,,,,,0,,insufficient_data
Uttar_Pradesh,Jaunpur,2025,42,2026-04-29,2026-05-04,,,,,0,,insufficient_data
