state,district,year,time_step,start_date,end_date,Red,NIR,SWIR1,SWIR2,image_count,mean_cloud_cover,quality_flag
Uttar_Pradesh,Gautam Buddha Nagar,2010,0,2010-10-01,2010-10-06,0.0891991427289983,0.2803563276947932,0.1842080239915649,0.1073469920850843,1,3.0,valid
Uttar_Pradesh,Gautam Buddha Nagar,2010,1,2010-10-06,2010-10-11,0.12142575552047995,0.2754200026711104,0.20201141424755434,0.1250920109570232,0,,insufficient_data
Uttar_Pradesh,Gautam Buddha Nagar,2010,2,2010-10-11,2010-10-16,0.0952474173388661,0.2628173664015825,0.1998889714861095,0.1229973598774096,3,0.0,valid
Uttar_Pradesh,Gautam Buddha Nagar,2010,3,2010-10-16,2010-10-21,0.1798307064935754,0.2830863139169555,0.2219372472649887,0.1449316809085757,1,1.0,valid
Uttar_Pradesh,Gautam Buddha Nagar,2010,4,2010-10-21,2010-10-26,0.14032415941701412,0.2536694522613709,0.22791089616336307,0.1553567541394417,0,,insufficient_data
Uttar_Pradesh,Gautam Buddha Nagar,2010,5,2010-10-26,2010-10-31,0.1295217878584995,0.2448391514562756,0.2461109925090832,0.1706410589880946,3,0.6666666666666666,valid
Uttar_Pradesh,Gautam Buddha Nagar,2010,6,2010-10-31,2010-11-05,0.1666264611615277,0.24948133540272566,0.24129802770651326,0.16941568369488036,0,,insufficient_data
Uttar_Pradesh,Gautam Buddha Nagar,2010,7,2010-11-05,2010-11-10,0.1566967259771155,0.2239349772706701,0.243706373393271,0.1828569167836869,1,0.0,valid
Uttar_Pradesh,Gautam Buddha Nagar,2010,8,2010-11-10,2010-11-15,0.2004566243169205,0.2460648989670015,0.2534374976587102,0.1792330780991642,2,21.0,valid
Uttar_Pradesh,Gautam Buddha Nagar,2010,9,2010-11-15,2010-11-20,0.16096846586148036,0.22219127271252892,0.24304890379110047,0.18049252090555923,0,,insufficient_data
Uttar_Pradesh,Gautam Buddha Nagar,2010,10,2010-11-20,2010-11-25,0.14502939560416395,0.2062880920343967,0.20779763146748645,0.1505007978268204,0,,insufficient_data
Uttar_Pradesh,Gautam Buddha Nagar,2010,11,2010-11-25,2010-11-30,0.1257520472904051,0.1965739418999152,0.2320028403213202,0.1793875678338266,3,0.0,valid
Uttar_Pradesh,Gautam Buddha Nagar,2010,12,2010-11-30,2010-12-05,0.10376624892451247,0.18142271438831645,0.15886685607274106,0.11051657552161004,0,,insufficient_data
Uttar_Pradesh,Gautam Buddha Nagar,2010,13,2010-12-05,2010-12-10,0.0972121848322147,0.15857855,0.1020438144966443,0.060525628590604,1,6.0,valid
Uttar_Pradesh,Gautam Buddha Nagar,2010,14,2010-12-10,2010-12-15,0.0883345146509176,0.1891156512650341,0.1425539134002587,0.0916365301403995,1,1.0,valid
Uttar_Pradesh,Gautam Buddha Nagar,2010,15,2010-12-15,2010-12-20,0.10544603014605503,0.18882471246805285,0.15118667975280076,0.10573460339193652,0,,insufficient_data
Uttar_Pradesh,Gautam Buddha Nagar,2010,16,2010-12-20,2010-12-25,0.1307913909550328,0.2187799361391244,0.2089623113614993,0.1650416514448061,2,1.0,valid
Uttar_Pradesh,Gautam Buddha Nagar,2010,17,2010-12-25,2010-12-30,0.1095629528029752,0.20394779370207924,0.175758112380879,0.1283390907926028,0,,insufficient_data
Uttar_Pradesh,Gautam Buddha Nagar,2010,18,2010-12-30,2011-01-04,0.1223267603379254,0.23582405127453634,0.1979738392011911,0.14224666889154486,0,,insufficient_data
Uttar_Pradesh,Gautam Buddha Nagar,2010,19,2011-01-04,2011-01-09,0.1223267603379254,0.23582405127453634,0.1979738392011911,0.14224666889154486,0,,insufficient_data
Uttar_Pradesh,Gautam Buddha Nagar,2010,20,2011-01-09,2011-01-14,0.09135406277120375,0.27651576763452557,0.1771496507866998,0.1099466482445802,0,,insufficient_data
Uttar_Pradesh,Gautam Buddha Nagar,2010,21,2011-01-14,2011-01-19,0.113862129720818,0.2528681664099483,0.1869853670408829,0.1194516863382836,2,3.5,valid
Uttar_Pradesh,Gautam Buddha Nagar,2010,22,2011-01-19,2011-01-24,0.08839386442114579,0.27649754680952304,0.1717069029737223,0.10435268101220006,0,,insufficient_data
Uttar_Pradesh,Gautam Buddha Nagar,2010,23,2011-01-24,2011-01-29,0.0688459958215895,0.3001633688591029,0.1673139345325167,0.1004416101508768,1,10.0,valid
Uttar_Pradesh,Gautam Buddha Nagar,2010,24,2011-01-29,2011-02-03,0.0824734677210299,0.276461105159518,0.1608214073477673,0.0931647465474398,2,0.0,valid
Uttar_Pradesh,Gautam Buddha Nagar,2010,25,2011-02-03,2011-02-08,0.06860349747146773,0.2951833708233895,0.1598392116343055,0.09396670443189924,0,,insufficient_data
Uttar_Pradesh,Gautam Buddha Nagar,2010,26,2011-02-08,2011-02-13,0.0544910288717838,0.3089256384515477,0.1513822930226326,0.0882937565973811,3,3.0,valid
Uttar_Pradesh,Gautam Buddha Nagar,2010,27,2011-02-13,2011-02-18,0.0680649738826797,0.3196095339916996,0.15868382915869964,0.0906447075566265,1,25.0,missing_bands
Uttar_Pradesh,Gautam Buddha Nagar,2010,28,2011-02-18,2011-02-23,0.06172293318921557,0.34389709169085075,0.1558650286546904,0.0873040322753131,0,,insufficient_data
Uttar_Pradesh,Gautam Buddha Nagar,2010,29,2011-02-23,2011-02-28,0.0672304250552254,0.3734418583640331,0.163847787105699,0.0904756195250586,2,0.0,valid
Uttar_Pradesh,Gautam Buddha Nagar,2010,30,2011-02-28,2011-03-05,0.06533888534793145,0.36138281831050223,0.15810639647071928,0.0868091701142791,0,,insufficient_data
Uttar_Pradesh,Gautam Buddha Nagar,2010,31,2011-03-05,2011-03-10,0.0634473456406375,0.3493237782569714,0.1523650058357396,0.0831427207034996,2,2.0,valid
Uttar_Pradesh,Gautam Buddha Nagar,2010,32,2011-03-10,2011-03-15,0.08094322518896152,0.31791495145555926,0.16200068682179744,0.09578112133230031,0,,insufficient_data
Uttar_Pradesh,Gautam Buddha Nagar,2010,33,2011-03-15,2011-03-20,0.08551415856687357,0.2994059824860681,0.1613849867271636,0.09754962193471421,0,,insufficient_data
Uttar_Pradesh,Gautam Buddha Nagar,2010,34,2011-03-20,2011-03-25,0.068102304090855,0.2828278191898671,0.1483412314662302,0.0868027059517996,2,1.5,valid
Uttar_Pradesh,Gautam Buddha Nagar,2010,35,2011-03-25,2011-03-30,0.1249928259691282,0.2660663500113657,0.183448722879521,0.1227034391488434,2,9.0,valid
Uttar_Pradesh,Gautam Buddha Nagar,2010,36,2011-03-30,2011-04-04,0.11399018731091828,0.24650529403373667,0.19326239369276016,0.13510997942457564,0,,insufficient_data
Uttar_Pradesh,Gautam Buddha Nagar,2010,37,2011-04-04,2011-04-09,0.1229335015250955,0.2230858797737377,0.2028874108845853,0.1462925669599183,2,0.5,valid
Uttar_Pradesh,Gautam Buddha Nagar,2010,38,2011-04-09,2011-04-14,0.13758072984542577,0.23424779971486182,0.22841964956372807,0.1727083397176612,0,,insufficient_data
Uttar_Pradesh,Gautam Buddha Nagar,2010,39,2011-04-14,2011-04-19,0.1399321176585945,0.2140411271599761,0.2383722095407041,0.1846412056377413,2,0.0,valid
Uttar_Pradesh,Gautam Buddha Nagar,2010,40,2011-04-19,2011-04-24,0.1624644742288849,0.2337978419143677,0.2889702549501018,0.2371961471241418,3,0.0,valid
Uttar_Pradesh,Gautam Buddha Nagar,2010,41,2011-04-24,2011-04-29,0.13393318248888927,0.22975131435331533,0.23208791393803477,0.1786319161802263,0,,insufficient_data
Uttar_Pradesh,Gautam Buddha Nagar,2010,42,2011-04-29,2011-05-04,0.0994029555791884,0.2414149739856022,0.1689212773232984,0.1140583957787958,1,16.0,valid
Uttar_Pradesh,Gautam Buddha Nagar,2011,0,2011-10-01,2011-10-06,0.1026648901339501,0.2758682414662851,0.207666564825563,0.1350429468187421,0,,insufficient_data
Uttar_Pradesh,Gautam Buddha Nagar,2011,1,2011-10-06,2011-10-11,0.1026648901339501,0.2758682414662851,0.207666564825563,0.1350429468187421,2,0.0,valid
Uttar_Pradesh,Gautam Buddha Nagar,2011,2,2011-10-11,2011-10-16,0.12429373087928601,0.24157654024894723,0.1954227814673907,0.13354254800568902,0,,insufficient_data
Uttar_Pradesh,Gautam Buddha Nagar,2011,3,2011-10-16,2011-10-21,0.12429373087928601,0.24157654024894723,0.1954227814673907,0.13354254800568902,0,,insufficient_data
Uttar_Pradesh,Gautam Buddha Nagar,2011,4,2011-10-21,2011-10-26,0.1468603741397824,0.261276231336903,0.2422625789324526,0.17509490819247,3,7.666666666666667,valid
Uttar_Pradesh,Gautam Buddha Nagar,2011,5,2011-10-26,2011-10-31,0.1233559283641255,0.1875851479436537,0.1363392006441565,0.090489789005855,1,4.0,valid
Uttar_Pradesh,Gautam Buddha Nagar,2011,6,2011-10-31,2011-11-05,0.15081874277611115,0.2298686298378387,0.2141688689228702,0.1626598305520283,0,,insufficient_data
Uttar_Pradesh,Gautam Buddha Nagar,2011,7,2011-11-05,2011-11-10,0.1822399258244256,0.2407445102329594,0.2639048271920015,0.2223947944577599,1,6.0,valid
Uttar_Pradesh,Gautam Buddha Nagar,2011,8,2011-11-10,2011-11-15,0.15333106195502114,0.20900276298422668,0.20893906005045068,0.1715603190839536,0,,insufficient_data
Uttar_Pradesh,Gautam Buddha Nagar,2011,9,2011-11-15,2011-11-20,0.16831862875046893,0.21971157050451315,0.24523898975359776,0.2120955841230029,0,,insufficient_data
Uttar_Pradesh,Gautam Buddha Nagar,2011,10,2011-11-20,2011-11-25,0.1543973316765123,0.1986786307760669,0.226573152315194,0.2017963737882459,1,18.0,valid
Uttar_Pradesh,Gautam Buddha Nagar,2011,11,2011-11-25,2011-11-30,0.14332860626391514,0.21531021547532964,0.21738900860313196,0.18060891560927583,0,,insufficient_data
Uttar_Pradesh,Gautam Buddha Nagar,2011,12,2011-11-30,2011-12-05,0.14332860626391514,0.21531021547532964,0.21738900860313196,0.18060891560927583,0,,insufficient_data
Uttar_Pradesh,Gautam Buddha Nagar,2011,13,2011-12-05,2011-12-10,0.14332860626391514,0.21531021547532964,0.21738900860313196,0.18060891560927583,0,,insufficient_data
Uttar_Pradesh,Gautam Buddha Nagar,2011,14,2011-12-10,2011-12-15,0.132259880851318,0.2319418001745924,0.2082048648910699,0.1594214574303058,1,15.0,valid
Uttar_Pradesh,Gautam Buddha Nagar,2011,15,2011-12-15,2011-12-20,0.1216066679531738,0.2232477461896773,0.18914378186472955,0.14118421200621395,1,1.0,missing_bands
Uttar_Pradesh,Gautam Buddha Nagar,2011,16,2011-12-20,2011-12-25,0.1216066679531738,0.2232477461896773,0.18914378186472955,0.14118421200621395,0,,insufficient_data
Uttar_Pradesh,Gautam Buddha Nagar,2011,17,2011-12-25,2011-12-30,0.1109534550550296,0.2145536922047622,0.1700826988383892,0.1229469665821221,2,6.0,valid
Uttar_Pradesh,Gautam Buddha Nagar,2011,18,2011-12-30,2012-01-04,0.09991103038113255,0.24177890134995517,0.16604762572099485,0.1114115336583974,0,,insufficient_data
Uttar_Pradesh,Gautam Buddha Nagar,2011,19,2012-01-04,2012-01-09,0.09991103038113255,0.24177890134995517,0.16604762572099485,0.1114115336583974,0,,insufficient_data
Uttar_Pradesh,Gautam Buddha Nagar,2011,20,2012-01-09,2012-01-14,0.0888686057072355,0.2690041104951481,0.1620125526036005,0.0998761007346727,2,4.0,valid
Uttar_Pradesh,Gautam Buddha Nagar,2011,21,2012-01-14,2012-01-19,0.0772470214062922,0.2739476781378153,0.15437467873504165,0.09438030033113029,0,,insufficient_data
Uttar_Pradesh,Gautam Buddha Nagar,2011,22,2012-01-19,2012-01-24,0.0772470214062922,0.2739476781378153,0.15437467873504165,0.09438030033113029,0,,insufficient_data
Uttar_Pradesh,Gautam Buddha Nagar,2011,23,2012-01-24,2012-01-29,0.0656254371053489,0.2788912457804824,0.1467368048664828,0.0888844999275879,2,15.5,valid
Uttar_Pradesh,Gautam Buddha Nagar,2011,24,2012-01-29,2012-02-03,0.0656254371053489,0.2788912457804824,0.1467368048664828,0.0888844999275879,0,,insufficient_data
Uttar_Pradesh,Gautam Buddha Nagar,2011,25,2012-02-03,2012-02-08,0.0656254371053489,0.2788912457804824,0.1467368048664828,0.0888844999275879,0,,insufficient_data
Uttar_Pradesh,Gautam Buddha Nagar,2011,26,2012-02-08,2012-02-13,0.0656254371053489,0.2788912457804824,0.1467368048664828,0.0888844999275879,0,,insufficient_data
Uttar_Pradesh,Gautam Buddha Nagar,2011,27,2012-02-13,2012-02-18,0.0964598159424506,0.3136540314334676,0.1676363687344587,0.1066821748573593,0,,insufficient_data
Uttar_Pradesh,Gautam Buddha Nagar,2011,28,2012-02-18,2012-02-23,0.0964598159424506,0.3136540314334676,0.1676363687344587,0.1066821748573593,0,,insufficient_data
Uttar_Pradesh,Gautam Buddha Nagar,2011,29,2012-02-23,2012-02-28,0.0964598159424506,0.3136540314334676,0.1676363687344587,0.1066821748573593,0,,insufficient_data
Uttar_Pradesh,Gautam Buddha Nagar,2011,30,2012-02-28,2012-03-04,0.0964598159424506,0.3136540314334676,0.1676363687344587,0.1066821748573593,2,5.5,valid
Uttar_Pradesh,Gautam Buddha Nagar,2011,31,2012-03-04,2012-03-09,0.09344086832138984,0.3045113281726471,0.1650635726820998,0.10534203365763706,1,21.0,missing_bands
Uttar_Pradesh,Gautam Buddha Nagar,2011,32,2012-03-09,2012-03-14,0.09344086832138984,0.3045113281726471,0.1650635726820998,0.10534203365763706,0,,insufficient_data
Uttar_Pradesh,Gautam Buddha Nagar,2011,33,2012-03-14,2012-03-19,0.0904219207003291,0.2953686249118266,0.1624907766297409,0.1040018924579148,2,0.0,valid
Uttar_Pradesh,Gautam Buddha Nagar,2011,34,2012-03-19,2012-03-24,0.0961083266739066,0.26441405544982216,0.17102869518525976,0.1152998378617378,0,,insufficient_data
Uttar_Pradesh,Gautam Buddha Nagar,2011,35,2012-03-24,2012-03-29,0.0961083266739066,0.26441405544982216,0.17102869518525976,0.1152998378617378,0,,insufficient_data
Uttar_Pradesh,Gautam Buddha Nagar,2011,36,2012-03-29,2012-04-03,0.1017947326474841,0.2334594859878177,0.1795666137407786,0.1265977832655608,2,0.0,valid
Uttar_Pradesh,Gautam Buddha Nagar,2011,37,2012-04-03,2012-04-08,0.1264364793655007,0.2261237617546396,0.21727356691264665,0.16512263756751894,1,0.0,missing_bands
Uttar_Pradesh,Gautam Buddha Nagar,2011,38,2012-04-08,2012-04-13,0.1264364793655007,0.2261237617546396,0.21727356691264665,0.16512263756751894,0,,insufficient_data
Uttar_Pradesh,Gautam Buddha Nagar,2011,39,2012-04-13,2012-04-18,0.1510782260835173,0.2187880375214615,0.2549805200845147,0.2036474918694771,2,0.0,valid
Uttar_Pradesh,Gautam Buddha Nagar,2011,40,2012-04-18,2012-04-23,0.1510782260835173,0.2187880375214615,0.2549805200845147,0.2036474918694771,0,,insufficient_data
Uttar_Pradesh,Gautam Buddha Nagar,2011,41,2012-04-23,2012-04-28,0.1510782260835173,0.2187880375214615,0.2549805200845147,0.2036474918694771,0,,insufficient_data
Uttar_Pradesh,Gautam Buddha Nagar,2011,42,2012-04-28,2012-05-03,0.1510782260835173,0.2187880375214615,0.2549805200845147,0.2036474918694771,0,,insufficient_data
Uttar_Pradesh,Gautam Buddha Nagar,2012,0,2012-10-01,2012-10-06,0.0928975425358238,0.2592749145990233,0.183112242882087,0.1192191336954089,0,,insufficient_data
Uttar_Pradesh,Gautam Buddha Nagar,2012,1,2012-10-06,2012-10-11,0.1020103033325172,0.2797586820551894,0.2108704764474039,0.1392068060243582,2,0.0,valid
Uttar_Pradesh,Gautam Buddha Nagar,2012,2,2012-10-11,2012-10-16,0.10835941523448488,0.2642462725237061,0.2041286543937503,0.13755820055084747,0,,insufficient_data
Uttar_Pradesh,Gautam Buddha Nagar,2012,3,2012-10-16,2012-10-21,0.0837847817391304,0.2387911471428572,0.1553540093167701,0.0992314613664596,1,19.0,valid
Uttar_Pradesh,Gautam Buddha Nagar,2012,4,2012-10-21,2012-10-26,0.139283160631807,0.2741889883730716,0.246161477417077,0.1742363342617246,2,0.5,valid
Uttar_Pradesh,Gautam Buddha Nagar,2012,5,2012-10-26,2012-10-31,0.11934800679872326,0.24469263741361527,0.21402333925355324,0.15201086835353536,0,,insufficient_data
Uttar_Pradesh,Gautam Buddha Nagar,2012,6,2012-10-31,2012-11-05,0.11411624164916649,0.249647494749084,0.19268487017112146,0.13002971815847136,0,,insufficient_data
Uttar_Pradesh,Gautam Buddha Nagar,2012,7,2012-11-05,2012-11-10,0.12422672828584519,0.2532662772844929,0.20512849045590528,0.1402958037558086,0,,insufficient_data
Uttar_Pradesh,Gautam Buddha Nagar,2012,8,2012-11-10,2012-11-15,0.1349760780252324,0.221097776724917,0.2405545310268127,0.1825648094324218,2,16.0,valid
Uttar_Pradesh,Gautam Buddha Nagar,2012,9,2012-11-15,2012-11-20,0.0984209462004962,0.2645120667554901,0.1286694629238261,0.0640862675732794,1,3.0,valid
Uttar_Pradesh,Gautam Buddha Nagar,2012,10,2012-11-20,2012-11-25,0.1111526359480497,0.21623858303853594,0.17613620104613914,0.12643652219607548,0,,insufficient_data
Uttar_Pradesh,Gautam Buddha Nagar,2012,11,2012-11-25,2012-11-30,0.1319403213698524,0.1976544389779759,0.2328413826498887,0.1976359500836822,2,0.0,valid
Uttar_Pradesh,Gautam Buddha Nagar,2012,12,2012-11-30,2012-12-05,0.0792731981966178,0.1816900496957607,0.102479427584029,0.0614590616949186,1,0.0,valid
Uttar_Pradesh,Gautam Buddha Nagar,2012,13,2012-12-05,2012-12-10,0.10453850541334797,0.18198331818935337,0.17494382011980392,0.13689482585545854,0,,insufficient_data
Uttar_Pradesh,Gautam Buddha Nagar,2012,14,2012-12-10,2012-12-15,0.1087442520869218,0.191281284083677,0.199089470245298,0.1565455416432334,2,8.0,valid
Uttar_Pradesh,Gautam Buddha Nagar,2012,15,2012-12-15,2012-12-20,0.0981962499999999,0.1573075,0.165365,0.13193875,1,0.0,valid
Uttar_Pradesh,Gautam Buddha Nagar,2012,16,2012-12-20,2012-12-25,0.10347025104346086,0.1742943920418385,0.182227235122649,0.1442421458216167,0,,insufficient_data
Uttar_Pradesh,Gautam Buddha Nagar,2012,17,2012-12-25,2012-12-30,0.11290454252642344,0.19594669626294806,0.18149457577760586,0.1363570141043402,0,,insufficient_data
Uttar_Pradesh,Gautam Buddha Nagar,2012,18,2012-12-30,2013-01-04,0.11498468774617425,0.1982794023525836,0.1726971285437598,0.1262627503348936,0,,insufficient_data
Uttar_Pradesh,Gautam Buddha Nagar,2012,19,2013-01-04,2013-01-09,0.11529908425556795,0.22268043240168695,0.16266733782001935,0.1054483672755426,0,,insufficient_data
Uttar_Pradesh,Gautam Buddha Nagar,2012,20,2013-01-09,2013-01-14,0.1317731254923486,0.2392513047051672,0.1800292570875196,0.1205867506697872,2,8.0,valid
Uttar_Pradesh,Gautam Buddha Nagar,2012,21,2013-01-14,2013-01-19,0.1018256932028734,0.2537464169611276,0.1604214968737769,0.09969742429730666,0,,insufficient_data
Uttar_Pradesh,Gautam Buddha Nagar,2012,22,2013-01-19,2013-01-24,0.0988250430187873,0.2061095600982067,0.1453054185525191,0.090309983881298,1,9.0,valid
Uttar_Pradesh,Gautam Buddha Nagar,2012,23,2013-01-24,2013-01-29,0.1018256932028734,0.2537464169611276,0.1604214968737769,0.09969742429730666,0,,insufficient_data
Uttar_Pradesh,Gautam Buddha Nagar,2012,24,2013-01-29,2013-02-03,0.0748789110974843,0.3158783860800089,0.155929814981292,0.0881955383408348,1,26.0,valid
Uttar_Pradesh,Gautam Buddha Nagar,2012,25,2013-02-03,2013-02-08,0.0785506342516602,0.287984869404964,0.15746364577197627,0.09242931798968969,0,,insufficient_data
Uttar_Pradesh,Gautam Buddha Nagar,2012,26,2013-02-08,2013-02-13,0.06841342986809665,0.32892252405834266,0.16354275938170484,0.09348898504388554,0,,insufficient_data
Uttar_Pradesh,Gautam Buddha Nagar,2012,27,2013-02-13,2013-02-18,0.061947948638709,0.3419666620366764,0.1711557037821177,0.0987824317469363,2,0.0,valid
Uttar_Pradesh,Gautam Buddha Nagar,2012,28,2013-02-18,2013-02-23,0.0584383238698891,0.34717154363099834,0.1682865561270947,0.0967997662853775,0,,insufficient_data
Uttar_Pradesh,Gautam Buddha Nagar,2012,29,2013-02-23,2013-02-28,0.0584383238698891,0.34717154363099834,0.1682865561270947,0.0967997662853775,0,,insufficient_data
Uttar_Pradesh,Gautam Buddha Nagar,2012,30,2013-02-28,2013-03-05,0.0549286991010692,0.3523764252253202,0.1654174084720717,0.0948171008238187,2,0.5,valid
Uttar_Pradesh,Gautam Buddha Nagar,2012,31,2013-03-05,2013-03-10,0.0658666306946591,0.3208674543892511,0.16686938270738336,0.10004734693759315,1,3.0,missing_bands
Uttar_Pradesh,Gautam Buddha Nagar,2012,32,2013-03-10,2013-03-15,0.06412487031315604,0.29867275199869875,0.15731701627343272,0.09266477605458556,0,,insufficient_data
Uttar_Pradesh,Gautam Buddha Nagar,2012,33,2013-03-15,2013-03-20,0.076804562288249,0.2893584835531821,0.168321356942695,0.1052775930513676,2,0.0,valid
Uttar_Pradesh,Gautam Buddha Nagar,2012,34,2013-03-20,2013-03-25,0.08108203155152098,0.25199043104571467,0.16600565695416503,0.10560462687191097,0,,insufficient_data
Uttar_Pradesh,Gautam Buddha Nagar,2012,35,2013-03-25,2013-03-30,0.0606413495501499,0.254283347217594,0.1382122834055314,0.0778996342885704,1,5.0,valid
Uttar_Pradesh,Gautam Buddha Nagar,2012,36,2013-03-30,2013-04-04,0.105800182816164,0.212329462366368,0.1914833305142687,0.1336366532757949,2,6.0,valid
Uttar_Pradesh,Gautam Buddha Nagar,2012,37,2013-04-04,2013-04-09,0.08322076618315695,0.233306404791981,0.16484780695990003,0.10576814378218266,0,,insufficient_data
Uttar_Pradesh,Gautam Buddha Nagar,2012,38,2013-04-09,2013-04-14,0.0934124000016684,0.2304301701932315,0.1614160551615076,0.1033837381022991,1,0.0,missing_bands
Uttar_Pradesh,Gautam Buddha Nagar,2012,39,2013-04-14,2013-04-19,0.10979792522742765,0.21850358168105025,0.1730179410394957,0.11612579000916345,0,,insufficient_data
Uttar_Pradesh,Gautam Buddha Nagar,2012,40,2013-04-19,2013-04-24,0.1137956676386913,0.2246777009957325,0.1545525515647227,0.098614926742532,0,,insufficient_data
Uttar_Pradesh,Gautam Buddha Nagar,2012,41,2013-04-24,2013-04-29,0.1137956676386913,0.2246777009957325,0.1545525515647227,0.098614926742532,1,11.0,valid
Uttar_Pradesh,Gautam Buddha Nagar,2012,42,2013-04-29,2013-05-04,0.1137956676386913,0.2246777009957325,0.1545525515647227,0.098614926742532,0,,insufficient_data
Uttar_Pradesh,Gautam Buddha Nagar,2013,0,2013-10-01,2013-10-06,0.1110524051936992,0.2674056452786744,0.2311763228151873,0.1622294742882751,0,,insufficient_data
Uttar_Pradesh,Gautam Buddha Nagar,2013,1,2013-10-06,2013-10-11,0.1110524051936992,0.2674056452786744,0.2311763228151873,0.1622294742882751,0,,insufficient_data
Uttar_Pradesh,Gautam Buddha Nagar,2013,2,2013-10-11,2013-10-16,0.1460353111405836,0.2659201653693479,0.25134405489551304,0.1842645596213536,0,,insufficient_data
Uttar_Pradesh,Gautam Buddha Nagar,2013,3,2013-10-16,2013-10-21,0.1110524051936992,0.2674056452786744,0.2311763228151873,0.1622294742882751,3,0.0833333333333333,valid
Uttar_Pradesh,Gautam Buddha Nagar,2013,4,2013-10-21,2013-10-26,0.13702219032329285,0.2558384477794893,0.2245026649132383,0.16014470432377578,0,,insufficient_data
Uttar_Pradesh,Gautam Buddha Nagar,2013,5,2013-10-26,2013-10-31,0.181018217087468,0.2644346854600214,0.2715117869758388,0.2062996449544321,2,9.0,valid
Uttar_Pradesh,Gautam Buddha Nagar,2013,6,2013-10-31,2013-11-05,0.1189959486887114,0.235675012599772,0.1708198849486888,0.1119049937286201,1,14.0,valid
Uttar_Pradesh,Gautam Buddha Nagar,2013,7,2013-11-05,2013-11-10,0.14236857341389828,0.2308179344813194,0.2304571058133275,0.17920922118090904,0,,insufficient_data
Uttar_Pradesh,Gautam Buddha Nagar,2013,8,2013-11-10,2013-11-15,0.1403312439692318,0.2187643900325551,0.2490878051083889,0.2025960256126251,2,6.5,valid
Uttar_Pradesh,Gautam Buddha Nagar,2013,9,2013-11-15,2013-11-20,0.12955983493470613,0.2150971213331439,0.22056366433013025,0.17743388915922942,0,,insufficient_data
Uttar_Pradesh,Gautam Buddha Nagar,2013,10,2013-11-20,2013-11-25,0.1291288839101819,0.2043976498329291,0.2304089462203936,0.1960362204279589,3,2.3400000000000003,valid
Uttar_Pradesh,Gautam Buddha Nagar,2013,11,2013-11-25,2013-11-30,0.1297832631706995,0.2015514328673195,0.2319380210430497,0.1991983168677136,2,0.0,valid
Uttar_Pradesh,Gautam Buddha Nagar,2013,12,2013-11-30,2013-12-05,0.13381173629185342,0.20734201252252915,0.22293318827616065,0.18760903795926326,0,,insufficient_data
Uttar_Pradesh,Gautam Buddha Nagar,2013,13,2013-12-05,2013-12-10,0.1248797480949689,0.2098753720931773,0.2122664768000287,0.1762880320159776,3,6.733333333333333,valid
Uttar_Pradesh,Gautam Buddha Nagar,2013,14,2013-12-10,2013-12-15,0.1353726870857439,0.2083234667523958,0.22044126896141636,0.18479997713636473,0,,insufficient_data
Uttar_Pradesh,Gautam Buddha Nagar,2013,15,2013-12-15,2013-12-20,0.1514550499915633,0.2135435952966907,0.2171193090411707,0.1789135825254029,1,17.0,valid
Uttar_Pradesh,Gautam Buddha Nagar,2013,16,2013-12-20,2013-12-25,0.12410350068271224,0.19886462731449797,0.18263311422841066,0.1431512107469955,0,,insufficient_data
Uttar_Pradesh,Gautam Buddha Nagar,2013,17,2013-12-25,2013-12-30,0.12371537697658391,0.19335925492515832,0.16781643294260165,0.12658280011250445,0,,insufficient_data
Uttar_Pradesh,Gautam Buddha Nagar,2013,18,2013-12-30,2014-01-04,0.12371537697658391,0.19335925492515832,0.16781643294260165,0.12658280011250445,0,,insufficient_data
Uttar_Pradesh,Gautam Buddha Nagar,2013,19,2014-01-04,2014-01-09,0.0959757039616045,0.1731749145536259,0.1185135568440326,0.074252017699606,1,3.0,valid
Uttar_Pradesh,Gautam Buddha Nagar,2013,20,2014-01-09,2014-01-14,0.0959757039616045,0.1731749145536259,0.1185135568440326,0.074252017699606,0,,insufficient_data
Uttar_Pradesh,Gautam Buddha Nagar,2013,21,2014-01-14,2014-01-19,0.0959757039616045,0.1731749145536259,0.1185135568440326,0.074252017699606,0,,insufficient_data
Uttar_Pradesh,Gautam Buddha Nagar,2013,22,2014-01-19,2014-01-24,0.0959757039616045,0.1731749145536259,0.1185135568440326,0.074252017699606,0,,insufficient_data
Uttar_Pradesh,Gautam Buddha Nagar,2013,23,2014-01-24,2014-01-29,0.053073872721517,0.3354055582754348,0.1520799254452364,0.0903266243901945,0,,insufficient_data
Uttar_Pradesh,Gautam Buddha Nagar,2013,24,2014-01-29,2014-02-03,0.059289788355696454,0.3559433579461255,0.15757688560179822,0.08780268937638964,0,,insufficient_data
Uttar_Pradesh,Gautam Buddha Nagar,2013,25,2014-02-03,2014-02-08,0.059289788355696454,0.3559433579461255,0.15757688560179822,0.08780268937638964,0,,insufficient_data
Uttar_Pradesh,Gautam Buddha Nagar,2013,26,2014-02-08,2014-02-13,0.053073872721517,0.3354055582754348,0.1520799254452364,0.0903266243901945,2,2.43,valid
Uttar_Pradesh,Gautam Buddha Nagar,2013,27,2014-02-13,2014-02-18,0.0655057039898759,0.3764811576168162,0.16307384575836,0.0852787543625848,2,0.5,valid
Uttar_Pradesh,Gautam Buddha Nagar,2013,28,2014-02-18,2014-02-23,0.06504801063168138,0.31625620787196385,0.1504000525303419,0.08659145019909778,0,,insufficient_data
Uttar_Pradesh,Gautam Buddha Nagar,2013,29,2014-02-23,2014-02-28,0.0818893947876448,0.1783763175675674,0.130590694015444,0.0888749140926641,1,1.0,valid
Uttar_Pradesh,Gautam Buddha Nagar,2013,30,2014-02-28,2014-03-05,0.06494100797882478,0.31181793100789007,0.14838066137488387,0.08464643463670168,0,,insufficient_data
Uttar_Pradesh,Gautam Buddha Nagar,2013,31,2014-03-05,2014-03-10,0.0597230710276878,0.3747617980280368,0.1558557449023271,0.0818855079509477,1,9.0,valid
Uttar_Pradesh,Gautam Buddha Nagar,2013,32,2014-03-10,2014-03-15,0.0526458621100906,0.31765245081914,0.1440023608234044,0.0825465621406102,3,3.3666666666666667,valid
Uttar_Pradesh,Gautam Buddha Nagar,2013,33,2014-03-15,2014-03-20,0.06662419669399283,0.3156070572896474,0.1558663656524378,0.09118803016337594,0,,insufficient_data
Uttar_Pradesh,Gautam Buddha Nagar,2013,34,2014-03-20,2014-03-25,0.0838214373429515,0.2940721833104211,0.17243455653106937,0.10872308937893105,1,21.0,missing_bands
Uttar_Pradesh,Gautam Buddha Nagar,2013,35,2014-03-25,2014-03-30,0.0875036569442001,0.2544069230217654,0.1677409912315819,0.1091320203985699,2,13.305,valid
Uttar_Pradesh,Gautam Buddha Nagar,2013,36,2014-03-30,2014-04-04,0.1114584081170138,0.24193724219725388,0.194940060199273,0.13523014371208314,0,,insufficient_data
Uttar_Pradesh,Gautam Buddha Nagar,2013,37,2014-04-04,2014-04-09,0.1354131592898275,0.2294675613727424,0.2221391291669641,0.1613282670255964,2,13.0,valid
Uttar_Pradesh,Gautam Buddha Nagar,2013,38,2014-04-09,2014-04-14,0.13228248294319014,0.24469724350388822,0.23149072620178027,0.17498504753377672,0,,insufficient_data
Uttar_Pradesh,Gautam Buddha Nagar,2013,39,2014-04-14,2014-04-19,0.13502765798380367,0.24113538604707233,0.24267295334956862,0.1860202396133809,0,,insufficient_data
Uttar_Pradesh,Gautam Buddha Nagar,2013,40,2014-04-19,2014-04-24,0.1739306325955429,0.2502172461171569,0.3045920582067948,0.2544948551771638,2,0.0,valid
Uttar_Pradesh,Gautam Buddha Nagar,2013,41,2014-04-24,2014-04-29,0.13483490733079173,0.2469692983842373,0.2529398654408709,0.19836622590727315,0,,insufficient_data
Uttar_Pradesh,Gautam Buddha Nagar,2013,42,2014-04-29,2014-05-04,0.0957391820660406,0.2437213506513177,0.2012876726749469,0.1422375966373825,1,0.0,valid
Uttar_Pradesh,Gautam Buddha Nagar,2014,0,2014-10-01,2014-10-06,0.1097686867216104,0.2878572118038488,0.22553221003225485,0.14849246079891376,0,,insufficient_data
Uttar_Pradesh,Gautam Buddha Nagar,2014,1,2014-10-06,2014-10-11,0.092092994194999,0.2921757843737347,0.211664581421272,0.1370840540721042,3,2.9,valid
Uttar_Pradesh,Gautam Buddha Nagar,2014,2,2014-10-11,2014-10-16,0.1274443792482218,0.283538639233963,0.2393998386432377,0.1599008675257233,2,19.0,valid
Uttar_Pradesh,Gautam Buddha Nagar,2014,3,2014-10-16,2014-10-21,0.13879238928866902,0.2744870848760275,0.24335572020385493,0.17352978223600846,0,,insufficient_data
Uttar_Pradesh,Gautam Buddha Nagar,2014,4,2014-10-21,2014-10-26,0.1239291645876781,0.2548420010198085,0.2470552408695505,0.1832252399448265,3,2.0333333333333337,valid
Uttar_Pradesh,Gautam Buddha Nagar,2014,5,2014-10-26,2014-10-31,0.15425412118529314,0.2597820415527365,0.25436387220722295,0.1902074462604355,0,,insufficient_data
Uttar_Pradesh,Gautam Buddha Nagar,2014,6,2014-10-31,2014-11-05,0.2117030191237772,0.267391914876604,0.2753032198813595,0.2139089674013798,2,4.5,valid
Uttar_Pradesh,Gautam Buddha Nagar,2014,7,2014-11-05,2014-11-10,0.1539399217814955,0.2333556110805705,0.2556971894347442,0.2037947101698125,3,12.386666666666663,valid
Uttar_Pradesh,Gautam Buddha Nagar,2014,8,2014-11-10,2014-11-15,0.1609475264185167,0.2252508821529123,0.2518166842520316,0.2083899966100652,0,,insufficient_data
Uttar_Pradesh,Gautam Buddha Nagar,2014,9,2014-11-15,2014-11-20,0.1471326689230516,0.2082091878200384,0.2509041172061393,0.2166444968597976,2,1.0,valid
Uttar_Pradesh,Gautam Buddha Nagar,2014,10,2014-11-20,2014-11-25,0.1310144958457425,0.1920468148344363,0.2253622104858834,0.1992118120092708,3,2.47,valid
Uttar_Pradesh,Gautam Buddha Nagar,2014,11,2014-11-25,2014-11-30,0.12558044733298052,0.19674958594033082,0.2126140067090201,0.17899278214212258,0,,insufficient_data
Uttar_Pradesh,Gautam Buddha Nagar,2014,12,2014-11-30,2014-12-05,0.1316821122298964,0.1974443053099915,0.2357337557549912,0.2041799232107199,2,0.5,valid
Uttar_Pradesh,Gautam Buddha Nagar,2014,13,2014-12-05,2014-12-10,0.1024356813466773,0.1839372807749121,0.1389948245286464,0.0966336078677885,1,1.0,valid
Uttar_Pradesh,Gautam Buddha Nagar,2014,14,2014-12-10,2014-12-15,0.1156372783195349,0.2021103409622757,0.2120751255694401,0.178294070763036,2,0.915,valid
Uttar_Pradesh,Gautam Buddha Nagar,2014,15,2014-12-15,2014-12-20,0.11658502396536953,0.1944973090157264,0.19560123528435924,0.15970253394718145,1,22.0,missing_bands
Uttar_Pradesh,Gautam Buddha Nagar,2014,16,2014-12-20,2014-12-25,0.1090364798331061,0.19302381086859388,0.17553497504904325,0.13746383931541226,0,,insufficient_data
Uttar_Pradesh,Gautam Buddha Nagar,2014,17,2014-12-25,2014-12-30,0.1156372783195349,0.2021103409622757,0.2120751255694401,0.178294070763036,0,,insufficient_data
Uttar_Pradesh,Gautam Buddha Nagar,2014,18,2014-12-30,2015-01-04,0.0905375642523364,0.1736916530373831,0.1493918691588784,0.1146203679906542,0,,insufficient_data
Uttar_Pradesh,Gautam Buddha Nagar,2014,19,2015-01-04,2015-01-09,0.0905375642523364,0.1736916530373831,0.1493918691588784,0.1146203679906542,0,,insufficient_data
Uttar_Pradesh,Gautam Buddha Nagar,2014,20,2015-01-09,2015-01-14,0.07397822043167634,0.2421892214257746,0.1494761276238069,0.100906790225509,0,,insufficient_data
Uttar_Pradesh,Gautam Buddha Nagar,2014,21,2015-01-14,2015-01-19,0.0905375642523364,0.1736916530373831,0.1493918691588784,0.1146203679906542,1,20.0,valid
Uttar_Pradesh,Gautam Buddha Nagar,2014,22,2015-01-19,2015-01-24,0.07397822043167634,0.2421892214257746,0.1494761276238069,0.100906790225509,0,,insufficient_data
Uttar_Pradesh,Gautam Buddha Nagar,2014,23,2015-01-24,2015-01-29,0.0574188766110163,0.3106867898141661,0.1495603860887354,0.0871932124603638,2,28.73,valid
Uttar_Pradesh,Gautam Buddha Nagar,2014,24,2015-01-29,2015-02-03,0.06828224709606016,0.2719952899720022,0.14978191764057777,0.09723201468155895,0,,insufficient_data
Uttar_Pradesh,Gautam Buddha Nagar,2014,25,2015-02-03,2015-02-08,0.06480300545540363,0.33940543577642596,0.15342830512419867,0.0870500497239489,0,,insufficient_data
Uttar_Pradesh,Gautam Buddha Nagar,2014,26,2015-02-08,2015-02-13,0.0568903004248278,0.3316074270644574,0.1503934976741195,0.0898824635936589,2,0.075,valid
Uttar_Pradesh,Gautam Buddha Nagar,2014,27,2015-02-13,2015-02-18,0.07155359152611941,0.3169836305662086,0.15534360471181982,0.09471432358742032,0,,insufficient_data
Uttar_Pradesh,Gautam Buddha Nagar,2014,28,2015-02-18,2015-02-23,0.0800998393303668,0.3759220904506545,0.1603310316097411,0.084074473117824,1,13.0,valid
Uttar_Pradesh,Gautam Buddha Nagar,2014,29,2015-02-23,2015-02-28,0.093133589426338,0.210405679194748,0.1656141476222362,0.1187176581536849,1,0.0,valid
Uttar_Pradesh,Gautam Buddha Nagar,2014,30,2015-02-28,2015-03-05,0.0560906369229451,0.3499993255549746,0.1450357419411825,0.0861826994845135,1,0.45,valid
Uttar_Pradesh,Gautam Buddha Nagar,2014,31,2015-03-05,2015-03-10,0.0955793392231241,0.4293732432720347,0.1737086625087135,0.0859772378592503,1,24.0,valid
Uttar_Pradesh,Gautam Buddha Nagar,2014,32,2015-03-10,2015-03-15,0.07880562634069603,0.31486450140284794,0.16560318387692213,0.09983093513452432,0,,insufficient_data
Uttar_Pradesh,Gautam Buddha Nagar,2014,33,2015-03-15,2015-03-20,0.0637612878984821,0.3219525618097428,0.1612842810577633,0.0910655939288809,1,15.05,valid
Uttar_Pradesh,Gautam Buddha Nagar,2014,34,2015-03-20,2015-03-25,0.0854632782325909,0.2625916971827395,0.1823730862547152,0.1172114862462919,2,0.0,valid
Uttar_Pradesh,Gautam Buddha Nagar,2014,35,2015-03-25,2015-03-30,0.09840204848072207,0.2588818268970208,0.20155476935938196,0.13920808488816871,0,,insufficient_data
Uttar_Pradesh,Gautam Buddha Nagar,2014,36,2015-03-30,2015-04-04,0.1160014299721187,0.2376019264036297,0.2137223431023303,0.1545918619045183,2,21.945,valid
Uttar_Pradesh,Gautam Buddha Nagar,2014,37,2015-04-04,2015-04-09,0.1194216582051699,0.23799511608278756,0.2307397186337194,0.1732499090254478,0,,insufficient_data
Uttar_Pradesh,Gautam Buddha Nagar,2014,38,2015-04-09,2015-04-14,0.1283821978196966,0.2133811221919711,0.248839367022719,0.1939633974729838,2,0.0,valid
Uttar_Pradesh,Gautam Buddha Nagar,2014,39,2015-04-14,2015-04-19,0.1478397267962734,0.2384057185528099,0.2780240781551131,0.2272328904779972,2,0.18,valid
Uttar_Pradesh,Gautam Buddha Nagar,2014,40,2015-04-19,2015-04-24,0.14702282478155293,0.22904962796976572,0.27807351482381076,0.22786762441970196,0,,insufficient_data
Uttar_Pradesh,Gautam Buddha Nagar,2014,41,2015-04-24,2015-04-29,0.1648465497286888,0.2353620431645161,0.3073570992936001,0.2624065853081249,2,0.0,valid
Uttar_Pradesh,Gautam Buddha Nagar,2014,42,2015-04-29,2015-05-04,0.1563431382624811,0.236883880858663,0.2926905887243566,0.24481973789306105,0,,insufficient_data
Uttar_Pradesh,Gautam Buddha Nagar,2015,0,2015-10-01,2015-10-06,0.0909531530549466,0.2770836691035097,0.2090143055033655,0.13808622651638,2,0.0,valid
Uttar_Pradesh,Gautam Buddha Nagar,2015,1,2015-10-06,2015-10-11,0.1010020458906087,0.2765451500285734,0.2199652731837078,0.1531763291788112,3,0.0133333333333333,valid
Uttar_Pradesh,Gautam Buddha Nagar,2015,2,2015-10-11,2015-10-16,0.11014207746578204,0.2604948034553403,0.21361385711657124,0.14879480304347822,0,,insufficient_data
Uttar_Pradesh,Gautam Buddha Nagar,2015,3,2015-10-16,2015-10-21,0.1354301604547219,0.269384896861089,0.2446934077741729,0.1722328587053731,2,0.5,valid
Uttar_Pradesh,Gautam Buddha Nagar,2015,4,2015-10-21,2015-10-26,0.0895451672906596,0.2248211734619035,0.1370407449149226,0.0878033906219441,1,21.0,valid
Uttar_Pradesh,Gautam Buddha Nagar,2015,5,2015-10-26,2015-10-31,0.1337798606379734,0.2546391278216261,0.2573555542066874,0.1926752101948828,2,4.805,valid
Uttar_Pradesh,Gautam Buddha Nagar,2015,6,2015-10-31,2015-11-05,0.1730357884072417,0.2395791655135289,0.2751128625457967,0.2182267399596054,1,7.0,valid
Uttar_Pradesh,Gautam Buddha Nagar,2015,7,2015-11-05,2015-11-10,0.13595895600604935,0.22827484293921674,0.23071815959477354,0.1801592734168873,0,,insufficient_data
Uttar_Pradesh,Gautam Buddha Nagar,2015,8,2015-11-10,2015-11-15,0.1308176612379422,0.2147445148899251,0.2420541886269711,0.1959737929478758,2,4.49,valid
Uttar_Pradesh,Gautam Buddha Nagar,2015,9,2015-11-15,2015-11-20,0.1526163024564299,0.2075902330091,0.24202744767949,0.2061172333601284,2,4.0,valid
Uttar_Pradesh,Gautam Buddha Nagar,2015,10,2015-11-20,2015-11-25,0.13119865450172866,0.19691540971168178,0.20549661174837966,0.16678572680185058,0,,insufficient_data
Uttar_Pradesh,Gautam Buddha Nagar,2015,11,2015-11-25,2015-11-30,0.1029250359771505,0.1605440492145448,0.1118042944633637,0.0768381918048994,1,22.0,valid
Uttar_Pradesh,Gautam Buddha Nagar,2015,12,2015-11-30,2015-12-05,0.12455198241983854,0.19515933318054193,0.19563331051380903,0.15907702190653397,0,,insufficient_data
Uttar_Pradesh,Gautam Buddha Nagar,2015,13,2015-12-05,2015-12-10,0.138435618335392,0.2047828417331572,0.2261005162236939,0.1882136890944988,2,3.5,valid
Uttar_Pradesh,Gautam Buddha Nagar,2015,14,2015-12-10,2015-12-15,0.1042309729103818,0.2077202087653657,0.2026009836886885,0.1651389733666093,2,12.29,valid
Uttar_Pradesh,Gautam Buddha Nagar,2015,15,2015-12-15,2015-12-20,0.12900698911780392,0.20995090791120366,0.20426661151516792,0.16314862260524957,0,,insufficient_data
Uttar_Pradesh,Gautam Buddha Nagar,2015,16,2015-12-20,2015-12-25,0.144354376107638,0.2173496732350881,0.1840983346331214,0.1360932053546406,2,5.5,valid
Uttar_Pradesh,Gautam Buddha Nagar,2015,17,2015-12-25,2015-12-30,0.13135853382894916,0.2203170884405874,0.18667302630241767,0.13862703216086772,0,,insufficient_data
Uttar_Pradesh,Gautam Buddha Nagar,2015,18,2015-12-30,2016-01-04,0.14492231428823285,0.22661552827819825,0.17870904760928225,0.12537106155799693,0,,insufficient_data
Uttar_Pradesh,Gautam Buddha Nagar,2015,19,2016-01-04,2016-01-09,0.1454902524688277,0.2358813833213084,0.1733197605854431,0.1146489177613533,2,15.5,valid
Uttar_Pradesh,Gautam Buddha Nagar,2015,20,2016-01-09,2016-01-14,0.1454902524688277,0.2358813833213084,0.1733197605854431,0.1146489177613533,0,,insufficient_data
Uttar_Pradesh,Gautam Buddha Nagar,2015,21,2016-01-14,2016-01-19,0.1038507272871022,0.262270944894426,0.162275096971698,0.10381998935341624,0,,insufficient_data
Uttar_Pradesh,Gautam Buddha Nagar,2015,22,2016-01-19,2016-01-24,0.11462356019669102,0.26733563801396,0.14811923318858952,0.0922007912209205,0,,insufficient_data
Uttar_Pradesh,Gautam Buddha Nagar,2015,23,2016-01-24,2016-01-29,0.0991902140606227,0.2830627653602858,0.13551896949016268,0.0809767279507041,0,,insufficient_data
Uttar_Pradesh,Gautam Buddha Nagar,2015,24,2016-01-29,2016-02-03,0.0622112021053767,0.2886605064675436,0.1512304333579529,0.0929910609454792,3,9.086666666666666,valid
Uttar_Pradesh,Gautam Buddha Nagar,2015,25,2016-02-03,2016-02-08,0.1361692260158687,0.277465024253028,0.1198075056223725,0.068962394955929,1,17.0,valid
Uttar_Pradesh,Gautam Buddha Nagar,2015,26,2016-02-08,2016-02-13,0.0817446540867445,0.3074548198821823,0.14701336662981568,0.08883084908923167,0,,insufficient_data
Uttar_Pradesh,Gautam Buddha Nagar,2015,27,2016-02-13,2016-02-18,0.0745191190859168,0.3333034733008215,0.1593506787748703,0.1018947574175767,2,14.115,valid
Uttar_Pradesh,Gautam Buddha Nagar,2015,28,2016-02-18,2016-02-23,0.08070104903888445,0.30842570775531986,0.14546939707275702,0.08794837483650095,0,,insufficient_data
Uttar_Pradesh,Gautam Buddha Nagar,2015,29,2016-02-23,2016-02-28,0.0540790691398158,0.3303902755073362,0.1576648487640671,0.0914751830379418,2,0.0,valid
Uttar_Pradesh,Gautam Buddha Nagar,2015,30,2016-02-28,2016-03-04,0.0580367819139365,0.2925440579600937,0.1450545551297182,0.0894611639345563,3,8.633333333333333,valid
Uttar_Pradesh,Gautam Buddha Nagar,2015,31,2016-03-04,2016-03-09,0.0690229885814533,0.3032194375552668,0.15783432242673148,0.0958175221830191,0,,insufficient_data
Uttar_Pradesh,Gautam Buddha Nagar,2015,32,2016-03-09,2016-03-14,0.0887384618971904,0.2903950659158958,0.165785555276404,0.1051053268597948,1,3.0,valid
Uttar_Pradesh,Gautam Buddha Nagar,2015,33,2016-03-14,2016-03-19,0.0752376413748705,0.2995483508377415,0.1628323305367366,0.0972284148997835,1,20.23,valid
Uttar_Pradesh,Gautam Buddha Nagar,2015,34,2016-03-19,2016-03-24,0.09470005427915794,0.28286495076649143,0.17516825492214336,0.11187506005560449,0,,insufficient_data
Uttar_Pradesh,Gautam Buddha Nagar,2015,35,2016-03-24,2016-03-29,0.1324106936389073,0.266572396555603,0.2185346125483556,0.1486301424325807,1,9.0,valid
Uttar_Pradesh,Gautam Buddha Nagar,2015,36,2016-03-29,2016-04-03,0.0824134202056635,0.2749439897567255,0.1535205213270773,0.096536356030259,1,3.0,valid
Uttar_Pradesh,Gautam Buddha Nagar,2015,37,2016-04-03,2016-04-08,0.1205104795466459,0.27102908517187696,0.21159536849148683,0.14840160560676754,0,,insufficient_data
Uttar_Pradesh,Gautam Buddha Nagar,2015,38,2016-04-08,2016-04-13,0.177709988821691,0.2522154092787399,0.2998552683906227,0.2386154813213301,2,0.0,valid
Uttar_Pradesh,Gautam Buddha Nagar,2015,39,2016-04-13,2016-04-18,0.13416026287416316,0.26801432052702684,0.23617897030480775,0.17966910620150206,0,,insufficient_data
Uttar_Pradesh,Gautam Buddha Nagar,2015,40,2016-04-18,2016-04-23,0.0895078155203218,0.2903845450964394,0.1744710716998917,0.1098244426429004,1,0.0,valid
Uttar_Pradesh,Gautam Buddha Nagar,2015,41,2016-04-23,2016-04-28,0.1870098269489763,0.2545133379762024,0.3168690198016393,0.2737001448115187,2,0.5,valid
Uttar_Pradesh,Gautam Buddha Nagar,2015,42,2016-04-28,2016-05-03,0.13825882123464905,0.27244894153632093,0.2456700457507655,0.19176229372720954,0,,insufficient_data
Uttar_Pradesh,Gautam Buddha Nagar,2016,0,2016-10-01,2016-10-06,0.1143025636977783,0.2755982428813703,0.1954440287139638,0.115935419554543,2,20.0,valid
Uttar_Pradesh,Gautam Buddha Nagar,2016,1,2016-10-06,2016-10-11,0.11121976076763655,0.26852879596201656,0.21873978236077563,0.1467798026836302,0,,insufficient_data
Uttar_Pradesh,Gautam Buddha Nagar,2016,2,2016-10-11,2016-10-16,0.0968952306446201,0.2746482456059422,0.213772835849083,0.1462970798935487,2,0.055,valid
Uttar_Pradesh,Gautam Buddha Nagar,2016,3,2016-10-16,2016-10-21,0.1224614879605112,0.2553398993987371,0.2470024825192801,0.1781069086027989,2,0.5,valid
Uttar_Pradesh,Gautam Buddha Nagar,2016,4,2016-10-21,2016-10-26,0.12065457777557924,0.25818102533644127,0.23763885761397918,0.17290929347010328,0,,insufficient_data
Uttar_Pradesh,Gautam Buddha Nagar,2016,5,2016-10-26,2016-10-31,0.1426070147216064,0.2445549310046445,0.2521412544735745,0.1943238919139622,2,0.075,valid
Uttar_Pradesh,Gautam Buddha Nagar,2016,6,2016-10-31,2016-11-05,0.13148690526519155,0.23464687019112465,0.2420041274771443,0.18468679358134812,0,,insufficient_data
Uttar_Pradesh,Gautam Buddha Nagar,2016,7,2016-11-05,2016-11-10,0.13667438835829085,0.21677213074140514,0.2388748273761798,0.19241874705965256,0,,insufficient_data
Uttar_Pradesh,Gautam Buddha Nagar,2016,8,2016-11-10,2016-11-15,0.1293922131134571,0.2040457801699924,0.2268686454385784,0.1816295802272833,3,7.843333333333334,valid
Uttar_Pradesh,Gautam Buddha Nagar,2016,9,2016-11-15,2016-11-20,0.1299115202596182,0.20061984235526278,0.2287191204493093,0.19283760044700007,0,,insufficient_data
Uttar_Pradesh,Gautam Buddha Nagar,2016,10,2016-11-20,2016-11-25,0.1380239372398091,0.2017156810495786,0.2376145822163864,0.2013027690377122,2,0.5,valid
Uttar_Pradesh,Gautam Buddha Nagar,2016,11,2016-11-25,2016-11-30,0.1223184104255884,0.1960980658462174,0.2216741336929631,0.1955804520760048,2,4.995,valid
Uttar_Pradesh,Gautam Buddha Nagar,2016,12,2016-11-30,2016-12-05,0.1190493242679973,0.19868948329591996,0.2154223555570127,0.18182906723502076,0,,insufficient_data
Uttar_Pradesh,Gautam Buddha Nagar,2016,13,2016-12-05,2016-12-10,0.12076479870141746,0.20433750457564956,0.20564617761991988,0.16723722735433139,0,,insufficient_data
Uttar_Pradesh,Gautam Buddha Nagar,2016,14,2016-12-10,2016-12-15,0.11501175252195357,0.20521144575100655,0.19499004275443108,0.15588204679320447,0,,insufficient_data
Uttar_Pradesh,Gautam Buddha Nagar,2016,15,2016-12-15,2016-12-20,0.0968056251385944,0.1982547029919639,0.1869783507616886,0.1486039805913453,2,9.15,valid
Uttar_Pradesh,Gautam Buddha Nagar,2016,16,2016-12-20,2016-12-25,0.1259112220016779,0.2212815684148384,0.1763176438086415,0.1234617077122633,2,4.0,valid
Uttar_Pradesh,Gautam Buddha Nagar,2016,17,2016-12-25,2016-12-30,0.116916300333882,0.23542395949433606,0.1761561275909347,0.12262829849381136,0,,insufficient_data
Uttar_Pradesh,Gautam Buddha Nagar,2016,18,2016-12-30,2017-01-04,0.10379342411130026,0.2503490422262914,0.17089658168734856,0.11561799932227808,0,,insufficient_data
Uttar_Pradesh,Gautam Buddha Nagar,2016,19,2017-01-04,2017-01-09,0.1280320538613737,0.2867356070762059,0.165172388202474,0.0958192071778255,1,17.0,valid
Uttar_Pradesh,Gautam Buddha Nagar,2016,20,2017-01-09,2017-01-14,0.09307525299261184,0.29752903402590575,0.15885593453290958,0.0927654371605078,0,,insufficient_data
Uttar_Pradesh,Gautam Buddha Nagar,2016,21,2017-01-14,2017-01-19,0.064424795443555,0.2951242904221573,0.1551179439765901,0.0945871018076782,3,17.62,valid
Uttar_Pradesh,Gautam Buddha Nagar,2016,22,2017-01-19,2017-01-24,0.08226259760073161,0.3189947698583634,0.1512492489585368,0.0861895653981044,0,,insufficient_data
Uttar_Pradesh,Gautam Buddha Nagar,2016,23,2017-01-24,2017-01-29,0.0867689096729068,0.3107272045793541,0.1562774714196646,0.0878900024960197,2,14.5,valid
Uttar_Pradesh,Gautam Buddha Nagar,2016,24,2017-01-29,2017-02-03,0.0498246314250909,0.3833919773557363,0.1284291922354185,0.0664619501108942,2,13.55,valid
Uttar_Pradesh,Gautam Buddha Nagar,2016,25,2017-02-03,2017-02-08,0.06534275020135304,0.34823588769746694,0.14663744851111446,0.0797050068103227,0,,insufficient_data
Uttar_Pradesh,Gautam Buddha Nagar,2016,26,2017-02-08,2017-02-13,0.0594347095060614,0.3505884811573103,0.1552056818782602,0.0847630678240542,2,3.5,valid
Uttar_Pradesh,Gautam Buddha Nagar,2016,27,2017-02-13,2017-02-18,0.06009065544156918,0.32008815397397733,0.1457979651265055,0.08357157520473063,0,,insufficient_data
Uttar_Pradesh,Gautam Buddha Nagar,2016,28,2017-02-18,2017-02-23,0.06165015347420072,0.30315281520918,0.15046284812870242,0.08987210460457247,0,,insufficient_data
Uttar_Pradesh,Gautam Buddha Nagar,2016,29,2017-02-23,2017-02-28,0.0580634847947537,0.3395305172810848,0.1578473655908865,0.0919571461223093,2,0.0,valid
Uttar_Pradesh,Gautam Buddha Nagar,2016,30,2017-02-28,2017-03-05,0.0730397960403707,0.2068416401017778,0.1417096208014568,0.0911041367616648,1,0.0,valid
Uttar_Pradesh,Gautam Buddha Nagar,2016,31,2017-03-05,2017-03-10,0.0560626235556171,0.3156506222965473,0.1470887242442061,0.0916640677102616,2,0.015,valid
Uttar_Pradesh,Gautam Buddha Nagar,2016,32,2017-03-10,2017-03-15,0.07759368851222767,0.278779449720891,0.16308633339426862,0.10552564227280455,0,,insufficient_data
Uttar_Pradesh,Gautam Buddha Nagar,2016,33,2017-03-15,2017-03-20,0.08247623944159617,0.2635916828308426,0.16439607534511416,0.10891776631042835,0,,insufficient_data
Uttar_Pradesh,Gautam Buddha Nagar,2016,34,2017-03-20,2017-03-25,0.0824720344873488,0.2854007559707134,0.1678177973004224,0.1106795318906539,3,0.34,valid
Uttar_Pradesh,Gautam Buddha Nagar,2016,35,2017-03-25,2017-03-30,0.1183305036830481,0.2464737129543319,0.2009681590343713,0.1422233288791331,2,0.0,valid
Uttar_Pradesh,Gautam Buddha Nagar,2016,36,2017-03-30,2017-04-04,0.12887283445805317,0.25914075878490617,0.22817088349261358,0.16908011069024886,0,,insufficient_data
Uttar_Pradesh,Gautam Buddha Nagar,2016,37,2017-04-04,2017-04-09,0.1377625366413909,0.2475472786771167,0.2396577890624263,0.1781008466893786,3,7.19,valid
Uttar_Pradesh,Gautam Buddha Nagar,2016,38,2017-04-09,2017-04-14,0.1548485586418103,0.25405049811706926,0.2613920028414881,0.20006128648261157,0,,insufficient_data
Uttar_Pradesh,Gautam Buddha Nagar,2016,39,2017-04-14,2017-04-19,0.1769262630204249,0.2571412875374628,0.3042397885732343,0.2453167353018298,2,0.0,valid
Uttar_Pradesh,Gautam Buddha Nagar,2016,40,2017-04-19,2017-04-24,0.1863749312223772,0.2650397132993655,0.3007022746959207,0.2346042350601047,3,2.623333333333333,valid
Uttar_Pradesh,Gautam Buddha Nagar,2016,41,2017-04-24,2017-04-29,0.18165059712140105,0.26109050041841414,0.3024710316345775,0.23996048518096724,0,,insufficient_data
Uttar_Pradesh,Gautam Buddha Nagar,2016,42,2017-04-29,2017-05-04,0.18165059712140105,0.26109050041841414,0.3024710316345775,0.23996048518096724,0,,insufficient_data
Uttar_Pradesh,Gautam Buddha Nagar,2017,0,2017-10-01,2017-10-06,0.09408462411973564,0.26744678995211735,0.2051256957493976,0.1368764086272005,0,,insufficient_data
Uttar_Pradesh,Gautam Buddha Nagar,2017,1,2017-10-06,2017-10-11,0.0871421743645158,0.2764038865247692,0.1981084040979743,0.125931257697126,2,0.0,valid
Uttar_Pradesh,Gautam Buddha Nagar,2017,2,2017-10-11,2017-10-16,0.1010270738749555,0.2584896933794654,0.2121429874008209,0.147821559557275,2,0.065,valid
Uttar_Pradesh,Gautam Buddha Nagar,2017,3,2017-10-16,2017-10-21,0.12209107240844824,0.2534321798437512,0.2290311481958836,0.16659302389797612,0,,insufficient_data
Uttar_Pradesh,Gautam Buddha Nagar,2017,4,2017-10-21,2017-10-26,0.1385787633039977,0.2446140153928177,0.2490684996851937,0.1830268640311303,2,0.0,valid
Uttar_Pradesh,Gautam Buddha Nagar,2017,5,2017-10-26,2017-10-31,0.13374070508975908,0.24577494428341187,0.23933872956185334,0.18014694596492617,0,,insufficient_data
Uttar_Pradesh,Gautam Buddha Nagar,2017,6,2017-10-31,2017-11-05,0.161616278090324,0.2342211240779525,0.2568047015995455,0.2095924143063732,1,4.26,valid
Uttar_Pradesh,Gautam Buddha Nagar,2017,7,2017-11-05,2017-11-10,0.14475999047723773,0.2188469872285111,0.23592422785346995,0.18965473933545948,0,,insufficient_data
Uttar_Pradesh,Gautam Buddha Nagar,2017,8,2017-11-10,2017-11-15,0.1468203995349844,0.21025797784040887,0.23154280390956203,0.1918640311035692,0,,insufficient_data
Uttar_Pradesh,Gautam Buddha Nagar,2017,9,2017-11-15,2017-11-20,0.1371631126203599,0.1959587511409219,0.2076425477415611,0.1666593550344482,1,6.23,valid
Uttar_Pradesh,Gautam Buddha Nagar,2017,10,2017-11-20,2017-11-25,0.1416818078942693,0.2005940583023522,0.2301811623875794,0.1993403239698862,2,3.5,valid
Uttar_Pradesh,Gautam Buddha Nagar,2017,11,2017-11-25,2017-11-30,0.1298027352955796,0.19877747900796489,0.21479694222071424,0.18016794740831452,0,,insufficient_data
Uttar_Pradesh,Gautam Buddha Nagar,2017,12,2017-11-30,2017-12-05,0.1182675472399125,0.1894544570683202,0.2071439675625103,0.1791133901985073,2,3.435,valid
Uttar_Pradesh,Gautam Buddha Nagar,2017,13,2017-12-05,2017-12-10,0.11907954975723278,0.20400883010535542,0.21087260766055446,0.1755215506392192,0,,insufficient_data
Uttar_Pradesh,Gautam Buddha Nagar,2017,14,2017-12-10,2017-12-15,0.1220984734277767,0.2091026495202653,0.2142200911912061,0.1755587204304164,2,0.5,valid
Uttar_Pradesh,Gautam Buddha Nagar,2017,15,2017-12-15,2017-12-20,0.0942703704669727,0.2168841555304839,0.1919452095009221,0.1480737679580669,2,10.965,valid
Uttar_Pradesh,Gautam Buddha Nagar,2017,16,2017-12-20,2017-12-25,0.11139838066717357,0.22500022057928884,0.19493118771496865,0.14750126343104378,0,,insufficient_data
Uttar_Pradesh,Gautam Buddha Nagar,2017,17,2017-12-25,2017-12-30,0.1178262981067713,0.2490138566871174,0.1786282624527778,0.118871301904648,2,9.5,valid
Uttar_Pradesh,Gautam Buddha Nagar,2017,18,2017-12-30,2018-01-04,0.09254160110167182,0.24189555093880077,0.17580200716262298,0.12003669863832789,0,,insufficient_data
Uttar_Pradesh,Gautam Buddha Nagar,2017,19,2018-01-04,2018-01-09,0.07934512023499378,0.2595292580298912,0.15764242772538628,0.09845143273402586,0,,insufficient_data
Uttar_Pradesh,Gautam Buddha Nagar,2017,20,2018-01-09,2018-01-14,0.0655281347312715,0.2597886405988011,0.1568325495341691,0.0931650260522688,2,13.0,valid
Uttar_Pradesh,Gautam Buddha Nagar,2017,21,2018-01-14,2018-01-19,0.060104531299105,0.2647869587012781,0.14714951036169055,0.08824149814871479,0,,insufficient_data
Uttar_Pradesh,Gautam Buddha Nagar,2017,22,2018-01-19,2018-01-24,0.0546809278669385,0.2697852768037551,0.137466471189212,0.0833179702451608,2,1.875,valid
Uttar_Pradesh,Gautam Buddha Nagar,2017,23,2018-01-24,2018-01-29,0.09306701563807665,0.32542423875378845,0.16625072827234672,0.10002559514802872,0,,insufficient_data
Uttar_Pradesh,Gautam Buddha Nagar,2017,24,2018-01-29,2018-02-03,0.1022466426070117,0.3473027714721175,0.16939012118507257,0.10231245151328201,0,,insufficient_data
Uttar_Pradesh,Gautam Buddha Nagar,2017,25,2018-02-03,2018-02-08,0.0517465839577056,0.2982006282534767,0.1386903300967075,0.0826558935457042,3,0.0133333333333333,valid
Uttar_Pradesh,Gautam Buddha Nagar,2017,26,2018-02-08,2018-02-13,0.200312415996391,0.4739224093591208,0.2320135622692982,0.1409634907489811,1,9.0,valid
Uttar_Pradesh,Gautam Buddha Nagar,2017,27,2018-02-13,2018-02-18,0.10251847232583723,0.365058116243371,0.17189226642433172,0.10306007799332961,0,,insufficient_data
Uttar_Pradesh,Gautam Buddha Nagar,2017,28,2018-02-18,2018-02-23,0.0554964170234151,0.3230513111175154,0.1449729069069895,0.0855608496853035,3,0.3566666666666667,valid
Uttar_Pradesh,Gautam Buddha Nagar,2017,29,2018-02-23,2018-02-28,0.10356560886322937,0.36756270412003694,0.17316498647942832,0.10408907602347367,0,,insufficient_data
Uttar_Pradesh,Gautam Buddha Nagar,2017,30,2018-02-28,2018-03-05,0.05519220529664855,0.31438285150049505,0.1437406985844934,0.08565186866071994,0,,insufficient_data
Uttar_Pradesh,Gautam Buddha Nagar,2017,31,2018-03-05,2018-03-10,0.054887993569882,0.3057143918834747,0.1425084902619973,0.0857428876361364,3,0.0066666666666666,valid
Uttar_Pradesh,Gautam Buddha Nagar,2017,32,2018-03-10,2018-03-15,0.0667060667386659,0.2760594554767425,0.15229893415805995,0.09727264584951725,0,,insufficient_data
Uttar_Pradesh,Gautam Buddha Nagar,2017,33,2018-03-15,2018-03-20,0.08370607478648993,0.25698679360265253,0.1683901096541852,0.11251230897140833,0,,insufficient_data
Uttar_Pradesh,Gautam Buddha Nagar,2017,34,2018-03-20,2018-03-25,0.0785241399074498,0.2464045190700102,0.1620893780541226,0.1088024040628981,3,0.0066666666666666,valid
Uttar_Pradesh,Gautam Buddha Nagar,2017,35,2018-03-25,2018-03-30,0.0981151153947939,0.23262299446224138,0.18133091935027915,0.12589701963904432,0,,insufficient_data
Uttar_Pradesh,Gautam Buddha Nagar,2017,36,2018-03-30,2018-04-04,0.117706090882138,0.2188414698544726,0.2005724606464357,0.1429916352151905,2,0.0,valid
Uttar_Pradesh,Gautam Buddha Nagar,2017,37,2018-04-04,2018-04-09,0.12340933978986761,0.23637062945180012,0.21952134605421672,0.16375220105902225,0,,insufficient_data
Uttar_Pradesh,Gautam Buddha Nagar,2017,38,2018-04-09,2018-04-14,0.15547766258338455,0.24141344921404814,0.26960057541400645,0.21552268203723057,0,,insufficient_data
Uttar_Pradesh,Gautam Buddha Nagar,2017,39,2018-04-14,2018-04-19,0.173997788580015,0.2438658994309177,0.2959021994620919,0.2394625638989781,2,21.5,valid
Uttar_Pradesh,Gautam Buddha Nagar,2017,40,2018-04-19,2018-04-24,0.17436344843400786,0.25269943889383595,0.30411463279779183,0.2517882054482506,0,,insufficient_data
Uttar_Pradesh,Gautam Buddha Nagar,2017,41,2018-04-24,2018-04-29,0.1747291082880007,0.2615329783567542,0.3123270661334917,0.2641138469975231,3,0.0033333333333333,valid
Uttar_Pradesh,Gautam Buddha Nagar,2017,42,2018-04-29,2018-05-04,0.17436344843400786,0.25269943889383595,0.30411463279779183,0.2517882054482506,0,,insufficient_data
Uttar_Pradesh,Gautam Buddha Nagar,2018,0,2018-10-01,2018-10-06,0.074395307107443,0.2969788827867343,0.1851988458325213,0.1144138723457841,3,0.0233333333333333,valid
Uttar_Pradesh,Gautam Buddha Nagar,2018,1,2018-10-06,2018-10-11,0.1190265086228085,0.2941017705231325,0.2192546881391036,0.1420165450313092,2,10.0,valid
Uttar_Pradesh,Gautam Buddha Nagar,2018,2,2018-10-11,2018-10-16,0.1120220680616948,0.27836345880746194,0.22105279928892577,0.149910329542764,0,,insufficient_data
Uttar_Pradesh,Gautam Buddha Nagar,2018,3,2018-10-16,2018-10-21,0.1158748979141675,0.279022147319341,0.2300769576881672,0.158216133119212,3,2.8233333333333337,valid
Uttar_Pradesh,Gautam Buddha Nagar,2018,4,2018-10-21,2018-10-26,0.12542239482847883,0.261903487767725,0.2373536952960843,0.16969194346680166,0,,insufficient_data
Uttar_Pradesh,Gautam Buddha Nagar,2018,5,2018-10-26,2018-10-31,0.1387915586023602,0.24335103460064,0.249680705495911,0.1849947676747508,2,8.0,valid
Uttar_Pradesh,Gautam Buddha Nagar,2018,6,2018-10-31,2018-11-05,0.1279966141745792,0.2311389986277864,0.2504024298611553,0.1935403280419347,1,10.65,valid
Uttar_Pradesh,Gautam Buddha Nagar,2018,7,2018-11-05,2018-11-10,0.13830250990298104,0.22682991877394904,0.24433022898301715,0.19046600126522129,0,,insufficient_data
Uttar_Pradesh,Gautam Buddha Nagar,2018,8,2018-11-10,2018-11-15,0.1551033698457617,0.2215159623487513,0.245755387957226,0.1956658131222069,2,19.0,valid
Uttar_Pradesh,Gautam Buddha Nagar,2018,9,2018-11-15,2018-11-20,0.1313184969892231,0.2113136795186184,0.2314823926177762,0.1876630962219928,1,24.71,valid
Uttar_Pradesh,Gautam Buddha Nagar,2018,10,2018-11-20,2018-11-25,0.13322636685393005,0.20771408478304365,0.22880278925864098,0.18789893129831745,0,,insufficient_data
Uttar_Pradesh,Gautam Buddha Nagar,2018,11,2018-11-25,2018-11-30,0.1334213955017271,0.2035102304130671,0.2349331847359333,0.1990822659900609,1,21.0,valid
Uttar_Pradesh,Gautam Buddha Nagar,2018,12,2018-11-30,2018-12-05,0.12266190451310825,0.20176252452156146,0.20998082847680355,0.16893716719162094,0,,insufficient_data
Uttar_Pradesh,Gautam Buddha Nagar,2018,13,2018-12-05,2018-12-10,0.1130622050790083,0.1945164668517378,0.2030401917236284,0.1691845498590091,2,0.92,valid
Uttar_Pradesh,Gautam Buddha Nagar,2018,14,2018-12-10,2018-12-15,0.1128455204824745,0.1977097213028225,0.1704675448298762,0.119818756695421,1,8.0,valid
Uttar_Pradesh,Gautam Buddha Nagar,2018,15,2018-12-15,2018-12-20,0.10255940506925525,0.21412272304140662,0.18073873701691895,0.1336645955811574,0,,insufficient_data
Uttar_Pradesh,Gautam Buddha Nagar,2018,16,2018-12-20,2018-12-25,0.0899254885768791,0.2217728943299197,0.1750863299042287,0.1300223307792964,2,1.525,valid
Uttar_Pradesh,Gautam Buddha Nagar,2018,17,2018-12-25,2018-12-30,0.0944044061386591,0.2424918096811465,0.1743608816099426,0.1156327449909031,2,0.0,valid
Uttar_Pradesh,Gautam Buddha Nagar,2018,18,2018-12-30,2019-01-04,0.07962215283121557,0.2533180242119925,0.16343849597739263,0.10882455467883008,0,,insufficient_data
Uttar_Pradesh,Gautam Buddha Nagar,2018,19,2019-01-04,2019-01-09,0.0719740608148632,0.2703305137669039,0.1449021715499668,0.0944980428200463,1,12.49,valid
Uttar_Pradesh,Gautam Buddha Nagar,2018,20,2019-01-09,2019-01-14,0.0735064458634042,0.2856374659660851,0.1578953193063738,0.09678068421673275,0,,insufficient_data
Uttar_Pradesh,Gautam Buddha Nagar,2018,21,2019-01-14,2019-01-19,0.0621846557944609,0.2786768790699999,0.1594046008454324,0.0951451001250745,2,0.0,valid
Uttar_Pradesh,Gautam Buddha Nagar,2018,22,2019-01-19,2019-01-24,0.0654626607056336,0.35105066134629,0.1529136232201534,0.0818468489309071,1,26.82,valid
Uttar_Pradesh,Gautam Buddha Nagar,2018,23,2019-01-24,2019-01-29,0.06316393042614954,0.3394972188095573,0.15391847178493748,0.08438425993475333,0,,insufficient_data
Uttar_Pradesh,Gautam Buddha Nagar,2018,24,2019-01-29,2019-02-03,0.0618444747783541,0.388764116012382,0.1494371912892267,0.0761608307482784,1,12.0,valid
Uttar_Pradesh,Gautam Buddha Nagar,2018,25,2019-02-03,2019-02-08,0.06365356774199385,0.369907388679336,0.15117540725469003,0.07900383983959275,1,20.0,missing_bands
Uttar_Pradesh,Gautam Buddha Nagar,2018,26,2019-02-08,2019-02-13,0.0541366907669723,0.3713395750890891,0.14854351590433218,0.08088645331179939,0,,insufficient_data
Uttar_Pradesh,Gautam Buddha Nagar,2018,27,2019-02-13,2019-02-18,0.0541366907669723,0.3713395750890891,0.14854351590433218,0.08088645331179939,0,,insufficient_data
Uttar_Pradesh,Gautam Buddha Nagar,2018,28,2019-02-18,2019-02-23,0.0464289067555905,0.3539150341657963,0.1476498405194377,0.0856120758753204,0,,insufficient_data
Uttar_Pradesh,Gautam Buddha Nagar,2018,29,2019-02-23,2019-02-28,0.0464289067555905,0.3539150341657963,0.1476498405194377,0.0856120758753204,1,3.08,valid
Uttar_Pradesh,Gautam Buddha Nagar,2018,30,2019-02-28,2019-03-05,0.055772147549929596,0.3382267974938502,0.15030222580836425,0.08773504293291447,0,,insufficient_data
Uttar_Pradesh,Gautam Buddha Nagar,2018,31,2019-03-05,2019-03-10,0.055772147549929596,0.3382267974938502,0.15030222580836425,0.08773504293291447,0,,insufficient_data
Uttar_Pradesh,Gautam Buddha Nagar,2018,32,2019-03-10,2019-03-15,0.0570140640374642,0.3431452925026423,0.1493093957825068,0.0880296700513066,2,7.14,valid
Uttar_Pradesh,Gautam Buddha Nagar,2018,33,2019-03-15,2019-03-20,0.0638734718567341,0.317620065813112,0.1539474411231483,0.0895633828721164,2,0.0,valid
Uttar_Pradesh,Gautam Buddha Nagar,2018,34,2019-03-20,2019-03-25,0.0721564493735413,0.29788067876749796,0.16000358004445325,0.09886368588467477,0,,insufficient_data
Uttar_Pradesh,Gautam Buddha Nagar,2018,35,2019-03-25,2019-03-30,0.09973827453015598,0.2964008215756235,0.18953659128333994,0.12676745191350608,0,,insufficient_data
Uttar_Pradesh,Gautam Buddha Nagar,2018,36,2019-03-30,2019-04-04,0.11397967802771991,0.28081933126661723,0.2029456564502843,0.13968004586757257,0,,insufficient_data
Uttar_Pradesh,Gautam Buddha Nagar,2018,37,2019-04-04,2019-04-09,0.0955818122264256,0.2328766779867397,0.1767539032277047,0.1189980047306013,2,0.5,valid
Uttar_Pradesh,Gautam Buddha Nagar,2018,38,2019-04-09,2019-04-14,0.18248375,0.29196125,0.278135625,0.21047875,1,11.66,valid
Uttar_Pradesh,Gautam Buddha Nagar,2018,39,2019-04-14,2019-04-19,0.1520304322712059,0.25696814285934266,0.2622298439493253,0.20178642969982685,0,,insufficient_data
Uttar_Pradesh,Gautam Buddha Nagar,2018,40,2019-04-19,2019-04-24,0.1540626005313956,0.2316947688423872,0.2750903304801599,0.2153448458737584,2,3.5,valid
Uttar_Pradesh,Gautam Buddha Nagar,2018,41,2019-04-24,2019-04-29,0.1759935663270025,0.2713398746082437,0.3189395170894367,0.2623241181949478,2,0.0,valid
Uttar_Pradesh,Gautam Buddha Nagar,2018,42,2019-04-29,2019-05-04,0.16502808342919906,0.2515173217253155,0.2970149237847983,0.2388344820343531,0,,insufficient_data
Uttar_Pradesh,Gautam Buddha Nagar,2019,0,2019-10-01,2019-10-06,0.0713262239532139,0.3207126185882602,0.1894565817809901,0.1115406617216357,2,1.305,valid
Uttar_Pradesh,Gautam Buddha Nagar,2019,1,2019-10-06,2019-10-11,0.10155450452724384,0.29647273897367793,0.21369054502826682,0.13849263293825073,0,,insufficient_data
Uttar_Pradesh,Gautam Buddha Nagar,2019,2,2019-10-11,2019-10-16,0.1164339535549978,0.2922240541420625,0.2161293754784675,0.1376763447149706,2,0.0,valid
Uttar_Pradesh,Gautam Buddha Nagar,2019,3,2019-10-16,2019-10-21,0.10155450452724384,0.29647273897367793,0.21369054502826682,0.13849263293825073,0,,insufficient_data
Uttar_Pradesh,Gautam Buddha Nagar,2019,4,2019-10-21,2019-10-26,0.1169033360735198,0.2764815441907111,0.2354856778253429,0.1662608923781459,2,17.669999999999998,valid
Uttar_Pradesh,Gautam Buddha Nagar,2019,5,2019-10-26,2019-10-31,0.1166686448142588,0.2843527991663868,0.2258075266519052,0.15196861854655824,0,,insufficient_data
Uttar_Pradesh,Gautam Buddha Nagar,2019,6,2019-10-31,2019-11-05,0.1169033360735198,0.2764815441907111,0.2354856778253429,0.1662608923781459,0,,insufficient_data
Uttar_Pradesh,Gautam Buddha Nagar,2019,7,2019-11-05,2019-11-10,0.12080364518404249,0.23793382433807464,0.22922953003516466,0.1748902741768173,0,,insufficient_data
Uttar_Pradesh,Gautam Buddha Nagar,2019,8,2019-11-10,2019-11-15,0.1247039542945652,0.1993861044854382,0.2229733822449864,0.1835196559754887,0,,insufficient_data
Uttar_Pradesh,Gautam Buddha Nagar,2019,9,2019-11-15,2019-11-20,0.13168398902667336,0.2035065454304451,0.2200212635153571,0.17762091415554748,0,,insufficient_data
Uttar_Pradesh,Gautam Buddha Nagar,2019,10,2019-11-20,2019-11-25,0.1247039542945652,0.1993861044854382,0.2229733822449864,0.1835196559754887,1,12.82,valid
Uttar_Pradesh,Gautam Buddha Nagar,2019,11,2019-11-25,2019-11-30,0.12587422244265387,0.20467338006228053,0.21645773505303012,0.1751784427233233,0,,insufficient_data
Uttar_Pradesh,Gautam Buddha Nagar,2019,12,2019-11-30,2019-12-05,0.1386640237587815,0.207626986375452,0.2170691447857278,0.1717221723356063,2,9.5,valid
Uttar_Pradesh,Gautam Buddha Nagar,2019,13,2019-12-05,2019-12-10,0.1142546892746149,0.2070070493259514,0.2093306781283762,0.170293499858875,2,0.425,valid
Uttar_Pradesh,Gautam Buddha Nagar,2019,14,2019-12-10,2019-12-15,0.1264593565166982,0.2073170178507017,0.213199911457052,0.17100783609724066,0,,insufficient_data
Uttar_Pradesh,Gautam Buddha Nagar,2019,15,2019-12-15,2019-12-20,0.1264593565166982,0.2073170178507017,0.213199911457052,0.17100783609724066,0,,insufficient_data
Uttar_Pradesh,Gautam Buddha Nagar,2019,16,2019-12-20,2019-12-25,0.1142546892746149,0.2070070493259514,0.2093306781283762,0.170293499858875,0,,insufficient_data
Uttar_Pradesh,Gautam Buddha Nagar,2019,17,2019-12-25,2019-12-30,,,,,0,,insufficient_data
Uttar_Pradesh,Gautam Buddha Nagar,2019,18,2019-12-30,2020-01-04,,,,,0,,insufficient_data
Uttar_Pradesh,Gautam Buddha Nagar,2019,19,2020-01-04,2020-01-09,,,,,0,,insufficient_data
Uttar_Pradesh,Gautam Buddha Nagar,2019,20,2020-01-09,2020-01-14,0.046276395402623,0.3180123315395309,0.1348218310166287,0.0751735742878997,0,,insufficient_data
Uttar_Pradesh,Gautam Buddha Nagar,2019,21,2020-01-14,2020-01-19,0.0490936606216211,0.35275219025118687,0.1391132187772923,0.07295134666783645,0,,insufficient_data
Uttar_Pradesh,Gautam Buddha Nagar,2019,22,2020-01-19,2020-01-24,0.0490936606216211,0.35275219025118687,0.1391132187772923,0.07295134666783645,0,,insufficient_data
Uttar_Pradesh,Gautam Buddha Nagar,2019,23,2020-01-24,2020-01-29,0.046276395402623,0.3180123315395309,0.1348218310166287,0.0751735742878997,1,2.63,valid
Uttar_Pradesh,Gautam Buddha Nagar,2019,24,2020-01-29,2020-02-03,0.0519109258406192,0.3874920489628429,0.1434046065379559,0.0707291190477732,1,0.0,valid
Uttar_Pradesh,Gautam Buddha Nagar,2019,25,2020-02-03,2020-02-08,0.0508268924750281,0.3480549596195419,0.1425361909714909,0.07748824961476115,0,,insufficient_data
Uttar_Pradesh,Gautam Buddha Nagar,2019,26,2020-02-08,2020-02-13,0.0544490065881481,0.3375543312767207,0.1419427945775507,0.0822885066691154,2,1.87,valid
Uttar_Pradesh,Gautam Buddha Nagar,2019,27,2020-02-13,2020-02-18,0.05281968623337285,0.3563105984762166,0.14476068076065096,0.07908421471124215,0,,insufficient_data
Uttar_Pradesh,Gautam Buddha Nagar,2019,28,2020-02-18,2020-02-23,0.0506712420687221,0.3491611266990733,0.1499755317538283,0.0817617984542563,2,1.0,valid
Uttar_Pradesh,Gautam Buddha Nagar,2019,29,2020-02-23,2020-02-28,0.054247570436002,0.3510348869662297,0.1437197901732689,0.0815574346738237,2,9.875,valid
Uttar_Pradesh,Gautam Buddha Nagar,2019,30,2020-02-28,2020-03-04,0.05840428347923987,0.35959918211518055,0.14444295477920402,0.07832594775306433,0,,insufficient_data
Uttar_Pradesh,Gautam Buddha Nagar,2019,31,2020-03-04,2020-03-09,0.0770269564408291,0.3994058222835107,0.1438178414918464,0.069886892995082,1,18.0,valid
Uttar_Pradesh,Gautam Buddha Nagar,2019,32,2020-03-09,2020-03-14,0.0516713649714063,0.3387948925119086,0.1402586556978724,0.0800976648890953,1,1.17,valid
Uttar_Pradesh,Gautam Buddha Nagar,2019,33,2020-03-14,2020-03-19,0.06965269840944205,0.3223757162353171,0.15183988184871255,0.08745698468268126,0,,insufficient_data
Uttar_Pradesh,Gautam Buddha Nagar,2019,34,2020-03-19,2020-03-24,0.0729043155948599,0.297315333479749,0.1541808962713977,0.0882251315841491,2,4.5,valid
Uttar_Pradesh,Gautam Buddha Nagar,2019,35,2020-03-24,2020-03-29,0.08150200392871781,0.27961334612684285,0.17098404697179742,0.1089503604853115,0,,insufficient_data
Uttar_Pradesh,Gautam Buddha Nagar,2019,36,2020-03-29,2020-04-03,0.0770081566306729,0.2539868166661002,0.1691021339337337,0.1116182492623986,2,0.02,valid
Uttar_Pradesh,Gautam Buddha Nagar,2019,37,2020-04-03,2020-04-08,0.1244241785179322,0.2283563418496138,0.2203945019841859,0.155860396205603,2,0.0,valid
Uttar_Pradesh,Gautam Buddha Nagar,2019,38,2020-04-08,2020-04-13,0.1254095189233747,0.24793090908881252,0.236038638751499,0.17405045828781188,0,,insufficient_data
Uttar_Pradesh,Gautam Buddha Nagar,2019,39,2020-04-13,2020-04-18,0.1254095189233747,0.24793090908881252,0.236038638751499,0.17405045828781188,0,,insufficient_data
Uttar_Pradesh,Gautam Buddha Nagar,2019,40,2020-04-18,2020-04-23,0.174796221621519,0.2614495687507235,0.3186192803365773,0.2546727293954341,2,0.0,valid
Uttar_Pradesh,Gautam Buddha Nagar,2019,41,2020-04-23,2020-04-28,0.174796221621519,0.2614495687507235,0.3186192803365773,0.2546727293954341,0,,insufficient_data
Uttar_Pradesh,Gautam Buddha Nagar,2019,42,2020-04-28,2020-05-03,0.174796221621519,0.2614495687507235,0.3186192803365773,0.2546727293954341,0,,insufficient_data
Uttar_Pradesh,Gautam Buddha Nagar,2020,0,2020-10-01,2020-10-06,0.12404093859736964,0.27037722542885556,0.22758942402611546,0.1568910169219356,0,,insufficient_data
Uttar_Pradesh,Gautam Buddha Nagar,2020,1,2020-10-06,2020-10-11,0.1014794271885329,0.286177378617571,0.2199603171113418,0.1492218635016047,2,0.2249999999999999,valid
Uttar_Pradesh,Gautam Buddha Nagar,2020,2,2020-10-11,2020-10-16,0.1466024500062064,0.2545770722401402,0.2352185309408891,0.1645601703422665,2,15.5,valid
Uttar_Pradesh,Gautam Buddha Nagar,2020,3,2020-10-16,2020-10-21,0.13620909602663586,0.255815873525966,0.2404657558600108,0.1758835184700706,0,,insufficient_data
Uttar_Pradesh,Gautam Buddha Nagar,2020,4,2020-10-21,2020-10-26,0.1293381565005356,0.2456175908935087,0.2536769759065281,0.1926783179021027,2,0.5650000000000001,valid
Uttar_Pradesh,Gautam Buddha Nagar,2020,5,2020-10-26,2020-10-31,0.14778565230600352,0.24569537182876433,0.24730090210956712,0.18477073679289258,0,,insufficient_data
Uttar_Pradesh,Gautam Buddha Nagar,2020,6,2020-10-31,2020-11-05,0.1674163504112686,0.2368914523526441,0.2530071994812842,0.1970737221343085,2,12.5,valid
Uttar_Pradesh,Gautam Buddha Nagar,2020,7,2020-11-05,2020-11-10,0.14232406326186234,0.22460217029223226,0.23374475867052602,0.18289152466317654,0,,insufficient_data
Uttar_Pradesh,Gautam Buddha Nagar,2020,8,2020-11-10,2020-11-15,0.14665269884897125,0.21759703009180678,0.22710068625852534,0.17962926025020118,0,,insufficient_data
Uttar_Pradesh,Gautam Buddha Nagar,2020,9,2020-11-15,2020-11-20,0.1504502706020324,0.2019647596567066,0.2082778116621461,0.1546631733067225,1,16.0,valid
Uttar_Pradesh,Gautam Buddha Nagar,2020,10,2020-11-20,2020-11-25,0.1220914755336128,0.2139348782660696,0.2200170476321457,0.1871508853095725,1,22.69,valid
Uttar_Pradesh,Gautam Buddha Nagar,2020,11,2020-11-25,2020-11-30,0.12801765216046168,0.20841167015536252,0.21026372749798516,0.16806059617297558,0,,insufficient_data
Uttar_Pradesh,Gautam Buddha Nagar,2020,12,2020-11-30,2020-12-05,0.1392466346683714,0.2089407823593151,0.2187407512276036,0.1803283306590954,2,2.5,valid
Uttar_Pradesh,Gautam Buddha Nagar,2020,13,2020-12-05,2020-12-10,0.11274701183867028,0.214936094015247,0.2045486094086154,0.16220411927400447,0,,insufficient_data
Uttar_Pradesh,Gautam Buddha Nagar,2020,14,2020-12-10,2020-12-15,0.1002822278378301,0.2088062603393588,0.1940192994700453,0.150099995416512,2,13.385,valid
Uttar_Pradesh,Gautam Buddha Nagar,2020,15,2020-12-15,2020-12-20,0.0893677093148669,0.2280624550962444,0.1854173393046671,0.131237265710838,2,10.0,valid
Uttar_Pradesh,Gautam Buddha Nagar,2020,16,2020-12-20,2020-12-25,0.08939311402742177,0.22457252972711336,0.1813392027744719,0.1313630650937843,0,,insufficient_data
Uttar_Pradesh,Gautam Buddha Nagar,2020,17,2020-12-25,2020-12-30,0.0785294049295683,0.2368488737457368,0.1645809695487033,0.1127519341540028,2,2.41,valid
Uttar_Pradesh,Gautam Buddha Nagar,2020,18,2020-12-30,2021-01-04,0.07212915421854398,0.27248744148247245,0.1638507909851337,0.10633279421693931,0,,insufficient_data
Uttar_Pradesh,Gautam Buddha Nagar,2020,19,2021-01-04,2021-01-09,0.08685449248081827,0.287862151255004,0.14845225528105646,0.08709289011652789,0,,insufficient_data
Uttar_Pradesh,Gautam Buddha Nagar,2020,20,2021-01-09,2021-01-14,0.0484903484111967,0.3525509956054362,0.1415540641020307,0.0750091827859771,1,27.36,valid
Uttar_Pradesh,Gautam Buddha Nagar,2020,21,2021-01-14,2021-01-19,0.07639735975914887,0.314894808210086,0.1383568013376262,0.07455204737744163,0,,insufficient_data
Uttar_Pradesh,Gautam Buddha Nagar,2020,22,2021-01-19,2021-01-24,0.1335437241016898,0.2741865844138391,0.1392217321924354,0.0735175534096038,1,12.0,valid
Uttar_Pradesh,Gautam Buddha Nagar,2020,23,2021-01-24,2021-01-29,0.0471580067645601,0.3179468446109826,0.1342946077184126,0.075129405936744,1,1.35,valid
Uttar_Pradesh,Gautam Buddha Nagar,2020,24,2021-01-29,2021-02-03,0.09035086543312495,0.29606671451241084,0.136758169955424,0.0743234796731739,0,,insufficient_data
Uttar_Pradesh,Gautam Buddha Nagar,2020,25,2021-02-03,2021-02-08,0.09035086543312495,0.29606671451241084,0.136758169955424,0.0743234796731739,0,,insufficient_data
Uttar_Pradesh,Gautam Buddha Nagar,2020,26,2021-02-08,2021-02-13,0.0471580067645601,0.3179468446109826,0.1342946077184126,0.075129405936744,0,,insufficient_data
Uttar_Pradesh,Gautam Buddha Nagar,2020,27,2021-02-13,2021-02-18,0.0639190612659225,0.3342837803682442,0.153418768714781,0.0942636868484625,0,,insufficient_data
Uttar_Pradesh,Gautam Buddha Nagar,2020,28,2021-02-18,2021-02-23,0.106457755084347,0.3255042355953054,0.16985153527256291,0.10890640593479685,1,14.0,missing_bands
Uttar_Pradesh,Gautam Buddha Nagar,2020,29,2021-02-23,2021-02-28,0.106457755084347,0.3255042355953054,0.16985153527256291,0.10890640593479685,0,,insufficient_data
Uttar_Pradesh,Gautam Buddha Nagar,2020,30,2021-02-28,2021-03-05,0.0639190612659225,0.3342837803682442,0.153418768714781,0.0942636868484625,2,0.21,valid
Uttar_Pradesh,Gautam Buddha Nagar,2020,31,2021-03-05,2021-03-10,0.1489964489027715,0.3167246908223666,0.1862843018303448,0.1235491250211312,2,12.0,valid
Uttar_Pradesh,Gautam Buddha Nagar,2020,32,2021-03-10,2021-03-15,0.12151541765856523,0.3098134179472182,0.18584038787675938,0.12486298471780163,0,,insufficient_data
Uttar_Pradesh,Gautam Buddha Nagar,2020,33,2021-03-15,2021-03-20,0.1486778219465068,0.3175221473539872,0.2134375254266822,0.1530818936049518,2,13.64,valid
Uttar_Pradesh,Gautam Buddha Nagar,2020,34,2021-03-20,2021-03-25,0.1244683385190601,0.2707230532442747,0.1902209555352295,0.128557233396661,2,0.5,valid
Uttar_Pradesh,Gautam Buddha Nagar,2020,35,2021-03-25,2021-03-30,0.14251128625133835,0.2751104450302508,0.23231164839123192,0.16895600774040936,0,,insufficient_data
Uttar_Pradesh,Gautam Buddha Nagar,2020,36,2021-03-30,2021-04-04,0.1282481268149762,0.2482652182618056,0.2336567650479644,0.1732323018633886,2,0.015,valid
Uttar_Pradesh,Gautam Buddha Nagar,2020,37,2021-04-04,2021-04-09,0.15408643724027715,0.2715104301130253,0.26382314600261814,0.1970865871032304,0,,insufficient_data
Uttar_Pradesh,Gautam Buddha Nagar,2020,38,2021-04-09,2021-04-14,0.1686508577248104,0.2639313612609356,0.2919313475550515,0.220952602096636,2,0.0,valid
Uttar_Pradesh,Gautam Buddha Nagar,2020,39,2021-04-14,2021-04-19,0.1949784259022619,0.3031220876850853,0.3394835158722271,0.265604211056236,1,0.86,valid
Uttar_Pradesh,Gautam Buddha Nagar,2020,40,2021-04-19,2021-04-24,0.18334437837370524,0.2771843147424484,0.31620051007283595,0.24792696327669472,0,,insufficient_data
Uttar_Pradesh,Gautam Buddha Nagar,2020,41,2021-04-24,2021-04-29,0.1864038514940435,0.2644994952813245,0.3171866667912293,0.2572240766772121,2,0.0,valid
Uttar_Pradesh,Gautam Buddha Nagar,2020,42,2021-04-29,2021-05-04,0.19069113869815268,0.28381079148320487,0.3283350913317282,0.261414143866724,0,,insufficient_data
Uttar_Pradesh,Gautam Buddha Nagar,2021,0,2021-10-01,2021-10-06,0.0829507124542799,0.2955762023885178,0.1950564502237014,0.1241547981222822,0,,insufficient_data
Uttar_Pradesh,Gautam Buddha Nagar,2021,1,2021-10-06,2021-10-11,0.0829507124542799,0.2955762023885178,0.1950564502237014,0.1241547981222822,2,0.155,valid
Uttar_Pradesh,Gautam Buddha Nagar,2021,2,2021-10-11,2021-10-16,0.09518475939196405,0.2817560095459658,0.2039519801374415,0.13405830019937093,0,,insufficient_data
Uttar_Pradesh,Gautam Buddha Nagar,2021,3,2021-10-16,2021-10-21,0.09518475939196405,0.2817560095459658,0.2039519801374415,0.13405830019937093,0,,insufficient_data
Uttar_Pradesh,Gautam Buddha Nagar,2021,4,2021-10-21,2021-10-26,0.09518475939196405,0.2817560095459658,0.2039519801374415,0.13405830019937093,0,,insufficient_data
Uttar_Pradesh,Gautam Buddha Nagar,2021,5,2021-10-26,2021-10-31,0.1074188063296482,0.2679358167034138,0.2128475100511816,0.1439618022764597,2,0.1699999999999999,valid
Uttar_Pradesh,Gautam Buddha Nagar,2021,6,2021-10-31,2021-11-05,0.1251021354110304,0.24672076534604587,0.21978716015921906,0.16226866643456545,0,,insufficient_data
Uttar_Pradesh,Gautam Buddha Nagar,2021,7,2021-11-05,2021-11-10,0.12362531795896657,0.2350630260681863,0.22250954665465164,0.17177924422614574,0,,insufficient_data
Uttar_Pradesh,Gautam Buddha Nagar,2021,8,2021-11-10,2021-11-15,0.1427854644924126,0.2255057139886779,0.2267268102672565,0.1805755305926712,1,7.62,valid
Uttar_Pradesh,Gautam Buddha Nagar,2021,9,2021-11-15,2021-11-20,0.12678187995325055,0.21402429089600752,0.22147448601193984,0.1807214644684365,0,,insufficient_data
Uttar_Pradesh,Gautam Buddha Nagar,2021,10,2021-11-20,2021-11-25,0.1206716830548389,0.2117475475124671,0.2279543196455168,0.1908003998093063,2,2.6300000000000003,valid
Uttar_Pradesh,Gautam Buddha Nagar,2021,11,2021-11-25,2021-11-30,0.1168884923125001,0.2048196111868776,0.2097423281230462,0.170788463003332,2,8.615,valid
Uttar_Pradesh,Gautam Buddha Nagar,2021,12,2021-11-30,2021-12-05,0.10847487046243587,0.19542447752193,0.203048342955236,0.1647456618843177,0,,insufficient_data
Uttar_Pradesh,Gautam Buddha Nagar,2021,13,2021-12-05,2021-12-10,0.0878644360199686,0.1697062738664453,0.171448381097145,0.1326481228403148,1,28.86,valid
Uttar_Pradesh,Gautam Buddha Nagar,2021,14,2021-12-10,2021-12-15,0.08770740597373648,0.2104709664059136,0.1747206911867814,0.12927631249629756,0,,insufficient_data
Uttar_Pradesh,Gautam Buddha Nagar,2021,15,2021-12-15,2021-12-20,0.07798037719414862,0.21235475147892557,0.1630468122080265,0.11543892899395274,0,,insufficient_data
Uttar_Pradesh,Gautam Buddha Nagar,2021,16,2021-12-20,2021-12-25,0.0821791639104938,0.2282636856752288,0.1661773217752015,0.1167941446480592,2,0.8150000000000001,valid
Uttar_Pradesh,Gautam Buddha Nagar,2021,17,2021-12-25,2021-12-30,0.0638975316519834,0.2390942948951026,0.151514733751733,0.0968745194934842,2,2.665,valid
Uttar_Pradesh,Gautam Buddha Nagar,2021,18,2021-12-30,2022-01-04,0.0730383477812386,0.2336789902851657,0.15884602776346723,0.1068343320707717,0,,insufficient_data
Uttar_Pradesh,Gautam Buddha Nagar,2021,19,2022-01-04,2022-01-09,0.0730383477812386,0.2336789902851657,0.15884602776346723,0.1068343320707717,0,,insufficient_data
Uttar_Pradesh,Gautam Buddha Nagar,2021,20,2022-01-09,2022-01-14,0.0638975316519834,0.2390942948951026,0.151514733751733,0.0968745194934842,0,,insufficient_data
Uttar_Pradesh,Gautam Buddha Nagar,2021,21,2022-01-14,2022-01-19,0.0531184564386101,0.3093290414509504,0.1425608512416801,0.0810004192774628,0,,insufficient_data
Uttar_Pradesh,Gautam Buddha Nagar,2021,22,2022-01-19,2022-01-24,0.05644502999255445,0.31505185313287987,0.1460163270331696,0.0840105861255227,0,,insufficient_data
Uttar_Pradesh,Gautam Buddha Nagar,2021,23,2022-01-24,2022-01-29,0.05644502999255445,0.31505185313287987,0.1460163270331696,0.0840105861255227,0,,insufficient_data
Uttar_Pradesh,Gautam Buddha Nagar,2021,24,2022-01-29,2022-02-03,0.0531184564386101,0.3093290414509504,0.1425608512416801,0.0810004192774628,2,4.595,valid
Uttar_Pradesh,Gautam Buddha Nagar,2021,25,2022-02-03,2022-02-08,0.0597716035464988,0.3207746648148093,0.1494718028246591,0.0870207529735826,2,11.77,valid
Uttar_Pradesh,Gautam Buddha Nagar,2021,26,2022-02-08,2022-02-13,0.055351513728398166,0.32039785428350975,0.14589402130533544,0.08330425834515347,0,,insufficient_data
Uttar_Pradesh,Gautam Buddha Nagar,2021,27,2022-02-13,2022-02-18,0.0531644812000856,0.3310898565847695,0.1456494098496671,0.081891602784415,2,0.165,valid
Uttar_Pradesh,Gautam Buddha Nagar,2021,28,2022-02-18,2022-02-23,0.05588794581907527,0.33009539285536627,0.14771125454820322,0.0841467519943672,0,,insufficient_data
Uttar_Pradesh,Gautam Buddha Nagar,2021,29,2022-02-23,2022-02-28,0.05572340569912187,0.3309859684276337,0.1481654441878144,0.08538952519034386,0,,insufficient_data
Uttar_Pradesh,Gautam Buddha Nagar,2021,30,2022-02-28,2022-03-05,0.0547277527106414,0.3384216571665199,0.1480125509702834,0.083527900225104,2,9.665,valid
Uttar_Pradesh,Gautam Buddha Nagar,2021,31,2022-03-05,2022-03-10,0.0602627361044939,0.30999239572037807,0.15086799092467926,0.08985740295739864,0,,insufficient_data
Uttar_Pradesh,Gautam Buddha Nagar,2021,32,2022-03-10,2022-03-15,0.0592779831866386,0.3234463915316117,0.1508343717434927,0.0907490725615126,2,0.065,valid
Uttar_Pradesh,Gautam Buddha Nagar,2021,33,2022-03-15,2022-03-20,0.0667824724162017,0.2681091384630026,0.1537570500602616,0.0952952360855793,2,0.015,valid
Uttar_Pradesh,Gautam Buddha Nagar,2021,34,2022-03-20,2022-03-25,0.08607019956200748,0.2676143694222385,0.1828902177064891,0.12497845636590438,0,,insufficient_data
Uttar_Pradesh,Gautam Buddha Nagar,2021,35,2022-03-25,2022-03-30,0.0934232390880783,0.2426842713100366,0.1870926072166917,0.1318620619001221,2,0.01,valid
Uttar_Pradesh,Gautam Buddha Nagar,2021,36,2022-03-30,2022-04-04,0.09500093835379708,0.2490036953857808,0.19357549969415458,0.13638825096736829,0,,insufficient_data
Uttar_Pradesh,Gautam Buddha Nagar,2021,37,2022-04-04,2022-04-09,0.1247971035571113,0.2362176763843031,0.2398768418055105,0.1820074549164035,2,0.005,valid
Uttar_Pradesh,Gautam Buddha Nagar,2021,38,2022-04-09,2022-04-14,0.14058201318185604,0.25452421780977197,0.2616883088664306,0.20486552937790525,0,,insufficient_data
Uttar_Pradesh,Gautam Buddha Nagar,2021,39,2022-04-14,2022-04-19,0.1563016045464486,0.2584708666430171,0.28655354274967687,0.22920001853716632,0,,insufficient_data
Uttar_Pradesh,Gautam Buddha Nagar,2021,40,2022-04-19,2022-04-24,0.1772913541934368,0.2819298994530352,0.3205645155303994,0.2563134445365209,2,0.6699999999999999,valid
Uttar_Pradesh,Gautam Buddha Nagar,2021,41,2022-04-24,2022-04-29,0.1668163558887977,0.257265024091713,0.2992192709131208,0.2492791561585745,2,0.01,valid
Uttar_Pradesh,Gautam Buddha Nagar,2021,42,2022-04-29,2022-05-04,0.17205385504111725,0.2695974617723741,0.3098918932217601,0.2527963003475477,0,,insufficient_data
Uttar_Pradesh,Gautam Buddha Nagar,2022,0,2022-10-01,2022-10-06,0.0684146010241006,0.2723512584763169,0.1666861875359212,0.0966554964263285,0,,insufficient_data
Uttar_Pradesh,Gautam Buddha Nagar,2022,1,2022-10-06,2022-10-11,0.08260635369987795,0.2638757931957364,0.18730138981391004,0.1184333172142269,0,,insufficient_data
Uttar_Pradesh,Gautam Buddha Nagar,2022,2,2022-10-11,2022-10-16,0.0684146010241006,0.2723512584763169,0.1666861875359212,0.0966554964263285,2,0.8899999999999999,valid
Uttar_Pradesh,Gautam Buddha Nagar,2022,3,2022-10-16,2022-10-21,0.09292715290932436,0.2501236056449732,0.19821286688752507,0.13234198152298102,0,,insufficient_data
Uttar_Pradesh,Gautam Buddha Nagar,2022,4,2022-10-21,2022-10-26,0.0967981063756553,0.2554003279151559,0.2079165920918989,0.1402111380021253,2,0.755,valid
Uttar_Pradesh,Gautam Buddha Nagar,2022,5,2022-10-26,2022-10-31,0.1135687513282172,0.2226192305434468,0.2200358210347551,0.1601593101404892,2,1.41,valid
Uttar_Pradesh,Gautam Buddha Nagar,2022,6,2022-10-31,2022-11-05,0.11719672150866844,0.22415131175233616,0.2238544683175297,0.1728521327091084,0,,insufficient_data
Uttar_Pradesh,Gautam Buddha Nagar,2022,7,2022-11-05,2022-11-10,0.144530237215697,0.2101703687044829,0.2468255439203731,0.216596097108872,1,23.9,valid
Uttar_Pradesh,Gautam Buddha Nagar,2022,8,2022-11-10,2022-11-15,0.1138897911151043,0.2084153198462591,0.2206399162230916,0.1744419855849472,2,9.965,valid
Uttar_Pradesh,Gautam Buddha Nagar,2022,9,2022-11-15,2022-11-20,0.12006732872611987,0.20441294445212024,0.22032182283012505,0.1825101329612876,0,,insufficient_data
Uttar_Pradesh,Gautam Buddha Nagar,2022,10,2022-11-20,2022-11-25,0.1100434493863604,0.2010804020470052,0.2154333248817082,0.1791003911094269,2,0.2,valid
Uttar_Pradesh,Gautam Buddha Nagar,2022,11,2022-11-25,2022-11-30,0.10813619829009051,0.20377669742109147,0.2064215837714754,0.1657052511876866,0,,insufficient_data
Uttar_Pradesh,Gautam Buddha Nagar,2022,12,2022-11-30,2022-12-05,0.1118058371873178,0.1979856872107337,0.1983885062953273,0.1599020580419043,2,5.98,valid
Uttar_Pradesh,Gautam Buddha Nagar,2022,13,2022-12-05,2022-12-10,0.0968057154715795,0.2076253805803678,0.1912245876857746,0.1493765700144679,2,0.575,valid
Uttar_Pradesh,Gautam Buddha Nagar,2022,14,2022-12-10,2022-12-15,0.09173812852307273,0.21330858522946788,0.18116862502246237,0.13662500613235887,0,,insufficient_data
Uttar_Pradesh,Gautam Buddha Nagar,2022,15,2022-12-15,2022-12-20,0.0849260524704423,0.2216553599783062,0.1757319383224808,0.1279764927860264,2,5.955,valid
Uttar_Pradesh,Gautam Buddha Nagar,2022,16,2022-12-20,2022-12-25,0.0734149089629513,0.2259679131484638,0.1593294677862668,0.1092449036870369,2,0.83,valid
Uttar_Pradesh,Gautam Buddha Nagar,2022,17,2022-12-25,2022-12-30,0.07149968616926466,0.2383832393433506,0.15873681875831927,0.10775139279089258,0,,insufficient_data
Uttar_Pradesh,Gautam Buddha Nagar,2022,18,2022-12-30,2023-01-04,0.0561580970744004,0.2675264449032818,0.1411490501662102,0.0860327818996144,1,16.09,valid
Uttar_Pradesh,Gautam Buddha Nagar,2022,19,2023-01-04,2023-01-09,0.06212960551789543,0.2506100235168564,0.14674127241245422,0.09437250258342562,0,,insufficient_data
Uttar_Pradesh,Gautam Buddha Nagar,2022,20,2023-01-09,2023-01-14,0.0564869537953675,0.26293107870105276,0.1404471747255479,0.08693630203162,0,,insufficient_data
Uttar_Pradesh,Gautam Buddha Nagar,2022,21,2023-01-14,2023-01-19,0.0568158105163346,0.2583357124988237,0.1397452992848856,0.0878398221636256,2,0.405,valid
Uttar_Pradesh,Gautam Buddha Nagar,2022,22,2023-01-19,2023-01-24,0.0522010968578114,0.2829699127262312,0.13926988906448556,0.08356632323903065,0,,insufficient_data
Uttar_Pradesh,Gautam Buddha Nagar,2022,23,2023-01-24,2023-01-29,0.0544047621695233,0.29914720565311903,0.143702718272212,0.08556198278258857,0,,insufficient_data
Uttar_Pradesh,Gautam Buddha Nagar,2022,24,2023-01-29,2023-02-03,0.0475863831992882,0.3076041129536387,0.1387944788440855,0.0792928243144357,2,6.065,valid
Uttar_Pradesh,Gautam Buddha Nagar,2022,25,2023-02-03,2023-02-08,0.053700838684534936,0.32017053485410446,0.14421729583567253,0.08400485178848736,0,,insufficient_data
Uttar_Pradesh,Gautam Buddha Nagar,2022,26,2023-02-08,2023-02-13,0.0588120927929471,0.3315017915068948,0.1525683766876649,0.0895533018697044,2,1.605,valid
Uttar_Pradesh,Gautam Buddha Nagar,2022,27,2023-02-13,2023-02-18,0.054569988312199606,0.3202110229816553,0.14464444133030854,0.08485771329602437,0,,insufficient_data
Uttar_Pradesh,Gautam Buddha Nagar,2022,28,2023-02-18,2023-02-23,0.0547040400613695,0.32140570010178,0.1412890319752672,0.083168429181322,2,3.515,valid
Uttar_Pradesh,Gautam Buddha Nagar,2022,29,2023-02-23,2023-02-28,0.0571774371951936,0.3203324873643079,0.1459258778142166,0.0874162978186354,2,0.26,valid
Uttar_Pradesh,Gautam Buddha Nagar,2022,30,2023-02-28,2023-03-05,0.05951348159742008,0.3089941015053034,0.14914177993309458,0.09031690361888439,0,,insufficient_data
Uttar_Pradesh,Gautam Buddha Nagar,2022,31,2023-03-05,2023-03-10,0.0568440131899831,0.3101775854200173,0.1493564574904268,0.0902709091917294,2,0.03,valid
Uttar_Pradesh,Gautam Buddha Nagar,2022,32,2023-03-10,2023-03-15,0.0693284359431341,0.2840606331351082,0.1599957524524677,0.1004119782838507,2,0.065,valid
Uttar_Pradesh,Gautam Buddha Nagar,2022,33,2023-03-15,2023-03-20,0.08096336287882495,0.27381570885841355,0.17465386042419256,0.1142997973484419,0,,insufficient_data
Uttar_Pradesh,Gautam Buddha Nagar,2022,34,2023-03-20,2023-03-25,0.0861544075976341,0.264765585902096,0.1795413109334004,0.1168125478403238,1,11.48,valid
Uttar_Pradesh,Gautam Buddha Nagar,2022,35,2023-03-25,2023-03-30,0.09832861174016583,0.25473819107304996,0.20052840050018578,0.14164436988169715,0,,insufficient_data
Uttar_Pradesh,Gautam Buddha Nagar,2022,36,2023-03-30,2023-04-04,0.1115265947845485,0.2362590309764328,0.2097219208204754,0.1497037540778637,1,6.55,valid
Uttar_Pradesh,Gautam Buddha Nagar,2022,37,2023-04-04,2023-04-09,0.1263050086353466,0.2338675142785629,0.2528546177943996,0.1996491993247504,2,0.155,valid
Uttar_Pradesh,Gautam Buddha Nagar,2022,38,2023-04-09,2023-04-14,0.1285047209887235,0.23884708038694424,0.2508419049131079,0.19584991462469578,0,,insufficient_data
Uttar_Pradesh,Gautam Buddha Nagar,2022,39,2023-04-14,2023-04-19,0.1476825595462754,0.2464146959058371,0.2899491761244488,0.2381967904714733,2,0.6,valid
Uttar_Pradesh,Gautam Buddha Nagar,2022,40,2023-04-19,2023-04-24,0.136993784090811,0.2401411050922,0.2714018969594242,0.21892299489811184,0,,insufficient_data
Uttar_Pradesh,Gautam Buddha Nagar,2022,41,2023-04-24,2023-04-29,0.1476825595462754,0.2464146959058371,0.2899491761244488,0.2381967904714733,0,,insufficient_data
Uttar_Pradesh,Gautam Buddha Nagar,2022,42,2023-04-29,2023-05-04,0.1476825595462754,0.2464146959058371,0.2899491761244488,0.2381967904714733,0,,insufficient_data
Uttar_Pradesh,Gautam Buddha Nagar,2023,0,2023-10-01,2023-10-06,0.0960352794362823,0.2823431507917122,0.2134390760431099,0.1397128114434543,0,,insufficient_data
Uttar_Pradesh,Gautam Buddha Nagar,2023,1,2023-10-06,2023-10-11,0.0960352794362823,0.2823431507917122,0.2134390760431099,0.1397128114434543,2,0.045,valid
Uttar_Pradesh,Gautam Buddha Nagar,2023,2,2023-10-11,2023-10-16,0.1072465640841964,0.2640811773602908,0.22764706384987896,0.15887856926298066,0,,insufficient_data
Uttar_Pradesh,Gautam Buddha Nagar,2023,3,2023-10-16,2023-10-21,0.1108253112125737,0.24883426552937324,0.2296888482809706,0.1656849399487661,0,,insufficient_data
Uttar_Pradesh,Gautam Buddha Nagar,2023,4,2023-10-21,2023-10-26,0.1184578487321105,0.2458192039288694,0.241855051656648,0.178044327082507,2,0.06,valid
Uttar_Pradesh,Gautam Buddha Nagar,2023,5,2023-10-26,2023-10-31,0.1263582874946282,0.22787762943314513,0.23310472404201912,0.17681285379868195,0,,insufficient_data
Uttar_Pradesh,Gautam Buddha Nagar,2023,6,2023-10-31,2023-11-05,0.1179828054693283,0.2183404418675381,0.2337724171431539,0.179297681320337,2,0.055,valid
Uttar_Pradesh,Gautam Buddha Nagar,2023,7,2023-11-05,2023-11-10,0.1426342082824459,0.2194732425030279,0.2236867033262555,0.1730965529932018,2,10.735,valid
Uttar_Pradesh,Gautam Buddha Nagar,2023,8,2023-11-10,2023-11-15,0.12315894428392808,0.21002066833038902,0.22073006548716892,0.1745768602600728,0,,insufficient_data
Uttar_Pradesh,Gautam Buddha Nagar,2023,9,2023-11-15,2023-11-20,0.1140226106238415,0.1986152545669002,0.2145608925789756,0.17295564792052,1,0.08,valid
Uttar_Pradesh,Gautam Buddha Nagar,2023,10,2023-11-20,2023-11-25,0.11880866919392316,0.20885822216077823,0.2122260490467035,0.16797131499426599,0,,insufficient_data
Uttar_Pradesh,Gautam Buddha Nagar,2023,11,2023-11-25,2023-11-30,0.1179961527600966,0.2036537343840898,0.2109002489002907,0.1729575588062324,1,1.8,valid
Uttar_Pradesh,Gautam Buddha Nagar,2023,12,2023-11-30,2023-12-05,0.1005817051093086,0.213690657189095,0.1997563513812922,0.1528755002571097,1,0.68,valid
Uttar_Pradesh,Gautam Buddha Nagar,2023,13,2023-12-05,2023-12-10,0.09673474743170002,0.21780183261386227,0.19122270377923656,0.14550618416363792,0,,insufficient_data
Uttar_Pradesh,Gautam Buddha Nagar,2023,14,2023-12-10,2023-12-15,0.0908852646476791,0.2220076013824828,0.1840321939558638,0.1369829701402219,2,0.64,valid
Uttar_Pradesh,Gautam Buddha Nagar,2023,15,2023-12-15,2023-12-20,0.0774758672097158,0.2318553374997815,0.1702020208794996,0.1192087074509877,2,1.52,valid
Uttar_Pradesh,Gautam Buddha Nagar,2023,16,2023-12-20,2023-12-25,0.08418056592869745,0.22693146944113213,0.1771171074176817,0.1280958387956048,0,,insufficient_data
Uttar_Pradesh,Gautam Buddha Nagar,2023,17,2023-12-25,2023-12-30,0.08418056592869745,0.22693146944113213,0.1771171074176817,0.1280958387956048,0,,insufficient_data
Uttar_Pradesh,Gautam Buddha Nagar,2023,18,2023-12-30,2024-01-04,0.0774758672097158,0.2318553374997815,0.1702020208794996,0.1192087074509877,0,,insufficient_data
Uttar_Pradesh,Gautam Buddha Nagar,2023,19,2024-01-04,2024-01-09,,,,,0,,insufficient_data
Uttar_Pradesh,Gautam Buddha Nagar,2023,20,2024-01-09,2024-01-14,,,,,0,,insufficient_data
Uttar_Pradesh,Gautam Buddha Nagar,2023,21,2024-01-14,2024-01-19,,,,,0,,insufficient_data
Uttar_Pradesh,Gautam Buddha Nagar,2023,22,2024-01-19,2024-01-24,,,,,0,,insufficient_data
Uttar_Pradesh,Gautam Buddha Nagar,2023,23,2024-01-24,2024-01-29,,,,,0,,insufficient_data
Uttar_Pradesh,Gautam Buddha Nagar,2023,24,2024-01-29,2024-02-03,,,,,0,,insufficient_data
Uttar_Pradesh,Gautam Buddha Nagar,2023,25,2024-02-03,2024-02-08,0.0670896526632581,0.343038409540807,0.1610801338281636,0.098706579022329,0,,insufficient_data
Uttar_Pradesh,Gautam Buddha Nagar,2023,26,2024-02-08,2024-02-13,0.0670896526632581,0.343038409540807,0.1610801338281636,0.098706579022329,0,,insufficient_data
Uttar_Pradesh,Gautam Buddha Nagar,2023,27,2024-02-13,2024-02-18,0.06118694247626695,0.336398985382356,0.1559287274189427,0.09471461110676445,0,,insufficient_data
Uttar_Pradesh,Gautam Buddha Nagar,2023,28,2024-02-18,2024-02-23,0.0670896526632581,0.343038409540807,0.1610801338281636,0.098706579022329,1,14.47,valid
Uttar_Pradesh,Gautam Buddha Nagar,2023,29,2024-02-23,2024-02-28,0.060706981506095235,0.33534886380452233,0.1552793878635694,0.09451079955000137,0,,insufficient_data
Uttar_Pradesh,Gautam Buddha Nagar,2023,30,2024-02-28,2024-03-04,0.0552842322892758,0.3297595612239051,0.1507773210097218,0.0907226431911999,2,0.13,valid
Uttar_Pradesh,Gautam Buddha Nagar,2023,31,2024-03-04,2024-03-09,0.0597470595657518,0.3332486206488551,0.1539807087528228,0.0941031764364752,2,0.03,valid
Uttar_Pradesh,Gautam Buddha Nagar,2023,32,2024-03-09,2024-03-14,0.0575156459275138,0.3315040909363801,0.1523790148812723,0.09241290981383754,0,,insufficient_data
Uttar_Pradesh,Gautam Buddha Nagar,2023,33,2024-03-14,2024-03-19,0.0575156459275138,0.3315040909363801,0.1523790148812723,0.09241290981383754,0,,insufficient_data
Uttar_Pradesh,Gautam Buddha Nagar,2023,34,2024-03-19,2024-03-24,0.0597470595657518,0.3332486206488551,0.1539807087528228,0.0941031764364752,0,,insufficient_data
Uttar_Pradesh,Gautam Buddha Nagar,2023,35,2024-03-24,2024-03-29,,,,,0,,insufficient_data
Uttar_Pradesh,Gautam Buddha Nagar,2023,36,2024-03-29,2024-04-03,0.1700596979597484,0.2829500603532285,0.3056151337474301,0.2393659479720317,0,,insufficient_data
Uttar_Pradesh,Gautam Buddha Nagar,2023,37,2024-04-03,2024-04-08,0.1700596979597484,0.2829500603532285,0.3056151337474301,0.2393659479720317,0,,insufficient_data
Uttar_Pradesh,Gautam Buddha Nagar,2023,38,2024-04-08,2024-04-13,0.1699496194837492,0.2773164974488826,0.30607437866126197,0.2440276245573241,0,,insufficient_data
Uttar_Pradesh,Gautam Buddha Nagar,2023,39,2024-04-13,2024-04-18,0.1700596979597484,0.2829500603532285,0.3056151337474301,0.2393659479720317,2,0.1149999999999999,valid
Uttar_Pradesh,Gautam Buddha Nagar,2023,40,2024-04-18,2024-04-23,0.1699496194837492,0.2773164974488826,0.30607437866126197,0.2440276245573241,0,,insufficient_data
Uttar_Pradesh,Gautam Buddha Nagar,2023,41,2024-04-23,2024-04-28,0.16983954100775,0.2716829345445367,0.3065336235750938,0.2486893011426165,2,0.28,valid
Uttar_Pradesh,Gautam Buddha Nagar,2023,42,2024-04-28,2024-05-03,0.1699496194837492,0.2773164974488826,0.30607437866126197,0.2440276245573241,0,,insufficient_data
Uttar_Pradesh,Gautam Buddha Nagar,2024,0,2024-10-01,2024-10-06,0.0698684623579763,0.2933755812845605,0.1817329359720582,0.1066011314692053,2,2.66,valid
Uttar_Pradesh,Gautam Buddha Nagar,2024,1,2024-10-06,2024-10-11,0.0829501049109646,0.2726562911865581,0.1979705195131211,0.1269378432178669,2,7.635,valid
Uttar_Pradesh,Gautam Buddha Nagar,2024,2,2024-10-11,2024-10-16,0.09204681272603092,0.26178540047898957,0.20630171303306397,0.13800475409153462,0,,insufficient_data
Uttar_Pradesh,Gautam Buddha Nagar,2024,3,2024-10-16,2024-10-21,0.1009437226954746,0.2491069583755397,0.2160765710992633,0.1494856729468171,2,1.1800000000000002,valid
Uttar_Pradesh,Gautam Buddha Nagar,2024,4,2024-10-21,2024-10-26,0.10326472146895142,0.2403149909148553,0.21641829911797106,0.15437067003298854,0,,insufficient_data
Uttar_Pradesh,Gautam Buddha Nagar,2024,5,2024-10-26,2024-10-31,0.1144249609397082,0.2320027710693001,0.2294268255478132,0.1689943687322491,2,5.08,valid
Uttar_Pradesh,Gautam Buddha Nagar,2024,6,2024-10-31,2024-11-05,0.1147400973296583,0.2074939430280233,0.2221992803116866,0.1720647952350211,2,0.26,valid
Uttar_Pradesh,Gautam Buddha Nagar,2024,7,2024-11-05,2024-11-10,0.11551893750673775,0.2108939335266507,0.2204736595445112,0.1711869479847177,0,,insufficient_data
Uttar_Pradesh,Gautam Buddha Nagar,2024,8,2024-11-10,2024-11-15,0.1191973365056938,0.2037064500147159,0.2195197804956958,0.1719305001690311,2,14.75,valid
Uttar_Pradesh,Gautam Buddha Nagar,2024,9,2024-11-15,2024-11-20,0.1137133552518907,0.2003725699945635,0.2107487518228493,0.1717581278025695,1,19.74,valid
Uttar_Pradesh,Gautam Buddha Nagar,2024,10,2024-11-20,2024-11-25,0.11224025909055595,0.20033044671680605,0.213064507853788,0.17426003866588174,0,,insufficient_data
Uttar_Pradesh,Gautam Buddha Nagar,2024,11,2024-11-25,2024-11-30,0.1145288691514671,0.1957255970092539,0.218044289642599,0.1873750555639209,1,6.7,valid
Uttar_Pradesh,Gautam Buddha Nagar,2024,12,2024-11-30,2024-12-05,0.10578165419858122,0.20310292118468892,0.20606846765965217,0.16810622547817652,0,,insufficient_data
Uttar_Pradesh,Gautam Buddha Nagar,2024,13,2024-12-05,2024-12-10,0.1015214754531722,0.2015171698486908,0.2039452094540078,0.1659764711280055,2,0.14,valid
Uttar_Pradesh,Gautam Buddha Nagar,2024,14,2024-12-10,2024-12-15,0.0933629169377949,0.2147963478862474,0.1915356197191526,0.1473152474182102,2,0.2,valid
Uttar_Pradesh,Gautam Buddha Nagar,2024,15,2024-12-15,2024-12-20,0.09186585985721234,0.21391756860784159,0.188153166157324,0.14397214748549494,0,,insufficient_data
Uttar_Pradesh,Gautam Buddha Nagar,2024,16,2024-12-20,2024-12-25,0.0807131871806699,0.2254391880885865,0.1689786692988115,0.1186247239102691,2,0.05,valid
Uttar_Pradesh,Gautam Buddha Nagar,2024,17,2024-12-25,2024-12-30,0.0870380520592324,0.22011776798741695,0.18025714450898206,0.13296998566423965,0,,insufficient_data
Uttar_Pradesh,Gautam Buddha Nagar,2024,18,2024-12-30,2025-01-04,0.06699038905504225,0.27754270085728433,0.15228811728004094,0.097187260179205,0,,insufficient_data
Uttar_Pradesh,Gautam Buddha Nagar,2024,19,2025-01-04,2025-01-09,0.06194384434440597,0.2855748230971908,0.14948303187157883,0.09272411076724063,0,,insufficient_data
Uttar_Pradesh,Gautam Buddha Nagar,2024,20,2025-01-09,2025-01-14,0.052559172926274,0.31564264060149294,0.1397352131579625,0.0797738041957264,0,,insufficient_data
Uttar_Pradesh,Gautam Buddha Nagar,2024,21,2025-01-14,2025-01-19,0.0532675909294146,0.3296462136259822,0.1355975652612704,0.0757497964481409,1,26.87,valid
Uttar_Pradesh,Gautam Buddha Nagar,2024,22,2025-01-19,2025-01-24,0.0518507549231334,0.3016390675770037,0.1438728610546546,0.0837978119433119,2,6.25,valid
Uttar_Pradesh,Gautam Buddha Nagar,2024,23,2025-01-24,2025-01-29,0.05350781601795278,0.32139239096385264,0.14437776617262407,0.08394305769546109,0,,insufficient_data
Uttar_Pradesh,Gautam Buddha Nagar,2024,24,2025-01-29,2025-02-03,0.0562160337851216,0.323162421089358,0.1464642460673988,0.0855052921293635,2,1.835,valid
Uttar_Pradesh,Gautam Buddha Nagar,2024,25,2025-02-03,2025-02-08,0.0526968844341415,0.3311218615630668,0.1515763923071725,0.0907193302610281,2,7.63,valid
Uttar_Pradesh,Gautam Buddha Nagar,2024,26,2025-02-08,2025-02-13,0.05613493803198747,0.3464298783310418,0.15228654952193424,0.08981965096706238,0,,insufficient_data
Uttar_Pradesh,Gautam Buddha Nagar,2024,27,2025-02-13,2025-02-18,0.06167939460178,0.3861940848390275,0.1645678797627289,0.0971704383613512,1,9.96,valid
Uttar_Pradesh,Gautam Buddha Nagar,2024,28,2025-02-18,2025-02-23,0.05701275667098155,0.3501205226379179,0.15356239334069557,0.09149438363615632,0,,insufficient_data
Uttar_Pradesh,Gautam Buddha Nagar,2024,29,2025-02-23,2025-02-28,0.0539474393069068,0.3452411458327148,0.1465376799504368,0.0858835431165067,2,0.0849999999999999,valid
Uttar_Pradesh,Gautam Buddha Nagar,2024,30,2025-02-28,2025-03-05,0.0597273083410979,0.3379249983168624,0.1515676213424442,0.0922042228057393,2,0.605,valid
Uttar_Pradesh,Gautam Buddha Nagar,2024,31,2025-03-05,2025-03-10,0.06350211053928342,0.31752099164817593,0.1548836310993083,0.09554508171636407,0,,insufficient_data
Uttar_Pradesh,Gautam Buddha Nagar,2024,32,2025-03-10,2025-03-15,0.0651197292212413,0.3142143042715482,0.1557726823036642,0.0951997116610729,2,13.215,valid
Uttar_Pradesh,Gautam Buddha Nagar,2024,33,2025-03-15,2025-03-20,0.0752139652878877,0.2727035181715784,0.1656565408006881,0.1088928492821374,2,0.01,valid
Uttar_Pradesh,Gautam Buddha Nagar,2024,34,2025-03-20,2025-03-25,0.09851241711734626,0.2706749735830754,0.1922989139211977,0.13294890970404455,0,,insufficient_data
Uttar_Pradesh,Gautam Buddha Nagar,2024,35,2025-03-25,2025-03-30,0.1113324581956836,0.2432455988101438,0.1966933446417626,0.1403283799378484,2,12.91,valid
Uttar_Pradesh,Gautam Buddha Nagar,2024,36,2025-03-30,2025-04-04,0.12234710596265597,0.25908562994433065,0.22254925212283938,0.16072235888352474,0,,insufficient_data
Uttar_Pradesh,Gautam Buddha Nagar,2024,37,2025-04-04,2025-04-09,0.1423835157645724,0.2525364730790311,0.2510730879386759,0.1873746979351195,2,0.025,valid
Uttar_Pradesh,Gautam Buddha Nagar,2024,38,2025-04-09,2025-04-14,0.1604584846024801,0.2678569297165694,0.2767740351102309,0.2062935083789936,2,0.345,valid
Uttar_Pradesh,Gautam Buddha Nagar,2024,39,2025-04-14,2025-04-19,0.16127245065020454,0.262779952516819,0.28333184812970225,0.22011615654485028,0,,insufficient_data
Uttar_Pradesh,Gautam Buddha Nagar,2024,40,2025-04-19,2025-04-24,0.1765507796531094,0.2788597709040882,0.3110212234282475,0.2432196045841563,2,0.295,valid
Uttar_Pradesh,Gautam Buddha Nagar,2024,41,2025-04-24,2025-04-29,0.1656970225806563,0.2518666363675874,0.2944590460416547,0.2435768152811317,2,0.365,valid
Uttar_Pradesh,Gautam Buddha Nagar,2024,42,2025-04-29,2025-05-04,0.17112390111688286,0.26536320363583776,0.3027401347349511,0.243398209932644,0,,insufficient_data
Uttar_Pradesh,Gautam Buddha Nagar,2025,0,2025-10-01,2025-10-06,0.0901443478996256,0.2898741869314545,0.2106931742334288,0.1307017189744571,2,4.84,valid
Uttar_Pradesh,Gautam Buddha Nagar,2025,1,2025-10-06,2025-10-11,0.0944062635692029,0.26543723458788476,0.21244730842696494,0.14004308061687423,0,,insufficient_data
Uttar_Pradesh,Gautam Buddha Nagar,2025,2,2025-10-11,2025-10-16,0.0934971672873793,0.2644166724853518,0.205098297231299,0.1358870895901799,2,0.16,valid
Uttar_Pradesh,Gautam Buddha Nagar,2025,3,2025-10-16,2025-10-21,0.0995706109199658,0.25587385192229256,0.21757407815698573,0.148119827206691,0,,insufficient_data
Uttar_Pradesh,Gautam Buddha Nagar,2025,4,2025-10-21,2025-10-26,0.0995772755206038,0.2420208443468479,0.2215504538161671,0.1535404332859857,2,11.015,valid
Uttar_Pradesh,Gautam Buddha Nagar,2025,5,2025-10-26,2025-10-31,0.1150636529722545,0.227183703925516,0.2329543873470481,0.1723500669761414,1,25.97,valid
Uttar_Pradesh,Gautam Buddha Nagar,2025,6,2025-10-31,2025-11-05,0.11390745040333664,0.2229716200526613,0.22543630238379833,0.1727740055303129,0,,insufficient_data
Uttar_Pradesh,Gautam Buddha Nagar,2025,7,2025-11-05,2025-11-10,0.1168461924708445,0.2161253391831762,0.2279098362525658,0.1826977702935847,2,0.935,valid
Uttar_Pradesh,Gautam Buddha Nagar,2025,8,2025-11-10,2025-11-15,0.1241426806496437,0.2065565927551051,0.2193305321194123,0.1825077515655399,2,7.57,valid
Uttar_Pradesh,Gautam Buddha Nagar,2025,9,2025-11-15,2025-11-20,0.11957212031646935,0.21195994029654652,0.21755007913467736,0.17779183407744326,0,,insufficient_data
Uttar_Pradesh,Gautam Buddha Nagar,2025,10,2025-11-20,2025-11-25,0.120597273870228,0.2002533422011007,0.2088132445750812,0.1699812710406008,2,9.72,valid
Uttar_Pradesh,Gautam Buddha Nagar,2025,11,2025-11-25,2025-11-30,0.11403661580452183,0.21017190014865317,0.20736930762409328,0.1677362906825868,0,,insufficient_data
Uttar_Pradesh,Gautam Buddha Nagar,2025,12,2025-11-30,2025-12-05,0.1167023342751612,0.2249044870468041,0.2141467035916501,0.1759805434100477,2,19.83,valid
Uttar_Pradesh,Gautam Buddha Nagar,2025,13,2025-12-05,2025-12-10,0.0947041744230544,0.2089731785916028,0.1871867502102295,0.1424755967141588,2,1.495,valid
Uttar_Pradesh,Gautam Buddha Nagar,2025,14,2025-12-10,2025-12-15,0.08942586773469618,0.22017657587824585,0.18090331710609325,0.1350746712002645,0,,insufficient_data
Uttar_Pradesh,Gautam Buddha Nagar,2025,15,2025-12-15,2025-12-20,0.0801256166985044,0.2209526934424498,0.1665624976827149,0.1178643716057158,2,9.39,valid
Uttar_Pradesh,Gautam Buddha Nagar,2025,16,2025-12-20,2025-12-25,0.0661713455420647,0.2258759444321266,0.1557173169397785,0.1039781730711357,2,9.225,valid
Uttar_Pradesh,Gautam Buddha Nagar,2025,17,2025-12-25,2025-12-30,0.07314848112028455,0.2234143189372882,0.1611399073112467,0.11092127233842575,0,,insufficient_data
Uttar_Pradesh,Gautam Buddha Nagar,2025,18,2025-12-30,2026-01-04,0.07314848112028455,0.2234143189372882,0.1611399073112467,0.11092127233842575,0,,insufficient_data
Uttar_Pradesh,Gautam Buddha Nagar,2025,19,2026-01-04,2026-01-09,0.0661713455420647,0.2258759444321266,0.1557173169397785,0.1039781730711357,0,,insufficient_data
Uttar_Pradesh,Gautam Buddha Nagar,2025,20,2026-01-09,2026-01-14,0.0570217885456468,0.2852689138407725,0.1460051940117016,0.0885101109465074,0,,insufficient_data
Uttar_Pradesh,Gautam Buddha Nagar,2025,21,2026-01-14,2026-01-19,0.0570217885456468,0.2852689138407725,0.1460051940117016,0.0885101109465074,0,,insufficient_data
Uttar_Pradesh,Gautam Buddha Nagar,2025,22,2026-01-19,2026-01-24,0.0570217885456468,0.2852689138407725,0.1460051940117016,0.0885101109465074,0,,insufficient_data
Uttar_Pradesh,Gautam Buddha Nagar,2025,23,2026-01-24,2026-01-29,0.0570217885456468,0.2852689138407725,0.1460051940117016,0.0885101109465074,2,0.11,valid
Uttar_Pradesh,Gautam Buddha Nagar,2025,24,2026-01-29,2026-02-03,0.06011717016991815,0.3013285935985671,0.1511779001612815,0.09301338881529045,0,,insufficient_data
Uttar_Pradesh,Gautam Buddha Nagar,2025,25,2026-02-03,2026-02-08,0.06011717016991815,0.3013285935985671,0.1511779001612815,0.09301338881529045,0,,insufficient_data
Uttar_Pradesh,Gautam Buddha Nagar,2025,26,2026-02-08,2026-02-13,0.0632125517941895,0.3173882733563617,0.1563506063108614,0.0975166666840735,2,9.63,valid
Uttar_Pradesh,Gautam Buddha Nagar,2025,27,2026-02-13,2026-02-18,0.060102123724254844,0.32040004588274207,0.15232970836074994,0.09387667448614989,0,,insufficient_data
Uttar_Pradesh,Gautam Buddha Nagar,2025,28,2026-02-18,2026-02-23,0.06096026480590209,0.31655229453053335,0.15260076778243567,0.09417031478250552,0,,insufficient_data
Uttar_Pradesh,Gautam Buddha Nagar,2025,29,2026-02-23,2026-02-28,0.0569916956543202,0.3234118184091224,0.1483088104106385,0.0902366822882263,2,0.51,valid
Uttar_Pradesh,Gautam Buddha Nagar,2025,30,2026-02-28,2026-03-05,0.066613803347587,0.30637007822243184,0.154481416733669,0.09653344057401018,0,,insufficient_data
Uttar_Pradesh,Gautam Buddha Nagar,2025,31,2026-03-05,2026-03-10,0.0626765469691966,0.3088567918261159,0.1531428866258071,0.0947575953752168,2,0.32,valid
Uttar_Pradesh,Gautam Buddha Nagar,2025,32,2026-03-10,2026-03-15,0.0801731674192442,0.2868416244320571,0.1619925531645614,0.1046060440585874,1,29.28,valid
Uttar_Pradesh,Gautam Buddha Nagar,2025,33,2026-03-15,2026-03-20,0.07534127450691543,0.2825657754530117,0.1625320646606514,0.10442170983273368,0,,insufficient_data
Uttar_Pradesh,Gautam Buddha Nagar,2025,34,2026-03-20,2026-03-25,0.0831741091323055,0.251998910100862,0.1724607541915857,0.1139014900643968,2,3.65,valid
Uttar_Pradesh,Gautam Buddha Nagar,2025,35,2026-03-25,2026-03-30,0.08167363827577484,0.2694202672664595,0.16722665367807354,0.10925376706149209,0,,insufficient_data
Uttar_Pradesh,Gautam Buddha Nagar,2025,36,2026-03-30,2026-04-04,0.0831741091323055,0.251998910100862,0.1724607541915857,0.1139014900643968,0,,insufficient_data
Uttar_Pradesh,Gautam Buddha Nagar,2025,37,2026-04-04,2026-04-09,0.0831741091323055,0.251998910100862,0.1724607541915857,0.1139014900643968,0,,insufficient_data
Uttar_Pradesh,Gautam Buddha Nagar,2025,38,2026-04-09,2026-04-14,,,,,0,,insufficient_data
Uttar_Pradesh,Gautam Buddha Nagar,2025,39,2026-04-14,2026-04-19,,,,,0,,insufficient_data
Uttar_Pradesh,Gautam Buddha Nagar,2025,40,2026-04-19,2026-04-24,,,,,0,,insufficient_data
Uttar_Pradesh,Gautam Buddha Nagar,2025,41,2026-04-24,2026-04-29,,,,,0,,insufficient_data
Uttar_Pradesh,Gautam Buddha Nagar,2025,42,2026-04-29,2026-05-04,,,,,0,,insufficient_data
