state,district,year,time_step,start_date,end_date,Red,NIR,SWIR1,SWIR2,image_count,mean_cloud_cover,quality_flag
Uttar_Pradesh,Bulandshahr,2010,0,2010-10-01,2010-10-06,0.103813767523993,0.3061008712894053,0.209622817064266,0.1225998748818086,1,3.0,valid
Uttar_Pradesh,Bulandshahr,2010,1,2010-10-06,2010-10-11,0.14667171270760979,0.2896502267829904,0.22508156266219403,0.14143780801483108,0,,insufficient_data
Uttar_Pradesh,Bulandshahr,2010,2,2010-10-11,2010-10-16,0.0958293259505721,0.2832699689347183,0.2178480118485482,0.1334314603382697,4,1.0,valid
Uttar_Pradesh,Bulandshahr,2010,3,2010-10-16,2010-10-21,0.1770100412314309,0.2952879280477405,0.2319277361930866,0.1492659549918946,1,1.0,valid
Uttar_Pradesh,Bulandshahr,2010,4,2010-10-21,2010-10-26,0.2100337161244431,0.2739421388600975,0.2409276855428753,0.1604539418473515,2,5.0,valid
Uttar_Pradesh,Bulandshahr,2010,5,2010-10-26,2010-10-31,0.1215699706894641,0.261929482211968,0.2493803553771323,0.1687446993025188,4,6.75,valid
Uttar_Pradesh,Bulandshahr,2010,6,2010-10-31,2010-11-05,0.16887276743095245,0.2664889848241863,0.24451251379284936,0.16657396997533108,0,,insufficient_data
Uttar_Pradesh,Bulandshahr,2010,7,2010-11-05,2010-11-10,0.1387579688975957,0.2405942295137245,0.2406473000826499,0.1729553517326801,2,1.0,valid
Uttar_Pradesh,Bulandshahr,2010,8,2010-11-10,2010-11-15,0.1969921402118284,0.2606911454874011,0.2596794917685026,0.1814499020022104,1,22.0,valid
Uttar_Pradesh,Bulandshahr,2010,9,2010-11-15,2010-11-20,0.14884035114702712,0.23979249531474736,0.24180413500561235,0.17039568457034693,0,,insufficient_data
Uttar_Pradesh,Bulandshahr,2010,10,2010-11-20,2010-11-25,0.1404144250567629,0.23832613657828983,0.24136919711982166,0.17256263562548466,0,,insufficient_data
Uttar_Pradesh,Bulandshahr,2010,11,2010-11-25,2010-11-30,0.1107709443316573,0.2180921109431166,0.2250856131656845,0.1567817999761503,2,0.0,valid
Uttar_Pradesh,Bulandshahr,2010,12,2010-11-30,2010-12-05,0.11295379555881374,0.2260095856560169,0.23257499831406706,0.16792264438352406,0,,insufficient_data
Uttar_Pradesh,Bulandshahr,2010,13,2010-12-05,2010-12-10,0.1151366467859702,0.2339270603689172,0.2400643834624496,0.1790634887908978,2,11.0,valid
Uttar_Pradesh,Bulandshahr,2010,14,2010-12-10,2010-12-15,0.11878960482604535,0.22807927838430406,0.22535268766507066,0.1657994498934374,0,,insufficient_data
Uttar_Pradesh,Bulandshahr,2010,15,2010-12-15,2010-12-20,0.12279893507323941,0.23307286210489775,0.22548622491476375,0.17030827485208094,0,,insufficient_data
Uttar_Pradesh,Bulandshahr,2010,16,2010-12-20,2010-12-25,0.1304612233605086,0.2322186638408783,0.2109080663670779,0.1615530609132641,3,0.6666666666666666,valid
Uttar_Pradesh,Bulandshahr,2010,17,2010-12-25,2010-12-30,0.1304612233605086,0.2322186638408783,0.2109080663670779,0.1615530609132641,0,,insufficient_data
Uttar_Pradesh,Bulandshahr,2010,18,2010-12-30,2011-01-04,0.1258082056363635,0.24144384196527585,0.20081172865848973,0.1410475555044734,0,,insufficient_data
Uttar_Pradesh,Bulandshahr,2010,19,2011-01-04,2011-01-09,0.1258082056363635,0.24144384196527585,0.20081172865848973,0.1410475555044734,0,,insufficient_data
Uttar_Pradesh,Bulandshahr,2010,20,2011-01-09,2011-01-14,0.09948729542352189,0.26231986401742585,0.18505264249817754,0.1161102730363738,0,,insufficient_data
Uttar_Pradesh,Bulandshahr,2010,21,2011-01-14,2011-01-19,0.1211551879122184,0.2506690200896734,0.1907153909499016,0.1205420500956827,2,3.5,valid
Uttar_Pradesh,Bulandshahr,2010,22,2011-01-19,2011-01-24,0.09229924096719185,0.26372479746857175,0.17782974480626734,0.10831411832257637,0,,insufficient_data
Uttar_Pradesh,Bulandshahr,2010,23,2011-01-24,2011-01-29,0.0778194029348254,0.2739707079451783,0.1793898940464535,0.1116784959770649,3,5.0,valid
Uttar_Pradesh,Bulandshahr,2010,24,2011-01-29,2011-02-03,0.0779231320545318,0.2665346643708635,0.163383949422447,0.0927218088949815,2,0.0,valid
Uttar_Pradesh,Bulandshahr,2010,25,2011-02-03,2011-02-08,0.0691918806672257,0.2803789134595757,0.16575763346824865,0.09741478742821154,0,,insufficient_data
Uttar_Pradesh,Bulandshahr,2010,26,2011-02-08,2011-02-13,0.0518331070123199,0.3006313680626853,0.1544990569358454,0.0878440574125882,4,3.75,valid
Uttar_Pradesh,Bulandshahr,2010,27,2011-02-13,2011-02-18,0.06379194893133745,0.3074004046100494,0.16027036176545842,0.0899943794784885,1,25.0,missing_bands
Uttar_Pradesh,Bulandshahr,2010,28,2011-02-18,2011-02-23,0.0565964872889618,0.33231782408700555,0.15829377995241653,0.08796753002883755,0,,insufficient_data
Uttar_Pradesh,Bulandshahr,2010,29,2011-02-23,2011-02-28,0.0616196077271607,0.3550351813965994,0.1629280789380829,0.0894172721278958,2,0.0,valid
Uttar_Pradesh,Bulandshahr,2010,30,2011-02-28,2011-03-05,0.06335756793983137,0.3403798869872541,0.1653851559267315,0.0952185255535779,0,,insufficient_data
Uttar_Pradesh,Bulandshahr,2010,31,2011-03-05,2011-03-10,0.0563367471274048,0.341286922801732,0.1574542039833213,0.0866412605460286,2,2.0,valid
Uttar_Pradesh,Bulandshahr,2010,32,2011-03-10,2011-03-15,0.0721163489649286,0.3248175567634308,0.1757731848587903,0.1095970439868093,2,0.0,valid
Uttar_Pradesh,Bulandshahr,2010,33,2011-03-15,2011-03-20,0.07586119580470893,0.3024155964933989,0.16817121728432188,0.10318519908948645,0,,insufficient_data
Uttar_Pradesh,Bulandshahr,2010,34,2011-03-20,2011-03-25,0.0727163831514986,0.28258673830365,0.1619329956752825,0.1004086572342587,3,0.3333333333333333,valid
Uttar_Pradesh,Bulandshahr,2010,35,2011-03-25,2011-03-30,0.1022753039750037,0.2609711681047828,0.1775244846198935,0.1160938345908492,2,9.0,valid
Uttar_Pradesh,Bulandshahr,2010,36,2011-03-30,2011-04-04,0.1010308264384523,0.246397460334865,0.18864442284022798,0.12885623191673815,0,,insufficient_data
Uttar_Pradesh,Bulandshahr,2010,37,2011-04-04,2011-04-09,0.1073421086582696,0.2314040386867843,0.1947540629714514,0.1353340205702982,4,5.25,valid
Uttar_Pradesh,Bulandshahr,2010,38,2011-04-09,2011-04-14,0.1196099993010567,0.23371584180214472,0.21749896046419567,0.15951710537902836,0,,insufficient_data
Uttar_Pradesh,Bulandshahr,2010,39,2011-04-14,2011-04-19,0.1217895099690373,0.2106278962442429,0.2203661480942846,0.1635884152715465,2,0.0,valid
Uttar_Pradesh,Bulandshahr,2010,40,2011-04-19,2011-04-24,0.1470330746019162,0.2318602641727689,0.2773511461711532,0.2230521510834195,3,0.0,valid
Uttar_Pradesh,Bulandshahr,2010,41,2011-04-24,2011-04-29,0.13441129228547674,0.2212440802085059,0.24885864713271888,0.193320283177483,0,,insufficient_data
Uttar_Pradesh,Bulandshahr,2010,42,2011-04-29,2011-05-04,0.13441129228547674,0.2212440802085059,0.24885864713271888,0.193320283177483,0,,insufficient_data
Uttar_Pradesh,Bulandshahr,2011,0,2011-10-01,2011-10-06,0.10314703905287045,0.29293639525015575,0.23093099600863815,0.15152242440729605,0,,insufficient_data
Uttar_Pradesh,Bulandshahr,2011,1,2011-10-06,2011-10-11,0.1030961785806829,0.301356812014833,0.2224374133655128,0.1401704224199148,2,0.0,valid
Uttar_Pradesh,Bulandshahr,2011,2,2011-10-11,2011-10-16,0.11509927972362266,0.28655491615292383,0.2344458969801674,0.1568044785544517,0,,insufficient_data
Uttar_Pradesh,Bulandshahr,2011,3,2011-10-16,2011-10-21,0.103197899525058,0.2845159784854785,0.2394245786517635,0.1628744263946773,2,0.5,valid
Uttar_Pradesh,Bulandshahr,2011,4,2011-10-21,2011-10-26,0.1390037610651271,0.27379195795846,0.2414756989232259,0.167368586848763,4,0.25,valid
Uttar_Pradesh,Bulandshahr,2011,5,2011-10-26,2011-10-31,0.14074937435997772,0.2726146948114262,0.23895840254761574,0.1667815873653734,0,,insufficient_data
Uttar_Pradesh,Bulandshahr,2011,6,2011-10-31,2011-11-05,0.1834448116450593,0.290197354753231,0.2499707761759784,0.1744034713415743,2,12.0,valid
Uttar_Pradesh,Bulandshahr,2011,7,2011-11-05,2011-11-10,0.1373510252046665,0.2419534880485352,0.2249625564394951,0.162479864876479,3,8.666666666666666,valid
Uttar_Pradesh,Bulandshahr,2011,8,2011-11-10,2011-11-15,0.1443580087688972,0.2505421021067687,0.2292163873049315,0.16662216221746778,0,,insufficient_data
Uttar_Pradesh,Bulandshahr,2011,9,2011-11-15,2011-11-20,0.130643055563605,0.2470868525415701,0.2244922902919222,0.1598396921230563,2,5.0,valid
Uttar_Pradesh,Bulandshahr,2011,10,2011-11-20,2011-11-25,0.125993142662258,0.2229307130837385,0.2174399263123303,0.1697656205287615,1,18.0,valid
Uttar_Pradesh,Bulandshahr,2011,11,2011-11-25,2011-11-30,0.14106338773789284,0.23321915240674018,0.21557466790422097,0.16190585390620063,0,,insufficient_data
Uttar_Pradesh,Bulandshahr,2011,12,2011-11-30,2011-12-05,0.1353291161438403,0.2078284944445087,0.1979005628270135,0.1482010729534372,2,0.0,valid
Uttar_Pradesh,Bulandshahr,2011,13,2011-12-05,2011-12-10,0.14453683179598875,0.2285965856951302,0.21260212710832052,0.1625945745005821,0,,insufficient_data
Uttar_Pradesh,Bulandshahr,2011,14,2011-12-10,2011-12-15,0.172288236581868,0.2550305495571434,0.2224658921856178,0.1698170300195475,1,15.0,valid
Uttar_Pradesh,Bulandshahr,2011,15,2011-12-15,2011-12-20,0.14145387287023797,0.22553100602497275,0.19711612586479157,0.14676433595965163,0,,insufficient_data
Uttar_Pradesh,Bulandshahr,2011,16,2011-12-20,2011-12-25,0.1445162512334368,0.23438226181520475,0.19672390738368065,0.14604596746275886,0,,insufficient_data
Uttar_Pradesh,Bulandshahr,2011,17,2011-12-25,2011-12-30,0.1167442658850056,0.2137339740732661,0.1709819225817435,0.1222749049059702,2,6.0,valid
Uttar_Pradesh,Bulandshahr,2011,18,2011-12-30,2012-01-04,0.10222774775225729,0.23476954694534397,0.16746459999868554,0.11143122428145266,0,,insufficient_data
Uttar_Pradesh,Bulandshahr,2011,19,2012-01-04,2012-01-09,0.16945698734832346,0.27851281814161016,0.20346204895527145,0.14337863472283222,0,,insufficient_data
Uttar_Pradesh,Bulandshahr,2011,20,2012-01-09,2012-01-14,0.087711229619509,0.2558051198174218,0.1639472774156276,0.1005875436569351,2,4.0,valid
Uttar_Pradesh,Bulandshahr,2011,21,2012-01-14,2012-01-19,0.1546690759975851,0.2980686881852436,0.20048474825823867,0.13614710903310742,0,,insufficient_data
Uttar_Pradesh,Bulandshahr,2011,22,2012-01-19,2012-01-24,0.3039154665404558,0.3659993605341425,0.2754569468684433,0.2072734556055913,2,16.0,valid
Uttar_Pradesh,Bulandshahr,2011,23,2012-01-24,2012-01-29,0.0723805318327905,0.2724015842041665,0.1620500204906451,0.1005803278367959,2,15.5,valid
Uttar_Pradesh,Bulandshahr,2011,24,2012-01-29,2012-02-03,0.16287546483682008,0.3010765374616972,0.20694344482593988,0.143224442111389,0,,insufficient_data
Uttar_Pradesh,Bulandshahr,2011,25,2012-02-03,2012-02-08,0.1123303961372139,0.2648286676467827,0.1833233671187313,0.1218195428917798,1,2.0,valid
Uttar_Pradesh,Bulandshahr,2011,26,2012-02-08,2012-02-13,0.09411254365640874,0.27677581221709713,0.16908164572794115,0.109136914510582,0,,insufficient_data
Uttar_Pradesh,Bulandshahr,2011,27,2012-02-13,2012-02-18,0.10193670650223317,0.2907709220658872,0.1731776208998166,0.11263423973281783,0,,insufficient_data
Uttar_Pradesh,Bulandshahr,2011,28,2012-02-18,2012-02-23,0.0976267029992218,0.2930971848003422,0.161871549574447,0.1050108728031703,2,18.5,valid
Uttar_Pradesh,Bulandshahr,2011,29,2012-02-23,2012-02-28,0.10117331919041783,0.30971227029008985,0.17911459760987272,0.1187648214926717,0,,insufficient_data
Uttar_Pradesh,Bulandshahr,2011,30,2012-02-28,2012-03-04,0.0958530203702638,0.3143869137505369,0.1743379460062715,0.1110723035035034,2,5.5,valid
Uttar_Pradesh,Bulandshahr,2011,31,2012-03-04,2012-03-09,0.1100402342017679,0.3216527123193904,0.2011342972488997,0.1402112881713414,1,0.0,valid
Uttar_Pradesh,Bulandshahr,2011,32,2012-03-09,2012-03-14,0.09913319320607755,0.30560040064122584,0.18552981556758072,0.12496838722286385,0,,insufficient_data
Uttar_Pradesh,Bulandshahr,2011,33,2012-03-14,2012-03-19,0.0842643460148195,0.2930922686933822,0.1663577994642534,0.1077946294242306,2,0.0,valid
Uttar_Pradesh,Bulandshahr,2011,34,2012-03-19,2012-03-24,0.09784703185940166,0.2857025070981847,0.18560510699453625,0.12759157140905455,0,,insufficient_data
Uttar_Pradesh,Bulandshahr,2011,35,2012-03-24,2012-03-29,0.106375172237459,0.2932697078015939,0.2002892195508983,0.14079532779238,2,0.0,valid
Uttar_Pradesh,Bulandshahr,2011,36,2012-03-29,2012-04-03,0.0907083749835603,0.2347953395783723,0.1746391117140937,0.1215650402482662,2,0.0,valid
Uttar_Pradesh,Bulandshahr,2011,37,2012-04-03,2012-04-08,0.11230958520072747,0.24575540181179312,0.20942663855801155,0.15331896945064188,0,,insufficient_data
Uttar_Pradesh,Bulandshahr,2011,38,2012-04-08,2012-04-13,0.122726701709727,0.2400885045124765,0.226990633182948,0.1681648004741643,2,14.5,valid
Uttar_Pradesh,Bulandshahr,2011,39,2012-04-13,2012-04-18,0.1294280918721636,0.2148680553547297,0.2357875897841063,0.182750709287757,2,0.0,valid
Uttar_Pradesh,Bulandshahr,2011,40,2012-04-18,2012-04-23,0.13393795008471412,0.2395439237871221,0.24802219880492235,0.19023692026026637,0,,insufficient_data
Uttar_Pradesh,Bulandshahr,2011,41,2012-04-23,2012-04-28,0.1496590566722518,0.2636752114941602,0.2812883734477128,0.2197952510188778,2,6.5,valid
Uttar_Pradesh,Bulandshahr,2011,42,2012-04-28,2012-05-03,0.1395435742722077,0.23927163342444493,0.2585379816159096,0.2012729801533174,0,,insufficient_data
Uttar_Pradesh,Bulandshahr,2012,0,2012-10-01,2012-10-06,0.0894070914755351,0.2970383015858359,0.2200551290362398,0.1354307260333339,2,9.0,valid
Uttar_Pradesh,Bulandshahr,2012,1,2012-10-06,2012-10-11,0.0938110878953098,0.2878248809307797,0.2156012509307944,0.1365058239604342,2,0.0,valid
Uttar_Pradesh,Bulandshahr,2012,2,2012-10-11,2012-10-16,0.10911124276073535,0.2878478679232243,0.23204709715992639,0.1521087146268092,0,,insufficient_data
Uttar_Pradesh,Bulandshahr,2012,3,2012-10-16,2012-10-21,0.1291195349388205,0.2807484268373296,0.2496630443897834,0.1718520690608843,2,1.0,valid
Uttar_Pradesh,Bulandshahr,2012,4,2012-10-21,2012-10-26,0.124107256733276,0.2857798623389522,0.242868964282888,0.1646462394525844,2,0.5,valid
Uttar_Pradesh,Bulandshahr,2012,5,2012-10-26,2012-10-31,0.13967564963957108,0.26986397740852885,0.24441334815953686,0.17144696945809498,0,,insufficient_data
Uttar_Pradesh,Bulandshahr,2012,6,2012-10-31,2012-11-05,0.1805405310812392,0.2671221820729318,0.250633001651683,0.1837925003997685,2,3.5,valid
Uttar_Pradesh,Bulandshahr,2012,7,2012-11-05,2012-11-10,0.1349286818204737,0.26104575915696476,0.24062678212132538,0.17144444131500244,0,,insufficient_data
Uttar_Pradesh,Bulandshahr,2012,8,2012-11-10,2012-11-15,0.1249352758049486,0.2458054383849019,0.234488382313793,0.1654970689191427,2,16.0,valid
Uttar_Pradesh,Bulandshahr,2012,9,2012-11-15,2012-11-20,0.110131663662431,0.2454755538310732,0.2345167802369374,0.1718419564885142,2,0.0,valid
Uttar_Pradesh,Bulandshahr,2012,10,2012-11-20,2012-11-25,0.11539546458643095,0.23604793525678883,0.22905915050112713,0.16772081025953936,0,,insufficient_data
Uttar_Pradesh,Bulandshahr,2012,11,2012-11-25,2012-11-30,0.1111194542919132,0.2168628135543914,0.218172288952651,0.1658234053709612,2,0.0,valid
Uttar_Pradesh,Bulandshahr,2012,12,2012-11-30,2012-12-05,0.10514470326054998,0.22366880324135774,0.2142480077482669,0.15819377436674634,0,,insufficient_data
Uttar_Pradesh,Bulandshahr,2012,13,2012-12-05,2012-12-10,0.10265122305960944,0.2127654279465,0.20411362150393164,0.15136968330586245,0,,insufficient_data
Uttar_Pradesh,Bulandshahr,2012,14,2012-12-10,2012-12-15,0.0941829918273057,0.2086680423386086,0.1900549540552123,0.1369159612407637,2,8.0,valid
Uttar_Pradesh,Bulandshahr,2012,15,2012-12-15,2012-12-20,0.0941829918273057,0.2086680423386086,0.1900549540552123,0.1369159612407637,0,,insufficient_data
Uttar_Pradesh,Bulandshahr,2012,16,2012-12-20,2012-12-25,0.0941829918273057,0.2086680423386086,0.1900549540552123,0.1369159612407637,0,,insufficient_data
Uttar_Pradesh,Bulandshahr,2012,17,2012-12-25,2012-12-30,0.1091249966837047,0.21814342727337532,0.1821427424377126,0.12546574176600314,0,,insufficient_data
Uttar_Pradesh,Bulandshahr,2012,18,2012-12-30,2013-01-04,0.1240670015401037,0.227618812208142,0.1742305308202129,0.1140155222912426,0,,insufficient_data
Uttar_Pradesh,Bulandshahr,2012,19,2013-01-04,2013-01-09,0.1240670015401037,0.227618812208142,0.1742305308202129,0.1140155222912426,0,,insufficient_data
Uttar_Pradesh,Bulandshahr,2012,20,2013-01-09,2013-01-14,0.1240670015401037,0.227618812208142,0.1742305308202129,0.1140155222912426,2,8.0,valid
Uttar_Pradesh,Bulandshahr,2012,21,2013-01-14,2013-01-19,0.09928121697580865,0.2622809624012413,0.1607576860475018,0.09916746223486506,0,,insufficient_data
Uttar_Pradesh,Bulandshahr,2012,22,2013-01-19,2013-01-24,0.08544931451981463,0.2729501438814916,0.16072848183350041,0.09678140765983671,0,,insufficient_data
Uttar_Pradesh,Bulandshahr,2012,23,2013-01-24,2013-01-29,0.08544931451981463,0.2729501438814916,0.16072848183350041,0.09678140765983671,0,,insufficient_data
Uttar_Pradesh,Bulandshahr,2012,24,2013-01-29,2013-02-03,0.0744954324115136,0.2969431125943407,0.1472848412747907,0.0843194021784875,1,26.0,valid
Uttar_Pradesh,Bulandshahr,2012,25,2013-02-03,2013-02-08,0.0577855096078266,0.2942885068419921,0.1606700734054977,0.09200929850978,2,4.0,valid
Uttar_Pradesh,Bulandshahr,2012,26,2013-02-08,2013-02-13,0.06508702647157927,0.30453253671560604,0.1607106857520604,0.09264912999733006,0,,insufficient_data
Uttar_Pradesh,Bulandshahr,2012,27,2013-02-13,2013-02-18,0.0629801373953976,0.3223659907104855,0.1741771425758929,0.1016186893037227,2,0.0,valid
Uttar_Pradesh,Bulandshahr,2012,28,2013-02-18,2013-02-23,0.05973196520049857,0.32049835896057816,0.17056567904691597,0.09899181702635311,0,,insufficient_data
Uttar_Pradesh,Bulandshahr,2012,29,2013-02-23,2013-02-28,0.07271926933059457,0.3284121960437297,0.18578432298281025,0.11524701426539911,0,,insufficient_data
Uttar_Pradesh,Bulandshahr,2012,30,2013-02-28,2013-03-05,0.0584302485982715,0.3448405793292568,0.1768498211593573,0.1033474632655566,2,0.5,valid
Uttar_Pradesh,Bulandshahr,2012,31,2013-03-05,2013-03-10,0.07667734350502266,0.3175418767969818,0.18664248351312843,0.1189129241545656,0,,insufficient_data
Uttar_Pradesh,Bulandshahr,2012,32,2013-03-10,2013-03-15,0.0967474219981146,0.3180300180914469,0.2063260052131806,0.140774890226918,2,3.0,valid
Uttar_Pradesh,Bulandshahr,2012,33,2013-03-15,2013-03-20,0.0748543599186819,0.2897550329702419,0.1767516241668474,0.1126164189712222,2,0.0,valid
Uttar_Pradesh,Bulandshahr,2012,34,2013-03-20,2013-03-25,0.0893231287057857,0.2789029410548571,0.1937831631898963,0.13053841598385676,0,,insufficient_data
Uttar_Pradesh,Bulandshahr,2012,35,2013-03-25,2013-03-30,0.10428772119779844,0.27522746447034485,0.2104137635719593,0.14675101256948225,0,,insufficient_data
Uttar_Pradesh,Bulandshahr,2012,36,2013-03-30,2013-04-04,0.0963676042005606,0.2289237721028825,0.1982718601896609,0.1382239387534301,2,6.0,valid
Uttar_Pradesh,Bulandshahr,2012,37,2013-04-04,2013-04-09,0.12277455143719865,0.24656240340984525,0.22928871245390453,0.16680637053989444,0,,insufficient_data
Uttar_Pradesh,Bulandshahr,2012,38,2013-04-09,2013-04-14,0.1491814986738367,0.264201034716808,0.2603055647181482,0.1953888023263588,2,0.0,valid
Uttar_Pradesh,Bulandshahr,2012,39,2013-04-14,2013-04-19,0.12277455143719865,0.24656240340984525,0.22928871245390453,0.16680637053989444,0,,insufficient_data
Uttar_Pradesh,Bulandshahr,2012,40,2013-04-19,2013-04-24,0.1491814986738367,0.264201034716808,0.2603055647181482,0.1953888023263588,0,,insufficient_data
Uttar_Pradesh,Bulandshahr,2012,41,2013-04-24,2013-04-29,0.1491814986738367,0.264201034716808,0.2603055647181482,0.1953888023263588,0,,insufficient_data
Uttar_Pradesh,Bulandshahr,2012,42,2013-04-29,2013-05-04,,,,,0,,insufficient_data
Uttar_Pradesh,Bulandshahr,2013,0,2013-10-01,2013-10-06,0.0666621310760054,0.2706512230227312,0.179190060975367,0.0914193728688213,1,10.0,valid
Uttar_Pradesh,Bulandshahr,2013,1,2013-10-06,2013-10-11,0.0864181115733046,0.2849121563301801,0.2173665905339479,0.13329269943427588,0,,insufficient_data
Uttar_Pradesh,Bulandshahr,2013,2,2013-10-11,2013-10-16,0.0703782258644284,0.3016414715613295,0.2090870539357564,0.1159243051184546,2,8.285,valid
Uttar_Pradesh,Bulandshahr,2013,3,2013-10-16,2013-10-21,0.1001651608731977,0.2754955345128608,0.2319221613697642,0.1590192268249668,2,0.125,valid
Uttar_Pradesh,Bulandshahr,2013,4,2013-10-21,2013-10-26,0.1084669284795869,0.2918603962237988,0.2492670858549041,0.1668078929248608,2,0.0,valid
Uttar_Pradesh,Bulandshahr,2013,5,2013-10-26,2013-10-31,0.153700100794733,0.2720049257800532,0.2525121026693679,0.1796468039677698,4,4.5825,valid
Uttar_Pradesh,Bulandshahr,2013,6,2013-10-31,2013-11-05,0.12043585090678577,0.2683814375649795,0.24019672312617896,0.16774432694293115,0,,insufficient_data
Uttar_Pradesh,Bulandshahr,2013,7,2013-11-05,2013-11-10,0.12364201250680978,0.25637219828533503,0.23646017282216975,0.1698372442747366,0,,insufficient_data
Uttar_Pradesh,Bulandshahr,2013,8,2013-11-10,2013-11-15,0.1194112134796255,0.2341648937432052,0.2270855426106797,0.1655033840541272,4,5.449999999999999,valid
Uttar_Pradesh,Bulandshahr,2013,9,2013-11-15,2013-11-20,0.11193522929239343,0.22680326469286813,0.22138793365347664,0.17064976228212117,0,,insufficient_data
Uttar_Pradesh,Bulandshahr,2013,10,2013-11-20,2013-11-25,0.1129898072732938,0.227458577394283,0.2169759601537274,0.1673908961521885,4,1.505,valid
Uttar_Pradesh,Bulandshahr,2013,11,2013-11-25,2013-11-30,0.1092245189348191,0.2175363132963558,0.2197751370468095,0.17280109968429,2,0.0,valid
Uttar_Pradesh,Bulandshahr,2013,12,2013-11-30,2013-12-05,0.1061153774818353,0.2280532743376286,0.22171509480269,0.1769036692378789,2,0.105,valid
Uttar_Pradesh,Bulandshahr,2013,13,2013-12-05,2013-12-10,0.1103292241333351,0.2195466586133343,0.1997878665183929,0.1542038578504288,4,4.8,valid
Uttar_Pradesh,Bulandshahr,2013,14,2013-12-10,2013-12-15,0.12675565513749737,0.22262656156182967,0.22566414959197312,0.1854326566931494,0,,insufficient_data
Uttar_Pradesh,Bulandshahr,2013,15,2013-12-15,2013-12-20,0.1813535,0.22537,0.2613785,0.2378219999999999,2,12.6,valid
Uttar_Pradesh,Bulandshahr,2013,16,2013-12-20,2013-12-25,0.12043961747653655,0.22075598623059903,0.2074249666302168,0.16580131462212175,0,,insufficient_data
Uttar_Pradesh,Bulandshahr,2013,17,2013-12-25,2013-12-30,0.1254948141481373,0.2213606500392314,0.21124351668612876,0.1716000430079682,0,,insufficient_data
Uttar_Pradesh,Bulandshahr,2013,18,2013-12-30,2014-01-04,0.0696361282962746,0.2173513000784628,0.1611085333722575,0.1053780860159365,1,4.21,valid
Uttar_Pradesh,Bulandshahr,2013,19,2014-01-04,2014-01-09,0.0696361282962746,0.2173513000784628,0.1611085333722575,0.1053780860159365,0,,insufficient_data
Uttar_Pradesh,Bulandshahr,2013,20,2014-01-09,2014-01-14,0.0696361282962746,0.2173513000784628,0.1611085333722575,0.1053780860159365,0,,insufficient_data
Uttar_Pradesh,Bulandshahr,2013,21,2014-01-14,2014-01-19,0.0696361282962746,0.2173513000784628,0.1611085333722575,0.1053780860159365,0,,insufficient_data
Uttar_Pradesh,Bulandshahr,2013,22,2014-01-19,2014-01-24,,,,,0,,insufficient_data
Uttar_Pradesh,Bulandshahr,2013,23,2014-01-24,2014-01-29,0.0538588559744161,0.3161235373276471,0.1554265188859989,0.0924425787206251,0,,insufficient_data
Uttar_Pradesh,Bulandshahr,2013,24,2014-01-29,2014-02-03,0.0598497403292268,0.3333648772550339,0.1600296552796735,0.08980882841043675,0,,insufficient_data
Uttar_Pradesh,Bulandshahr,2013,25,2014-02-03,2014-02-08,0.05993891500401483,0.329173325090724,0.16011420251341624,0.09242828791535158,0,,insufficient_data
Uttar_Pradesh,Bulandshahr,2013,26,2014-02-08,2014-02-13,0.0538588559744161,0.3161235373276471,0.1554265188859989,0.0924425787206251,3,1.62,valid
Uttar_Pradesh,Bulandshahr,2013,27,2014-02-13,2014-02-18,0.0658406246840375,0.3506062171824207,0.1646327916733481,0.0871750781002484,2,0.5,valid
Uttar_Pradesh,Bulandshahr,2013,28,2014-02-18,2014-02-23,0.0601172643535909,0.3207902207621042,0.1602832969809017,0.0976672069251813,2,1.04,valid
Uttar_Pradesh,Bulandshahr,2013,29,2014-02-23,2014-02-28,0.05992253305096438,0.32912026496547686,0.15975112465677782,0.09218295302455018,0,,insufficient_data
Uttar_Pradesh,Bulandshahr,2013,30,2014-02-28,2014-03-05,0.06143845232010145,0.33236944687493436,0.16083227609947254,0.09211804660053145,0,,insufficient_data
Uttar_Pradesh,Bulandshahr,2013,31,2014-03-05,2014-03-10,0.0630675075083468,0.3459815514919458,0.1631027572211489,0.0916967820129201,3,4.446666666666666,valid
Uttar_Pradesh,Bulandshahr,2013,32,2014-03-10,2014-03-15,0.0567284127344306,0.3120997980632667,0.1553102585224915,0.091933119363776,4,1.275,valid
Uttar_Pradesh,Bulandshahr,2013,33,2014-03-15,2014-03-20,0.0720131757398515,0.29283153582397414,0.17082989072805463,0.10676990583491483,0,,insufficient_data
Uttar_Pradesh,Bulandshahr,2013,34,2014-03-20,2014-03-25,0.0783364773154184,0.2943385615489735,0.1752139682760575,0.1135606705881351,3,7.536666666666666,valid
Uttar_Pradesh,Bulandshahr,2013,35,2014-03-25,2014-03-30,0.0779646328694935,0.2542880430924983,0.1694639036504455,0.1099878005204608,2,13.305,valid
Uttar_Pradesh,Bulandshahr,2013,36,2014-03-30,2014-04-04,0.0839688482715682,0.2574497249231865,0.1910585659701298,0.1266711566892822,2,7.0,valid
Uttar_Pradesh,Bulandshahr,2013,37,2014-04-04,2014-04-09,0.1204396113573239,0.2337815490778645,0.2133995539085517,0.1528310689389767,4,11.3675,valid
Uttar_Pradesh,Bulandshahr,2013,38,2014-04-09,2014-04-14,0.11436059169893915,0.24864546330205944,0.22413746303942927,0.16471453562356478,0,,insufficient_data
Uttar_Pradesh,Bulandshahr,2013,39,2014-04-14,2014-04-19,0.1374974402661783,0.2521796116182244,0.2582642852282059,0.1953665091805937,2,12.0,valid
Uttar_Pradesh,Bulandshahr,2013,40,2014-04-19,2014-04-24,0.1519324257301319,0.2455283877985235,0.2885010064398135,0.2387161427885105,4,0.255,valid
Uttar_Pradesh,Bulandshahr,2013,41,2014-04-24,2014-04-29,0.1447149329981551,0.24885399970837396,0.27338264583400973,0.2170413259845521,0,,insufficient_data
Uttar_Pradesh,Bulandshahr,2013,42,2014-04-29,2014-05-04,0.1447149329981551,0.24885399970837396,0.27338264583400973,0.2170413259845521,0,,insufficient_data
Uttar_Pradesh,Bulandshahr,2014,0,2014-10-01,2014-10-06,0.09374073364446513,0.2791060617810732,0.2180115195642729,0.13851959975337466,0,,insufficient_data
Uttar_Pradesh,Bulandshahr,2014,1,2014-10-06,2014-10-11,0.0858884893701123,0.2989163048723739,0.2181099059291493,0.1358901277159493,4,8.425,valid
Uttar_Pradesh,Bulandshahr,2014,2,2014-10-11,2014-10-16,0.1110890295055631,0.2764953737998012,0.2291452362337131,0.1444604503201501,2,19.0,valid
Uttar_Pradesh,Bulandshahr,2014,3,2014-10-16,2014-10-21,0.08424468205772,0.2619065066710446,0.2067794165299563,0.1352082212240246,1,6.38,valid
Uttar_Pradesh,Bulandshahr,2014,4,2014-10-21,2014-10-26,0.1084676328458974,0.2579485845982234,0.2382490249291516,0.1708347936046644,4,3.0250000000000004,valid
Uttar_Pradesh,Bulandshahr,2014,5,2014-10-26,2014-10-31,0.12611441556075872,0.26164258579666844,0.23409254944011465,0.16393118864053882,0,,insufficient_data
Uttar_Pradesh,Bulandshahr,2014,6,2014-10-31,2014-11-05,0.2013734438129751,0.274656506669074,0.2589195600030844,0.1915772400533689,2,4.5,valid
Uttar_Pradesh,Bulandshahr,2014,7,2014-11-05,2014-11-10,0.1253972895816381,0.237205957245199,0.2373695095046679,0.1775752380004861,4,3.04,valid
Uttar_Pradesh,Bulandshahr,2014,8,2014-11-10,2014-11-15,0.13685681508664527,0.23094204795585238,0.23517321276680278,0.18296474553630337,0,,insufficient_data
Uttar_Pradesh,Bulandshahr,2014,9,2014-11-15,2014-11-20,0.1276216532153684,0.2227856209224438,0.2373468970947575,0.1891954703958744,4,0.6950000000000001,valid
Uttar_Pradesh,Bulandshahr,2014,10,2014-11-20,2014-11-25,0.1130085966235381,0.2059063855587953,0.2137229101941744,0.1754907678519254,2,1.205,valid
Uttar_Pradesh,Bulandshahr,2014,11,2014-11-25,2014-11-30,0.1168830921997067,0.2141557693837496,0.2285071870373296,0.1809850113798621,2,0.0,valid
Uttar_Pradesh,Bulandshahr,2014,12,2014-11-30,2014-12-05,0.1135277493351845,0.2127776758497031,0.2257350074634393,0.1813606406111081,4,1.9675,valid
Uttar_Pradesh,Bulandshahr,2014,13,2014-12-05,2014-12-10,0.11087538959119345,0.21278519454940378,0.21787014140704733,0.17431118034172155,0,,insufficient_data
Uttar_Pradesh,Bulandshahr,2014,14,2014-12-10,2014-12-15,0.1000821202063445,0.2183009474053671,0.203515460933246,0.1594083015239905,4,0.4575,valid
Uttar_Pradesh,Bulandshahr,2014,15,2014-12-15,2014-12-20,0.1068049347707645,0.2155393116275351,0.21462523419834265,0.17038447106754928,1,22.0,missing_bands
Uttar_Pradesh,Bulandshahr,2014,16,2014-12-20,2014-12-25,0.1000821202063445,0.2183009474053671,0.203515460933246,0.1594083015239905,0,,insufficient_data
Uttar_Pradesh,Bulandshahr,2014,17,2014-12-25,2014-12-30,0.1000821202063445,0.2183009474053671,0.203515460933246,0.1594083015239905,0,,insufficient_data
Uttar_Pradesh,Bulandshahr,2014,18,2014-12-30,2015-01-04,,,,,0,,insufficient_data
Uttar_Pradesh,Bulandshahr,2014,19,2015-01-04,2015-01-09,,,,,0,,insufficient_data
Uttar_Pradesh,Bulandshahr,2014,20,2015-01-09,2015-01-14,0.0562496130443223,0.3090139499701988,0.1527145616824598,0.0888739519631106,1,11.0,missing_bands
Uttar_Pradesh,Bulandshahr,2014,21,2015-01-14,2015-01-19,0.0562496130443223,0.3090139499701988,0.1527145616824598,0.0888739519631106,0,,insufficient_data
Uttar_Pradesh,Bulandshahr,2014,22,2015-01-19,2015-01-24,0.0562496130443223,0.3090139499701988,0.1527145616824598,0.0888739519631106,0,,insufficient_data
Uttar_Pradesh,Bulandshahr,2014,23,2015-01-24,2015-01-29,0.0562496130443223,0.3090139499701988,0.1527145616824598,0.0888739519631106,2,28.73,valid
Uttar_Pradesh,Bulandshahr,2014,24,2015-01-29,2015-02-03,0.05590098359719183,0.3328883482496424,0.15860824771784274,0.09157344378063559,0,,insufficient_data
Uttar_Pradesh,Bulandshahr,2014,25,2015-02-03,2015-02-08,0.06004450808186272,0.3360946430600236,0.15848716778067432,0.09054750000936929,0,,insufficient_data
Uttar_Pradesh,Bulandshahr,2014,26,2015-02-08,2015-02-13,0.0521851212021659,0.3337511740562647,0.1500795492755455,0.0859998929264762,2,0.075,valid
Uttar_Pradesh,Bulandshahr,2014,27,2015-02-13,2015-02-18,0.0592682165450873,0.3558999207224637,0.1730306321955228,0.09984648645232,2,1.0,valid
Uttar_Pradesh,Bulandshahr,2014,28,2015-02-18,2015-02-23,0.0724750815358754,0.3457135274911673,0.1581239279691691,0.0874696686955704,3,4.3933333333333335,valid
Uttar_Pradesh,Bulandshahr,2014,29,2015-02-23,2015-02-28,0.059799815942566406,0.34111575168772135,0.15699135247744542,0.089661146666877,0,,insufficient_data
Uttar_Pradesh,Bulandshahr,2014,30,2015-02-28,2015-03-05,0.0545356337178437,0.3433582312419674,0.149010430421585,0.0881957312901049,1,0.45,valid
Uttar_Pradesh,Bulandshahr,2014,31,2015-03-05,2015-03-10,0.0605350267118597,0.3268559049267433,0.1547122225254047,0.0867939539699135,3,11.426666666666668,valid
Uttar_Pradesh,Bulandshahr,2014,32,2015-03-10,2015-03-15,0.06979649478979529,0.30278769610627737,0.1667344951976323,0.10334450047298079,0,,insufficient_data
Uttar_Pradesh,Bulandshahr,2014,33,2015-03-15,2015-03-20,0.0552465797098296,0.3165084115629038,0.1565225223833239,0.085035208532774,3,5.3500000000000005,valid
Uttar_Pradesh,Bulandshahr,2014,34,2015-03-20,2015-03-25,0.0793127180759728,0.2686456558405287,0.1840854573404764,0.1180732824829741,2,0.0,valid
Uttar_Pradesh,Bulandshahr,2014,35,2015-03-25,2015-03-30,0.0993525157334706,0.2585702769592435,0.1893418433173715,0.1386243260891374,2,13.675,valid
Uttar_Pradesh,Bulandshahr,2014,36,2015-03-30,2015-04-04,0.1084072691501473,0.2422883649361523,0.2108000988501183,0.1504821992567772,3,12.296666666666669,valid
Uttar_Pradesh,Bulandshahr,2014,37,2015-04-04,2015-04-09,0.10949581044111259,0.24719553354584772,0.22094695561321903,0.1630671681303486,0,,insufficient_data
Uttar_Pradesh,Bulandshahr,2014,38,2015-04-09,2015-04-14,0.1215713908296672,0.2230974178130725,0.2473736761339505,0.189146648768784,4,0.0025,valid
Uttar_Pradesh,Bulandshahr,2014,39,2015-04-14,2015-04-19,0.138835158416305,0.2433759521802417,0.2731337024241784,0.2190093840540704,4,0.3399999999999999,valid
Uttar_Pradesh,Bulandshahr,2014,40,2015-04-19,2015-04-24,0.13814391321852273,0.23533737237973518,0.27272596898741247,0.2194379133852752,0,,insufficient_data
Uttar_Pradesh,Bulandshahr,2014,41,2015-04-24,2015-04-29,0.154025190409596,0.2395387471458914,0.2976705284041086,0.2501577073329712,3,2.2666666666666666,valid
Uttar_Pradesh,Bulandshahr,2014,42,2015-04-29,2015-05-04,0.1464301744129505,0.24145734966306653,0.2854021154141435,0.2345835456935208,0,,insufficient_data
Uttar_Pradesh,Bulandshahr,2015,0,2015-10-01,2015-10-06,0.088627922556783,0.2889543180449077,0.2191720481504408,0.1405268891059491,4,0.0475,valid
Uttar_Pradesh,Bulandshahr,2015,1,2015-10-06,2015-10-11,0.0959182561447914,0.2805415296655379,0.2271902660061037,0.1548367084224309,2,0.02,valid
Uttar_Pradesh,Bulandshahr,2015,2,2015-10-11,2015-10-16,0.1083928888445431,0.2713237517241544,0.2444782910098449,0.1695012028113558,2,0.0,valid
Uttar_Pradesh,Bulandshahr,2015,3,2015-10-16,2015-10-21,0.1314179929763447,0.2762302236918554,0.2503181653955686,0.1717663257812839,4,0.6275,valid
Uttar_Pradesh,Bulandshahr,2015,4,2015-10-21,2015-10-26,0.1223828332201724,0.26774721735880896,0.24755922649744763,0.1765849577295316,0,,insufficient_data
Uttar_Pradesh,Bulandshahr,2015,5,2015-10-26,2015-10-31,0.1196881729795786,0.2610813509423852,0.2518669201293226,0.1837291360381913,4,2.6525,valid
Uttar_Pradesh,Bulandshahr,2015,6,2015-10-31,2015-11-05,0.1564968551556042,0.2495592307701118,0.2639424899463984,0.2030914155943959,3,5.256666666666667,valid
Uttar_Pradesh,Bulandshahr,2015,7,2015-11-05,2015-11-10,0.12243811933002655,0.24015459788117283,0.2380262358622777,0.17998762621737574,0,,insufficient_data
Uttar_Pradesh,Bulandshahr,2015,8,2015-11-10,2015-11-15,0.1092242698602677,0.2301106039003132,0.2270528712990205,0.1713191459983533,4,5.495,valid
Uttar_Pradesh,Bulandshahr,2015,9,2015-11-15,2015-11-20,0.1252720157436139,0.2257811163096073,0.2277189097524389,0.1742405588389886,2,4.0,valid
Uttar_Pradesh,Bulandshahr,2015,10,2015-11-20,2015-11-25,0.1015092829110684,0.2342406874834464,0.2195499881842081,0.1675578746169496,2,4.725,valid
Uttar_Pradesh,Bulandshahr,2015,11,2015-11-25,2015-11-30,0.1783965003155866,0.230332460939536,0.1964075398947693,0.1462884205215965,1,2.0,valid
Uttar_Pradesh,Bulandshahr,2015,12,2015-11-30,2015-12-05,0.12440220011864085,0.2286046204153101,0.21056284523554747,0.15957221053650644,0,,insufficient_data
Uttar_Pradesh,Bulandshahr,2015,13,2015-12-05,2015-12-10,0.1210881053425848,0.2247580850594233,0.2110652856182438,0.1580444130778323,4,2.99,valid
Uttar_Pradesh,Bulandshahr,2015,14,2015-12-10,2015-12-15,0.0957450962803505,0.2279107522845375,0.1980725027280772,0.1517297856271653,3,11.86,valid
Uttar_Pradesh,Bulandshahr,2015,15,2015-12-15,2015-12-20,0.11612743874377149,0.2296746061554386,0.20228111483809613,0.150554166012294,0,,insufficient_data
Uttar_Pradesh,Bulandshahr,2015,16,2015-12-20,2015-12-25,0.1454155064039864,0.2291353508171925,0.1898190223691031,0.1387635981061913,4,6.84,valid
Uttar_Pradesh,Bulandshahr,2015,17,2015-12-25,2015-12-30,0.1201120299685563,0.23381728092770768,0.1942486844004188,0.14047841393250265,0,,insufficient_data
Uttar_Pradesh,Bulandshahr,2015,18,2015-12-30,2016-01-04,0.1022610469481643,0.2368942364606011,0.2101676486369605,0.1536788672379871,2,8.0,valid
Uttar_Pradesh,Bulandshahr,2015,19,2016-01-04,2016-01-09,0.137026470241724,0.2413287841484996,0.1789355638675344,0.1177414047586669,4,9.845,valid
Uttar_Pradesh,Bulandshahr,2015,20,2016-01-09,2016-01-14,0.11964375859494417,0.23911151030455036,0.19455160625224743,0.135710135998327,0,,insufficient_data
Uttar_Pradesh,Bulandshahr,2015,21,2016-01-14,2016-01-19,0.10061939969963185,0.25202615276811763,0.18141635538720233,0.12214356996628077,0,,insufficient_data
Uttar_Pradesh,Bulandshahr,2015,22,2016-01-19,2016-01-24,0.11015714835085348,0.27871334336334314,0.16540326132951166,0.1005088226324053,0,,insufficient_data
Uttar_Pradesh,Bulandshahr,2015,23,2016-01-24,2016-01-29,0.08673378228619653,0.28822632748578864,0.16011297375614433,0.09702540894543087,0,,insufficient_data
Uttar_Pradesh,Bulandshahr,2015,24,2016-01-29,2016-02-03,0.0625706819090072,0.2778554376952522,0.1551458536571121,0.0950104379021883,3,4.753333333333333,valid
Uttar_Pradesh,Bulandshahr,2015,25,2016-02-03,2016-02-08,0.1308742929018292,0.3169558082462777,0.1621283664638885,0.0887746252363607,1,17.0,valid
Uttar_Pradesh,Bulandshahr,2015,26,2016-02-08,2016-02-13,0.0667563720477532,0.269867736515836,0.1630647011474324,0.1072911636977436,2,1.85,valid
Uttar_Pradesh,Bulandshahr,2015,27,2016-02-13,2016-02-18,0.0894671055399845,0.3241601702630571,0.1771962319798856,0.1132341512985059,3,12.743333333333334,valid
Uttar_Pradesh,Bulandshahr,2015,28,2016-02-18,2016-02-23,0.08066950482073557,0.30661767118726824,0.1646749923385819,0.10057140156666196,0,,insufficient_data
Uttar_Pradesh,Bulandshahr,2015,29,2016-02-23,2016-02-28,0.0562166043150516,0.3287573638215922,0.167018270864395,0.0980553445297842,4,0.0175,valid
Uttar_Pradesh,Bulandshahr,2015,30,2016-02-28,2016-03-04,0.0600331492990593,0.293347277089578,0.153967391237308,0.0955017230709154,4,2.225,valid
Uttar_Pradesh,Bulandshahr,2015,31,2016-03-04,2016-03-09,0.07500383769520667,0.30280598640024703,0.17802904496369767,0.11287326646869103,0,,insufficient_data
Uttar_Pradesh,Bulandshahr,2015,32,2016-03-09,2016-03-14,0.0771157202584677,0.2923901831242385,0.1689944641224623,0.1054950067651902,2,11.125,valid
Uttar_Pradesh,Bulandshahr,2015,33,2016-03-14,2016-03-19,0.0816144973619126,0.3117880667543443,0.1891704229784375,0.1215654010947966,1,20.23,valid
Uttar_Pradesh,Bulandshahr,2015,34,2016-03-19,2016-03-24,0.1000392172415422,0.2877470412114822,0.2109946756158855,0.1437488568827687,2,12.0,valid
Uttar_Pradesh,Bulandshahr,2015,35,2016-03-24,2016-03-29,0.1141734275498324,0.2461532660791011,0.2057362912534297,0.1434143877671497,1,9.0,valid
Uttar_Pradesh,Bulandshahr,2015,36,2016-03-29,2016-04-03,0.11033319418079045,0.2699212099131163,0.21862117152996013,0.15509934743928475,0,,insufficient_data
Uttar_Pradesh,Bulandshahr,2015,37,2016-04-03,2016-04-08,0.12674635851097688,0.2594955104407388,0.24075992821373957,0.17923770097646172,0,,insufficient_data
Uttar_Pradesh,Bulandshahr,2015,38,2016-04-08,2016-04-13,0.1455056345698746,0.2339964656075377,0.2685832962720877,0.211668744012424,4,0.245,valid
Uttar_Pradesh,Bulandshahr,2015,39,2016-04-13,2016-04-18,0.1511373223657694,0.2597551631200733,0.2857269004861105,0.2306546233250205,0,,insufficient_data
Uttar_Pradesh,Bulandshahr,2015,40,2016-04-18,2016-04-23,0.1472671546826583,0.2700852688648342,0.2777254497135554,0.2181188152435045,1,4.0,valid
Uttar_Pradesh,Bulandshahr,2015,41,2016-04-23,2016-04-28,0.1644079750853202,0.2530068960500453,0.3004498860737769,0.2525298552422078,2,0.5,valid
Uttar_Pradesh,Bulandshahr,2015,42,2016-04-28,2016-05-03,0.1473685251252245,0.281932021957876,0.2961489698850221,0.2403010788019458,2,0.64,valid
Uttar_Pradesh,Bulandshahr,2016,0,2016-10-01,2016-10-06,0.1338788957561471,0.2879014294009499,0.2118350188259633,0.123799092550787,3,23.136666666666667,valid
Uttar_Pradesh,Bulandshahr,2016,1,2016-10-06,2016-10-11,0.11348384804760367,0.2766779013214817,0.23491180227340697,0.15745368333653195,0,,insufficient_data
Uttar_Pradesh,Bulandshahr,2016,2,2016-10-11,2016-10-16,0.0945361892586962,0.282277509533046,0.2263193716401147,0.1514403464922819,4,0.0275,valid
Uttar_Pradesh,Bulandshahr,2016,3,2016-10-16,2016-10-21,0.115939253077953,0.2653133224041046,0.2535047202892977,0.1788457816602009,2,0.5,valid
Uttar_Pradesh,Bulandshahr,2016,4,2016-10-21,2016-10-26,0.1095810540976184,0.2712193439478261,0.2479880983382521,0.175729512642858,2,0.125,valid
Uttar_Pradesh,Bulandshahr,2016,5,2016-10-26,2016-10-31,0.1231056496395982,0.248564253130063,0.2389707261011849,0.1777368158598831,4,0.7875,valid
Uttar_Pradesh,Bulandshahr,2016,6,2016-10-31,2016-11-05,0.1250745026308643,0.25810948979772064,0.2372129165014875,0.17114538562694728,0,,insufficient_data
Uttar_Pradesh,Bulandshahr,2016,7,2016-11-05,2016-11-10,0.1668425466713048,0.2864058195257395,0.231932767747365,0.1664969088092859,2,12.335,valid
Uttar_Pradesh,Bulandshahr,2016,8,2016-11-10,2016-11-15,0.1099040096678471,0.2190447099808699,0.2136682700313376,0.1569179091625085,4,5.6325,valid
Uttar_Pradesh,Bulandshahr,2016,9,2016-11-15,2016-11-20,0.1302087390107724,0.2307638889292459,0.21933676973365052,0.16669663013838965,0,,insufficient_data
Uttar_Pradesh,Bulandshahr,2016,10,2016-11-20,2016-11-25,0.1242480503839778,0.2211713921094308,0.2239878879776971,0.1701133837562996,4,0.32,valid
Uttar_Pradesh,Bulandshahr,2016,11,2016-11-25,2016-11-30,0.1177579424354161,0.2061905357104465,0.2235208300931609,0.1912873085358967,1,9.99,valid
Uttar_Pradesh,Bulandshahr,2016,12,2016-11-30,2016-12-05,0.1322911458953161,0.2210069873197428,0.203574092818692,0.1486676404279575,1,0.0,valid
Uttar_Pradesh,Bulandshahr,2016,13,2016-12-05,2016-12-10,0.11469947165138747,0.21767796494406583,0.2041843083077048,0.15607618636839568,0,,insufficient_data
Uttar_Pradesh,Bulandshahr,2016,14,2016-12-10,2016-12-15,0.1123123269682399,0.21680460815272465,0.19923341339020673,0.1525668870214197,0,,insufficient_data
Uttar_Pradesh,Bulandshahr,2016,15,2016-12-15,2016-12-20,0.0938506527454912,0.2151298581801471,0.1881591348296707,0.1441409370506859,2,9.15,valid
Uttar_Pradesh,Bulandshahr,2016,16,2016-12-20,2016-12-25,0.1053495667967362,0.2248910514005622,0.1816795958193032,0.1261716620711387,4,2.565,valid
Uttar_Pradesh,Bulandshahr,2016,17,2016-12-25,2016-12-30,0.09391721516232762,0.2415047451431937,0.1683779435704577,0.11197963212331152,0,,insufficient_data
Uttar_Pradesh,Bulandshahr,2016,18,2016-12-30,2017-01-04,0.08781957369697262,0.2502606289737435,0.16559480801200308,0.10803531616981824,1,10.0,missing_bands
Uttar_Pradesh,Bulandshahr,2016,19,2017-01-04,2017-01-09,0.1146737139715327,0.2716976839043405,0.153151621215325,0.0846731130216367,1,17.0,valid
Uttar_Pradesh,Bulandshahr,2016,20,2017-01-09,2017-01-14,0.0617949271355504,0.254300387087725,0.1505214224175319,0.0929328163497848,2,9.64,valid
Uttar_Pradesh,Bulandshahr,2016,21,2017-01-14,2017-01-19,0.0634290078355526,0.2852841642959428,0.1544622657781846,0.0922580523558451,2,24.43,valid
Uttar_Pradesh,Bulandshahr,2016,22,2017-01-19,2017-01-24,0.07261339329453333,0.2894468291908628,0.14956587520641862,0.08586441848279025,0,,insufficient_data
Uttar_Pradesh,Bulandshahr,2016,23,2017-01-24,2017-01-29,0.0757190334684381,0.2965607527702292,0.1546691160686111,0.0859323264118809,3,18.98,valid
Uttar_Pradesh,Bulandshahr,2016,24,2017-01-29,2017-02-03,0.0474502840615928,0.3393911578960763,0.1350249505524404,0.0735257842748037,3,13.033333333333331,valid
Uttar_Pradesh,Bulandshahr,2016,25,2017-02-03,2017-02-08,0.06289686356412005,0.3293825039653051,0.15636465776569541,0.08815452088929282,0,,insufficient_data
Uttar_Pradesh,Bulandshahr,2016,26,2017-02-08,2017-02-13,0.0621998901136127,0.3414831975075926,0.159209837602202,0.0867248486252278,4,1.76,valid
Uttar_Pradesh,Bulandshahr,2016,27,2017-02-13,2017-02-18,0.059066716293846,0.3384672600456623,0.15969016615755752,0.09179222602551,0,,insufficient_data
Uttar_Pradesh,Bulandshahr,2016,28,2017-02-18,2017-02-23,0.0662182466128366,0.3400949076873224,0.1765547268395281,0.1064351242452589,2,3.0,valid
Uttar_Pradesh,Bulandshahr,2016,29,2017-02-23,2017-02-28,0.0603984443873419,0.3328997770916581,0.1679711496360595,0.1004831469567496,4,0.015,valid
Uttar_Pradesh,Bulandshahr,2016,30,2017-02-28,2017-03-05,0.06469612929377958,0.32147635778410133,0.16887826036661152,0.10587629654232744,0,,insufficient_data
Uttar_Pradesh,Bulandshahr,2016,31,2017-03-05,2017-03-10,0.0590613767615219,0.3089968987919419,0.1562346649449363,0.1000060254046101,4,0.0075,valid
Uttar_Pradesh,Bulandshahr,2016,32,2017-03-10,2017-03-15,0.0731064494134179,0.303913847565483,0.1747525000459222,0.1165808895626912,2,4.095000000000001,valid
Uttar_Pradesh,Bulandshahr,2016,33,2017-03-15,2017-03-20,0.08324262505611042,0.2797921022545835,0.18066887768320522,0.12380316996014498,0,,insufficient_data
Uttar_Pradesh,Bulandshahr,2016,34,2017-03-20,2017-03-25,0.0803555876538894,0.2828462902577035,0.1731615104996615,0.1172497625934499,4,0.255,valid
Uttar_Pradesh,Bulandshahr,2016,35,2017-03-25,2017-03-30,0.1036102310229369,0.2453493872983076,0.1935708868352254,0.137253032476387,2,0.0,valid
Uttar_Pradesh,Bulandshahr,2016,36,2017-03-30,2017-04-04,0.100079480428786,0.2578540873594814,0.2056248260902807,0.1479261397635867,2,0.0,valid
Uttar_Pradesh,Bulandshahr,2016,37,2017-04-04,2017-04-09,0.1167461103227457,0.2368734938204424,0.2170597414060684,0.1598937421213968,3,0.19,valid
Uttar_Pradesh,Bulandshahr,2016,38,2017-04-09,2017-04-14,0.12644138353234008,0.24657630602555575,0.23301973503214776,0.17552525692246096,0,,insufficient_data
Uttar_Pradesh,Bulandshahr,2016,39,2017-04-14,2017-04-19,0.1476123937699375,0.2343071549640603,0.26788851897027,0.2164454542702618,4,0.0775,valid
Uttar_Pradesh,Bulandshahr,2016,40,2017-04-19,2017-04-24,0.1641587021172943,0.2584974066854869,0.2809547018588944,0.2161079159806726,4,2.7175,valid
Uttar_Pradesh,Bulandshahr,2016,41,2017-04-24,2017-04-29,0.15588554794361592,0.24640228082477358,0.2744216104145822,0.21627668512546722,0,,insufficient_data
Uttar_Pradesh,Bulandshahr,2016,42,2017-04-29,2017-05-04,0.15588554794361592,0.24640228082477358,0.2744216104145822,0.21627668512546722,0,,insufficient_data
Uttar_Pradesh,Bulandshahr,2017,0,2017-10-01,2017-10-06,0.10593700342540878,0.27088334983722445,0.24301511393501773,0.16969682014635323,0,,insufficient_data
Uttar_Pradesh,Bulandshahr,2017,1,2017-10-06,2017-10-11,0.0930815731628152,0.2794300244942791,0.2282958411170523,0.1486136723608885,4,0.2025,valid
Uttar_Pradesh,Bulandshahr,2017,2,2017-10-11,2017-10-16,0.10256135882635,0.2649574504756845,0.2339462729887956,0.166071101014714,2,0.065,valid
Uttar_Pradesh,Bulandshahr,2017,3,2017-10-16,2017-10-21,0.1221680782870611,0.2682625745417097,0.2668032276992053,0.1944056870634572,2,0.0,valid
Uttar_Pradesh,Bulandshahr,2017,4,2017-10-21,2017-10-26,0.129157199131269,0.2543669006640873,0.2493097819337487,0.1822641656053127,4,0.0725,valid
Uttar_Pradesh,Bulandshahr,2017,5,2017-10-26,2017-10-31,0.12288470763144645,0.25393422354642464,0.24664143467129296,0.1811143227596812,0,,insufficient_data
Uttar_Pradesh,Bulandshahr,2017,6,2017-10-31,2017-11-05,0.1376521942811057,0.228149968504217,0.2365064560634222,0.1817163373552409,3,8.753333333333332,valid
Uttar_Pradesh,Bulandshahr,2017,7,2017-11-05,2017-11-10,0.12815894155975263,0.23112014199052655,0.22616772309250785,0.1699445292059791,0,,insufficient_data
Uttar_Pradesh,Bulandshahr,2017,8,2017-11-10,2017-11-15,0.12100604546336055,0.22285291270407745,0.2158598031496986,0.16492431097066718,0,,insufficient_data
Uttar_Pradesh,Bulandshahr,2017,9,2017-11-15,2017-11-20,0.1186564097800178,0.2155906307285973,0.197753428615483,0.1431592316746154,2,4.615,valid
Uttar_Pradesh,Bulandshahr,2017,10,2017-11-20,2017-11-25,0.127169963046618,0.2263730680652046,0.2211012257573776,0.1726383821887474,2,3.5,valid
Uttar_Pradesh,Bulandshahr,2017,11,2017-11-25,2017-11-30,0.1005456147457007,0.2212979835182909,0.2080781021625116,0.162183292664065,1,0.01,valid
Uttar_Pradesh,Bulandshahr,2017,12,2017-11-30,2017-12-05,0.1051370369914769,0.2134873342971041,0.2015597984095919,0.1613508823189755,2,3.435,valid
Uttar_Pradesh,Bulandshahr,2017,13,2017-12-05,2017-12-10,0.10770520723318744,0.2258069797608575,0.20698987712800987,0.16044212007363495,0,,insufficient_data
Uttar_Pradesh,Bulandshahr,2017,14,2017-12-10,2017-12-15,0.1153896796801648,0.2320157172169438,0.2131344940294856,0.1645944890197092,4,1.405,valid
Uttar_Pradesh,Bulandshahr,2017,15,2017-12-15,2017-12-20,0.0902837417019768,0.2358607957067442,0.1910757652810825,0.1414435541766777,3,16.643333333333334,valid
Uttar_Pradesh,Bulandshahr,2017,16,2017-12-20,2017-12-25,0.10825660070323632,0.2405991185130837,0.19419391892395046,0.14093036217073832,0,,insufficient_data
Uttar_Pradesh,Bulandshahr,2017,17,2017-12-25,2017-12-30,0.1190963807275674,0.253920842615563,0.1783714974612834,0.1167530433158281,4,11.05,valid
Uttar_Pradesh,Bulandshahr,2017,18,2017-12-30,2018-01-04,0.09360026578491516,0.24797440210946017,0.17614913771827645,0.117329608375128,0,,insufficient_data
Uttar_Pradesh,Bulandshahr,2017,19,2018-01-04,2018-01-09,0.08164402975500613,0.25555327307937675,0.15932307601045206,0.09835754521564333,0,,insufficient_data
Uttar_Pradesh,Bulandshahr,2017,20,2018-01-09,2018-01-14,0.0714206749252013,0.2541415680060733,0.1590001504124635,0.0937922276328782,2,13.0,valid
Uttar_Pradesh,Bulandshahr,2017,21,2018-01-14,2018-01-19,0.0629178542687255,0.2563694883112836,0.14979886528503644,0.08915979616555095,0,,insufficient_data
Uttar_Pradesh,Bulandshahr,2017,22,2018-01-19,2018-01-24,0.0544150336122497,0.2585974086164939,0.1405975801576094,0.0845273646982237,4,2.4375,valid
Uttar_Pradesh,Bulandshahr,2017,23,2018-01-24,2018-01-29,0.4210976074544511,0.49060126261489867,0.33207428785975446,0.20643613254452498,0,,insufficient_data
Uttar_Pradesh,Bulandshahr,2017,24,2018-01-29,2018-02-03,0.4178042274466664,0.5008293130874909,0.32973880998515853,0.20503167076839596,0,,insufficient_data
Uttar_Pradesh,Bulandshahr,2017,25,2018-02-03,2018-02-08,0.0517880277661976,0.2904130658894505,0.1429841137404247,0.0851987353103021,2,0.02,valid
Uttar_Pradesh,Bulandshahr,2017,26,2018-02-08,2018-02-13,1.5067666935141557,1.1592530079475771,0.8857153071285202,0.5622262025366959,1,9.0,valid
Uttar_Pradesh,Bulandshahr,2017,27,2018-02-13,2018-02-18,0.0582471548940626,0.295053769896442,0.14965823891408,0.0881743805283621,1,23.72,valid
Uttar_Pradesh,Bulandshahr,2017,28,2018-02-18,2018-02-23,0.0577805882138693,0.3147005531621339,0.1515457818183549,0.0909449261008257,4,0.0175,valid
Uttar_Pradesh,Bulandshahr,2017,29,2018-02-23,2018-02-28,0.35113490984888107,0.47891576912207456,0.3041391545798249,0.19133938934594627,0,,insufficient_data
Uttar_Pradesh,Bulandshahr,2017,30,2018-02-28,2018-03-05,0.0732098579930794,0.3216003715630744,0.176781234797751,0.1160453434015666,2,11.485,valid
Uttar_Pradesh,Bulandshahr,2017,31,2018-03-05,2018-03-10,0.0596702546292383,0.3039711430411457,0.1569952102404181,0.0993060941622811,4,0.005,valid
Uttar_Pradesh,Bulandshahr,2017,32,2018-03-10,2018-03-15,0.07465254615442234,0.2826886338806261,0.17532108483142758,0.11761839711860131,0,,insufficient_data
Uttar_Pradesh,Bulandshahr,2017,33,2018-03-15,2018-03-20,0.0747500380083591,0.2783361350982089,0.1812745447582437,0.1254076242928792,2,0.155,valid
Uttar_Pradesh,Bulandshahr,2017,34,2018-03-20,2018-03-25,0.0742932599788211,0.248300701842992,0.1693777170151112,0.1163405906702169,2,0.01,valid
Uttar_Pradesh,Bulandshahr,2017,35,2018-03-25,2018-03-30,0.0913393201626138,0.2612348178577095,0.1921767173456139,0.1309923330660628,2,0.0,valid
Uttar_Pradesh,Bulandshahr,2017,36,2018-03-30,2018-04-04,0.1035043402703608,0.2197688523348695,0.1952111230047074,0.1395025308109769,4,0.5974999999999999,valid
Uttar_Pradesh,Bulandshahr,2017,37,2018-04-04,2018-04-09,0.11653313484061104,0.24618748350457703,0.22288465622093107,0.16436973365188737,0,,insufficient_data
Uttar_Pradesh,Bulandshahr,2017,38,2018-04-09,2018-04-14,0.1543949744399446,0.2583823315308332,0.270670467225128,0.2030867675208214,2,9.5,valid
Uttar_Pradesh,Bulandshahr,2017,39,2018-04-14,2018-04-19,0.1591337793513149,0.2432507139564808,0.2869872565140948,0.2319264461913588,4,10.75,valid
Uttar_Pradesh,Bulandshahr,2017,40,2018-04-19,2018-04-24,0.1560234394245129,0.2511275001375823,0.28376391110037535,0.22779700488035934,0,,insufficient_data
Uttar_Pradesh,Bulandshahr,2017,41,2018-04-24,2018-04-29,0.1545415644822792,0.2517494549254329,0.2936340095619033,0.2483778009288978,4,2.2525,valid
Uttar_Pradesh,Bulandshahr,2017,42,2018-04-29,2018-05-04,0.15683767191679704,0.24750008444095684,0.29031063303799903,0.2401521235601283,0,,insufficient_data
Uttar_Pradesh,Bulandshahr,2018,0,2018-10-01,2018-10-06,0.0817157160574727,0.3081270943499015,0.2112549645510546,0.1309784139687486,4,0.2675,valid
Uttar_Pradesh,Bulandshahr,2018,1,2018-10-06,2018-10-11,0.123964302780365,0.2873324306272559,0.2398531522344126,0.1583240497974047,2,10.0,valid
Uttar_Pradesh,Bulandshahr,2018,2,2018-10-11,2018-10-16,0.093702820909208,0.2781925285208179,0.2232270014979686,0.1446840347486796,2,10.22,valid
Uttar_Pradesh,Bulandshahr,2018,3,2018-10-16,2018-10-21,0.1153001655372809,0.2703767010905128,0.2423861030436982,0.1723257084815201,4,2.1175,valid
Uttar_Pradesh,Bulandshahr,2018,4,2018-10-21,2018-10-26,0.11657911618932797,0.2652448744666602,0.24033722141847144,0.1692298230451918,0,,insufficient_data
Uttar_Pradesh,Bulandshahr,2018,5,2018-10-26,2018-10-31,0.1233027600058256,0.2471461187809738,0.2471731123647189,0.183321993517786,4,4.1075,valid
Uttar_Pradesh,Bulandshahr,2018,6,2018-10-31,2018-11-05,0.1266255317139603,0.2431765933137403,0.2490467379515588,0.1874933286805687,3,7.883333333333333,valid
Uttar_Pradesh,Bulandshahr,2018,7,2018-11-05,2018-11-10,0.12902437608626285,0.23808068063860857,0.23356849909897,0.172579843249311,0,,insufficient_data
Uttar_Pradesh,Bulandshahr,2018,8,2018-11-10,2018-11-15,0.1535008003299888,0.2400266829537812,0.2290411534953614,0.1674835455992369,3,12.670000000000002,valid
Uttar_Pradesh,Bulandshahr,2018,9,2018-11-15,2018-11-20,0.1144970078740166,0.2269093429838524,0.2150030475858639,0.1591454156983536,1,24.71,valid
Uttar_Pradesh,Bulandshahr,2018,10,2018-11-20,2018-11-25,0.1271957805075229,0.233144665160695,0.2275784440973471,0.1654549327506098,2,1.0,valid
Uttar_Pradesh,Bulandshahr,2018,11,2018-11-25,2018-11-30,0.1198598574641198,0.2256149174891021,0.2224797612031242,0.1715153861887687,1,21.0,valid
Uttar_Pradesh,Bulandshahr,2018,12,2018-11-30,2018-12-05,0.11800064366494598,0.2246997722950394,0.20851672224402087,0.15510320501697744,0,,insufficient_data
Uttar_Pradesh,Bulandshahr,2018,13,2018-12-05,2018-12-10,0.1045530735521882,0.2167203665494311,0.1979817646074442,0.1540392730108847,4,0.71,valid
Uttar_Pradesh,Bulandshahr,2018,14,2018-12-10,2018-12-15,0.1238974989268825,0.2211095692921163,0.1795405937263249,0.1253610174362704,3,3.01,valid
Uttar_Pradesh,Bulandshahr,2018,15,2018-12-15,2018-12-20,0.10131628458032678,0.23124320623709615,0.18359639523657784,0.13317122188435007,0,,insufficient_data
Uttar_Pradesh,Bulandshahr,2018,16,2018-12-20,2018-12-25,0.0916178540588488,0.2367786979750193,0.1799017376954996,0.13087941076948,3,1.0166666666666666,valid
Uttar_Pradesh,Bulandshahr,2018,17,2018-12-25,2018-12-30,0.096209248640639,0.2487938579902117,0.1792479511287161,0.1191168979865869,2,0.0,valid
Uttar_Pradesh,Bulandshahr,2018,18,2018-12-30,2019-01-04,0.0903037477230754,0.2328135393787025,0.1813099290249043,0.1364595102185283,2,0.865,valid
Uttar_Pradesh,Bulandshahr,2018,19,2019-01-04,2019-01-09,0.1342323979080314,0.2714382042646785,0.1866602811111724,0.1241024491255827,3,9.163333333333334,valid
Uttar_Pradesh,Bulandshahr,2018,20,2019-01-09,2019-01-14,0.09262189176231742,0.2627383684809555,0.1717243765939,0.11202807656383089,0,,insufficient_data
Uttar_Pradesh,Bulandshahr,2018,21,2019-01-14,2019-01-19,0.064638919030494,0.2687907938306719,0.1638696419504489,0.0987111507893442,2,0.0,valid
Uttar_Pradesh,Bulandshahr,2018,22,2019-01-19,2019-01-24,0.0777251455093473,0.2918554469405127,0.1475340797542583,0.0817503746991124,3,25.606666666666666,valid
Uttar_Pradesh,Bulandshahr,2018,23,2019-01-24,2019-01-29,0.2550112845147694,0.38362017194691156,0.258432767362861,0.18414049986606834,0,,insufficient_data
Uttar_Pradesh,Bulandshahr,2018,24,2019-01-29,2019-02-03,0.0685680122947467,0.3452987327307471,0.1571275008079616,0.0871186372411227,2,19.795,valid
Uttar_Pradesh,Bulandshahr,2018,25,2019-02-03,2019-02-08,0.31846873967619455,0.4218966313189914,0.28995380916699837,0.2126169495583097,0,,insufficient_data
Uttar_Pradesh,Bulandshahr,2018,26,2019-02-08,2019-02-13,0.8091130612244897,0.6285357142857145,0.5651998469387752,0.468981836734694,1,9.0,valid
Uttar_Pradesh,Bulandshahr,2018,27,2019-02-13,2019-02-18,0.24754351244037173,0.4098535988827392,0.26070247777409494,0.18697911783523857,0,,insufficient_data
Uttar_Pradesh,Bulandshahr,2018,28,2019-02-18,2019-02-23,0.3072020124889134,0.4313718876000699,0.2952274700961394,0.22026594469994387,0,,insufficient_data
Uttar_Pradesh,Bulandshahr,2018,29,2019-02-23,2019-02-28,0.0493473080152551,0.345740358575289,0.1570599840652433,0.0927333279583429,1,3.08,valid
Uttar_Pradesh,Bulandshahr,2018,30,2019-02-28,2019-03-05,0.0631456682269954,0.3198395899392061,0.1634225792843997,0.0990826694067947,2,7.25,valid
Uttar_Pradesh,Bulandshahr,2018,31,2019-03-05,2019-03-10,0.06655647368470909,0.3264394246554219,0.1700094301899569,0.10706896728445256,0,,insufficient_data
Uttar_Pradesh,Bulandshahr,2018,32,2019-03-10,2019-03-15,0.0640827686135564,0.3311242179036872,0.1647469422337789,0.102694249171146,3,9.76,valid
Uttar_Pradesh,Bulandshahr,2018,33,2019-03-15,2019-03-20,0.0681578728063481,0.3123765832160075,0.1693827757381284,0.1062809225762424,2,0.0,valid
Uttar_Pradesh,Bulandshahr,2018,34,2019-03-20,2019-03-25,0.0880487507613904,0.32311637364292,0.1954348696282343,0.1345536673097368,2,21.915,valid
Uttar_Pradesh,Bulandshahr,2018,35,2019-03-25,2019-03-30,0.0912665829718927,0.298818053239542,0.1918196458644839,0.1268983286273762,2,8.0,valid
Uttar_Pradesh,Bulandshahr,2018,36,2019-03-30,2019-04-04,0.0918755782838244,0.2806409769375992,0.19413291855617312,0.1330669692750614,0,,insufficient_data
Uttar_Pradesh,Bulandshahr,2018,37,2019-04-04,2019-04-09,0.0886375356128772,0.2395023086421682,0.182634807467459,0.1258846817067899,4,0.54,valid
Uttar_Pradesh,Bulandshahr,2018,38,2019-04-09,2019-04-14,0.1232671492666136,0.2293915659473585,0.23139249408256,0.1717172461551617,3,3.8866666666666663,valid
Uttar_Pradesh,Bulandshahr,2018,39,2019-04-14,2019-04-19,0.13317017567784944,0.24548705605010315,0.25646084681320946,0.2008469986765656,0,,insufficient_data
Uttar_Pradesh,Bulandshahr,2018,40,2019-04-19,2019-04-24,0.137767095647968,0.2263597450269245,0.2609954777525649,0.2033781945562925,4,3.345,valid
Uttar_Pradesh,Bulandshahr,2018,41,2019-04-24,2019-04-29,0.1557281920854894,0.2633367920626873,0.3021653311895957,0.252322019505717,2,0.0,valid
Uttar_Pradesh,Bulandshahr,2018,42,2019-04-29,2019-05-04,0.160450905776299,0.2688448685713773,0.3051161235738678,0.250932851458867,2,0.0,valid
Uttar_Pradesh,Bulandshahr,2019,0,2019-10-01,2019-10-06,0.0702804541733375,0.3173439083924493,0.2003121548347477,0.117073359280259,2,1.305,valid
Uttar_Pradesh,Bulandshahr,2019,1,2019-10-06,2019-10-11,0.0914053880654089,0.3154715077138459,0.2244587795963005,0.1374638060033064,2,16.5,valid
Uttar_Pradesh,Bulandshahr,2019,2,2019-10-11,2019-10-16,0.1120338489487401,0.2836567430867571,0.227439030461235,0.1463811265054798,4,0.165,valid
Uttar_Pradesh,Bulandshahr,2019,3,2019-10-16,2019-10-21,0.0953762086417948,0.296485936904182,0.22255400926003,0.14292994442051493,0,,insufficient_data
Uttar_Pradesh,Bulandshahr,2019,4,2019-10-21,2019-10-26,0.1077851433796927,0.2694715884236759,0.2380060721478367,0.1708014858930145,2,17.669999999999998,valid
Uttar_Pradesh,Bulandshahr,2019,5,2019-10-26,2019-10-31,0.1099094961642164,0.2765641657552165,0.23272255130453584,0.15859130619924716,0,,insufficient_data
Uttar_Pradesh,Bulandshahr,2019,6,2019-10-31,2019-11-05,0.1050136445401457,0.2494399238106959,0.23276445317979694,0.16870434129564038,0,,insufficient_data
Uttar_Pradesh,Bulandshahr,2019,7,2019-11-05,2019-11-10,0.10555502130285614,0.23766700602435673,0.22564849886342433,0.1665516490628416,0,,insufficient_data
Uttar_Pradesh,Bulandshahr,2019,8,2019-11-10,2019-11-15,0.10443996026443784,0.22176471482469715,0.21946971222121814,0.16442673064775515,0,,insufficient_data
Uttar_Pradesh,Bulandshahr,2019,9,2019-11-15,2019-11-20,0.1022421457005987,0.2294082591977159,0.2275228342117572,0.1666071966982663,2,14.37,valid
Uttar_Pradesh,Bulandshahr,2019,10,2019-11-20,2019-11-25,0.106637774828277,0.2141211704516784,0.2114165902306791,0.162246264597244,2,19.41,valid
Uttar_Pradesh,Bulandshahr,2019,11,2019-11-25,2019-11-30,0.10724200503555233,0.224037673319511,0.21382179316254094,0.16024224138363063,0,,insufficient_data
Uttar_Pradesh,Bulandshahr,2019,12,2019-11-30,2019-12-05,0.1168294271603301,0.2258515358825825,0.2115199119303988,0.1550272178898676,4,5.2,valid
Uttar_Pradesh,Bulandshahr,2019,13,2019-12-05,2019-12-10,0.1032586724530035,0.2267697277460672,0.2048278362773287,0.1570882863491446,4,1.2125,valid
Uttar_Pradesh,Bulandshahr,2019,14,2019-12-10,2019-12-15,0.1100440498066668,0.22631063181432487,0.20817387410386373,0.1560577521195061,0,,insufficient_data
Uttar_Pradesh,Bulandshahr,2019,15,2019-12-15,2019-12-20,0.1100440498066668,0.22631063181432487,0.20817387410386373,0.1560577521195061,0,,insufficient_data
Uttar_Pradesh,Bulandshahr,2019,16,2019-12-20,2019-12-25,0.1032586724530035,0.2267697277460672,0.2048278362773287,0.1570882863491446,0,,insufficient_data
Uttar_Pradesh,Bulandshahr,2019,17,2019-12-25,2019-12-30,,,,,0,,insufficient_data
Uttar_Pradesh,Bulandshahr,2019,18,2019-12-30,2020-01-04,,,,,0,,insufficient_data
Uttar_Pradesh,Bulandshahr,2019,19,2020-01-04,2020-01-09,,,,,0,,insufficient_data
Uttar_Pradesh,Bulandshahr,2019,20,2020-01-09,2020-01-14,0.0580718061637808,0.3216344476578151,0.14361520987513,0.0798823924719197,0,,insufficient_data
Uttar_Pradesh,Bulandshahr,2019,21,2020-01-14,2020-01-19,0.05600425872831035,0.3433403019392353,0.14597845011838045,0.07779710526888964,0,,insufficient_data
Uttar_Pradesh,Bulandshahr,2019,22,2020-01-19,2020-01-24,0.056492753717938965,0.3317424988842805,0.14772667874717785,0.08244796806622806,0,,insufficient_data
Uttar_Pradesh,Bulandshahr,2019,23,2020-01-24,2020-01-29,0.0580718061637808,0.3216344476578151,0.14361520987513,0.0798823924719197,2,2.815,valid
Uttar_Pradesh,Bulandshahr,2019,24,2020-01-29,2020-02-03,0.0539367112928399,0.3650461562206555,0.1483416903616309,0.0757118180658596,1,0.0,valid
Uttar_Pradesh,Bulandshahr,2019,25,2020-02-03,2020-02-08,0.0574697436971962,0.3085468927743708,0.1512231360047727,0.0917496936609049,2,11.23,valid
Uttar_Pradesh,Bulandshahr,2019,26,2020-02-08,2020-02-13,0.0543123338243568,0.3258103843059651,0.1463681628278378,0.0859705371464129,4,1.685,valid
Uttar_Pradesh,Bulandshahr,2019,27,2020-02-13,2020-02-18,0.055447643925639514,0.3361217408899381,0.15150294936839276,0.08654438053263672,0,,insufficient_data
Uttar_Pradesh,Bulandshahr,2019,28,2020-02-18,2020-02-23,0.0551112638090714,0.3394479540351542,0.1586735682788127,0.0897212777958462,3,1.71,valid
Uttar_Pradesh,Bulandshahr,2019,29,2020-02-23,2020-02-28,0.0564081670047333,0.341757317113545,0.1529081893689097,0.08956857599416,2,9.875,valid
Uttar_Pradesh,Bulandshahr,2019,30,2020-02-28,2020-03-04,0.0763616483083354,0.3320490433273035,0.15988635783629837,0.09323690980240716,0,,insufficient_data
Uttar_Pradesh,Bulandshahr,2019,31,2020-03-04,2020-03-09,0.082876705383175,0.3596755787327995,0.1462096099049222,0.0756299307820867,1,18.0,valid
Uttar_Pradesh,Bulandshahr,2019,32,2020-03-09,2020-03-14,0.054886432011364,0.3269245800883524,0.1501187416288474,0.0887546644399429,1,1.17,valid
Uttar_Pradesh,Bulandshahr,2019,33,2020-03-14,2020-03-19,0.1325256733333333,0.2924397866666664,0.1915216799999998,0.1225101,1,24.0,valid
Uttar_Pradesh,Bulandshahr,2019,34,2020-03-19,2020-03-24,0.07094840391097,0.295159794895646,0.1681068860794741,0.102876260023074,4,3.0025,valid
Uttar_Pradesh,Bulandshahr,2019,35,2020-03-24,2020-03-29,0.08960855095487608,0.27994640094484324,0.18080779836202407,0.11798531764339822,0,,insufficient_data
Uttar_Pradesh,Bulandshahr,2019,36,2020-03-29,2020-04-03,0.0773295905292235,0.2585415079037264,0.1805122235711426,0.1234311770673396,4,0.01,valid
Uttar_Pradesh,Bulandshahr,2019,37,2020-04-03,2020-04-08,0.1123526549894896,0.2266663351698251,0.2137794605306565,0.1523543866866346,4,2.0975,valid
Uttar_Pradesh,Bulandshahr,2019,38,2020-04-08,2020-04-13,0.12106282536332355,0.25096642253702134,0.24736652096773845,0.18691877209858504,0,,insufficient_data
Uttar_Pradesh,Bulandshahr,2019,39,2020-04-13,2020-04-18,0.12106282536332355,0.25096642253702134,0.24736652096773845,0.18691877209858504,0,,insufficient_data
Uttar_Pradesh,Bulandshahr,2019,40,2020-04-18,2020-04-23,0.1501605720209716,0.2397727529947569,0.2918765321825209,0.2373426566010969,2,0.0,valid
Uttar_Pradesh,Bulandshahr,2019,41,2020-04-23,2020-04-28,0.1444084839136095,0.278885094079777,0.3032978675866338,0.234546868039269,1,27.96,valid
Uttar_Pradesh,Bulandshahr,2019,42,2020-04-28,2020-05-03,0.14728452796729055,0.25932892353726694,0.2975871998845774,0.23594476232018297,0,,insufficient_data
Uttar_Pradesh,Bulandshahr,2020,0,2020-10-01,2020-10-06,0.11512275887884339,0.26340328486548487,0.24040052684644966,0.16985976806318148,0,,insufficient_data
Uttar_Pradesh,Bulandshahr,2020,1,2020-10-06,2020-10-11,0.1007962989886508,0.2778502516932674,0.2330866629802858,0.1608000972098182,3,3.15,valid
Uttar_Pradesh,Bulandshahr,2020,2,2020-10-11,2020-10-16,0.1331561709245002,0.2492130273388701,0.2299479646427648,0.158573379782829,2,15.5,valid
Uttar_Pradesh,Bulandshahr,2020,3,2020-10-16,2020-10-21,0.1114158067233792,0.2631465755643172,0.2581669529162984,0.1902058271968973,2,0.0349999999999999,valid
Uttar_Pradesh,Bulandshahr,2020,4,2020-10-21,2020-10-26,0.1144398226689717,0.2427358174232317,0.2431393344480931,0.1844009299352101,4,0.5325,valid
Uttar_Pradesh,Bulandshahr,2020,5,2020-10-26,2020-10-31,0.12976357588994455,0.24328589227857816,0.23677315695428872,0.17382227918549753,0,,insufficient_data
Uttar_Pradesh,Bulandshahr,2020,6,2020-10-31,2020-11-05,0.1591189098900802,0.2427765195737582,0.2313749800065643,0.1728040963068994,4,19.4125,valid
Uttar_Pradesh,Bulandshahr,2020,7,2020-11-05,2020-11-10,0.1306871692427915,0.2185575214927136,0.221236552757723,0.1631271627056519,2,1.0,valid
Uttar_Pradesh,Bulandshahr,2020,8,2020-11-10,2020-11-15,0.13103227843579776,0.22656026460782425,0.21633776570059554,0.16043805176510062,0,,insufficient_data
Uttar_Pradesh,Bulandshahr,2020,9,2020-11-15,2020-11-20,0.1176466850488268,0.2132866873569213,0.19479647773388,0.1310778540861988,2,8.105,valid
Uttar_Pradesh,Bulandshahr,2020,10,2020-11-20,2020-11-25,0.1166763495614925,0.2316203300079038,0.2179430523042148,0.1747430939616525,1,22.69,valid
Uttar_Pradesh,Bulandshahr,2020,11,2020-11-25,2020-11-30,0.11459937797711857,0.2251164340045098,0.2031906543946207,0.15188394729421295,0,,insufficient_data
Uttar_Pradesh,Bulandshahr,2020,12,2020-11-30,2020-12-05,0.1312256354344679,0.2267873684583479,0.2070794566072945,0.1584389161512643,4,7.9275,valid
Uttar_Pradesh,Bulandshahr,2020,13,2020-12-05,2020-12-10,0.1084697563699762,0.2325402010724938,0.20090413410595945,0.1512196709272171,0,,insufficient_data
Uttar_Pradesh,Bulandshahr,2020,14,2020-12-10,2020-12-15,0.0928488418636871,0.2287713501948663,0.1929436309330934,0.1432759249777362,2,13.385,valid
Uttar_Pradesh,Bulandshahr,2020,15,2020-12-15,2020-12-20,0.0931281986202573,0.2429817556288571,0.1856503965792351,0.1284207486182154,3,10.973333333333334,valid
Uttar_Pradesh,Bulandshahr,2020,16,2020-12-20,2020-12-25,0.08841042477184176,0.23869400637728266,0.18162934323318847,0.1278248305924106,0,,insufficient_data
Uttar_Pradesh,Bulandshahr,2020,17,2020-12-25,2020-12-30,0.0792542338315809,0.2443289133081246,0.1662940021872369,0.1117778181812802,4,6.205,valid
Uttar_Pradesh,Bulandshahr,2020,18,2020-12-30,2021-01-04,0.0745370638869158,0.29212626434613226,0.1700429361301238,0.10728818304572037,0,,insufficient_data
Uttar_Pradesh,Bulandshahr,2020,19,2021-01-04,2021-01-09,0.08569365415101564,0.3003864955759165,0.15528357510819105,0.08932560240887298,0,,insufficient_data
Uttar_Pradesh,Bulandshahr,2020,20,2021-01-09,2021-01-14,0.0512287592089092,0.3890681241014151,0.1581844096238994,0.0816659823376655,1,27.36,valid
Uttar_Pradesh,Bulandshahr,2020,21,2021-01-14,2021-01-19,0.07483200388436347,0.31883942606095966,0.14366551977077038,0.0768214798566834,0,,insufficient_data
Uttar_Pradesh,Bulandshahr,2020,22,2021-01-19,2021-01-24,0.1265979694125568,0.2677624493182099,0.1413723135134369,0.0745330067076732,2,16.915,valid
Uttar_Pradesh,Bulandshahr,2020,23,2021-01-24,2021-01-29,0.0466692830316244,0.299687704763254,0.1314398361749749,0.0742654505247115,1,1.35,valid
Uttar_Pradesh,Bulandshahr,2020,24,2021-01-29,2021-02-03,0.21254617181416252,0.37489223833916807,0.2502148283663325,0.1735906546159107,0,,insufficient_data
Uttar_Pradesh,Bulandshahr,2020,25,2021-02-03,2021-02-08,0.0514467786252045,0.2886286786804772,0.141320997696409,0.0829082766533412,2,11.805,valid
Uttar_Pradesh,Bulandshahr,2020,26,2021-02-08,2021-02-13,0.1971952597310217,0.38410721508188417,0.25538283916868715,0.1810491730867489,0,,insufficient_data
Uttar_Pradesh,Bulandshahr,2020,27,2021-02-13,2021-02-18,0.6254706561872644,0.6434901205947313,0.5867261660805092,0.4626558845779169,1,20.0,valid
Uttar_Pradesh,Bulandshahr,2020,28,2021-02-18,2021-02-23,0.0651943210799934,0.3046223562890741,0.1620443567228556,0.1043670805910259,3,6.48,valid
Uttar_Pradesh,Bulandshahr,2020,29,2021-02-23,2021-02-28,0.2275307630383025,0.396950510034858,0.27715308052398324,0.2014892269986326,0,,insufficient_data
Uttar_Pradesh,Bulandshahr,2020,30,2021-02-28,2021-03-05,0.0689085370699781,0.3257580401522166,0.1644555313089193,0.1041094009061625,4,0.105,valid
Uttar_Pradesh,Bulandshahr,2020,31,2021-03-05,2021-03-10,0.1505495378159741,0.3139315231034099,0.195386267983649,0.1348245419194251,4,6.2175,valid
Uttar_Pradesh,Bulandshahr,2020,32,2021-03-10,2021-03-15,0.11027315703634888,0.2928419131439705,0.18818377008020976,0.12919620306780477,0,,insufficient_data
Uttar_Pradesh,Bulandshahr,2020,33,2021-03-15,2021-03-20,0.1285702282727606,0.3104714615946985,0.1988240119622338,0.1389296491781933,4,8.57,valid
Uttar_Pradesh,Bulandshahr,2020,34,2021-03-20,2021-03-25,0.1061150876293723,0.2560822703746761,0.1842992150928699,0.1261903521026635,2,0.5,valid
Uttar_Pradesh,Bulandshahr,2020,35,2021-03-25,2021-03-30,0.0972223943936593,0.2579662704948515,0.1979538240533768,0.1419270712325794,2,0.055,valid
Uttar_Pradesh,Bulandshahr,2020,36,2021-03-30,2021-04-04,0.1129622979884708,0.239898215440911,0.2228452650787569,0.1684246836996414,4,0.2575,valid
Uttar_Pradesh,Bulandshahr,2020,37,2021-04-04,2021-04-09,0.12600375928897348,0.25526014038668365,0.23691272301634275,0.17879987096552682,0,,insufficient_data
Uttar_Pradesh,Bulandshahr,2020,38,2021-04-09,2021-04-14,0.1423510788569515,0.2441602783385414,0.2656424904562692,0.2064913122607996,4,0.7175,valid
Uttar_Pradesh,Bulandshahr,2020,39,2021-04-14,2021-04-19,0.1713679375764134,0.2781936672844382,0.3138228204004412,0.2509659355319502,3,0.2866666666666667,valid
Uttar_Pradesh,Bulandshahr,2020,40,2021-04-19,2021-04-24,0.1590833171353404,0.25800873096297366,0.29171658811054474,0.2328562930839876,0,,insufficient_data
Uttar_Pradesh,Bulandshahr,2020,41,2021-04-24,2021-04-29,0.1635309349726564,0.2516722472659415,0.2956844534749237,0.241111631459213,4,0.0025,valid
Uttar_Pradesh,Bulandshahr,2020,42,2021-04-29,2021-05-04,0.1674494362745349,0.26493295727518984,0.3047536369376824,0.2460387834955816,0,,insufficient_data
Uttar_Pradesh,Bulandshahr,2021,0,2021-10-01,2021-10-06,0.0816846317035208,0.331658317478498,0.2180596388785868,0.1275041505072151,2,8.004999999999999,valid
Uttar_Pradesh,Bulandshahr,2021,1,2021-10-06,2021-10-11,0.0910489112976407,0.2898706344909205,0.2163538950819205,0.1403665992636222,2,0.155,valid
Uttar_Pradesh,Bulandshahr,2021,2,2021-10-11,2021-10-16,0.08822414746132588,0.28003057533674014,0.20026930283980082,0.1237329155739719,0,,insufficient_data
Uttar_Pradesh,Bulandshahr,2021,3,2021-10-16,2021-10-21,0.0848630706561003,0.2477858529948538,0.1615569869083391,0.0932656192494184,1,28.99,valid
Uttar_Pradesh,Bulandshahr,2021,4,2021-10-21,2021-10-26,0.09517181728359564,0.2592540601194257,0.2054708377199485,0.13637153067699873,0,,insufficient_data
Uttar_Pradesh,Bulandshahr,2021,5,2021-10-26,2021-10-31,0.0952999761880417,0.2508074963826884,0.2051066904903569,0.1337952932756319,2,0.1699999999999999,valid
Uttar_Pradesh,Bulandshahr,2021,6,2021-10-31,2021-11-05,0.1094753109925999,0.24855225660924,0.2388657783991776,0.1780586109193224,2,7.91,valid
Uttar_Pradesh,Bulandshahr,2021,7,2021-11-05,2021-11-10,0.1093716094897943,0.23322301517402427,0.2229958646346201,0.16999804821119896,0,,insufficient_data
Uttar_Pradesh,Bulandshahr,2021,8,2021-11-10,2021-11-15,0.1203143481409712,0.2219830390517091,0.2183446832359966,0.1726775100296799,2,12.515,valid
Uttar_Pradesh,Bulandshahr,2021,9,2021-11-15,2021-11-20,0.1091679490832062,0.2212961456806972,0.2294071785172276,0.1844601955825419,1,3.19,valid
Uttar_Pradesh,Bulandshahr,2021,10,2021-11-20,2021-11-25,0.1126004630441525,0.2234761381457867,0.2232549925303418,0.1809986312488188,2,2.6300000000000003,valid
Uttar_Pradesh,Bulandshahr,2021,11,2021-11-25,2021-11-30,0.1120831586688783,0.2200565716869219,0.2079476751686917,0.1619804664732146,2,8.615,valid
Uttar_Pradesh,Bulandshahr,2021,12,2021-11-30,2021-12-05,0.09840884877385872,0.2231253691603161,0.2030393441047112,0.15441573065101796,0,,insufficient_data
Uttar_Pradesh,Bulandshahr,2021,13,2021-12-05,2021-12-10,0.0790626770492441,0.1932514971594042,0.1721597160293297,0.1216530951568964,1,28.86,valid
Uttar_Pradesh,Bulandshahr,2021,14,2021-12-10,2021-12-15,0.0791299960238124,0.2575464931287705,0.1824271582779651,0.1229862647936182,2,0.93,valid
Uttar_Pradesh,Bulandshahr,2021,15,2021-12-15,2021-12-20,0.07353792846430668,0.24231015136469952,0.16720578725960694,0.11020924400400038,0,,insufficient_data
Uttar_Pradesh,Bulandshahr,2021,16,2021-12-20,2021-12-25,0.0763366157839566,0.2510272508935893,0.1619280818704519,0.104992610841238,4,3.1225,valid
Uttar_Pradesh,Bulandshahr,2021,17,2021-12-25,2021-12-30,0.0596224250002136,0.2674153642770341,0.1523081928606811,0.0912050052242489,2,2.665,valid
Uttar_Pradesh,Bulandshahr,2021,18,2021-12-30,2022-01-04,0.09910841837007496,0.2797840018211366,0.18987828044340116,0.13049381752180184,0,,insufficient_data
Uttar_Pradesh,Bulandshahr,2021,19,2022-01-04,2022-01-09,0.1613662143260547,0.3209093902927864,0.2553985665990704,0.1952838364999186,1,16.38,valid
Uttar_Pradesh,Bulandshahr,2021,20,2022-01-09,2022-01-14,0.11049431966313414,0.29416237728491024,0.20385337972987574,0.14324442086208375,0,,insufficient_data
Uttar_Pradesh,Bulandshahr,2021,21,2022-01-14,2022-01-19,0.10763973418261874,0.3194141333382029,0.20196385781806314,0.13948089217779755,0,,insufficient_data
Uttar_Pradesh,Bulandshahr,2021,22,2022-01-19,2022-01-24,0.0915473050892308,0.3203567009173216,0.1851027750598601,0.12179020717627241,0,,insufficient_data
Uttar_Pradesh,Bulandshahr,2021,23,2022-01-24,2022-01-29,0.0575138936832415,0.3243810774891389,0.1517146633432956,0.08723909867453887,0,,insufficient_data
Uttar_Pradesh,Bulandshahr,2021,24,2022-01-29,2022-02-03,0.0539132540391828,0.3179188763836193,0.1485291490370559,0.0836779478556765,2,4.595,valid
Uttar_Pradesh,Bulandshahr,2021,25,2022-02-03,2022-02-08,0.0593624469024549,0.322241836075559,0.151380609543454,0.0864088371732221,2,11.77,valid
Uttar_Pradesh,Bulandshahr,2021,26,2022-02-08,2022-02-13,0.0592659801080868,0.3329825200082383,0.1552342314493769,0.091630510994718,2,13.295,valid
Uttar_Pradesh,Bulandshahr,2021,27,2022-02-13,2022-02-18,0.0541200436093638,0.3259730995114739,0.1486172968767597,0.0842200990119882,4,0.295,valid
Uttar_Pradesh,Bulandshahr,2021,28,2022-02-18,2022-02-23,0.05799193868485013,0.3268032781041924,0.15304877922282192,0.08886912104447439,0,,insufficient_data
Uttar_Pradesh,Bulandshahr,2021,29,2022-02-23,2022-02-28,0.059453529902270354,0.32377377183269324,0.15591275392653786,0.09332532917825906,0,,insufficient_data
Uttar_Pradesh,Bulandshahr,2021,30,2022-02-28,2022-03-05,0.059219284119495,0.3260156568214983,0.1569629790216971,0.0932170369979693,4,6.46,valid
Uttar_Pradesh,Bulandshahr,2021,31,2022-03-05,2022-03-10,0.06844535930316198,0.2916110917996922,0.16798031441282463,0.10825847259810532,0,,insufficient_data
Uttar_Pradesh,Bulandshahr,2021,32,2022-03-10,2022-03-15,0.0652088117721358,0.3101238109895625,0.1628365083583178,0.1042336697083607,4,0.0475,valid
Uttar_Pradesh,Bulandshahr,2021,33,2022-03-15,2022-03-20,0.0704007724463739,0.2613913873730718,0.1645299904935645,0.1078082551210435,2,0.015,valid
Uttar_Pradesh,Bulandshahr,2021,34,2022-03-20,2022-03-25,0.0789525688746432,0.2689135120146362,0.1875917797777191,0.1277749285650478,2,0.38,valid
Uttar_Pradesh,Bulandshahr,2021,35,2022-03-25,2022-03-30,0.0958386774907468,0.2433954422024062,0.1997687933455876,0.1460412545382782,4,0.01,valid
Uttar_Pradesh,Bulandshahr,2021,36,2022-03-30,2022-04-04,0.10143899293071765,0.2513618260497413,0.2156014964023954,0.15963004483905668,0,,insufficient_data
Uttar_Pradesh,Bulandshahr,2021,37,2022-04-04,2022-04-09,0.1193646054157642,0.2313818433388594,0.2403132758987883,0.1874753631826592,4,0.3,valid
Uttar_Pradesh,Bulandshahr,2021,38,2022-04-09,2022-04-14,0.1426383404260601,0.2517269453197329,0.2858036424963174,0.2290504227882547,2,0.245,valid
Uttar_Pradesh,Bulandshahr,2021,39,2022-04-14,2022-04-19,0.14226122060769436,0.247811402235497,0.27556438348790635,0.22274736420449046,0,,insufficient_data
Uttar_Pradesh,Bulandshahr,2021,40,2022-04-19,2022-04-24,0.1559260945780128,0.2596869930535674,0.2957487483381343,0.2421395316605573,4,6.995,valid
Uttar_Pradesh,Bulandshahr,2021,41,2022-04-24,2022-04-29,0.1480282893049447,0.2440021892685065,0.2770241060707827,0.2292330361488865,2,0.01,valid
Uttar_Pradesh,Bulandshahr,2021,42,2022-04-29,2022-05-04,0.14534877331369,0.2522590401968187,0.2789321446355092,0.2258384672420946,2,0.22,valid
Uttar_Pradesh,Bulandshahr,2022,0,2022-10-01,2022-10-06,0.0694488259399906,0.2650224061831733,0.1812465440149108,0.1033625545501298,0,,insufficient_data
Uttar_Pradesh,Bulandshahr,2022,1,2022-10-06,2022-10-11,0.0831145084291609,0.2604657835792392,0.20393254264299182,0.12949457130901665,0,,insufficient_data
Uttar_Pradesh,Bulandshahr,2022,2,2022-10-11,2022-10-16,0.0694488259399906,0.2650224061831733,0.1812465440149108,0.1033625545501298,4,0.8374999999999999,valid
Uttar_Pradesh,Bulandshahr,2022,3,2022-10-16,2022-10-21,0.09098001521226136,0.24802267676699108,0.20960602692411887,0.1411897714099858,0,,insufficient_data
Uttar_Pradesh,Bulandshahr,2022,4,2022-10-21,2022-10-26,0.0967801909183312,0.2559091609753051,0.2266185412710728,0.1556265880679035,4,0.5025000000000001,valid
Uttar_Pradesh,Bulandshahr,2022,5,2022-10-26,2022-10-31,0.1067110287784623,0.2231364631424948,0.2209529954863729,0.1645801716119241,4,0.985,valid
Uttar_Pradesh,Bulandshahr,2022,6,2022-10-31,2022-11-05,0.10897317033681794,0.23172728384586422,0.22756634122597239,0.17037995066714523,0,,insufficient_data
Uttar_Pradesh,Bulandshahr,2022,7,2022-11-05,2022-11-10,0.1274793642532763,0.227382934633414,0.2395961852665631,0.1865889581083867,2,22.045,valid
Uttar_Pradesh,Bulandshahr,2022,8,2022-11-10,2022-11-15,0.1056147294748401,0.2143644965852441,0.2166579571355819,0.1679734983745274,2,9.965,valid
Uttar_Pradesh,Bulandshahr,2022,9,2022-11-15,2022-11-20,0.1082805382591798,0.2378433638928631,0.2340060269702714,0.1771305371729844,2,12.47,valid
Uttar_Pradesh,Bulandshahr,2022,10,2022-11-20,2022-11-25,0.1009213625131181,0.2106964612900064,0.2112848377305064,0.1671833414947294,4,0.165,valid
Uttar_Pradesh,Bulandshahr,2022,11,2022-11-25,2022-11-30,0.10161498494647633,0.22053290953088284,0.20778456930024078,0.15771011803774654,0,,insufficient_data
Uttar_Pradesh,Bulandshahr,2022,12,2022-11-30,2022-12-05,0.103838594060452,0.2118521121416194,0.1920488869986467,0.1429820059896975,4,3.0575,valid
Uttar_Pradesh,Bulandshahr,2022,13,2022-12-05,2022-12-10,0.0894197004247917,0.2279081137446812,0.1849251376661975,0.133281207156794,4,0.455,valid
Uttar_Pradesh,Bulandshahr,2022,14,2022-12-10,2022-12-15,0.08441194269700407,0.23288235081433545,0.17724207342479076,0.12386802681317338,0,,insufficient_data
Uttar_Pradesh,Bulandshahr,2022,15,2022-12-15,2022-12-20,0.0768858500141719,0.2439097182535683,0.1722374492653326,0.1167355429481091,4,6.0075,valid
Uttar_Pradesh,Bulandshahr,2022,16,2022-12-20,2022-12-25,0.0675036262886007,0.2478594591174729,0.1597568197689863,0.1024733511580929,2,0.83,valid
Uttar_Pradesh,Bulandshahr,2022,17,2022-12-25,2022-12-30,0.06702964138087034,0.25326209877080813,0.1586934692298039,0.1026258055624979,0,,insufficient_data
Uttar_Pradesh,Bulandshahr,2022,18,2022-12-30,2023-01-04,0.0566994478398384,0.2680171189413833,0.1440861386550928,0.0886685225812917,1,16.09,valid
Uttar_Pradesh,Bulandshahr,2022,19,2023-01-04,2023-01-09,0.05951776768772223,0.2599892937952462,0.14827841757075863,0.09223482147186328,0,,insufficient_data
Uttar_Pradesh,Bulandshahr,2022,20,2023-01-09,2023-01-14,0.05756381369725334,0.2864452547402007,0.14704965336974518,0.08791721067480633,0,,insufficient_data
Uttar_Pradesh,Bulandshahr,2022,21,2023-01-14,2023-01-19,0.0543502289347276,0.2640913033268824,0.1409922942881968,0.0855625906762052,4,0.205,valid
Uttar_Pradesh,Bulandshahr,2022,22,2023-01-19,2023-01-24,0.05258563484128665,0.31231627789133026,0.14681899771092227,0.08406123908845715,0,,insufficient_data
Uttar_Pradesh,Bulandshahr,2022,23,2023-01-24,2023-01-29,0.061641764317194,0.3272273419523365,0.1560705271659459,0.0895205187669221,1,23.79,valid
Uttar_Pradesh,Bulandshahr,2022,24,2023-01-29,2023-02-03,0.0469450073475464,0.3113228893966574,0.1439591674107953,0.0812164793593761,2,6.065,valid
Uttar_Pradesh,Bulandshahr,2022,25,2023-02-03,2023-02-08,0.0474055387656786,0.3466235768894447,0.146254001978751,0.0799453675513252,1,10.68,valid
Uttar_Pradesh,Bulandshahr,2022,26,2023-02-08,2023-02-13,0.0594661096742081,0.3316261690361305,0.1560570460449233,0.0913114648394666,4,1.0275,valid
Uttar_Pradesh,Bulandshahr,2022,27,2023-02-13,2023-02-18,0.05351169558738737,0.3234551549748351,0.1489143147102466,0.08669896367313704,0,,insufficient_data
Uttar_Pradesh,Bulandshahr,2022,28,2023-02-18,2023-02-23,0.054739241146395,0.315311000075035,0.1461882129038434,0.087196079909877,4,2.1975,valid
Uttar_Pradesh,Bulandshahr,2022,29,2023-02-23,2023-02-28,0.0590025810031088,0.3123921394769083,0.15211314521292,0.0938254267056403,2,0.26,valid
Uttar_Pradesh,Bulandshahr,2022,30,2023-02-28,2023-03-05,0.06410530853385701,0.29552173583646724,0.16063611622527726,0.10250452727231038,0,,insufficient_data
Uttar_Pradesh,Bulandshahr,2022,31,2023-03-05,2023-03-10,0.0596414354306319,0.3009845209197891,0.1573849427841214,0.0999199703132226,3,4.3933333333333335,valid
Uttar_Pradesh,Bulandshahr,2022,32,2023-03-10,2023-03-15,0.0710922127848976,0.2715645316364002,0.1664549676435169,0.1093550611046908,2,0.065,valid
Uttar_Pradesh,Bulandshahr,2022,33,2023-03-15,2023-03-20,0.0760510723042517,0.2773564870742037,0.1810393125819847,0.1222260983281213,2,2.0,valid
Uttar_Pradesh,Bulandshahr,2022,34,2023-03-20,2023-03-25,0.086519756625207,0.2589755710886949,0.1900860241150735,0.1289839979319474,3,3.9166666666666674,valid
Uttar_Pradesh,Bulandshahr,2022,35,2023-03-25,2023-03-30,0.09441859919462134,0.2577622830206399,0.20300523729208977,0.14511007646368068,0,,insufficient_data
Uttar_Pradesh,Bulandshahr,2022,36,2023-03-30,2023-04-04,0.1121226252992223,0.2391557089367655,0.2194003180771577,0.1598253933130464,2,8.715,valid
Uttar_Pradesh,Bulandshahr,2022,37,2023-04-04,2023-04-09,0.1263073289595281,0.2417591163671351,0.2580455640427161,0.2051598316405975,4,1.1775,valid
Uttar_Pradesh,Bulandshahr,2022,38,2023-04-09,2023-04-14,0.12554646856939777,0.23970924800383694,0.2516584817221958,0.1987385556349576,0,,insufficient_data
Uttar_Pradesh,Bulandshahr,2022,39,2023-04-14,2023-04-19,0.1382094514494429,0.2382129187076102,0.2775295630467136,0.2312304419512289,4,1.265,valid
Uttar_Pradesh,Bulandshahr,2022,40,2023-04-19,2023-04-24,0.1322583902044855,0.23998601753737264,0.2677875635447149,0.2181951367959132,0,,insufficient_data
Uttar_Pradesh,Bulandshahr,2022,41,2023-04-24,2023-04-29,0.1382094514494429,0.2382129187076102,0.2775295630467136,0.2312304419512289,0,,insufficient_data
Uttar_Pradesh,Bulandshahr,2022,42,2023-04-29,2023-05-04,0.1382094514494429,0.2382129187076102,0.2775295630467136,0.2312304419512289,0,,insufficient_data
Uttar_Pradesh,Bulandshahr,2023,0,2023-10-01,2023-10-06,0.0867347227066257,0.2971571714776652,0.2210776170631223,0.1347196621468615,2,4.205,valid
Uttar_Pradesh,Bulandshahr,2023,1,2023-10-06,2023-10-11,0.1018718994334421,0.2776349481590511,0.2367431149664312,0.159225036598181,4,0.16,valid
Uttar_Pradesh,Bulandshahr,2023,2,2023-10-11,2023-10-16,0.09985904206396136,0.2710382265441314,0.2303246337909142,0.15561834665312002,0,,insufficient_data
Uttar_Pradesh,Bulandshahr,2023,3,2023-10-16,2023-10-21,0.1010723343853331,0.2575722240600556,0.22710535205024754,0.15708925589816986,0,,insufficient_data
Uttar_Pradesh,Bulandshahr,2023,4,2023-10-21,2023-10-26,0.1109705040518163,0.238322559995678,0.2331531693431891,0.1729103412143176,4,1.3550000000000002,valid
Uttar_Pradesh,Bulandshahr,2023,5,2023-10-26,2023-10-31,0.11569569753015137,0.22681977853177063,0.22123220375244124,0.16357051576454093,0,,insufficient_data
Uttar_Pradesh,Bulandshahr,2023,6,2023-10-31,2023-11-05,0.1047122113494483,0.2171742166078281,0.2174475068282475,0.1615019836333194,4,0.0625,valid
Uttar_Pradesh,Bulandshahr,2023,7,2023-11-05,2023-11-10,0.1314043771891895,0.2249625589918059,0.2130959350858871,0.1562992224459858,2,10.735,valid
Uttar_Pradesh,Bulandshahr,2023,8,2023-11-10,2023-11-15,0.11115410133600806,0.21970458588918074,0.21096990778027205,0.15788717393086799,0,,insufficient_data
Uttar_Pradesh,Bulandshahr,2023,9,2023-11-15,2023-11-20,0.1002443286116242,0.213811384460236,0.2071442595776275,0.1547606682290914,3,9.72,valid
Uttar_Pradesh,Bulandshahr,2023,10,2023-11-20,2023-11-25,0.10801855043946954,0.22467201062415665,0.20646077406277016,0.15346593608116757,0,,insufficient_data
Uttar_Pradesh,Bulandshahr,2023,11,2023-11-25,2023-11-30,0.1082554881937702,0.222870183496853,0.2061919296293261,0.1589868214150754,2,13.855,valid
Uttar_Pradesh,Bulandshahr,2023,12,2023-11-30,2023-12-05,0.0921700077632942,0.2370439155477318,0.19941097195824,0.1438170322345177,1,0.68,valid
Uttar_Pradesh,Bulandshahr,2023,13,2023-12-05,2023-12-10,0.09003150860782806,0.24507163833526818,0.189226333936924,0.13620172364490055,0,,insufficient_data
Uttar_Pradesh,Bulandshahr,2023,14,2023-12-10,2023-12-15,0.0893008822304933,0.2462620114995945,0.1880412399474318,0.1344669895088807,4,0.7899999999999999,valid
Uttar_Pradesh,Bulandshahr,2023,15,2023-12-15,2023-12-20,0.0764333192793847,0.253415798266603,0.1725577059980112,0.116951028113729,2,1.52,valid
Uttar_Pradesh,Bulandshahr,2023,16,2023-12-20,2023-12-25,0.0839978455721979,0.2657662828655587,0.1799298221516109,0.1267867469523,1,24.94,valid
Uttar_Pradesh,Bulandshahr,2023,17,2023-12-25,2023-12-30,0.0832440156940253,0.2551480308772521,0.1801762560323513,0.12606825485830322,0,,insufficient_data
Uttar_Pradesh,Bulandshahr,2023,18,2023-12-30,2024-01-04,0.0802155824257913,0.25959104056608084,0.17624376407481107,0.1218688875330145,0,,insufficient_data
Uttar_Pradesh,Bulandshahr,2023,19,2024-01-04,2024-01-09,0.0839978455721979,0.2657662828655587,0.1799298221516109,0.1267867469523,0,,insufficient_data
Uttar_Pradesh,Bulandshahr,2023,20,2024-01-09,2024-01-14,,,,,0,,insufficient_data
Uttar_Pradesh,Bulandshahr,2023,21,2024-01-14,2024-01-19,,,,,0,,insufficient_data
Uttar_Pradesh,Bulandshahr,2023,22,2024-01-19,2024-01-24,0.0490227801905647,0.3131727995644741,0.1416038397394278,0.0792698477482472,0,,insufficient_data
Uttar_Pradesh,Bulandshahr,2023,23,2024-01-24,2024-01-29,0.0490227801905647,0.3131727995644741,0.1416038397394278,0.0792698477482472,0,,insufficient_data
Uttar_Pradesh,Bulandshahr,2023,24,2024-01-29,2024-02-03,0.05481928791687165,0.30751740064244937,0.14853368142297269,0.08716469558315659,0,,insufficient_data
Uttar_Pradesh,Bulandshahr,2023,25,2024-02-03,2024-02-08,0.0490227801905647,0.3131727995644741,0.1416038397394278,0.0792698477482472,1,28.76,valid
Uttar_Pradesh,Bulandshahr,2023,26,2024-02-08,2024-02-13,0.05999856613894213,0.31659312598014505,0.15446547230083554,0.09223638360107046,0,,insufficient_data
Uttar_Pradesh,Bulandshahr,2023,27,2024-02-13,2024-02-18,0.0606157956431786,0.3018620017204247,0.1554635231065176,0.095059543418066,1,9.76,valid
Uttar_Pradesh,Bulandshahr,2023,28,2024-02-18,2024-02-23,0.0703571225830831,0.3347445766555365,0.1663290540565613,0.1023797596368982,2,14.045,valid
Uttar_Pradesh,Bulandshahr,2023,29,2024-02-23,2024-02-28,0.06498078769620796,0.3284373441539415,0.16621095401349106,0.10484492390511713,0,,insufficient_data
Uttar_Pradesh,Bulandshahr,2023,30,2024-02-28,2024-03-04,0.0588462533305459,0.3248292590375429,0.1623379269993823,0.102488883546118,3,1.57,valid
Uttar_Pradesh,Bulandshahr,2023,31,2024-03-04,2024-03-09,0.0665476134953274,0.3338520776446217,0.170023342560597,0.1097410834975934,2,0.03,valid
Uttar_Pradesh,Bulandshahr,2023,32,2024-03-09,2024-03-14,0.0685371534289048,0.3468988057115816,0.1769009233443971,0.11455534942691,2,0.0349999999999999,valid
Uttar_Pradesh,Bulandshahr,2023,33,2024-03-14,2024-03-19,0.07480876467654968,0.3050579668124849,0.17923034729391712,0.11995571638549023,0,,insufficient_data
Uttar_Pradesh,Bulandshahr,2023,34,2024-03-19,2024-03-24,0.07879939251305063,0.3001151437562204,0.1834534523675509,0.1243224245953333,0,,insufficient_data
Uttar_Pradesh,Bulandshahr,2023,35,2024-03-24,2024-03-29,0.0798129421891587,0.2641428454183475,0.176691836113734,0.1211443517111236,2,0.22,valid
Uttar_Pradesh,Bulandshahr,2023,36,2024-03-29,2024-04-03,0.1002998609388116,0.2555668462503309,0.2101977074514753,0.1518489137457062,2,7.140000000000001,valid
Uttar_Pradesh,Bulandshahr,2023,37,2024-04-03,2024-04-08,0.12078540039916072,0.2645420023999555,0.2467155659493457,0.18670806068161544,0,,insufficient_data
Uttar_Pradesh,Bulandshahr,2023,38,2024-04-08,2024-04-13,0.1282562066173075,0.2542142016677001,0.2648842497960675,0.2020849567416402,2,2.06,valid
Uttar_Pradesh,Bulandshahr,2023,39,2024-04-13,2024-04-18,0.1434997442023064,0.2609933602533397,0.2767084969199511,0.2201154163942812,2,0.1149999999999999,valid
Uttar_Pradesh,Bulandshahr,2023,40,2024-04-18,2024-04-23,0.1520582480482195,0.2877927584100595,0.3050955394655006,0.2383466648153261,2,0.275,valid
Uttar_Pradesh,Bulandshahr,2023,41,2024-04-23,2024-04-28,0.1505138174672142,0.2636174533205471,0.2881860404248516,0.2342794942584583,4,1.42,valid
Uttar_Pradesh,Bulandshahr,2023,42,2024-04-28,2024-05-03,0.1486906032392467,0.2708011906613154,0.2899966922701011,0.2309138584893552,0,,insufficient_data
Uttar_Pradesh,Bulandshahr,2024,0,2024-10-01,2024-10-06,0.0751554482067072,0.2967002974829298,0.2056416034008801,0.1211177236627488,4,2.63,valid
Uttar_Pradesh,Bulandshahr,2024,1,2024-10-06,2024-10-11,0.0898296793083689,0.2675894654576812,0.2254237354961984,0.1490894214769214,2,7.635,valid
Uttar_Pradesh,Bulandshahr,2024,2,2024-10-11,2024-10-16,0.0993458904794854,0.275371268790369,0.2494298526522448,0.1729030560705279,2,0.435,valid
Uttar_Pradesh,Bulandshahr,2024,3,2024-10-16,2024-10-21,0.1038211117048273,0.2467367575056034,0.2329483748168541,0.1645894370286693,4,0.8500000000000001,valid
Uttar_Pradesh,Bulandshahr,2024,4,2024-10-21,2024-10-26,0.10119799533168179,0.24568423015699942,0.23120726572737132,0.16443540466110015,0,,insufficient_data
Uttar_Pradesh,Bulandshahr,2024,5,2024-10-26,2024-10-31,0.1079926482191727,0.2289496949452084,0.2318329967706918,0.1721631344177769,4,7.31,valid
Uttar_Pradesh,Bulandshahr,2024,6,2024-10-31,2024-11-05,0.1050006469465546,0.2097739640861352,0.2164013689008675,0.1634319743116053,4,0.41,valid
Uttar_Pradesh,Bulandshahr,2024,7,2024-11-05,2024-11-10,0.1155908999161697,0.22146347715637762,0.22214415514143462,0.16818621348599305,0,,insufficient_data
Uttar_Pradesh,Bulandshahr,2024,8,2024-11-10,2024-11-15,0.1092230736295508,0.2105044854484712,0.2147671936023407,0.1593210928688589,4,7.72,valid
Uttar_Pradesh,Bulandshahr,2024,9,2024-11-15,2024-11-20,0.1476751301928953,0.2500522670689374,0.2295813829025432,0.1753110187255615,1,19.74,valid
Uttar_Pradesh,Bulandshahr,2024,10,2024-11-20,2024-11-25,0.1080630005926752,0.2080369742331359,0.2181378335307297,0.1707038471061626,2,0.03,valid
Uttar_Pradesh,Bulandshahr,2024,11,2024-11-25,2024-11-30,0.1081752123370365,0.2095221159302052,0.2179802852349316,0.1793774219053658,2,3.545,valid
Uttar_Pradesh,Bulandshahr,2024,12,2024-11-30,2024-12-05,0.10890651914580611,0.2229104027621318,0.21242882540609354,0.16541255120769213,0,,insufficient_data
Uttar_Pradesh,Bulandshahr,2024,13,2024-12-05,2024-12-10,0.0926284568260066,0.2175575113314954,0.2035792736195786,0.158019033931828,4,0.2575,valid
Uttar_Pradesh,Bulandshahr,2024,14,2024-12-10,2024-12-15,0.0879907957804169,0.2293831452468851,0.1928653517426844,0.1436514343695428,4,0.47,valid
Uttar_Pradesh,Bulandshahr,2024,15,2024-12-15,2024-12-20,0.08636832950316625,0.22857872130113355,0.18938602494424514,0.1395650349424592,0,,insufficient_data
Uttar_Pradesh,Bulandshahr,2024,16,2024-12-20,2024-12-25,0.0784857359030753,0.2387955073250201,0.1717134494704724,0.1170246365260068,4,1.6875,valid
Uttar_Pradesh,Bulandshahr,2024,17,2024-12-25,2024-12-30,0.0832382658417461,0.2340893262859526,0.1822894006065784,0.1303380354477748,0,,insufficient_data
Uttar_Pradesh,Bulandshahr,2024,18,2024-12-30,2025-01-04,0.067850370857751,0.2840318715814198,0.1599100768817571,0.10054803447502064,0,,insufficient_data
Uttar_Pradesh,Bulandshahr,2024,19,2025-01-04,2025-01-09,0.061351923531691305,0.28954359798929546,0.15425391094387605,0.09378488477840463,0,,insufficient_data
Uttar_Pradesh,Bulandshahr,2024,20,2025-01-09,2025-01-14,0.0527850173459993,0.3149176433214331,0.1455241416805779,0.08216500890460354,0,,insufficient_data
Uttar_Pradesh,Bulandshahr,2024,21,2025-01-14,2025-01-19,0.0572150058124267,0.3292682358378195,0.1481067042930418,0.0840714324240345,1,26.87,valid
Uttar_Pradesh,Bulandshahr,2024,22,2025-01-19,2025-01-24,0.0483550288795719,0.3005670508050467,0.142941579068114,0.0802585853851726,2,6.25,valid
Uttar_Pradesh,Bulandshahr,2024,23,2025-01-24,2025-01-29,0.051001571094528464,0.3253691424231218,0.14732535881876754,0.08411755621916958,0,,insufficient_data
Uttar_Pradesh,Bulandshahr,2024,24,2025-01-29,2025-02-03,0.0498296210802726,0.3187147606602047,0.1405024337046474,0.0793766598074759,4,0.935,valid
Uttar_Pradesh,Bulandshahr,2024,25,2025-02-03,2025-02-08,0.0495824144771624,0.3280845669265008,0.1519466106759424,0.089033625201656,2,7.63,valid
Uttar_Pradesh,Bulandshahr,2024,26,2025-02-08,2025-02-13,0.0500257852232087,0.3502110978860372,0.1531294663520921,0.0878474782775089,2,0.22,valid
Uttar_Pradesh,Bulandshahr,2024,27,2025-02-13,2025-02-18,0.0579203262194557,0.350371408110129,0.1579147374315282,0.0921651577549102,3,3.3400000000000003,valid
Uttar_Pradesh,Bulandshahr,2024,28,2025-02-18,2025-02-23,0.05515328742649398,0.33781253423776547,0.1551301049381638,0.09254337036437424,0,,insufficient_data
Uttar_Pradesh,Bulandshahr,2024,29,2025-02-23,2025-02-28,0.0552221557729275,0.3354966351555549,0.153299062779465,0.0921712284900317,4,0.1275,valid
Uttar_Pradesh,Bulandshahr,2024,30,2025-02-28,2025-03-05,0.0630157554397156,0.3248989631106054,0.1593606474517912,0.1014993620977644,4,2.1275,valid
Uttar_Pradesh,Bulandshahr,2024,31,2025-03-05,2025-03-10,0.06847487273495094,0.3002199092287824,0.16675838567404527,0.10946859806645086,0,,insufficient_data
Uttar_Pradesh,Bulandshahr,2024,32,2025-03-10,2025-03-15,0.0697152305181738,0.3078847840931673,0.1651809716252695,0.1075182267639916,4,7.3375,valid
Uttar_Pradesh,Bulandshahr,2024,33,2025-03-15,2025-03-20,0.0746463147131885,0.2646706538416996,0.1740863914801221,0.1211438526199332,2,0.01,valid
Uttar_Pradesh,Bulandshahr,2024,34,2025-03-20,2025-03-25,0.0797749072307493,0.2681485099428847,0.1818648550335785,0.1250103203605334,2,7.725,valid
Uttar_Pradesh,Bulandshahr,2024,35,2025-03-25,2025-03-30,0.1001427857419145,0.2331969115884496,0.1941926401835448,0.1413898790954189,4,6.4575000000000005,valid
Uttar_Pradesh,Bulandshahr,2024,36,2025-03-30,2025-04-04,0.10611942646547831,0.2525975565628634,0.21367740989377787,0.1576072984208663,0,,insufficient_data
Uttar_Pradesh,Bulandshahr,2024,37,2025-04-04,2025-04-09,0.1298184761508234,0.2406564671745488,0.244014511002409,0.1886337870127983,4,0.015,valid
Uttar_Pradesh,Bulandshahr,2024,38,2025-04-09,2025-04-14,0.1462146484907159,0.2563152402667343,0.274228651769235,0.2118586530156477,4,0.47,valid
Uttar_Pradesh,Bulandshahr,2024,39,2025-04-14,2025-04-19,0.14725031881268963,0.2591012151021419,0.27799671421007466,0.2192663920055927,0,,insufficient_data
Uttar_Pradesh,Bulandshahr,2024,40,2025-04-19,2025-04-24,0.1564960046874833,0.2682483919665725,0.2932330937138854,0.2319915270896684,4,0.3349999999999999,valid
Uttar_Pradesh,Bulandshahr,2024,41,2025-04-24,2025-04-29,0.1495876297326784,0.2507957443074577,0.2747642604053273,0.2233482552189825,2,0.365,valid
Uttar_Pradesh,Bulandshahr,2024,42,2025-04-29,2025-05-04,0.1541348350017473,0.2794902317953962,0.3037430541595168,0.2404997376908667,1,1.26,valid
Uttar_Pradesh,Bulandshahr,2025,0,2025-10-01,2025-10-06,0.0899934294448289,0.2801455056207587,0.2243215793568472,0.1418750553923322,2,4.84,valid
Uttar_Pradesh,Bulandshahr,2025,1,2025-10-06,2025-10-11,0.0948790599972157,0.26108118845557354,0.22632135514968152,0.15130613024496406,0,,insufficient_data
Uttar_Pradesh,Bulandshahr,2025,2,2025-10-11,2025-10-16,0.0926135152362843,0.255740411952661,0.2214519793742796,0.1476957367532934,4,0.7425,valid
Uttar_Pradesh,Bulandshahr,2025,3,2025-10-16,2025-10-21,0.09919494160515202,0.25265264919026786,0.2284583186108582,0.1576969281947418,0,,insufficient_data
Uttar_Pradesh,Bulandshahr,2025,4,2025-10-21,2025-10-26,0.1020302353105339,0.2473576477933011,0.2331905067179178,0.1643475985892666,2,11.015,valid
Uttar_Pradesh,Bulandshahr,2025,5,2025-10-26,2025-10-31,0.112142586428961,0.2273670313943507,0.2348692089943883,0.176869322044075,1,25.97,valid
Uttar_Pradesh,Bulandshahr,2025,6,2025-10-31,2025-11-05,0.10818757266043919,0.22797624526266053,0.22554329888547714,0.17229669257089894,0,,insufficient_data
Uttar_Pradesh,Bulandshahr,2025,7,2025-11-05,2025-11-10,0.1038339046825134,0.2207110383308411,0.2215695647920059,0.172803062192862,4,2.58,valid
Uttar_Pradesh,Bulandshahr,2025,8,2025-11-10,2025-11-15,0.1148111314435395,0.2169548842787269,0.2160206841252421,0.1728238440669462,2,7.57,valid
Uttar_Pradesh,Bulandshahr,2025,9,2025-11-15,2025-11-20,0.1081200054366482,0.227490624516083,0.2220665297978314,0.174639635961345,2,3.155,valid
Uttar_Pradesh,Bulandshahr,2025,10,2025-11-20,2025-11-25,0.1150451597757627,0.2211579199874821,0.2073289871604261,0.1584869305850713,3,6.56,valid
Uttar_Pradesh,Bulandshahr,2025,11,2025-11-25,2025-11-30,0.10390874055152859,0.22777282070851496,0.20649543130620857,0.1583089494091225,0,,insufficient_data
Uttar_Pradesh,Bulandshahr,2025,12,2025-11-30,2025-12-05,0.0974341276959566,0.2377774435579833,0.2021387998709834,0.1540013726507664,4,9.975,valid
Uttar_Pradesh,Bulandshahr,2025,13,2025-12-05,2025-12-10,0.084133278405736,0.2354832312022995,0.1849221555765599,0.1315929637814835,4,2.375,valid
Uttar_Pradesh,Bulandshahr,2025,14,2025-12-10,2025-12-15,0.07984265870954317,0.24222735333073603,0.1770152852775608,0.12305522640924221,0,,insufficient_data
Uttar_Pradesh,Bulandshahr,2025,15,2025-12-15,2025-12-20,0.0765539943070347,0.2482070473923978,0.1654477208096977,0.1091186343096612,2,9.39,valid
Uttar_Pradesh,Bulandshahr,2025,16,2025-12-20,2025-12-25,0.0612492344294454,0.2474416911702635,0.1555524648530022,0.0975079348950577,2,9.225,valid
Uttar_Pradesh,Bulandshahr,2025,17,2025-12-25,2025-12-30,0.0652485700549696,0.25432386761352205,0.15551146268217653,0.0989213568057533,0,,insufficient_data
Uttar_Pradesh,Bulandshahr,2025,18,2025-12-30,2026-01-04,0.0652485700549696,0.25432386761352205,0.15551146268217653,0.0989213568057533,0,,insufficient_data
Uttar_Pradesh,Bulandshahr,2025,19,2026-01-04,2026-01-09,0.059595857928937054,0.2573822777240842,0.15054333361841593,0.09382271805379935,0,,insufficient_data
Uttar_Pradesh,Bulandshahr,2025,20,2026-01-09,2026-01-14,0.0579424814284287,0.2673228642779049,0.1455342023838297,0.090137501212541,2,0.0349999999999999,valid
Uttar_Pradesh,Bulandshahr,2025,21,2026-01-14,2026-01-19,0.055716358946934955,0.2803046684977144,0.14547685034045593,0.0871842461131771,0,,insufficient_data
Uttar_Pradesh,Bulandshahr,2025,22,2026-01-19,2026-01-24,0.055716358946934955,0.2803046684977144,0.14547685034045593,0.0871842461131771,0,,insufficient_data
Uttar_Pradesh,Bulandshahr,2025,23,2026-01-24,2026-01-29,0.0534902364654412,0.2932864727175239,0.1454194982970822,0.0842309910138132,4,1.745,valid
Uttar_Pradesh,Bulandshahr,2025,24,2026-01-29,2026-02-03,0.0548041236033893,0.30511565420368625,0.1487949017406333,0.08734111968250804,0,,insufficient_data
Uttar_Pradesh,Bulandshahr,2025,25,2026-02-03,2026-02-08,0.054595132930124406,0.31596461269486414,0.149133903004713,0.08723893316355387,0,,insufficient_data
Uttar_Pradesh,Bulandshahr,2025,26,2026-02-08,2026-02-13,0.0561180107413374,0.3169448356898486,0.1521703051841844,0.0904512483512029,4,4.8225,valid
Uttar_Pradesh,Bulandshahr,2025,27,2026-02-13,2026-02-18,0.05624791488532813,0.32427448112874296,0.1525754256900826,0.09162109477640201,0,,insufficient_data
Uttar_Pradesh,Bulandshahr,2025,28,2026-02-18,2026-02-23,0.0541771515835946,0.33766252967722,0.1498119055328724,0.0870345601256455,2,9.585,valid
Uttar_Pradesh,Bulandshahr,2025,29,2026-02-23,2026-02-28,0.0584485823310524,0.3182160780191604,0.155744066353191,0.0973774758523576,4,0.5325,valid
Uttar_Pradesh,Bulandshahr,2025,30,2026-02-28,2026-03-05,0.06499582993444172,0.31144578637607584,0.15950062863485703,0.1006685913915703,0,,insufficient_data
Uttar_Pradesh,Bulandshahr,2025,31,2026-03-05,2026-03-10,0.0662369112170525,0.2982289550478975,0.1611868843565232,0.1039390302740282,4,0.2475,valid
Uttar_Pradesh,Bulandshahr,2025,32,2026-03-10,2026-03-15,0.0811206746060674,0.2916755827600254,0.1712596582968415,0.1143232993142499,1,29.28,valid
Uttar_Pradesh,Bulandshahr,2025,33,2026-03-15,2026-03-20,0.07593954985966729,0.2782746093423168,0.17021368869994813,0.1137694789851129,0,,insufficient_data
Uttar_Pradesh,Bulandshahr,2025,34,2026-03-20,2026-03-25,0.080461063755882,0.2449192902190276,0.1781945234464797,0.1230461073670606,2,3.65,valid
Uttar_Pradesh,Bulandshahr,2025,35,2026-03-25,2026-03-30,0.0807908691809747,0.26829743648952653,0.1747270908716606,0.11868470334065526,0,,insufficient_data
Uttar_Pradesh,Bulandshahr,2025,36,2026-03-30,2026-04-04,0.080461063755882,0.2449192902190276,0.1781945234464797,0.1230461073670606,0,,insufficient_data
Uttar_Pradesh,Bulandshahr,2025,37,2026-04-04,2026-04-09,0.080461063755882,0.2449192902190276,0.1781945234464797,0.1230461073670606,0,,insufficient_data
Uttar_Pradesh,Bulandshahr,2025,38,2026-04-09,2026-04-14,,,,,0,,insufficient_data
Uttar_Pradesh,Bulandshahr,2025,39,2026-04-14,2026-04-19,,,,,0,,insufficient_data
Uttar_Pradesh,Bulandshahr,2025,40,2026-04-19,2026-04-24,,,,,0,,insufficient_data
Uttar_Pradesh,Bulandshahr,2025,41,2026-04-24,2026-04-29,,,,,0,,insufficient_data
Uttar_Pradesh,Bulandshahr,2025,42,2026-04-29,2026-05-04,,,,,0,,insufficient_data
