state,district,year,time_step,start_date,end_date,Red,NIR,SWIR1,SWIR2,image_count,mean_cloud_cover,quality_flag
Uttar_Pradesh,Sonbhadra,2010,0,2010-10-01,2010-10-06,,,,,0,,insufficient_data
Uttar_Pradesh,Sonbhadra,2010,1,2010-10-06,2010-10-11,0.09093545738542,0.2668376747147554,0.2203998920937754,0.140740866931095,0,,insufficient_data
Uttar_Pradesh,Sonbhadra,2010,2,2010-10-11,2010-10-16,0.09093545738542,0.2668376747147554,0.2203998920937754,0.140740866931095,0,,insufficient_data
Uttar_Pradesh,Sonbhadra,2010,3,2010-10-16,2010-10-21,0.09093545738542,0.2668376747147554,0.2203998920937754,0.140740866931095,0,,insufficient_data
Uttar_Pradesh,Sonbhadra,2010,4,2010-10-21,2010-10-26,0.09093545738542,0.2668376747147554,0.2203998920937754,0.140740866931095,2,0.0,valid
Uttar_Pradesh,Sonbhadra,2010,5,2010-10-26,2010-10-31,0.09093545738542,0.2668376747147554,0.2203998920937754,0.140740866931095,0,,insufficient_data
Uttar_Pradesh,Sonbhadra,2010,6,2010-10-31,2010-11-05,0.1071481836412563,0.2558438570415943,0.2371784035809476,0.15234115353261915,0,,insufficient_data
Uttar_Pradesh,Sonbhadra,2010,7,2010-11-05,2010-11-10,0.1071481836412563,0.2558438570415943,0.2371784035809476,0.15234115353261915,0,,insufficient_data
Uttar_Pradesh,Sonbhadra,2010,8,2010-11-10,2010-11-15,0.1254438142914027,0.241622411047981,0.2587623053752467,0.1732588828447736,0,,insufficient_data
Uttar_Pradesh,Sonbhadra,2010,9,2010-11-15,2010-11-20,0.1233609098970926,0.2448500393684332,0.2539569150681198,0.1639414401341433,2,3.0,valid
Uttar_Pradesh,Sonbhadra,2010,10,2010-11-20,2010-11-25,0.1247050934855231,0.24022336218169024,0.26449537329026057,0.17848100630905564,0,,insufficient_data
Uttar_Pradesh,Sonbhadra,2010,11,2010-11-25,2010-11-30,0.1275267186857128,0.2383947827275288,0.2635676956823736,0.1825763255554039,2,13.0,valid
Uttar_Pradesh,Sonbhadra,2010,12,2010-11-30,2010-12-05,0.1232276518737639,0.2374252644491087,0.2759615091202882,0.1889252532376198,1,0.0,valid
Uttar_Pradesh,Sonbhadra,2010,13,2010-12-05,2010-12-10,0.12623050861899238,0.23259350662087014,0.2654681569231253,0.1859988080434806,0,,insufficient_data
Uttar_Pradesh,Sonbhadra,2010,14,2010-12-10,2010-12-15,0.1390424286282405,0.237560013553635,0.2634943291000365,0.1912530715226343,2,21.5,valid
Uttar_Pradesh,Sonbhadra,2010,15,2010-12-15,2010-12-20,0.1151252352882523,0.216993965753208,0.258849093789803,0.1812405818582644,2,0.0,valid
Uttar_Pradesh,Sonbhadra,2010,16,2010-12-20,2010-12-25,0.12616110620001114,0.2260694576671565,0.26675582704999223,0.1902557831915788,0,,insufficient_data
Uttar_Pradesh,Sonbhadra,2010,17,2010-12-25,2010-12-30,0.1191781642657971,0.2250327785901874,0.2502227451707277,0.1853761498220398,2,0.0,valid
Uttar_Pradesh,Sonbhadra,2010,18,2010-12-30,2011-01-04,0.11920221538658546,0.22229648046903744,0.26215824764624707,0.1876187757797688,0,,insufficient_data
Uttar_Pradesh,Sonbhadra,2010,19,2011-01-04,2011-01-09,0.1312985966177547,0.2246910727715955,0.2944571401394017,0.2031533295633767,1,1.0,valid
Uttar_Pradesh,Sonbhadra,2010,20,2011-01-09,2011-01-14,0.1112068653745377,0.2224681047611588,0.2451040114850559,0.1807050418753943,2,6.0,valid
Uttar_Pradesh,Sonbhadra,2010,21,2011-01-14,2011-01-19,0.12021283529451082,0.2300070082898969,0.26074025656689775,0.18479803111467852,0,,insufficient_data
Uttar_Pradesh,Sonbhadra,2010,22,2011-01-19,2011-01-24,0.1225422503753147,0.2360357389502422,0.2600315837667312,0.1805368248740994,2,1.0,valid
Uttar_Pradesh,Sonbhadra,2010,23,2011-01-24,2011-01-29,0.1158036288104362,0.2368331166765911,0.2433682908764022,0.1747969281458437,1,0.0,valid
Uttar_Pradesh,Sonbhadra,2010,24,2011-01-29,2011-02-03,0.11863610020784202,0.24046828364449263,0.25206750060063776,0.17875881499395774,0,,insufficient_data
Uttar_Pradesh,Sonbhadra,2010,25,2011-02-03,2011-02-08,0.1212818471665951,0.2432450835833845,0.2542770528012034,0.1762398169515271,2,0.0,valid
Uttar_Pradesh,Sonbhadra,2010,26,2011-02-08,2011-02-13,0.1188769269570715,0.24373250107378247,0.25143360386239744,0.17878222959338527,0,,insufficient_data
Uttar_Pradesh,Sonbhadra,2010,27,2011-02-13,2011-02-18,0.1149166744790221,0.2457591953677527,0.2505930749582143,0.1834616900043607,2,0.0,valid
Uttar_Pradesh,Sonbhadra,2010,28,2011-02-18,2011-02-23,0.1235055573722326,0.2490926086674016,0.2574959968137698,0.1806304832718096,1,4.0,valid
Uttar_Pradesh,Sonbhadra,2010,29,2011-02-23,2011-02-28,0.12408962160912104,0.24669422353308296,0.2597295650865831,0.19083640585064102,0,,insufficient_data
Uttar_Pradesh,Sonbhadra,2010,30,2011-02-28,2011-03-05,0.1175480311725653,0.2428897185322898,0.2547131553801602,0.1914915820022751,2,1.0,valid
Uttar_Pradesh,Sonbhadra,2010,31,2011-03-05,2011-03-10,0.1403882234126642,0.2490353715648877,0.2761160331941881,0.2077618681241187,2,14.5,valid
Uttar_Pradesh,Sonbhadra,2010,32,2011-03-10,2011-03-15,0.1383506257461738,0.24237929226321892,0.2761085762811862,0.21053636582547944,0,,insufficient_data
Uttar_Pradesh,Sonbhadra,2010,33,2011-03-15,2011-03-20,0.1390458483442312,0.2386722206074357,0.2782783307183257,0.2153559889548333,2,0.0,valid
Uttar_Pradesh,Sonbhadra,2010,34,2011-03-20,2011-03-25,0.15311865133447888,0.24524402684567181,0.2915929417830019,0.22620072923825316,0,,insufficient_data
Uttar_Pradesh,Sonbhadra,2010,35,2011-03-25,2011-03-30,0.1564204000552345,0.2389198583482625,0.2953267858320707,0.2275360242206906,2,12.0,valid
Uttar_Pradesh,Sonbhadra,2010,36,2011-03-30,2011-04-04,0.1766201335257857,0.2543486568621014,0.316650617387423,0.25414903565337,2,0.0,valid
Uttar_Pradesh,Sonbhadra,2010,37,2011-04-04,2011-04-09,0.1665202667905101,0.24663425760518193,0.3059887016097469,0.24084252993703031,0,,insufficient_data
Uttar_Pradesh,Sonbhadra,2010,38,2011-04-09,2011-04-14,0.1665202667905101,0.24663425760518193,0.3059887016097469,0.24084252993703031,0,,insufficient_data
Uttar_Pradesh,Sonbhadra,2010,39,2011-04-14,2011-04-19,0.1766201335257857,0.2543486568621014,0.316650617387423,0.25414903565337,0,,insufficient_data
Uttar_Pradesh,Sonbhadra,2010,40,2011-04-19,2011-04-24,,,,,0,,insufficient_data
Uttar_Pradesh,Sonbhadra,2010,41,2011-04-24,2011-04-29,,,,,1,16.0,missing_bands
Uttar_Pradesh,Sonbhadra,2010,42,2011-04-29,2011-05-04,,,,,0,,insufficient_data
Uttar_Pradesh,Sonbhadra,2011,0,2011-10-01,2011-10-06,0.0874291669517093,0.2721410393353025,0.2032037902689108,0.1277833357845717,0,,insufficient_data
Uttar_Pradesh,Sonbhadra,2011,1,2011-10-06,2011-10-11,0.0874291669517093,0.2721410393353025,0.2032037902689108,0.1277833357845717,0,,insufficient_data
Uttar_Pradesh,Sonbhadra,2011,2,2011-10-11,2011-10-16,0.09527294285884595,0.2748034502534765,0.2111714591973099,0.13489598119387497,0,,insufficient_data
Uttar_Pradesh,Sonbhadra,2011,3,2011-10-16,2011-10-21,0.0874291669517093,0.2721410393353025,0.2032037902689108,0.1277833357845717,2,0.5,valid
Uttar_Pradesh,Sonbhadra,2011,4,2011-10-21,2011-10-26,0.09856053193665525,0.26893040116454353,0.21349241604881022,0.13877025765129292,0,,insufficient_data
Uttar_Pradesh,Sonbhadra,2011,5,2011-10-26,2011-10-31,0.1031167187659826,0.2774658611716505,0.219139128125709,0.1420086266031782,2,0.0,valid
Uttar_Pradesh,Sonbhadra,2011,6,2011-10-31,2011-11-05,0.1051357100922738,0.2571843029866775,0.2181343297518109,0.1465188105661288,2,13.0,valid
Uttar_Pradesh,Sonbhadra,2011,7,2011-11-05,2011-11-10,0.1090719831511659,0.2641249368867972,0.22615610734490077,0.15033978727821862,0,,insufficient_data
Uttar_Pradesh,Sonbhadra,2011,8,2011-11-10,2011-11-15,0.1189635205952413,0.2577246465020637,0.2411948641571824,0.1624919246653488,2,2.0,valid
Uttar_Pradesh,Sonbhadra,2011,9,2011-11-15,2011-11-20,0.11204961534375756,0.2574544747443706,0.22966459695449665,0.1545053676157388,0,,insufficient_data
Uttar_Pradesh,Sonbhadra,2011,10,2011-11-20,2011-11-25,0.1189635205952413,0.2577246465020637,0.2411948641571824,0.1624919246653488,0,,insufficient_data
Uttar_Pradesh,Sonbhadra,2011,11,2011-11-25,2011-11-30,0.11950318796955256,0.24096321304090412,0.2394652323627975,0.1664677406091928,0,,insufficient_data
Uttar_Pradesh,Sonbhadra,2011,12,2011-11-30,2011-12-05,0.1200428553438638,0.2242017795797445,0.2377356005684126,0.1704435565530368,0,,insufficient_data
Uttar_Pradesh,Sonbhadra,2011,13,2011-12-05,2011-12-10,0.1200428553438638,0.2242017795797445,0.2377356005684126,0.1704435565530368,0,,insufficient_data
Uttar_Pradesh,Sonbhadra,2011,14,2011-12-10,2011-12-15,0.1200428553438638,0.2242017795797445,0.2377356005684126,0.1704435565530368,2,0.5,valid
Uttar_Pradesh,Sonbhadra,2011,15,2011-12-15,2011-12-20,0.1162604963959793,0.21903193629929174,0.2336443421930187,0.16583606633842451,0,,insufficient_data
Uttar_Pradesh,Sonbhadra,2011,16,2011-12-20,2011-12-25,0.1162604963959793,0.21903193629929174,0.2336443421930187,0.16583606633842451,0,,insufficient_data
Uttar_Pradesh,Sonbhadra,2011,17,2011-12-25,2011-12-30,0.1162604963959793,0.21903193629929174,0.2336443421930187,0.16583606633842451,0,,insufficient_data
Uttar_Pradesh,Sonbhadra,2011,18,2011-12-30,2012-01-04,0.1124781374480948,0.213862093018839,0.2295530838176248,0.1612285761238122,1,4.0,valid
Uttar_Pradesh,Sonbhadra,2011,19,2012-01-04,2012-01-09,0.10178095791990965,0.2145454749877873,0.223225875771983,0.15671454092722814,0,,insufficient_data
Uttar_Pradesh,Sonbhadra,2011,20,2012-01-09,2012-01-14,0.10178095791990965,0.2145454749877873,0.223225875771983,0.15671454092722814,0,,insufficient_data
Uttar_Pradesh,Sonbhadra,2011,21,2012-01-14,2012-01-19,0.0910837783917245,0.2152288569567356,0.2168986677263412,0.1522005057306441,2,0.0,valid
Uttar_Pradesh,Sonbhadra,2011,22,2012-01-19,2012-01-24,0.09785033435356395,0.22971412299784288,0.21939865575641432,0.1520669814269413,0,,insufficient_data
Uttar_Pradesh,Sonbhadra,2011,23,2012-01-24,2012-01-29,0.09785033435356395,0.22971412299784288,0.21939865575641432,0.1520669814269413,0,,insufficient_data
Uttar_Pradesh,Sonbhadra,2011,24,2012-01-29,2012-02-03,0.1046168903154034,0.2441993890389502,0.2218986437864874,0.1519334571232385,2,1.5,valid
Uttar_Pradesh,Sonbhadra,2011,25,2012-02-03,2012-02-08,0.1049994219209763,0.2461371696917768,0.21606044179844136,0.1441898088413472,0,,insufficient_data
Uttar_Pradesh,Sonbhadra,2011,26,2012-02-08,2012-02-13,0.1049994219209763,0.2461371696917768,0.21606044179844136,0.1441898088413472,0,,insufficient_data
Uttar_Pradesh,Sonbhadra,2011,27,2012-02-13,2012-02-18,0.1053819535265492,0.2480749503446034,0.2102222398103953,0.1364461605594559,1,15.0,valid
Uttar_Pradesh,Sonbhadra,2011,28,2012-02-18,2012-02-23,0.10935578991685545,0.25060666429829637,0.22620583848557185,0.15523519458270646,0,,insufficient_data
Uttar_Pradesh,Sonbhadra,2011,29,2012-02-23,2012-02-28,0.10935578991685545,0.25060666429829637,0.22620583848557185,0.15523519458270646,0,,insufficient_data
Uttar_Pradesh,Sonbhadra,2011,30,2012-02-28,2012-03-04,0.1133296263071617,0.2531383782519893,0.2421894371607484,0.174024228605957,2,0.0,valid
Uttar_Pradesh,Sonbhadra,2011,31,2012-03-04,2012-03-09,0.1212261793969658,0.24003858065572597,0.2486037360901424,0.18299197712475024,0,,insufficient_data
Uttar_Pradesh,Sonbhadra,2011,32,2012-03-09,2012-03-14,0.1212261793969658,0.24003858065572597,0.2486037360901424,0.18299197712475024,0,,insufficient_data
Uttar_Pradesh,Sonbhadra,2011,33,2012-03-14,2012-03-19,0.1212261793969658,0.24003858065572597,0.2486037360901424,0.18299197712475024,0,,insufficient_data
Uttar_Pradesh,Sonbhadra,2011,34,2012-03-19,2012-03-24,0.1291227324867699,0.2269387830594626,0.2550180350195364,0.1919597256435435,2,0.0,valid
Uttar_Pradesh,Sonbhadra,2011,35,2012-03-24,2012-03-29,0.14522833611526176,0.23326352640047399,0.27611861321871123,0.2114195177186766,0,,insufficient_data
Uttar_Pradesh,Sonbhadra,2011,36,2012-03-29,2012-04-03,0.14522833611526176,0.23326352640047399,0.27611861321871123,0.2114195177186766,0,,insufficient_data
Uttar_Pradesh,Sonbhadra,2011,37,2012-04-03,2012-04-08,0.1613339397437536,0.2395882697414854,0.2972191914178861,0.2308793097938097,1,15.0,valid
Uttar_Pradesh,Sonbhadra,2011,38,2012-04-08,2012-04-13,0.1613339397437536,0.2395882697414854,0.2972191914178861,0.2308793097938097,0,,insufficient_data
Uttar_Pradesh,Sonbhadra,2011,39,2012-04-13,2012-04-18,0.1833788034149724,0.27125648558804494,0.3487236729948987,0.28133345539517635,0,,insufficient_data
Uttar_Pradesh,Sonbhadra,2011,40,2012-04-18,2012-04-23,0.1833788034149724,0.27125648558804494,0.3487236729948987,0.28133345539517635,0,,insufficient_data
Uttar_Pradesh,Sonbhadra,2011,41,2012-04-23,2012-04-28,0.2054236670861912,0.3029247014346045,0.4002281545719113,0.331787600996543,0,,insufficient_data
Uttar_Pradesh,Sonbhadra,2011,42,2012-04-28,2012-05-03,0.2054236670861912,0.3029247014346045,0.4002281545719113,0.331787600996543,1,1.0,valid
Uttar_Pradesh,Sonbhadra,2012,0,2012-10-01,2012-10-06,0.0789961884745652,0.2975151206902222,0.2098081529911401,0.1278878640676156,0,,insufficient_data
Uttar_Pradesh,Sonbhadra,2012,1,2012-10-06,2012-10-11,0.0789961884745652,0.2975151206902222,0.2098081529911401,0.1278878640676156,0,,insufficient_data
Uttar_Pradesh,Sonbhadra,2012,2,2012-10-11,2012-10-16,0.0789961884745652,0.2975151206902222,0.2098081529911401,0.1278878640676156,2,0.0,valid
Uttar_Pradesh,Sonbhadra,2012,3,2012-10-16,2012-10-21,0.08595520882448446,0.2876632129750893,0.216566566036862,0.13679176396023351,0,,insufficient_data
Uttar_Pradesh,Sonbhadra,2012,4,2012-10-21,2012-10-26,0.08595520882448446,0.2876632129750893,0.216566566036862,0.13679176396023351,0,,insufficient_data
Uttar_Pradesh,Sonbhadra,2012,5,2012-10-26,2012-10-31,0.0929142291744037,0.2778113052599564,0.2233249790825839,0.1456956638528514,2,0.0,valid
Uttar_Pradesh,Sonbhadra,2012,6,2012-10-31,2012-11-05,0.1003695988064234,0.2619915065535366,0.2256946381129035,0.15003231380970355,0,,insufficient_data
Uttar_Pradesh,Sonbhadra,2012,7,2012-11-05,2012-11-10,0.1003695988064234,0.2619915065535366,0.2256946381129035,0.15003231380970355,0,,insufficient_data
Uttar_Pradesh,Sonbhadra,2012,8,2012-11-10,2012-11-15,0.1078249684384431,0.2461717078471168,0.2280642971432231,0.1543689637665557,2,0.0,valid
Uttar_Pradesh,Sonbhadra,2012,9,2012-11-15,2012-11-20,0.1118029717583709,0.24108524751929622,0.23953931827982766,0.16633422350575355,0,,insufficient_data
Uttar_Pradesh,Sonbhadra,2012,10,2012-11-20,2012-11-25,0.1118029717583709,0.24108524751929622,0.23953931827982766,0.16633422350575355,0,,insufficient_data
Uttar_Pradesh,Sonbhadra,2012,11,2012-11-25,2012-11-30,0.1118029717583709,0.24108524751929622,0.23953931827982766,0.16633422350575355,0,,insufficient_data
Uttar_Pradesh,Sonbhadra,2012,12,2012-11-30,2012-12-05,0.1157809750782987,0.2359987871914756,0.2510143394164322,0.1782994832449514,2,0.0,valid
Uttar_Pradesh,Sonbhadra,2012,13,2012-12-05,2012-12-10,0.10357176637113791,0.2225635607857372,0.2398644337935226,0.16569395674014487,0,,insufficient_data
Uttar_Pradesh,Sonbhadra,2012,14,2012-12-10,2012-12-15,0.10357176637113791,0.2225635607857372,0.2398644337935226,0.16569395674014487,0,,insufficient_data
Uttar_Pradesh,Sonbhadra,2012,15,2012-12-15,2012-12-20,0.0913625576639771,0.2091283343799988,0.228714528170613,0.1530884302353383,1,24.0,valid
Uttar_Pradesh,Sonbhadra,2012,16,2012-12-20,2012-12-25,0.1043245841064796,0.21794575450745007,0.23347859873243565,0.16137811548570768,0,,insufficient_data
Uttar_Pradesh,Sonbhadra,2012,17,2012-12-25,2012-12-30,0.1043245841064796,0.21794575450745007,0.23347859873243565,0.16137811548570768,0,,insufficient_data
Uttar_Pradesh,Sonbhadra,2012,18,2012-12-30,2013-01-04,0.1172866105489821,0.2267631746349013,0.2382426692942583,0.1696678007360771,2,11.0,valid
Uttar_Pradesh,Sonbhadra,2012,19,2013-01-04,2013-01-09,0.1172866105489821,0.2267631746349013,0.2382426692942583,0.1696678007360771,0,,insufficient_data
Uttar_Pradesh,Sonbhadra,2012,20,2013-01-09,2013-01-14,0.1172866105489821,0.2267631746349013,0.2382426692942583,0.1696678007360771,0,,insufficient_data
Uttar_Pradesh,Sonbhadra,2012,21,2013-01-14,2013-01-19,0.1172866105489821,0.2267631746349013,0.2382426692942583,0.1696678007360771,0,,insufficient_data
Uttar_Pradesh,Sonbhadra,2012,22,2013-01-19,2013-01-24,,,,,0,,insufficient_data
Uttar_Pradesh,Sonbhadra,2012,23,2013-01-24,2013-01-29,,,,,0,,insufficient_data
Uttar_Pradesh,Sonbhadra,2012,24,2013-01-29,2013-02-03,,,,,0,,insufficient_data
Uttar_Pradesh,Sonbhadra,2012,25,2013-02-03,2013-02-08,0.0915506167994048,0.2312106084755495,0.200465729725333,0.1266712566826527,0,,insufficient_data
Uttar_Pradesh,Sonbhadra,2012,26,2013-02-08,2013-02-13,0.0915506167994048,0.2312106084755495,0.200465729725333,0.1266712566826527,0,,insufficient_data
Uttar_Pradesh,Sonbhadra,2012,27,2013-02-13,2013-02-18,0.0915506167994048,0.2312106084755495,0.200465729725333,0.1266712566826527,0,,insufficient_data
Uttar_Pradesh,Sonbhadra,2012,28,2013-02-18,2013-02-23,0.0915506167994048,0.2312106084755495,0.200465729725333,0.1266712566826527,2,8.0,valid
Uttar_Pradesh,Sonbhadra,2012,29,2013-02-23,2013-02-28,0.09641446750568985,0.24234412854880838,0.22128316942537324,0.1509105227603785,0,,insufficient_data
Uttar_Pradesh,Sonbhadra,2012,30,2013-02-28,2013-03-05,0.09641446750568985,0.24234412854880838,0.22128316942537324,0.1509105227603785,0,,insufficient_data
Uttar_Pradesh,Sonbhadra,2012,31,2013-03-05,2013-03-10,0.1012783182119749,0.2534776486220673,0.2421006091254135,0.1751497888381043,2,0.0,valid
Uttar_Pradesh,Sonbhadra,2012,32,2013-03-10,2013-03-15,0.1012783182119749,0.2534776486220673,0.2421006091254135,0.1751497888381043,0,,insufficient_data
Uttar_Pradesh,Sonbhadra,2012,33,2013-03-15,2013-03-20,0.1012783182119749,0.2534776486220673,0.2421006091254135,0.1751497888381043,0,,insufficient_data
Uttar_Pradesh,Sonbhadra,2012,34,2013-03-20,2013-03-25,0.1256995938066002,0.24932697537292103,0.2739814022771388,0.2064705891024203,0,,insufficient_data
Uttar_Pradesh,Sonbhadra,2012,35,2013-03-25,2013-03-30,0.1501208694012255,0.2451763021237748,0.3058621954288641,0.2377913893667363,0,,insufficient_data
Uttar_Pradesh,Sonbhadra,2012,36,2013-03-30,2013-04-04,0.1501208694012255,0.2451763021237748,0.3058621954288641,0.2377913893667363,0,,insufficient_data
Uttar_Pradesh,Sonbhadra,2012,37,2013-04-04,2013-04-09,0.1501208694012255,0.2451763021237748,0.3058621954288641,0.2377913893667363,2,0.0,valid
Uttar_Pradesh,Sonbhadra,2012,38,2013-04-09,2013-04-14,0.15040895955835704,0.23828580554510814,0.30740003929706183,0.24004197637238375,0,,insufficient_data
Uttar_Pradesh,Sonbhadra,2012,39,2013-04-14,2013-04-19,0.15040895955835704,0.23828580554510814,0.30740003929706183,0.24004197637238375,0,,insufficient_data
Uttar_Pradesh,Sonbhadra,2012,40,2013-04-19,2013-04-24,0.1506970497154886,0.2313953089664415,0.3089378831652595,0.2422925633780312,2,1.0,valid
Uttar_Pradesh,Sonbhadra,2012,41,2013-04-24,2013-04-29,0.1506970497154886,0.2313953089664415,0.3089378831652595,0.2422925633780312,0,,insufficient_data
Uttar_Pradesh,Sonbhadra,2012,42,2013-04-29,2013-05-04,0.1506970497154886,0.2313953089664415,0.3089378831652595,0.2422925633780312,0,,insufficient_data
Uttar_Pradesh,Sonbhadra,2013,0,2013-10-01,2013-10-06,,,,,0,,insufficient_data
Uttar_Pradesh,Sonbhadra,2013,1,2013-10-06,2013-10-11,,,,,0,,insufficient_data
Uttar_Pradesh,Sonbhadra,2013,2,2013-10-11,2013-10-16,,,,,0,,insufficient_data
Uttar_Pradesh,Sonbhadra,2013,3,2013-10-16,2013-10-21,0.0869488054031096,0.2775097150918308,0.2094193497446159,0.1298815872403918,0,,insufficient_data
Uttar_Pradesh,Sonbhadra,2013,4,2013-10-21,2013-10-26,0.08771357048641885,0.2757266334729066,0.21090457398843415,0.1332269673239289,0,,insufficient_data
Uttar_Pradesh,Sonbhadra,2013,5,2013-10-26,2013-10-31,0.08771357048641885,0.2757266334729066,0.21090457398843415,0.1332269673239289,0,,insufficient_data
Uttar_Pradesh,Sonbhadra,2013,6,2013-10-31,2013-11-05,0.0869488054031096,0.2775097150918308,0.2094193497446159,0.1298815872403918,2,0.0,valid
Uttar_Pradesh,Sonbhadra,2013,7,2013-11-05,2013-11-10,0.0884783355697281,0.2739435518539824,0.2123897982322524,0.136572347407466,2,9.365,valid
Uttar_Pradesh,Sonbhadra,2013,8,2013-11-10,2013-11-15,0.09868764618306411,0.26505005047702324,0.22271442090237883,0.14727889894834187,0,,insufficient_data
Uttar_Pradesh,Sonbhadra,2013,9,2013-11-15,2013-11-20,0.117085648856271,0.2646672774539521,0.2374386886938881,0.1603604627560986,2,22.5,valid
Uttar_Pradesh,Sonbhadra,2013,10,2013-11-20,2013-11-25,0.10483650373758853,0.2540118906373188,0.23076164003712224,0.15739503437060454,0,,insufficient_data
Uttar_Pradesh,Sonbhadra,2013,11,2013-11-25,2013-11-30,0.1022377949031477,0.2440796575083278,0.231609846938759,0.162301198389411,2,0.4049999999999999,valid
Uttar_Pradesh,Sonbhadra,2013,12,2013-11-30,2013-12-05,0.1115442356212073,0.233357075733013,0.2416082262835895,0.1703461289294426,2,0.5,valid
Uttar_Pradesh,Sonbhadra,2013,13,2013-12-05,2013-12-10,0.10816616091795653,0.23091664829025324,0.23200965686263308,0.16403358443469082,0,,insufficient_data
Uttar_Pradesh,Sonbhadra,2013,14,2013-12-10,2013-12-15,0.1030270016392708,0.2261452833963957,0.2244640102594526,0.162268755925686,2,0.22,valid
Uttar_Pradesh,Sonbhadra,2013,15,2013-12-15,2013-12-20,0.1158556115082003,0.2200845765232764,0.2303565439687313,0.1612182544942237,2,0.0,valid
Uttar_Pradesh,Sonbhadra,2013,16,2013-12-20,2013-12-25,0.10519048441756472,0.22622783467164806,0.2266774692211495,0.16034333792614341,0,,insufficient_data
Uttar_Pradesh,Sonbhadra,2013,17,2013-12-25,2013-12-30,0.0936117379185257,0.2279066201726861,0.2257123091965905,0.1613507117412144,2,3.845,valid
Uttar_Pradesh,Sonbhadra,2013,18,2013-12-30,2014-01-04,0.10591164534366271,0.22625535176339887,0.22741528887504847,0.15970153192629588,0,,insufficient_data
Uttar_Pradesh,Sonbhadra,2013,19,2014-01-04,2014-01-09,0.1082675866042621,0.2307748585942341,0.2261770134598237,0.1565356295434496,2,0.0,valid
Uttar_Pradesh,Sonbhadra,2013,20,2014-01-09,2014-01-14,0.09270802074867807,0.22571835166432988,0.22241740643188082,0.1555984469342422,0,,insufficient_data
Uttar_Pradesh,Sonbhadra,2013,21,2014-01-14,2014-01-19,0.09225616216375425,0.22462421741015182,0.220769955049526,0.15272231453075613,0,,insufficient_data
Uttar_Pradesh,Sonbhadra,2013,22,2014-01-19,2014-01-24,0.09225616216375425,0.22462421741015182,0.220769955049526,0.15272231453075613,0,,insufficient_data
Uttar_Pradesh,Sonbhadra,2013,23,2014-01-24,2014-01-29,0.0762447377232464,0.2184735762260695,0.2153628966392283,0.1489089995180627,1,0.77,valid
Uttar_Pradesh,Sonbhadra,2013,24,2014-01-29,2014-02-03,0.0771229361104625,0.24207795030013224,0.21040134163144852,0.14239096424153358,0,,insufficient_data
Uttar_Pradesh,Sonbhadra,2013,25,2014-02-03,2014-02-08,0.08099338782395883,0.2448487819773021,0.21036243379904893,0.14080918023978453,0,,insufficient_data
Uttar_Pradesh,Sonbhadra,2013,26,2014-02-08,2014-02-13,0.08099338782395883,0.2448487819773021,0.21036243379904893,0.14080918023978453,0,,insufficient_data
Uttar_Pradesh,Sonbhadra,2013,27,2014-02-13,2014-02-18,0.0780011344976786,0.265682324374195,0.2054397866236687,0.1358729289650045,2,20.65,valid
Uttar_Pradesh,Sonbhadra,2013,28,2014-02-18,2014-02-23,0.0887342912509515,0.2503904453316418,0.2102846181342497,0.1376456122362865,2,0.5,valid
Uttar_Pradesh,Sonbhadra,2013,29,2014-02-23,2014-02-28,0.08384317302894218,0.25621738726972454,0.21039241313214418,0.13967951351881294,0,,insufficient_data
Uttar_Pradesh,Sonbhadra,2013,30,2014-02-28,2014-03-05,0.08443901463979996,0.25535339208054714,0.21400771510095615,0.14412289226213731,0,,insufficient_data
Uttar_Pradesh,Sonbhadra,2013,31,2014-03-05,2014-03-10,0.0847940933381964,0.2525793921033369,0.2154528346385141,0.1455199993551478,1,3.0,valid
Uttar_Pradesh,Sonbhadra,2013,32,2014-03-10,2014-03-15,0.09467680998165351,0.24968125302254707,0.2289341084215416,0.15806435783325992,0,,insufficient_data
Uttar_Pradesh,Sonbhadra,2013,33,2014-03-15,2014-03-20,0.0862265394723733,0.252761406513015,0.224853621007392,0.1574530284921105,2,0.005,valid
Uttar_Pradesh,Sonbhadra,2013,34,2014-03-20,2014-03-25,0.101146347275455,0.2501790927631028,0.24028660620763573,0.16883531477591343,0,,insufficient_data
Uttar_Pradesh,Sonbhadra,2013,35,2014-03-25,2014-03-30,0.1130097971343908,0.2437029604512894,0.2464958696187187,0.1712200456525215,2,18.0,valid
Uttar_Pradesh,Sonbhadra,2013,36,2014-03-30,2014-04-04,0.1205549591568595,0.2516726119847699,0.2743440995659181,0.2011481856038739,2,0.005,valid
Uttar_Pradesh,Sonbhadra,2013,37,2014-04-04,2014-04-09,0.12954684120612137,0.25368672898612293,0.29064981994974093,0.21109919179847803,0,,insufficient_data
Uttar_Pradesh,Sonbhadra,2013,38,2014-04-09,2014-04-14,0.1466055141237714,0.2477011919496003,0.3018218842822234,0.2256534216700045,2,0.0,valid
Uttar_Pradesh,Sonbhadra,2013,39,2014-04-14,2014-04-19,0.1380170944094637,0.2716701515588322,0.3399374263321035,0.2463751142675123,1,27.94,valid
Uttar_Pradesh,Sonbhadra,2013,40,2014-04-19,2014-04-24,0.15078428500266772,0.25914721881371855,0.32343966805938423,0.2424951204101082,0,,insufficient_data
Uttar_Pradesh,Sonbhadra,2013,41,2014-04-24,2014-04-29,0.1677302464747681,0.2580703129327232,0.3285596935638257,0.2554568252928078,2,0.0,valid
Uttar_Pradesh,Sonbhadra,2013,42,2014-04-29,2014-05-04,0.15287367044211592,0.26487023224577766,0.3342485599479646,0.25091596978016006,0,,insufficient_data
Uttar_Pradesh,Sonbhadra,2014,0,2014-10-01,2014-10-06,0.0783334533999484,0.3173484387023205,0.2176689398019985,0.1256950810735916,2,9.5,valid
Uttar_Pradesh,Sonbhadra,2014,1,2014-10-06,2014-10-11,0.07915298411261931,0.3043485271218933,0.21619175230715276,0.12905732065932968,0,,insufficient_data
Uttar_Pradesh,Sonbhadra,2014,2,2014-10-11,2014-10-16,0.07915298411261931,0.3043485271218933,0.21619175230715276,0.12905732065932968,0,,insufficient_data
Uttar_Pradesh,Sonbhadra,2014,3,2014-10-16,2014-10-21,0.0799725148252902,0.2913486155414661,0.214714564812307,0.1324195602450678,2,2.5,valid
Uttar_Pradesh,Sonbhadra,2014,4,2014-10-21,2014-10-26,0.09287278954370015,0.283137036148314,0.2252970282291084,0.14507309783568006,0,,insufficient_data
Uttar_Pradesh,Sonbhadra,2014,5,2014-10-26,2014-10-31,0.09089383873787073,0.273097517499803,0.22960918955172072,0.14827815938318192,0,,insufficient_data
Uttar_Pradesh,Sonbhadra,2014,6,2014-10-31,2014-11-05,0.1057730642621101,0.2749254567551619,0.2358794916459098,0.1577266354262923,2,0.0,valid
Uttar_Pradesh,Sonbhadra,2014,7,2014-11-05,2014-11-10,0.10502850063676916,0.26100180358945146,0.2438771218664577,0.16478837149314168,0,,insufficient_data
Uttar_Pradesh,Sonbhadra,2014,8,2014-11-10,2014-11-15,0.0869359371262119,0.2530184802027811,0.2382335121969453,0.1546882824781856,1,13.85,valid
Uttar_Pradesh,Sonbhadra,2014,9,2014-11-15,2014-11-20,0.10713135693459222,0.258132052871293,0.2472245860460685,0.16989981882295377,0,,insufficient_data
Uttar_Pradesh,Sonbhadra,2014,10,2014-11-20,2014-11-25,0.1223765005219855,0.2550614738104113,0.2575183617565181,0.1819501965749471,2,0.0,valid
Uttar_Pradesh,Sonbhadra,2014,11,2014-11-25,2014-11-30,0.1134399258280614,0.2495228007168176,0.2572669785849009,0.18523416081239,2,0.755,valid
Uttar_Pradesh,Sonbhadra,2014,12,2014-11-30,2014-12-05,0.11315074547231284,0.2428427631276123,0.25565861075062307,0.1799559790881813,0,,insufficient_data
Uttar_Pradesh,Sonbhadra,2014,13,2014-12-05,2014-12-10,0.1036358100668916,0.223944014855608,0.2521904919104503,0.1726835798772068,1,0.0,valid
Uttar_Pradesh,Sonbhadra,2014,14,2014-12-10,2014-12-15,0.10690313318381921,0.23109819483938096,0.24730156797947003,0.17129873632112494,0,,insufficient_data
Uttar_Pradesh,Sonbhadra,2014,15,2014-12-15,2014-12-20,0.10339852622926142,0.22409157088597156,0.2387417894010679,0.16641088040549315,0,,insufficient_data
Uttar_Pradesh,Sonbhadra,2014,16,2014-12-20,2014-12-25,0.1036336636565046,0.2198277689457172,0.2324472334430589,0.155978468273778,1,0.0,valid
Uttar_Pradesh,Sonbhadra,2014,17,2014-12-25,2014-12-30,0.10024595681123967,0.2192772586845492,0.2252768647243372,0.15702696795153973,0,,insufficient_data
Uttar_Pradesh,Sonbhadra,2014,18,2014-12-30,2015-01-04,0.102926104964388,0.2285029288565895,0.2315876428496945,0.1705705930654946,2,14.145,valid
Uttar_Pradesh,Sonbhadra,2014,19,2015-01-04,2015-01-09,0.0941781018128264,0.2095010782513409,0.2117957178802582,0.1445318425153466,2,0.0,valid
Uttar_Pradesh,Sonbhadra,2014,20,2015-01-09,2015-01-14,0.09322654402799953,0.2181553397112107,0.223781066880093,0.1586219294081452,0,,insufficient_data
Uttar_Pradesh,Sonbhadra,2014,21,2015-01-14,2015-01-19,0.0825754253067842,0.2164620120257017,0.2279598399103263,0.1607633526435944,1,2.5,valid
Uttar_Pradesh,Sonbhadra,2014,22,2015-01-19,2015-01-24,0.0844141366266844,0.22178651178159015,0.2132470803046859,0.14763063629605797,0,,insufficient_data
Uttar_Pradesh,Sonbhadra,2014,23,2015-01-24,2015-01-29,0.09085167817280508,0.23881639585340161,0.22098435247765624,0.15244684655116053,0,,insufficient_data
Uttar_Pradesh,Sonbhadra,2014,24,2015-01-29,2015-02-03,0.0764888827604426,0.2393964450677278,0.1999856831234732,0.1375967137292329,2,0.02,valid
Uttar_Pradesh,Sonbhadra,2014,25,2015-02-03,2015-02-08,0.09157221429093709,0.253179389528801,0.2174191235449817,0.14910407478995874,0,,insufficient_data
Uttar_Pradesh,Sonbhadra,2014,26,2015-02-08,2015-02-13,0.1134907264511884,0.2605907304667753,0.2350075343991692,0.1589804732806543,2,11.5,valid
Uttar_Pradesh,Sonbhadra,2014,27,2015-02-13,2015-02-18,0.0847370336611803,0.2595509930518999,0.2172641531123026,0.150735037359989,2,2.275,valid
Uttar_Pradesh,Sonbhadra,2014,28,2015-02-18,2015-02-23,0.0996988359712307,0.25992840965500646,0.22802931342419683,0.1566441330196945,0,,insufficient_data
Uttar_Pradesh,Sonbhadra,2014,29,2015-02-23,2015-02-28,0.1008687478013234,0.2596435054463441,0.2318162527611187,0.1602168884184402,2,0.0,valid
Uttar_Pradesh,Sonbhadra,2014,30,2015-02-28,2015-03-05,0.0981550489599961,0.25381149626782434,0.22998876969480367,0.16234895301526453,0,,insufficient_data
Uttar_Pradesh,Sonbhadra,2014,31,2015-03-05,2015-03-10,0.10502829249419832,0.24487644171883097,0.24288172767747807,0.17793083121752049,0,,insufficient_data
Uttar_Pradesh,Sonbhadra,2014,32,2015-03-10,2015-03-15,0.1088593654174846,0.2422399903052291,0.2408859032109898,0.1760949332673644,1,9.0,valid
Uttar_Pradesh,Sonbhadra,2014,33,2015-03-15,2015-03-20,0.11520401238730764,0.23285053844443324,0.2583249976894199,0.19572597804651393,0,,insufficient_data
Uttar_Pradesh,Sonbhadra,2014,34,2015-03-20,2015-03-25,0.1053567642637869,0.2327458294049197,0.2559430270603257,0.1974806719667568,2,0.005,valid
Uttar_Pradesh,Sonbhadra,2014,35,2015-03-25,2015-03-30,0.1313959074806514,0.2235657956231509,0.2781460627969442,0.2136023289054206,2,0.0,valid
Uttar_Pradesh,Sonbhadra,2014,36,2015-03-30,2015-04-04,0.1220597245112595,0.23071543137095743,0.2851536974409528,0.21921512275005242,0,,insufficient_data
Uttar_Pradesh,Sonbhadra,2014,37,2015-04-04,2015-04-09,0.1294265017893402,0.2358346690848017,0.3213720024655886,0.2465623673779799,1,0.22,valid
Uttar_Pradesh,Sonbhadra,2014,38,2015-04-09,2015-04-14,0.13907848415667554,0.2369560062594764,0.306608811511242,0.23989667569469694,0,,insufficient_data
Uttar_Pradesh,Sonbhadra,2014,39,2015-04-14,2015-04-19,0.1547060199892471,0.24669353808097272,0.3243028545388841,0.25857516984580026,0,,insufficient_data
Uttar_Pradesh,Sonbhadra,2014,40,2015-04-19,2015-04-24,0.156413043200035,0.2514675540704766,0.3203083692711931,0.2595253308006903,2,1.5699999999999998,valid
Uttar_Pradesh,Sonbhadra,2014,41,2015-04-24,2015-04-29,0.16734577908920056,0.25212297257905825,0.3257682805755318,0.2645815710797105,0,,insufficient_data
Uttar_Pradesh,Sonbhadra,2014,42,2015-04-29,2015-05-04,0.1782785149783661,0.2527783910876399,0.3312281918798705,0.2696378113587306,2,2.0,valid
Uttar_Pradesh,Sonbhadra,2015,0,2015-10-01,2015-10-06,0.08440490839722375,0.29336777328790464,0.2300446657306173,0.14243631770977935,0,,insufficient_data
Uttar_Pradesh,Sonbhadra,2015,1,2015-10-06,2015-10-11,0.0844410527820455,0.2942442038889767,0.2303781657001939,0.1445304601258772,2,0.0,valid
Uttar_Pradesh,Sonbhadra,2015,2,2015-10-11,2015-10-16,0.084368764012402,0.2924913426868326,0.2297111657610407,0.1403421752936815,2,4.96,valid
Uttar_Pradesh,Sonbhadra,2015,3,2015-10-16,2015-10-21,0.09725274257410887,0.2917227147929426,0.23589073548529663,0.14812028140288377,0,,insufficient_data
Uttar_Pradesh,Sonbhadra,2015,4,2015-10-21,2015-10-26,0.1229484109278791,0.2884325978030185,0.2475828749946553,0.1594882087890926,2,3.5,valid
Uttar_Pradesh,Sonbhadra,2015,5,2015-10-26,2015-10-31,0.10670823443320859,0.2798732328944936,0.23947024196476097,0.15451031976687393,0,,insufficient_data
Uttar_Pradesh,Sonbhadra,2015,6,2015-10-31,2015-11-05,0.11682020383180447,0.26715306595251365,0.24444645137191415,0.16585984802040826,0,,insufficient_data
Uttar_Pradesh,Sonbhadra,2015,7,2015-11-05,2015-11-10,0.1128075283593447,0.2586957581936298,0.2411166851385869,0.1637005752178477,2,1.0,valid
Uttar_Pradesh,Sonbhadra,2015,8,2015-11-10,2015-11-15,0.107119007390584,0.24826989374968678,0.24357864008312657,0.16639757971420335,0,,insufficient_data
Uttar_Pradesh,Sonbhadra,2015,9,2015-11-15,2015-11-20,0.1147046722081896,0.2543308418608928,0.2446397939825003,0.1743907600542845,2,4.51,valid
Uttar_Pradesh,Sonbhadra,2015,10,2015-11-20,2015-11-25,0.0938448216042177,0.2317830811945379,0.2449794411282925,0.1611014038704779,1,0.0,valid
Uttar_Pradesh,Sonbhadra,2015,11,2015-11-25,2015-11-30,0.11051148620999897,0.2379377412763526,0.25005200144759504,0.17593517856247887,0,,insufficient_data
Uttar_Pradesh,Sonbhadra,2015,12,2015-11-30,2015-12-05,0.1123456935330829,0.2379796558127981,0.2556705634132588,0.1821794829138156,2,2.43,valid
Uttar_Pradesh,Sonbhadra,2015,13,2015-12-05,2015-12-10,0.1211507574945057,0.2276573862371815,0.2549182072663286,0.1860690674113375,2,12.0,valid
Uttar_Pradesh,Sonbhadra,2015,14,2015-12-10,2015-12-15,0.11734461670071078,0.2299106450335216,0.2522133563513773,0.1846466072088355,0,,insufficient_data
Uttar_Pradesh,Sonbhadra,2015,15,2015-12-15,2015-12-20,0.1137353805930175,0.2270002951446753,0.2425962524898386,0.1796310919519801,1,20.1,valid
Uttar_Pradesh,Sonbhadra,2015,16,2015-12-20,2015-12-25,0.11781056936685885,0.2277470593717186,0.24902424025016132,0.1843725353627862,0,,insufficient_data
Uttar_Pradesh,Sonbhadra,2015,17,2015-12-25,2015-12-30,0.122146635182237,0.2270052429394316,0.2556684022360833,0.1907067865582087,2,0.5,valid
Uttar_Pradesh,Sonbhadra,2015,18,2015-12-30,2016-01-04,0.1142095041976752,0.229325313165586,0.2429140990083948,0.1810831955296185,2,11.475,valid
Uttar_Pradesh,Sonbhadra,2015,19,2016-01-04,2016-01-09,0.11827514933327717,0.22869740377425662,0.2508932609083406,0.18598431319378025,0,,insufficient_data
Uttar_Pradesh,Sonbhadra,2015,20,2016-01-09,2016-01-14,0.1184693086199193,0.2297616552177523,0.2540972814805436,0.1861629574935135,2,0.0,valid
Uttar_Pradesh,Sonbhadra,2015,21,2016-01-14,2016-01-19,0.115480935998225,0.23197698008894782,0.2502501856293107,0.18446693578301776,0,,insufficient_data
Uttar_Pradesh,Sonbhadra,2015,22,2016-01-19,2016-01-24,0.11106446522126996,0.23831196769920227,0.24990810158343058,0.18387765619471205,0,,insufficient_data
Uttar_Pradesh,Sonbhadra,2015,23,2016-01-24,2016-01-29,0.1137639951770805,0.2368439718835051,0.2537391763989935,0.1861546543259213,2,11.5,valid
Uttar_Pradesh,Sonbhadra,2015,24,2016-01-29,2016-02-03,0.11089855181742876,0.24685368238168484,0.248793593875593,0.18127134873563855,0,,insufficient_data
Uttar_Pradesh,Sonbhadra,2015,25,2016-02-03,2016-02-08,0.1009600918668101,0.2483302759963494,0.2418878468707546,0.1793153567647013,2,0.065,valid
Uttar_Pradesh,Sonbhadra,2015,26,2016-02-08,2016-02-13,0.1179715684083957,0.2553867992652001,0.2507537583570309,0.1783440351162931,2,17.0,valid
Uttar_Pradesh,Sonbhadra,2015,27,2016-02-13,2016-02-18,0.11488579176508278,0.25520259496611297,0.25006381939364103,0.18059189822985292,0,,insufficient_data
Uttar_Pradesh,Sonbhadra,2015,28,2016-02-18,2016-02-23,0.1023756224422013,0.256917854247451,0.2484732474171401,0.1797092833348919,2,1.4449999999999998,valid
Uttar_Pradesh,Sonbhadra,2015,29,2016-02-23,2016-02-28,0.138235884342924,0.2601754503554515,0.2591404249296385,0.1849989177035254,2,13.5,valid
Uttar_Pradesh,Sonbhadra,2015,30,2016-02-28,2016-03-04,0.11588238870446603,0.2393398714596827,0.23680789743673814,0.16566226078822835,0,,insufficient_data
Uttar_Pradesh,Sonbhadra,2015,31,2016-03-04,2016-03-09,0.11962468725632663,0.23991082130923957,0.2492317237880386,0.18200633378709463,0,,insufficient_data
Uttar_Pradesh,Sonbhadra,2015,32,2016-03-09,2016-03-14,0.12537437552770178,0.23424181032983574,0.24948454924500477,0.1827720172711622,0,,insufficient_data
Uttar_Pradesh,Sonbhadra,2015,33,2016-03-14,2016-03-19,0.1070356593282728,0.2009263097761456,0.2028100199634358,0.1322785813262678,1,29.0,valid
Uttar_Pradesh,Sonbhadra,2015,34,2016-03-19,2016-03-24,0.1308515829119085,0.2416236708579102,0.2865032028419399,0.2310385527836934,2,0.005,valid
Uttar_Pradesh,Sonbhadra,2015,35,2016-03-24,2016-03-29,0.12846845999349832,0.22538704919108032,0.2640200131031913,0.20238663694213122,0,,insufficient_data
Uttar_Pradesh,Sonbhadra,2015,36,2016-03-29,2016-04-03,0.1475181377403137,0.2336111669391851,0.3027468165041981,0.2438427767164325,2,0.0,valid
Uttar_Pradesh,Sonbhadra,2015,37,2016-04-03,2016-04-08,0.15274162733438054,0.24435550456208896,0.31060281461174993,0.25198334924171506,0,,insufficient_data
Uttar_Pradesh,Sonbhadra,2015,38,2016-04-08,2016-04-13,0.16925416571100182,0.25588681212383557,0.33216895921178907,0.27081669696351346,0,,insufficient_data
Uttar_Pradesh,Sonbhadra,2015,39,2016-04-13,2016-04-18,0.1798551613509194,0.2578316758891716,0.3425584244891118,0.2810687182250193,2,0.0,valid
Uttar_Pradesh,Sonbhadra,2015,40,2016-04-18,2016-04-23,0.1801221796963459,0.2670246347161608,0.34688003056558453,0.28430365708705396,0,,insufficient_data
Uttar_Pradesh,Sonbhadra,2015,41,2016-04-23,2016-04-28,0.1803891980417724,0.27621759354315,0.3512016366420573,0.2875385959490887,2,0.0,valid
Uttar_Pradesh,Sonbhadra,2015,42,2016-04-28,2016-05-03,0.1801221796963459,0.2670246347161608,0.34688003056558453,0.28430365708705396,0,,insufficient_data
Uttar_Pradesh,Sonbhadra,2016,0,2016-10-01,2016-10-06,0.0643229717263845,0.3054714632918243,0.1898024515248947,0.1122557261775,0,,insufficient_data
Uttar_Pradesh,Sonbhadra,2016,1,2016-10-06,2016-10-11,0.0823061320337275,0.3032724972973383,0.20109094724381815,0.12251247193726295,0,,insufficient_data
Uttar_Pradesh,Sonbhadra,2016,2,2016-10-11,2016-10-16,0.0823061320337275,0.3032724972973383,0.20109094724381815,0.12251247193726295,0,,insufficient_data
Uttar_Pradesh,Sonbhadra,2016,3,2016-10-16,2016-10-21,0.0643229717263845,0.3054714632918243,0.1898024515248947,0.1122557261775,2,0.005,valid
Uttar_Pradesh,Sonbhadra,2016,4,2016-10-21,2016-10-26,0.1002892923410705,0.3010735313028523,0.2123794429627416,0.1327692176970259,2,0.5,valid
Uttar_Pradesh,Sonbhadra,2016,5,2016-10-26,2016-10-31,0.0982887497394023,0.29264056457124477,0.21170065147447806,0.13487851060665196,0,,insufficient_data
Uttar_Pradesh,Sonbhadra,2016,6,2016-10-31,2016-11-05,0.0813999241755163,0.2752719498480776,0.2044882278237777,0.1311716092181251,2,2.3200000000000003,valid
Uttar_Pradesh,Sonbhadra,2016,7,2016-11-05,2016-11-10,0.1471428107146379,0.288745313842225,0.2401324835864982,0.1633174893339569,2,5.5,valid
Uttar_Pradesh,Sonbhadra,2016,8,2016-11-10,2016-11-15,0.11264159331835738,0.26478259091879885,0.2307518973639599,0.15773535145408504,0,,insufficient_data
Uttar_Pradesh,Sonbhadra,2016,9,2016-11-15,2016-11-20,0.1024634203045434,0.2545054887931026,0.231358692500606,0.1611938596823712,2,0.03,valid
Uttar_Pradesh,Sonbhadra,2016,10,2016-11-20,2016-11-25,0.12305548303263773,0.2612861379423725,0.23950645387735392,0.16658993219940502,0,,insufficient_data
Uttar_Pradesh,Sonbhadra,2016,11,2016-11-25,2016-11-30,0.1195602180787319,0.24060761119179,0.2470281855449576,0.175258447581887,2,0.0,valid
Uttar_Pradesh,Sonbhadra,2016,12,2016-11-30,2016-12-05,0.10431040728895925,0.22914349035898,0.22938209177879215,0.16333185652701168,1,22.28,missing_bands
Uttar_Pradesh,Sonbhadra,2016,13,2016-12-05,2016-12-10,0.10492606961709787,0.22068949088093914,0.22872322487152089,0.16404452214189183,0,,insufficient_data
Uttar_Pradesh,Sonbhadra,2016,14,2016-12-10,2016-12-15,0.0995031890252266,0.2061423903934471,0.22316316567813,0.1592611266441482,2,10.0,valid
Uttar_Pradesh,Sonbhadra,2016,15,2016-12-15,2016-12-20,0.0957148017473351,0.2153184710575803,0.2159783233914751,0.1576139921996403,2,0.03,valid
Uttar_Pradesh,Sonbhadra,2016,16,2016-12-20,2016-12-25,0.10062293252565242,0.21441235979069467,0.21680365584055566,0.15258700734924896,0,,insufficient_data
Uttar_Pradesh,Sonbhadra,2016,17,2016-12-25,2016-12-30,0.1283447382638629,0.2269724174244805,0.2243044372104911,0.1580982684163349,2,8.5,valid
Uttar_Pradesh,Sonbhadra,2016,18,2016-12-30,2017-01-04,0.09756994482844275,0.22034132044845883,0.21255925760787897,0.14785750998483432,0,,insufficient_data
Uttar_Pradesh,Sonbhadra,2016,19,2017-01-04,2017-01-09,0.0789290010661851,0.2092161602872708,0.2037686970821264,0.1353746421368724,1,7.37,valid
Uttar_Pradesh,Sonbhadra,2016,20,2017-01-09,2017-01-14,0.0872912382363879,0.2298582330245038,0.2061855727474233,0.1403431371864896,2,0.0,valid
Uttar_Pradesh,Sonbhadra,2016,21,2017-01-14,2017-01-19,0.08295723632493113,0.23213026659191727,0.20517514967949174,0.1379024505570421,0,,insufficient_data
Uttar_Pradesh,Sonbhadra,2016,22,2017-01-19,2017-01-24,0.0810742868146571,0.2346686612533025,0.1991128667181499,0.1359771522387455,2,0.11,valid
Uttar_Pradesh,Sonbhadra,2016,23,2017-01-24,2017-01-29,0.0845344191824944,0.254778011802592,0.2116334621702673,0.1399148706660609,2,3.5,valid
Uttar_Pradesh,Sonbhadra,2016,24,2017-01-29,2017-02-03,0.0867355485260057,0.2520001984813252,0.2086313636981752,0.14010021640287124,0,,insufficient_data
Uttar_Pradesh,Sonbhadra,2016,25,2017-02-03,2017-02-08,0.0779738449752442,0.2554780762724661,0.2046915463282984,0.1402823207528963,2,0.135,valid
Uttar_Pradesh,Sonbhadra,2016,26,2017-02-08,2017-02-13,0.08809781476636726,0.2582916948711754,0.21296878847653705,0.14345047491052992,0,,insufficient_data
Uttar_Pradesh,Sonbhadra,2016,27,2017-02-13,2017-02-18,0.1033596431316271,0.2630760445969402,0.2190875795759853,0.1442265219537823,2,0.5,valid
Uttar_Pradesh,Sonbhadra,2016,28,2017-02-18,2017-02-23,0.0865233517761033,0.2598346468127034,0.2164625658315973,0.1493781862693802,2,0.01,valid
Uttar_Pradesh,Sonbhadra,2016,29,2017-02-23,2017-02-28,0.100959207954913,0.2565362431453326,0.22699812667089475,0.15655800147590332,0,,insufficient_data
Uttar_Pradesh,Sonbhadra,2016,30,2017-02-28,2017-03-05,0.1045598728975504,0.2526621026157353,0.2319449392773756,0.162212415869995,2,0.0,valid
Uttar_Pradesh,Sonbhadra,2016,31,2017-03-05,2017-03-10,0.1093939640143712,0.2505721785559515,0.2404974219986208,0.1704148818104557,2,13.475,valid
Uttar_Pradesh,Sonbhadra,2016,32,2017-03-10,2017-03-15,0.1132632648051279,0.24676405344935762,0.24557307573165002,0.1767451918680163,0,,insufficient_data
Uttar_Pradesh,Sonbhadra,2016,33,2017-03-15,2017-03-20,0.12435177084653327,0.24749353315072936,0.2608882161889247,0.19184125030127486,0,,insufficient_data
Uttar_Pradesh,Sonbhadra,2016,34,2017-03-20,2017-03-25,0.1309490701628609,0.24577067666239402,0.2705359751594411,0.20171752844503477,0,,insufficient_data
Uttar_Pradesh,Sonbhadra,2016,35,2017-03-25,2017-03-30,0.1258359575034621,0.2370578791763861,0.2642768659189538,0.1976082779235982,2,0.005,valid
Uttar_Pradesh,Sonbhadra,2016,36,2017-03-30,2017-04-04,0.1576172889707494,0.2496819722548445,0.3068336375607487,0.2371294256010505,2,0.0,valid
Uttar_Pradesh,Sonbhadra,2016,37,2017-04-04,2017-04-09,0.15466722163988328,0.2528467274012789,0.3067288627519433,0.23699491006947304,0,,insufficient_data
Uttar_Pradesh,Sonbhadra,2016,38,2017-04-09,2017-04-14,0.1645198011437476,0.2730661011265798,0.3278115255479261,0.2573568716194033,2,0.01,valid
Uttar_Pradesh,Sonbhadra,2016,39,2017-04-14,2017-04-19,0.170695838941574,0.251580957047305,0.3279934219801446,0.2558850651338402,2,0.0,valid
Uttar_Pradesh,Sonbhadra,2016,40,2017-04-19,2017-04-24,0.17144050255494359,0.269054515924027,0.33090941590374806,0.25851309292705865,0,,insufficient_data
Uttar_Pradesh,Sonbhadra,2016,41,2017-04-24,2017-04-29,0.1791058675795092,0.2825164895981963,0.3369233001831734,0.2622973420279325,2,7.955,valid
Uttar_Pradesh,Sonbhadra,2016,42,2017-04-29,2017-05-04,0.1749008532605416,0.26704872332275065,0.332458361081659,0.25909120358088633,0,,insufficient_data
Uttar_Pradesh,Sonbhadra,2017,0,2017-10-01,2017-10-06,0.067209709187711,0.3336500876720636,0.2030261298411913,0.1145463332397154,2,14.62,valid
Uttar_Pradesh,Sonbhadra,2017,1,2017-10-06,2017-10-11,0.067209709187711,0.3336500876720636,0.2030261298411913,0.1145463332397154,0,,insufficient_data
Uttar_Pradesh,Sonbhadra,2017,2,2017-10-11,2017-10-16,0.0912838451588005,0.31509335720365755,0.2229486134147098,0.13764092091820865,0,,insufficient_data
Uttar_Pradesh,Sonbhadra,2017,3,2017-10-16,2017-10-21,0.09445754037501847,0.30280682163626976,0.2303751413604773,0.1456747765378201,0,,insufficient_data
Uttar_Pradesh,Sonbhadra,2017,4,2017-10-21,2017-10-26,0.11246227790699004,0.2949325541293432,0.25660541978107176,0.16490557926416974,0,,insufficient_data
Uttar_Pradesh,Sonbhadra,2017,5,2017-10-26,2017-10-31,0.11535798112989,0.2965366267352515,0.2428710969882283,0.1607355085967019,1,1.0,valid
Uttar_Pradesh,Sonbhadra,2017,6,2017-10-31,2017-11-05,0.1008049308074544,0.2782337505014942,0.2452281972520122,0.161742487777043,2,4.76,valid
Uttar_Pradesh,Sonbhadra,2017,7,2017-11-05,2017-11-10,0.1212239217836257,0.3100272851512839,0.2817169651029748,0.1722387414187643,1,0.0,valid
Uttar_Pradesh,Sonbhadra,2017,8,2017-11-10,2017-11-15,0.1405262334963015,0.2688903361966418,0.2697009670989053,0.188508764563852,1,12.0,valid
Uttar_Pradesh,Sonbhadra,2017,9,2017-11-15,2017-11-20,0.11967962214156154,0.26846702371658515,0.2661151369653412,0.18099933376726005,0,,insufficient_data
Uttar_Pradesh,Sonbhadra,2017,10,2017-11-20,2017-11-25,0.1111952439414566,0.2486917187159538,0.2626329996173184,0.184484850220101,3,2.4133333333333336,valid
Uttar_Pradesh,Sonbhadra,2017,11,2017-11-25,2017-11-30,0.1246477806789694,0.2364920280175519,0.2712965557554954,0.19802182485654,2,1.5,valid
Uttar_Pradesh,Sonbhadra,2017,12,2017-11-30,2017-12-05,0.12815594462863822,0.24609681656015292,0.2773677326971152,0.19791385806674988,0,,insufficient_data
Uttar_Pradesh,Sonbhadra,2017,13,2017-12-05,2017-12-10,0.1366931656395826,0.2597626432881218,0.3129584568723808,0.2215128351728373,1,0.0,valid
Uttar_Pradesh,Sonbhadra,2017,14,2017-12-10,2017-12-15,0.1400875882545442,0.2394408762189841,0.2625829185432661,0.1876359220175212,2,0.5,valid
Uttar_Pradesh,Sonbhadra,2017,15,2017-12-15,2017-12-20,0.13013698586368114,0.243950268161821,0.2755692706054243,0.19445366370048575,0,,insufficient_data
Uttar_Pradesh,Sonbhadra,2017,16,2017-12-20,2017-12-25,0.1279897524793659,0.2505247371810059,0.2474178178987818,0.1767085282762851,3,14.106666666666667,valid
Uttar_Pradesh,Sonbhadra,2017,17,2017-12-25,2017-12-30,0.12179239394047486,0.23823978731285855,0.25749988164615983,0.18298695455216427,0,,insufficient_data
Uttar_Pradesh,Sonbhadra,2017,18,2017-12-30,2018-01-04,0.1157774370812318,0.2260728159591722,0.2793178891072685,0.1919573693352994,1,0.0,valid
Uttar_Pradesh,Sonbhadra,2017,19,2018-01-04,2018-01-09,0.1033147979467576,0.2369207198922721,0.2406809010353229,0.1756459985795514,2,6.905,valid
Uttar_Pradesh,Sonbhadra,2017,20,2018-01-09,2018-01-14,0.11159050664280143,0.24097222660286904,0.2531946705475733,0.1795304430787141,0,,insufficient_data
Uttar_Pradesh,Sonbhadra,2017,21,2018-01-14,2018-01-19,0.1193724616072981,0.2455024315155653,0.2501125686005157,0.1774805498866052,2,2.5,valid
Uttar_Pradesh,Sonbhadra,2017,22,2018-01-19,2018-01-24,0.1078973299359182,0.2553929390444665,0.242667323447186,0.1730378545134004,2,0.22,valid
Uttar_Pradesh,Sonbhadra,2017,23,2018-01-24,2018-01-29,0.11357398592225493,0.25726502945982677,0.24719122444309496,0.17453434473474339,0,,insufficient_data
Uttar_Pradesh,Sonbhadra,2017,24,2018-01-29,2018-02-03,0.1179375047005791,0.2582165206122638,0.2530383799815999,0.1779946716226547,2,0.0,valid
Uttar_Pradesh,Sonbhadra,2017,25,2018-02-03,2018-02-08,0.11071053364361064,0.26024901651398386,0.24534964821321545,0.17333993277904225,0,,insufficient_data
Uttar_Pradesh,Sonbhadra,2017,26,2018-02-08,2018-02-13,0.1090886474452243,0.2699482266670115,0.2429466257430782,0.1696243029163132,2,2.1100000000000003,valid
Uttar_Pradesh,Sonbhadra,2017,27,2018-02-13,2018-02-18,0.107918652492721,0.2574383797321936,0.2427462636809977,0.1727029020638007,2,0.0,valid
Uttar_Pradesh,Sonbhadra,2017,28,2018-02-18,2018-02-23,0.11238788841206152,0.2629567162674376,0.24929122243618923,0.17975126432352412,0,,insufficient_data
Uttar_Pradesh,Sonbhadra,2017,29,2018-02-23,2018-02-28,0.1074493997168061,0.262325153498041,0.2453508594475155,0.1787480627236907,2,0.095,valid
Uttar_Pradesh,Sonbhadra,2017,30,2018-02-28,2018-03-05,0.1250948539934946,0.2621151051725043,0.2661211408731656,0.1979297895902919,2,0.0,valid
Uttar_Pradesh,Sonbhadra,2017,31,2018-03-05,2018-03-10,0.12606204720913586,0.2574235719801212,0.2678520079975991,0.19947964758152995,0,,insufficient_data
Uttar_Pradesh,Sonbhadra,2017,32,2018-03-10,2018-03-15,0.124067529884772,0.2610584299515972,0.2719752400221588,0.2035472401561506,2,0.155,valid
Uttar_Pradesh,Sonbhadra,2017,33,2018-03-15,2018-03-20,0.13853817785146635,0.2583046405389819,0.28396008825986807,0.2149956432141718,0,,insufficient_data
Uttar_Pradesh,Sonbhadra,2017,34,2018-03-20,2018-03-25,0.1476364052414708,0.2441955992983424,0.2879607916475567,0.2176934978559866,2,0.0,valid
Uttar_Pradesh,Sonbhadra,2017,35,2018-03-25,2018-03-30,0.157353922286128,0.2658494277334835,0.3097831804965912,0.2408120452542581,2,0.005,valid
Uttar_Pradesh,Sonbhadra,2017,36,2018-03-30,2018-04-04,0.16329965964451307,0.2610466062869536,0.31465548443484026,0.24219986044247965,0,,insufficient_data
Uttar_Pradesh,Sonbhadra,2017,37,2018-04-04,2018-04-09,0.1787377949130773,0.2598478969281637,0.3261560525730817,0.255437176436828,2,0.0,valid
Uttar_Pradesh,Sonbhadra,2017,38,2018-04-09,2018-04-14,0.1694705161373762,0.2742935011878247,0.3347219130221314,0.254856722222846,2,7.215,valid
Uttar_Pradesh,Sonbhadra,2017,39,2018-04-14,2018-04-19,0.17809034581588581,0.26811637653025233,0.336745274902669,0.26316324608843283,0,,insufficient_data
Uttar_Pradesh,Sonbhadra,2017,40,2018-04-19,2018-04-24,0.1838135639208115,0.2619002603014386,0.3454781594205938,0.2767641926269382,2,0.0,valid
Uttar_Pradesh,Sonbhadra,2017,41,2018-04-24,2018-04-29,0.17787452945015528,0.27087253639761516,0.34027501567919805,0.2657386026389678,0,,insufficient_data
Uttar_Pradesh,Sonbhadra,2017,42,2018-04-29,2018-05-04,0.1803395082922782,0.2764238477035822,0.340624974594869,0.2655948930671192,2,1.355,valid
Uttar_Pradesh,Sonbhadra,2018,0,2018-10-01,2018-10-06,0.07351433863909534,0.30118984747281563,0.2049935457137601,0.12234265925880175,0,,insufficient_data
Uttar_Pradesh,Sonbhadra,2018,1,2018-10-06,2018-10-11,0.0708961817246307,0.3088677933301757,0.2026739665503151,0.1207129899373322,2,0.13,valid
Uttar_Pradesh,Sonbhadra,2018,2,2018-10-11,2018-10-16,0.07613249555356,0.2935119016154555,0.2073131248772051,0.1239723285802713,2,5.5,valid
Uttar_Pradesh,Sonbhadra,2018,3,2018-10-16,2018-10-21,0.08203125774635106,0.29492815713540266,0.21181108191520756,0.12994988011371855,0,,insufficient_data
Uttar_Pradesh,Sonbhadra,2018,4,2018-10-21,2018-10-26,0.0797944149469725,0.2945823232350087,0.2091395155609462,0.1302035048207708,2,0.895,valid
Uttar_Pradesh,Sonbhadra,2018,5,2018-10-26,2018-10-31,0.1013019387602411,0.2827506103609707,0.2281177206723638,0.1449106971164999,2,10.5,valid
Uttar_Pradesh,Sonbhadra,2018,6,2018-10-31,2018-11-05,0.09903994401693113,0.27599064010113344,0.2280393065665854,0.1496279242296667,0,,insufficient_data
Uttar_Pradesh,Sonbhadra,2018,7,2018-11-05,2018-11-10,0.0969284149082949,0.2712944379525199,0.2275809374551046,0.1548549348391124,2,0.17,valid
Uttar_Pradesh,Sonbhadra,2018,8,2018-11-10,2018-11-15,0.10702718788129142,0.2649684752083533,0.23852062085929254,0.161636578496566,0,,insufficient_data
Uttar_Pradesh,Sonbhadra,2018,9,2018-11-15,2018-11-20,0.118135007452216,0.2553351888560344,0.2473190525779269,0.1685425601422837,2,0.0,valid
Uttar_Pradesh,Sonbhadra,2018,10,2018-11-20,2018-11-25,0.1117433904044137,0.2504936636638882,0.2510647727317749,0.1782381218883681,2,0.2,valid
Uttar_Pradesh,Sonbhadra,2018,11,2018-11-25,2018-11-30,0.12086069917691783,0.24772579542069462,0.251789318575022,0.17821061569616217,0,,insufficient_data
Uttar_Pradesh,Sonbhadra,2018,12,2018-11-30,2018-12-05,0.1430167681279126,0.2527568283411018,0.262122674559398,0.184755497742118,2,11.0,valid
Uttar_Pradesh,Sonbhadra,2018,13,2018-12-05,2018-12-10,0.110547630723129,0.2323175008217541,0.2466507744309883,0.1813062830118789,2,0.19,valid
Uttar_Pradesh,Sonbhadra,2018,14,2018-12-10,2018-12-15,0.11873029445564114,0.23619238116287014,0.24706080927050048,0.17980262956221235,0,,insufficient_data
Uttar_Pradesh,Sonbhadra,2018,15,2018-12-15,2018-12-20,0.11947542842036504,0.23480058462291664,0.24593667989221585,0.17894552884298845,0,,insufficient_data
Uttar_Pradesh,Sonbhadra,2018,16,2018-12-20,2018-12-25,0.11162831518451588,0.22881517005018825,0.24054134833648846,0.1770088725432786,0,,insufficient_data
Uttar_Pradesh,Sonbhadra,2018,17,2018-12-25,2018-12-30,0.1026264845158818,0.2235028143257546,0.2324089788211152,0.1733461079326402,2,0.04,valid
Uttar_Pradesh,Sonbhadra,2018,18,2018-12-30,2019-01-04,0.1217108303145368,0.2306251950030561,0.2425642917573619,0.1763742266853168,2,2.0,valid
Uttar_Pradesh,Sonbhadra,2018,19,2019-01-04,2019-01-09,0.1102190877922421,0.23424343377961487,0.2363237264612205,0.1716883994919417,0,,insufficient_data
Uttar_Pradesh,Sonbhadra,2018,20,2019-01-09,2019-01-14,0.1001807709900063,0.2342351240707107,0.2290245681007429,0.1662729797073251,2,0.085,valid
Uttar_Pradesh,Sonbhadra,2018,21,2019-01-14,2019-01-19,0.1163582653485435,0.2486106017189381,0.2412970671656619,0.1707602836424847,2,0.5,valid
Uttar_Pradesh,Sonbhadra,2018,22,2019-01-19,2019-01-24,0.10885976003768544,0.2455827269155487,0.2330565439714519,0.16566660399249766,0,,insufficient_data
Uttar_Pradesh,Sonbhadra,2018,23,2019-01-24,2019-01-29,0.10317904123967234,0.2491115518985705,0.22962645642471616,0.16357915377028875,0,,insufficient_data
Uttar_Pradesh,Sonbhadra,2018,24,2019-01-29,2019-02-03,0.10417846465622767,0.25407036117452375,0.22982708586604061,0.16268121179127662,0,,insufficient_data
Uttar_Pradesh,Sonbhadra,2018,25,2019-02-03,2019-02-08,0.1100402437745065,0.2539024549569972,0.2288479966479509,0.1599665486276832,2,0.5,valid
Uttar_Pradesh,Sonbhadra,2018,26,2019-02-08,2019-02-13,0.086136884845633,0.259698026847636,0.219336193784509,0.157316803103662,2,0.02,valid
Uttar_Pradesh,Sonbhadra,2018,27,2019-02-13,2019-02-18,0.10276273943977529,0.2593818624508219,0.24367146273616436,0.1748023175910596,0,,insufficient_data
Uttar_Pradesh,Sonbhadra,2018,28,2019-02-18,2019-02-23,0.0936880666452936,0.2557999118193529,0.2244461554894062,0.1570514734615271,2,0.0,valid
Uttar_Pradesh,Sonbhadra,2018,29,2019-02-23,2019-02-28,0.1211857624936681,0.2681270561793016,0.3020555050227914,0.2248744451713661,1,24.4,valid
Uttar_Pradesh,Sonbhadra,2018,30,2019-02-28,2019-03-05,0.1043009589785064,0.26008287990851076,0.25359091528067074,0.18404727927889164,0,,insufficient_data
Uttar_Pradesh,Sonbhadra,2018,31,2019-03-05,2019-03-10,0.0980290477965575,0.2563216717268778,0.2342710853298145,0.1702159192037817,2,0.0,valid
Uttar_Pradesh,Sonbhadra,2018,32,2019-03-10,2019-03-15,0.1117824788074266,0.2538684425397107,0.2642720102536013,0.19747137057875278,0,,insufficient_data
Uttar_Pradesh,Sonbhadra,2018,33,2019-03-15,2019-03-20,0.11384268121810275,0.24376165725647433,0.2550934254820763,0.19350249646195183,0,,insufficient_data
Uttar_Pradesh,Sonbhadra,2018,34,2019-03-20,2019-03-25,0.1161326261320542,0.2371565997129527,0.256489440408198,0.1973237473611106,2,0.0,valid
Uttar_Pradesh,Sonbhadra,2018,35,2019-03-25,2019-03-30,0.13207653711667391,0.23738724597192476,0.2764837715376401,0.2137143182539288,0,,insufficient_data
Uttar_Pradesh,Sonbhadra,2018,36,2019-03-30,2019-04-04,0.1273663697256965,0.2378067003295925,0.2745197507082165,0.2129678228209632,2,0.005,valid
Uttar_Pradesh,Sonbhadra,2018,37,2019-04-04,2019-04-09,0.1527306154922711,0.2371984378732292,0.2984421234965058,0.2308513845797126,2,11.5,valid
Uttar_Pradesh,Sonbhadra,2018,38,2019-04-09,2019-04-14,0.14621171034829364,0.23591161081519277,0.29759636899090197,0.23333866535712486,0,,insufficient_data
Uttar_Pradesh,Sonbhadra,2018,39,2019-04-14,2019-04-19,0.14621171034829364,0.23591161081519277,0.29759636899090197,0.23333866535712486,0,,insufficient_data
Uttar_Pradesh,Sonbhadra,2018,40,2019-04-19,2019-04-24,0.1556343806595922,0.23496406605799292,0.3091346781322447,0.2435240866252057,0,,insufficient_data
Uttar_Pradesh,Sonbhadra,2018,41,2019-04-24,2019-04-29,0.1585381458269133,0.2327296942427566,0.3198272327679836,0.2561967886706988,2,1.0,valid
Uttar_Pradesh,Sonbhadra,2018,42,2019-04-29,2019-05-04,0.1585381458269133,0.2327296942427566,0.3198272327679836,0.2561967886706988,0,,insufficient_data
Uttar_Pradesh,Sonbhadra,2019,0,2019-10-01,2019-10-06,0.06584677648504185,0.34977399671958703,0.1938650809611795,0.1030938750819197,0,,insufficient_data
Uttar_Pradesh,Sonbhadra,2019,1,2019-10-06,2019-10-11,0.0573548735274364,0.3476544762505174,0.1849636239515628,0.0954462143834873,2,19.32,valid
Uttar_Pradesh,Sonbhadra,2019,2,2019-10-11,2019-10-16,0.06584677648504185,0.34977399671958703,0.1938650809611795,0.1030938750819197,0,,insufficient_data
Uttar_Pradesh,Sonbhadra,2019,3,2019-10-16,2019-10-21,0.0743386794426473,0.3518935171886567,0.2027665379707962,0.1107415357803521,2,4.5,valid
Uttar_Pradesh,Sonbhadra,2019,4,2019-10-21,2019-10-26,0.07844148278626971,0.33911622340967496,0.1997771959569267,0.11107836021489126,0,,insufficient_data
Uttar_Pradesh,Sonbhadra,2019,5,2019-10-26,2019-10-31,0.0863066647181636,0.314591963870458,0.20681446294775274,0.12195745424372546,0,,insufficient_data
Uttar_Pradesh,Sonbhadra,2019,6,2019-10-31,2019-11-05,0.1036308953887254,0.3178006767898507,0.2116014259484211,0.1270473304808344,2,8.5,valid
Uttar_Pradesh,Sonbhadra,2019,7,2019-11-05,2019-11-10,0.09364682448810542,0.2832211511097355,0.21610538850337088,0.13580131146389304,0,,insufficient_data
Uttar_Pradesh,Sonbhadra,2019,8,2019-11-10,2019-11-15,0.0809504193231181,0.2740816976328666,0.206075424924041,0.1280834964699899,2,6.88,valid
Uttar_Pradesh,Sonbhadra,2019,9,2019-11-15,2019-11-20,0.0963591587524728,0.2577810789064892,0.2306393146376505,0.1522731074408548,2,0.0,valid
Uttar_Pradesh,Sonbhadra,2019,10,2019-11-20,2019-11-25,0.09479923051323692,0.25564526122097386,0.22622404580433458,0.14993135526269355,0,,insufficient_data
Uttar_Pradesh,Sonbhadra,2019,11,2019-11-25,2019-11-30,0.095984599453234,0.2503561349298018,0.2326332723119094,0.156733807453478,2,5.37,valid
Uttar_Pradesh,Sonbhadra,2019,12,2019-11-30,2019-12-05,0.1059027445241228,0.2403621334147379,0.2355481713437375,0.1626350096864515,2,4.5,valid
Uttar_Pradesh,Sonbhadra,2019,13,2019-12-05,2019-12-10,0.09258997933210049,0.23548976040662195,0.21470717826014157,0.14114719609810283,0,,insufficient_data
Uttar_Pradesh,Sonbhadra,2019,14,2019-12-10,2019-12-15,0.0752317944352753,0.235746355091259,0.217094733019253,0.1412431254110852,1,13.16,valid
Uttar_Pradesh,Sonbhadra,2019,15,2019-12-15,2019-12-20,0.0864374835607644,0.22932096567676818,0.20545019180536148,0.13430312857160268,0,,insufficient_data
Uttar_Pradesh,Sonbhadra,2019,16,2019-12-20,2019-12-25,0.0932407789157698,0.2154944181906892,0.1735525363656663,0.1039768418413966,1,5.0,valid
Uttar_Pradesh,Sonbhadra,2019,17,2019-12-25,2019-12-30,0.0713746163678897,0.2256809560103868,0.1956053264927892,0.1293575373474774,1,3.63,valid
Uttar_Pradesh,Sonbhadra,2019,18,2019-12-30,2020-01-04,0.07951778161040753,0.22552545448355898,0.18884554141571705,0.11930576504910728,0,,insufficient_data
Uttar_Pradesh,Sonbhadra,2019,19,2020-01-04,2020-01-09,0.081795014757236,0.2144036083830922,0.1911261805583994,0.1159784871580647,1,11.0,valid
Uttar_Pradesh,Sonbhadra,2019,20,2020-01-09,2020-01-14,0.0716607164007346,0.2465228353500677,0.1950981222460133,0.1279101938494904,2,3.175,valid
Uttar_Pradesh,Sonbhadra,2019,21,2020-01-14,2020-01-19,0.07682655375557793,0.25092228036377,0.18921094480780454,0.11737803359025385,0,,insufficient_data
Uttar_Pradesh,Sonbhadra,2019,22,2020-01-19,2020-01-24,0.0873629073178092,0.269207154442197,0.1831556087090209,0.1135070331565109,2,20.0,valid
Uttar_Pradesh,Sonbhadra,2019,23,2020-01-24,2020-01-29,0.07842326931650496,0.2683076510850333,0.19129158994040288,0.11873512100383721,0,,insufficient_data
Uttar_Pradesh,Sonbhadra,2019,24,2020-01-29,2020-02-03,0.0664875765465319,0.2735555232797231,0.1874638677177845,0.1121164201969494,1,10.22,valid
Uttar_Pradesh,Sonbhadra,2019,25,2020-02-03,2020-02-08,0.0881818770009442,0.2839450912681454,0.1994487610887928,0.1214068368123982,2,3.0,valid
Uttar_Pradesh,Sonbhadra,2019,26,2020-02-08,2020-02-13,0.07517424696242524,0.27925649068555525,0.19497017216330215,0.12047137826632037,0,,insufficient_data
Uttar_Pradesh,Sonbhadra,2019,27,2020-02-13,2020-02-18,0.0708532873397996,0.2802688575087973,0.1979978876833291,0.1278908777896135,2,0.095,valid
Uttar_Pradesh,Sonbhadra,2019,28,2020-02-18,2020-02-23,0.0794174738353635,0.2669021353996825,0.2088066555713701,0.13436755356709584,0,,insufficient_data
Uttar_Pradesh,Sonbhadra,2019,29,2020-02-23,2020-02-28,0.07494348040753326,0.25931130073184055,0.20936012958543693,0.13728921758077572,0,,insufficient_data
Uttar_Pradesh,Sonbhadra,2019,30,2020-02-28,2020-03-04,0.0792172571653467,0.2364924574221048,0.2289733179419884,0.1538049460992758,1,1.42,valid
Uttar_Pradesh,Sonbhadra,2019,31,2020-03-04,2020-03-09,0.07735543691959802,0.24854739955313485,0.20935844968878256,0.13790186176485342,0,,insufficient_data
Uttar_Pradesh,Sonbhadra,2019,32,2020-03-09,2020-03-14,0.0747598967174535,0.2611725872646195,0.2011091831309932,0.1301718288534379,2,0.0,valid
Uttar_Pradesh,Sonbhadra,2019,33,2020-03-14,2020-03-19,0.0780891568759939,0.2479771539726802,0.197992847993366,0.1297288103418466,3,2.82,valid
Uttar_Pradesh,Sonbhadra,2019,34,2020-03-19,2020-03-24,0.10101019097285024,0.25573926659266133,0.24387346474402452,0.1693156902033796,0,,insufficient_data
Uttar_Pradesh,Sonbhadra,2019,35,2020-03-24,2020-03-29,0.0953537929693686,0.2341489190088934,0.2254401383803755,0.1521547387338994,2,0.0,valid
Uttar_Pradesh,Sonbhadra,2019,36,2020-03-29,2020-04-03,0.1084949510564157,0.2491889446394699,0.262411727304099,0.1854414310393572,2,0.0,valid
Uttar_Pradesh,Sonbhadra,2019,37,2020-04-03,2020-04-08,0.1483531572450195,0.2862087280776435,0.3324134269112889,0.2490816420483569,1,0.0,valid
Uttar_Pradesh,Sonbhadra,2019,38,2020-04-08,2020-04-13,0.13600237380842,0.2473518639537222,0.289104424583566,0.2096503778456055,2,0.0,valid
Uttar_Pradesh,Sonbhadra,2019,39,2020-04-13,2020-04-18,0.13947363763144485,0.26621366757528125,0.3109363046036917,0.22977671810638112,0,,insufficient_data
Uttar_Pradesh,Sonbhadra,2019,40,2020-04-18,2020-04-23,0.1650440684159242,0.2821051336302894,0.359815639615813,0.2749334214922049,1,0.0,valid
Uttar_Pradesh,Sonbhadra,2019,41,2020-04-23,2020-04-28,0.1505232211121721,0.2647284987920058,0.3244600320996895,0.2422918996689052,0,,insufficient_data
Uttar_Pradesh,Sonbhadra,2019,42,2020-04-28,2020-05-03,0.1650440684159242,0.2821051336302894,0.359815639615813,0.2749334214922049,0,,insufficient_data
Uttar_Pradesh,Sonbhadra,2020,0,2020-10-01,2020-10-06,0.08914744327303731,0.31231978429832424,0.2204863649879032,0.1340022631571811,0,,insufficient_data
Uttar_Pradesh,Sonbhadra,2020,1,2020-10-06,2020-10-11,0.08914744327303731,0.31231978429832424,0.2204863649879032,0.1340022631571811,0,,insufficient_data
Uttar_Pradesh,Sonbhadra,2020,2,2020-10-11,2020-10-16,0.0895920600192973,0.3235146062419078,0.2299459171332911,0.1398256528686056,1,8.0,valid
Uttar_Pradesh,Sonbhadra,2020,3,2020-10-16,2020-10-21,0.0887028265267773,0.3011249623547407,0.2110268128425153,0.1281788734457566,2,5.5,valid
Uttar_Pradesh,Sonbhadra,2020,4,2020-10-21,2020-10-26,0.09548938962784402,0.29191268509583423,0.228686886403339,0.14612587515737177,0,,insufficient_data
Uttar_Pradesh,Sonbhadra,2020,5,2020-10-26,2020-10-31,0.0912101547271912,0.2747781830716623,0.2224799962237064,0.1461024017877004,3,0.6066666666666667,valid
Uttar_Pradesh,Sonbhadra,2020,6,2020-10-31,2020-11-05,0.1124525172381103,0.2682329887150261,0.2512948194138433,0.1703965725274245,2,0.0,valid
Uttar_Pradesh,Sonbhadra,2020,7,2020-11-05,2020-11-10,0.10372089647749937,0.2665269405029772,0.2436433199525946,0.16281009640388058,0,,insufficient_data
Uttar_Pradesh,Sonbhadra,2020,8,2020-11-10,2020-11-15,0.1075000174671966,0.2565696497222433,0.2571551442202341,0.1719313148965169,3,6.846666666666667,valid
Uttar_Pradesh,Sonbhadra,2020,9,2020-11-15,2020-11-20,0.1067691155956219,0.25156978842999883,0.24852707180908706,0.17092640688292804,0,,insufficient_data
Uttar_Pradesh,Sonbhadra,2020,10,2020-11-20,2020-11-25,0.10654351116120186,0.23680596362800158,0.24264855512572492,0.16902092519374592,0,,insufficient_data
Uttar_Pradesh,Sonbhadra,2020,11,2020-11-25,2020-11-30,0.1003548120815588,0.2299067268527271,0.2371312517931839,0.1704513332248427,3,0.0666666666666666,valid
Uttar_Pradesh,Sonbhadra,2020,12,2020-11-30,2020-12-05,0.1060652580082045,0.22692412058088074,0.2353952605784703,0.16756573034236044,0,,insufficient_data
Uttar_Pradesh,Sonbhadra,2020,13,2020-12-05,2020-12-10,0.1117757039348502,0.2239415143090344,0.2336592693637567,0.1646801274598782,2,0.5,valid
Uttar_Pradesh,Sonbhadra,2020,14,2020-12-10,2020-12-15,0.10997650639878197,0.22965957184834865,0.23013707512486345,0.1613586786853903,0,,insufficient_data
Uttar_Pradesh,Sonbhadra,2020,15,2020-12-15,2020-12-20,0.10436288377083887,0.22926306032398616,0.22236447209052135,0.15368012311579396,0,,insufficient_data
Uttar_Pradesh,Sonbhadra,2020,16,2020-12-20,2020-12-25,0.1177990031799369,0.2351304743832845,0.2196207042176497,0.14894457537145,2,0.5,valid
Uttar_Pradesh,Sonbhadra,2020,17,2020-12-25,2020-12-30,0.10235912575214544,0.23842860081686415,0.21477234955598604,0.1435616546705977,0,,insufficient_data
Uttar_Pradesh,Sonbhadra,2020,18,2020-12-30,2021-01-04,0.0835139441977295,0.2287171922796396,0.2138134426901577,0.1474156665160537,3,3.1333333333333333,valid
Uttar_Pradesh,Sonbhadra,2020,19,2021-01-04,2021-01-09,0.1057644298787699,0.2514381357876684,0.2108829017601508,0.1343247221242894,2,0.5,valid
Uttar_Pradesh,Sonbhadra,2020,20,2021-01-09,2021-01-14,0.09361744566897025,0.22790097319661062,0.22484223777339166,0.1513089678613473,0,,insufficient_data
Uttar_Pradesh,Sonbhadra,2020,21,2021-01-14,2021-01-19,0.0911301322630283,0.2274479683164614,0.235567040406964,0.1630520496516633,1,0.05,valid
Uttar_Pradesh,Sonbhadra,2020,22,2021-01-19,2021-01-24,0.0940612763363533,0.2040005964026731,0.2391055662362942,0.1604434331533827,1,0.0,valid
Uttar_Pradesh,Sonbhadra,2020,23,2021-01-24,2021-01-29,0.0880289498731356,0.23541155295235308,0.221232552307193,0.14932210208401833,0,,insufficient_data
Uttar_Pradesh,Sonbhadra,2020,24,2021-01-29,2021-02-03,0.0811898064527211,0.2540436521905538,0.208274644328546,0.1430273799010132,3,0.41,valid
Uttar_Pradesh,Sonbhadra,2020,25,2021-02-03,2021-02-08,0.08699522240983804,0.23806608116431696,0.21645438960726934,0.14474545289480334,0,,insufficient_data
Uttar_Pradesh,Sonbhadra,2020,26,2021-02-08,2021-02-13,0.0857345844404397,0.256153994899724,0.2019829582569678,0.1307655456300141,2,0.0,valid
Uttar_Pradesh,Sonbhadra,2020,27,2021-02-13,2021-02-18,0.08960070926780955,0.256676109650553,0.21487684808997884,0.14615777628469445,0,,insufficient_data
Uttar_Pradesh,Sonbhadra,2020,28,2021-02-18,2021-02-23,0.1060819011871689,0.25524074774065514,0.24197975836995178,0.17156752319278784,0,,insufficient_data
Uttar_Pradesh,Sonbhadra,2020,29,2021-02-23,2021-02-28,0.0906036891852411,0.2510734023484968,0.2114915564265046,0.1424602242972952,2,0.0,valid
Uttar_Pradesh,Sonbhadra,2020,30,2021-02-28,2021-03-05,0.1008747569928363,0.2654333891634372,0.2377582333478969,0.1683779553104553,2,0.005,valid
Uttar_Pradesh,Sonbhadra,2020,31,2021-03-05,2021-03-10,0.1471145741301585,0.2483022045509625,0.3166862854484378,0.2446663675333868,1,0.0,valid
Uttar_Pradesh,Sonbhadra,2020,32,2021-03-10,2021-03-15,0.122519294602576,0.250508808028981,0.2607206007329958,0.18911600456696845,0,,insufficient_data
Uttar_Pradesh,Sonbhadra,2020,33,2021-03-15,2021-03-20,0.13049819595690973,0.25036765944910205,0.2730278618096187,0.20077994963438675,0,,insufficient_data
Uttar_Pradesh,Sonbhadra,2020,34,2021-03-20,2021-03-25,0.1197539755925117,0.2440934871138655,0.2599672805065224,0.185031050765585,2,7.67,valid
Uttar_Pradesh,Sonbhadra,2020,35,2021-03-25,2021-03-30,0.1542494771121324,0.2436415569681431,0.2776996479356175,0.2050444249281199,2,0.0,valid
Uttar_Pradesh,Sonbhadra,2020,36,2021-03-30,2021-04-04,0.1505054745184293,0.25074583614796986,0.29119515518087474,0.21826842465125706,0,,insufficient_data
Uttar_Pradesh,Sonbhadra,2020,37,2021-04-04,2021-04-09,0.1560306066601264,0.2599554148081923,0.3117126930378857,0.2386891204340931,3,0.0,valid
Uttar_Pradesh,Sonbhadra,2020,38,2021-04-09,2021-04-14,0.1719878387089467,0.2552928857016785,0.3154009992434734,0.2443091024772302,2,0.0,valid
Uttar_Pradesh,Sonbhadra,2020,39,2021-04-14,2021-04-19,0.1683065457897138,0.2569073338198302,0.31544910065990667,0.24504062093454682,0,,insufficient_data
Uttar_Pradesh,Sonbhadra,2020,40,2021-04-19,2021-04-24,0.1683065457897138,0.2569073338198302,0.31544910065990667,0.24504062093454682,0,,insufficient_data
Uttar_Pradesh,Sonbhadra,2020,41,2021-04-24,2021-04-29,0.17444451535450745,0.25538329332564924,0.31731730447091716,0.2482163711847737,0,,insufficient_data
Uttar_Pradesh,Sonbhadra,2020,42,2021-04-29,2021-05-04,0.1769011920000682,0.2554737009496199,0.3192336096983609,0.2521236398923172,2,5.0,valid
Uttar_Pradesh,Sonbhadra,2021,0,2021-10-01,2021-10-06,0.0592577391837034,0.3111631499092124,0.1867334473455809,0.103890080590746,0,,insufficient_data
Uttar_Pradesh,Sonbhadra,2021,1,2021-10-06,2021-10-11,0.0592577391837034,0.3111631499092124,0.1867334473455809,0.103890080590746,0,,insufficient_data
Uttar_Pradesh,Sonbhadra,2021,2,2021-10-11,2021-10-16,0.0592577391837034,0.3111631499092124,0.1867334473455809,0.103890080590746,2,9.455,valid
Uttar_Pradesh,Sonbhadra,2021,3,2021-10-16,2021-10-21,0.06959397522827834,0.29780441506999744,0.19622198568830615,0.1171015269131948,0,,insufficient_data
Uttar_Pradesh,Sonbhadra,2021,4,2021-10-21,2021-10-26,0.0764291056128143,0.2915143620427213,0.21046895291747045,0.13105661858607576,0,,insufficient_data
Uttar_Pradesh,Sonbhadra,2021,5,2021-10-26,2021-10-31,0.0799302112728533,0.2844456802307825,0.2057105240310314,0.1303129732356436,2,4.67,valid
Uttar_Pradesh,Sonbhadra,2021,6,2021-10-31,2021-11-05,0.09260129400952298,0.274570217650967,0.22620342982989292,0.1486711359745522,0,,insufficient_data
Uttar_Pradesh,Sonbhadra,2021,7,2021-11-05,2021-11-10,0.0900993663818862,0.278934255988169,0.238962887375799,0.1589668019318377,1,0.31,valid
Uttar_Pradesh,Sonbhadra,2021,8,2021-11-10,2021-11-15,0.0965290562182954,0.2719323988698905,0.2264075585661329,0.1476855976447626,2,1.43,valid
Uttar_Pradesh,Sonbhadra,2021,9,2021-11-15,2021-11-20,0.103846542165057,0.2629685355150261,0.2337327493466084,0.1577191710859649,2,12.04,valid
Uttar_Pradesh,Sonbhadra,2021,10,2021-11-20,2021-11-25,0.09616319025242617,0.2587352261582091,0.23483443607021912,0.15720780080353175,0,,insufficient_data
Uttar_Pradesh,Sonbhadra,2021,11,2021-11-25,2021-11-30,0.09767914622006116,0.2536854687007192,0.23380232324382416,0.15676805052145526,0,,insufficient_data
Uttar_Pradesh,Sonbhadra,2021,12,2021-11-30,2021-12-05,0.1046177429340696,0.2332735606366112,0.2294674358575134,0.1605580734388275,2,0.035,valid
Uttar_Pradesh,Sonbhadra,2021,13,2021-12-05,2021-12-10,0.0857232435628226,0.2465673797813488,0.2456015492050419,0.161109359916266,1,25.62,valid
Uttar_Pradesh,Sonbhadra,2021,14,2021-12-10,2021-12-15,0.0969149110838838,0.2329821491396643,0.22873959435313143,0.15724671737440316,0,,insufficient_data
Uttar_Pradesh,Sonbhadra,2021,15,2021-12-15,2021-12-20,0.0983526918035143,0.226298323526107,0.2210952500448189,0.1539092812597783,2,7.435,valid
Uttar_Pradesh,Sonbhadra,2021,16,2021-12-20,2021-12-25,0.09434730046715518,0.23288501197401534,0.22849698051833744,0.15614293201959503,0,,insufficient_data
Uttar_Pradesh,Sonbhadra,2021,17,2021-12-25,2021-12-30,0.0989659660351287,0.2257893326145902,0.2187941423051515,0.1534101548827408,2,0.215,valid
Uttar_Pradesh,Sonbhadra,2021,18,2021-12-30,2022-01-04,0.08933117693296903,0.224226280469625,0.20551437790456292,0.1389408593341486,0,,insufficient_data
Uttar_Pradesh,Sonbhadra,2021,19,2022-01-04,2022-01-09,0.08482041949769639,0.223190258941384,0.19772394183443495,0.13145664837133375,0,,insufficient_data
Uttar_Pradesh,Sonbhadra,2021,20,2022-01-09,2022-01-14,0.0706748729602641,0.2205911852681778,0.1766537413637184,0.1095031418599267,2,15.755,valid
Uttar_Pradesh,Sonbhadra,2021,21,2022-01-14,2022-01-19,0.07315459005841755,0.23695593215136318,0.18829852126486304,0.12066128015047115,1,10.13,missing_bands
Uttar_Pradesh,Sonbhadra,2021,22,2022-01-19,2022-01-24,0.0741970969789406,0.24440834193900396,0.1931752888826482,0.12481973667421464,0,,insufficient_data
Uttar_Pradesh,Sonbhadra,2021,23,2022-01-24,2022-01-29,0.075634307156571,0.2533206790345486,0.1999433011660077,0.1318194184410156,2,9.65,valid
Uttar_Pradesh,Sonbhadra,2021,24,2022-01-29,2022-02-03,0.07552088850025883,0.2591597557596006,0.20148253105738476,0.1333387405653905,0,,insufficient_data
Uttar_Pradesh,Sonbhadra,2021,25,2022-02-03,2022-02-08,0.0762821108199867,0.2593131615142856,0.2029288241182185,0.1331366497217016,2,10.89,valid
Uttar_Pradesh,Sonbhadra,2021,26,2022-02-08,2022-02-13,0.0746462475242188,0.2648454267299675,0.201575467887928,0.1350601535334542,2,0.315,valid
Uttar_Pradesh,Sonbhadra,2021,27,2022-02-13,2022-02-18,0.0778152186586204,0.2658701771395,0.20473760580954248,0.1360600586663915,0,,insufficient_data
Uttar_Pradesh,Sonbhadra,2021,28,2022-02-18,2022-02-23,0.0800105559670293,0.2676464890867493,0.2091894232249709,0.1410662256508562,2,9.235,valid
Uttar_Pradesh,Sonbhadra,2021,29,2022-02-23,2022-02-28,0.0803219603232468,0.2716756312269978,0.2052567080070526,0.134977205759554,1,23.06,valid
Uttar_Pradesh,Sonbhadra,2021,30,2022-02-28,2022-03-05,0.08441453707887851,0.2690264950526529,0.21551281292980284,0.14638076432608962,0,,insufficient_data
Uttar_Pradesh,Sonbhadra,2021,31,2022-03-05,2022-03-10,0.0929110949463594,0.2677573648442117,0.2320923075573851,0.1630988615678587,2,5.0200000000000005,valid
Uttar_Pradesh,Sonbhadra,2021,32,2022-03-10,2022-03-15,0.09755985835100787,0.2623916823722247,0.2330965299121396,0.16294155367520716,0,,insufficient_data
Uttar_Pradesh,Sonbhadra,2021,33,2022-03-15,2022-03-20,0.1166642356493129,0.25648227589582356,0.26136331590418055,0.18945791059968128,0,,insufficient_data
Uttar_Pradesh,Sonbhadra,2021,34,2022-03-20,2022-03-25,0.1194465197834174,0.2477420510454646,0.2619405741719812,0.1907485936982088,2,0.01,valid
Uttar_Pradesh,Sonbhadra,2021,35,2022-03-25,2022-03-30,0.13642693331732864,0.25522466025880575,0.28918364679135905,0.21429317081049212,0,,insufficient_data
Uttar_Pradesh,Sonbhadra,2021,36,2022-03-30,2022-04-04,0.1376350922181619,0.2539474117977943,0.2900570659831752,0.2145262765329763,2,0.0,valid
Uttar_Pradesh,Sonbhadra,2021,37,2022-04-04,2022-04-09,0.1521991879504066,0.2639845179331584,0.3155533002189207,0.2376046422002913,2,0.01,valid
Uttar_Pradesh,Sonbhadra,2021,38,2022-04-09,2022-04-14,0.156717144060125,0.26861232114295874,0.3182083192319328,0.23918692282624707,0,,insufficient_data
Uttar_Pradesh,Sonbhadra,2021,39,2022-04-14,2022-04-19,0.1668842766904573,0.2759556625547729,0.3301672360504558,0.2484302769864596,2,0.135,valid
Uttar_Pradesh,Sonbhadra,2021,40,2022-04-19,2022-04-24,0.16307782800744605,0.2735006242580135,0.327592070314852,0.24740713825733732,0,,insufficient_data
Uttar_Pradesh,Sonbhadra,2021,41,2022-04-24,2022-04-29,0.1701500193814742,0.2805616922861093,0.3370556746751795,0.2561864955852611,2,0.29,valid
Uttar_Pradesh,Sonbhadra,2021,42,2022-04-29,2022-05-04,0.16851714803596574,0.2782586774204411,0.33361145536281767,0.25230838628586033,0,,insufficient_data
Uttar_Pradesh,Sonbhadra,2022,0,2022-10-01,2022-10-06,0.0549466046757948,0.3641488340282972,0.2124882394651236,0.1082625497356378,1,9.74,valid
Uttar_Pradesh,Sonbhadra,2022,1,2022-10-06,2022-10-11,0.0611010292373232,0.3366294358403028,0.1942774921178207,0.1030486813375647,1,15.01,valid
Uttar_Pradesh,Sonbhadra,2022,2,2022-10-11,2022-10-16,0.06358106685106503,0.3310840134641465,0.2041405081616304,0.11429857264913512,0,,insufficient_data
Uttar_Pradesh,Sonbhadra,2022,3,2022-10-16,2022-10-21,0.0682076498238058,0.3182000182640798,0.20575692157126668,0.12013306770857779,0,,insufficient_data
Uttar_Pradesh,Sonbhadra,2022,4,2022-10-21,2022-10-26,0.0746955666400771,0.2924737705238395,0.2056557929019469,0.1315844868742029,2,0.02,valid
Uttar_Pradesh,Sonbhadra,2022,5,2022-10-26,2022-10-31,0.08245946825666096,0.28056120229697074,0.21120289335514666,0.1371371142666646,0,,insufficient_data
Uttar_Pradesh,Sonbhadra,2022,6,2022-10-31,2022-11-05,0.0820873987420281,0.2795480326638797,0.2106061618001756,0.1376365528869058,2,1.21,valid
Uttar_Pradesh,Sonbhadra,2022,7,2022-11-05,2022-11-10,0.08677378771098587,0.27693129716556164,0.21583803522409042,0.14228819506627238,0,,insufficient_data
Uttar_Pradesh,Sonbhadra,2022,8,2022-11-10,2022-11-15,0.0905954393878777,0.2696618037031931,0.2173467253633175,0.1421903030388852,2,0.17,valid
Uttar_Pradesh,Sonbhadra,2022,9,2022-11-15,2022-11-20,0.0997167460739606,0.2660415817713345,0.2297434608309217,0.1577414374650957,2,0.565,valid
Uttar_Pradesh,Sonbhadra,2022,10,2022-11-20,2022-11-25,0.09885394525195088,0.25810211844033626,0.22749673348367547,0.15611051877092702,0,,insufficient_data
Uttar_Pradesh,Sonbhadra,2022,11,2022-11-25,2022-11-30,0.1023564669975433,0.2531394652952922,0.2348962671497494,0.1645552179736402,2,0.055,valid
Uttar_Pradesh,Sonbhadra,2022,12,2022-11-30,2022-12-05,0.1027471285484219,0.2435656229915253,0.2280004805907132,0.159955116606087,2,0.175,valid
Uttar_Pradesh,Sonbhadra,2022,13,2022-12-05,2022-12-10,0.10318504515537405,0.24650954962592198,0.22783340507723648,0.15890375269881915,0,,insufficient_data
Uttar_Pradesh,Sonbhadra,2022,14,2022-12-10,2022-12-15,0.095005073737877,0.2375258290752071,0.2256170018394457,0.1549011770116947,1,5.58,valid
Uttar_Pradesh,Sonbhadra,2022,15,2022-12-15,2022-12-20,0.10089924458862182,0.2445054441169135,0.22434386620551952,0.1562611528826181,0,,insufficient_data
Uttar_Pradesh,Sonbhadra,2022,16,2022-12-20,2022-12-25,0.112631511337654,0.2518072811416633,0.2228198707290377,0.1562034992038547,2,2.99,valid
Uttar_Pradesh,Sonbhadra,2022,17,2022-12-25,2022-12-30,0.0932132647305344,0.2451230432592582,0.2209381116628816,0.153984818708836,2,0.55,valid
Uttar_Pradesh,Sonbhadra,2022,18,2022-12-30,2023-01-04,0.09930366325558208,0.24888508977621024,0.22006175736136077,0.15181370775957284,0,,insufficient_data
Uttar_Pradesh,Sonbhadra,2022,19,2023-01-04,2023-01-09,0.09527079020593551,0.24870944551056873,0.21854098485582457,0.1488556259395981,0,,insufficient_data
Uttar_Pradesh,Sonbhadra,2022,20,2023-01-09,2023-01-14,0.0920662136985578,0.2497249449277092,0.216427289692163,0.1452528053660278,2,9.695,valid
Uttar_Pradesh,Sonbhadra,2022,21,2023-01-14,2023-01-19,0.08653240593248561,0.25300180438431835,0.21513924940110907,0.14424391865612915,0,,insufficient_data
Uttar_Pradesh,Sonbhadra,2022,22,2023-01-19,2023-01-24,0.0831721710569958,0.2481825127136442,0.213978667339216,0.1399813804796739,2,7.49,valid
Uttar_Pradesh,Sonbhadra,2022,23,2023-01-24,2023-01-29,0.08687175331243825,0.2568573945768433,0.21650993923643067,0.1455656544104441,0,,insufficient_data
Uttar_Pradesh,Sonbhadra,2022,24,2023-01-29,2023-02-03,0.0843588330419032,0.2610979555116018,0.2150117911719483,0.1474975701226857,2,0.28,valid
Uttar_Pradesh,Sonbhadra,2022,25,2023-02-03,2023-02-08,0.0878897954522962,0.2684241651544182,0.2206220087423955,0.149530861673389,2,0.255,valid
Uttar_Pradesh,Sonbhadra,2022,26,2023-02-08,2023-02-13,0.09238098102681314,0.2691196928305612,0.2258286226456309,0.15549367196459823,0,,insufficient_data
Uttar_Pradesh,Sonbhadra,2022,27,2023-02-13,2023-02-18,0.0965789229387859,0.2759244453515578,0.2304620295819551,0.1600973482382448,2,0.145,valid
Uttar_Pradesh,Sonbhadra,2022,28,2023-02-18,2023-02-23,0.1006963726742672,0.271032205304667,0.2372186610862247,0.1648489078240735,2,0.025,valid
Uttar_Pradesh,Sonbhadra,2022,29,2023-02-23,2023-02-28,0.1041543953181797,0.26937984901856665,0.2377565868028984,0.16513063855716165,0,,insufficient_data
Uttar_Pradesh,Sonbhadra,2022,30,2023-02-28,2023-03-05,0.1112183834582124,0.2666103794500657,0.2465197838402484,0.1736606970384467,2,1.36,valid
Uttar_Pradesh,Sonbhadra,2022,31,2023-03-05,2023-03-10,0.10667955277797764,0.2671983169075696,0.24018810587654618,0.16680840199680058,0,,insufficient_data
Uttar_Pradesh,Sonbhadra,2022,32,2023-03-10,2023-03-15,0.1081239022014533,0.2639523659679761,0.2368258727031655,0.1619156011278816,1,28.99,valid
Uttar_Pradesh,Sonbhadra,2022,33,2023-03-15,2023-03-20,0.11656642428742624,0.2568703252723989,0.25978176276735204,0.18961662762735784,0,,insufficient_data
Uttar_Pradesh,Sonbhadra,2022,34,2023-03-20,2023-03-25,0.11924044470203315,0.2520002981835655,0.2664127522309039,0.1975945929218134,0,,insufficient_data
Uttar_Pradesh,Sonbhadra,2022,35,2023-03-25,2023-03-30,0.127725118405874,0.2522142907303213,0.28364913413591003,0.21689139299753366,0,,insufficient_data
Uttar_Pradesh,Sonbhadra,2022,36,2023-03-30,2023-04-04,0.130356987202613,0.2400482303991549,0.2959996317586423,0.2332735847157452,2,0.77,valid
Uttar_Pradesh,Sonbhadra,2022,37,2023-04-04,2023-04-09,0.14441123822829957,0.25146681531148674,0.3131167575023644,0.24950696077604914,0,,insufficient_data
Uttar_Pradesh,Sonbhadra,2022,38,2023-04-09,2023-04-14,0.1446944658135557,0.252642275823833,0.3181218979459223,0.2554849931489741,2,0.0,valid
Uttar_Pradesh,Sonbhadra,2022,39,2023-04-14,2023-04-19,0.14441123822829957,0.25146681531148674,0.3131167575023644,0.24950696077604914,0,,insufficient_data
Uttar_Pradesh,Sonbhadra,2022,40,2023-04-19,2023-04-24,0.15818226166873,0.2617099397114724,0.3252287428025286,0.2597623044634281,2,5.0,valid
Uttar_Pradesh,Sonbhadra,2022,41,2023-04-24,2023-04-29,0.15143836374114283,0.25717610776765265,0.32167532037422547,0.2576236488062011,0,,insufficient_data
Uttar_Pradesh,Sonbhadra,2022,42,2023-04-29,2023-05-04,0.15818226166873,0.2617099397114724,0.3252287428025286,0.2597623044634281,0,,insufficient_data
Uttar_Pradesh,Sonbhadra,2023,0,2023-10-01,2023-10-06,0.07142070316290695,0.3101866246937287,0.2027820953097615,0.1225285657407314,0,,insufficient_data
Uttar_Pradesh,Sonbhadra,2023,1,2023-10-06,2023-10-11,0.07142070316290695,0.3101866246937287,0.2027820953097615,0.1225285657407314,0,,insufficient_data
Uttar_Pradesh,Sonbhadra,2023,2,2023-10-11,2023-10-16,0.0697751147987594,0.3150661141617532,0.2002708854253507,0.1178548797077092,1,11.99,valid
Uttar_Pradesh,Sonbhadra,2023,3,2023-10-16,2023-10-21,0.0730662915270545,0.3053071352257043,0.2052933051941723,0.1272022517737536,2,0.5549999999999999,valid
Uttar_Pradesh,Sonbhadra,2023,4,2023-10-21,2023-10-26,0.07807699074748073,0.29840055779732777,0.20747317027103013,0.12962805903708682,0,,insufficient_data
Uttar_Pradesh,Sonbhadra,2023,5,2023-10-26,2023-10-31,0.0785198436167841,0.2908295955873982,0.2094735589522358,0.1344923969362751,2,0.14,valid
Uttar_Pradesh,Sonbhadra,2023,6,2023-10-31,2023-11-05,0.08442721439012271,0.28722861122519505,0.21410040749988526,0.13776317346703335,0,,insufficient_data
Uttar_Pradesh,Sonbhadra,2023,7,2023-11-05,2023-11-10,0.0909467130473249,0.2823993862144556,0.2148549315123618,0.1389627077306094,2,4.825,valid
Uttar_Pradesh,Sonbhadra,2023,8,2023-11-10,2023-11-15,0.0951760093693273,0.2703783278732221,0.2267798343407712,0.1503953374274953,2,3.79,valid
Uttar_Pradesh,Sonbhadra,2023,9,2023-11-15,2023-11-20,0.09384249837038101,0.2669436415586899,0.22670416743279995,0.1493190180841449,0,,insufficient_data
Uttar_Pradesh,Sonbhadra,2023,10,2023-11-20,2023-11-25,0.0959617609684984,0.2642280432373772,0.2319616676076911,0.1548034525566099,2,2.975,valid
Uttar_Pradesh,Sonbhadra,2023,11,2023-11-25,2023-11-30,0.0932855100963735,0.2507688089097047,0.2332202362703757,0.1531145746218651,2,7.72,valid
Uttar_Pradesh,Sonbhadra,2023,12,2023-11-30,2023-12-05,0.09068268403125469,0.24995306085086944,0.2257840973378105,0.15138070760467862,0,,insufficient_data
Uttar_Pradesh,Sonbhadra,2023,13,2023-12-05,2023-12-10,0.08701712816851025,0.2457866782761517,0.22412866682698077,0.1509008281176572,0,,insufficient_data
Uttar_Pradesh,Sonbhadra,2023,14,2023-12-10,2023-12-15,0.08403558390184752,0.23963955662240985,0.221517666566744,0.149599953304673,0,,insufficient_data
Uttar_Pradesh,Sonbhadra,2023,15,2023-12-15,2023-12-20,0.0828007810288922,0.2348623304055264,0.2121703881353647,0.1462240956355609,2,0.025,valid
Uttar_Pradesh,Sonbhadra,2023,16,2023-12-20,2023-12-25,0.0760204605802769,0.2332875305519984,0.2191623752944916,0.149461189656593,1,16.63,valid
Uttar_Pradesh,Sonbhadra,2023,17,2023-12-25,2023-12-30,0.07941062080458455,0.2340749304787624,0.21566638171492813,0.14784264264607694,0,,insufficient_data
Uttar_Pradesh,Sonbhadra,2023,18,2023-12-30,2024-01-04,0.07647483723874504,0.23316502143954243,0.21393656658461882,0.14546122493228136,1,18.24,missing_bands
Uttar_Pradesh,Sonbhadra,2023,19,2024-01-04,2024-01-09,0.07331186534367146,0.23231636695655045,0.2148196558092459,0.1450797895806416,0,,insufficient_data
Uttar_Pradesh,Sonbhadra,2023,20,2024-01-09,2024-01-14,0.07036032339482595,0.2307053109315193,0.20908564416407144,0.1395950290793734,0,,insufficient_data
Uttar_Pradesh,Sonbhadra,2023,21,2024-01-14,2024-01-19,0.070603270107066,0.2313452033611025,0.2104769363240002,0.1406983895046902,1,0.0,valid
Uttar_Pradesh,Sonbhadra,2023,22,2024-01-19,2024-01-24,0.0720429619574406,0.24027339323978283,0.20393816072311052,0.13515830251195593,0,,insufficient_data
Uttar_Pradesh,Sonbhadra,2023,23,2024-01-24,2024-01-29,0.0701173766825859,0.2300654185019361,0.2076943520041427,0.1384916686540566,1,8.13,valid
Uttar_Pradesh,Sonbhadra,2023,24,2024-01-29,2024-02-03,0.0754082390826699,0.25940955785631,0.1936431938411887,0.126284849377121,2,26.995,valid
Uttar_Pradesh,Sonbhadra,2023,25,2024-02-03,2024-02-08,0.07126917038100795,0.25569485519879004,0.1968558232460906,0.12891746393536974,0,,insufficient_data
Uttar_Pradesh,Sonbhadra,2023,26,2024-02-08,2024-02-13,0.0704172682589411,0.2630922508041074,0.1981758930966461,0.1307266883739092,2,0.055,valid
Uttar_Pradesh,Sonbhadra,2023,27,2024-02-13,2024-02-18,0.0691337974998349,0.2702121936328065,0.1879098540423849,0.1201666493363921,2,0.5349999999999999,valid
Uttar_Pradesh,Sonbhadra,2023,28,2024-02-18,2024-02-23,0.07030152055243058,0.27205317854249034,0.19410474118744137,0.1250145618648941,0,,insufficient_data
Uttar_Pradesh,Sonbhadra,2023,29,2024-02-23,2024-02-28,0.0754886168702107,0.2742419685560917,0.2034517673465869,0.1355151380048149,1,10.45,valid
Uttar_Pradesh,Sonbhadra,2023,30,2024-02-28,2024-03-04,0.07390304191985678,0.2731958704369788,0.2005403119513136,0.1306932487399861,0,,insufficient_data
Uttar_Pradesh,Sonbhadra,2023,31,2024-03-04,2024-03-09,0.0661663995807356,0.2806663011769556,0.1868814502641476,0.1136497717444602,2,21.18,valid
Uttar_Pradesh,Sonbhadra,2023,32,2024-03-09,2024-03-14,0.0848233537286459,0.2676630183820613,0.2239181761521351,0.1534414358742773,2,0.015,valid
Uttar_Pradesh,Sonbhadra,2023,33,2024-03-14,2024-03-19,0.08466269997818714,0.2608232920819239,0.22819795222313596,0.15420381455157267,0,,insufficient_data
Uttar_Pradesh,Sonbhadra,2023,34,2024-03-19,2024-03-24,0.1029983466251799,0.2341405566867548,0.2737942302531251,0.1955202360359805,1,6.95,valid
Uttar_Pradesh,Sonbhadra,2023,35,2024-03-24,2024-03-29,0.10571474348480243,0.2517810319803589,0.26294982520374405,0.18751315914710007,0,,insufficient_data
Uttar_Pradesh,Sonbhadra,2023,36,2024-03-29,2024-04-03,0.1161604383628807,0.24384003877950772,0.2824656497295486,0.20454902078351145,0,,insufficient_data
Uttar_Pradesh,Sonbhadra,2023,37,2024-04-03,2024-04-08,0.1293225301005815,0.2535395208722606,0.291137069205972,0.2135778055310424,2,2.475,valid
Uttar_Pradesh,Sonbhadra,2023,38,2024-04-08,2024-04-13,0.1479132035950564,0.26969446689970367,0.31671102010455865,0.2384302163359797,0,,insufficient_data
Uttar_Pradesh,Sonbhadra,2023,39,2024-04-13,2024-04-18,0.15442271545554556,0.27514188760762964,0.327589494104131,0.24746005959848374,0,,insufficient_data
Uttar_Pradesh,Sonbhadra,2023,40,2024-04-18,2024-04-23,0.1665038770895313,0.2858494129271467,0.3422849710031453,0.263282627140917,2,9.135,valid
Uttar_Pradesh,Sonbhadra,2023,41,2024-04-23,2024-04-28,0.16697280813302762,0.28594307097531413,0.3458157065532105,0.26440118663220447,0,,insufficient_data
Uttar_Pradesh,Sonbhadra,2023,42,2024-04-28,2024-05-03,0.1674417391765239,0.2860367290234815,0.3493464421032757,0.2655197461234919,2,1.54,valid
Uttar_Pradesh,Sonbhadra,2024,0,2024-10-01,2024-10-06,0.05886196263882815,0.3377828827640687,0.19467343750056976,0.10705197629220585,0,,insufficient_data
Uttar_Pradesh,Sonbhadra,2024,1,2024-10-06,2024-10-11,0.0596601725893833,0.3404445836823659,0.1892656276064663,0.1008626115211072,2,13.79,valid
Uttar_Pradesh,Sonbhadra,2024,2,2024-10-11,2024-10-16,0.058063752688273,0.3351211818457715,0.2000812473946732,0.1132413410633045,1,14.65,valid
Uttar_Pradesh,Sonbhadra,2024,3,2024-10-16,2024-10-21,0.06453041376515002,0.3167483916452064,0.19555271260724869,0.11193559763689835,0,,insufficient_data
Uttar_Pradesh,Sonbhadra,2024,4,2024-10-21,2024-10-26,0.0692424623052717,0.2956663288725728,0.1945490202850319,0.1180519198339108,2,0.01,valid
Uttar_Pradesh,Sonbhadra,2024,5,2024-10-26,2024-10-31,0.0711552674776721,0.2957614721801155,0.1983149551428233,0.1155865181292709,2,15.835,valid
Uttar_Pradesh,Sonbhadra,2024,6,2024-10-31,2024-11-05,0.08085992728695852,0.28035944290837583,0.20876499852875305,0.13113011402892466,0,,insufficient_data
Uttar_Pradesh,Sonbhadra,2024,7,2024-11-05,2024-11-10,0.0850539519723925,0.2725421048384052,0.2105992789404092,0.1332842731905067,2,3.405,valid
Uttar_Pradesh,Sonbhadra,2024,8,2024-11-10,2024-11-15,0.09338700380585895,0.27025518892904493,0.21953787644383493,0.14295625762467465,0,,insufficient_data
Uttar_Pradesh,Sonbhadra,2024,9,2024-11-15,2024-11-20,0.0979880273924978,0.2574678657424098,0.2315967397467478,0.1575977449620103,2,0.26,valid
Uttar_Pradesh,Sonbhadra,2024,10,2024-11-20,2024-11-25,0.1193507683808734,0.2552493129552491,0.2376405319453595,0.1653564942169107,2,0.025,valid
Uttar_Pradesh,Sonbhadra,2024,11,2024-11-25,2024-11-30,0.10609555222258193,0.24779137582836744,0.232627450577456,0.1613380373629716,0,,insufficient_data
Uttar_Pradesh,Sonbhadra,2024,12,2024-11-30,2024-12-05,0.1047613162404062,0.24261767481172825,0.23055236746010713,0.16141537762569536,0,,insufficient_data
Uttar_Pradesh,Sonbhadra,2024,13,2024-12-05,2024-12-10,0.1009478608943746,0.2306569487874434,0.2286450800402607,0.1610598729099938,2,12.82,valid
Uttar_Pradesh,Sonbhadra,2024,14,2024-12-10,2024-12-15,0.0920160926676001,0.22628940799814878,0.2262736128149214,0.15700711372807574,0,,insufficient_data
Uttar_Pradesh,Sonbhadra,2024,15,2024-12-15,2024-12-20,0.100758608293879,0.2270965717618106,0.2243271181080605,0.1616473984138666,2,0.075,valid
Uttar_Pradesh,Sonbhadra,2024,16,2024-12-20,2024-12-25,0.08968828881103333,0.22733357815248717,0.22440523005966095,0.15445487636687416,0,,insufficient_data
Uttar_Pradesh,Sonbhadra,2024,17,2024-12-25,2024-12-30,0.0743418088145467,0.2211147034451923,0.2258486402964429,0.1483140698603668,1,17.88,valid
Uttar_Pradesh,Sonbhadra,2024,18,2024-12-30,2025-01-04,0.082704877241333,0.2304660886155023,0.2188000817938797,0.1467981642832694,1,0.03,valid
Uttar_Pradesh,Sonbhadra,2024,19,2025-01-04,2025-01-09,0.07981021170258648,0.23288639446575854,0.21033999309990253,0.1409155839789542,0,,insufficient_data
Uttar_Pradesh,Sonbhadra,2024,20,2025-01-09,2025-01-14,0.0851333724727821,0.2405894584699225,0.2004930400152333,0.1361448357916273,2,0.49,valid
Uttar_Pradesh,Sonbhadra,2024,21,2025-01-14,2025-01-19,0.0770607882816841,0.239375327332417,0.1962182102940543,0.1324052659805534,2,1.6549999999999998,valid
Uttar_Pradesh,Sonbhadra,2024,22,2025-01-19,2025-01-24,0.07909188107841919,0.24831960500312023,0.20042186466812867,0.13467461224800753,0,,insufficient_data
Uttar_Pradesh,Sonbhadra,2024,23,2025-01-24,2025-01-29,0.0759715872040519,0.2510759422044061,0.2024434453784996,0.1368203793998074,2,0.04,valid
Uttar_Pradesh,Sonbhadra,2024,24,2025-01-29,2025-02-03,0.07811579796456465,0.25564580709703183,0.20222374916721286,0.13519063581821836,0,,insufficient_data
Uttar_Pradesh,Sonbhadra,2024,25,2025-02-03,2025-02-08,0.0782017763551587,0.2622376920057353,0.2025327629847274,0.133327967820042,2,0.04,valid
Uttar_Pradesh,Sonbhadra,2024,26,2025-02-08,2025-02-13,0.0812290400173639,0.2698942668455688,0.2077005780115701,0.1382089300724706,2,0.16,valid
Uttar_Pradesh,Sonbhadra,2024,27,2025-02-13,2025-02-18,0.08433130166023786,0.2679452822115113,0.21017014102966827,0.14024873219335096,0,,insufficient_data
Uttar_Pradesh,Sonbhadra,2024,28,2025-02-18,2025-02-23,0.0860357920242227,0.2716142192161309,0.2119257415162065,0.1412391078837723,2,0.23,valid
Uttar_Pradesh,Sonbhadra,2024,29,2025-02-23,2025-02-28,0.0918585982442062,0.2680349507786104,0.2185214816061691,0.148218922997119,2,3.04,valid
Uttar_Pradesh,Sonbhadra,2024,30,2025-02-28,2025-03-05,0.09848289041324815,0.2691711138222407,0.23018550713757402,0.15873351191444082,0,,insufficient_data
Uttar_Pradesh,Sonbhadra,2024,31,2025-03-05,2025-03-10,0.1011263075598026,0.2723658143086277,0.2372907812501976,0.1678433324095513,2,0.015,valid
Uttar_Pradesh,Sonbhadra,2024,32,2025-03-10,2025-03-15,0.10563743165382426,0.25914795954691927,0.24051780550536295,0.17039473251559226,0,,insufficient_data
Uttar_Pradesh,Sonbhadra,2024,33,2025-03-15,2025-03-20,0.1149108638247611,0.2646694709855937,0.253004024177723,0.1776326843673207,2,0.0,valid
Uttar_Pradesh,Sonbhadra,2024,34,2025-03-20,2025-03-25,0.1146539569865272,0.2315216021148453,0.253254934987362,0.187883990288378,2,9.375,valid
Uttar_Pradesh,Sonbhadra,2024,35,2025-03-25,2025-03-30,0.12627030444468812,0.24529572626757973,0.2724274473706991,0.20251688717383148,0,,insufficient_data
Uttar_Pradesh,Sonbhadra,2024,36,2025-03-30,2025-04-04,0.1334677573146985,0.2412900664626271,0.2871261725398653,0.2214448307043192,2,0.005,valid
Uttar_Pradesh,Sonbhadra,2024,37,2025-04-04,2025-04-09,0.1420486396527657,0.2437017655072528,0.2963246577778461,0.2231060433353081,2,0.005,valid
Uttar_Pradesh,Sonbhadra,2024,38,2025-04-09,2025-04-14,0.14887562490565187,0.25516592133865845,0.31003181716481776,0.23831768468338277,0,,insufficient_data
Uttar_Pradesh,Sonbhadra,2024,39,2025-04-14,2025-04-19,0.1529944702008011,0.2618365389328431,0.3185050106922766,0.2398754651324637,2,2.64,valid
Uttar_Pradesh,Sonbhadra,2024,40,2025-04-19,2025-04-24,0.154011580769303,0.25979120629733554,0.31766703203980196,0.24394196934307066,0,,insufficient_data
Uttar_Pradesh,Sonbhadra,2024,41,2025-04-24,2025-04-29,0.1669916324543422,0.2738353144519108,0.3381714276492832,0.2688443995614402,2,0.0,valid
Uttar_Pradesh,Sonbhadra,2024,42,2025-04-29,2025-05-04,0.15999305132757163,0.26783592669237694,0.3283382191707799,0.2543599323469519,0,,insufficient_data
Uttar_Pradesh,Sonbhadra,2025,0,2025-10-01,2025-10-06,0.062111458920192,0.3735875780599362,0.1908709264078188,0.0992597922093994,2,22.785,valid
Uttar_Pradesh,Sonbhadra,2025,1,2025-10-06,2025-10-11,0.0339318732061889,0.2921769112515196,0.1288308413673165,0.0637693749904584,1,28.29,valid
Uttar_Pradesh,Sonbhadra,2025,2,2025-10-11,2025-10-16,0.057401277800946296,0.3155749680091464,0.17446588226635215,0.09617135064769675,0,,insufficient_data
Uttar_Pradesh,Sonbhadra,2025,3,2025-10-16,2025-10-21,0.0628465836272946,0.3056131148950884,0.1843171015606374,0.1075091062176798,2,2.78,valid
Uttar_Pradesh,Sonbhadra,2025,4,2025-10-21,2025-10-26,0.0707151954501097,0.2909222678300414,0.1938446597296358,0.1141471291732494,1,11.69,valid
Uttar_Pradesh,Sonbhadra,2025,5,2025-10-26,2025-10-31,0.0713943553857535,0.2815625061107481,0.19328269724747643,0.11638592323493308,0,,insufficient_data
Uttar_Pradesh,Sonbhadra,2025,6,2025-10-31,2025-11-05,0.0631217017074102,0.2676678335382216,0.1809742476719543,0.1037998462362119,1,11.43,valid
Uttar_Pradesh,Sonbhadra,2025,7,2025-11-05,2025-11-10,0.07980789966210992,0.2672036361445349,0.20334645636723286,0.12771528051219067,0,,insufficient_data
Uttar_Pradesh,Sonbhadra,2025,8,2025-11-10,2025-11-15,0.0888939407581995,0.262046808179641,0.2139947800276782,0.1400876113125912,2,0.015,valid
Uttar_Pradesh,Sonbhadra,2025,9,2025-11-15,2025-11-20,0.0965007607327203,0.2481776350302356,0.2245721380396633,0.1528265353267102,2,0.0499999999999999,valid
Uttar_Pradesh,Sonbhadra,2025,10,2025-11-20,2025-11-25,0.09268585117943783,0.2419569303709127,0.21729034102212735,0.14821622776773316,0,,insufficient_data
Uttar_Pradesh,Sonbhadra,2025,11,2025-11-25,2025-11-30,0.0910626579080324,0.2283801866224119,0.2186280665953295,0.1522998722573378,2,1.88,valid
Uttar_Pradesh,Sonbhadra,2025,12,2025-11-30,2025-12-05,0.0942860453187991,0.2292230916513624,0.2119663794258384,0.1476508921742935,2,0.095,valid
Uttar_Pradesh,Sonbhadra,2025,13,2025-12-05,2025-12-10,0.09185818005142787,0.22724743164459962,0.21246714889101567,0.14774593210341533,0,,insufficient_data
Uttar_Pradesh,Sonbhadra,2025,14,2025-12-10,2025-12-15,0.0902258369274521,0.2241390166600246,0.2068070006518791,0.1432870318786147,2,1.87,valid
Uttar_Pradesh,Sonbhadra,2025,15,2025-12-15,2025-12-20,0.08800067465821992,0.22513567467069098,0.20801518841872926,0.14235334520676515,0,,insufficient_data
Uttar_Pradesh,Sonbhadra,2025,16,2025-12-20,2025-12-25,0.08485798932793034,0.2230919661803553,0.20603959291517476,0.139704571723001,0,,insufficient_data
Uttar_Pradesh,Sonbhadra,2025,17,2025-12-25,2025-12-30,0.0794901417284086,0.222044915700686,0.2052721851784704,0.1361221115673873,1,0.06,valid
Uttar_Pradesh,Sonbhadra,2025,18,2025-12-30,2026-01-04,0.0770822601336523,0.22552444869328175,0.19688642196832584,0.1310046867058982,0,,insufficient_data
Uttar_Pradesh,Sonbhadra,2025,19,2026-01-04,2026-01-09,0.07615981684514526,0.2306254517954682,0.19451999685317697,0.12872942616528807,0,,insufficient_data
Uttar_Pradesh,Sonbhadra,2025,20,2026-01-09,2026-01-14,0.074674378538896,0.2290039816858775,0.1885006587581813,0.1258872618444091,2,0.04,valid
Uttar_Pradesh,Sonbhadra,2025,21,2026-01-14,2026-01-19,0.0744946544035136,0.2349157198428593,0.18914390269053027,0.12503308346423844,0,,insufficient_data
Uttar_Pradesh,Sonbhadra,2025,22,2026-01-19,2026-01-24,0.0743149302681312,0.2408274579998411,0.1897871466228792,0.1241789050840678,2,0.085,valid
Uttar_Pradesh,Sonbhadra,2025,23,2026-01-24,2026-01-29,0.0721238151689018,0.24151260067570515,0.18901529702431263,0.12455358654244293,0,,insufficient_data
Uttar_Pradesh,Sonbhadra,2025,24,2026-01-29,2026-02-03,0.0712942918948633,0.252915712833968,0.1908940409346421,0.12472543684396936,0,,insufficient_data
Uttar_Pradesh,Sonbhadra,2025,25,2026-02-03,2026-02-08,0.0673821366996782,0.2547063623413969,0.1887580856918774,0.1235945926988519,2,0.07,valid
Uttar_Pradesh,Sonbhadra,2025,26,2026-02-08,2026-02-13,0.07230805355433027,0.261325031634342,0.19381390872371718,0.1263448889891522,0,,insufficient_data
Uttar_Pradesh,Sonbhadra,2025,27,2026-02-13,2026-02-18,0.0721858087167805,0.2632133181606661,0.1941368904891696,0.1264028127489884,2,0.02,valid
Uttar_Pradesh,Sonbhadra,2025,28,2026-02-18,2026-02-23,0.0773562152465321,0.266055414400963,0.1985467499901045,0.1290372615196163,2,0.11,valid
Uttar_Pradesh,Sonbhadra,2025,29,2026-02-23,2026-02-28,0.07840264905650234,0.2560939033089009,0.20353688850490076,0.13499549243903974,0,,insufficient_data
Uttar_Pradesh,Sonbhadra,2025,30,2026-02-28,2026-03-05,0.0831521178297535,0.2643953888463111,0.2110572978870326,0.1424461854546622,2,0.015,valid
Uttar_Pradesh,Sonbhadra,2025,31,2026-03-05,2026-03-10,0.08047492916974293,0.25372076502497926,0.2066702211768112,0.13785971900239022,0,,insufficient_data
Uttar_Pradesh,Sonbhadra,2025,32,2026-03-10,2026-03-15,0.0809164544329432,0.2307114918276636,0.2104066156532964,0.1420957100328921,2,4.37,valid
Uttar_Pradesh,Sonbhadra,2025,33,2026-03-15,2026-03-20,0.09195562373657273,0.24326179070332352,0.2285871411472504,0.15992758839625085,0,,insufficient_data
Uttar_Pradesh,Sonbhadra,2025,34,2026-03-20,2026-03-25,0.09635737668998234,0.23269499163182972,0.23735206277735932,0.16866828986704518,0,,insufficient_data
Uttar_Pradesh,Sonbhadra,2025,35,2026-03-25,2026-03-30,0.1117982989470215,0.2346784914359958,0.2642975099014222,0.1952408697011983,2,0.005,valid
Uttar_Pradesh,Sonbhadra,2025,36,2026-03-30,2026-04-04,0.1117982989470215,0.2346784914359958,0.2642975099014222,0.1952408697011983,0,,insufficient_data
Uttar_Pradesh,Sonbhadra,2025,37,2026-04-04,2026-04-09,0.1117982989470215,0.2346784914359958,0.2642975099014222,0.1952408697011983,0,,insufficient_data
Uttar_Pradesh,Sonbhadra,2025,38,2026-04-09,2026-04-14,0.1117982989470215,0.2346784914359958,0.2642975099014222,0.1952408697011983,0,,insufficient_data
Uttar_Pradesh,Sonbhadra,2025,39,2026-04-14,2026-04-19,,,,,0,,insufficient_data
Uttar_Pradesh,Sonbhadra,2025,40,2026-04-19,2026-04-24,,,,,0,,insufficient_data
Uttar_Pradesh,Sonbhadra,2025,41,2026-04-24,2026-04-29,,,,,0,,insufficient_data
Uttar_Pradesh,Sonbhadra,2025,42,2026-04-29,2026-05-04,,,,,0,,insufficient_data
