state,district,year,time_step,start_date,end_date,Red,NIR,SWIR1,SWIR2,image_count,mean_cloud_cover,quality_flag
Uttar_Pradesh,Bahraich,2010,0,2010-10-01,2010-10-06,0.0769705270711842,0.28915758522679896,0.1932540688835443,0.10303065159255001,0,,insufficient_data
Uttar_Pradesh,Bahraich,2010,1,2010-10-06,2010-10-11,0.0846111334230459,0.3153794352578164,0.2030564566852365,0.1062040299089801,2,7.0,valid
Uttar_Pradesh,Bahraich,2010,2,2010-10-11,2010-10-16,0.0693299207193225,0.2629357351957815,0.1834516810818521,0.0998572732761199,1,0.0,valid
Uttar_Pradesh,Bahraich,2010,3,2010-10-16,2010-10-21,0.09398364824064359,0.2756806157425615,0.20641646057760438,0.11947651792562242,0,,insufficient_data
Uttar_Pradesh,Bahraich,2010,4,2010-10-21,2010-10-26,0.1148300504174801,0.2749278694531308,0.2121300440182238,0.1258236309080014,3,17.0,valid
Uttar_Pradesh,Bahraich,2010,5,2010-10-26,2010-10-31,0.1071634884027259,0.2494794230635172,0.2270276605251051,0.1460211376093883,2,0.5,valid
Uttar_Pradesh,Bahraich,2010,6,2010-10-31,2010-11-05,0.12268046125543575,0.24991598169966572,0.2290890207137981,0.1507015896675095,0,,insufficient_data
Uttar_Pradesh,Bahraich,2010,7,2010-11-05,2010-11-10,0.1166699893101518,0.2362493952168612,0.2346705658570877,0.1638307416113441,2,0.5,valid
Uttar_Pradesh,Bahraich,2010,8,2010-11-10,2010-11-15,0.12529726486808765,0.24157868578184405,0.23474201294565625,0.15899424258734554,0,,insufficient_data
Uttar_Pradesh,Bahraich,2010,9,2010-11-15,2010-11-20,0.1520583168913852,0.2390072390651538,0.2425278124547759,0.1671308485413042,2,3.0,valid
Uttar_Pradesh,Bahraich,2010,10,2010-11-20,2010-11-25,0.12735608229646533,0.22637824417707547,0.23569392416619206,0.16906344861513067,0,,insufficient_data
Uttar_Pradesh,Bahraich,2010,11,2010-11-25,2010-11-30,0.13216456644988356,0.22691895581341837,0.2429971465283504,0.1776500865093178,0,,insufficient_data
Uttar_Pradesh,Bahraich,2010,12,2010-11-30,2010-12-05,0.1317926849178964,0.2189763040350318,0.2364700990622361,0.1749519707186038,2,0.5,valid
Uttar_Pradesh,Bahraich,2010,13,2010-12-05,2010-12-10,0.1089033380664279,0.2112800383912551,0.2291072192906685,0.1703402335892707,1,1.0,valid
Uttar_Pradesh,Bahraich,2010,14,2010-12-10,2010-12-15,0.1359039259238248,0.2384122417622327,0.2638834553057211,0.1981772931880925,1,5.0,valid
Uttar_Pradesh,Bahraich,2010,15,2010-12-15,2010-12-20,0.12586179626732,0.2199788597088962,0.2322431292243017,0.1758536639585074,3,0.3333333333333333,valid
Uttar_Pradesh,Bahraich,2010,16,2010-12-20,2010-12-25,0.1281287508801674,0.22461089178570665,0.23812724560815932,0.1772539227816773,0,,insufficient_data
Uttar_Pradesh,Bahraich,2010,17,2010-12-25,2010-12-30,0.1418459432630968,0.2287724272804426,0.227275178611946,0.1646445003908385,2,0.5,valid
Uttar_Pradesh,Bahraich,2010,18,2010-12-30,2011-01-04,0.13389158121223374,0.22652057781362425,0.21986792862502016,0.15734954469153353,0,,insufficient_data
Uttar_Pradesh,Bahraich,2010,19,2011-01-04,2011-01-09,0.12823572012315834,0.23840068288885938,0.20939831952965993,0.14484217187091744,0,,insufficient_data
Uttar_Pradesh,Bahraich,2010,20,2011-01-09,2011-01-14,0.11979575736483489,0.24535175287157523,0.20959949544992562,0.14237623261885102,0,,insufficient_data
Uttar_Pradesh,Bahraich,2010,21,2011-01-14,2011-01-19,0.1339670041062844,0.230810446451534,0.2000854780388128,0.1315504697252547,2,16.0,valid
Uttar_Pradesh,Bahraich,2010,22,2011-01-19,2011-01-24,0.1088942130000938,0.2556191749346015,0.200834301938221,0.1383315454966592,1,14.0,valid
Uttar_Pradesh,Bahraich,2010,23,2011-01-24,2011-01-29,0.0944758690898645,0.2662049628197228,0.2102030232107227,0.1349784148626517,1,0.0,valid
Uttar_Pradesh,Bahraich,2010,24,2011-01-29,2011-02-03,0.10974457918332747,0.2612118187277763,0.1991785216848997,0.12960549320232662,0,,insufficient_data
Uttar_Pradesh,Bahraich,2010,25,2011-02-03,2011-02-08,0.1170952393252906,0.2541827107000847,0.184150628190141,0.11750749915025,3,3.0,valid
Uttar_Pradesh,Bahraich,2010,26,2011-02-08,2011-02-13,0.0942905703951041,0.2992417987329386,0.2006191770466009,0.1256595367768175,1,12.0,valid
Uttar_Pradesh,Bahraich,2010,27,2011-02-13,2011-02-18,0.09587848768564858,0.290452828699187,0.19143385779852706,0.12002159753859806,0,,insufficient_data
Uttar_Pradesh,Bahraich,2010,28,2011-02-18,2011-02-23,0.0852839853311075,0.2866436917376662,0.1782825383854265,0.1051038747438078,2,2.0,valid
Uttar_Pradesh,Bahraich,2010,29,2011-02-23,2011-02-28,0.08855446038311737,0.30074027495516004,0.194685713174986,0.1237872936575088,0,,insufficient_data
Uttar_Pradesh,Bahraich,2010,30,2011-02-28,2011-03-05,0.0868441556910921,0.3217431136260585,0.2026830875719398,0.131815479483517,1,0.0,valid
Uttar_Pradesh,Bahraich,2010,31,2011-03-05,2011-03-10,0.0877991301151658,0.2953324957239769,0.1971580496959769,0.1325702836258929,3,0.6666666666666666,valid
Uttar_Pradesh,Bahraich,2010,32,2011-03-10,2011-03-15,0.09518583119917125,0.28256316783348184,0.20411398357348431,0.14015126301942848,0,,insufficient_data
Uttar_Pradesh,Bahraich,2010,33,2011-03-15,2011-03-20,0.0964347556503802,0.2619210948811298,0.1949268367048203,0.1350243831505748,2,0.5,valid
Uttar_Pradesh,Bahraich,2010,34,2011-03-20,2011-03-25,0.1096652833400469,0.2512559671027622,0.2216879603212003,0.1611949058177293,3,2.333333333333333,valid
Uttar_Pradesh,Bahraich,2010,35,2011-03-25,2011-03-30,0.11181829263107634,0.2503088355886128,0.2181526374878382,0.1578259227481291,0,,insufficient_data
Uttar_Pradesh,Bahraich,2010,36,2011-03-30,2011-04-04,0.1293548389028019,0.2377494447819464,0.237843115437494,0.1772584792760832,3,0.3333333333333333,valid
Uttar_Pradesh,Bahraich,2010,37,2011-04-04,2011-04-09,0.13171630364884493,0.24259646737135862,0.24399935259505856,0.18263146925869514,0,,insufficient_data
Uttar_Pradesh,Bahraich,2010,38,2011-04-09,2011-04-14,0.14274181380324394,0.2382667175056568,0.25515504873198763,0.19334975097917811,0,,insufficient_data
Uttar_Pradesh,Bahraich,2010,39,2011-04-14,2011-04-19,0.156128788703686,0.2387839902293672,0.2724669820264813,0.209441022682273,3,13.0,valid
Uttar_Pradesh,Bahraich,2010,40,2011-04-19,2011-04-24,0.156128788703686,0.2387839902293672,0.2724669820264813,0.209441022682273,0,,insufficient_data
Uttar_Pradesh,Bahraich,2010,41,2011-04-24,2011-04-29,0.156128788703686,0.2387839902293672,0.2724669820264813,0.209441022682273,0,,insufficient_data
Uttar_Pradesh,Bahraich,2010,42,2011-04-29,2011-05-04,0.156128788703686,0.2387839902293672,0.2724669820264813,0.209441022682273,0,,insufficient_data
Uttar_Pradesh,Bahraich,2011,0,2011-10-01,2011-10-06,0.0741326433031511,0.2933851502907573,0.1744786701357588,0.0926270927046321,3,7.333333333333333,valid
Uttar_Pradesh,Bahraich,2011,1,2011-10-06,2011-10-11,0.0832971318421844,0.2842532479046797,0.188506981106845,0.1050894815079318,2,1.5,valid
Uttar_Pradesh,Bahraich,2011,2,2011-10-11,2011-10-16,0.10425571197051198,0.2758239634871088,0.2050064922494625,0.12584455097606342,0,,insufficient_data
Uttar_Pradesh,Bahraich,2011,3,2011-10-16,2011-10-21,0.0905661689750702,0.2725587461856306,0.211648926503357,0.1327630390169132,1,0.0,valid
Uttar_Pradesh,Bahraich,2011,4,2011-10-21,2011-10-26,0.1376668387612444,0.2628858558309519,0.2233877139110807,0.1456924306341907,2,6.0,valid
Uttar_Pradesh,Bahraich,2011,5,2011-10-26,2011-10-31,0.1356157769709098,0.2660368172235247,0.2270101695902709,0.1530507110166494,1,0.0,valid
Uttar_Pradesh,Bahraich,2011,6,2011-10-31,2011-11-05,0.1798327720923695,0.2480836561737072,0.2290282794779577,0.1570302639270101,1,3.0,valid
Uttar_Pradesh,Bahraich,2011,7,2011-11-05,2011-11-10,0.1524260518731032,0.2499250001293169,0.2294035019546005,0.15847571173649716,0,,insufficient_data
Uttar_Pradesh,Bahraich,2011,8,2011-11-10,2011-11-15,0.1403722993838208,0.228348135189061,0.2256115110097258,0.1611007902150731,3,1.0,valid
Uttar_Pradesh,Bahraich,2011,9,2011-11-15,2011-11-20,0.1686425721571716,0.2442705362293399,0.2419798357839673,0.1755043628895624,1,25.0,valid
Uttar_Pradesh,Bahraich,2011,10,2011-11-20,2011-11-25,0.1879337198521432,0.2609506564346322,0.2622497324470394,0.19836080621958857,0,,insufficient_data
Uttar_Pradesh,Bahraich,2011,11,2011-11-25,2011-11-30,0.1187173601021666,0.2190166710972951,0.2246123337301365,0.1705020237820207,2,0.0,valid
Uttar_Pradesh,Bahraich,2011,12,2011-11-30,2011-12-05,0.2037875266749173,0.2718181635164893,0.27446247292614395,0.21078081155442707,0,,insufficient_data
Uttar_Pradesh,Bahraich,2011,13,2011-12-05,2011-12-10,0.3240026477654137,0.3521672832228328,0.3567952492643281,0.2863360479916981,1,2.0,valid
Uttar_Pradesh,Bahraich,2011,14,2011-12-10,2011-12-15,0.17846222525967795,0.2569597579363179,0.2579348897395704,0.19797034439416328,0,,insufficient_data
Uttar_Pradesh,Bahraich,2011,15,2011-12-15,2011-12-20,0.20833465783843366,0.27593130135582933,0.2745961677442874,0.21170450470023455,0,,insufficient_data
Uttar_Pradesh,Bahraich,2011,16,2011-12-20,2011-12-25,0.20833465783843366,0.27593130135582933,0.2745961677442874,0.21170450470023455,0,,insufficient_data
Uttar_Pradesh,Bahraich,2011,17,2011-12-25,2011-12-30,0.0926666679114536,0.1996953194888258,0.1923970862242467,0.137072961408771,2,0.0,valid
Uttar_Pradesh,Bahraich,2011,18,2011-12-30,2012-01-04,0.1068123318994451,0.22026679902591578,0.1872511647566544,0.1281096481310461,0,,insufficient_data
Uttar_Pradesh,Bahraich,2011,19,2012-01-04,2012-01-09,0.0977642157206859,0.23510492931149818,0.1849209157016792,0.12222976506478882,0,,insufficient_data
Uttar_Pradesh,Bahraich,2011,20,2012-01-09,2012-01-14,0.1209579958874366,0.2408382785630058,0.1821052432890621,0.1191463348533212,2,5.5,valid
Uttar_Pradesh,Bahraich,2011,21,2012-01-14,2012-01-19,0.09359715098901074,0.25634279024960555,0.18143594908116242,0.11526096871412961,0,,insufficient_data
Uttar_Pradesh,Bahraich,2011,22,2012-01-19,2012-01-24,0.0796679833631675,0.2647811898826629,0.1802604175917288,0.1104699989322742,1,11.0,valid
Uttar_Pradesh,Bahraich,2011,23,2012-01-24,2012-01-29,0.09499705631359628,0.26555850616833954,0.18422689769349382,0.11680812991114653,0,,insufficient_data
Uttar_Pradesh,Bahraich,2011,24,2012-01-29,2012-02-03,0.0801654737164281,0.2634089023031479,0.1819421863626963,0.1161665723567934,2,0.5,valid
Uttar_Pradesh,Bahraich,2011,25,2012-02-03,2012-02-08,0.0991967722873529,0.2932056539245415,0.192599743530488,0.1214496135021973,1,9.0,valid
Uttar_Pradesh,Bahraich,2011,26,2012-02-08,2012-02-13,0.08837676777441339,0.2859285543110192,0.1903333609912036,0.12146901002692236,0,,insufficient_data
Uttar_Pradesh,Bahraich,2011,27,2012-02-13,2012-02-18,0.08758116996149135,0.2838674474488002,0.19076970438072277,0.12376957483406947,0,,insufficient_data
Uttar_Pradesh,Bahraich,2011,28,2012-02-18,2012-02-23,0.09005306870984577,0.290686962497351,0.1937122103867316,0.1263039089931615,0,,insufficient_data
Uttar_Pradesh,Bahraich,2011,29,2012-02-23,2012-02-28,0.0857680573194592,0.3011711067053683,0.1964581530804265,0.1267908442217764,1,0.0,valid
Uttar_Pradesh,Bahraich,2011,30,2012-02-28,2012-03-04,0.0851943765227252,0.2776841268621432,0.1920787345492803,0.1306712692555108,2,1.5,valid
Uttar_Pradesh,Bahraich,2011,31,2012-03-04,2012-03-09,0.09626276790922769,0.28246584178416245,0.20179478009578372,0.13741989733767085,0,,insufficient_data
Uttar_Pradesh,Bahraich,2011,32,2012-03-09,2012-03-14,0.1022078474501561,0.2963424328376779,0.2128687044877348,0.1478704957208212,1,0.0,valid
Uttar_Pradesh,Bahraich,2011,33,2012-03-14,2012-03-19,0.1118807903445703,0.2546657007314605,0.2057735282656933,0.1443469801525749,2,1.0,valid
Uttar_Pradesh,Bahraich,2011,34,2012-03-19,2012-03-24,0.12215172623932442,0.256974181488805,0.22203301461845212,0.16184993341712073,0,,insufficient_data
Uttar_Pradesh,Bahraich,2011,35,2012-03-24,2012-03-29,0.1448687303290355,0.2661745345888947,0.24096355696574,0.1813316077799751,1,27.0,valid
Uttar_Pradesh,Bahraich,2011,36,2012-03-29,2012-04-03,0.1296495368335358,0.210714057797187,0.2285262687546404,0.1738506500151118,2,7.0,valid
Uttar_Pradesh,Bahraich,2011,37,2012-04-03,2012-04-08,0.14263778429446608,0.24144434885653643,0.24903485121613303,0.18977771825592152,0,,insufficient_data
Uttar_Pradesh,Bahraich,2011,38,2012-04-08,2012-04-13,0.15243086690032312,0.25216781649396103,0.2676025458630814,0.20659822063906919,0,,insufficient_data
Uttar_Pradesh,Bahraich,2011,39,2012-04-13,2012-04-18,0.1549515790907523,0.24749891046231645,0.2764822088288618,0.21502042492543386,0,,insufficient_data
Uttar_Pradesh,Bahraich,2011,40,2012-04-18,2012-04-23,0.1533950857208269,0.2474444541835276,0.2776147279280186,0.2141508969726777,2,7.0,valid
Uttar_Pradesh,Bahraich,2011,41,2012-04-23,2012-04-28,0.1818101147178942,0.2843382194062348,0.3233056298039265,0.2570597277885121,1,6.0,valid
Uttar_Pradesh,Bahraich,2011,42,2012-04-28,2012-05-03,0.16760260021936058,0.2658913367948812,0.30046017886597254,0.2356053123805949,0,,insufficient_data
Uttar_Pradesh,Bahraich,2012,0,2012-10-01,2012-10-06,0.0804397268422824,0.30645057441376,0.1863701362821098,0.0963627030234137,1,18.0,valid
Uttar_Pradesh,Bahraich,2012,1,2012-10-06,2012-10-11,0.07977253675011724,0.2865754535917809,0.189464555986276,0.10667467929519765,0,,insufficient_data
Uttar_Pradesh,Bahraich,2012,2,2012-10-11,2012-10-16,0.0715075772416549,0.274464161314455,0.1798241881160716,0.100544702639387,2,2.0,valid
Uttar_Pradesh,Bahraich,2012,3,2012-10-16,2012-10-21,0.0873703061664144,0.2788116250471277,0.2021993435606467,0.1231166322227923,1,1.0,valid
Uttar_Pradesh,Bahraich,2012,4,2012-10-21,2012-10-26,0.10014894796422623,0.2712968173326966,0.20850752004258455,0.13115342123109702,0,,insufficient_data
Uttar_Pradesh,Bahraich,2012,5,2012-10-26,2012-10-31,0.1037599136395476,0.2682086409122399,0.2137661117422457,0.1382953734004496,2,0.5,valid
Uttar_Pradesh,Bahraich,2012,6,2012-10-31,2012-11-05,0.11860100353968339,0.2651576314413117,0.22189825191601345,0.14646885043770846,0,,insufficient_data
Uttar_Pradesh,Bahraich,2012,7,2012-11-05,2012-11-10,0.137957994809288,0.2637028420569638,0.2382404367513742,0.1626569766617591,1,1.0,valid
Uttar_Pradesh,Bahraich,2012,8,2012-11-10,2012-11-15,0.1453157995434836,0.2499074177489155,0.2333871156097872,0.1618064194658328,2,1.5,valid
Uttar_Pradesh,Bahraich,2012,9,2012-11-15,2012-11-20,0.13213172158408115,0.24292912441511935,0.23488719041337947,0.1693935995539124,0,,insufficient_data
Uttar_Pradesh,Bahraich,2012,10,2012-11-20,2012-11-25,0.1225834654886227,0.2334354028287321,0.2400527100075694,0.1788851243468354,1,0.0,valid
Uttar_Pradesh,Bahraich,2012,11,2012-11-25,2012-11-30,0.1226696264949304,0.2246708350258659,0.227868499284787,0.1742258777412223,2,0.5,valid
Uttar_Pradesh,Bahraich,2012,12,2012-11-30,2012-12-05,0.12786006778394587,0.2268670873737037,0.23107692853367384,0.17742757700829095,0,,insufficient_data
Uttar_Pradesh,Bahraich,2012,13,2012-12-05,2012-12-10,0.1326944934720282,0.2384802102397226,0.2484474862682614,0.197051720704741,1,2.0,valid
Uttar_Pradesh,Bahraich,2012,14,2012-12-10,2012-12-15,0.1334926856802022,0.2108819014004941,0.2079390185740776,0.1595475852403652,1,25.0,valid
Uttar_Pradesh,Bahraich,2012,15,2012-12-15,2012-12-20,0.2951836982627003,0.35846329390458287,0.34529839944629076,0.27916974727259747,0,,insufficient_data
Uttar_Pradesh,Bahraich,2012,16,2012-12-20,2012-12-25,0.2951836982627003,0.35846329390458287,0.34529839944629076,0.27916974727259747,0,,insufficient_data
Uttar_Pradesh,Bahraich,2012,17,2012-12-25,2012-12-30,0.37642830065803634,0.418454835737013,0.3937238560353054,0.3202287605565257,0,,insufficient_data
Uttar_Pradesh,Bahraich,2012,18,2012-12-30,2013-01-04,0.6193639156358705,0.6260277700735318,0.5795086934965332,0.4809099358726862,1,7.0,valid
Uttar_Pradesh,Bahraich,2012,19,2013-01-04,2013-01-09,0.38502930921686657,0.42278205367710864,0.38334217521070835,0.30584415667775555,0,,insufficient_data
Uttar_Pradesh,Bahraich,2012,20,2013-01-09,2013-01-14,0.38502930921686657,0.42278205367710864,0.38334217521070835,0.30584415667775555,0,,insufficient_data
Uttar_Pradesh,Bahraich,2012,21,2013-01-14,2013-01-19,0.1506947027978627,0.2195363372806855,0.1871756569248835,0.1307783774828249,2,13.5,valid
Uttar_Pradesh,Bahraich,2012,22,2013-01-19,2013-01-24,0.11769819414195686,0.2340858838760353,0.18709298706720184,0.12664596400293493,0,,insufficient_data
Uttar_Pradesh,Bahraich,2012,23,2013-01-24,2013-01-29,0.10174376937779457,0.2502716201362616,0.18259346173992222,0.11798597482735491,0,,insufficient_data
Uttar_Pradesh,Bahraich,2012,24,2013-01-29,2013-02-03,0.084701685486051,0.2486354304713851,0.1870103172095202,0.122513550523045,1,12.0,valid
Uttar_Pradesh,Bahraich,2012,25,2013-02-03,2013-02-08,0.0772683026677605,0.26563926156404966,0.1803023641474416,0.11158977349961995,0,,insufficient_data
Uttar_Pradesh,Bahraich,2012,26,2013-02-08,2013-02-13,0.06983491984947,0.2826430926567142,0.173594411085363,0.1006659964761949,1,1.0,valid
Uttar_Pradesh,Bahraich,2012,27,2013-02-13,2013-02-18,0.07579519485862413,0.2809399203379397,0.18140205449787403,0.11088609302505922,0,,insufficient_data
Uttar_Pradesh,Bahraich,2012,28,2013-02-18,2013-02-23,0.07282636464948183,0.29170808362679124,0.17953263359399196,0.10701027385906396,0,,insufficient_data
Uttar_Pradesh,Bahraich,2012,29,2013-02-23,2013-02-28,0.066240010720989,0.303890368946724,0.1796453975406148,0.103393775163679,1,0.0,valid
Uttar_Pradesh,Bahraich,2012,30,2013-02-28,2013-03-05,0.0824041633779865,0.2885907892769355,0.1853580921559981,0.116971049937318,2,4.5,valid
Uttar_Pradesh,Bahraich,2012,31,2013-03-05,2013-03-10,0.09290169925078193,0.28529504683951606,0.19444199060506837,0.12641215437526065,0,,insufficient_data
Uttar_Pradesh,Bahraich,2012,32,2013-03-10,2013-03-15,0.0907535792791931,0.2880835582367012,0.2056764425302131,0.1383882345920852,1,1.0,valid
Uttar_Pradesh,Bahraich,2012,33,2013-03-15,2013-03-20,0.1017889287607129,0.2790966061371134,0.19937418829321954,0.1340849474457879,0,,insufficient_data
Uttar_Pradesh,Bahraich,2012,34,2013-03-20,2013-03-25,0.1322090436249591,0.2606154708977035,0.2070880301934475,0.1468955578079604,1,9.0,valid
Uttar_Pradesh,Bahraich,2012,35,2013-03-25,2013-03-30,0.1186471073693588,0.26038759946045215,0.22307529139794943,0.16154943631454569,0,,insufficient_data
Uttar_Pradesh,Bahraich,2012,36,2013-03-30,2013-04-04,0.14779643755337665,0.25376727783919645,0.2520208839032372,0.18962897238223872,0,,insufficient_data
Uttar_Pradesh,Bahraich,2012,37,2013-04-04,2013-04-09,0.1329786992039242,0.2324637692469517,0.2564614014701877,0.1993645165435914,2,0.5,valid
Uttar_Pradesh,Bahraich,2012,38,2013-04-09,2013-04-14,0.1555901345175854,0.2503431813099429,0.27448731075813204,0.21099567966937785,0,,insufficient_data
Uttar_Pradesh,Bahraich,2012,39,2013-04-14,2013-04-19,0.1782015698312466,0.2682225933729341,0.2925132200460764,0.2226268427951643,1,16.0,valid
Uttar_Pradesh,Bahraich,2012,40,2013-04-19,2013-04-24,0.1555901345175854,0.2503431813099429,0.27448731075813204,0.21099567966937785,0,,insufficient_data
Uttar_Pradesh,Bahraich,2012,41,2013-04-24,2013-04-29,0.1782015698312466,0.2682225933729341,0.2925132200460764,0.2226268427951643,0,,insufficient_data
Uttar_Pradesh,Bahraich,2012,42,2013-04-29,2013-05-04,0.1782015698312466,0.2682225933729341,0.2925132200460764,0.2226268427951643,0,,insufficient_data
Uttar_Pradesh,Bahraich,2013,0,2013-10-01,2013-10-06,,,,,0,,insufficient_data
Uttar_Pradesh,Bahraich,2013,1,2013-10-06,2013-10-11,0.0781082709877409,0.2740518817589589,0.1914418794935038,0.1142502375687809,0,,insufficient_data
Uttar_Pradesh,Bahraich,2013,2,2013-10-11,2013-10-16,0.10695197853129584,0.2722697360216566,0.2062556635065788,0.12912425889370896,0,,insufficient_data
Uttar_Pradesh,Bahraich,2013,3,2013-10-16,2013-10-21,0.10245438580696532,0.2691634382111315,0.20912370964600388,0.13399037953894044,0,,insufficient_data
Uttar_Pradesh,Bahraich,2013,4,2013-10-21,2013-10-26,0.0781082709877409,0.2740518817589589,0.1914418794935038,0.1142502375687809,3,1.4433333333333334,valid
Uttar_Pradesh,Bahraich,2013,5,2013-10-26,2013-10-31,0.1357956860748508,0.2704875902843543,0.2210694475196538,0.143998280218637,2,6.5,valid
Uttar_Pradesh,Bahraich,2013,6,2013-10-31,2013-11-05,0.0934592003583043,0.2629508425900812,0.214859801924854,0.1437226208294034,1,1.32,valid
Uttar_Pradesh,Bahraich,2013,7,2013-11-05,2013-11-10,0.1024125429090455,0.2435953705104551,0.2221746183820756,0.1536240747440687,2,1.85,valid
Uttar_Pradesh,Bahraich,2013,8,2013-11-10,2013-11-15,0.1126164130394443,0.2482019468553455,0.22291387351871755,0.15557966795214895,0,,insufficient_data
Uttar_Pradesh,Bahraich,2013,9,2013-11-15,2013-11-20,0.111223394639077,0.2385892519559038,0.2348146562340562,0.1710794762870432,3,0.3566666666666667,valid
Uttar_Pradesh,Bahraich,2013,10,2013-11-20,2013-11-25,0.1201912412159439,0.2253866789359331,0.2216508435329482,0.1654738876815924,3,1.1033333333333333,valid
Uttar_Pradesh,Bahraich,2013,11,2013-11-25,2013-11-30,0.11641061588685382,0.226307269570957,0.22493299121780144,0.17056151532760716,0,,insufficient_data
Uttar_Pradesh,Bahraich,2013,12,2013-11-30,2013-12-05,0.1137212323110668,0.2222274681991298,0.2232793150139289,0.1737780467443188,3,0.7833333333333333,valid
Uttar_Pradesh,Bahraich,2013,13,2013-12-05,2013-12-10,0.1088380632644268,0.2192447790388328,0.2137837258593376,0.1649829127679649,2,0.5650000000000001,valid
Uttar_Pradesh,Bahraich,2013,14,2013-12-10,2013-12-15,0.1280791480037546,0.2260881697249858,0.2311364154487362,0.1774932531571164,1,0.0,valid
Uttar_Pradesh,Bahraich,2013,15,2013-12-15,2013-12-20,0.2665664434004627,0.353852189328416,0.3303854182235961,0.2546418174402049,2,10.035,valid
Uttar_Pradesh,Bahraich,2013,16,2013-12-20,2013-12-25,0.1544671010782905,0.25635669180585974,0.2428521618014532,0.1866806161708066,0,,insufficient_data
Uttar_Pradesh,Bahraich,2013,17,2013-12-25,2013-12-30,0.1143847496445179,0.2262416291312043,0.196103087674143,0.1496044813179403,1,20.68,valid
Uttar_Pradesh,Bahraich,2013,18,2013-12-30,2014-01-04,0.15268283075536523,0.27308699514716694,0.23385783375397498,0.17330254429536687,0,,insufficient_data
Uttar_Pradesh,Bahraich,2013,19,2014-01-04,2014-01-09,0.08487202715278008,0.2418568152847079,0.1798651713233064,0.12172425194953952,0,,insufficient_data
Uttar_Pradesh,Bahraich,2013,20,2014-01-09,2014-01-14,0.0770972992211151,0.2391671669818806,0.1750849953641859,0.1156613341279554,1,11.48,valid
Uttar_Pradesh,Bahraich,2013,21,2014-01-14,2014-01-19,0.07011566590691115,0.2496644083614597,0.1717462131478881,0.10778413726533914,0,,insufficient_data
Uttar_Pradesh,Bahraich,2013,22,2014-01-19,2014-01-24,0.0631340325927072,0.2601616497410388,0.1684074309315903,0.0999069404027229,1,0.09,valid
Uttar_Pradesh,Bahraich,2013,23,2014-01-24,2014-01-29,0.0693565199304454,0.26420367582758003,0.1742737558443602,0.10958884115620526,0,,insufficient_data
Uttar_Pradesh,Bahraich,2013,24,2014-01-29,2014-02-03,0.06548613028511055,0.27672193025042974,0.1738681360844473,0.10655259467033021,0,,insufficient_data
Uttar_Pradesh,Bahraich,2013,25,2014-02-03,2014-02-08,0.06986441038291596,0.2872563214340879,0.17395948439314687,0.1065015041220914,0,,insufficient_data
Uttar_Pradesh,Bahraich,2013,26,2014-02-08,2014-02-13,0.0678382279775139,0.2932822107598207,0.1793288412373043,0.1131982489379375,3,5.796666666666667,valid
Uttar_Pradesh,Bahraich,2013,27,2014-02-13,2014-02-18,0.06956836112113944,0.29615443445783574,0.17180722001431645,0.10551458559843067,0,,insufficient_data
Uttar_Pradesh,Bahraich,2013,28,2014-02-18,2014-02-23,0.0786209705785268,0.3083251038014042,0.174142181010546,0.1063993230256138,2,12.895,valid
Uttar_Pradesh,Bahraich,2013,29,2014-02-23,2014-02-28,0.0622458848073776,0.2868559888122824,0.161950637795099,0.0969461848317407,1,9.8,valid
Uttar_Pradesh,Bahraich,2013,30,2014-02-28,2014-03-05,0.0749142891639195,0.2897409635063499,0.17987745838881108,0.11541949180905378,0,,insufficient_data
Uttar_Pradesh,Bahraich,2013,31,2014-03-05,2014-03-10,0.0764867364268506,0.2927448755425433,0.1892426858599341,0.1257960210291465,3,0.6733333333333333,valid
Uttar_Pradesh,Bahraich,2013,32,2014-03-10,2014-03-15,0.08072136992856405,0.27217032699316374,0.18786528292822702,0.1248175169414886,0,,insufficient_data
Uttar_Pradesh,Bahraich,2013,33,2014-03-15,2014-03-20,0.082303564842923,0.2710378858691699,0.1941743288896652,0.1325364383497141,3,1.0333333333333334,valid
Uttar_Pradesh,Bahraich,2013,34,2014-03-20,2014-03-25,0.101849293637105,0.2380425577486593,0.2060934791682097,0.1439914235553531,2,13.0,valid
Uttar_Pradesh,Bahraich,2013,35,2014-03-25,2014-03-30,0.11613627282119372,0.2526190516426816,0.23539713297536746,0.17220034839527884,0,,insufficient_data
Uttar_Pradesh,Bahraich,2013,36,2014-03-30,2014-04-04,0.1217065929828937,0.2506647856244451,0.2434662888022477,0.1821162151014933,3,13.696666666666667,valid
Uttar_Pradesh,Bahraich,2013,37,2014-04-04,2014-04-09,0.1337030634679757,0.2340572986113008,0.2526200185007255,0.1867848784985722,2,0.5,valid
Uttar_Pradesh,Bahraich,2013,38,2014-04-09,2014-04-14,0.1411188491750712,0.2692927303598332,0.2806315495159892,0.2155727864712616,1,0.0,valid
Uttar_Pradesh,Bahraich,2013,39,2014-04-14,2014-04-19,0.1644273214943579,0.2710668247375432,0.305385163961469,0.2338496844557954,1,28.0,valid
Uttar_Pradesh,Bahraich,2013,40,2014-04-19,2014-04-24,0.1504181836053478,0.26214969479315087,0.28764155548377834,0.22150193213145813,0,,insufficient_data
Uttar_Pradesh,Bahraich,2013,41,2014-04-24,2014-04-29,0.1624235002839864,0.2741819254639264,0.3119294899569296,0.2498003791002033,3,0.6699999999999999,valid
Uttar_Pradesh,Bahraich,2013,42,2014-04-29,2014-05-04,0.16342541088917215,0.2726243751007348,0.3086573269591993,0.24182503177799936,0,,insufficient_data
Uttar_Pradesh,Bahraich,2014,0,2014-10-01,2014-10-06,0.0610900127470311,0.3238356510584585,0.1759293525682705,0.0912466133746632,1,3.2,valid
Uttar_Pradesh,Bahraich,2014,1,2014-10-06,2014-10-11,0.06738380366723,0.2960688097094077,0.1818441385545091,0.1030451680403389,3,0.5966666666666667,valid
Uttar_Pradesh,Bahraich,2014,2,2014-10-11,2014-10-16,0.07654579438304472,0.29015542582148657,0.18985215018114152,0.10895462330150382,0,,insufficient_data
Uttar_Pradesh,Bahraich,2014,3,2014-10-16,2014-10-21,0.074066067507287,0.291861901807338,0.1829792623201031,0.1040055310065518,3,1.55,valid
Uttar_Pradesh,Bahraich,2014,4,2014-10-21,2014-10-26,0.0847569372856134,0.2675285326929409,0.1935837763680525,0.1176095377135106,2,3.985,valid
Uttar_Pradesh,Bahraich,2014,5,2014-10-26,2014-10-31,0.0954321507080621,0.2714822338392879,0.2149242210947725,0.1288662663724547,1,0.0,valid
Uttar_Pradesh,Bahraich,2014,6,2014-10-31,2014-11-05,0.1052945859791347,0.2574853742121076,0.2253100887080426,0.1522291373895435,3,0.88,valid
Uttar_Pradesh,Bahraich,2014,7,2014-11-05,2014-11-10,0.10254011037460409,0.2536030426477474,0.21958100105816708,0.14816400625123,0,,insufficient_data
Uttar_Pradesh,Bahraich,2014,8,2014-11-10,2014-11-15,0.112150446400752,0.2458522226630095,0.2339909720416572,0.1666621963128206,3,3.3366666666666664,valid
Uttar_Pradesh,Bahraich,2014,9,2014-11-15,2014-11-20,0.1150664314994582,0.2256668498313911,0.2300959470783108,0.1754528934678206,3,0.3633333333333333,valid
Uttar_Pradesh,Bahraich,2014,10,2014-11-20,2014-11-25,0.12650431189663983,0.22923324173046777,0.22539004499346862,0.16883903757257637,0,,insufficient_data
Uttar_Pradesh,Bahraich,2014,11,2014-11-25,2014-11-30,0.1280485883524435,0.2201758729246271,0.2215535621755511,0.1752580949902877,3,0.65,valid
Uttar_Pradesh,Bahraich,2014,12,2014-11-30,2014-12-05,0.1507517813339056,0.2252380215028433,0.2159196986783554,0.1579829655193766,1,23.0,valid
Uttar_Pradesh,Bahraich,2014,13,2014-12-05,2014-12-10,0.126655380666158,0.21596745047605123,0.2103828807106324,0.16178761318521998,0,,insufficient_data
Uttar_Pradesh,Bahraich,2014,14,2014-12-10,2014-12-15,0.1011657723121249,0.2024884570006833,0.1936753812779908,0.1521217790459956,2,0.435,valid
Uttar_Pradesh,Bahraich,2014,15,2014-12-15,2014-12-20,0.12595877682301526,0.21386323925176332,0.2047975399781731,0.1550523722826861,0,,insufficient_data
Uttar_Pradesh,Bahraich,2014,16,2014-12-20,2014-12-25,0.1011657723121249,0.2024884570006833,0.1936753812779908,0.1521217790459956,0,,insufficient_data
Uttar_Pradesh,Bahraich,2014,17,2014-12-25,2014-12-30,0.1011657723121249,0.2024884570006833,0.1936753812779908,0.1521217790459956,0,,insufficient_data
Uttar_Pradesh,Bahraich,2014,18,2014-12-30,2015-01-04,,,,,0,,insufficient_data
Uttar_Pradesh,Bahraich,2014,19,2015-01-04,2015-01-09,0.074303801007856,0.2793311234577781,0.1700859371000224,0.1116580293443919,0,,insufficient_data
Uttar_Pradesh,Bahraich,2014,20,2015-01-09,2015-01-14,0.074303801007856,0.2793311234577781,0.1700859371000224,0.1116580293443919,1,21.99,missing_bands
Uttar_Pradesh,Bahraich,2014,21,2015-01-14,2015-01-19,0.074303801007856,0.2793311234577781,0.1700859371000224,0.1116580293443919,0,,insufficient_data
Uttar_Pradesh,Bahraich,2014,22,2015-01-19,2015-01-24,0.074303801007856,0.2793311234577781,0.1700859371000224,0.1116580293443919,2,17.775,valid
Uttar_Pradesh,Bahraich,2014,23,2015-01-24,2015-01-29,0.08636350813079174,0.28845087055754026,0.18148610078139304,0.11513190939993476,0,,insufficient_data
Uttar_Pradesh,Bahraich,2014,24,2015-01-29,2015-02-03,0.08542165061791067,0.29224175796901747,0.1797895689956046,0.11328872811516406,0,,insufficient_data
Uttar_Pradesh,Bahraich,2014,25,2015-02-03,2015-02-08,0.0984232152537275,0.2975706176573024,0.1928862644627637,0.1186057894554776,1,12.0,valid
Uttar_Pradesh,Bahraich,2014,26,2015-02-08,2015-02-13,0.0830082472102143,0.29504856890120146,0.17953913652576708,0.11115297375145265,0,,insufficient_data
Uttar_Pradesh,Bahraich,2014,27,2015-02-13,2015-02-18,0.0835379355921485,0.2998235327919719,0.1763965054240277,0.1096023655456227,3,3.11,valid
Uttar_Pradesh,Bahraich,2014,28,2015-02-18,2015-02-23,0.0815241449551342,0.2945328949949592,0.1781313206672284,0.1091355364820633,2,0.5,valid
Uttar_Pradesh,Bahraich,2014,29,2015-02-23,2015-02-28,0.068547693039847,0.2882672301605722,0.1707424555490485,0.107268203522647,1,16.62,valid
Uttar_Pradesh,Bahraich,2014,30,2015-02-28,2015-03-05,0.07827296716017508,0.2814983984732587,0.18090045361251747,0.11573408063360655,0,,insufficient_data
Uttar_Pradesh,Bahraich,2014,31,2015-03-05,2015-03-10,0.07695672505218172,0.2769171148935804,0.18202644065963994,0.11726700940560253,0,,insufficient_data
Uttar_Pradesh,Bahraich,2014,32,2015-03-10,2015-03-15,0.0752765941182238,0.2730871071709245,0.1851923104170321,0.1215086732944463,3,0.6766666666666666,valid
Uttar_Pradesh,Bahraich,2014,33,2015-03-15,2015-03-20,0.0824784680955219,0.2517812272478658,0.1940396760052507,0.1311556243232535,3,1.88,valid
Uttar_Pradesh,Bahraich,2014,34,2015-03-20,2015-03-25,0.08585552617206399,0.24443814385765494,0.19675432053118347,0.13392649510415114,0,,insufficient_data
Uttar_Pradesh,Bahraich,2014,35,2015-03-25,2015-03-30,0.0998115163024463,0.2084460971541745,0.2110309751712676,0.1491151876947536,2,1.0,valid
Uttar_Pradesh,Bahraich,2014,36,2015-03-30,2015-04-04,0.09114499219898409,0.23011366220102014,0.20253532558825915,0.14013540600900354,0,,insufficient_data
Uttar_Pradesh,Bahraich,2014,37,2015-04-04,2015-04-09,0.12048946641161154,0.2270842256089911,0.2450093642495536,0.1816794351298188,0,,insufficient_data
Uttar_Pradesh,Bahraich,2014,38,2015-04-09,2015-04-14,0.13080929585267098,0.23428359805961338,0.26210535858716444,0.19673004539255898,0,,insufficient_data
Uttar_Pradesh,Bahraich,2014,39,2015-04-14,2015-04-19,0.14630818562778336,0.2472023485123328,0.2876425502951129,0.22053747424146164,0,,insufficient_data
Uttar_Pradesh,Bahraich,2014,40,2015-04-19,2015-04-24,0.1411674165207768,0.2457223540638077,0.2789877533278396,0.214243682564884,3,2.89,valid
Uttar_Pradesh,Bahraich,2014,41,2015-04-24,2015-04-29,0.1514489547347899,0.2486823429608579,0.2962973472623861,0.2268312659180393,1,1.0,valid
Uttar_Pradesh,Bahraich,2014,42,2015-04-29,2015-05-04,0.14630818562778336,0.2472023485123328,0.2876425502951129,0.22053747424146164,0,,insufficient_data
Uttar_Pradesh,Bahraich,2015,0,2015-10-01,2015-10-06,0.0738085722405322,0.2958672714066225,0.1986165779523606,0.1152456312941723,3,1.96,valid
Uttar_Pradesh,Bahraich,2015,1,2015-10-06,2015-10-11,0.10229947404077724,0.28703703898718397,0.21695887118616455,0.1316070642176227,0,,insufficient_data
Uttar_Pradesh,Bahraich,2015,2,2015-10-11,2015-10-16,0.0948555333766685,0.2977774518346774,0.2221042013019779,0.1299864980624899,2,9.915,valid
Uttar_Pradesh,Bahraich,2015,3,2015-10-16,2015-10-21,0.1486618258627881,0.2760759039023487,0.2208868341629122,0.1357949129113133,2,6.0,valid
Uttar_Pradesh,Bahraich,2015,4,2015-10-21,2015-10-26,0.0918719646831202,0.2784275288050872,0.2262278713274075,0.1454012146025152,1,1.91,valid
Uttar_Pradesh,Bahraich,2015,5,2015-10-26,2015-10-31,0.11561881977493452,0.2722636684181893,0.23488064683425072,0.15555841411090512,0,,insufficient_data
Uttar_Pradesh,Bahraich,2015,6,2015-10-31,2015-11-05,0.12080964137450101,0.26588522256406727,0.23807475821731894,0.16195139312300888,0,,insufficient_data
Uttar_Pradesh,Bahraich,2015,7,2015-11-05,2015-11-10,0.1143445502062155,0.2598983561546615,0.253975074762017,0.1820311800048129,1,0.01,valid
Uttar_Pradesh,Bahraich,2015,8,2015-11-10,2015-11-15,0.1283602247458803,0.2491391013941717,0.2512092526169391,0.1845782649733942,3,1.11,valid
Uttar_Pradesh,Bahraich,2015,9,2015-11-15,2015-11-20,0.12024174306458643,0.24275693817368255,0.24509628221054255,0.1814546990855997,0,,insufficient_data
Uttar_Pradesh,Bahraich,2015,10,2015-11-20,2015-11-25,0.1216145702265433,0.2316790738753115,0.2453871534902742,0.1865026635205832,3,4.296666666666667,valid
Uttar_Pradesh,Bahraich,2015,11,2015-11-25,2015-11-30,0.1166476270797066,0.2303112212705854,0.22981364797294,0.1727066878436086,2,11.31,valid
Uttar_Pradesh,Bahraich,2015,12,2015-11-30,2015-12-05,0.13751769991978233,0.22635417644046252,0.22766107995823584,0.1727770136290499,0,,insufficient_data
Uttar_Pradesh,Bahraich,2015,13,2015-12-05,2015-12-10,0.1659994778801327,0.2237033284593536,0.2200502602168506,0.1651142082033361,2,16.5,valid
Uttar_Pradesh,Bahraich,2015,14,2015-12-10,2015-12-15,0.1359546134250509,0.22335871821627584,0.21974419901312428,0.16682899596245335,0,,insufficient_data
Uttar_Pradesh,Bahraich,2015,15,2015-12-15,2015-12-20,0.1458091244927467,0.2197230821565997,0.2153932581528786,0.1667844949486717,2,17.11,valid
Uttar_Pradesh,Bahraich,2015,16,2015-12-20,2015-12-25,0.1153622242476177,0.2196972409785647,0.2137196297098279,0.162710592854197,3,0.43,valid
Uttar_Pradesh,Bahraich,2015,17,2015-12-25,2015-12-30,0.11998477791537628,0.22806599195941274,0.20616749136934587,0.15195640645622163,0,,insufficient_data
Uttar_Pradesh,Bahraich,2015,18,2015-12-30,2016-01-04,0.108503803137005,0.2207123354358447,0.1971277267617481,0.1449142679732338,2,15.39,valid
Uttar_Pradesh,Bahraich,2015,19,2016-01-04,2016-01-09,0.1360659017572021,0.2358738939909719,0.2021886146984663,0.1387948490050809,2,3.0,valid
Uttar_Pradesh,Bahraich,2015,20,2016-01-09,2016-01-14,0.0941828359423098,0.2443234072350827,0.2024082275238085,0.1465778274999247,1,4.51,valid
Uttar_Pradesh,Bahraich,2015,21,2016-01-14,2016-01-19,0.10234825284193412,0.24883154905842134,0.19623286200723614,0.13764111452468947,0,,insufficient_data
Uttar_Pradesh,Bahraich,2015,22,2016-01-19,2016-01-24,0.10080936526816639,0.2558613524640655,0.19600914581860812,0.13582282616255342,0,,insufficient_data
Uttar_Pradesh,Bahraich,2015,23,2016-01-24,2016-01-29,0.0859620600341701,0.2702899101875071,0.1865044069102693,0.1276128340418111,3,25.346666666666664,valid
Uttar_Pradesh,Bahraich,2015,24,2016-01-29,2016-02-03,0.0870266633389836,0.2729581984427002,0.1929353341418885,0.1303057941033969,3,9.443333333333332,valid
Uttar_Pradesh,Bahraich,2015,25,2016-02-03,2016-02-08,0.08518306259779837,0.2804076135358297,0.19096400018029092,0.12753399913763705,0,,insufficient_data
Uttar_Pradesh,Bahraich,2015,26,2016-02-08,2016-02-13,0.0866765149146509,0.281949841444568,0.187265520482159,0.1233220477966861,3,0.5966666666666667,valid
Uttar_Pradesh,Bahraich,2015,27,2016-02-13,2016-02-18,0.078953824847244,0.2788616970020946,0.1843046079185203,0.1237535438410519,2,7.76,valid
Uttar_Pradesh,Bahraich,2015,28,2016-02-18,2016-02-23,0.0872962498539433,0.2979784206022788,0.2038101314486175,0.1326757759052393,1,3.0,valid
Uttar_Pradesh,Bahraich,2015,29,2016-02-23,2016-02-28,0.0940467956980864,0.2768721115462977,0.1957056717613922,0.1299648487043571,2,1.5,valid
Uttar_Pradesh,Bahraich,2015,30,2016-02-28,2016-03-04,0.08716754090551022,0.2788526658921323,0.19417635316208348,0.1302266889319655,0,,insufficient_data
Uttar_Pradesh,Bahraich,2015,31,2016-03-04,2016-03-09,0.0883732932227672,0.2616984344178582,0.1928850015198039,0.1345125872772138,3,6.783333333333334,valid
Uttar_Pradesh,Bahraich,2015,32,2016-03-09,2016-03-14,0.10629096110545308,0.25095838126119363,0.2163583193843137,0.15533547806698061,0,,insufficient_data
Uttar_Pradesh,Bahraich,2015,33,2016-03-14,2016-03-19,0.11637513755969109,0.2447145773795517,0.23345852336740353,0.17439843277561226,0,,insufficient_data
Uttar_Pradesh,Bahraich,2015,34,2016-03-19,2016-03-24,0.1160670015382263,0.2479430492228783,0.2349009487263107,0.1753275637978615,3,7.786666666666666,valid
Uttar_Pradesh,Bahraich,2015,35,2016-03-24,2016-03-29,0.1266767539627324,0.2173199298577405,0.241941655529748,0.18153691248849,2,2.5,valid
Uttar_Pradesh,Bahraich,2015,36,2016-03-29,2016-04-03,0.1343835015150384,0.2518968960197298,0.2641064876937515,0.2062166675388838,1,13.4,valid
Uttar_Pradesh,Bahraich,2015,37,2016-04-03,2016-04-08,0.1356338280240381,0.236994506676525,0.260788020515533,0.1992677173839048,2,11.97,valid
Uttar_Pradesh,Bahraich,2015,38,2016-04-08,2016-04-13,0.14839880665076624,0.2518202017879199,0.28095806863663253,0.21963420688732924,0,,insufficient_data
Uttar_Pradesh,Bahraich,2015,39,2016-04-13,2016-04-18,0.1672937740843651,0.2701731182773413,0.3127808434496584,0.2488549042055137,3,0.37,valid
Uttar_Pradesh,Bahraich,2015,40,2016-04-18,2016-04-23,0.1780061756676572,0.282716558108263,0.3251733359944716,0.2622948328198538,3,2.6966666666666668,valid
Uttar_Pradesh,Bahraich,2015,41,2016-04-23,2016-04-28,0.17621425262081772,0.27697667396538556,0.32307694186357894,0.26214877822941124,0,,insufficient_data
Uttar_Pradesh,Bahraich,2015,42,2016-04-28,2016-05-03,0.1833428081104309,0.2780403455105523,0.3312766461466068,0.2752965976628663,2,7.5,valid
Uttar_Pradesh,Bahraich,2016,0,2016-10-01,2016-10-06,0.07009742862357975,0.29751014460096376,0.18567364565173838,0.10318339185987391,0,,insufficient_data
Uttar_Pradesh,Bahraich,2016,1,2016-10-06,2016-10-11,0.0587014667416313,0.3095351128847954,0.1796482078509857,0.0934495940270902,1,3.5,valid
Uttar_Pradesh,Bahraich,2016,2,2016-10-11,2016-10-16,0.0814933905055282,0.2854851763171321,0.1916990834524911,0.1129171896926576,3,3.65,valid
Uttar_Pradesh,Bahraich,2016,3,2016-10-16,2016-10-21,0.09656584075993184,0.2760810111039819,0.2135407154961059,0.13707321262010544,0,,insufficient_data
Uttar_Pradesh,Bahraich,2016,4,2016-10-21,2016-10-26,0.1090623106298372,0.2744493786372837,0.2199514526412085,0.1449149694732655,3,0.66,valid
Uttar_Pradesh,Bahraich,2016,5,2016-10-26,2016-10-31,0.1077083710684751,0.2484848548948618,0.2251279487751674,0.1586337832185142,2,0.37,valid
Uttar_Pradesh,Bahraich,2016,6,2016-10-31,2016-11-05,0.1258636648541874,0.2624505327858366,0.2512768847606768,0.1754505266889996,1,0.0,valid
Uttar_Pradesh,Bahraich,2016,7,2016-11-05,2016-11-10,0.1179784645428582,0.2498013000728411,0.2391780903810658,0.1798815493300891,2,0.055,valid
Uttar_Pradesh,Bahraich,2016,8,2016-11-10,2016-11-15,0.1194713783826394,0.24632870368451848,0.2380126685279978,0.1759898731054162,0,,insufficient_data
Uttar_Pradesh,Bahraich,2016,9,2016-11-15,2016-11-20,0.1238973971958413,0.2423487974055536,0.242899805558568,0.1858886466235947,3,9.573333333333332,valid
Uttar_Pradesh,Bahraich,2016,10,2016-11-20,2016-11-25,0.1219089942518349,0.2285580332634995,0.2315806131645108,0.1800948596658834,3,1.836666666666667,valid
Uttar_Pradesh,Bahraich,2016,11,2016-11-25,2016-11-30,0.1226006941241675,0.2304251010701562,0.23178838008720848,0.17851741749072533,0,,insufficient_data
Uttar_Pradesh,Bahraich,2016,12,2016-11-30,2016-12-05,0.1219956909248263,0.2203684725414155,0.2208847215385466,0.1695687461826979,3,7.239999999999999,valid
Uttar_Pradesh,Bahraich,2016,13,2016-12-05,2016-12-10,0.11382215269481936,0.22143844131377202,0.21922818251708645,0.1669066413642473,0,,insufficient_data
Uttar_Pradesh,Bahraich,2016,14,2016-12-10,2016-12-15,0.10791222443240937,0.22031224298235075,0.20630126930909834,0.15193258562403486,0,,insufficient_data
Uttar_Pradesh,Bahraich,2016,15,2016-12-15,2016-12-20,0.0975617729077969,0.2153888181364011,0.205219212848202,0.1510563182441606,2,1.685,valid
Uttar_Pradesh,Bahraich,2016,16,2016-12-20,2016-12-25,0.17966585051346803,0.3052420581632441,0.2635453681412993,0.19924062753177463,0,,insufficient_data
Uttar_Pradesh,Bahraich,2016,17,2016-12-25,2016-12-30,0.1041792094646049,0.2251794382692357,0.1927998735405464,0.1351726924452461,3,9.873333333333331,valid
Uttar_Pradesh,Bahraich,2016,18,2016-12-30,2017-01-04,0.3372565691680023,0.4751579180840956,0.3926170180351495,0.3114928719059172,1,12.03,valid
Uttar_Pradesh,Bahraich,2016,19,2017-01-04,2017-01-09,0.17271669416105695,0.3171617317374605,0.2558089462921392,0.1893894130988878,0,,insufficient_data
Uttar_Pradesh,Bahraich,2016,20,2017-01-09,2017-01-14,0.0767143038505636,0.2511478388590503,0.1820099473007217,0.1215026749455001,3,0.69,valid
Uttar_Pradesh,Bahraich,2016,21,2017-01-14,2017-01-19,0.16483902313513826,0.33022491894973455,0.2510922049251669,0.1822351921514509,0,,insufficient_data
Uttar_Pradesh,Bahraich,2016,22,2017-01-19,2017-01-24,0.08874215553156077,0.2742800989185649,0.1842671855557766,0.12209195886932245,0,,insufficient_data
Uttar_Pradesh,Bahraich,2016,23,2017-01-24,2017-01-29,0.0805461963868489,0.2643689999060578,0.1786496494396294,0.1137100296029354,2,6.5,valid
Uttar_Pradesh,Bahraich,2016,24,2017-01-29,2017-02-03,0.08771547873532322,0.2904819276244539,0.18301003402590166,0.11948006867333731,0,,insufficient_data
Uttar_Pradesh,Bahraich,2016,25,2017-02-03,2017-02-08,0.1089659663572698,0.3073234579905865,0.1921419599269787,0.1310631720595318,2,13.47,valid
Uttar_Pradesh,Bahraich,2016,26,2017-02-08,2017-02-13,0.073634273461851,0.2997533249767175,0.1782384927110969,0.1136670043575447,3,1.01,valid
Uttar_Pradesh,Bahraich,2016,27,2017-02-13,2017-02-18,0.08285152151865852,0.2957348006258808,0.18404278009830524,0.12146345849238585,0,,insufficient_data
Uttar_Pradesh,Bahraich,2016,28,2017-02-18,2017-02-23,0.0761122301308401,0.2838615193756051,0.1762051437481502,0.1132793858857564,3,3.366666666666667,valid
Uttar_Pradesh,Bahraich,2016,29,2017-02-23,2017-02-28,0.0801063375099749,0.2838595052872101,0.187170712340136,0.1239830223418141,2,0.0,valid
Uttar_Pradesh,Bahraich,2016,30,2017-02-28,2017-03-05,0.0754388001333568,0.3038761954992848,0.1864575917651643,0.1253247078172822,1,0.14,valid
Uttar_Pradesh,Bahraich,2016,31,2017-03-05,2017-03-10,0.086558145195244,0.280365868750942,0.1922742796949711,0.133998214681819,3,9.64,valid
Uttar_Pradesh,Bahraich,2016,32,2017-03-10,2017-03-15,0.09016057113040422,0.27886779494635977,0.19783229629102275,0.13755768035019783,0,,insufficient_data
Uttar_Pradesh,Bahraich,2016,33,2017-03-15,2017-03-20,0.0970445501473856,0.2820951335432961,0.2071488904117864,0.1476047285363753,1,0.11,valid
Uttar_Pradesh,Bahraich,2016,34,2017-03-20,2017-03-25,0.1116550226660598,0.244142271651066,0.2161100072430559,0.1568777283736986,3,1.5766666666666669,valid
Uttar_Pradesh,Bahraich,2016,35,2017-03-25,2017-03-30,0.12653598292842888,0.2534851538851965,0.24353370157088303,0.18384339006670855,0,,insufficient_data
Uttar_Pradesh,Bahraich,2016,36,2017-03-30,2017-04-04,0.1215437791948817,0.2289764235482739,0.2420762272340614,0.1847040953754795,3,4.56,valid
Uttar_Pradesh,Bahraich,2016,37,2017-04-04,2017-04-09,0.1473607315299146,0.2564818093004211,0.26372232372108,0.2037664519321172,2,0.265,valid
Uttar_Pradesh,Bahraich,2016,38,2017-04-09,2017-04-14,0.1550758311039028,0.2557301313829255,0.2886110592444316,0.2262639461158722,1,0.0,valid
Uttar_Pradesh,Bahraich,2016,39,2017-04-14,2017-04-19,0.1528055187385681,0.2622341485341364,0.2989132506946593,0.2313426594747287,3,0.1733333333333333,valid
Uttar_Pradesh,Bahraich,2016,40,2017-04-19,2017-04-24,0.15245179381360668,0.2613112760835228,0.2840276885407015,0.21984579097292495,0,,insufficient_data
Uttar_Pradesh,Bahraich,2016,41,2017-04-24,2017-04-29,0.1545650938820412,0.2707990151166082,0.284864120502635,0.2180101063689817,3,0.1833333333333333,valid
Uttar_Pradesh,Bahraich,2016,42,2017-04-29,2017-05-04,0.15368530631030464,0.2665165818253723,0.2918886855986471,0.2246763829218552,0,,insufficient_data
Uttar_Pradesh,Bahraich,2017,0,2017-10-01,2017-10-06,0.0826130085956922,0.3266944636267152,0.1885572296390187,0.104475721760781,2,22.135,valid
Uttar_Pradesh,Bahraich,2017,1,2017-10-06,2017-10-11,0.0774823377451843,0.2977602404314606,0.1991973049303284,0.1145060493280801,3,5.203333333333333,valid
Uttar_Pradesh,Bahraich,2017,2,2017-10-11,2017-10-16,0.09956765406356698,0.283989947224741,0.21507072012435757,0.1374653913629796,0,,insufficient_data
Uttar_Pradesh,Bahraich,2017,3,2017-10-16,2017-10-21,0.0941668355306687,0.2696768554665796,0.2142503134230861,0.136383831355583,3,0.2599999999999999,valid
Uttar_Pradesh,Bahraich,2017,4,2017-10-21,2017-10-26,0.133676632596109,0.2658385837167425,0.2386266237480912,0.1654444045737394,1,2.0,valid
Uttar_Pradesh,Bahraich,2017,5,2017-10-26,2017-10-31,0.1098994558501807,0.259979592882207,0.2347221288812636,0.1665169497967146,1,2.25,valid
Uttar_Pradesh,Bahraich,2017,6,2017-10-31,2017-11-05,0.1346869567767875,0.2567165685994138,0.2426585801832574,0.1703668408552354,3,3.296666666666667,valid
Uttar_Pradesh,Bahraich,2017,7,2017-11-05,2017-11-10,0.11992151399198461,0.2495927574240775,0.23443247892996238,0.16899592989999807,0,,insufficient_data
Uttar_Pradesh,Bahraich,2017,8,2017-11-10,2017-11-15,0.1086064424045228,0.2350098500960115,0.2312703028623942,0.1730178483908139,2,0.005,valid
Uttar_Pradesh,Bahraich,2017,9,2017-11-15,2017-11-20,0.1127380823323231,0.2304191918260129,0.2248847589748056,0.169633605883487,4,9.505,valid
Uttar_Pradesh,Bahraich,2017,10,2017-11-20,2017-11-25,0.11501999392698133,0.23112757956479213,0.22777153140701545,0.17462745172397987,0,,insufficient_data
Uttar_Pradesh,Bahraich,2017,11,2017-11-25,2017-11-30,0.1237154570440981,0.227953696772352,0.2271595323838465,0.1812309008976387,3,0.02,valid
Uttar_Pradesh,Bahraich,2017,12,2017-11-30,2017-12-05,0.11237297246155598,0.2315620184645787,0.2213859618940994,0.16917405949922926,0,,insufficient_data
Uttar_Pradesh,Bahraich,2017,13,2017-12-05,2017-12-10,0.10698233320477953,0.23229214743083104,0.21451824635786512,0.15902755548229605,0,,insufficient_data
Uttar_Pradesh,Bahraich,2017,14,2017-12-10,2017-12-15,0.1006653780082467,0.2363131667953712,0.2121135943236461,0.1566576717165621,1,0.04,valid
Uttar_Pradesh,Bahraich,2017,15,2017-12-15,2017-12-20,0.24483811224926902,0.3471618414708546,0.3123475411942079,0.24156650157603762,0,,insufficient_data
Uttar_Pradesh,Bahraich,2017,16,2017-12-20,2017-12-25,0.0965661645619938,0.23260957872477,0.2042816123661028,0.1391940938326873,2,14.0,valid
Uttar_Pradesh,Bahraich,2017,17,2017-12-25,2017-12-30,0.5372827941775665,0.5725627788924226,0.5206474168928749,0.4288477391788634,1,22.0,valid
Uttar_Pradesh,Bahraich,2017,18,2017-12-30,2018-01-04,0.3169244793697802,0.40258617880859626,0.3624645146294888,0.2840209165057753,0,,insufficient_data
Uttar_Pradesh,Bahraich,2017,19,2018-01-04,2018-01-09,0.3169244793697802,0.40258617880859626,0.3624645146294888,0.2840209165057753,0,,insufficient_data
Uttar_Pradesh,Bahraich,2017,20,2018-01-09,2018-01-14,0.5372827941775665,0.5725627788924226,0.5206474168928749,0.4288477391788634,0,,insufficient_data
Uttar_Pradesh,Bahraich,2017,21,2018-01-14,2018-01-19,,,,,0,,insufficient_data
Uttar_Pradesh,Bahraich,2017,22,2018-01-19,2018-01-24,,,,,0,,insufficient_data
Uttar_Pradesh,Bahraich,2017,23,2018-01-24,2018-01-29,,,,,0,,insufficient_data
Uttar_Pradesh,Bahraich,2017,24,2018-01-29,2018-02-03,0.0658484560636913,0.2853173062253269,0.1691447166096424,0.1066900411067891,0,,insufficient_data
Uttar_Pradesh,Bahraich,2017,25,2018-02-03,2018-02-08,0.0757900818461312,0.2802473885781046,0.17101752181419885,0.11160717170847576,0,,insufficient_data
Uttar_Pradesh,Bahraich,2017,26,2018-02-08,2018-02-13,0.0851006113808197,0.2878405778671294,0.17795413948678485,0.11615348135535504,0,,insufficient_data
Uttar_Pradesh,Bahraich,2017,27,2018-02-13,2018-02-18,0.0658484560636913,0.2853173062253269,0.1691447166096424,0.1066900411067891,3,0.71,valid
Uttar_Pradesh,Bahraich,2017,28,2018-02-18,2018-02-23,0.0857317076285711,0.2751774709308823,0.1728903270187553,0.1165243023101624,2,6.885,valid
Uttar_Pradesh,Bahraich,2017,29,2018-02-23,2018-02-28,0.1037216704501967,0.303026956445179,0.1918273748319568,0.1252461006491136,1,3.0,valid
Uttar_Pradesh,Bahraich,2017,30,2018-02-28,2018-03-05,0.0815743243928076,0.2896803001364795,0.1871569126045696,0.1269300053403198,3,0.5366666666666666,valid
Uttar_Pradesh,Bahraich,2017,31,2018-03-05,2018-03-10,0.09060290573892493,0.27675749822196294,0.19015660782040195,0.1312338206268547,0,,insufficient_data
Uttar_Pradesh,Bahraich,2017,32,2018-03-10,2018-03-15,0.0841810875561792,0.2681844889444909,0.1908063192704701,0.1340293327871803,3,1.3533333333333333,valid
Uttar_Pradesh,Bahraich,2017,33,2018-03-15,2018-03-20,0.0978057386668701,0.2477182746527829,0.208102105376258,0.1534393620474974,3,0.3366666666666666,valid
Uttar_Pradesh,Bahraich,2017,34,2018-03-20,2018-03-25,0.11500783826319742,0.24514690889724702,0.22394530057528148,0.16543281106040175,0,,insufficient_data
Uttar_Pradesh,Bahraich,2017,35,2018-03-25,2018-03-30,0.117356962460698,0.2355973887180913,0.2247987451432945,0.169106710225155,3,0.3133333333333333,valid
Uttar_Pradesh,Bahraich,2017,36,2018-03-30,2018-04-04,0.1369297412675158,0.2278696822137698,0.2450371338006141,0.18332958803808,1,5.0,valid
Uttar_Pradesh,Bahraich,2017,37,2018-04-04,2018-04-09,0.138765661364724,0.2463647099571002,0.2509821992857707,0.1872590622040961,1,10.36,valid
Uttar_Pradesh,Bahraich,2017,38,2018-04-09,2018-04-14,0.13859974015678922,0.24109730463830664,0.25838033659867354,0.197956372817699,0,,insufficient_data
Uttar_Pradesh,Bahraich,2017,39,2018-04-14,2018-04-19,0.143910434580812,0.24247228361836048,0.26677573446251823,0.20516878846583503,0,,insufficient_data
Uttar_Pradesh,Bahraich,2017,40,2018-04-19,2018-04-24,0.1465746361292958,0.2379441897788234,0.2804962330398179,0.2205617304646002,2,0.5,valid
Uttar_Pradesh,Bahraich,2017,41,2018-04-24,2018-04-29,0.1533716995617125,0.2577105525237485,0.2905873717238703,0.2295247731565637,3,12.463333333333331,valid
Uttar_Pradesh,Bahraich,2017,42,2018-04-29,2018-05-04,0.14997316784550416,0.24782737115128595,0.2855418023818441,0.22504325181058193,0,,insufficient_data
Uttar_Pradesh,Bahraich,2018,0,2018-10-01,2018-10-06,0.0724339469311063,0.2939758613923074,0.1862673153828491,0.1059820826958167,3,5.2,valid
Uttar_Pradesh,Bahraich,2018,1,2018-10-06,2018-10-11,0.09628044882845735,0.2832550823122819,0.21351066352469864,0.13326989320522975,0,,insufficient_data
Uttar_Pradesh,Bahraich,2018,2,2018-10-11,2018-10-16,0.0956786311979183,0.2981958219517082,0.2150678913268243,0.1301778880794139,3,14.21,valid
Uttar_Pradesh,Bahraich,2018,3,2018-10-16,2018-10-21,0.0992162884503639,0.2627587402464278,0.2154177001691086,0.1405190356787015,2,0.67,valid
Uttar_Pradesh,Bahraich,2018,4,2018-10-21,2018-10-26,0.1177929287344409,0.2780899056586842,0.2372897472200125,0.1564005663669869,1,0.0,valid
Uttar_Pradesh,Bahraich,2018,5,2018-10-26,2018-10-31,0.1086064459536211,0.2597406681724803,0.2451513133031186,0.1724460986294728,3,0.0066666666666666,valid
Uttar_Pradesh,Bahraich,2018,6,2018-10-31,2018-11-05,0.11962709623306471,0.25734035155747653,0.234089000838907,0.16205842799295833,0,,insufficient_data
Uttar_Pradesh,Bahraich,2018,7,2018-11-05,2018-11-10,0.1188726030088273,0.2473289127665964,0.2403117014468632,0.1740650751140136,3,0.59,valid
Uttar_Pradesh,Bahraich,2018,8,2018-11-10,2018-11-15,0.1536472150180703,0.2387835309431938,0.2322745420554319,0.1668613641756168,2,8.5,valid
Uttar_Pradesh,Bahraich,2018,9,2018-11-15,2018-11-20,0.12448075228844564,0.22775128815079632,0.22660785363957361,0.1699800627099895,0,,insufficient_data
Uttar_Pradesh,Bahraich,2018,10,2018-11-20,2018-11-25,0.1210755747388865,0.2280864519800239,0.2236008594706795,0.1697221742177857,3,12.453333333333331,valid
Uttar_Pradesh,Bahraich,2018,11,2018-11-25,2018-11-30,0.118558603694899,0.2152813782998295,0.2226095560488906,0.1710180919937333,2,1.0,valid
Uttar_Pradesh,Bahraich,2018,12,2018-11-30,2018-12-05,0.110249764981545,0.2092761667643379,0.2142426091760029,0.1682336080487982,1,1.35,valid
Uttar_Pradesh,Bahraich,2018,13,2018-12-05,2018-12-10,0.1149125301569687,0.2153503983654672,0.2094928834116382,0.163235548210731,3,0.7033333333333333,valid
Uttar_Pradesh,Bahraich,2018,14,2018-12-10,2018-12-15,0.11124929820197442,0.21865839387483557,0.2110916112544944,0.16148617451208103,0,,insufficient_data
Uttar_Pradesh,Bahraich,2018,15,2018-12-15,2018-12-20,0.1084075858474057,0.2272563261456106,0.2151504718240426,0.1645499681122498,3,0.6966666666666667,valid
Uttar_Pradesh,Bahraich,2018,16,2018-12-20,2018-12-25,0.1041180063290536,0.2261276997989326,0.1939625358118979,0.1403936561948928,3,2.44,valid
Uttar_Pradesh,Bahraich,2018,17,2018-12-25,2018-12-30,0.10059336865947603,0.2382012031086232,0.19304108123657293,0.1358755117514513,0,,insufficient_data
Uttar_Pradesh,Bahraich,2018,18,2018-12-30,2019-01-04,0.0960419580314394,0.2280248981898338,0.1875379459446383,0.1325463235148007,3,1.0233333333333332,valid
Uttar_Pradesh,Bahraich,2018,19,2019-01-04,2019-01-09,0.0845091778112641,0.2375182585824684,0.1696031098477765,0.1134802060681581,2,7.449999999999999,valid
Uttar_Pradesh,Bahraich,2018,20,2019-01-09,2019-01-14,0.1098901152782174,0.2720788328262705,0.1989513427545093,0.1284074048671551,1,0.0,valid
Uttar_Pradesh,Bahraich,2018,21,2019-01-14,2019-01-19,0.0736040732271388,0.2600153819198968,0.1714657613052089,0.1124681528457365,1,1.09,valid
Uttar_Pradesh,Bahraich,2018,22,2019-01-19,2019-01-24,0.0817082259313415,0.2646295550358776,0.1742873240855308,0.11201268716040799,0,,insufficient_data
Uttar_Pradesh,Bahraich,2018,23,2019-01-24,2019-01-29,0.0693216314706429,0.2624183795316182,0.1628466283794911,0.1014563923278378,2,2.67,valid
Uttar_Pradesh,Bahraich,2018,24,2019-01-29,2019-02-03,0.0712161318694443,0.291116922319134,0.1685697781406681,0.1042512796931524,2,3.5,valid
Uttar_Pradesh,Bahraich,2018,25,2019-02-03,2019-02-08,0.3739367117119955,0.5390185626852888,0.290047247571372,0.181319373332601,0,,insufficient_data
Uttar_Pradesh,Bahraich,2018,26,2019-02-08,2019-02-13,0.0678458027233831,0.2975776985583503,0.1605890857460159,0.0941187863479841,3,9.486666666666666,valid
Uttar_Pradesh,Bahraich,2018,27,2019-02-13,2019-02-18,1.6021946161516487,1.533003041518202,0.7956494017085669,0.5101829800302042,1,13.0,valid
Uttar_Pradesh,Bahraich,2018,28,2019-02-18,2019-02-23,0.0591053763448584,0.3109767714991391,0.162581343882118,0.0965874282638266,1,13.15,valid
Uttar_Pradesh,Bahraich,2018,29,2019-02-23,2019-02-28,0.0659609753574368,0.2945038093210286,0.1648508250789024,0.1041166425633408,2,14.025,valid
Uttar_Pradesh,Bahraich,2018,30,2019-02-28,2019-03-05,0.3735400029103721,0.5442770890225807,0.29471456963326587,0.18741417971419586,0,,insufficient_data
Uttar_Pradesh,Bahraich,2018,31,2019-03-05,2019-03-10,0.0671002112286006,0.2962194970524244,0.171207454703963,0.1051875455395733,3,4.0633333333333335,valid
Uttar_Pradesh,Bahraich,2018,32,2019-03-10,2019-03-15,0.0733388354693161,0.2866823257221086,0.1792838227927789,0.1209963021740342,1,4.47,valid
Uttar_Pradesh,Bahraich,2018,33,2019-03-15,2019-03-20,0.08722166752866703,0.26656140305707865,0.19339959031977041,0.1321459923901292,0,,insufficient_data
Uttar_Pradesh,Bahraich,2018,34,2019-03-20,2019-03-25,0.0896417915867991,0.2830197258314712,0.20273167446701,0.139590498909089,2,7.54,valid
Uttar_Pradesh,Bahraich,2018,35,2019-03-25,2019-03-30,0.0924363602181368,0.2270886764525981,0.1949262852020846,0.1387068742041654,2,3.185,valid
Uttar_Pradesh,Bahraich,2018,36,2019-03-30,2019-04-04,0.1135911391404825,0.2397967902267909,0.2188487144330155,0.1562487411237841,1,9.0,valid
Uttar_Pradesh,Bahraich,2018,37,2019-04-04,2019-04-09,0.1460602601905185,0.2245693269595518,0.2270011933061021,0.1583206936969809,1,16.0,valid
Uttar_Pradesh,Bahraich,2018,38,2019-04-09,2019-04-14,0.1253862958523812,0.23658895163711127,0.236388184501589,0.17069145905409028,0,,insufficient_data
Uttar_Pradesh,Bahraich,2018,39,2019-04-14,2019-04-19,0.1324698756089044,0.2375145167803197,0.2559887461875519,0.1873910712034419,3,1.406666666666667,valid
Uttar_Pradesh,Bahraich,2018,40,2019-04-19,2019-04-24,0.1423738441038639,0.2539754477662959,0.2851759833791907,0.2127899150420791,3,9.023333333333332,valid
Uttar_Pradesh,Bahraich,2018,41,2019-04-24,2019-04-29,0.13742185985638417,0.2457449822733078,0.2705823647833713,0.2000904931227605,0,,insufficient_data
Uttar_Pradesh,Bahraich,2018,42,2019-04-29,2019-05-04,0.13742185985638417,0.2457449822733078,0.2705823647833713,0.2000904931227605,0,,insufficient_data
Uttar_Pradesh,Bahraich,2019,0,2019-10-01,2019-10-06,0.0689914295484337,0.3037738850551252,0.1813602248691155,0.09915574114107446,0,,insufficient_data
Uttar_Pradesh,Bahraich,2019,1,2019-10-06,2019-10-11,0.0595265741576579,0.3106171488605258,0.1729766010750471,0.0902116632177007,3,11.21,valid
Uttar_Pradesh,Bahraich,2019,2,2019-10-11,2019-10-16,0.0808611105673091,0.3006012437408046,0.1859811444443296,0.1015891922004593,2,2.5,valid
Uttar_Pradesh,Bahraich,2019,3,2019-10-16,2019-10-21,0.0665866039203341,0.3001032625640453,0.1851229290879698,0.1056663680050634,1,0.74,valid
Uttar_Pradesh,Bahraich,2019,4,2019-10-21,2019-10-26,0.0883791911438118,0.2880957129959775,0.2085884854038074,0.1277472205310142,2,2.305,valid
Uttar_Pradesh,Bahraich,2019,5,2019-10-26,2019-10-31,0.09445697774421302,0.2816688379981621,0.20948349158116536,0.13028449149326599,0,,insufficient_data
Uttar_Pradesh,Bahraich,2019,6,2019-10-31,2019-11-05,0.1301590119803609,0.2796724555658634,0.2316820310086007,0.1547890563264991,2,2.085,valid
Uttar_Pradesh,Bahraich,2019,7,2019-11-05,2019-11-10,0.1062989711092492,0.2398715151241198,0.2360428679611194,0.1616306204032939,3,13.036666666666669,valid
Uttar_Pradesh,Bahraich,2019,8,2019-11-10,2019-11-15,0.11316526922232675,0.24494220186075474,0.22049965412923178,0.15513922605796596,0,,insufficient_data
Uttar_Pradesh,Bahraich,2019,9,2019-11-15,2019-11-20,0.1070143162636306,0.2304690180864022,0.2318854966959681,0.1720325727126443,1,0.08,valid
Uttar_Pradesh,Bahraich,2019,10,2019-11-20,2019-11-25,0.1091887775360663,0.2297558186666336,0.1823882208512389,0.1321046547894266,1,29.39,valid
Uttar_Pradesh,Bahraich,2019,11,2019-11-25,2019-11-30,0.11218256888951944,0.22507778628012712,0.21072769605567243,0.15949802197948498,0,,insufficient_data
Uttar_Pradesh,Bahraich,2019,12,2019-11-30,2019-12-05,0.1173299303498625,0.2240202857611479,0.2201398458119186,0.1730541367336895,3,1.153333333333333,valid
Uttar_Pradesh,Bahraich,2019,13,2019-12-05,2019-12-10,0.11161716799377518,0.2263167011170327,0.20276012571016053,0.15192492438223598,0,,insufficient_data
Uttar_Pradesh,Bahraich,2019,14,2019-12-10,2019-12-15,0.1151972514085183,0.2160660226063248,0.2084972208635641,0.1608007236821795,3,5.78,valid
Uttar_Pradesh,Bahraich,2019,15,2019-12-15,2019-12-20,0.1047527126806536,0.2354246774340245,0.2000152153139205,0.1417401823236483,1,26.96,valid
Uttar_Pradesh,Bahraich,2019,16,2019-12-20,2019-12-25,0.09934040361828071,0.22893981111349127,0.19663986147823878,0.14020370506043736,0,,insufficient_data
Uttar_Pradesh,Bahraich,2019,17,2019-12-25,2019-12-30,0.09934040361828071,0.22893981111349127,0.19663986147823878,0.14020370506043736,0,,insufficient_data
Uttar_Pradesh,Bahraich,2019,18,2019-12-30,2020-01-04,0.0914119797231619,0.2353767053670745,0.19071118178557617,0.12990519574956624,0,,insufficient_data
Uttar_Pradesh,Bahraich,2019,19,2020-01-04,2020-01-09,0.0780712467656702,0.2353287333001245,0.1814071482572318,0.1180702091754842,1,9.0,valid
Uttar_Pradesh,Bahraich,2019,20,2020-01-09,2020-01-14,0.3297675640965036,0.4415108749967323,0.3071008957275314,0.2088228352073461,0,,insufficient_data
Uttar_Pradesh,Bahraich,2019,21,2020-01-14,2020-01-19,0.3297675640965036,0.4415108749967323,0.3071008957275314,0.2088228352073461,0,,insufficient_data
Uttar_Pradesh,Bahraich,2019,22,2020-01-19,2020-01-24,0.8217233817406978,0.797307907640662,0.5733714772692269,0.4051772088128724,1,10.0,valid
Uttar_Pradesh,Bahraich,2019,23,2020-01-24,2020-01-29,0.0895080637831427,0.2918959840494106,0.1665240616561355,0.1032210876336817,1,29.07,valid
Uttar_Pradesh,Bahraich,2019,24,2020-01-29,2020-02-03,0.22965490998807572,0.39533673957839527,0.2479856764590443,0.16247743971226614,0,,insufficient_data
Uttar_Pradesh,Bahraich,2019,25,2020-02-03,2020-02-08,0.0674390679300542,0.2944151327872686,0.1635042250221718,0.0977067079342259,3,1.65,valid
Uttar_Pradesh,Bahraich,2019,26,2020-02-08,2020-02-13,0.0667002180337808,0.2817608004709063,0.1596744649538196,0.1019636640835803,2,2.915,valid
Uttar_Pradesh,Bahraich,2019,27,2020-02-13,2020-02-18,0.1029038184527032,0.3113038729437289,0.1768541533938676,0.1043185300969705,1,6.0,valid
Uttar_Pradesh,Bahraich,2019,28,2020-02-18,2020-02-23,0.1184184876912019,0.284634420243894,0.1829585272256937,0.1187330467248934,1,26.0,valid
Uttar_Pradesh,Bahraich,2019,29,2020-02-23,2020-02-28,0.08276870212401025,0.2974042743296391,0.16855771723006385,0.101341394681663,0,,insufficient_data
Uttar_Pradesh,Bahraich,2019,30,2020-02-28,2020-03-04,0.0676034063078603,0.3150179969729196,0.166687103695368,0.0931020065089657,2,11.5,valid
Uttar_Pradesh,Bahraich,2019,31,2020-03-04,2020-03-09,0.058217580134505,0.294304281016747,0.1566143368815704,0.0885897259939051,2,13.105,valid
Uttar_Pradesh,Bahraich,2019,32,2020-03-09,2020-03-14,0.07515165466046372,0.2895169908104309,0.17253604101942996,0.10281656512843104,0,,insufficient_data
Uttar_Pradesh,Bahraich,2019,33,2020-03-14,2020-03-19,0.0862981433321964,0.3171648546214188,0.1665272032742155,0.0967229787687585,1,4.0,valid
Uttar_Pradesh,Bahraich,2019,34,2020-03-19,2020-03-24,0.0838002140116977,0.2547424380303862,0.1810466271023125,0.1118096757182514,2,2.0,valid
Uttar_Pradesh,Bahraich,2019,35,2020-03-24,2020-03-29,0.0798389295160592,0.2663553834106832,0.1918049341436834,0.1238584386522745,1,13.2,valid
Uttar_Pradesh,Bahraich,2019,36,2020-03-29,2020-04-03,0.1029849882157209,0.2394385863679309,0.2173567271655154,0.1539214304350143,3,1.3066666666666666,valid
Uttar_Pradesh,Bahraich,2019,37,2020-04-03,2020-04-08,0.1047185327315657,0.2531393791916609,0.22349413957625258,0.15590015488064873,0,,insufficient_data
Uttar_Pradesh,Bahraich,2019,38,2020-04-08,2020-04-13,0.1283470550562497,0.2580284534032465,0.2636385502601211,0.1966247449054813,1,4.22,valid
Uttar_Pradesh,Bahraich,2019,39,2020-04-13,2020-04-18,0.1286214768581011,0.2471320347460577,0.2636238592096305,0.1932864846922221,2,1.6800000000000002,valid
Uttar_Pradesh,Bahraich,2019,40,2020-04-18,2020-04-23,0.13164314184568618,0.24987743257574732,0.26810780915296795,0.19947338258911632,0,,insufficient_data
Uttar_Pradesh,Bahraich,2019,41,2020-04-23,2020-04-28,0.1379608936227078,0.2444718095779378,0.2770610179891523,0.2085089181696456,2,2.5,valid
Uttar_Pradesh,Bahraich,2019,42,2020-04-28,2020-05-03,0.13329118524040445,0.24580192216199775,0.2703424385993914,0.20089770143093383,0,,insufficient_data
Uttar_Pradesh,Bahraich,2020,0,2020-10-01,2020-10-06,0.0658232098133785,0.2985232950053854,0.1767858051276637,0.0944053168812239,3,4.41,valid
Uttar_Pradesh,Bahraich,2020,1,2020-10-06,2020-10-11,0.0800688207381792,0.2721252319883534,0.1972559204627183,0.1200401956918034,4,0.4775,valid
Uttar_Pradesh,Bahraich,2020,2,2020-10-11,2020-10-16,0.09800385043545974,0.265602648914514,0.2202779582049649,0.1465411134679367,0,,insufficient_data
Uttar_Pradesh,Bahraich,2020,3,2020-10-16,2020-10-21,0.1024348799286955,0.2579583934649009,0.2318170737608188,0.1570676125435085,3,0.4966666666666666,valid
Uttar_Pradesh,Bahraich,2020,4,2020-10-21,2020-10-26,0.1117002014510911,0.2432710075505724,0.2404738506631473,0.1772207176221316,2,0.1149999999999999,valid
Uttar_Pradesh,Bahraich,2020,5,2020-10-26,2020-10-31,0.1299921402459544,0.2561353165633581,0.2550571410104765,0.1839717246010161,2,0.0,valid
Uttar_Pradesh,Bahraich,2020,6,2020-10-31,2020-11-05,0.1410014323749698,0.2323038661553134,0.2361413650500547,0.1702638816193712,2,5.5,valid
Uttar_Pradesh,Bahraich,2020,7,2020-11-05,2020-11-10,0.12402375273412651,0.23823433499326535,0.23764290450089712,0.1746609239253507,0,,insufficient_data
Uttar_Pradesh,Bahraich,2020,8,2020-11-10,2020-11-15,0.1151725899133917,0.2228567053167725,0.232318012813997,0.1772042136730529,4,2.13,valid
Uttar_Pradesh,Bahraich,2020,9,2020-11-15,2020-11-20,0.1222523996852256,0.2366047793803104,0.22422415296681,0.1646440821111817,3,5.483333333333333,valid
Uttar_Pradesh,Bahraich,2020,10,2020-11-20,2020-11-25,0.1222552693476554,0.22575733633826772,0.22249707836710808,0.17006523341953483,0,,insufficient_data
Uttar_Pradesh,Bahraich,2020,11,2020-11-25,2020-11-30,0.1218818484482117,0.2263492342883021,0.2249072152139754,0.1762270333947763,3,10.39,valid
Uttar_Pradesh,Bahraich,2020,12,2020-11-30,2020-12-05,0.1370718870162154,0.2157353110119392,0.2065624855367963,0.1549360598908727,2,1.0,valid
Uttar_Pradesh,Bahraich,2020,13,2020-12-05,2020-12-10,0.1148976216752327,0.2272406516940144,0.2244735253039618,0.1773147780277906,1,0.26,valid
Uttar_Pradesh,Bahraich,2020,14,2020-12-10,2020-12-15,0.1039305012493517,0.2210704705519399,0.2080045248190885,0.1522246458013142,2,6.0,valid
Uttar_Pradesh,Bahraich,2020,15,2020-12-15,2020-12-20,0.11347538715312078,0.2212497665520758,0.20259074041509256,0.15023453811506687,0,,insufficient_data
Uttar_Pradesh,Bahraich,2020,16,2020-12-20,2020-12-25,0.09705890901523892,0.22867287159130145,0.1943380401373094,0.13968562474944496,0,,insufficient_data
Uttar_Pradesh,Bahraich,2020,17,2020-12-25,2020-12-30,0.0980015386716833,0.2209526329504097,0.1713224260005237,0.11646266874029,4,6.0975,valid
Uttar_Pradesh,Bahraich,2020,18,2020-12-30,2021-01-04,0.23400698874161527,0.33821878920857656,0.2900974293493739,0.21694522219821422,0,,insufficient_data
Uttar_Pradesh,Bahraich,2020,19,2021-01-04,2021-01-09,0.071405974464688,0.2454277311688418,0.1735516844256636,0.112740406428385,1,2.23,valid
Uttar_Pradesh,Bahraich,2020,20,2021-01-09,2021-01-14,0.23400698874161527,0.33821878920857656,0.2900974293493739,0.21694522219821422,0,,insufficient_data
Uttar_Pradesh,Bahraich,2020,21,2021-01-14,2021-01-19,0.5326134530884744,0.5482760035064781,0.5254181776219343,0.4216325914259677,1,6.0,valid
Uttar_Pradesh,Bahraich,2020,22,2021-01-19,2021-01-24,0.3125560975205595,0.42013861826960786,0.3528373628598617,0.27559637222650835,0,,insufficient_data
Uttar_Pradesh,Bahraich,2020,23,2021-01-24,2021-01-29,0.3929394718725167,0.4783755806365299,0.41259925567126104,0.32988169415921614,0,,insufficient_data
Uttar_Pradesh,Bahraich,2020,24,2021-01-29,2021-02-03,0.5844001674430316,0.6134936175458475,0.5545102467581519,0.4696790155902471,1,3.0,valid
Uttar_Pradesh,Bahraich,2020,25,2021-02-03,2021-02-08,0.061804795086044,0.273357120857264,0.157869342633697,0.0983334754614336,3,1.0,valid
Uttar_Pradesh,Bahraich,2020,26,2021-02-08,2021-02-13,0.19827856822954673,0.34806260900661995,0.25039844495633223,0.18412536828983206,0,,insufficient_data
Uttar_Pradesh,Bahraich,2020,27,2021-02-13,2021-02-18,0.0856718757861067,0.2713789207119421,0.1593445636971102,0.0981820493586455,3,5.04,valid
Uttar_Pradesh,Bahraich,2020,28,2021-02-18,2021-02-23,0.176829235597298,0.3016586868764932,0.2025473295023997,0.1368250059716524,2,2.0,valid
Uttar_Pradesh,Bahraich,2020,29,2021-02-23,2021-02-28,0.0826867672352534,0.2804246990415528,0.1777207421903024,0.1176072950671817,1,0.02,valid
Uttar_Pradesh,Bahraich,2020,30,2021-02-28,2021-03-05,0.0734500962673175,0.2778329469901037,0.1726580128993431,0.1161363425814378,4,0.86,valid
Uttar_Pradesh,Bahraich,2020,31,2021-03-05,2021-03-10,0.10794741918312771,0.27428672552355315,0.18854002308087722,0.1299962263550629,0,,insufficient_data
Uttar_Pradesh,Bahraich,2020,32,2021-03-10,2021-03-15,0.0850407212899702,0.2667320202653612,0.184236519104658,0.1260566987929167,3,14.496666666666664,valid
Uttar_Pradesh,Bahraich,2020,33,2021-03-15,2021-03-20,0.1217302755257995,0.2447852744442546,0.205537511707683,0.1533557893621259,2,11.46,valid
Uttar_Pradesh,Bahraich,2020,34,2021-03-20,2021-03-25,0.1210980849099558,0.244684204495003,0.2230618444299856,0.16625617043169,0,,insufficient_data
Uttar_Pradesh,Bahraich,2020,35,2021-03-25,2021-03-30,0.1219449734176732,0.2387174846177403,0.2260387930630271,0.1702560751254088,3,3.8966666666666665,valid
Uttar_Pradesh,Bahraich,2020,36,2021-03-30,2021-04-04,0.1264665915308397,0.2325432389798712,0.2449007275652796,0.1894683245676756,2,0.135,valid
Uttar_Pradesh,Bahraich,2020,37,2021-04-04,2021-04-09,0.1503078627854963,0.2406430041677877,0.2545956707092804,0.1921439643103231,2,5.0,valid
Uttar_Pradesh,Bahraich,2020,38,2021-04-09,2021-04-14,0.165793781784697,0.2631925330149565,0.2865478311374489,0.2245337671084337,3,7.146666666666667,valid
Uttar_Pradesh,Bahraich,2020,39,2021-04-14,2021-04-19,0.15537097939477712,0.2566463625547736,0.2809681648323939,0.22129781211355462,0,,insufficient_data
Uttar_Pradesh,Bahraich,2020,40,2021-04-19,2021-04-24,0.1705475316462128,0.2789761642677265,0.3105764248384157,0.2488185842623421,4,1.45,valid
Uttar_Pradesh,Bahraich,2020,41,2021-04-24,2021-04-29,0.1637391292266399,0.2678768723435262,0.3082201699115448,0.2515244203189986,3,0.0666666666666666,valid
Uttar_Pradesh,Bahraich,2020,42,2021-04-29,2021-05-04,0.16714333043642637,0.27342651830562636,0.30939829737498026,0.2501715022906703,0,,insufficient_data
Uttar_Pradesh,Bahraich,2021,0,2021-10-01,2021-10-06,0.0650163145523161,0.2991170826086835,0.1792159651848946,0.0977400736000091,0,,insufficient_data
Uttar_Pradesh,Bahraich,2021,1,2021-10-06,2021-10-11,0.07250007231148256,0.2896893572349528,0.1715727399443719,0.0928487767862045,0,,insufficient_data
Uttar_Pradesh,Bahraich,2021,2,2021-10-11,2021-10-16,0.0650163145523161,0.2991170826086835,0.1792159651848946,0.0977400736000091,2,15.845,valid
Uttar_Pradesh,Bahraich,2021,3,2021-10-16,2021-10-21,0.08388816867549131,0.26487250898385734,0.18812012070289852,0.11358272270965189,0,,insufficient_data
Uttar_Pradesh,Bahraich,2021,4,2021-10-21,2021-10-26,0.079983830070649,0.2802616318612221,0.1639295147038492,0.0879574799723999,1,26.82,valid
Uttar_Pradesh,Bahraich,2021,5,2021-10-26,2021-10-31,0.0908296370206335,0.2444681709251051,0.1936575638590297,0.1231671610667266,2,0.405,valid
Uttar_Pradesh,Bahraich,2021,6,2021-10-31,2021-11-05,0.0997228930583666,0.2356431505404186,0.2156774390638205,0.145466176199472,2,4.205,valid
Uttar_Pradesh,Bahraich,2021,7,2021-11-05,2021-11-10,0.1009390436177997,0.242189840652407,0.214400910905292,0.1482120892915713,2,12.655,valid
Uttar_Pradesh,Bahraich,2021,8,2021-11-10,2021-11-15,0.102651403108052,0.2240798066171443,0.2150885733449545,0.1558166367597496,2,11.475,valid
Uttar_Pradesh,Bahraich,2021,9,2021-11-15,2021-11-20,0.10222589678851239,0.22368015756646753,0.21239280576935218,0.15364448432905425,0,,insufficient_data
Uttar_Pradesh,Bahraich,2021,10,2021-11-20,2021-11-25,0.1035905517849618,0.2156452944432074,0.2182922919045279,0.1656726972781266,1,1.07,valid
Uttar_Pradesh,Bahraich,2021,11,2021-11-25,2021-11-30,0.1042255923733819,0.2008426955791602,0.1985048136281659,0.1530548221163518,2,3.605,valid
Uttar_Pradesh,Bahraich,2021,12,2021-11-30,2021-12-05,0.10251159123228953,0.2101479229664715,0.20508809594047417,0.157022909459343,0,,insufficient_data
Uttar_Pradesh,Bahraich,2021,13,2021-12-05,2021-12-10,0.101338411201962,0.20913061429218,0.2031398320440337,0.1563383207717267,3,0.6633333333333333,valid
Uttar_Pradesh,Bahraich,2021,14,2021-12-10,2021-12-15,0.10101784184764857,0.21039212805577637,0.1981017254690136,0.1508882469000962,0,,insufficient_data
Uttar_Pradesh,Bahraich,2021,15,2021-12-15,2021-12-20,0.1008918095688524,0.2149730875513385,0.2004154461851691,0.1530257976711668,3,1.06,valid
Uttar_Pradesh,Bahraich,2021,16,2021-12-20,2021-12-25,0.097615554246398,0.2166221148004268,0.1903468100186858,0.1411340470411395,3,7.026666666666667,valid
Uttar_Pradesh,Bahraich,2021,17,2021-12-25,2021-12-30,0.09925368190762521,0.21579760117588265,0.19538112810192745,0.14707992235615314,0,,insufficient_data
Uttar_Pradesh,Bahraich,2021,18,2021-12-30,2022-01-04,0.09925368190762521,0.21579760117588265,0.19538112810192745,0.14707992235615314,0,,insufficient_data
Uttar_Pradesh,Bahraich,2021,19,2022-01-04,2022-01-09,0.097615554246398,0.2166221148004268,0.1903468100186858,0.1411340470411395,0,,insufficient_data
Uttar_Pradesh,Bahraich,2021,20,2022-01-09,2022-01-14,,,,,0,,insufficient_data
Uttar_Pradesh,Bahraich,2021,21,2022-01-14,2022-01-19,0.1269431396997661,0.3414858148238182,0.2172597698439523,0.1504859297510503,0,,insufficient_data
Uttar_Pradesh,Bahraich,2021,22,2022-01-19,2022-01-24,0.1269431396997661,0.3414858148238182,0.2172597698439523,0.1504859297510503,0,,insufficient_data
Uttar_Pradesh,Bahraich,2021,23,2022-01-24,2022-01-29,0.088782106489219,0.315889938311292,0.1840705358263336,0.11765974219823644,0,,insufficient_data
Uttar_Pradesh,Bahraich,2021,24,2022-01-29,2022-02-03,0.1269431396997661,0.3414858148238182,0.2172597698439523,0.1504859297510503,1,21.46,valid
Uttar_Pradesh,Bahraich,2021,25,2022-02-03,2022-02-08,0.07449919688979008,0.3065035656534286,0.17242909600178813,0.1072534024763257,0,,insufficient_data
Uttar_Pradesh,Bahraich,2021,26,2022-02-08,2022-02-13,0.0506210732786719,0.2902940617987657,0.1508813018087149,0.0848335546454226,1,1.3,valid
Uttar_Pradesh,Bahraich,2021,27,2022-02-13,2022-02-18,0.0601714559964776,0.287567990796783,0.1555310011624795,0.0939439524538939,2,1.29,valid
Uttar_Pradesh,Bahraich,2021,28,2022-02-18,2022-02-23,0.0602611185842447,0.3066663951943476,0.1660443111920058,0.099750173054936,1,0.2,valid
Uttar_Pradesh,Bahraich,2021,29,2022-02-23,2022-02-28,0.0694921495769966,0.3062106412088565,0.1717415212763075,0.1076007782320839,3,11.343333333333334,valid
Uttar_Pradesh,Bahraich,2021,30,2022-02-28,2022-03-05,0.0664618930725573,0.2999568374477176,0.1696209764026663,0.10601253567393631,0,,insufficient_data
Uttar_Pradesh,Bahraich,2021,31,2022-03-05,2022-03-10,0.0677993798080772,0.3037350298926087,0.1736948635258713,0.1114003995742227,3,0.5866666666666666,valid
Uttar_Pradesh,Bahraich,2021,32,2022-03-10,2022-03-15,0.0745853613969904,0.2956041301459925,0.1810931848566673,0.117367375054545,1,0.01,valid
Uttar_Pradesh,Bahraich,2021,33,2022-03-15,2022-03-20,0.08823245470097746,0.2651800972945359,0.19452625377437335,0.13374083372911344,0,,insufficient_data
Uttar_Pradesh,Bahraich,2021,34,2022-03-20,2022-03-25,0.0843944786098067,0.2554139446721185,0.1923765099246918,0.1329098567888142,3,1.7166666666666668,valid
Uttar_Pradesh,Bahraich,2021,35,2022-03-25,2022-03-30,0.1030617349561328,0.2284049945115507,0.2052109997342447,0.1484601228275769,2,0.33,valid
Uttar_Pradesh,Bahraich,2021,36,2022-03-30,2022-04-04,0.1113213187338802,0.2427423872504091,0.2202557108303917,0.1585664144004083,1,8.93,valid
Uttar_Pradesh,Bahraich,2021,37,2022-04-04,2022-04-09,0.1131137255852786,0.2225026419768965,0.2401875256828633,0.1827420003203439,3,8.496666666666666,valid
Uttar_Pradesh,Bahraich,2021,38,2022-04-09,2022-04-14,0.12383392142453849,0.24436623138721902,0.2479000445495067,0.185576546855248,0,,insufficient_data
Uttar_Pradesh,Bahraich,2021,39,2022-04-14,2022-04-19,0.1399889424478661,0.2546974337199088,0.2727050034972415,0.2047756365560406,3,8.87,valid
Uttar_Pradesh,Bahraich,2021,40,2022-04-19,2022-04-24,0.1516838853995347,0.27348369947733,0.3011409830027925,0.2333385601718702,3,3.9066666666666663,valid
Uttar_Pradesh,Bahraich,2021,41,2022-04-24,2022-04-29,0.1458364139237004,0.2640905665986194,0.286922993250017,0.21905709836395543,0,,insufficient_data
Uttar_Pradesh,Bahraich,2021,42,2022-04-29,2022-05-04,0.1458364139237004,0.2640905665986194,0.286922993250017,0.21905709836395543,0,,insufficient_data
Uttar_Pradesh,Bahraich,2022,0,2022-10-01,2022-10-06,0.06149405334933825,0.2470711402180163,0.1420820925509769,0.07740579529250805,0,,insufficient_data
Uttar_Pradesh,Bahraich,2022,1,2022-10-06,2022-10-11,0.0641910065461152,0.2432423760150424,0.14959390204806874,0.08452164196845653,0,,insufficient_data
Uttar_Pradesh,Bahraich,2022,2,2022-10-11,2022-10-16,0.0601398902338955,0.2423034053125433,0.1354951655501064,0.0728645972323455,2,3.18,valid
Uttar_Pradesh,Bahraich,2022,3,2022-10-16,2022-10-21,0.062848216464781,0.2518388751234893,0.1486690195518474,0.0819469933526706,1,6.1,valid
Uttar_Pradesh,Bahraich,2022,4,2022-10-21,2022-10-26,0.0695849129396691,0.2355848476090946,0.1646175210422524,0.0987533353203535,3,0.3233333333333333,valid
Uttar_Pradesh,Bahraich,2022,5,2022-10-26,2022-10-31,0.07388383028213226,0.2377138619781946,0.16819058055158037,0.10251257164901936,0,,insufficient_data
Uttar_Pradesh,Bahraich,2022,6,2022-10-31,2022-11-05,0.0853023801339391,0.2307737619092788,0.1867910077982967,0.1208808074868532,3,0.3733333333333333,valid
Uttar_Pradesh,Bahraich,2022,7,2022-11-05,2022-11-10,0.0915437516383766,0.2280684199365671,0.2053801888153989,0.138117124852874,3,9.243333333333332,valid
Uttar_Pradesh,Bahraich,2022,8,2022-11-10,2022-11-15,0.09644198944280205,0.21842684059860953,0.20285347998827352,0.14495414643735757,0,,insufficient_data
Uttar_Pradesh,Bahraich,2022,9,2022-11-15,2022-11-20,0.0993547315895283,0.220138051269776,0.2134589848351369,0.1554962682358745,3,7.11,valid
Uttar_Pradesh,Bahraich,2022,10,2022-11-20,2022-11-25,0.1020845372176285,0.2010209810635011,0.197923938741049,0.1501727098106708,2,1.225,valid
Uttar_Pradesh,Bahraich,2022,11,2022-11-25,2022-11-30,0.1039245466345377,0.2121329888139246,0.2107132797514861,0.1601038218005154,1,0.55,valid
Uttar_Pradesh,Bahraich,2022,12,2022-11-30,2022-12-05,0.1049328462442266,0.2057203673859413,0.2028820955951507,0.1563141071482786,3,0.9233333333333332,valid
Uttar_Pradesh,Bahraich,2022,13,2022-12-05,2022-12-10,0.10108108710884248,0.20870040756417968,0.20016094454523947,0.15119217646067784,0,,insufficient_data
Uttar_Pradesh,Bahraich,2022,14,2022-12-10,2022-12-15,0.1037209984470735,0.2050383806743144,0.2004217508289975,0.156207992628463,3,0.5800000000000001,valid
Uttar_Pradesh,Bahraich,2022,15,2022-12-15,2022-12-20,0.090742507000746,0.219589319883217,0.188863657809514,0.1331622509154614,2,11.51,valid
Uttar_Pradesh,Bahraich,2022,16,2022-12-20,2022-12-25,0.09132074544511809,0.21976969488822826,0.18937186064358735,0.13689918669455028,0,,insufficient_data
Uttar_Pradesh,Bahraich,2022,17,2022-12-25,2022-12-30,0.0794987308875348,0.2346813841071533,0.1788301732922506,0.1213273165397265,1,14.1,valid
Uttar_Pradesh,Bahraich,2022,18,2022-12-30,2023-01-04,0.0851206189441404,0.22713535199518514,0.18384691555088228,0.12724478372759396,0,,insufficient_data
Uttar_Pradesh,Bahraich,2022,19,2023-01-04,2023-01-09,0.07693309433595125,0.23462041154561847,0.17366669640187454,0.1167292494109674,0,,insufficient_data
Uttar_Pradesh,Bahraich,2022,20,2023-01-09,2023-01-14,0.07693309433595125,0.23462041154561847,0.17366669640187454,0.1167292494109674,0,,insufficient_data
Uttar_Pradesh,Bahraich,2022,21,2023-01-14,2023-01-19,0.0743674577843677,0.2345594389840836,0.1685032195114985,0.1121311822822083,0,,insufficient_data
Uttar_Pradesh,Bahraich,2022,22,2023-01-19,2023-01-24,0.0743674577843677,0.2345594389840836,0.1685032195114985,0.1121311822822083,2,13.5,valid
Uttar_Pradesh,Bahraich,2022,23,2023-01-24,2023-01-29,0.06922020973039687,0.2609439441239123,0.16242179381902108,0.10572180095499056,0,,insufficient_data
Uttar_Pradesh,Bahraich,2022,24,2023-01-29,2023-02-03,0.06852360504429035,0.2700244256216074,0.16501366460930966,0.10721175070631062,0,,insufficient_data
Uttar_Pradesh,Bahraich,2022,25,2023-02-03,2023-02-08,0.0690359625394749,0.2617811135486133,0.1547881549723145,0.099608784736621,2,11.9,valid
Uttar_Pradesh,Bahraich,2022,26,2023-02-08,2023-02-13,0.064257208867348,0.28649127983904,0.1639740069732503,0.1054254358461424,2,3.515,valid
Uttar_Pradesh,Bahraich,2022,27,2023-02-13,2023-02-18,0.0664337909859708,0.2972658701146926,0.1727892769801754,0.1116815999602708,1,0.1,valid
Uttar_Pradesh,Bahraich,2022,28,2023-02-18,2023-02-23,0.0681068617281103,0.2896121449334196,0.1688739468872475,0.1061680712598645,3,3.383333333333333,valid
Uttar_Pradesh,Bahraich,2022,29,2023-02-23,2023-02-28,0.0687004963633219,0.29159108564432945,0.1719193291246775,0.1106469818528254,0,,insufficient_data
Uttar_Pradesh,Bahraich,2022,30,2023-02-28,2023-03-05,0.0705455273255427,0.3000272930615577,0.1742173075165377,0.1119334536412263,1,0.02,valid
Uttar_Pradesh,Bahraich,2022,31,2023-03-05,2023-03-10,0.0741590929096377,0.2845588402729374,0.1797421072661768,0.118026348556623,3,9.813333333333333,valid
Uttar_Pradesh,Bahraich,2022,32,2023-03-10,2023-03-15,0.07913573194329755,0.2746193359035989,0.18443544635844913,0.12273697316595238,0,,insufficient_data
Uttar_Pradesh,Bahraich,2022,33,2023-03-15,2023-03-20,0.08434230894515832,0.2642087141550746,0.19103764061621475,0.1270658528735989,0,,insufficient_data
Uttar_Pradesh,Bahraich,2022,34,2023-03-20,2023-03-25,0.0927025755947123,0.2392718743763016,0.1993469242926329,0.1382511173000078,2,5.970000000000001,valid
Uttar_Pradesh,Bahraich,2022,35,2023-03-25,2023-03-30,0.10634198877006584,0.2388123725122492,0.22526937305658926,0.1608863052360754,0,,insufficient_data
Uttar_Pradesh,Bahraich,2022,36,2023-03-30,2023-04-04,0.0999620399507406,0.2329768489095017,0.2108442233895116,0.1400524919965385,2,12.665,valid
Uttar_Pradesh,Bahraich,2022,37,2023-04-04,2023-04-09,0.11525079677270811,0.24379870700807268,0.24183443757953765,0.1780051102987635,0,,insufficient_data
Uttar_Pradesh,Bahraich,2022,38,2023-04-09,2023-04-14,0.1263613507647446,0.2441883942509443,0.2656169714876233,0.2043553064116799,3,0.9333333333333332,valid
Uttar_Pradesh,Bahraich,2022,39,2023-04-14,2023-04-19,0.1419772207806349,0.2587577104955431,0.2915296311483829,0.2293615254868279,3,1.07,valid
Uttar_Pradesh,Bahraich,2022,40,2023-04-19,2023-04-24,0.13579911690813584,0.2546120585107143,0.2825035430528095,0.22030525964669365,0,,insufficient_data
Uttar_Pradesh,Bahraich,2022,41,2023-04-24,2023-04-29,0.139058779179028,0.2608900707856554,0.2903640265224223,0.2271989470415731,2,8.245,valid
Uttar_Pradesh,Bahraich,2022,42,2023-04-29,2023-05-04,0.14051799997983144,0.25982389064059924,0.29094682883540257,0.2282802362642005,0,,insufficient_data
Uttar_Pradesh,Bahraich,2023,0,2023-10-01,2023-10-06,0.07156631695729841,0.2970366036395145,0.1877654752429689,0.10728230771159797,0,,insufficient_data
Uttar_Pradesh,Bahraich,2023,1,2023-10-06,2023-10-11,0.0672801358543263,0.2940651653496003,0.1775113272173744,0.0983385087071866,2,3.67,valid
Uttar_Pradesh,Bahraich,2023,2,2023-10-11,2023-10-16,0.0673273637046538,0.3028689054574488,0.1854540775670097,0.1047116472777868,1,2.4,valid
Uttar_Pradesh,Bahraich,2023,3,2023-10-16,2023-10-21,0.0800914513129151,0.2941757401114944,0.2003310209445226,0.1187967671498205,3,1.5833333333333333,valid
Uttar_Pradesh,Bahraich,2023,4,2023-10-21,2023-10-26,0.08235230203771435,0.281438686306049,0.20350770407426388,0.1254494269933106,0,,insufficient_data
Uttar_Pradesh,Bahraich,2023,5,2023-10-26,2023-10-31,0.0941399204229619,0.2688835827910788,0.2239385688041854,0.1463726486430367,3,0.65,valid
Uttar_Pradesh,Bahraich,2023,6,2023-10-31,2023-11-05,0.1029226388937147,0.2472000378206227,0.2303035258382274,0.1590275631887225,3,1.383333333333333,valid
Uttar_Pradesh,Bahraich,2023,7,2023-11-05,2023-11-10,0.10089030651189679,0.24044508184056546,0.22386714181434617,0.1576992402170049,0,,insufficient_data
Uttar_Pradesh,Bahraich,2023,8,2023-11-10,2023-11-15,0.0997085269291573,0.2315678606001572,0.2225052264683755,0.156332366032066,1,0.04,valid
Uttar_Pradesh,Bahraich,2023,9,2023-11-15,2023-11-20,0.0994362616533813,0.2252230179958731,0.2150503901154682,0.156486472158758,1,1.09,valid
Uttar_Pradesh,Bahraich,2023,10,2023-11-20,2023-11-25,0.1082441846602687,0.2293509099950954,0.2275379978454742,0.1702771510624414,1,0.12,valid
Uttar_Pradesh,Bahraich,2023,11,2023-11-25,2023-11-30,0.1130891811024776,0.2356981045335468,0.2250937768767008,0.1717633388821619,1,20.44,valid
Uttar_Pradesh,Bahraich,2023,12,2023-11-30,2023-12-05,0.10228253126281664,0.22419012639875197,0.21169266578380386,0.15690286157137023,0,,insufficient_data
Uttar_Pradesh,Bahraich,2023,13,2023-12-05,2023-12-10,0.0900618276490631,0.2092473031250363,0.1933079112873439,0.1370049975063727,2,17.725,valid
Uttar_Pradesh,Bahraich,2023,14,2023-12-10,2023-12-15,0.1005812012488924,0.2214312963442082,0.1974732527940322,0.1489823482471172,3,4.003333333333333,valid
Uttar_Pradesh,Bahraich,2023,15,2023-12-15,2023-12-20,0.09507890074547766,0.2267301649776686,0.19349412437831684,0.14046783592489667,0,,insufficient_data
Uttar_Pradesh,Bahraich,2023,16,2023-12-20,2023-12-25,0.0945936733384775,0.2495118954637613,0.1897012090535745,0.1354161620212001,1,20.16,valid
Uttar_Pradesh,Bahraich,2023,17,2023-12-25,2023-12-30,0.13596256748700156,0.26885279813801316,0.20750700259699695,0.14758767012137672,0,,insufficient_data
Uttar_Pradesh,Bahraich,2023,18,2023-12-30,2024-01-04,0.15365325060605614,0.2925635490349156,0.21252387749847934,0.14689033105850646,0,,insufficient_data
Uttar_Pradesh,Bahraich,2023,19,2024-01-04,2024-01-09,0.2127128278736348,0.3356152026060699,0.2353465459433842,0.1583645000958128,1,29.05,valid
Uttar_Pradesh,Bahraich,2023,20,2024-01-09,2024-01-14,0.2127128278736348,0.3356152026060699,0.2353465459433842,0.1583645000958128,0,,insufficient_data
Uttar_Pradesh,Bahraich,2023,21,2024-01-14,2024-01-19,0.13980539886719884,0.29866719969857014,0.19901539900132614,0.13024285565558474,0,,insufficient_data
Uttar_Pradesh,Bahraich,2023,22,2024-01-19,2024-01-24,0.11470672619680222,0.3020927528398802,0.1879403513281482,0.12211649759282857,0,,insufficient_data
Uttar_Pradesh,Bahraich,2023,23,2024-01-24,2024-01-29,0.06468858738307824,0.286724492360729,0.16489465212404666,0.10334663207436917,0,,insufficient_data
Uttar_Pradesh,Bahraich,2023,24,2024-01-29,2024-02-03,0.0668979698607629,0.2617191967910703,0.1626842520592681,0.1021212112153567,2,0.455,valid
Uttar_Pradesh,Bahraich,2023,25,2024-02-03,2024-02-08,0.064509380856009,0.3089438591225003,0.1657902559817923,0.1058637814673162,1,21.02,valid
Uttar_Pradesh,Bahraich,2023,26,2024-02-08,2024-02-13,0.0626584114324628,0.2895104211686163,0.1662094483310796,0.1020549035404346,2,4.125,valid
Uttar_Pradesh,Bahraich,2023,27,2024-02-13,2024-02-18,0.0641030747748624,0.2953485311692226,0.16567472539602,0.1026711119950221,3,4.71,valid
Uttar_Pradesh,Bahraich,2023,28,2024-02-18,2024-02-23,0.0627825120552981,0.2984075134954365,0.16579177917313737,0.10398550827260405,0,,insufficient_data
Uttar_Pradesh,Bahraich,2023,29,2024-02-23,2024-02-28,0.0598591811578582,0.2998272425214068,0.1654926869836576,0.1053522360876433,2,1.62,valid
Uttar_Pradesh,Bahraich,2023,30,2024-02-28,2024-03-04,0.06815287476917091,0.29530525568212496,0.17293350100663388,0.11194109454557345,0,,insufficient_data
Uttar_Pradesh,Bahraich,2023,31,2024-03-04,2024-03-09,0.0720289366524883,0.2942310219485378,0.1785213321067126,0.11776933178688657,0,,insufficient_data
Uttar_Pradesh,Bahraich,2023,32,2024-03-09,2024-03-14,0.0718823013764306,0.3073839633588204,0.1790557713478138,0.1168896508029509,3,10.093333333333332,valid
Uttar_Pradesh,Bahraich,2023,33,2024-03-14,2024-03-19,0.0767669417675324,0.2786612856790499,0.1815108202990441,0.1228513792966775,2,0.53,valid
Uttar_Pradesh,Bahraich,2023,34,2024-03-19,2024-03-24,0.079607322308132,0.2910515962348741,0.1880260497963349,0.1259840609602746,1,2.54,valid
Uttar_Pradesh,Bahraich,2023,35,2024-03-24,2024-03-29,0.091674225294568,0.2615457197632756,0.2036156102559622,0.1394296727702935,3,16.2,valid
Uttar_Pradesh,Bahraich,2023,36,2024-03-29,2024-04-03,0.0977673815275984,0.26307443808199305,0.21063800666183302,0.1478698592246021,0,,insufficient_data
Uttar_Pradesh,Bahraich,2023,37,2024-04-03,2024-04-08,0.1165590565219274,0.2489160213899421,0.2354231899791457,0.1717113160507873,3,11.293333333333331,valid
Uttar_Pradesh,Bahraich,2023,38,2024-04-08,2024-04-13,0.1242293617458322,0.2351975673428232,0.244614362978678,0.1793728670449776,3,6.656666666666666,valid
Uttar_Pradesh,Bahraich,2023,39,2024-04-13,2024-04-18,0.147419180338274,0.27269407839522297,0.2810890543543121,0.21011143015623038,0,,insufficient_data
Uttar_Pradesh,Bahraich,2023,40,2024-04-18,2024-04-23,0.160889812912392,0.2898870319947673,0.3058463274780805,0.2284878492961816,3,0.34,valid
Uttar_Pradesh,Bahraich,2023,41,2024-04-23,2024-04-28,0.15770588827705623,0.28062009739698324,0.2963110091460342,0.22291146819137808,0,,insufficient_data
Uttar_Pradesh,Bahraich,2023,42,2024-04-28,2024-05-03,0.1879984901729445,0.3167756928533592,0.3384723369813442,0.2608736882329751,1,5.08,valid
Uttar_Pradesh,Bahraich,2024,0,2024-10-01,2024-10-06,0.0696035282864937,0.342136348199418,0.1765356857378682,0.0957149613754475,2,9.36,valid
Uttar_Pradesh,Bahraich,2024,1,2024-10-06,2024-10-11,0.07010245645304787,0.3054574497482435,0.18071940051637606,0.10186138702235832,0,,insufficient_data
Uttar_Pradesh,Bahraich,2024,2,2024-10-11,2024-10-16,0.0606876398488268,0.304977461669417,0.1687451068161783,0.0915647239851956,2,10.205,valid
Uttar_Pradesh,Bahraich,2024,3,2024-10-16,2024-10-21,0.0744817386241447,0.2803438436710563,0.1825485860531224,0.1059614193647851,2,4.385,valid
Uttar_Pradesh,Bahraich,2024,4,2024-10-21,2024-10-26,0.0756369190527263,0.2943721454530828,0.1950482234583353,0.1142044433640051,1,3.91,valid
Uttar_Pradesh,Bahraich,2024,5,2024-10-26,2024-10-31,0.09034201182414,0.266791168762705,0.2169357693235055,0.1348427203105593,3,4.076666666666667,valid
Uttar_Pradesh,Bahraich,2024,6,2024-10-31,2024-11-05,0.09124338171707705,0.26704336936022843,0.21010610993077802,0.13349150652553557,0,,insufficient_data
Uttar_Pradesh,Bahraich,2024,7,2024-11-05,2024-11-10,0.1026933214390136,0.249894106543679,0.2331470802336536,0.1555387014330137,3,10.03,valid
Uttar_Pradesh,Bahraich,2024,8,2024-11-10,2024-11-15,0.1130629176453607,0.243815582370619,0.2228508905852733,0.1569102481553146,3,12.906666666666666,valid
Uttar_Pradesh,Bahraich,2024,9,2024-11-15,2024-11-20,0.10760275467323463,0.22700523408442694,0.21986919152919046,0.16217234133035102,0,,insufficient_data
Uttar_Pradesh,Bahraich,2024,10,2024-11-20,2024-11-25,0.1029929668812211,0.2189068326441419,0.2133989841723694,0.1578400307912007,3,1.9766666666666663,valid
Uttar_Pradesh,Bahraich,2024,11,2024-11-25,2024-11-30,0.1079988221668124,0.2070661017459112,0.2075642468904604,0.1630070548147418,2,0.285,valid
Uttar_Pradesh,Bahraich,2024,12,2024-11-30,2024-12-05,0.1112657452337654,0.2153435471177836,0.2223847557641955,0.1775656714574844,1,0.0,valid
Uttar_Pradesh,Bahraich,2024,13,2024-12-05,2024-12-10,0.1118607050587131,0.214276255596171,0.2148885665891516,0.1725317654382842,3,1.15,valid
Uttar_Pradesh,Bahraich,2024,14,2024-12-10,2024-12-15,0.10854484285519443,0.2151080008047707,0.20957924478094267,0.1640488101142235,0,,insufficient_data
Uttar_Pradesh,Bahraich,2024,15,2024-12-15,2024-12-20,0.1111296645373393,0.2187097813611155,0.2088857406298465,0.1625824121950166,3,0.5333333333333333,valid
Uttar_Pradesh,Bahraich,2024,16,2024-12-20,2024-12-25,0.100469277279342,0.2201443182028721,0.1941729140310592,0.1445571466655906,2,1.02,valid
Uttar_Pradesh,Bahraich,2024,17,2024-12-25,2024-12-30,0.09560136041007544,0.22848816654583862,0.194060859775813,0.14160778168445085,0,,insufficient_data
Uttar_Pradesh,Bahraich,2024,18,2024-12-30,2025-01-04,0.08739932868188607,0.2359067426834656,0.18676364866941944,0.13179976107681654,0,,insufficient_data
Uttar_Pradesh,Bahraich,2024,19,2025-01-04,2025-01-09,0.07948921673006833,0.24163906312424896,0.17938961801594377,0.12153887737074988,0,,insufficient_data
Uttar_Pradesh,Bahraich,2024,20,2025-01-09,2025-01-14,0.075205139413545,0.2466104000735283,0.1791239246665333,0.1176837861927453,1,23.1,valid
Uttar_Pradesh,Bahraich,2024,21,2025-01-14,2025-01-19,0.062793233497318,0.2581624710963465,0.1648720153502388,0.1023756992539137,1,15.31,valid
Uttar_Pradesh,Bahraich,2024,22,2025-01-19,2025-01-24,0.06529488627342377,0.26495252717962925,0.16549727243635837,0.10402088285895977,0,,insufficient_data
Uttar_Pradesh,Bahraich,2024,23,2025-01-24,2025-01-29,0.0636892913265601,0.2752257812588904,0.1618042143327955,0.100252884472358,3,16.849999999999998,valid
Uttar_Pradesh,Bahraich,2024,24,2025-01-29,2025-02-03,0.059491880856272,0.2798114562897519,0.1561889353958659,0.0957711615168221,3,0.2566666666666666,valid
Uttar_Pradesh,Bahraich,2024,25,2025-02-03,2025-02-08,0.06252541273062108,0.2908427368747822,0.15981935236464398,0.09846136151768191,0,,insufficient_data
Uttar_Pradesh,Bahraich,2024,26,2025-02-08,2025-02-13,0.0619328131730213,0.2953126067005882,0.1577808652287538,0.0968842160243866,3,3.4466666666666668,valid
Uttar_Pradesh,Bahraich,2024,27,2025-02-13,2025-02-18,0.0639774074221066,0.2903752442528137,0.1581496966198933,0.0979454276315397,2,1.81,valid
Uttar_Pradesh,Bahraich,2024,28,2025-02-18,2025-02-23,0.0635356708751454,0.3134885958718668,0.1651730502459114,0.1014531179433032,1,6.67,valid
Uttar_Pradesh,Bahraich,2024,29,2025-02-23,2025-02-28,0.0630478935698686,0.2977982669491754,0.1583487030856546,0.1001586046364775,2,13.015,valid
Uttar_Pradesh,Bahraich,2024,30,2025-02-28,2025-03-05,0.06767585875147994,0.29665749957178605,0.1677757295734061,0.10680445936862674,0,,insufficient_data
Uttar_Pradesh,Bahraich,2024,31,2025-03-05,2025-03-10,0.0688768075517738,0.3005785980168795,0.1708938200626019,0.111323303042827,3,0.7400000000000001,valid
Uttar_Pradesh,Bahraich,2024,32,2025-03-10,2025-03-15,0.0789415143385053,0.2810467927681951,0.1863133778529694,0.1231418435889864,2,9.27,valid
Uttar_Pradesh,Bahraich,2024,33,2025-03-15,2025-03-20,0.09404310042765038,0.26709508356334716,0.2045534329696162,0.14319113148831777,0,,insufficient_data
Uttar_Pradesh,Bahraich,2024,34,2025-03-20,2025-03-25,0.0921884419382521,0.2566085789232685,0.2009190214962433,0.141412425223528,3,0.6166666666666666,valid
Uttar_Pradesh,Bahraich,2024,35,2025-03-25,2025-03-30,0.109644589896752,0.2399829607788645,0.2221261046447987,0.1633020850809917,2,0.3349999999999999,valid
Uttar_Pradesh,Bahraich,2024,36,2025-03-30,2025-04-04,0.1205641484129687,0.2572584873295283,0.2425148407914676,0.1767760005052556,1,0.01,valid
Uttar_Pradesh,Bahraich,2024,37,2025-04-04,2025-04-09,0.1321467785127139,0.2467050355997511,0.2512581224241941,0.1832192667923164,3,1.71,valid
Uttar_Pradesh,Bahraich,2024,38,2025-04-09,2025-04-14,0.12870707434648673,0.25281228271417666,0.2554514182244502,0.19153527034155376,0,,insufficient_data
Uttar_Pradesh,Bahraich,2024,39,2025-04-14,2025-04-19,0.136021296005547,0.2549679693542342,0.2709601976107479,0.2024191476776842,4,9.0975,valid
Uttar_Pradesh,Bahraich,2024,40,2025-04-19,2025-04-24,0.145158558904452,0.265146960508505,0.2903978256510429,0.231959851651521,3,0.3566666666666667,valid
Uttar_Pradesh,Bahraich,2024,41,2025-04-24,2025-04-29,0.14058992745499949,0.2600574649313696,0.28067901163089537,0.2171894996646026,0,,insufficient_data
Uttar_Pradesh,Bahraich,2024,42,2025-04-29,2025-05-04,0.14058992745499949,0.2600574649313696,0.28067901163089537,0.2171894996646026,0,,insufficient_data
Uttar_Pradesh,Bahraich,2025,0,2025-10-01,2025-10-06,0.0770879042068375,0.28194941360179115,0.19397705559783784,0.11464174407127325,0,,insufficient_data
Uttar_Pradesh,Bahraich,2025,1,2025-10-06,2025-10-11,0.0812609598193843,0.2763071147259441,0.201494792375109,0.12206441098008354,0,,insufficient_data
Uttar_Pradesh,Bahraich,2025,2,2025-10-11,2025-10-16,0.0754402434227214,0.2764327564285671,0.188317391740769,0.1105775224310536,2,0.39,valid
Uttar_Pradesh,Bahraich,2025,3,2025-10-16,2025-10-21,0.0787355649909536,0.2874660707750152,0.1996367194549067,0.1187059657114929,1,0.07,valid
Uttar_Pradesh,Bahraich,2025,4,2025-10-21,2025-10-26,0.0896070710444779,0.2650225169742499,0.2165302659296513,0.1369097447977041,3,4.83,valid
Uttar_Pradesh,Bahraich,2025,5,2025-10-26,2025-10-31,0.0844100610305704,0.26500471055929137,0.2049944199295263,0.12911513781315853,0,,insufficient_data
Uttar_Pradesh,Bahraich,2025,6,2025-10-31,2025-11-05,0.0912437805133757,0.25223531660141213,0.21266979198381872,0.14251141195581274,0,,insufficient_data
Uttar_Pradesh,Bahraich,2025,7,2025-11-05,2025-11-10,0.0938573646641287,0.2310974980593332,0.2154933025927782,0.1502673183123835,3,0.8633333333333333,valid
Uttar_Pradesh,Bahraich,2025,8,2025-11-10,2025-11-15,0.10561951083183413,0.2227502307170213,0.2169112367857027,0.1640778935940224,0,,insufficient_data
Uttar_Pradesh,Bahraich,2025,9,2025-11-15,2025-11-20,0.1027751213539426,0.2253551805970502,0.2190188799579387,0.1641626190016704,3,0.2,valid
Uttar_Pradesh,Bahraich,2025,10,2025-11-20,2025-11-25,0.1096551069467436,0.213789944365096,0.208572309554207,0.1621622617919883,2,0.855,valid
Uttar_Pradesh,Bahraich,2025,11,2025-11-25,2025-11-30,0.1161904503625216,0.2207582998466058,0.2245604550378869,0.1797193752700473,1,0.22,valid
Uttar_Pradesh,Bahraich,2025,12,2025-11-30,2025-12-05,0.1113995413049907,0.2185710597559881,0.2130115705090811,0.167086928364685,3,1.4733333333333334,valid
Uttar_Pradesh,Bahraich,2025,13,2025-12-05,2025-12-10,0.11152065494799915,0.21869841090123293,0.2125908745354776,0.16578172663343668,0,,insufficient_data
Uttar_Pradesh,Bahraich,2025,14,2025-12-10,2025-12-15,0.1088375211777407,0.2216743396372418,0.2042191630407353,0.1541583411070261,3,12.07,valid
Uttar_Pradesh,Bahraich,2025,15,2025-12-15,2025-12-20,0.1101185312413657,0.22012269969661497,0.20861536677490822,0.16062263473585553,0,,insufficient_data
Uttar_Pradesh,Bahraich,2025,16,2025-12-20,2025-12-25,0.1088375211777407,0.2216743396372418,0.2042191630407353,0.1541583411070261,0,,insufficient_data
Uttar_Pradesh,Bahraich,2025,17,2025-12-25,2025-12-30,0.089106204109708,0.23103727370695482,0.18309939931853325,0.129949921864009,0,,insufficient_data
Uttar_Pradesh,Bahraich,2025,18,2025-12-30,2026-01-04,0.0693748870416753,0.2404002077766678,0.1619796355963312,0.1057415026209919,0,,insufficient_data
Uttar_Pradesh,Bahraich,2025,19,2026-01-04,2026-01-09,0.06607792013271366,0.2446039100193294,0.15911779610605004,0.1016372964686702,0,,insufficient_data
Uttar_Pradesh,Bahraich,2025,20,2026-01-09,2026-01-14,0.0693748870416753,0.2404002077766678,0.1619796355963312,0.1057415026209919,3,2.936666666666666,valid
Uttar_Pradesh,Bahraich,2025,21,2026-01-14,2026-01-19,0.06607792013271366,0.2446039100193294,0.15911779610605004,0.1016372964686702,0,,insufficient_data
Uttar_Pradesh,Bahraich,2025,22,2026-01-19,2026-01-24,0.062780953223752,0.248807612261991,0.1562559566157689,0.0975330903163485,3,2.2133333333333334,valid
Uttar_Pradesh,Bahraich,2025,23,2026-01-24,2026-01-29,0.18456802010785991,0.35429676420077477,0.24128579667233158,0.17763491618607016,0,,insufficient_data
Uttar_Pradesh,Bahraich,2025,24,2026-01-29,2026-02-03,0.1818032515761158,0.3750634851301783,0.24121340557305074,0.17531479352220958,0,,insufficient_data
Uttar_Pradesh,Bahraich,2025,25,2026-02-03,2026-02-08,0.5486328011187449,0.6303953693310286,0.4955627320266582,0.4160692798379206,1,14.94,valid
Uttar_Pradesh,Bahraich,2025,26,2026-02-08,2026-02-13,0.0574834390472675,0.2975838674334117,0.151344862450568,0.0911957919690197,2,0.575,valid
Uttar_Pradesh,Bahraich,2025,27,2026-02-13,2026-02-18,0.0583158129146988,0.323467091494282,0.1616900711992079,0.0964610119655495,1,17.12,valid
Uttar_Pradesh,Bahraich,2025,28,2026-02-18,2026-02-23,0.0593424475657603,0.313892978092278,0.1589768568877877,0.0967141855311404,3,0.4166666666666667,valid
Uttar_Pradesh,Bahraich,2025,29,2026-02-23,2026-02-28,0.0607606959332345,0.30292128488782427,0.15967156397458981,0.09776958224605344,0,,insufficient_data
Uttar_Pradesh,Bahraich,2025,30,2026-02-28,2026-03-05,0.0645138293654008,0.3156254579076232,0.1684470057926941,0.1054055177094887,2,1.65,valid
Uttar_Pradesh,Bahraich,2025,31,2026-03-05,2026-03-10,0.0641479507730451,0.2640370295115265,0.1578990235426913,0.0990714040550689,2,1.21,valid
Uttar_Pradesh,Bahraich,2025,32,2026-03-10,2026-03-15,0.07570149018360117,0.2605973884708068,0.1789425978061493,0.11860110152948204,0,,insufficient_data
Uttar_Pradesh,Bahraich,2025,33,2026-03-15,2026-03-20,0.0828213610489146,0.2687815648686455,0.1874080407558951,0.1247332544628177,2,10.025,valid
Uttar_Pradesh,Bahraich,2025,34,2026-03-20,2026-03-25,0.0798980603483962,0.2204607862069328,0.1791890798553865,0.121977063426103,2,4.08,valid
Uttar_Pradesh,Bahraich,2025,35,2026-03-25,2026-03-30,0.0871262493822492,0.2340821038593061,0.2017698390840795,0.1418182679939319,1,0.26,valid
Uttar_Pradesh,Bahraich,2025,36,2026-03-30,2026-04-04,0.08328189025985333,0.2411081516449615,0.18945565323178704,0.12950952862761753,0,,insufficient_data
Uttar_Pradesh,Bahraich,2025,37,2026-04-04,2026-04-09,0.0835121548653227,0.22727144503311947,0.190479459469733,0.13189766571001746,0,,insufficient_data
Uttar_Pradesh,Bahraich,2025,38,2026-04-09,2026-04-14,0.0871262493822492,0.2340821038593061,0.2017698390840795,0.1418182679939319,0,,insufficient_data
Uttar_Pradesh,Bahraich,2025,39,2026-04-14,2026-04-19,,,,,0,,insufficient_data
Uttar_Pradesh,Bahraich,2025,40,2026-04-19,2026-04-24,,,,,0,,insufficient_data
Uttar_Pradesh,Bahraich,2025,41,2026-04-24,2026-04-29,,,,,0,,insufficient_data
Uttar_Pradesh,Bahraich,2025,42,2026-04-29,2026-05-04,,,,,0,,insufficient_data
