state,district,year,time_step,start_date,end_date,Red,NIR,SWIR1,SWIR2,image_count,mean_cloud_cover,quality_flag
Uttar_Pradesh,Ghazipur,2010,0,2010-10-01,2010-10-06,0.0745876208093383,0.276575528896918,0.1882789179631076,0.1071291856627426,2,5.5,valid
Uttar_Pradesh,Ghazipur,2010,1,2010-10-06,2010-10-11,0.0771737950420846,0.27702642821997464,0.1878995050884368,0.10854101803657915,0,,insufficient_data
Uttar_Pradesh,Ghazipur,2010,2,2010-10-11,2010-10-16,0.0771737950420846,0.27702642821997464,0.1878995050884368,0.10854101803657915,0,,insufficient_data
Uttar_Pradesh,Ghazipur,2010,3,2010-10-16,2010-10-21,0.0786940594529906,0.26495408224803074,0.19024031393880483,0.11177073434476247,0,,insufficient_data
Uttar_Pradesh,Ghazipur,2010,4,2010-10-21,2010-10-26,0.0797599692748309,0.2774773275430313,0.187520092213766,0.1099528504104157,4,0.0,valid
Uttar_Pradesh,Ghazipur,2010,5,2010-10-26,2010-10-31,0.08074727877481674,0.25914335892358714,0.19122101192665347,0.1140915086857724,0,,insufficient_data
Uttar_Pradesh,Ghazipur,2010,6,2010-10-31,2010-11-05,0.0817345882748026,0.240809390304143,0.1949219316395409,0.1182301669611291,3,1.0,valid
Uttar_Pradesh,Ghazipur,2010,7,2010-11-05,2010-11-10,0.08074727877481674,0.25914335892358714,0.19122101192665347,0.1140915086857724,0,,insufficient_data
Uttar_Pradesh,Ghazipur,2010,8,2010-11-10,2010-11-15,0.1197025267682622,0.26473082482980814,0.23969490220563916,0.15024954083735945,0,,insufficient_data
Uttar_Pradesh,Ghazipur,2010,9,2010-11-15,2010-11-20,0.12466381912185642,0.2542511802001225,0.2461107968430369,0.161241616127097,1,5.0,missing_bands
Uttar_Pradesh,Ghazipur,2010,10,2010-11-20,2010-11-25,0.14612843454538335,0.26097207514811227,0.2717052294447849,0.18274734071008095,0,,insufficient_data
Uttar_Pradesh,Ghazipur,2010,11,2010-11-25,2010-11-30,0.1576704652617218,0.2886522593554733,0.2844678727717374,0.1822689147135898,2,13.5,valid
Uttar_Pradesh,Ghazipur,2010,12,2010-11-30,2010-12-05,0.1345864038290449,0.2332918909407512,0.2589425861178324,0.1832257667065721,3,0.0,valid
Uttar_Pradesh,Ghazipur,2010,13,2010-12-05,2010-12-10,0.13205307567638827,0.24113849023239736,0.24676372854907064,0.17466908166681644,0,,insufficient_data
Uttar_Pradesh,Ghazipur,2010,14,2010-12-10,2010-12-15,0.1351228198218599,0.2290803941546186,0.2411582953747558,0.1811659465303384,4,9.25,valid
Uttar_Pradesh,Ghazipur,2010,15,2010-12-15,2010-12-20,0.1268519886025498,0.2281278491021224,0.2429114876098433,0.1774481656408765,1,1.0,valid
Uttar_Pradesh,Ghazipur,2010,16,2010-12-20,2010-12-25,0.106033700866765,0.2265400576090215,0.2063384008711844,0.1492366147427053,2,0.0,valid
Uttar_Pradesh,Ghazipur,2010,17,2010-12-25,2010-12-30,0.1241080820310695,0.237392671356411,0.2294785343533926,0.1743039577874878,4,0.0,valid
Uttar_Pradesh,Ghazipur,2010,18,2010-12-30,2011-01-04,0.11964045958476492,0.24040904697865098,0.21880488298436163,0.15576755929288197,0,,insufficient_data
Uttar_Pradesh,Ghazipur,2010,19,2011-01-04,2011-01-09,0.1215680668386754,0.2695756098470491,0.1964911091030261,0.1220814990004583,2,23.0,valid
Uttar_Pradesh,Ghazipur,2010,20,2011-01-09,2011-01-14,0.1097047786237318,0.2645882223082482,0.20319863878020983,0.1342649463365594,2,11.5,missing_bands
Uttar_Pradesh,Ghazipur,2010,21,2011-01-14,2011-01-19,0.10634799301876642,0.2668463949971349,0.1853526404743022,0.11246652820665234,0,,insufficient_data
Uttar_Pradesh,Ghazipur,2010,22,2011-01-19,2011-01-24,0.1110375451174786,0.2624662847992121,0.2006445102950829,0.1252591481803876,3,15.0,valid
Uttar_Pradesh,Ghazipur,2010,23,2011-01-24,2011-01-29,0.0821054205077037,0.2889183232303206,0.1861804013693377,0.1154151803779039,2,0.0,valid
Uttar_Pradesh,Ghazipur,2010,24,2011-01-29,2011-02-03,0.110680939611208,0.2464253621119578,0.1580945411297621,0.0871102852678596,1,12.0,valid
Uttar_Pradesh,Ghazipur,2010,25,2011-02-03,2011-02-08,0.1114828221380688,0.2760183795189981,0.1711880650041387,0.0959714083806634,3,0.3333333333333333,valid
Uttar_Pradesh,Ghazipur,2010,26,2011-02-08,2011-02-13,0.09372555268316665,0.2895837557024644,0.17436221826135634,0.10031397562284354,0,,insufficient_data
Uttar_Pradesh,Ghazipur,2010,27,2011-02-13,2011-02-18,0.0732631710833596,0.3157851719989419,0.1780395099833088,0.1039101637455738,4,1.5,valid
Uttar_Pradesh,Ghazipur,2010,28,2011-02-18,2011-02-23,0.0910954100754931,0.3207715416521035,0.1783085738202345,0.099162840342217,3,0.3333333333333333,valid
Uttar_Pradesh,Ghazipur,2010,29,2011-02-23,2011-02-28,0.07976502042782511,0.3065174582099209,0.17862445226258927,0.10774962864633972,0,,insufficient_data
Uttar_Pradesh,Ghazipur,2010,30,2011-02-28,2011-03-05,0.065843626117083,0.3154320922919669,0.17275305761499,0.1049926646522515,4,2.5,valid
Uttar_Pradesh,Ghazipur,2010,31,2011-03-05,2011-03-10,0.0861210396567111,0.2962760596338575,0.1784848717170544,0.1123242751254736,1,5.0,valid
Uttar_Pradesh,Ghazipur,2010,32,2011-03-10,2011-03-15,0.0825018552064788,0.2843224254727347,0.1855362481773586,0.1183581993661827,2,0.0,valid
Uttar_Pradesh,Ghazipur,2010,33,2011-03-15,2011-03-20,0.0865044198379439,0.255895125341968,0.1834029261912547,0.1218554668694137,2,0.0,valid
Uttar_Pradesh,Ghazipur,2010,34,2011-03-20,2011-03-25,0.1006398804623608,0.25921832657790983,0.19979754350452103,0.13657442285046623,0,,insufficient_data
Uttar_Pradesh,Ghazipur,2010,35,2011-03-25,2011-03-30,0.1109069043063519,0.2328685304996513,0.2094538256966391,0.1469907777859736,3,0.6666666666666666,valid
Uttar_Pradesh,Ghazipur,2010,36,2011-03-30,2011-04-04,0.1371651833043183,0.2267294919413377,0.2421098457402985,0.1833433951052875,4,0.25,valid
Uttar_Pradesh,Ghazipur,2010,37,2011-04-04,2011-04-09,0.13170911389994602,0.22497677580908174,0.2363572545548102,0.17791572810987402,0,,insufficient_data
Uttar_Pradesh,Ghazipur,2010,38,2011-04-09,2011-04-14,0.1470552540891679,0.2153323049862562,0.257508092227493,0.203413011438361,2,0.5,valid
Uttar_Pradesh,Ghazipur,2010,39,2011-04-14,2011-04-19,0.14954391273183773,0.22713557086767155,0.2661190893854623,0.2098521299757824,0,,insufficient_data
Uttar_Pradesh,Ghazipur,2010,40,2011-04-19,2011-04-24,0.15573327744559745,0.2273386103308385,0.2781237112080442,0.22310649741102984,0,,insufficient_data
Uttar_Pradesh,Ghazipur,2010,41,2011-04-24,2011-04-29,0.164411300802027,0.2393449156754208,0.2987393301885954,0.2427999833836987,2,7.0,valid
Uttar_Pradesh,Ghazipur,2010,42,2011-04-29,2011-05-04,0.164411300802027,0.2393449156754208,0.2987393301885954,0.2427999833836987,0,,insufficient_data
Uttar_Pradesh,Ghazipur,2011,0,2011-10-01,2011-10-06,0.0701827569242609,0.282647404765787,0.1624540679386267,0.0888467656127117,2,12.5,valid
Uttar_Pradesh,Ghazipur,2011,1,2011-10-06,2011-10-11,0.0791447498414726,0.2727113012354759,0.16928701455087405,0.09740453120380116,0,,insufficient_data
Uttar_Pradesh,Ghazipur,2011,2,2011-10-11,2011-10-16,0.0675317701445497,0.2793413227622391,0.1716743475961548,0.0972604766636369,1,7.0,valid
Uttar_Pradesh,Ghazipur,2011,3,2011-10-16,2011-10-21,0.0997197224556072,0.2561451761784016,0.1737326281178407,0.1061063513350549,1,7.0,valid
Uttar_Pradesh,Ghazipur,2011,4,2011-10-21,2011-10-26,0.10261955197973138,0.2540209515917105,0.18350114107138377,0.1150252324721377,0,,insufficient_data
Uttar_Pradesh,Ghazipur,2011,5,2011-10-26,2011-10-31,0.1046902520808975,0.2578935295249231,0.194637440272263,0.126315688873186,4,0.75,valid
Uttar_Pradesh,Ghazipur,2011,6,2011-10-31,2011-11-05,0.12237987815096557,0.2409004253032266,0.1954853720956322,0.1286398376760825,0,,insufficient_data
Uttar_Pradesh,Ghazipur,2011,7,2011-11-05,2011-11-10,0.1385364632378712,0.2227037779012782,0.1939601482992765,0.130418413016673,2,3.0,valid
Uttar_Pradesh,Ghazipur,2011,8,2011-11-10,2011-11-15,0.1465730748294864,0.2268592176083036,0.2196112716931485,0.1517188974794161,3,4.0,valid
Uttar_Pradesh,Ghazipur,2011,9,2011-11-15,2011-11-20,0.13403015581859287,0.2208417190935332,0.21677398855673805,0.1529309474063486,0,,insufficient_data
Uttar_Pradesh,Ghazipur,2011,10,2011-11-20,2011-11-25,0.1040969654697536,0.2095638817009048,0.2183360670169243,0.1539113257931824,2,0.0,valid
Uttar_Pradesh,Ghazipur,2011,11,2011-11-25,2011-11-30,0.1469141197372603,0.2242399991636462,0.2351884672176029,0.1756751533361229,1,4.0,valid
Uttar_Pradesh,Ghazipur,2011,12,2011-11-30,2011-12-05,0.1281171997090683,0.21133906941806122,0.22322682388665158,0.16495930812551812,0,,insufficient_data
Uttar_Pradesh,Ghazipur,2011,13,2011-12-05,2011-12-10,0.1281171997090683,0.21133906941806122,0.22322682388665158,0.16495930812551812,1,13.0,missing_bands
Uttar_Pradesh,Ghazipur,2011,14,2011-12-10,2011-12-15,0.133340513920191,0.2002133273896326,0.2161559374254275,0.1652914452472491,1,1.0,valid
Uttar_Pradesh,Ghazipur,2011,15,2011-12-15,2011-12-20,0.1233459548188483,0.206152353043242,0.20994744452517775,0.15780268857378216,0,,insufficient_data
Uttar_Pradesh,Ghazipur,2011,16,2011-12-20,2011-12-25,0.1233459548188483,0.206152353043242,0.20994744452517775,0.15780268857378216,0,,insufficient_data
Uttar_Pradesh,Ghazipur,2011,17,2011-12-25,2011-12-30,0.1233459548188483,0.206152353043242,0.20994744452517775,0.15780268857378216,0,,insufficient_data
Uttar_Pradesh,Ghazipur,2011,18,2011-12-30,2012-01-04,0.1133513957175056,0.2120913786968514,0.203738951624928,0.1503139319003152,1,0.0,valid
Uttar_Pradesh,Ghazipur,2011,19,2012-01-04,2012-01-09,0.10403168398224649,0.23914965326331095,0.1988222428617798,0.13614321164304571,0,,insufficient_data
Uttar_Pradesh,Ghazipur,2011,20,2012-01-09,2012-01-14,0.09106750066990703,0.2610237672293468,0.19238141578272563,0.12490715788993138,0,,insufficient_data
Uttar_Pradesh,Ghazipur,2011,21,2012-01-14,2012-01-19,0.0947119722469874,0.2662079278297705,0.1939055340986316,0.1219724913857762,2,0.0,valid
Uttar_Pradesh,Ghazipur,2011,22,2012-01-19,2012-01-24,0.0816647964430486,0.29499335610882776,0.18371928812021832,0.10875355328121754,0,,insufficient_data
Uttar_Pradesh,Ghazipur,2011,23,2012-01-24,2012-01-29,0.0651391340452281,0.3047719951614185,0.1794997616246174,0.1024350503837027,2,0.0,valid
Uttar_Pradesh,Ghazipur,2011,24,2012-01-29,2012-02-03,0.0851432830369303,0.3140001453352944,0.177752568637406,0.1018531180741737,1,0.0,valid
Uttar_Pradesh,Ghazipur,2011,25,2012-02-03,2012-02-08,0.08011619500757067,0.30976660545240653,0.1751405352959007,0.09994577976834515,0,,insufficient_data
Uttar_Pradesh,Ghazipur,2011,26,2012-02-08,2012-02-13,0.0606446356055499,0.3315484842768605,0.177567825753111,0.1007383066355333,2,5.5,valid
Uttar_Pradesh,Ghazipur,2011,27,2012-02-13,2012-02-18,0.1095377273425744,0.2887457970360528,0.1657419851684684,0.0947566439799709,2,17.5,valid
Uttar_Pradesh,Ghazipur,2011,28,2012-02-18,2012-02-23,0.07855061177271172,0.3116768126911459,0.17391233747961857,0.10140793318659377,0,,insufficient_data
Uttar_Pradesh,Ghazipur,2011,29,2012-02-23,2012-02-28,0.0710103393072859,0.3106639095451405,0.1765853705201789,0.1029853511878886,2,0.0,valid
Uttar_Pradesh,Ghazipur,2011,30,2012-02-28,2012-03-04,0.0730097448354367,0.3157490599065299,0.175754168476716,0.1071514309429823,2,0.0,valid
Uttar_Pradesh,Ghazipur,2011,31,2012-03-04,2012-03-09,0.08040802751630213,0.2865875861367226,0.17762911611547474,0.11052549140054636,0,,insufficient_data
Uttar_Pradesh,Ghazipur,2011,32,2012-03-09,2012-03-14,0.09223714046551179,0.2728700570185318,0.18748730828809917,0.12261686194361801,0,,insufficient_data
Uttar_Pradesh,Ghazipur,2011,33,2012-03-14,2012-03-19,0.09931274085158709,0.26027210617632884,0.19112128754407265,0.12916069886219447,0,,insufficient_data
Uttar_Pradesh,Ghazipur,2011,34,2012-03-19,2012-03-24,0.0972039984061838,0.2333497889584972,0.1805478093495294,0.1214396920707682,2,0.0,valid
Uttar_Pradesh,Ghazipur,2011,35,2012-03-24,2012-03-29,0.1277244793131408,0.2317174696639594,0.2170618848059725,0.1588909735728329,2,4.5,valid
Uttar_Pradesh,Ghazipur,2011,36,2012-03-29,2012-04-03,0.1240971073377754,0.22652487147304068,0.2215985866033231,0.1610915305872973,0,,insufficient_data
Uttar_Pradesh,Ghazipur,2011,37,2012-04-03,2012-04-08,0.1344371660343591,0.2186030197849207,0.2371172613811463,0.1732889690616042,2,11.5,valid
Uttar_Pradesh,Ghazipur,2011,38,2012-04-08,2012-04-13,0.13306147698163925,0.2242498989778885,0.23528217902125437,0.17430881009280705,0,,insufficient_data
Uttar_Pradesh,Ghazipur,2011,39,2012-04-13,2012-04-18,0.1370227855974179,0.2224292074847854,0.2516673908766443,0.190746487643984,2,3.5,valid
Uttar_Pradesh,Ghazipur,2011,40,2012-04-18,2012-04-23,0.15281353341391066,0.23671799110140998,0.26892868939068865,0.20647131520766182,0,,insufficient_data
Uttar_Pradesh,Ghazipur,2011,41,2012-04-23,2012-04-28,0.16200171710368644,0.24577547675965464,0.2848344033954598,0.22306248828069059,0,,insufficient_data
Uttar_Pradesh,Ghazipur,2011,42,2012-04-28,2012-05-03,0.186980648609955,0.2691217460345239,0.3180014159142753,0.2553784889173972,2,2.0,valid
Uttar_Pradesh,Ghazipur,2012,0,2012-10-01,2012-10-06,0.0693939659533483,0.2803880678830756,0.1842203998673071,0.1103453716605406,0,,insufficient_data
Uttar_Pradesh,Ghazipur,2012,1,2012-10-06,2012-10-11,0.0806622947730494,0.26653631276562617,0.19531701585318134,0.1253624230941391,0,,insufficient_data
Uttar_Pradesh,Ghazipur,2012,2,2012-10-11,2012-10-16,0.0693939659533483,0.2803880678830756,0.1842203998673071,0.1103453716605406,2,0.0,valid
Uttar_Pradesh,Ghazipur,2012,3,2012-10-16,2012-10-21,0.08419857265373996,0.26442007628787434,0.19842005435185697,0.12846023890395616,0,,insufficient_data
Uttar_Pradesh,Ghazipur,2012,4,2012-10-21,2012-10-26,0.0919306235927505,0.2526845576481767,0.2064136318390556,0.1403794745277376,2,0.5,valid
Uttar_Pradesh,Ghazipur,2012,5,2012-10-26,2012-10-31,0.0912711284151211,0.2601876033323707,0.2046261313492082,0.1346558705235902,2,0.0,valid
Uttar_Pradesh,Ghazipur,2012,6,2012-10-31,2012-11-05,0.111604490910866,0.24232388636506252,0.21332136356278586,0.14674002075296846,0,,insufficient_data
Uttar_Pradesh,Ghazipur,2012,7,2012-11-05,2012-11-10,0.11756650987751,0.2276379431289377,0.2141173868483826,0.1508235033264204,1,0.0,valid
Uttar_Pradesh,Ghazipur,2012,8,2012-11-10,2012-11-15,0.1456497017580824,0.2287854413507651,0.228128304214497,0.1611012346341256,2,0.0,valid
Uttar_Pradesh,Ghazipur,2012,9,2012-11-15,2012-11-20,0.1320042534136857,0.22867210715049952,0.2303981127841506,0.16769911287561537,0,,insufficient_data
Uttar_Pradesh,Ghazipur,2012,10,2012-11-20,2012-11-25,0.1268782660856852,0.2307739988707791,0.2317967142076232,0.1716434786813573,2,0.0,valid
Uttar_Pradesh,Ghazipur,2012,11,2012-11-25,2012-11-30,0.13222661996567403,0.22720735490175042,0.23145911397675206,0.17051116330425123,0,,insufficient_data
Uttar_Pradesh,Ghazipur,2012,12,2012-11-30,2012-12-05,0.1379225359334652,0.2274910452515162,0.2475500458660996,0.1872282348605582,2,0.0,valid
Uttar_Pradesh,Ghazipur,2012,13,2012-12-05,2012-12-10,0.1184559760854633,0.2217789341339413,0.2183613916187884,0.1620717050409638,2,9.5,valid
Uttar_Pradesh,Ghazipur,2012,14,2012-12-10,2012-12-15,0.12818925600946424,0.22463498969272877,0.232955718742444,0.17464996995076099,0,,insufficient_data
Uttar_Pradesh,Ghazipur,2012,15,2012-12-15,2012-12-20,0.13613043438148423,0.22462831518697504,0.22282101564172715,0.1652694525516107,0,,insufficient_data
Uttar_Pradesh,Ghazipur,2012,16,2012-12-20,2012-12-25,0.13523438360549375,0.22319695015470448,0.2104565005295409,0.15429006139713697,0,,insufficient_data
Uttar_Pradesh,Ghazipur,2012,17,2012-12-25,2012-12-30,0.14101787631015694,0.24000059307220611,0.213961590013323,0.15189667577788235,0,,insufficient_data
Uttar_Pradesh,Ghazipur,2012,18,2012-12-30,2013-01-04,0.1520127911255242,0.2246149661754676,0.2025516094402934,0.1465084177533101,1,9.0,valid
Uttar_Pradesh,Ghazipur,2012,19,2013-01-04,2013-01-09,0.14101787631015694,0.24000059307220611,0.213961590013323,0.15189667577788235,0,,insufficient_data
Uttar_Pradesh,Ghazipur,2012,20,2013-01-09,2013-01-14,0.1300229614947897,0.2553862199689446,0.2253715705863526,0.1572849338024546,1,6.0,valid
Uttar_Pradesh,Ghazipur,2012,21,2013-01-14,2013-01-19,0.14101787631015694,0.24000059307220611,0.213961590013323,0.15189667577788235,0,,insufficient_data
Uttar_Pradesh,Ghazipur,2012,22,2013-01-19,2013-01-24,0.1300229614947897,0.2553862199689446,0.2253715705863526,0.1572849338024546,0,,insufficient_data
Uttar_Pradesh,Ghazipur,2012,23,2013-01-24,2013-01-29,0.0941416049695301,0.29668203222228257,0.2020627849825263,0.12903805131453405,1,10.0,missing_bands
Uttar_Pradesh,Ghazipur,2012,24,2013-01-29,2013-02-03,0.0582602484442705,0.3379778444756205,0.1787539993787,0.1007911688266135,0,,insufficient_data
Uttar_Pradesh,Ghazipur,2012,25,2013-02-03,2013-02-08,0.05576698961509565,0.33743762578238745,0.1630269528001011,0.08554727538921605,0,,insufficient_data
Uttar_Pradesh,Ghazipur,2012,26,2013-02-08,2013-02-13,0.0582602484442705,0.3379778444756205,0.1787539993787,0.1007911688266135,2,0.0,valid
Uttar_Pradesh,Ghazipur,2012,27,2013-02-13,2013-02-18,0.05616353068845426,0.33393317034534525,0.16429308005449764,0.08728860509670423,0,,insufficient_data
Uttar_Pradesh,Ghazipur,2012,28,2013-02-18,2013-02-23,0.0532737307859208,0.3368974070891544,0.1472999062215022,0.0703033819518186,2,5.0,valid
Uttar_Pradesh,Ghazipur,2012,29,2013-02-23,2013-02-28,0.0569566128351715,0.3269242594712609,0.1668253345632907,0.0907712645116806,2,0.0,valid
Uttar_Pradesh,Ghazipur,2012,30,2013-02-28,2013-03-05,0.061634747031555775,0.31566718732525667,0.16789527839809287,0.09375987197634984,0,,insufficient_data
Uttar_Pradesh,Ghazipur,2012,31,2013-03-05,2013-03-10,0.0622562376841469,0.3201308071731907,0.1710870914051876,0.0998352410771539,2,0.0,valid
Uttar_Pradesh,Ghazipur,2012,32,2013-03-10,2013-03-15,0.06442175244676744,0.3085904474039574,0.17476040245695645,0.10157870198452694,0,,insufficient_data
Uttar_Pradesh,Ghazipur,2012,33,2013-03-15,2013-03-20,0.0740524068209839,0.2787162755674205,0.186368781402391,0.1141296003647463,1,0.0,valid
Uttar_Pradesh,Ghazipur,2012,34,2013-03-20,2013-03-25,0.09345535687928841,0.2789484158549298,0.209824601877078,0.13949670117637267,0,,insufficient_data
Uttar_Pradesh,Ghazipur,2012,35,2013-03-25,2013-03-30,0.10905491647685914,0.25835722019579943,0.2291933571130232,0.15932743122598206,0,,insufficient_data
Uttar_Pradesh,Ghazipur,2012,36,2013-03-30,2013-04-04,0.12626359915930804,0.2514909741643236,0.2462559640120805,0.17846362348214614,0,,insufficient_data
Uttar_Pradesh,Ghazipur,2012,37,2013-04-04,2013-04-09,0.1440574261327344,0.2379981648241783,0.2720179328236554,0.2045252620872178,2,0.0,valid
Uttar_Pradesh,Ghazipur,2012,38,2013-04-09,2013-04-14,0.15384907414391868,0.23492306198534108,0.27942344235239464,0.21523940856934456,0,,insufficient_data
Uttar_Pradesh,Ghazipur,2012,39,2013-04-14,2013-04-19,0.1606809645242058,0.2377584821013718,0.2803811778101951,0.2167360079944743,2,0.0,valid
Uttar_Pradesh,Ghazipur,2012,40,2013-04-19,2013-04-24,0.1568088317748159,0.2290125390304731,0.2858712164233334,0.2244569556263416,2,2.0,valid
Uttar_Pradesh,Ghazipur,2012,41,2013-04-24,2013-04-29,0.15874489814951084,0.23338551056592244,0.28312619711676423,0.22059648181040795,0,,insufficient_data
Uttar_Pradesh,Ghazipur,2012,42,2013-04-29,2013-05-04,0.15874489814951084,0.23338551056592244,0.28312619711676423,0.22059648181040795,0,,insufficient_data
Uttar_Pradesh,Ghazipur,2013,0,2013-10-01,2013-10-06,0.0683277319658741,0.2347155992292038,0.153662834569578,0.0845273532047456,0,,insufficient_data
Uttar_Pradesh,Ghazipur,2013,1,2013-10-06,2013-10-11,0.0683277319658741,0.2347155992292038,0.153662834569578,0.0845273532047456,2,13.0,valid
Uttar_Pradesh,Ghazipur,2013,2,2013-10-11,2013-10-16,0.06271166992528801,0.24524914338626602,0.15525387079048136,0.08603419384473829,0,,insufficient_data
Uttar_Pradesh,Ghazipur,2013,3,2013-10-16,2013-10-21,0.07426142952644867,0.24709095016615504,0.16545658069257674,0.09552765924149703,0,,insufficient_data
Uttar_Pradesh,Ghazipur,2013,4,2013-10-21,2013-10-26,0.0570956078847019,0.2557826875433283,0.1568449070113847,0.087541034484731,1,1.58,valid
Uttar_Pradesh,Ghazipur,2013,5,2013-10-26,2013-10-31,0.08918063899142416,0.2403208457350234,0.18658477770206866,0.12021634418630783,0,,insufficient_data
Uttar_Pradesh,Ghazipur,2013,6,2013-10-31,2013-11-05,0.09736094872877,0.2507745637259331,0.1858620004967675,0.1145145900350145,3,7.673333333333333,valid
Uttar_Pradesh,Ghazipur,2013,7,2013-11-05,2013-11-10,0.1027696633793233,0.241479477003239,0.2056513714374621,0.142868110337751,2,14.255,valid
Uttar_Pradesh,Ghazipur,2013,8,2013-11-10,2013-11-15,0.0994963359729014,0.2132466546675933,0.1979808318626603,0.1359416418877348,2,4.5,valid
Uttar_Pradesh,Ghazipur,2013,9,2013-11-15,2013-11-20,0.1305850365923591,0.234028734222006,0.242859470151725,0.1752587336916501,4,9.0625,valid
Uttar_Pradesh,Ghazipur,2013,10,2013-11-20,2013-11-25,0.11744791237040224,0.22415461232714423,0.22237793923110064,0.16226044678684085,0,,insufficient_data
Uttar_Pradesh,Ghazipur,2013,11,2013-11-25,2013-11-30,0.127605805227499,0.2187027639208922,0.2258328112681581,0.1708712254224663,4,0.4275,valid
Uttar_Pradesh,Ghazipur,2013,12,2013-11-30,2013-12-05,0.1267827206799284,0.2133154318219907,0.2395652114354977,0.1863625225946019,4,0.2625,valid
Uttar_Pradesh,Ghazipur,2013,13,2013-12-05,2013-12-10,0.12260848790515433,0.20787968646927985,0.21877400332565272,0.1686602577851555,0,,insufficient_data
Uttar_Pradesh,Ghazipur,2013,14,2013-12-10,2013-12-15,0.1147419321347773,0.2086860825334389,0.2179184890099397,0.172442053593931,4,0.085,valid
Uttar_Pradesh,Ghazipur,2013,15,2013-12-15,2013-12-20,0.1641200893895347,0.2063176072856105,0.2308783549236919,0.1830397996002906,1,0.0,valid
Uttar_Pradesh,Ghazipur,2013,16,2013-12-20,2013-12-25,0.0797918920940322,0.192376546784467,0.1796751499909761,0.1305856877144876,2,8.625,valid
Uttar_Pradesh,Ghazipur,2013,17,2013-12-25,2013-12-30,0.0948939937548285,0.2283710001310019,0.2068831032836807,0.1565626257339527,3,12.053333333333336,valid
Uttar_Pradesh,Ghazipur,2013,18,2013-12-30,2014-01-04,0.11805308807334067,0.2172795059036881,0.20307242373888632,0.15136613770763938,0,,insufficient_data
Uttar_Pradesh,Ghazipur,2013,19,2014-01-04,2014-01-09,0.1334063770549673,0.2420528694136731,0.1948530867571966,0.1352764377818266,1,0.0,valid
Uttar_Pradesh,Ghazipur,2013,20,2014-01-09,2014-01-14,0.11415018540489791,0.23521193477233748,0.20086809502043865,0.14591953175788963,0,,insufficient_data
Uttar_Pradesh,Ghazipur,2013,21,2014-01-14,2014-01-19,0.1334063770549673,0.2420528694136731,0.1948530867571966,0.1352764377818266,0,,insufficient_data
Uttar_Pradesh,Ghazipur,2013,22,2014-01-19,2014-01-24,0.09215198983992376,0.27576984545396854,0.17770937819459626,0.11289944986768305,0,,insufficient_data
Uttar_Pradesh,Ghazipur,2013,23,2014-01-24,2014-01-29,0.0508976026248802,0.309486821494264,0.1605656696319959,0.0905224619535395,0,,insufficient_data
Uttar_Pradesh,Ghazipur,2013,24,2014-01-29,2014-02-03,0.0537531329615969,0.3178080771138534,0.16151634596465025,0.09271680461165979,0,,insufficient_data
Uttar_Pradesh,Ghazipur,2013,25,2014-02-03,2014-02-08,0.0508976026248802,0.309486821494264,0.1605656696319959,0.0905224619535395,2,1.055,valid
Uttar_Pradesh,Ghazipur,2013,26,2014-02-08,2014-02-13,0.05635014016234317,0.3237840898114605,0.1624766033093134,0.09110885803132007,0,,insufficient_data
Uttar_Pradesh,Ghazipur,2013,27,2014-02-13,2014-02-18,0.0566086632983136,0.3261293327334428,0.1624670222973046,0.0949111472697801,2,8.615,valid
Uttar_Pradesh,Ghazipur,2013,28,2014-02-18,2014-02-23,0.0615441545638357,0.3357361152066747,0.1643971179986397,0.0878929648706406,2,6.5,valid
Uttar_Pradesh,Ghazipur,2013,29,2014-02-23,2014-02-28,0.07748491331350005,0.309700769059938,0.1501356435630953,0.08216464567679087,0,,insufficient_data
Uttar_Pradesh,Ghazipur,2013,30,2014-02-28,2014-03-05,0.13320925,0.2736077499999999,0.1114044999999999,0.054914,1,6.0,valid
Uttar_Pradesh,Ghazipur,2013,31,2014-03-05,2014-03-10,0.0585775853918509,0.3033298782996346,0.162273933956437,0.0909404705667428,2,8.0,valid
Uttar_Pradesh,Ghazipur,2013,32,2014-03-10,2014-03-15,0.084649704980994,0.2738983278259899,0.1594341158701283,0.0951759904790929,0,,insufficient_data
Uttar_Pradesh,Ghazipur,2013,33,2014-03-15,2014-03-20,0.0659362977961595,0.2728322137921637,0.1705974907512504,0.107922862408622,4,0.0325,valid
Uttar_Pradesh,Ghazipur,2013,34,2014-03-20,2014-03-25,0.08046347771993705,0.2681220655754716,0.19243354894498096,0.1246406941660788,0,,insufficient_data
Uttar_Pradesh,Ghazipur,2013,35,2014-03-25,2014-03-30,0.0808756867359656,0.2458234692121612,0.1934605387728259,0.1269266289410068,3,10.576666666666666,valid
Uttar_Pradesh,Ghazipur,2013,36,2014-03-30,2014-04-04,0.1164643409557722,0.2505027009979267,0.2434022322994106,0.1727728147479436,4,3.01,valid
Uttar_Pradesh,Ghazipur,2013,37,2014-04-04,2014-04-09,0.12870639048769952,0.2540070692636012,0.2556541591837027,0.18359499492272313,0,,insufficient_data
Uttar_Pradesh,Ghazipur,2013,38,2014-04-09,2014-04-14,0.1489460226504472,0.2557897005262405,0.2897061953274478,0.2150842840753562,4,0.0,valid
Uttar_Pradesh,Ghazipur,2013,39,2014-04-14,2014-04-19,0.15638091371006096,0.2637087298916717,0.29199317245915163,0.21903232900575198,0,,insufficient_data
Uttar_Pradesh,Ghazipur,2013,40,2014-04-19,2014-04-24,0.1685395116086131,0.2639124063180764,0.2960476703351266,0.219596251926586,2,0.0,valid
Uttar_Pradesh,Ghazipur,2013,41,2014-04-24,2014-04-29,0.1915737796254114,0.2846301117244433,0.3388165918746215,0.2686759652731221,4,6.640000000000001,valid
Uttar_Pradesh,Ghazipur,2013,42,2014-04-29,2014-05-04,0.18005664561701223,0.2742712590212598,0.317432131104874,0.24413610859985405,0,,insufficient_data
Uttar_Pradesh,Ghazipur,2014,0,2014-10-01,2014-10-06,0.0654183151314513,0.3185720588347389,0.1822113863571387,0.0962301394301312,4,12.8925,valid
Uttar_Pradesh,Ghazipur,2014,1,2014-10-06,2014-10-11,0.0677027004021599,0.30218638295283873,0.1792008865927724,0.09779352390349325,0,,insufficient_data
Uttar_Pradesh,Ghazipur,2014,2,2014-10-11,2014-10-16,0.06785488251397447,0.2875613802377684,0.17689256397088512,0.09949934289109875,0,,insufficient_data
Uttar_Pradesh,Ghazipur,2014,3,2014-10-16,2014-10-21,0.0699870856728685,0.2858007070709386,0.1761903868284061,0.0993569083768553,4,0.3125,valid
Uttar_Pradesh,Ghazipur,2014,4,2014-10-21,2014-10-26,0.08482367254574949,0.2592042804684697,0.19123506208387897,0.12197496400203114,0,,insufficient_data
Uttar_Pradesh,Ghazipur,2014,5,2014-10-26,2014-10-31,0.0681592467376036,0.2583113748076278,0.1722759187271106,0.1029109808663098,3,2.65,valid
Uttar_Pradesh,Ghazipur,2014,6,2014-10-31,2014-11-05,0.1150109706036988,0.2621444583915208,0.2211038183736706,0.1508170907393097,2,4.5,valid
Uttar_Pradesh,Ghazipur,2014,7,2014-11-05,2014-11-10,0.0861373871688271,0.2305605816037917,0.1953701244063286,0.1348148760256498,2,1.44,valid
Uttar_Pradesh,Ghazipur,2014,8,2014-11-10,2014-11-15,0.1435581193031223,0.2465089962240873,0.2345110604152098,0.1705804922223671,2,3.5,valid
Uttar_Pradesh,Ghazipur,2014,9,2014-11-15,2014-11-20,0.12150040799636241,0.24200136064506564,0.22590749480579753,0.1633303389307264,0,,insufficient_data
Uttar_Pradesh,Ghazipur,2014,10,2014-11-20,2014-11-25,0.1312469582874227,0.238655301811729,0.2466503788613904,0.1845288263425448,4,0.6225,valid
Uttar_Pradesh,Ghazipur,2014,11,2014-11-25,2014-11-30,0.1315486046187412,0.2321374651941994,0.2319020919723884,0.1759104093237605,4,0.94,valid
Uttar_Pradesh,Ghazipur,2014,12,2014-11-30,2014-12-05,0.13139778145308195,0.2353963835029642,0.23927623541688942,0.18021961783315266,0,,insufficient_data
Uttar_Pradesh,Ghazipur,2014,13,2014-12-05,2014-12-10,0.13139778145308195,0.2353963835029642,0.23927623541688942,0.18021961783315266,0,,insufficient_data
Uttar_Pradesh,Ghazipur,2014,14,2014-12-10,2014-12-15,0.1315486046187412,0.2321374651941994,0.2319020919723884,0.1759104093237605,0,,insufficient_data
Uttar_Pradesh,Ghazipur,2014,15,2014-12-15,2014-12-20,,,,,0,,insufficient_data
Uttar_Pradesh,Ghazipur,2014,16,2014-12-20,2014-12-25,0.0718526059937248,0.2435518541871124,0.1653172763729487,0.1055798004140293,0,,insufficient_data
Uttar_Pradesh,Ghazipur,2014,17,2014-12-25,2014-12-30,0.0718526059937248,0.2435518541871124,0.1653172763729487,0.1055798004140293,0,,insufficient_data
Uttar_Pradesh,Ghazipur,2014,18,2014-12-30,2015-01-04,0.0718526059937248,0.2435518541871124,0.1653172763729487,0.1055798004140293,1,28.14,missing_bands
Uttar_Pradesh,Ghazipur,2014,19,2015-01-04,2015-01-09,0.0718526059937248,0.2435518541871124,0.1653172763729487,0.1055798004140293,3,10.823333333333332,valid
Uttar_Pradesh,Ghazipur,2014,20,2015-01-09,2015-01-14,0.07857048976360173,0.26565237269479547,0.16967516396274548,0.1071504313016997,0,,insufficient_data
Uttar_Pradesh,Ghazipur,2014,21,2015-01-14,2015-01-19,0.07277237525240472,0.2708205225984476,0.16592529062929326,0.10310965745475864,0,,insufficient_data
Uttar_Pradesh,Ghazipur,2014,22,2015-01-19,2015-01-24,0.1021335554534646,0.2813894358211488,0.1853446085367655,0.1160238350792599,1,24.0,valid
Uttar_Pradesh,Ghazipur,2014,23,2015-01-24,2015-01-29,0.0617253078436158,0.2720158280761253,0.1583636069785222,0.0998476584118099,2,28.605,valid
Uttar_Pradesh,Ghazipur,2014,24,2015-01-29,2015-02-03,0.0553780317188137,0.2863249723094038,0.1546756706289366,0.0909873359139355,4,1.26,valid
Uttar_Pradesh,Ghazipur,2014,25,2015-02-03,2015-02-08,0.0654112156698067,0.29049869156220076,0.16204974280149825,0.09677806522021007,0,,insufficient_data
Uttar_Pradesh,Ghazipur,2014,26,2015-02-08,2015-02-13,0.0496552987379288,0.3068971380579631,0.1553236300819648,0.0858698823105717,1,6.75,valid
Uttar_Pradesh,Ghazipur,2014,27,2015-02-13,2015-02-18,0.0581638845952106,0.3058660835463629,0.1565411977813023,0.0911616143854733,4,4.645,valid
Uttar_Pradesh,Ghazipur,2014,28,2015-02-18,2015-02-23,0.06256656600594361,0.29785647032780727,0.1620204636836413,0.09353146665909659,0,,insufficient_data
Uttar_Pradesh,Ghazipur,2014,29,2015-02-23,2015-02-28,0.0832005057981002,0.3070230816164481,0.1653387989680187,0.0926983009173887,3,9.356666666666667,valid
Uttar_Pradesh,Ghazipur,2014,30,2015-02-28,2015-03-05,0.06937855093722983,0.28603977446405726,0.1689619019872104,0.10168723484463983,0,,insufficient_data
Uttar_Pradesh,Ghazipur,2014,31,2015-03-05,2015-03-10,0.0592465748925348,0.2716395780904549,0.1708782279032795,0.1043960690229526,2,0.0,valid
Uttar_Pradesh,Ghazipur,2014,32,2015-03-10,2015-03-15,0.0769032384630737,0.259630354602963,0.1830893832962411,0.1184929550527447,4,9.455,valid
Uttar_Pradesh,Ghazipur,2014,33,2015-03-15,2015-03-20,0.08107995577292418,0.2395922910721782,0.19076228869633804,0.12797814544212105,0,,insufficient_data
Uttar_Pradesh,Ghazipur,2014,34,2015-03-20,2015-03-25,0.0810299494874272,0.2242457227945244,0.1943060104378426,0.1392385088980773,4,0.0075,valid
Uttar_Pradesh,Ghazipur,2014,35,2015-03-25,2015-03-30,0.107140060248661,0.2028535088007705,0.214775533147989,0.1497850487947096,4,0.2625,valid
Uttar_Pradesh,Ghazipur,2014,36,2015-03-30,2015-04-04,0.1124109491653109,0.21160103182304485,0.22745778895088076,0.16831624820960792,0,,insufficient_data
Uttar_Pradesh,Ghazipur,2014,37,2015-04-04,2015-04-09,0.116193338203611,0.1932804937667222,0.2154312185619207,0.1580143759761629,2,8.5,valid
Uttar_Pradesh,Ghazipur,2014,38,2015-04-09,2015-04-14,0.1452804487215444,0.2260244019301622,0.2853183936557708,0.2262270591694819,1,6.0,valid
Uttar_Pradesh,Ghazipur,2014,39,2015-04-14,2015-04-19,0.14380418903348255,0.23094671615560441,0.2756354977587271,0.2154314647922679,0,,insufficient_data
Uttar_Pradesh,Ghazipur,2014,40,2015-04-19,2015-04-24,0.152573902250095,0.2529275147226258,0.300699453102968,0.2420270980758753,4,1.3675,valid
Uttar_Pradesh,Ghazipur,2014,41,2015-04-24,2015-04-29,0.15300780597677308,0.24350212361856513,0.2957035908243291,0.23457049439763625,0,,insufficient_data
Uttar_Pradesh,Ghazipur,2014,42,2015-04-29,2015-05-04,0.1611690669586798,0.2515544542029074,0.3010929257142487,0.2354573259475515,2,3.0,valid
Uttar_Pradesh,Ghazipur,2015,0,2015-10-01,2015-10-06,0.0680003124759434,0.28257325753067075,0.1915090108916354,0.1129659511433876,0,,insufficient_data
Uttar_Pradesh,Ghazipur,2015,1,2015-10-06,2015-10-11,0.0670614725453921,0.2837632942315103,0.1926094135998227,0.1140802305046968,4,5.8175,valid
Uttar_Pradesh,Ghazipur,2015,2,2015-10-11,2015-10-16,0.0689391524064947,0.2813832208298312,0.1904086081834481,0.1118516717820784,4,11.575,valid
Uttar_Pradesh,Ghazipur,2015,3,2015-10-16,2015-10-21,0.07914450161791971,0.26006095939371787,0.18580131353641088,0.11231846481080313,0,,insufficient_data
Uttar_Pradesh,Ghazipur,2015,4,2015-10-21,2015-10-26,0.1086796027231404,0.2757331343043644,0.2080393931446623,0.1294976821954542,4,1.275,valid
Uttar_Pradesh,Ghazipur,2015,5,2015-10-26,2015-10-31,0.0725336721839863,0.2436505276965175,0.1632913584880845,0.0956181766885789,1,3.06,valid
Uttar_Pradesh,Ghazipur,2015,6,2015-10-31,2015-11-05,0.078508608230585,0.2157746199063659,0.1746577942660369,0.1105445628832073,2,0.0,valid
Uttar_Pradesh,Ghazipur,2015,7,2015-11-05,2015-11-10,0.1117743793074611,0.2493771896458763,0.2275953312660241,0.1541964228366383,4,4.7575,valid
Uttar_Pradesh,Ghazipur,2015,8,2015-11-10,2015-11-15,0.09842932295349381,0.23185822929646283,0.20436579866782792,0.13816882043232587,0,,insufficient_data
Uttar_Pradesh,Ghazipur,2015,9,2015-11-15,2015-11-20,0.1325569953546011,0.2451814205195241,0.2459759291399753,0.1811871532196518,3,9.84,valid
Uttar_Pradesh,Ghazipur,2015,10,2015-11-20,2015-11-25,0.0967729596908356,0.2053073887140304,0.2103085801790188,0.149297786533553,2,5.83,valid
Uttar_Pradesh,Ghazipur,2015,11,2015-11-25,2015-11-30,0.11819401114883117,0.22590095593474455,0.2298745827348463,0.1669401682366334,0,,insufficient_data
Uttar_Pradesh,Ghazipur,2015,12,2015-11-30,2015-12-05,0.1252520784010568,0.2272140585706791,0.2333392388855448,0.1703355649566954,4,5.6275,valid
Uttar_Pradesh,Ghazipur,2015,13,2015-12-05,2015-12-10,0.11040578157501996,0.21702570582635564,0.21887419435533143,0.161541477884836,1,24.0,missing_bands
Uttar_Pradesh,Ghazipur,2015,14,2015-12-10,2015-12-15,0.11730005793918265,0.22547724379845838,0.2236500638867939,0.1687092613708141,1,24.05,missing_bands
Uttar_Pradesh,Ghazipur,2015,15,2015-12-15,2015-12-20,0.1091923066331675,0.2185556701943574,0.2129747640014307,0.1649910821642596,4,5.3475,valid
Uttar_Pradesh,Ghazipur,2015,16,2015-12-20,2015-12-25,0.1255889282507108,0.231080089919895,0.20645106066225552,0.1515185216969747,0,,insufficient_data
Uttar_Pradesh,Ghazipur,2015,17,2015-12-25,2015-12-30,0.1174557887833237,0.2306620026303387,0.2246361887734062,0.1708011369914873,4,0.4625,valid
Uttar_Pradesh,Ghazipur,2015,18,2015-12-30,2016-01-04,0.1501186893356412,0.2440225969349889,0.1817422292119297,0.1187633459351772,3,12.876666666666663,valid
Uttar_Pradesh,Ghazipur,2015,19,2016-01-04,2016-01-09,0.10990454586318177,0.24990766386174126,0.19967729931042794,0.13855844556996538,0,,insufficient_data
Uttar_Pradesh,Ghazipur,2015,20,2016-01-09,2016-01-14,0.0930148358740833,0.2543340131403727,0.2047076690641644,0.1403301934891974,3,6.316666666666666,valid
Uttar_Pradesh,Ghazipur,2015,21,2016-01-14,2016-01-19,0.0790288694596789,0.2706120427412647,0.1876231101922114,0.1243391058639996,1,21.3,valid
Uttar_Pradesh,Ghazipur,2015,22,2016-01-19,2016-01-24,0.07510754026314462,0.27518154067061457,0.18302668827184163,0.11876125740938948,0,,insufficient_data
Uttar_Pradesh,Ghazipur,2015,23,2016-01-24,2016-01-29,0.0654309499438298,0.2757282295366658,0.1720547588789308,0.1074075400491652,1,0.07,valid
Uttar_Pradesh,Ghazipur,2015,24,2016-01-29,2016-02-03,0.07098987332272222,0.29754722613145157,0.17865610783754454,0.11041862706727858,0,,insufficient_data
Uttar_Pradesh,Ghazipur,2015,25,2016-02-03,2016-02-08,0.0629555057749865,0.300051877264155,0.1677212149520598,0.1029681902351957,4,0.285,valid
Uttar_Pradesh,Ghazipur,2015,26,2016-02-08,2016-02-13,0.0765441681123937,0.343796754983721,0.1872253473269761,0.1069596721207538,3,0.4366666666666667,valid
Uttar_Pradesh,Ghazipur,2015,27,2016-02-13,2016-02-18,0.07218685803992847,0.3064279913273812,0.17225815543081316,0.10208265742098774,0,,insufficient_data
Uttar_Pradesh,Ghazipur,2015,28,2016-02-18,2016-02-23,0.057994442751072,0.3116249381514779,0.165120792514474,0.0978647505649738,2,2.33,valid
Uttar_Pradesh,Ghazipur,2015,29,2016-02-23,2016-02-28,0.0977460572434427,0.2887540085383934,0.1698822192738293,0.0986721614266958,2,6.0,valid
Uttar_Pradesh,Ghazipur,2015,30,2016-02-28,2016-03-04,0.0656941163177474,0.2879123776991583,0.1713412030867266,0.1039485127573196,2,2.32,valid
Uttar_Pradesh,Ghazipur,2015,31,2016-03-04,2016-03-09,0.0816956691369455,0.2648249502518089,0.1920023502901078,0.121350110583904,2,3.0,valid
Uttar_Pradesh,Ghazipur,2015,32,2016-03-09,2016-03-14,0.08308637212299799,0.2576361241416397,0.1846061627380406,0.12027281770193801,0,,insufficient_data
Uttar_Pradesh,Ghazipur,2015,33,2016-03-14,2016-03-19,0.0704432097542573,0.2198613139401927,0.16741433204747,0.1098079216262296,3,9.776666666666666,valid
Uttar_Pradesh,Ghazipur,2015,34,2016-03-19,2016-03-24,0.099852808162597,0.2268279702786456,0.2223907089920691,0.167585382115541,4,0.0075,valid
Uttar_Pradesh,Ghazipur,2015,35,2016-03-24,2016-03-29,0.11115432213563681,0.22454637548665352,0.2290805822707696,0.1694941275030826,0,,insufficient_data
Uttar_Pradesh,Ghazipur,2015,36,2016-03-29,2016-04-03,0.1263929295924807,0.2175006624849353,0.2542640267257928,0.1930021612826659,4,0.3875,valid
Uttar_Pradesh,Ghazipur,2015,37,2016-04-03,2016-04-08,0.13850402614043744,0.23562778181288355,0.2696493165383405,0.20946787874167222,0,,insufficient_data
Uttar_Pradesh,Ghazipur,2015,38,2016-04-08,2016-04-13,0.1479283410332122,0.2339955552428405,0.2722532613177466,0.2075810449878939,2,0.0,valid
Uttar_Pradesh,Ghazipur,2015,39,2016-04-13,2016-04-18,0.1798420257734598,0.2641869392451127,0.3296892691177535,0.2697029265805882,4,3.0075000000000003,valid
Uttar_Pradesh,Ghazipur,2015,40,2016-04-18,2016-04-23,0.17055051157824722,0.26190221007469877,0.3136892983521504,0.25179726549433495,0,,insufficient_data
Uttar_Pradesh,Ghazipur,2015,41,2016-04-23,2016-04-28,0.1838811679280696,0.287524135736143,0.3391253646209512,0.2781078249145227,4,0.0,valid
Uttar_Pradesh,Ghazipur,2015,42,2016-04-28,2016-05-03,0.1818615968507647,0.27585553749062786,0.3344073168693523,0.27390537574755547,0,,insufficient_data
Uttar_Pradesh,Ghazipur,2016,0,2016-10-01,2016-10-06,0.0627650054195867,0.2331487959025388,0.1319837837732707,0.0664026822350386,2,15.0,valid
Uttar_Pradesh,Ghazipur,2016,1,2016-10-06,2016-10-11,0.0785523746089701,0.24883296271870223,0.16839937965969523,0.10194850703287507,0,,insufficient_data
Uttar_Pradesh,Ghazipur,2016,2,2016-10-11,2016-10-16,0.0785523746089701,0.24883296271870223,0.16839937965969523,0.10194850703287507,0,,insufficient_data
Uttar_Pradesh,Ghazipur,2016,3,2016-10-16,2016-10-21,0.0678955037671953,0.2609654830697592,0.1666824162450196,0.1006839153722168,4,0.54,valid
Uttar_Pradesh,Ghazipur,2016,4,2016-10-21,2016-10-26,0.1049966146401283,0.2523846091838087,0.2065319389607955,0.1387589234913698,3,0.05,valid
Uttar_Pradesh,Ghazipur,2016,5,2016-10-26,2016-10-31,0.09364697908404128,0.23745872384387853,0.19728748446865557,0.134213421804154,0,,insufficient_data
Uttar_Pradesh,Ghazipur,2016,6,2016-10-31,2016-11-05,0.1017004899904717,0.2347596578698016,0.2181756978496673,0.1548341475166982,4,0.64,valid
Uttar_Pradesh,Ghazipur,2016,7,2016-11-05,2016-11-10,0.10600065057330857,0.22673946044659954,0.21351948579909394,0.15356360138420203,1,11.0,missing_bands
Uttar_Pradesh,Ghazipur,2016,8,2016-11-10,2016-11-15,0.0999953079383698,0.2017251452521447,0.1977598848191399,0.1425767008363312,2,4.63,valid
Uttar_Pradesh,Ghazipur,2016,9,2016-11-15,2016-11-20,0.1173101897242645,0.2180884294806432,0.231610421566773,0.1780846336924089,4,0.0725,valid
Uttar_Pradesh,Ghazipur,2016,10,2016-11-20,2016-11-25,0.1151239476286529,0.2114239351577187,0.22398697741159557,0.16993862707962984,0,,insufficient_data
Uttar_Pradesh,Ghazipur,2016,11,2016-11-25,2016-11-30,0.1280663452233244,0.2144582307403682,0.2425906258488738,0.1891545467101494,4,0.025,valid
Uttar_Pradesh,Ghazipur,2016,12,2016-11-30,2016-12-05,0.11267597922543193,0.2159432591640026,0.22322977927760945,0.17118994887540162,0,,insufficient_data
Uttar_Pradesh,Ghazipur,2016,13,2016-12-05,2016-12-10,0.1154580025705773,0.21719466705562598,0.21010125744483232,0.1564348404014033,0,,insufficient_data
Uttar_Pradesh,Ghazipur,2016,14,2016-12-10,2016-12-15,0.1154580025705773,0.21719466705562598,0.21010125744483232,0.1564348404014033,1,20.0,missing_bands
Uttar_Pradesh,Ghazipur,2016,15,2016-12-15,2016-12-20,0.0926514027287069,0.2152831172709964,0.1954882904171815,0.1463306662236465,2,0.03,valid
Uttar_Pradesh,Ghazipur,2016,16,2016-12-20,2016-12-25,0.1256562597597006,0.2218426531555134,0.1922248560684416,0.133819308270414,2,0.0,valid
Uttar_Pradesh,Ghazipur,2016,17,2016-12-25,2016-12-30,0.09490253367064183,0.24048372121481165,0.1886938522287914,0.12945345139632955,2,21.14,missing_bands
Uttar_Pradesh,Ghazipur,2016,18,2016-12-30,2017-01-04,0.09490253367064183,0.24048372121481165,0.1886938522287914,0.12945345139632955,0,,insufficient_data
Uttar_Pradesh,Ghazipur,2016,19,2017-01-04,2017-01-09,0.0839330421858218,0.26384640748198046,0.17690725307859076,0.11256769326031563,1,22.0,missing_bands
Uttar_Pradesh,Ghazipur,2016,20,2017-01-09,2017-01-14,0.066399938523518,0.2843253932179252,0.1783684102007511,0.1082103796949282,4,0.0025,valid
Uttar_Pradesh,Ghazipur,2016,21,2017-01-14,2017-01-19,0.0593567411760129,0.2980016449083205,0.15996610603839115,0.09115648422087955,0,,insufficient_data
Uttar_Pradesh,Ghazipur,2016,22,2017-01-19,2017-01-24,0.0597429282742468,0.2853711760725029,0.1601284929665795,0.0956733918156047,4,10.535,valid
Uttar_Pradesh,Ghazipur,2016,23,2017-01-24,2017-01-29,0.0592462288847115,0.3284653872522931,0.1512064842993062,0.0757026648788315,2,10.5,valid
Uttar_Pradesh,Ghazipur,2016,24,2017-01-29,2017-02-03,0.0520378690215753,0.2938446230905607,0.1501610366869278,0.0850395004941538,2,7.65,valid
Uttar_Pradesh,Ghazipur,2016,25,2017-02-03,2017-02-08,0.0515569186761062,0.3109874075369798,0.1490513326537471,0.0843556580930509,4,0.04,valid
Uttar_Pradesh,Ghazipur,2016,26,2017-02-08,2017-02-13,0.05900829395096554,0.31265270208209134,0.1539452617930291,0.0854902193735828,0,,insufficient_data
Uttar_Pradesh,Ghazipur,2016,27,2017-02-13,2017-02-18,0.074446459153754,0.3253436219064687,0.165231784738372,0.0902179810104904,4,0.215,valid
Uttar_Pradesh,Ghazipur,2016,28,2017-02-18,2017-02-23,0.0577539940186807,0.3046224706241542,0.1540756705867924,0.0921352923913874,4,0.1625,valid
Uttar_Pradesh,Ghazipur,2016,29,2017-02-23,2017-02-28,0.07981942812270028,0.292642062185121,0.1673793967287201,0.10111447123909716,0,,insufficient_data
Uttar_Pradesh,Ghazipur,2016,30,2017-02-28,2017-03-05,0.0677956894769533,0.2943484215874373,0.1671372412956741,0.1011968679866596,4,0.595,valid
Uttar_Pradesh,Ghazipur,2016,31,2017-03-05,2017-03-10,0.0736013230751798,0.2744604789771739,0.167954900794432,0.1083894697562347,2,21.11,valid
Uttar_Pradesh,Ghazipur,2016,32,2017-03-10,2017-03-15,0.1254996748889336,0.2644353178303711,0.1824973862283301,0.1136327450507137,1,22.0,valid
Uttar_Pradesh,Ghazipur,2016,33,2017-03-15,2017-03-20,0.0901792004204505,0.2509524096411194,0.1901502570564704,0.1323053591111045,2,0.15,valid
Uttar_Pradesh,Ghazipur,2016,34,2017-03-20,2017-03-25,0.10533123511069693,0.24562817447976731,0.19774253323728985,0.13667543985589076,0,,insufficient_data
Uttar_Pradesh,Ghazipur,2016,35,2017-03-25,2017-03-30,0.1038314335203399,0.2184165756697903,0.2000089109099634,0.1440885594808877,4,6.755,valid
Uttar_Pradesh,Ghazipur,2016,36,2017-03-30,2017-04-04,0.1335445436485809,0.2198760902803819,0.2481012111972534,0.1849610658805132,4,1.2775,valid
Uttar_Pradesh,Ghazipur,2016,37,2017-04-04,2017-04-09,0.14122808183943553,0.23653678908019868,0.26368526508866985,0.2010373260706393,0,,insufficient_data
Uttar_Pradesh,Ghazipur,2016,38,2017-04-09,2017-04-14,0.1555698788800677,0.2627089704049061,0.2987403424210165,0.2397531489947663,4,0.0075,valid
Uttar_Pradesh,Ghazipur,2016,39,2017-04-14,2017-04-19,0.1697749483921075,0.2465732030658104,0.3105092332382816,0.2408635658136079,2,1.0,valid
Uttar_Pradesh,Ghazipur,2016,40,2017-04-19,2017-04-24,0.1434196047560818,0.2351091059801046,0.2610666276768345,0.1955202901834213,2,15.98,valid
Uttar_Pradesh,Ghazipur,2016,41,2017-04-24,2017-04-29,0.179804292668368,0.2835102504109452,0.3232720236694987,0.2634352563386178,4,2.31,valid
Uttar_Pradesh,Ghazipur,2016,42,2017-04-29,2017-05-04,0.16433294860551909,0.25506418648562007,0.29828262819487156,0.23327303744521566,0,,insufficient_data
Uttar_Pradesh,Ghazipur,2017,0,2017-10-01,2017-10-06,0.0524722842481049,0.3637775610033317,0.1717187961505905,0.0872569190208452,2,23.33,valid
Uttar_Pradesh,Ghazipur,2017,1,2017-10-06,2017-10-11,0.0524722842481049,0.3637775610033317,0.1717187961505905,0.0872569190208452,0,,insufficient_data
Uttar_Pradesh,Ghazipur,2017,2,2017-10-11,2017-10-16,0.08472245919645904,0.3102318322546683,0.18846188976337536,0.11057218881850746,0,,insufficient_data
Uttar_Pradesh,Ghazipur,2017,3,2017-10-16,2017-10-21,0.0898720791817496,0.29184636938943803,0.20230808671413522,0.126340938466451,0,,insufficient_data
Uttar_Pradesh,Ghazipur,2017,4,2017-10-21,2017-10-26,0.10816670211322106,0.24970665082600532,0.22119309900504833,0.14983442703008998,0,,insufficient_data
Uttar_Pradesh,Ghazipur,2017,5,2017-10-26,2017-10-31,0.1169726341448132,0.256686103506005,0.2052049833761602,0.1338874586161697,3,7.68,valid
Uttar_Pradesh,Ghazipur,2017,6,2017-10-31,2017-11-05,0.1001713191523307,0.2550754436589775,0.2300004806156549,0.1578784377623381,2,1.72,valid
Uttar_Pradesh,Ghazipur,2017,7,2017-11-05,2017-11-10,0.1073561530425193,0.2373584053130334,0.2283738330233299,0.1577373847117621,2,0.0,valid
Uttar_Pradesh,Ghazipur,2017,8,2017-11-10,2017-11-15,0.1285840496406035,0.2403376880114286,0.2527655734066754,0.1839625864676311,3,11.223333333333334,valid
Uttar_Pradesh,Ghazipur,2017,9,2017-11-15,2017-11-20,0.12090580563270001,0.23629359698428537,0.23901003011021463,0.17338327828108546,0,,insufficient_data
Uttar_Pradesh,Ghazipur,2017,10,2017-11-20,2017-11-25,0.1179229481385369,0.2293784175085916,0.2422162637888868,0.1787052374956101,4,1.9575,valid
Uttar_Pradesh,Ghazipur,2017,11,2017-11-25,2017-11-30,0.1504945581895096,0.2193180304293957,0.2416939997165261,0.1886327449680859,3,2.223333333333333,valid
Uttar_Pradesh,Ghazipur,2017,12,2017-11-30,2017-12-05,0.1286013989278107,0.22597985501129608,0.23521436931435127,0.17930913223473247,0,,insufficient_data
Uttar_Pradesh,Ghazipur,2017,13,2017-12-05,2017-12-10,0.1450085773966919,0.228473493982425,0.2312796204140418,0.174208055146426,2,0.0,valid
Uttar_Pradesh,Ghazipur,2017,14,2017-12-10,2017-12-15,0.1269163479540646,0.2273553708970541,0.2411713341077822,0.1872962203550578,1,0.0,valid
Uttar_Pradesh,Ghazipur,2017,15,2017-12-15,2017-12-20,0.1026645629602505,0.225373962239014,0.2197106285445194,0.1677034032084825,1,0.04,valid
Uttar_Pradesh,Ghazipur,2017,16,2017-12-20,2017-12-25,0.1124366215522327,0.2349468261770426,0.2076661578904754,0.1536485646207623,4,18.225,valid
Uttar_Pradesh,Ghazipur,2017,17,2017-12-25,2017-12-30,0.11400584415551594,0.22922538643770354,0.222849373514259,0.16954939606143418,0,,insufficient_data
Uttar_Pradesh,Ghazipur,2017,18,2017-12-30,2018-01-04,0.10755059225624161,0.2301603942080283,0.21368839321749739,0.1606759839146224,0,,insufficient_data
Uttar_Pradesh,Ghazipur,2017,19,2018-01-04,2018-01-09,0.085222930025005,0.2427450442653467,0.17976749095784617,0.12433976721137034,2,16.905,missing_bands
Uttar_Pradesh,Ghazipur,2017,20,2018-01-09,2018-01-14,0.09188339524490456,0.2624692202704511,0.1785486975205769,0.11260714486114845,0,,insufficient_data
Uttar_Pradesh,Ghazipur,2017,21,2018-01-14,2018-01-19,0.0865093769346484,0.2747788279115399,0.18225361248317692,0.11195030338038166,2,9.825,missing_bands
Uttar_Pradesh,Ghazipur,2017,22,2018-01-19,2018-01-24,0.0580092384977773,0.2505432623536508,0.1518688240252169,0.0950309698019784,2,9.61,valid
Uttar_Pradesh,Ghazipur,2017,23,2018-01-24,2018-01-29,0.1257575519920318,0.2743951781872514,0.2052285710159369,0.1301833199203185,1,15.0,valid
Uttar_Pradesh,Ghazipur,2017,24,2018-01-29,2018-02-03,0.0757613403141361,0.2993980431937174,0.1896634424083769,0.1106366204188481,2,12.11,valid
Uttar_Pradesh,Ghazipur,2017,25,2018-02-03,2018-02-08,0.07590357733647374,0.2930295488989101,0.17346818878884845,0.10361884160896354,0,,insufficient_data
Uttar_Pradesh,Ghazipur,2017,26,2018-02-08,2018-02-13,0.0555069084896905,0.2985486998912157,0.154744297974159,0.0911159714091303,3,10.9,valid
Uttar_Pradesh,Ghazipur,2017,27,2018-02-13,2018-02-18,0.064482847388733,0.3422625608687151,0.1658358085205525,0.0911273264945424,4,0.0275,valid
Uttar_Pradesh,Ghazipur,2017,28,2018-02-18,2018-02-23,0.06178533286268663,0.31644550776718555,0.15997985918348526,0.09296502820728139,0,,insufficient_data
Uttar_Pradesh,Ghazipur,2017,29,2018-02-23,2018-02-28,0.0591690570861616,0.3142867820477319,0.1522241388547845,0.0896121077669745,3,8.376666666666667,valid
Uttar_Pradesh,Ghazipur,2017,30,2018-02-28,2018-03-05,0.0679825184861614,0.3106839882610794,0.1671151913844451,0.1000047071584784,2,0.0,valid
Uttar_Pradesh,Ghazipur,2017,31,2018-03-05,2018-03-10,0.07434087346801274,0.2812563725425548,0.17013106401220246,0.10787008164529992,0,,insufficient_data
Uttar_Pradesh,Ghazipur,2017,32,2018-03-10,2018-03-15,0.0726694616155356,0.2712633485553914,0.1686421329166413,0.1098185727286545,4,5.1275,valid
Uttar_Pradesh,Ghazipur,2017,33,2018-03-15,2018-03-20,0.09031584352474795,0.2624793978429805,0.18867656650216647,0.12697999340396332,0,,insufficient_data
Uttar_Pradesh,Ghazipur,2017,34,2018-03-20,2018-03-25,0.0975424566841924,0.2287913713060166,0.192542792892939,0.1320449389270923,4,1.98,valid
Uttar_Pradesh,Ghazipur,2017,35,2018-03-25,2018-03-30,0.1230689373131024,0.2391788832494348,0.2264061488146405,0.1660517548016281,4,0.0225,valid
Uttar_Pradesh,Ghazipur,2017,36,2018-03-30,2018-04-04,0.13812891974717206,0.24024279654637612,0.24884208532323138,0.18613203816264806,0,,insufficient_data
Uttar_Pradesh,Ghazipur,2017,37,2018-04-04,2018-04-09,0.1625782100331991,0.2468569830091611,0.2706986658421978,0.1983450619703197,4,2.5025,valid
Uttar_Pradesh,Ghazipur,2017,38,2018-04-09,2018-04-14,0.1537703632442834,0.2533018176485893,0.2873772086724373,0.2228401018267039,2,4.220000000000001,valid
Uttar_Pradesh,Ghazipur,2017,39,2018-04-14,2018-04-19,0.153684631461083,0.2330849275186789,0.2671856103939423,0.2113783332874962,2,15.5,valid
Uttar_Pradesh,Ghazipur,2017,40,2018-04-19,2018-04-24,0.176682076143993,0.2545638392567467,0.3167999416027079,0.2569287403955373,4,0.0075,valid
Uttar_Pradesh,Ghazipur,2017,41,2018-04-24,2018-04-29,0.1641278388608236,0.25320594598096896,0.2976501030814283,0.23652071273442551,0,,insufficient_data
Uttar_Pradesh,Ghazipur,2017,42,2018-04-29,2018-05-04,0.172374284593935,0.2718731994998609,0.3192376516566258,0.2549356754279647,2,1.1749999999999998,valid
Uttar_Pradesh,Ghazipur,2018,0,2018-10-01,2018-10-06,0.0727073616800347,0.2823413606622375,0.181619994374369,0.1095824983445016,0,,insufficient_data
Uttar_Pradesh,Ghazipur,2018,1,2018-10-06,2018-10-11,0.0663281669062638,0.2875709148583988,0.1768841459073498,0.1052674192140072,4,0.315,valid
Uttar_Pradesh,Ghazipur,2018,2,2018-10-11,2018-10-16,0.0790865564538056,0.2771118064660762,0.1863558428413882,0.113897577474996,4,8.5375,valid
Uttar_Pradesh,Ghazipur,2018,3,2018-10-16,2018-10-21,0.081674293731751,0.26037099903717653,0.1902603033689821,0.12032020227893055,0,,insufficient_data
Uttar_Pradesh,Ghazipur,2018,4,2018-10-21,2018-10-26,0.081334756501149,0.2650001800235763,0.1886187812967629,0.1206171136217256,4,3.06,valid
Uttar_Pradesh,Ghazipur,2018,5,2018-10-26,2018-10-31,0.0991914815488595,0.2440882978862386,0.2136935470435673,0.138601248134418,2,4.5,valid
Uttar_Pradesh,Ghazipur,2018,6,2018-10-31,2018-11-05,0.0824305072486771,0.2280837959515928,0.1857491997558422,0.1232176529495059,2,5.3,valid
Uttar_Pradesh,Ghazipur,2018,7,2018-11-05,2018-11-10,0.1132838840317451,0.2489281708658695,0.2340499182987994,0.1695553255106605,3,1.27,valid
Uttar_Pradesh,Ghazipur,2018,8,2018-11-10,2018-11-15,0.10407247555714072,0.23070040092126,0.21560631262455732,0.15147741774034806,0,,insufficient_data
Uttar_Pradesh,Ghazipur,2018,9,2018-11-15,2018-11-20,0.1097667124580675,0.2129018379447155,0.2130858469624403,0.1523685307072237,2,14.9,valid
Uttar_Pradesh,Ghazipur,2018,10,2018-11-20,2018-11-25,0.1156897924983544,0.2194999019578836,0.2314530510621375,0.1736443313999322,4,0.02,valid
Uttar_Pradesh,Ghazipur,2018,11,2018-11-25,2018-11-30,0.1270603974728196,0.2187576030907404,0.22366443282461188,0.16819963362942433,0,,insufficient_data
Uttar_Pradesh,Ghazipur,2018,12,2018-11-30,2018-12-05,0.1617796256465038,0.2174556075681703,0.2302458473754513,0.1745632605179405,4,5.52,valid
Uttar_Pradesh,Ghazipur,2018,13,2018-12-05,2018-12-10,0.1189806789356014,0.2129294568210802,0.2245165915912414,0.1790058974391882,2,0.2,valid
Uttar_Pradesh,Ghazipur,2018,14,2018-12-10,2018-12-15,0.1290851778255709,0.2310012111618524,0.2190208271317889,0.1614161480828371,2,0.5,valid
Uttar_Pradesh,Ghazipur,2018,15,2018-12-15,2018-12-20,0.13389754088807823,0.22380208233851348,0.21674226285829684,0.1645795389127378,0,,insufficient_data
Uttar_Pradesh,Ghazipur,2018,16,2018-12-20,2018-12-25,0.12692701969847184,0.22538870103109926,0.2133663667290083,0.1620836085114371,0,,insufficient_data
Uttar_Pradesh,Ghazipur,2018,17,2018-12-25,2018-12-30,0.110039295063427,0.2254706149913901,0.2106807489645594,0.1643746507050345,4,0.025,valid
Uttar_Pradesh,Ghazipur,2018,18,2018-12-30,2019-01-04,0.149602926969288,0.2321535211500744,0.1992472992284434,0.1435377378186886,4,1.805,valid
Uttar_Pradesh,Ghazipur,2018,19,2019-01-04,2019-01-09,0.10709375356268458,0.24463217594319447,0.1868498444376524,0.1299347696947079,0,,insufficient_data
Uttar_Pradesh,Ghazipur,2018,20,2019-01-09,2019-01-14,0.0839199169875452,0.2524305016043539,0.1841548898576663,0.1268804142845182,4,0.0425,valid
Uttar_Pradesh,Ghazipur,2018,21,2019-01-14,2019-01-19,0.1272909670290143,0.2636873245184861,0.1785987538253945,0.1118169696400945,2,0.5,valid
Uttar_Pradesh,Ghazipur,2018,22,2019-01-19,2019-01-24,0.0646156617641484,0.2494189174516679,0.1615675303121985,0.1030640760252038,2,0.19,valid
Uttar_Pradesh,Ghazipur,2018,23,2019-01-24,2019-01-29,0.08154642194677528,0.28073745371774766,0.16925915695702715,0.10500676855413538,1,20.0,missing_bands
Uttar_Pradesh,Ghazipur,2018,24,2019-01-29,2019-02-03,0.08095304818658282,0.28781419174609607,0.16553522373186735,0.09953835712153969,0,,insufficient_data
Uttar_Pradesh,Ghazipur,2018,25,2019-02-03,2019-02-08,0.0781833856908665,0.3184589861178615,0.1686965825930877,0.0946490898625562,4,0.38,valid
Uttar_Pradesh,Ghazipur,2018,26,2019-02-08,2019-02-13,0.0537221782623021,0.3196915388963688,0.1532780281967887,0.0886232929583042,4,4.32,valid
Uttar_Pradesh,Ghazipur,2018,27,2019-02-13,2019-02-18,0.0672348515819091,0.3244949610281041,0.16454026100040597,0.09341658700497253,0,,insufficient_data
Uttar_Pradesh,Ghazipur,2018,28,2019-02-18,2019-02-23,0.0697989907925587,0.335334358070082,0.1716461722113415,0.0969773781940572,4,2.0775,valid
Uttar_Pradesh,Ghazipur,2018,29,2019-02-23,2019-02-28,0.0608999422648441,0.3227221859940784,0.16268940899257056,0.0941732148628765,0,,insufficient_data
Uttar_Pradesh,Ghazipur,2018,30,2019-02-28,2019-03-05,0.0704204092836725,0.31246902081504047,0.17433028987450402,0.10530350256746353,0,,insufficient_data
Uttar_Pradesh,Ghazipur,2018,31,2019-03-05,2019-03-10,0.0591786577396715,0.3131406610157844,0.1631440265695815,0.0969189734362681,4,0.0325,valid
Uttar_Pradesh,Ghazipur,2018,32,2019-03-10,2019-03-15,0.07663837044722686,0.2826798064982082,0.18124107780276144,0.11696307539529271,0,,insufficient_data
Uttar_Pradesh,Ghazipur,2018,33,2019-03-15,2019-03-20,0.0822835793187873,0.288932043359255,0.1882006708425891,0.1220141560720653,2,3.0,valid
Uttar_Pradesh,Ghazipur,2018,34,2019-03-20,2019-03-25,0.0884528742832218,0.2459667151195851,0.1923785359961138,0.1319560966775448,4,0.0075,valid
Uttar_Pradesh,Ghazipur,2018,35,2019-03-25,2019-03-30,0.10894630842616233,0.2434439294192532,0.21624713243326768,0.1523022017587852,0,,insufficient_data
Uttar_Pradesh,Ghazipur,2018,36,2019-03-30,2019-04-04,0.1048105636848836,0.2151168169281688,0.2060260146126142,0.1510338421379806,4,1.0075,valid
Uttar_Pradesh,Ghazipur,2018,37,2019-04-04,2019-04-09,0.1408582930123489,0.224133218105493,0.2453618063184419,0.1761714421899044,2,10.5,valid
Uttar_Pradesh,Ghazipur,2018,38,2019-04-09,2019-04-14,0.1283262318315701,0.243070853583764,0.2492686343965793,0.1803354717164308,1,0.53,valid
Uttar_Pradesh,Ghazipur,2018,39,2019-04-14,2019-04-19,0.135019912989421,0.23114013231075273,0.251679952687362,0.1872472861664844,0,,insufficient_data
Uttar_Pradesh,Ghazipur,2018,40,2019-04-19,2019-04-24,0.1450896960909335,0.23648123743828073,0.26689793204561124,0.19931843417598563,0,,insufficient_data
Uttar_Pradesh,Ghazipur,2018,41,2019-04-24,2019-04-29,0.1660845634288815,0.2422396406255851,0.3060633554218125,0.2414483886216217,4,0.4675,valid
Uttar_Pradesh,Ghazipur,2018,42,2019-04-29,2019-05-04,0.1660845634288815,0.2422396406255851,0.3060633554218125,0.2414483886216217,0,,insufficient_data
Uttar_Pradesh,Ghazipur,2019,0,2019-10-01,2019-10-06,0.060706575989680045,0.29392342127846516,0.15347585440743644,0.08055190192517786,0,,insufficient_data
Uttar_Pradesh,Ghazipur,2019,1,2019-10-06,2019-10-11,0.0576515742259311,0.2860596100890676,0.1394254949187502,0.0704507703627709,3,21.37333333333333,valid
Uttar_Pradesh,Ghazipur,2019,2,2019-10-11,2019-10-16,0.060706575989680045,0.29392342127846516,0.15347585440743644,0.08055190192517786,0,,insufficient_data
Uttar_Pradesh,Ghazipur,2019,3,2019-10-16,2019-10-21,0.063761577753429,0.3017872324678627,0.1675262138961227,0.0906530334875848,4,0.6775,valid
Uttar_Pradesh,Ghazipur,2019,4,2019-10-21,2019-10-26,0.09333467184562716,0.282128218762646,0.16447581085491414,0.09295919010630731,0,,insufficient_data
Uttar_Pradesh,Ghazipur,2019,5,2019-10-26,2019-10-31,0.1067295901166568,0.26930419710198894,0.18992157883534053,0.1178546700400503,0,,insufficient_data
Uttar_Pradesh,Ghazipur,2019,6,2019-10-31,2019-11-05,0.1585908635575214,0.2585378137310077,0.1864757237498695,0.1177737664685662,2,15.0,valid
Uttar_Pradesh,Ghazipur,2019,7,2019-11-05,2019-11-10,0.123716070188771,0.24580408636253315,0.21544405156751503,0.14694788191321495,0,,insufficient_data
Uttar_Pradesh,Ghazipur,2019,8,2019-11-10,2019-11-15,0.09783632903902,0.2475875451070963,0.2157627988600294,0.1451372101639999,4,1.645,valid
Uttar_Pradesh,Ghazipur,2019,9,2019-11-15,2019-11-20,0.1147210179697716,0.2312869002494954,0.2440936320926462,0.1779326691070787,2,0.0,valid
Uttar_Pradesh,Ghazipur,2019,10,2019-11-20,2019-11-25,0.11706980558104667,0.2247272789870663,0.22343956838602522,0.1622555234660501,0,,insufficient_data
Uttar_Pradesh,Ghazipur,2019,11,2019-11-25,2019-11-30,0.1276978191252102,0.2269924901900031,0.2240836943131244,0.1619473443879062,4,3.4575,valid
Uttar_Pradesh,Ghazipur,2019,12,2019-11-30,2019-12-05,0.1454403846434223,0.2186298007953623,0.2259343994855248,0.170401301586067,2,0.0,valid
Uttar_Pradesh,Ghazipur,2019,13,2019-12-05,2019-12-10,0.0996534771278093,0.1991396585933744,0.2073233171788013,0.1558590920851986,2,1.535,valid
Uttar_Pradesh,Ghazipur,2019,14,2019-12-10,2019-12-15,0.12426389363214728,0.21492064985957993,0.21911380365915015,0.1627359126863906,0,,insufficient_data
Uttar_Pradesh,Ghazipur,2019,15,2019-12-15,2019-12-20,0.1225469308856158,0.20888472969436833,0.21662885833216305,0.1631301968356328,0,,insufficient_data
Uttar_Pradesh,Ghazipur,2019,16,2019-12-20,2019-12-25,0.0996534771278093,0.1991396585933744,0.2073233171788013,0.1558590920851986,0,,insufficient_data
Uttar_Pradesh,Ghazipur,2019,17,2019-12-25,2019-12-30,,,,,0,,insufficient_data
Uttar_Pradesh,Ghazipur,2019,18,2019-12-30,2020-01-04,,,,,0,,insufficient_data
Uttar_Pradesh,Ghazipur,2019,19,2020-01-04,2020-01-09,0.0619175717309024,0.2703680940807159,0.1579516243356406,0.0993810212435948,1,3.62,missing_bands
Uttar_Pradesh,Ghazipur,2019,20,2020-01-09,2020-01-14,0.0619175717309024,0.2703680940807159,0.1579516243356406,0.0993810212435948,1,6.35,missing_bands
Uttar_Pradesh,Ghazipur,2019,21,2020-01-14,2020-01-19,0.060586086491018404,0.27856975383637006,0.1593178119152419,0.09719171409009694,0,,insufficient_data
Uttar_Pradesh,Ghazipur,2019,22,2020-01-19,2020-01-24,0.0619175717309024,0.2703680940807159,0.1579516243356406,0.0993810212435948,2,17.825,valid
Uttar_Pradesh,Ghazipur,2019,23,2020-01-24,2020-01-29,0.0637457215626348,0.29429731293434885,0.1617817843697391,0.09558239846056936,0,,insufficient_data
Uttar_Pradesh,Ghazipur,2019,24,2020-01-29,2020-02-03,0.0592546012511344,0.2867714135920243,0.1606839994948432,0.0950024069365991,2,8.05,valid
Uttar_Pradesh,Ghazipur,2019,25,2020-02-03,2020-02-08,0.0700649917058676,0.3257524311303064,0.1667097292787335,0.0923637672015142,4,6.54,valid
Uttar_Pradesh,Ghazipur,2019,26,2020-02-08,2020-02-13,0.05998663589854285,0.30974570204550467,0.15943286179855432,0.09057112132852357,0,,insufficient_data
Uttar_Pradesh,Ghazipur,2019,27,2020-02-13,2020-02-18,0.0567499653088143,0.3182479905339871,0.1560234055502028,0.090413213508549,4,9.6275,valid
Uttar_Pradesh,Ghazipur,2019,28,2020-02-18,2020-02-23,0.061419818710139726,0.3257572204650851,0.16295235890710585,0.09046521862010667,0,,insufficient_data
Uttar_Pradesh,Ghazipur,2019,29,2020-02-23,2020-02-28,0.0538769853283551,0.3082109729257009,0.1543143128704377,0.084505097667432,2,13.74,valid
Uttar_Pradesh,Ghazipur,2019,30,2020-02-28,2020-03-04,0.0649873324975219,0.350817487270346,0.1747619879290494,0.0945787961029315,1,28.0,valid
Uttar_Pradesh,Ghazipur,2019,31,2020-03-04,2020-03-09,0.058808264672558105,0.31535983885613167,0.163347096059291,0.09272892514912723,0,,insufficient_data
Uttar_Pradesh,Ghazipur,2019,32,2020-03-09,2020-03-14,0.054959880570698,0.3159439808668307,0.1608866789043294,0.0924358675590678,3,0.1833333333333333,valid
Uttar_Pradesh,Ghazipur,2019,33,2020-03-14,2020-03-19,0.0614088602936574,0.2864669143616492,0.1634254045333475,0.0993959392670776,4,3.4075,valid
Uttar_Pradesh,Ghazipur,2019,34,2020-03-19,2020-03-24,0.08401543924803719,0.26391959797252906,0.19469979650535565,0.1267121811793188,0,,insufficient_data
Uttar_Pradesh,Ghazipur,2019,35,2020-03-24,2020-03-29,0.0847351338413587,0.2353554343286137,0.1873687847934234,0.1207580036470143,4,0.1099999999999999,valid
Uttar_Pradesh,Ghazipur,2019,36,2020-03-29,2020-04-03,0.1080343676985086,0.2397819768384237,0.230889239241609,0.160564584360556,2,0.0,valid
Uttar_Pradesh,Ghazipur,2019,37,2020-04-03,2020-04-08,0.1109389538359632,0.242049683467128,0.230928875054069,0.1604065110628783,2,0.0,valid
Uttar_Pradesh,Ghazipur,2019,38,2020-04-08,2020-04-13,0.1437077249475988,0.2486427787316268,0.2826229919289413,0.2088271595690837,4,0.02,valid
Uttar_Pradesh,Ghazipur,2019,39,2020-04-13,2020-04-18,0.1414925007849997,0.25550864388111105,0.2754097723985796,0.20044533512103366,0,,insufficient_data
Uttar_Pradesh,Ghazipur,2019,40,2020-04-18,2020-04-23,0.1642033053766373,0.2643226195427671,0.2998262730328346,0.219915365851322,2,11.5,valid
Uttar_Pradesh,Ghazipur,2019,41,2020-04-23,2020-04-28,0.1805781520662907,0.2827461608256096,0.3327814827354441,0.2525130547613284,1,23.0,valid
Uttar_Pradesh,Ghazipur,2019,42,2020-04-28,2020-05-03,0.172390728721464,0.27353439018418835,0.3163038778841394,0.2362142103063252,0,,insufficient_data
Uttar_Pradesh,Ghazipur,2020,0,2020-10-01,2020-10-06,0.0851813731055477,0.31901101952633,0.1575751138991185,0.0743501426381787,1,28.0,valid
Uttar_Pradesh,Ghazipur,2020,1,2020-10-06,2020-10-11,0.08371599143775248,0.2822954071703978,0.16551984268804967,0.09350420109688884,0,,insufficient_data
Uttar_Pradesh,Ghazipur,2020,2,2020-10-11,2020-10-16,0.0623222845092107,0.2776692419360882,0.1575203983649714,0.0939488555116887,3,11.226666666666668,valid
Uttar_Pradesh,Ghazipur,2020,3,2020-10-16,2020-10-21,0.103644316698499,0.2502059600487752,0.1814640158000591,0.1122136051407991,4,1.0675,valid
Uttar_Pradesh,Ghazipur,2020,4,2020-10-21,2020-10-26,0.09755082974383963,0.2549641259687748,0.1996997203519311,0.13343703466889956,0,,insufficient_data
Uttar_Pradesh,Ghazipur,2020,5,2020-10-26,2020-10-31,0.1006733667020023,0.2485617669496076,0.2159468876023983,0.1498304874071224,4,0.0424999999999999,valid
Uttar_Pradesh,Ghazipur,2020,6,2020-10-31,2020-11-05,0.1235633510656465,0.2434195349406284,0.2438675796402956,0.177755190615988,2,0.5,valid
Uttar_Pradesh,Ghazipur,2020,7,2020-11-05,2020-11-10,0.12708491457985388,0.2378260830609247,0.2312042712868945,0.16422276818662804,0,,insufficient_data
Uttar_Pradesh,Ghazipur,2020,8,2020-11-10,2020-11-15,0.1138712100867176,0.2263636303103477,0.2378866513555024,0.17061854739038,4,3.66,valid
Uttar_Pradesh,Ghazipur,2020,9,2020-11-15,2020-11-20,0.1315091458545433,0.2303531410777698,0.23637034879946775,0.17292214219826674,0,,insufficient_data
Uttar_Pradesh,Ghazipur,2020,10,2020-11-20,2020-11-25,0.1702317304650492,0.2329594000431151,0.2271159665493817,0.1586868473330217,3,6.133333333333333,valid
Uttar_Pradesh,Ghazipur,2020,11,2020-11-25,2020-11-30,0.1183702918007599,0.218669999016988,0.2366111976526913,0.1846279834536773,4,0.075,valid
Uttar_Pradesh,Ghazipur,2020,12,2020-11-30,2020-12-05,0.13936352812530012,0.22263721804808195,0.2233767461046795,0.16721901893464589,0,,insufficient_data
Uttar_Pradesh,Ghazipur,2020,13,2020-12-05,2020-12-10,0.1659471293308315,0.2189473203096823,0.2166693941707222,0.1638675130935873,4,6.98,valid
Uttar_Pradesh,Ghazipur,2020,14,2020-12-10,2020-12-15,0.1029049609045598,0.2199721528225424,0.2131104260459228,0.1616937318582973,1,3.86,valid
Uttar_Pradesh,Ghazipur,2020,15,2020-12-15,2020-12-20,0.11998035198057998,0.22538203072231536,0.2033509666187002,0.1486740643213379,0,,insufficient_data
Uttar_Pradesh,Ghazipur,2020,16,2020-12-20,2020-12-25,0.1275424535620307,0.2351165048066766,0.2018573331901421,0.1424051566078979,4,8.5425,valid
Uttar_Pradesh,Ghazipur,2020,17,2020-12-25,2020-12-30,0.09877076097590005,0.235445962077419,0.19395032860303663,0.13503998942141504,0,,insufficient_data
Uttar_Pradesh,Ghazipur,2020,18,2020-12-30,2021-01-04,0.0835268641248979,0.2274921449503602,0.1817667130680137,0.126729855725569,4,0.425,valid
Uttar_Pradesh,Ghazipur,2020,19,2021-01-04,2021-01-09,0.0811087653121118,0.2592030457300968,0.1790668421080679,0.109331213493896,3,8.86,valid
Uttar_Pradesh,Ghazipur,2020,20,2021-01-09,2021-01-14,0.08231781471850486,0.24334759534022848,0.1804167775880408,0.11803053460973251,0,,insufficient_data
Uttar_Pradesh,Ghazipur,2020,21,2021-01-14,2021-01-19,0.0848107752300001,0.24897435611115312,0.17285208065298097,0.1103396196120308,0,,insufficient_data
Uttar_Pradesh,Ghazipur,2020,22,2021-01-19,2021-01-24,0.0854527307825512,0.2597154616915496,0.16839476444546458,0.1021445015552617,0,,insufficient_data
Uttar_Pradesh,Ghazipur,2020,23,2021-01-24,2021-01-29,0.0747541379838816,0.2832779416912804,0.15358279797080565,0.08833719636078524,0,,insufficient_data
Uttar_Pradesh,Ghazipur,2020,24,2021-01-29,2021-02-03,0.0897966962529906,0.2602278776530023,0.1577226867828613,0.0949577896166274,2,0.615,valid
Uttar_Pradesh,Ghazipur,2020,25,2021-02-03,2021-02-08,0.06806422675080254,0.28855777054059123,0.15148697028469557,0.08708779992066625,0,,insufficient_data
Uttar_Pradesh,Ghazipur,2020,26,2021-02-08,2021-02-13,0.0597115797147726,0.3063280057295585,0.14944290915875,0.0817166031049431,3,0.0366666666666666,valid
Uttar_Pradesh,Ghazipur,2020,27,2021-02-13,2021-02-18,0.0546844042846444,0.2991174282392129,0.1472953149124754,0.0845890070404283,2,15.755,valid
Uttar_Pradesh,Ghazipur,2020,28,2021-02-18,2021-02-23,0.06189798874253054,0.30476405306137255,0.15516574010771347,0.08983167078192503,0,,insufficient_data
Uttar_Pradesh,Ghazipur,2020,29,2021-02-23,2021-02-28,0.062003986594191,0.3006313016858466,0.1492174902444097,0.083304972105463,3,1.9633333333333336,valid
Uttar_Pradesh,Ghazipur,2020,30,2021-02-28,2021-03-05,0.0604214719139546,0.2943344367731545,0.1558277144263216,0.0966908759760912,2,0.09,valid
Uttar_Pradesh,Ghazipur,2020,31,2021-03-05,2021-03-10,0.0726685012050901,0.3234090928790905,0.1740452717966107,0.1028568956826995,2,0.0,valid
Uttar_Pradesh,Ghazipur,2020,32,2021-03-10,2021-03-15,0.1173721035159906,0.2465649021615522,0.161687768843985,0.0999820507286652,1,25.0,valid
Uttar_Pradesh,Ghazipur,2020,33,2021-03-15,2021-03-20,0.09539210464839307,0.2732083123653101,0.17754034174393818,0.11294957456231236,0,,insufficient_data
Uttar_Pradesh,Ghazipur,2020,34,2021-03-20,2021-03-25,0.1191976918387212,0.26321367434664733,0.20642158036714484,0.14043591523497959,1,14.56,missing_bands
Uttar_Pradesh,Ghazipur,2020,35,2021-03-25,2021-03-30,0.131106341958537,0.2285248176474432,0.2186006119088355,0.1522684758617935,3,2.8633333333333333,valid
Uttar_Pradesh,Ghazipur,2020,36,2021-03-30,2021-04-04,0.15509790010892419,0.2523764514003023,0.26926446813430077,0.20281581043877972,0,,insufficient_data
Uttar_Pradesh,Ghazipur,2020,37,2021-04-04,2021-04-09,0.1556438206752671,0.2543558846985034,0.2713526689191481,0.2066362386667602,4,1.0625,valid
Uttar_Pradesh,Ghazipur,2020,38,2021-04-09,2021-04-14,0.1744781295273232,0.2599658560948507,0.3030670676080658,0.2383517787386963,2,0.0,valid
Uttar_Pradesh,Ghazipur,2020,39,2021-04-14,2021-04-19,0.1591633082745695,0.266659247160412,0.2840375241011537,0.2140067484878688,2,0.005,valid
Uttar_Pradesh,Ghazipur,2020,40,2021-04-19,2021-04-24,0.16844402000413933,0.26166355879403597,0.29329248904916455,0.22673122270030052,0,,insufficient_data
Uttar_Pradesh,Ghazipur,2020,41,2021-04-24,2021-04-29,0.1727107531137634,0.26409945015921354,0.3006057624258367,0.23342955071148064,0,,insufficient_data
Uttar_Pradesh,Ghazipur,2020,42,2021-04-29,2021-05-04,0.1844908215393976,0.2656732472223779,0.3147126955682907,0.2479301249078768,2,0.5,valid
Uttar_Pradesh,Ghazipur,2021,0,2021-10-01,2021-10-06,0.04322523666484655,0.24865886376622254,0.12821219591130126,0.06649862820755995,0,,insufficient_data
Uttar_Pradesh,Ghazipur,2021,1,2021-10-06,2021-10-11,0.0371968253213794,0.2456234407055657,0.1182997422965993,0.058580801335641,2,23.705,valid
Uttar_Pradesh,Ghazipur,2021,2,2021-10-11,2021-10-16,0.0492536480083137,0.2516942868268794,0.1381246495260032,0.0744164550794789,2,2.31,valid
Uttar_Pradesh,Ghazipur,2021,3,2021-10-16,2021-10-21,0.05801857867766795,0.24559718113616114,0.14345365723956083,0.08237699702780082,0,,insufficient_data
Uttar_Pradesh,Ghazipur,2021,4,2021-10-21,2021-10-26,0.0662776794498052,0.2389617010380133,0.1381388330190392,0.0806649298977059,2,4.965,valid
Uttar_Pradesh,Ghazipur,2021,5,2021-10-26,2021-10-31,0.0793461619311735,0.2461092959741862,0.1792514041166016,0.1158458017983775,2,1.79,valid
Uttar_Pradesh,Ghazipur,2021,6,2021-10-31,2021-11-05,0.09143669134299999,0.23765966591945484,0.18729322823453565,0.1256287543845169,0,,insufficient_data
Uttar_Pradesh,Ghazipur,2021,7,2021-11-05,2021-11-10,0.0884109923756217,0.2327929016208288,0.1867324897661589,0.127754270576081,4,6.687499999999999,valid
Uttar_Pradesh,Ghazipur,2021,8,2021-11-10,2021-11-15,0.1071814112447296,0.2400704570675081,0.2157542400883337,0.1491285039621862,2,1.085,valid
Uttar_Pradesh,Ghazipur,2021,9,2021-11-15,2021-11-20,0.11596721171367,0.2303639738967378,0.2165891741825449,0.154750265688234,2,2.77,valid
Uttar_Pradesh,Ghazipur,2021,10,2021-11-20,2021-11-25,0.1052468907813054,0.2123271183794882,0.2155632992961864,0.1551505255562412,2,2.49,valid
Uttar_Pradesh,Ghazipur,2021,11,2021-11-25,2021-11-30,0.10839899129666412,0.2174560037383557,0.21431573758408962,0.1560320688720682,0,,insufficient_data
Uttar_Pradesh,Ghazipur,2021,12,2021-11-30,2021-12-05,0.1232223625032897,0.2148505125120657,0.2198935824249593,0.1656470425324403,2,7.66,valid
Uttar_Pradesh,Ghazipur,2021,13,2021-12-05,2021-12-10,0.1072627385040268,0.2136728095840392,0.2172893757756416,0.1643939083494383,1,12.01,valid
Uttar_Pradesh,Ghazipur,2021,14,2021-12-10,2021-12-15,0.0915133330329631,0.1934511509902952,0.2008047537368718,0.1471221671438693,2,2.985,valid
Uttar_Pradesh,Ghazipur,2021,15,2021-12-15,2021-12-20,0.1065788856964059,0.220482706453545,0.2097087455399031,0.157518501658104,4,8.5875,valid
Uttar_Pradesh,Ghazipur,2021,16,2021-12-20,2021-12-25,0.1032706545312268,0.21355386008809096,0.20681224793951805,0.1541163725403785,0,,insufficient_data
Uttar_Pradesh,Ghazipur,2021,17,2021-12-25,2021-12-30,0.1077276608915114,0.2266087733244844,0.1994461167056557,0.1474309130101024,4,3.965,valid
Uttar_Pradesh,Ghazipur,2021,18,2021-12-30,2022-01-04,0.10574170620980054,0.23904273404002999,0.21231480055558768,0.15249905311138645,0,,insufficient_data
Uttar_Pradesh,Ghazipur,2021,19,2022-01-04,2022-01-09,0.10532311646649785,0.24832274783327252,0.21361782806342994,0.14998932883802768,0,,insufficient_data
Uttar_Pradesh,Ghazipur,2021,20,2022-01-09,2022-01-14,0.1029185720414843,0.2700367223420606,0.2277895394212042,0.152547744665953,1,19.14,valid
Uttar_Pradesh,Ghazipur,2021,21,2022-01-14,2022-01-19,0.0812056003786198,0.2793528207128335,0.19546907788750814,0.12477591293435455,0,,insufficient_data
Uttar_Pradesh,Ghazipur,2021,22,2022-01-19,2022-01-24,0.0812056003786198,0.2793528207128335,0.19546907788750814,0.12477591293435455,0,,insufficient_data
Uttar_Pradesh,Ghazipur,2021,23,2022-01-24,2022-01-29,0.0594926287157553,0.2886689190836065,0.1631486163538121,0.0970040812027561,4,10.2925,valid
Uttar_Pradesh,Ghazipur,2021,24,2022-01-29,2022-02-03,0.057350860613346655,0.2998955457407268,0.15997345826639198,0.09383268558356464,0,,insufficient_data
Uttar_Pradesh,Ghazipur,2021,25,2022-02-03,2022-02-08,0.05719378266383707,0.3052406492245308,0.159184292040675,0.09328468360041366,1,21.78,missing_bands
Uttar_Pradesh,Ghazipur,2021,26,2022-02-08,2022-02-13,0.055209092510938,0.3111221723978471,0.1567983001789719,0.0906612899643732,4,0.13,valid
Uttar_Pradesh,Ghazipur,2021,27,2022-02-13,2022-02-18,0.05474045846268673,0.3083308743923956,0.1547097069221046,0.08936831120758518,0,,insufficient_data
Uttar_Pradesh,Ghazipur,2021,28,2022-02-18,2022-02-23,0.0568796267648179,0.3159308561921388,0.157605959589241,0.0921886796341117,4,8.2425,valid
Uttar_Pradesh,Ghazipur,2021,29,2022-02-23,2022-02-28,0.0511562918600952,0.3102622643156327,0.1459918830273247,0.0817560254545428,2,15.82,valid
Uttar_Pradesh,Ghazipur,2021,30,2022-02-28,2022-03-05,0.0557168227148958,0.2960082046639637,0.1584426848928808,0.092867249777313,2,0.415,valid
Uttar_Pradesh,Ghazipur,2021,31,2022-03-05,2022-03-10,0.0558026831931031,0.3029061849260213,0.158347778055913,0.0930028685446152,3,3.4033333333333338,valid
Uttar_Pradesh,Ghazipur,2021,32,2022-03-10,2022-03-15,0.06386942806031433,0.2848319747159085,0.1660408471716907,0.10216239137609877,0,,insufficient_data
Uttar_Pradesh,Ghazipur,2021,33,2022-03-15,2022-03-20,0.0659581085356341,0.2764856326065132,0.1698891357743747,0.1042129977656977,2,0.085,valid
Uttar_Pradesh,Ghazipur,2021,34,2022-03-20,2022-03-25,0.0907132339978434,0.2384975870674116,0.1975327541079604,0.1389728153383252,4,0.0125,valid
Uttar_Pradesh,Ghazipur,2021,35,2022-03-25,2022-03-30,0.10765627115036736,0.24644325426277422,0.22372814433821797,0.15821633443484875,0,,insufficient_data
Uttar_Pradesh,Ghazipur,2021,36,2022-03-30,2022-04-04,0.1184157602179436,0.2338509948689237,0.2273154700863549,0.1611185557838006,4,0.5599999999999999,valid
Uttar_Pradesh,Ghazipur,2021,37,2022-04-04,2022-04-09,0.134650553823582,0.2420980901269862,0.2719524246952498,0.2041588722933596,2,0.0349999999999999,valid
Uttar_Pradesh,Ghazipur,2021,38,2022-04-09,2022-04-14,0.1285436991768337,0.2412839666440366,0.25195093702715,0.1826184309930607,2,0.01,valid
Uttar_Pradesh,Ghazipur,2021,39,2022-04-14,2022-04-19,0.1664191157243337,0.2773790197019918,0.3153380330245608,0.2424963787152992,4,1.6575,valid
Uttar_Pradesh,Ghazipur,2021,40,2022-04-19,2022-04-24,0.15191149221068811,0.2629024876990404,0.29306630501241404,0.22264109517989944,0,,insufficient_data
Uttar_Pradesh,Ghazipur,2021,41,2022-04-24,2022-04-29,0.1780326001180031,0.290848874323147,0.3330238253026957,0.2612906987178782,4,0.06,valid
Uttar_Pradesh,Ghazipur,2021,42,2022-04-29,2022-05-04,0.1722258579211684,0.2841139470125694,0.3241809291636283,0.2518935387165887,0,,insufficient_data
Uttar_Pradesh,Ghazipur,2022,0,2022-10-01,2022-10-06,0.0552898803616907,0.3029953825298419,0.1656227319118632,0.0857121607928809,1,11.87,valid
Uttar_Pradesh,Ghazipur,2022,1,2022-10-06,2022-10-11,0.0262359831294184,0.3074481144480633,0.1185774102393762,0.0504567373100483,2,15.28,valid
Uttar_Pradesh,Ghazipur,2022,2,2022-10-11,2022-10-16,0.055948617583423024,0.29121240129319503,0.15870345127058255,0.08996310461575233,0,,insufficient_data
Uttar_Pradesh,Ghazipur,2022,3,2022-10-16,2022-10-21,0.0595636162907025,0.312190767316727,0.1666225551996651,0.0945242415319512,3,21.513333333333332,valid
Uttar_Pradesh,Ghazipur,2022,4,2022-10-21,2022-10-26,0.0688792873957467,0.2752100267569984,0.1751896924359035,0.1101941579173564,2,0.075,valid
Uttar_Pradesh,Ghazipur,2022,5,2022-10-26,2022-10-31,0.0697743207395568,0.2582177154143447,0.1675048665661049,0.1089282255265248,2,0.315,valid
Uttar_Pradesh,Ghazipur,2022,6,2022-10-31,2022-11-05,0.0883848491274977,0.2644265850345921,0.1981955460345129,0.1322081571347567,4,1.1675,valid
Uttar_Pradesh,Ghazipur,2022,7,2022-11-05,2022-11-10,0.09218769382103435,0.26175539696755745,0.1999588499095331,0.13481408269387643,0,,insufficient_data
Uttar_Pradesh,Ghazipur,2022,8,2022-11-10,2022-11-15,0.1152735921144758,0.2616740241123523,0.2221858783295736,0.1502598993179242,4,0.77,valid
Uttar_Pradesh,Ghazipur,2022,9,2022-11-15,2022-11-20,0.1186264197278948,0.2492486335194996,0.2367182661815705,0.1724799735728201,4,1.01,valid
Uttar_Pradesh,Ghazipur,2022,10,2022-11-20,2022-11-25,0.11343875820386295,0.23375207315794988,0.2245030888589432,0.16471892611863906,0,,insufficient_data
Uttar_Pradesh,Ghazipur,2022,11,2022-11-25,2022-11-30,0.1192488110970245,0.227888155181138,0.2325647135015154,0.1751550494222629,4,0.1725,valid
Uttar_Pradesh,Ghazipur,2022,12,2022-11-30,2022-12-05,0.119454867782028,0.2236238245687357,0.2259213470997241,0.1752721669466659,2,1.035,valid
Uttar_Pradesh,Ghazipur,2022,13,2022-12-05,2022-12-10,0.0945901002978917,0.2063257284080238,0.2051252391823325,0.1504275413335222,2,0.21,valid
Uttar_Pradesh,Ghazipur,2022,14,2022-12-10,2022-12-15,0.1096874460777597,0.2208001044896878,0.2205098176663408,0.1707783097830545,4,15.79,valid
Uttar_Pradesh,Ghazipur,2022,15,2022-12-15,2022-12-20,0.10541692488166014,0.20879403936400037,0.20890767188131815,0.15989936378553157,0,,insufficient_data
Uttar_Pradesh,Ghazipur,2022,16,2022-12-20,2022-12-25,0.1100651523347659,0.2298793628286555,0.2007120364819216,0.1495701566599456,3,13.176666666666668,valid
Uttar_Pradesh,Ghazipur,2022,17,2022-12-25,2022-12-30,0.0932870579158554,0.1633411765248991,0.1922699189762717,0.1534486442044696,2,2.285,valid
Uttar_Pradesh,Ghazipur,2022,18,2022-12-30,2023-01-04,0.08971077570022408,0.20982070638240033,0.18625190583641482,0.13653731872754157,0,,insufficient_data
Uttar_Pradesh,Ghazipur,2022,19,2023-01-04,2023-01-09,0.08092894876975223,0.22196062013964385,0.17668473819114977,0.12360003230594219,1,21.65,missing_bands
Uttar_Pradesh,Ghazipur,2022,20,2023-01-09,2023-01-14,0.0712168809147477,0.21932103924330662,0.1686756387608925,0.11494332418794102,1,19.39,missing_bands
Uttar_Pradesh,Ghazipur,2022,21,2023-01-14,2023-01-19,0.065780116850051,0.2362415797936464,0.1657737620510512,0.1065931553182095,2,6.255000000000001,valid
Uttar_Pradesh,Ghazipur,2022,22,2023-01-19,2023-01-24,0.0545834679783367,0.2583803614113744,0.1479832352553546,0.084788173041144,2,5.16,valid
Uttar_Pradesh,Ghazipur,2022,23,2023-01-24,2023-01-29,0.06192134789997255,0.2763079743217845,0.1650355823909855,0.10096075847099566,0,,insufficient_data
Uttar_Pradesh,Ghazipur,2022,24,2023-01-29,2023-02-03,0.0719987269909141,0.2934368383703322,0.1894669097009277,0.122435400070928,2,2.2350000000000003,valid
Uttar_Pradesh,Ghazipur,2022,25,2023-02-03,2023-02-08,0.0553230797805884,0.317173117711785,0.1569184225566085,0.0900263054537011,4,8.4825,valid
Uttar_Pradesh,Ghazipur,2022,26,2023-02-08,2023-02-13,0.060605109467636684,0.3108756157919086,0.1650741911507958,0.09906134591453372,0,,insufficient_data
Uttar_Pradesh,Ghazipur,2022,27,2023-02-13,2023-02-18,0.0606383186567162,0.3223920109487352,0.1600977507873058,0.096145249778999,4,0.1275,valid
Uttar_Pradesh,Ghazipur,2022,28,2023-02-18,2023-02-23,0.0556075045262872,0.3115323459543313,0.1537052060145799,0.0905161333679178,2,0.095,valid
Uttar_Pradesh,Ghazipur,2022,29,2023-02-23,2023-02-28,0.0594579173836775,0.3098437659743591,0.1651826666945571,0.0961836409011227,2,3.575,valid
Uttar_Pradesh,Ghazipur,2022,30,2023-02-28,2023-03-05,0.0622008518775562,0.299906516973934,0.1614259975735573,0.099693171544877,4,0.5275000000000001,valid
Uttar_Pradesh,Ghazipur,2022,31,2023-03-05,2023-03-10,0.06118026488386186,0.29779275429839036,0.16276313991904767,0.09873318938752537,0,,insufficient_data
Uttar_Pradesh,Ghazipur,2022,32,2023-03-10,2023-03-15,0.0674547857479265,0.2698883882909369,0.1707386893934964,0.108539811736184,4,8.0775,valid
Uttar_Pradesh,Ghazipur,2022,33,2023-03-15,2023-03-20,0.08649580195479273,0.25084389922005423,0.19917742183770273,0.1390625994855133,0,,insufficient_data
Uttar_Pradesh,Ghazipur,2022,34,2023-03-20,2023-03-25,0.10019710495639512,0.23224015703649536,0.21882863039908024,0.15865709587292942,0,,insufficient_data
Uttar_Pradesh,Ghazipur,2022,35,2023-03-25,2023-03-30,0.100934768030189,0.2126694356903512,0.2152114796488702,0.1577389922221974,3,2.2333333333333334,valid
Uttar_Pradesh,Ghazipur,2022,36,2023-03-30,2023-04-04,0.1153928021634992,0.2209112559249946,0.249333520734887,0.1902784224387948,2,0.34,valid
Uttar_Pradesh,Ghazipur,2022,37,2023-04-04,2023-04-09,0.1170060638839658,0.2254915482396988,0.2400308318190674,0.1780711570945414,2,0.97,valid
Uttar_Pradesh,Ghazipur,2022,38,2023-04-09,2023-04-14,0.1441719499379435,0.2503389466741763,0.3008336263909336,0.2450522782485439,4,0.0225,valid
Uttar_Pradesh,Ghazipur,2022,39,2023-04-14,2023-04-19,0.1359448260563286,0.2434212330861295,0.28022579311998513,0.21977441940549236,0,,insufficient_data
Uttar_Pradesh,Ghazipur,2022,40,2023-04-19,2023-04-24,0.1672084882399059,0.2769431815056484,0.3307051935350525,0.2656958198400893,4,2.6475,valid
Uttar_Pradesh,Ghazipur,2022,41,2023-04-24,2023-04-29,0.1556902190889247,0.26364106408991234,0.3157694099629931,0.2553740490443166,0,,insufficient_data
Uttar_Pradesh,Ghazipur,2022,42,2023-04-29,2023-05-04,0.1672084882399059,0.2769431815056484,0.3307051935350525,0.2656958198400893,0,,insufficient_data
Uttar_Pradesh,Ghazipur,2023,0,2023-10-01,2023-10-06,0.0610010013919977,0.2951093469223614,0.16966560475770334,0.0984932419761396,0,,insufficient_data
Uttar_Pradesh,Ghazipur,2023,1,2023-10-06,2023-10-11,0.06375524674201734,0.2893783193462815,0.17158170486083016,0.10174415358183797,0,,insufficient_data
Uttar_Pradesh,Ghazipur,2023,2,2023-10-11,2023-10-16,0.0564867076873664,0.3031287129076895,0.1654174892118521,0.0917800253839172,4,3.585,valid
Uttar_Pradesh,Ghazipur,2023,3,2023-10-16,2023-10-21,0.065515295096629,0.2870899809370333,0.1739137203035546,0.105206458568362,2,0.09,valid
Uttar_Pradesh,Ghazipur,2023,4,2023-10-21,2023-10-26,0.0692637374420566,0.2779162641941216,0.1754139050670838,0.1082459767932347,2,0.07,valid
Uttar_Pradesh,Ghazipur,2023,5,2023-10-26,2023-10-31,0.0791955115154827,0.2719664206256831,0.1905509677706494,0.1230753784830605,4,4.3500000000000005,valid
Uttar_Pradesh,Ghazipur,2023,6,2023-10-31,2023-11-05,0.08640739127315389,0.2693061836883571,0.19571637852938445,0.1271840749120974,0,,insufficient_data
Uttar_Pradesh,Ghazipur,2023,7,2023-11-05,2023-11-10,0.1053768599603585,0.262054545444253,0.2126699751480217,0.1426899764607064,4,1.3275,valid
Uttar_Pradesh,Ghazipur,2023,8,2023-11-10,2023-11-15,0.1126855523512426,0.247503707240695,0.2260333243576129,0.1567025842551234,4,7.5775,valid
Uttar_Pradesh,Ghazipur,2023,9,2023-11-15,2023-11-20,0.11474286558527397,0.24384985374387547,0.22539395075009894,0.15775904887636474,0,,insufficient_data
Uttar_Pradesh,Ghazipur,2023,10,2023-11-20,2023-11-25,0.1155012191820655,0.2339537961538323,0.235090707541774,0.1688878834913511,4,2.315,valid
Uttar_Pradesh,Ghazipur,2023,11,2023-11-25,2023-11-30,0.1254078308474292,0.2318873661367216,0.2277817959529872,0.1627557512982781,2,0.635,valid
Uttar_Pradesh,Ghazipur,2023,12,2023-11-30,2023-12-05,0.1161807782023212,0.23094422230856945,0.22738755144536008,0.16619525997173115,0,,insufficient_data
Uttar_Pradesh,Ghazipur,2023,13,2023-12-05,2023-12-10,0.11323341866926517,0.2299422761618243,0.22179341777586975,0.16241453090921137,0,,insufficient_data
Uttar_Pradesh,Ghazipur,2023,14,2023-12-10,2023-12-15,0.1124774851649984,0.22860510283115498,0.2173609878539017,0.1602567467151648,0,,insufficient_data
Uttar_Pradesh,Ghazipur,2023,15,2023-12-15,2023-12-20,0.1076332845774689,0.2269915046351545,0.2192901508413191,0.1669421451255642,4,0.0275,valid
Uttar_Pradesh,Ghazipur,2023,16,2023-12-20,2023-12-25,0.1043913400700971,0.2269364377215889,0.2050110167673988,0.1510723437216521,3,3.373333333333333,valid
Uttar_Pradesh,Ghazipur,2023,17,2023-12-25,2023-12-30,0.09914339258766532,0.2388033946441838,0.20123130585721402,0.14507791837928863,0,,insufficient_data
Uttar_Pradesh,Ghazipur,2023,18,2023-12-30,2024-01-04,0.09914339258766532,0.2388033946441838,0.20123130585721402,0.14507791837928863,0,,insufficient_data
Uttar_Pradesh,Ghazipur,2023,19,2024-01-04,2024-01-09,0.08540555311543,0.2624822415758081,0.1793927499629241,0.1172192662906496,1,27.83,valid
Uttar_Pradesh,Ghazipur,2023,20,2024-01-09,2024-01-14,0.08540555311543,0.2624822415758081,0.1793927499629241,0.1172192662906496,0,,insufficient_data
Uttar_Pradesh,Ghazipur,2023,21,2024-01-14,2024-01-19,0.072712228040337,0.26761737822179865,0.16895734525163036,0.10674657904236115,0,,insufficient_data
Uttar_Pradesh,Ghazipur,2023,22,2024-01-19,2024-01-24,0.072712228040337,0.26761737822179865,0.16895734525163036,0.10674657904236115,0,,insufficient_data
Uttar_Pradesh,Ghazipur,2023,23,2024-01-24,2024-01-29,0.05740130628563795,0.2879143105494334,0.1574968078493008,0.09381388890905315,0,,insufficient_data
Uttar_Pradesh,Ghazipur,2023,24,2024-01-29,2024-02-03,0.060018902965244,0.2727525148677893,0.1585219405403366,0.0962738917940727,4,9.8875,valid
Uttar_Pradesh,Ghazipur,2023,25,2024-02-03,2024-02-08,0.05371992726332778,0.30306089806101405,0.15382840605641906,0.08863523999371535,0,,insufficient_data
Uttar_Pradesh,Ghazipur,2023,26,2024-02-08,2024-02-13,0.0547837096060319,0.3030761062310775,0.156471675158265,0.0913538860240336,4,0.085,valid
Uttar_Pradesh,Ghazipur,2023,27,2024-02-13,2024-02-18,0.0501538677126429,0.3224722171710444,0.1471489788014516,0.0811913252880821,2,0.48,valid
Uttar_Pradesh,Ghazipur,2023,28,2024-02-18,2024-02-23,0.0499232287693923,0.313942753974145,0.153171029725623,0.085721856868673,2,0.03,valid
Uttar_Pradesh,Ghazipur,2023,29,2024-02-23,2024-02-28,0.0529720359616062,0.3329820907571273,0.1539731027346941,0.0875454135112112,2,7.52,valid
Uttar_Pradesh,Ghazipur,2023,30,2024-02-28,2024-03-04,0.052533892364939196,0.32189436647421177,0.1555630912712116,0.08889646095986876,0,,insufficient_data
Uttar_Pradesh,Ghazipur,2023,31,2024-03-04,2024-03-09,0.0489503105906604,0.3330139457952151,0.1589180557132853,0.0902500843037303,3,7.893333333333333,valid
Uttar_Pradesh,Ghazipur,2023,32,2024-03-09,2024-03-14,0.0606700187903942,0.3070608246735272,0.1646042893810039,0.0997736248276472,4,0.79,valid
Uttar_Pradesh,Ghazipur,2023,33,2024-03-14,2024-03-19,0.07065752674184855,0.2813553094599837,0.18162934621621268,0.11559912563994032,0,,insufficient_data
Uttar_Pradesh,Ghazipur,2023,34,2024-03-19,2024-03-24,0.0807197398835435,0.2734691774409753,0.19606815632704291,0.129187770735329,0,,insufficient_data
Uttar_Pradesh,Ghazipur,2023,35,2024-03-24,2024-03-29,0.0896179509834243,0.2296551884105131,0.2016765229079798,0.1392860960532007,1,9.7,valid
Uttar_Pradesh,Ghazipur,2023,36,2024-03-29,2024-04-03,0.0833918266029153,0.2556912789606794,0.2013185168625818,0.1330866973751831,1,18.12,valid
Uttar_Pradesh,Ghazipur,2023,37,2024-04-03,2024-04-08,0.1209685924503233,0.2419246493649416,0.2538233967703638,0.1835423511168837,2,4.890000000000001,valid
Uttar_Pradesh,Ghazipur,2023,38,2024-04-08,2024-04-13,0.12643218227873343,0.25968389421116606,0.25886398898891394,0.18979166810837494,0,,insufficient_data
Uttar_Pradesh,Ghazipur,2023,39,2024-04-13,2024-04-18,0.1515285585431852,0.2692950044412029,0.3023085393601001,0.2260563150895592,2,17.985,valid
Uttar_Pradesh,Ghazipur,2023,40,2024-04-18,2024-04-23,0.186653982813819,0.3018533498784934,0.3351929690435443,0.2669868809070479,2,15.829999999999998,valid
Uttar_Pradesh,Ghazipur,2023,41,2024-04-23,2024-04-28,0.17439372762183322,0.28969213835385516,0.3253080838617585,0.252839141767927,0,,insufficient_data
Uttar_Pradesh,Ghazipur,2023,42,2024-04-28,2024-05-03,0.1849986415084954,0.2979280607418692,0.3384227431816312,0.2654742293071739,2,1.56,valid
Uttar_Pradesh,Ghazipur,2024,0,2024-10-01,2024-10-06,0.05569871941111365,0.3070029906733066,0.16026659142472385,0.08673204565511494,0,,insufficient_data
Uttar_Pradesh,Ghazipur,2024,1,2024-10-06,2024-10-11,0.0546290927576612,0.3334004195563295,0.1618798220053274,0.0829116961023125,2,20.525,valid
Uttar_Pradesh,Ghazipur,2024,2,2024-10-11,2024-10-16,0.0567683460645661,0.2806055617902837,0.1586533608441203,0.0905523952079174,2,12.97,valid
Uttar_Pradesh,Ghazipur,2024,3,2024-10-16,2024-10-21,0.06272846862742562,0.28721925632209694,0.16820324687349036,0.09704800570862353,0,,insufficient_data
Uttar_Pradesh,Ghazipur,2024,4,2024-10-21,2024-10-26,0.0643761666533527,0.2883040116105199,0.1692663679771416,0.1008059462702523,4,3.99,valid
Uttar_Pradesh,Ghazipur,2024,5,2024-10-26,2024-10-31,0.076566350254526,0.2716585520397779,0.1895106985410801,0.1157973410915526,2,7.395,valid
Uttar_Pradesh,Ghazipur,2024,6,2024-10-31,2024-11-05,0.0613023874070221,0.2621277366135738,0.1617059849997824,0.0951726498710829,2,3.075,valid
Uttar_Pradesh,Ghazipur,2024,7,2024-11-05,2024-11-10,0.0986937746101435,0.2564419951033135,0.2140473094174758,0.1407762410980279,4,2.0175,valid
Uttar_Pradesh,Ghazipur,2024,8,2024-11-10,2024-11-15,0.10033480247892246,0.2571127675979341,0.20643099653653268,0.13773430126879735,0,,insufficient_data
Uttar_Pradesh,Ghazipur,2024,9,2024-11-15,2024-11-20,0.1148683740937788,0.2455723614004863,0.2321361408320376,0.1656156689374446,3,8.790000000000001,valid
Uttar_Pradesh,Ghazipur,2024,10,2024-11-20,2024-11-25,0.1502431260291419,0.249763192832519,0.2347548488922876,0.1713096053458788,4,0.02,valid
Uttar_Pradesh,Ghazipur,2024,11,2024-11-25,2024-11-30,0.11598080815833249,0.23065187196356424,0.22621809134084098,0.16620687757967434,0,,insufficient_data
Uttar_Pradesh,Ghazipur,2024,12,2024-11-30,2024-12-05,0.1040546126699095,0.2321101706681433,0.2248125321590141,0.160419427923013,2,1.895,valid
Uttar_Pradesh,Ghazipur,2024,13,2024-12-05,2024-12-10,0.1126518485564768,0.220805135745897,0.2300484619235919,0.1775768615710809,2,2.525,valid
Uttar_Pradesh,Ghazipur,2024,14,2024-12-10,2024-12-15,0.0980860794423555,0.2050084991707756,0.2093384728972735,0.1561128241209544,2,3.57,valid
Uttar_Pradesh,Ghazipur,2024,15,2024-12-15,2024-12-20,0.1175675110372974,0.2239853995743303,0.2163390994531107,0.1689079244478505,4,0.0525,valid
Uttar_Pradesh,Ghazipur,2024,16,2024-12-20,2024-12-25,0.10259579457072002,0.21786313498619303,0.2106881457038956,0.15871584040877393,0,,insufficient_data
Uttar_Pradesh,Ghazipur,2024,17,2024-12-25,2024-12-30,0.0820777392467504,0.2216535054537693,0.1870265485416063,0.1322657514952099,2,0.0,valid
Uttar_Pradesh,Ghazipur,2024,18,2024-12-30,2025-01-04,0.08515798122503726,0.24276259359886465,0.18337146018780054,0.12748450184438467,0,,insufficient_data
Uttar_Pradesh,Ghazipur,2024,19,2025-01-04,2025-01-09,0.07435480462095057,0.2490216582737094,0.1723822470993638,0.11367669430989606,0,,insufficient_data
Uttar_Pradesh,Ghazipur,2024,20,2025-01-09,2025-01-14,0.0787358782686023,0.2587948601790293,0.1701959863637872,0.110966148424019,4,0.3825,valid
Uttar_Pradesh,Ghazipur,2024,21,2025-01-14,2025-01-19,0.062250796347499,0.2666166091883297,0.159924206392698,0.0977981830104593,2,4.485,valid
Uttar_Pradesh,Ghazipur,2024,22,2025-01-19,2025-01-24,0.06364857646769168,0.27683424344958213,0.15998643449086208,0.0979883282458479,2,10.83,missing_bands
Uttar_Pradesh,Ghazipur,2024,23,2025-01-24,2025-01-29,0.0579526640431139,0.2796773957947903,0.155090133042427,0.0933472440560927,3,9.53,valid
Uttar_Pradesh,Ghazipur,2024,24,2025-01-29,2025-02-03,0.05804616867859726,0.29148226402877914,0.15589053636019273,0.09241991145471184,0,,insufficient_data
Uttar_Pradesh,Ghazipur,2024,25,2025-02-03,2025-02-08,0.0556549672115515,0.3022481086361793,0.1547354121645361,0.0898417374928206,4,0.15,valid
Uttar_Pradesh,Ghazipur,2024,26,2025-02-08,2025-02-13,0.0563262471122246,0.3173869424958173,0.1538123938411098,0.0886924812594748,4,1.4625,valid
Uttar_Pradesh,Ghazipur,2024,27,2025-02-13,2025-02-18,0.05625359684597195,0.31068439928511155,0.15176361148428202,0.08797559925432441,0,,insufficient_data
Uttar_Pradesh,Ghazipur,2024,28,2025-02-18,2025-02-23,0.0540974597351296,0.3169864982382064,0.1493322055698125,0.0856952636157952,3,0.0533333333333333,valid
Uttar_Pradesh,Ghazipur,2024,29,2025-02-23,2025-02-28,0.0589357133249821,0.3061160477702431,0.1491744343616697,0.087672914649207,2,12.505,valid
Uttar_Pradesh,Ghazipur,2024,30,2025-02-28,2025-03-05,0.06491750830324737,0.2964402649908491,0.16065065746766582,0.09824720982400227,0,,insufficient_data
Uttar_Pradesh,Ghazipur,2024,31,2025-03-05,2025-03-10,0.0657036174659918,0.2968816651011929,0.1623379678183449,0.1016636811933358,4,0.605,valid
Uttar_Pradesh,Ghazipur,2024,32,2025-03-10,2025-03-15,0.07703806865806445,0.2798314999134236,0.17587438535188787,0.11288441051746054,0,,insufficient_data
Uttar_Pradesh,Ghazipur,2024,33,2025-03-15,2025-03-20,0.080933242686886,0.2657768488537539,0.1817580221208363,0.1179569798376711,2,0.17,valid
Uttar_Pradesh,Ghazipur,2024,34,2025-03-20,2025-03-25,0.1025797011543979,0.2505514379285045,0.2102271171067006,0.1442440663896282,4,6.5975,valid
Uttar_Pradesh,Ghazipur,2024,35,2025-03-25,2025-03-30,0.12189429443435498,0.2563531039527023,0.24013329241155063,0.16788942809247326,0,,insufficient_data
Uttar_Pradesh,Ghazipur,2024,36,2025-03-30,2025-04-04,0.1278785186848253,0.2476100791441744,0.2539443224637493,0.1856734584463899,4,0.0025,valid
Uttar_Pradesh,Ghazipur,2024,37,2025-04-04,2025-04-09,0.1540195535957929,0.2641317415866683,0.2866322613127569,0.2047619571091691,2,0.215,valid
Uttar_Pradesh,Ghazipur,2024,38,2025-04-09,2025-04-14,0.1440604560498728,0.2536954122504103,0.26810473905371,0.1868106786795079,1,5.99,valid
Uttar_Pradesh,Ghazipur,2024,39,2025-04-14,2025-04-19,0.1715876082411707,0.2871615292637346,0.3248229703759329,0.2516322660581223,4,1.0525,valid
Uttar_Pradesh,Ghazipur,2024,40,2025-04-19,2025-04-24,0.16346740953794905,0.27567988786515607,0.3064064907342091,0.23142715526910135,0,,insufficient_data
Uttar_Pradesh,Ghazipur,2024,41,2025-04-24,2025-04-29,0.1842020202649598,0.297730868359811,0.3460659921944367,0.2825037192296061,4,0.0,valid
Uttar_Pradesh,Ghazipur,2024,42,2025-04-29,2025-05-04,0.17789481425306525,0.2924461988117728,0.3354444812851848,0.26706799264386416,0,,insufficient_data
Uttar_Pradesh,Ghazipur,2025,0,2025-10-01,2025-10-06,0.0618321760282134,0.344983893912344,0.1757500801466093,0.0919860542755216,2,27.085,valid
Uttar_Pradesh,Ghazipur,2025,1,2025-10-06,2025-10-11,0.0491205885795558,0.305723751404057,0.15058110172295,0.0757990404401257,3,5.596666666666667,valid
Uttar_Pradesh,Ghazipur,2025,2,2025-10-11,2025-10-16,0.06466794165479375,0.29445388565301733,0.17408278580435618,0.09935171494998803,0,,insufficient_data
Uttar_Pradesh,Ghazipur,2025,3,2025-10-16,2025-10-21,0.0612366960043169,0.2836730770508042,0.1622575755323295,0.093018053103727,4,2.615,valid
Uttar_Pradesh,Ghazipur,2025,4,2025-10-21,2025-10-26,0.0712255488109056,0.2715986254239328,0.1806555609399263,0.1092268646654375,2,6.685,valid
Uttar_Pradesh,Ghazipur,2025,5,2025-10-26,2025-10-31,0.079924698850977,0.2662900804739485,0.2011696106799658,0.1267285622651283,1,12.26,valid
Uttar_Pradesh,Ghazipur,2025,6,2025-10-31,2025-11-05,0.0696565948407751,0.2303735251889256,0.149627106911927,0.0866207369078393,4,4.9625,valid
Uttar_Pradesh,Ghazipur,2025,7,2025-11-05,2025-11-10,0.0879112128478918,0.24633244579415092,0.19320631771516447,0.125868248672595,0,,insufficient_data
Uttar_Pradesh,Ghazipur,2025,8,2025-11-10,2025-11-15,0.1028773097960971,0.2366758893167482,0.2006783670197306,0.1338299167506737,4,0.0925,valid
Uttar_Pradesh,Ghazipur,2025,9,2025-11-15,2025-11-20,0.1158719119407042,0.2267241085671993,0.2339009430242726,0.1729351627738961,4,6.9675,valid
Uttar_Pradesh,Ghazipur,2025,10,2025-11-20,2025-11-25,0.11087922412794704,0.21811593235951882,0.21858076277824795,0.1610716114883099,0,,insufficient_data
Uttar_Pradesh,Ghazipur,2025,11,2025-11-25,2025-11-30,0.1155466706658875,0.2121562164260256,0.2231023223487531,0.1692003060816731,3,3.56,valid
Uttar_Pradesh,Ghazipur,2025,12,2025-11-30,2025-12-05,0.1172341788603743,0.21454524214917,0.2243439984788206,0.1730886302480737,2,0.11,valid
Uttar_Pradesh,Ghazipur,2025,13,2025-12-05,2025-12-10,0.1028660493766721,0.2004782053384508,0.2108781830196628,0.156304041587233,2,0.255,valid
Uttar_Pradesh,Ghazipur,2025,14,2025-12-10,2025-12-15,0.1208854382639566,0.2152543095503677,0.2080287149768637,0.1558135836828689,4,6.137499999999999,valid
Uttar_Pradesh,Ghazipur,2025,15,2025-12-15,2025-12-20,0.11366188883366767,0.2100925856793295,0.21441696549178238,0.16173541850605852,0,,insufficient_data
Uttar_Pradesh,Ghazipur,2025,16,2025-12-20,2025-12-25,0.09891567782271653,0.206203374369239,0.1940038042057423,0.14240444136614092,0,,insufficient_data
Uttar_Pradesh,Ghazipur,2025,17,2025-12-25,2025-12-30,0.0883903982331649,0.22011299907478885,0.1797646743022889,0.12802887727744108,0,,insufficient_data
Uttar_Pradesh,Ghazipur,2025,18,2025-12-30,2026-01-04,0.071441361657081,0.22164893710812794,0.1655447239452454,0.11403948699412127,0,,insufficient_data
Uttar_Pradesh,Ghazipur,2025,19,2026-01-04,2026-01-09,0.0729955458275209,0.2028776082188985,0.1631045146207004,0.1150956988283209,2,17.375,valid
Uttar_Pradesh,Ghazipur,2025,20,2026-01-09,2026-01-14,0.0712902106080172,0.2422070794551004,0.1681607933093026,0.1131773493211335,2,0.035,valid
Uttar_Pradesh,Ghazipur,2025,21,2026-01-14,2026-01-19,0.0700383285357049,0.2198621236503849,0.1653688639057332,0.1138454128329094,2,0.02,valid
Uttar_Pradesh,Ghazipur,2025,22,2026-01-19,2026-01-24,0.0641049559457564,0.2635250574376404,0.1591265457450271,0.1002865877095963,4,0.055,valid
Uttar_Pradesh,Ghazipur,2025,23,2026-01-24,2026-01-29,0.06504691622292695,0.2591670916096477,0.16133928525854327,0.10399536850782015,0,,insufficient_data
Uttar_Pradesh,Ghazipur,2025,24,2026-01-29,2026-02-03,0.060284934483614924,0.27932386898711536,0.15686280249465273,0.0971220114559911,1,29.85,missing_bands
Uttar_Pradesh,Ghazipur,2025,25,2026-02-03,2026-02-08,0.0547541698022293,0.3110741058954651,0.1527009380741102,0.0886721241676414,3,1.0433333333333334,valid
Uttar_Pradesh,Ghazipur,2025,26,2026-02-08,2026-02-13,0.0531385722123594,0.31933576596092933,0.15150244350136885,0.08663942865121593,0,,insufficient_data
Uttar_Pradesh,Ghazipur,2025,27,2026-02-13,2026-02-18,0.0522422836507691,0.322834188964971,0.1502548622537404,0.0856839211138173,4,0.0375,valid
Uttar_Pradesh,Ghazipur,2025,28,2026-02-18,2026-02-23,0.0515329921574882,0.3216093285634364,0.1463075529234324,0.0829873534206068,2,0.1,valid
Uttar_Pradesh,Ghazipur,2025,29,2026-02-23,2026-02-28,0.054024843238951,0.3218254404198449,0.1567464207541924,0.0892143159027982,2,0.36,valid
Uttar_Pradesh,Ghazipur,2025,30,2026-02-28,2026-03-05,0.0567282509383425,0.310936470026009,0.1526164839099788,0.0904833381777278,4,2.0275,valid
Uttar_Pradesh,Ghazipur,2025,31,2026-03-05,2026-03-10,0.059610930325172624,0.31136365210549893,0.15799541650214508,0.09205170287993267,0,,insufficient_data
Uttar_Pradesh,Ghazipur,2025,32,2026-03-10,2026-03-15,0.0761576349659088,0.2910833694127054,0.1763112084209767,0.1055218040185979,2,10.1,valid
Uttar_Pradesh,Ghazipur,2025,33,2026-03-15,2026-03-20,0.07638176742907567,0.27416089097712104,0.18232354029950767,0.11790652379708928,0,,insufficient_data
Uttar_Pradesh,Ghazipur,2025,34,2026-03-20,2026-03-25,0.08620852567444225,0.25577310145267707,0.19717706849427208,0.13161811660677003,0,,insufficient_data
Uttar_Pradesh,Ghazipur,2025,35,2026-03-25,2026-03-30,0.0962594163829757,0.2204628334926487,0.2180429285675675,0.1577144291949422,2,0.01,valid
Uttar_Pradesh,Ghazipur,2025,36,2026-03-30,2026-04-04,0.0962594163829757,0.2204628334926487,0.2180429285675675,0.1577144291949422,0,,insufficient_data
Uttar_Pradesh,Ghazipur,2025,37,2026-04-04,2026-04-09,0.0962594163829757,0.2204628334926487,0.2180429285675675,0.1577144291949422,0,,insufficient_data
Uttar_Pradesh,Ghazipur,2025,38,2026-04-09,2026-04-14,0.0962594163829757,0.2204628334926487,0.2180429285675675,0.1577144291949422,0,,insufficient_data
Uttar_Pradesh,Ghazipur,2025,39,2026-04-14,2026-04-19,,,,,0,,insufficient_data
Uttar_Pradesh,Ghazipur,2025,40,2026-04-19,2026-04-24,,,,,0,,insufficient_data
Uttar_Pradesh,Ghazipur,2025,41,2026-04-24,2026-04-29,,,,,0,,insufficient_data
Uttar_Pradesh,Ghazipur,2025,42,2026-04-29,2026-05-04,,,,,0,,insufficient_data
