state,district,year,time_step,start_date,end_date,Red,NIR,SWIR1,SWIR2,image_count,mean_cloud_cover,quality_flag
Uttar_Pradesh,Muzaffarnagar,2010,0,2010-10-01,2010-10-06,0.0770134806755846,0.2926842299186205,0.1881765043155627,0.0992850373831342,4,3.0,valid
Uttar_Pradesh,Muzaffarnagar,2010,1,2010-10-06,2010-10-11,0.10421062610682441,0.2848730295622233,0.19616647879083446,0.1088556802426097,0,,insufficient_data
Uttar_Pradesh,Muzaffarnagar,2010,2,2010-10-11,2010-10-16,0.0835693235559396,0.2785663857048187,0.197280698870171,0.1094510236111626,4,1.0,valid
Uttar_Pradesh,Muzaffarnagar,2010,3,2010-10-16,2010-10-21,0.152049074088949,0.2833684730632309,0.2030422331867696,0.1178309797335323,2,8.5,valid
Uttar_Pradesh,Muzaffarnagar,2010,4,2010-10-21,2010-10-26,0.1026826948979766,0.2611385927280982,0.20066837276456317,0.11802614395278264,0,,insufficient_data
Uttar_Pradesh,Muzaffarnagar,2010,5,2010-10-26,2010-10-31,0.0881358292545316,0.2494275528003978,0.2049829223466285,0.1222196649745449,4,1.0,valid
Uttar_Pradesh,Muzaffarnagar,2010,6,2010-10-31,2010-11-05,0.1117379166309132,0.25011096286364903,0.20061525403810831,0.12220549059830899,0,,insufficient_data
Uttar_Pradesh,Muzaffarnagar,2010,7,2010-11-05,2010-11-10,0.0869765526924862,0.2331919593439455,0.1973676366546836,0.1226029074918908,2,1.5,valid
Uttar_Pradesh,Muzaffarnagar,2010,8,2010-11-10,2010-11-15,0.119790210487686,0.234455866247022,0.1970682239643515,0.126168410193268,3,7.333333333333333,valid
Uttar_Pradesh,Muzaffarnagar,2010,9,2010-11-15,2010-11-20,0.097147810863924,0.22650383803376123,0.1979435092535226,0.1270873121856458,0,,insufficient_data
Uttar_Pradesh,Muzaffarnagar,2010,10,2010-11-20,2010-11-25,0.0888387604230144,0.2216266029681612,0.1991461596428515,0.1330271908083229,1,5.0,valid
Uttar_Pradesh,Muzaffarnagar,2010,11,2010-11-25,2010-11-30,0.0929857198525094,0.2167409235759162,0.1981920167522038,0.1265507402491015,4,0.75,valid
Uttar_Pradesh,Muzaffarnagar,2010,12,2010-11-30,2010-12-05,0.0944205993502663,0.21342482956728595,0.1952192925230595,0.1301589544650326,0,,insufficient_data
Uttar_Pradesh,Muzaffarnagar,2010,13,2010-12-05,2010-12-10,0.1028670571672292,0.2086297549429908,0.1898526195650093,0.1239307987373952,3,2.6666666666666665,valid
Uttar_Pradesh,Muzaffarnagar,2010,14,2010-12-10,2010-12-15,0.0935444426423887,0.2119988193424829,0.1888904511605131,0.1339040500892111,2,0.5,valid
Uttar_Pradesh,Muzaffarnagar,2010,15,2010-12-15,2010-12-20,0.0938670166661898,0.2081280470068787,0.2000152154947198,0.1333819924411321,1,2.0,valid
Uttar_Pradesh,Muzaffarnagar,2010,16,2010-12-20,2010-12-25,0.1291767618990095,0.208984865923699,0.1880649607810697,0.1343761075692853,2,2.5,valid
Uttar_Pradesh,Muzaffarnagar,2010,17,2010-12-25,2010-12-30,0.105529407069196,0.20970391075768688,0.1923235424787675,0.13388738336654285,0,,insufficient_data
Uttar_Pradesh,Muzaffarnagar,2010,18,2010-12-30,2011-01-04,0.10722083143389403,0.21198586904474112,0.19328684410106955,0.13078105501019754,0,,insufficient_data
Uttar_Pradesh,Muzaffarnagar,2010,19,2011-01-04,2011-01-09,0.10075066931936887,0.2134322410827986,0.18157915996770438,0.11990902609445107,0,,insufficient_data
Uttar_Pradesh,Muzaffarnagar,2010,20,2011-01-09,2011-01-14,0.0820277154156518,0.21627807756045472,0.17290108680806815,0.10993801091810919,0,,insufficient_data
Uttar_Pradesh,Muzaffarnagar,2010,21,2011-01-14,2011-01-19,0.0986187157364828,0.2188446942036456,0.1917803560274192,0.1245850650201752,2,8.0,valid
Uttar_Pradesh,Muzaffarnagar,2010,22,2011-01-19,2011-01-24,0.0744565303226143,0.2124671631210512,0.1648921630946243,0.1007659056938927,1,0.0,valid
Uttar_Pradesh,Muzaffarnagar,2010,23,2011-01-24,2011-01-29,0.0730079001878583,0.2175223753566674,0.162030741302161,0.1044630620402597,1,15.0,valid
Uttar_Pradesh,Muzaffarnagar,2010,24,2011-01-29,2011-02-03,0.0751711639251122,0.2281149425724258,0.1760719934585682,0.1078505856466434,2,5.0,valid
Uttar_Pradesh,Muzaffarnagar,2010,25,2011-02-03,2011-02-08,0.06908605538142125,0.23883687236553613,0.16426532104307448,0.097869136918399,0,,insufficient_data
Uttar_Pradesh,Muzaffarnagar,2010,26,2011-02-08,2011-02-13,0.0647876042530568,0.2528896226608247,0.1614927420062179,0.0956853034955497,4,5.0,valid
Uttar_Pradesh,Muzaffarnagar,2010,27,2011-02-13,2011-02-18,0.0580070782184647,0.2831902581167115,0.156838965353801,0.0805808277156495,1,23.0,valid
Uttar_Pradesh,Muzaffarnagar,2010,28,2011-02-18,2011-02-23,0.06676446694423765,0.28584042687326733,0.16590987741506844,0.09489634034131322,0,,insufficient_data
Uttar_Pradesh,Muzaffarnagar,2010,29,2011-02-23,2011-02-28,0.0692583657515609,0.2966879060373646,0.1780823253077707,0.1087595916086857,1,0.0,valid
Uttar_Pradesh,Muzaffarnagar,2010,30,2011-02-28,2011-03-05,0.06844269868755608,0.2981447246431428,0.16897088404077515,0.09733926504189278,0,,insufficient_data
Uttar_Pradesh,Muzaffarnagar,2010,31,2011-03-05,2011-03-10,0.0750048195538682,0.3105939206781685,0.1672254769924841,0.094559638545368,2,11.5,valid
Uttar_Pradesh,Muzaffarnagar,2010,32,2011-03-10,2011-03-15,0.0715005312263305,0.3021068137403265,0.1737367685090447,0.1054570022978679,2,0.5,valid
Uttar_Pradesh,Muzaffarnagar,2010,33,2011-03-15,2011-03-20,0.08396857385280451,0.28152098332557696,0.17783221984931002,0.11126251150828725,0,,insufficient_data
Uttar_Pradesh,Muzaffarnagar,2010,34,2011-03-20,2011-03-25,0.0782797491241726,0.260920346896342,0.1755896755495556,0.1130940190565438,3,10.333333333333334,valid
Uttar_Pradesh,Muzaffarnagar,2010,35,2011-03-25,2011-03-30,0.1110891955068467,0.2524628519874708,0.1947769583461557,0.1319393861333693,2,14.5,valid
Uttar_Pradesh,Muzaffarnagar,2010,36,2011-03-30,2011-04-04,0.10157863232346953,0.2441296714410341,0.19656659430084034,0.13423694713406192,0,,insufficient_data
Uttar_Pradesh,Muzaffarnagar,2010,37,2011-04-04,2011-04-09,0.1056710348436328,0.2385552401445993,0.2012651612287205,0.1399734267795933,3,1.6666666666666667,valid
Uttar_Pradesh,Muzaffarnagar,2010,38,2011-04-09,2011-04-14,0.11247106009455347,0.23612697725290227,0.21381921687834024,0.15130244816720936,0,,insufficient_data
Uttar_Pradesh,Muzaffarnagar,2010,39,2011-04-14,2011-04-19,0.111274549819226,0.2245802467357242,0.2146345820789295,0.1519409565667413,2,4.5,valid
Uttar_Pradesh,Muzaffarnagar,2010,40,2011-04-19,2011-04-24,0.1218494602085084,0.2289095701438148,0.2446001658595552,0.1813560231891336,4,1.0,valid
Uttar_Pradesh,Muzaffarnagar,2010,41,2011-04-24,2011-04-29,0.12459237454012773,0.22874251814377333,0.23673829704680252,0.1752135787452905,0,,insufficient_data
Uttar_Pradesh,Muzaffarnagar,2010,42,2011-04-29,2011-05-04,0.1406531135926488,0.232737737551781,0.2509801432019228,0.1923437564799966,1,16.0,valid
Uttar_Pradesh,Muzaffarnagar,2011,0,2011-10-01,2011-10-06,0.094368526891244,0.28283357136306086,0.1988755008532434,0.11720656700899484,0,,insufficient_data
Uttar_Pradesh,Muzaffarnagar,2011,1,2011-10-06,2011-10-11,0.0850198542027628,0.2961733836109446,0.1993154200733094,0.1098495068054738,2,2.5,valid
Uttar_Pradesh,Muzaffarnagar,2011,2,2011-10-11,2011-10-16,0.1037171995797252,0.2694937591151771,0.1984355816331774,0.1245636272125159,1,7.0,valid
Uttar_Pradesh,Muzaffarnagar,2011,3,2011-10-16,2011-10-21,0.09545752384603856,0.2659372119271839,0.19801305251738294,0.1197776683938363,0,,insufficient_data
Uttar_Pradesh,Muzaffarnagar,2011,4,2011-10-21,2011-10-26,0.0972604171137249,0.2536275518632515,0.1956911815725816,0.1184708149653107,4,6.75,valid
Uttar_Pradesh,Muzaffarnagar,2011,5,2011-10-26,2011-10-31,0.0958326244879413,0.2444541531193624,0.1986100267904633,0.1262267245920448,2,2.0,valid
Uttar_Pradesh,Muzaffarnagar,2011,6,2011-10-31,2011-11-05,0.09818103110351267,0.24662320976204702,0.19824326555057525,0.1253002724848617,0,,insufficient_data
Uttar_Pradesh,Muzaffarnagar,2011,7,2011-11-05,2011-11-10,0.1014500517088718,0.2417879243035273,0.2004285882886808,0.1312032778972296,1,2.0,valid
Uttar_Pradesh,Muzaffarnagar,2011,8,2011-11-10,2011-11-15,0.09864133809840656,0.24312103871144486,0.19951930753957203,0.1287150012446372,0,,insufficient_data
Uttar_Pradesh,Muzaffarnagar,2011,9,2011-11-15,2011-11-20,0.1033951948067908,0.22138096605384522,0.1895884974447311,0.12659095523787667,0,,insufficient_data
Uttar_Pradesh,Muzaffarnagar,2011,10,2011-11-20,2011-11-25,0.1033951948067908,0.22138096605384522,0.1895884974447311,0.12659095523787667,0,,insufficient_data
Uttar_Pradesh,Muzaffarnagar,2011,11,2011-11-25,2011-11-30,0.33841011304010454,0.38753889442164724,0.3515173957732288,0.27103443265362914,0,,insufficient_data
Uttar_Pradesh,Muzaffarnagar,2011,12,2011-11-30,2011-12-05,0.1053403379047098,0.2009740078041631,0.1787484066007814,0.1219786325785237,1,6.0,valid
Uttar_Pradesh,Muzaffarnagar,2011,13,2011-12-05,2011-12-10,0.2601754376498656,0.32551523239734553,0.2915121907605741,0.2212119856567963,0,,insufficient_data
Uttar_Pradesh,Muzaffarnagar,2011,14,2011-12-10,2011-12-15,0.5714798881754993,0.5741037810391314,0.5242863849456763,0.4200902327287345,1,6.0,valid
Uttar_Pradesh,Muzaffarnagar,2011,15,2011-12-15,2011-12-20,0.1037060868693878,0.2014679083487421,0.1715017807352647,0.1215670916631306,2,4.5,valid
Uttar_Pradesh,Muzaffarnagar,2011,16,2011-12-20,2011-12-25,0.3170848900804273,0.3645290399435275,0.32857481226592145,0.25440708284413827,0,,insufficient_data
Uttar_Pradesh,Muzaffarnagar,2011,17,2011-12-25,2011-12-30,0.1058087176542384,0.1855252380473747,0.1611195960667324,0.1136159151822299,2,7.0,valid
Uttar_Pradesh,Muzaffarnagar,2011,18,2011-12-30,2012-01-04,0.4873448676225837,0.4970192323388617,0.4573914873160125,0.3623550918024582,1,10.0,valid
Uttar_Pradesh,Muzaffarnagar,2011,19,2012-01-04,2012-01-09,0.25250913563424854,0.3178401597926344,0.2775976570546941,0.2085761211154273,0,,insufficient_data
Uttar_Pradesh,Muzaffarnagar,2011,20,2012-01-09,2012-01-14,0.1643738216259235,0.2709760089916668,0.2142818877813374,0.1497573563615938,2,8.0,valid
Uttar_Pradesh,Muzaffarnagar,2011,21,2012-01-14,2012-01-19,0.24250054349710526,0.33100982111440963,0.27951380709839535,0.207234167423614,0,,insufficient_data
Uttar_Pradesh,Muzaffarnagar,2011,22,2012-01-19,2012-01-24,0.12007838143436605,0.2480051155021836,0.19057496698958684,0.1296737052341919,0,,insufficient_data
Uttar_Pradesh,Muzaffarnagar,2011,23,2012-01-24,2012-01-29,0.0757829412428086,0.2250342220127004,0.1668680461978363,0.10959005410679,1,22.0,valid
Uttar_Pradesh,Muzaffarnagar,2011,24,2012-01-29,2012-02-03,0.0757829412428086,0.2250342220127004,0.1668680461978363,0.10959005410679,0,,insufficient_data
Uttar_Pradesh,Muzaffarnagar,2011,25,2012-02-03,2012-02-08,0.0734535703158343,0.24982599458467675,0.1666890814270465,0.10670064067468149,0,,insufficient_data
Uttar_Pradesh,Muzaffarnagar,2011,26,2012-02-08,2012-02-13,0.0734535703158343,0.24982599458467675,0.1666890814270465,0.10670064067468149,0,,insufficient_data
Uttar_Pradesh,Muzaffarnagar,2011,27,2012-02-13,2012-02-18,0.0804107173802768,0.2790524383207954,0.17860300823098504,0.11496394463291905,0,,insufficient_data
Uttar_Pradesh,Muzaffarnagar,2011,28,2012-02-18,2012-02-23,0.07112419938886,0.2746177671566531,0.1665101166562567,0.103811227242573,2,18.5,valid
Uttar_Pradesh,Muzaffarnagar,2011,29,2012-02-23,2012-02-28,0.10139983779193128,0.2866668566483635,0.18447234408058366,0.12126782883573084,0,,insufficient_data
Uttar_Pradesh,Muzaffarnagar,2011,30,2012-02-28,2012-03-04,0.0896972353716936,0.2834871094849377,0.1906958998057134,0.1261166620232651,1,11.0,valid
Uttar_Pradesh,Muzaffarnagar,2011,31,2012-03-04,2012-03-09,0.1433780786152402,0.3018956933034997,0.1962110157797809,0.1338755972413544,2,11.5,valid
Uttar_Pradesh,Muzaffarnagar,2011,32,2012-03-09,2012-03-14,0.10421131119312646,0.29307943358134375,0.1907409395976071,0.12732257399188338,0,,insufficient_data
Uttar_Pradesh,Muzaffarnagar,2011,33,2012-03-14,2012-03-19,0.08472717411336,0.2926072579721522,0.1888064583872485,0.1220324922350799,2,3.5,valid
Uttar_Pradesh,Muzaffarnagar,2011,34,2012-03-19,2012-03-24,0.099042756672212,0.2943276735647855,0.1872503844176856,0.1272655444678341,2,0.0,valid
Uttar_Pradesh,Muzaffarnagar,2011,35,2012-03-24,2012-03-29,0.09334322865147837,0.26149624572627445,0.18630481776771202,0.1264355381765188,0,,insufficient_data
Uttar_Pradesh,Muzaffarnagar,2011,36,2012-03-29,2012-04-03,0.0962295254701685,0.2420703811243819,0.1927160518148886,0.134715314379356,2,2.0,valid
Uttar_Pradesh,Muzaffarnagar,2011,37,2012-04-03,2012-04-08,0.093373458350173,0.2169796702437782,0.1764463764510254,0.1217288016238053,2,3.0,valid
Uttar_Pradesh,Muzaffarnagar,2011,38,2012-04-08,2012-04-13,0.10385993147592659,0.22645632222918105,0.20256044997126307,0.14423249087039752,0,,insufficient_data
Uttar_Pradesh,Muzaffarnagar,2011,39,2012-04-13,2012-04-18,0.1090426779191848,0.222894712218919,0.2120073929091216,0.1506578634982069,1,0.0,valid
Uttar_Pradesh,Muzaffarnagar,2011,40,2012-04-18,2012-04-23,0.10640340014451262,0.22125163593078076,0.2058419160233879,0.14740488303407803,0,,insufficient_data
Uttar_Pradesh,Muzaffarnagar,2011,41,2012-04-23,2012-04-28,0.1167940641641801,0.2238805253296451,0.2290719787100167,0.1698279839802219,2,0.5,valid
Uttar_Pradesh,Muzaffarnagar,2011,42,2012-04-28,2012-05-03,0.11291837104168245,0.22338761877428204,0.22053968580956915,0.1602429237392144,0,,insufficient_data
Uttar_Pradesh,Muzaffarnagar,2012,0,2012-10-01,2012-10-06,0.07222154054854996,0.27975892530389385,0.18687018473136915,0.1046216528300892,0,,insufficient_data
Uttar_Pradesh,Muzaffarnagar,2012,1,2012-10-06,2012-10-11,0.0675525640385883,0.2830148553086185,0.1863407930932777,0.1021530209420402,2,11.5,valid
Uttar_Pradesh,Muzaffarnagar,2012,2,2012-10-11,2012-10-16,0.07633497378597848,0.2775646024211426,0.1908100253948576,0.10895705687720203,0,,insufficient_data
Uttar_Pradesh,Muzaffarnagar,2012,3,2012-10-16,2012-10-21,0.0768905170585116,0.2765029952991692,0.1873995763694606,0.1070902847181382,2,9.5,valid
Uttar_Pradesh,Muzaffarnagar,2012,4,2012-10-21,2012-10-26,0.0845618402608355,0.2731759566556402,0.1986897067218345,0.1176278649714277,2,3.0,valid
Uttar_Pradesh,Muzaffarnagar,2012,5,2012-10-26,2012-10-31,0.09616154476352687,0.26102327673169456,0.19370902577568022,0.11710319857045653,0,,insufficient_data
Uttar_Pradesh,Muzaffarnagar,2012,6,2012-10-31,2012-11-05,0.095750292963887,0.242532587825311,0.190925027033397,0.1195830646719809,1,0.0,valid
Uttar_Pradesh,Muzaffarnagar,2012,7,2012-11-05,2012-11-10,0.09886284373587458,0.24802453145649594,0.193243412875569,0.12064889442274102,0,,insufficient_data
Uttar_Pradesh,Muzaffarnagar,2012,8,2012-11-10,2012-11-15,0.1274435287708734,0.2518815671466579,0.1978217929780288,0.1241115799202793,2,9.5,valid
Uttar_Pradesh,Muzaffarnagar,2012,9,2012-11-15,2012-11-20,0.0876957129479024,0.2245080141983746,0.1855371247690158,0.1212730681272761,2,1.5,valid
Uttar_Pradesh,Muzaffarnagar,2012,10,2012-11-20,2012-11-25,0.09853603194380688,0.23182754523671095,0.19101987889693506,0.12448112292461057,0,,insufficient_data
Uttar_Pradesh,Muzaffarnagar,2012,11,2012-11-25,2012-11-30,0.0866384974525377,0.2243399944553573,0.1914712583807027,0.1255254237006131,2,1.5,valid
Uttar_Pradesh,Muzaffarnagar,2012,12,2012-11-30,2012-12-05,0.092366388603914,0.2265806051464541,0.189249339459993,0.1270144199502738,2,0.0,valid
Uttar_Pradesh,Muzaffarnagar,2012,13,2012-12-05,2012-12-10,0.08889879290158192,0.22795901603967222,0.18932276149533545,0.12396604460721619,0,,insufficient_data
Uttar_Pradesh,Muzaffarnagar,2012,14,2012-12-10,2012-12-15,0.0863504062362941,0.2337262176273166,0.1833987927397889,0.1131901449877585,2,20.5,valid
Uttar_Pradesh,Muzaffarnagar,2012,15,2012-12-15,2012-12-20,0.0902398793135819,0.2271892469295609,0.1931716554008573,0.1301341897902194,2,0.0,valid
Uttar_Pradesh,Muzaffarnagar,2012,16,2012-12-20,2012-12-25,0.088295142774938,0.23045773227843874,0.1882852240703231,0.12166216738898895,0,,insufficient_data
Uttar_Pradesh,Muzaffarnagar,2012,17,2012-12-25,2012-12-30,0.09733204882846926,0.22438654162320593,0.18653411453142207,0.12265567201200293,0,,insufficient_data
Uttar_Pradesh,Muzaffarnagar,2012,18,2012-12-30,2013-01-04,0.10282287012455685,0.2197167036211506,0.18810177542723866,0.12738843552412515,0,,insufficient_data
Uttar_Pradesh,Muzaffarnagar,2012,19,2013-01-04,2013-01-09,0.12640706389016756,0.24561341028028244,0.1784731519786003,0.11348895633610279,0,,insufficient_data
Uttar_Pradesh,Muzaffarnagar,2012,20,2013-01-09,2013-01-14,0.1154058609355318,0.2122441603127403,0.18303189545362,0.1246426812580309,2,5.0,valid
Uttar_Pradesh,Muzaffarnagar,2012,21,2013-01-14,2013-01-19,0.1227764407475439,0.25252652978676426,0.17444047168622512,0.10904722489803638,0,,insufficient_data
Uttar_Pradesh,Muzaffarnagar,2012,22,2013-01-19,2013-01-24,0.1374082668448033,0.2789826602478246,0.1739144085035806,0.1023352314141747,1,9.0,valid
Uttar_Pradesh,Muzaffarnagar,2012,23,2013-01-24,2013-01-29,0.1227764407475439,0.25252652978676426,0.17444047168622512,0.10904722489803638,0,,insufficient_data
Uttar_Pradesh,Muzaffarnagar,2012,24,2013-01-29,2013-02-03,0.1155151944622966,0.2663527687997279,0.1663751111014748,0.1001637620219036,1,13.0,valid
Uttar_Pradesh,Muzaffarnagar,2012,25,2013-02-03,2013-02-08,0.1087400020394131,0.27040810732490766,0.17331915619685467,0.10394915421029756,0,,insufficient_data
Uttar_Pradesh,Muzaffarnagar,2012,26,2013-02-08,2013-02-13,0.094405869636718,0.2661208308634492,0.1730215300434917,0.104756115608359,0,,insufficient_data
Uttar_Pradesh,Muzaffarnagar,2012,27,2013-02-13,2013-02-18,0.0732965448111394,0.2658888929271705,0.1796679489855086,0.1093484691948144,2,3.5,valid
Uttar_Pradesh,Muzaffarnagar,2012,28,2013-02-18,2013-02-23,0.06979528635142666,0.29160770228982413,0.1815103694392608,0.1103860389196243,0,,insufficient_data
Uttar_Pradesh,Muzaffarnagar,2012,29,2013-02-23,2013-02-28,0.06979528635142666,0.29160770228982413,0.1815103694392608,0.1103860389196243,0,,insufficient_data
Uttar_Pradesh,Muzaffarnagar,2012,30,2013-02-28,2013-03-05,0.0683796339607503,0.3056684510357383,0.1903777699847864,0.1164430063856917,2,3.5,valid
Uttar_Pradesh,Muzaffarnagar,2012,31,2013-03-05,2013-03-10,0.0677096802823903,0.3032657629065636,0.1744853893474874,0.1053666411783668,2,3.0,valid
Uttar_Pradesh,Muzaffarnagar,2012,32,2013-03-10,2013-03-15,0.0763177522628017,0.2912914196583344,0.1830173543304042,0.114933098743001,0,,insufficient_data
Uttar_Pradesh,Muzaffarnagar,2012,33,2013-03-15,2013-03-20,0.0790772293478531,0.2763771149053436,0.1906296800990571,0.1238385242290411,2,2.5,valid
Uttar_Pradesh,Muzaffarnagar,2012,34,2013-03-20,2013-03-25,0.0828356205482984,0.2782606607422955,0.18687191483664342,0.12106141972512045,0,,insufficient_data
Uttar_Pradesh,Muzaffarnagar,2012,35,2013-03-25,2013-03-30,0.0901044654602131,0.2798543497856919,0.1765765778902859,0.1140842231789044,2,11.0,valid
Uttar_Pradesh,Muzaffarnagar,2012,36,2013-03-30,2013-04-04,0.0944511071027371,0.2535454153715829,0.2057960120097433,0.1409562903141695,1,12.0,valid
Uttar_Pradesh,Muzaffarnagar,2012,37,2013-04-04,2013-04-09,0.0939242012636165,0.2536880482304215,0.19238587781093888,0.12952111846274647,0,,insufficient_data
Uttar_Pradesh,Muzaffarnagar,2012,38,2013-04-09,2013-04-14,0.0972170312278993,0.2276643795339898,0.1947850435327875,0.1335228418951655,1,0.0,valid
Uttar_Pradesh,Muzaffarnagar,2012,39,2013-04-14,2013-04-19,0.11185918741919032,0.24226549181810397,0.21450618263178345,0.15162226753190874,0,,insufficient_data
Uttar_Pradesh,Muzaffarnagar,2012,40,2013-04-19,2013-04-24,0.12056322757741694,0.2366255300413645,0.21886126794280356,0.15695525614077835,0,,insufficient_data
Uttar_Pradesh,Muzaffarnagar,2012,41,2013-04-24,2013-04-29,0.1439094239269346,0.2455866805487392,0.2429374923528196,0.1803876703863912,1,11.0,valid
Uttar_Pradesh,Muzaffarnagar,2012,42,2013-04-29,2013-05-04,0.1439094239269346,0.2455866805487392,0.2429374923528196,0.1803876703863912,0,,insufficient_data
Uttar_Pradesh,Muzaffarnagar,2013,0,2013-10-01,2013-10-06,0.0674851000636218,0.2732768781186452,0.1815853812704822,0.1032633997705514,0,,insufficient_data
Uttar_Pradesh,Muzaffarnagar,2013,1,2013-10-06,2013-10-11,0.0674851000636218,0.2732768781186452,0.1815853812704822,0.1032633997705514,0,,insufficient_data
Uttar_Pradesh,Muzaffarnagar,2013,2,2013-10-11,2013-10-16,0.07956303092152485,0.26882074540918965,0.18651280012257887,0.10873770202679506,0,,insufficient_data
Uttar_Pradesh,Muzaffarnagar,2013,3,2013-10-16,2013-10-21,0.0674851000636218,0.2732768781186452,0.1815853812704822,0.1032633997705514,4,3.1625,valid
Uttar_Pradesh,Muzaffarnagar,2013,4,2013-10-21,2013-10-26,0.08354933187180684,0.2631350410472222,0.18903816933082565,0.1131368388095058,0,,insufficient_data
Uttar_Pradesh,Muzaffarnagar,2013,5,2013-10-26,2013-10-31,0.0916409617794279,0.2643646126997341,0.1914402189746755,0.1142120042830387,4,7.3,valid
Uttar_Pradesh,Muzaffarnagar,2013,6,2013-10-31,2013-11-05,0.0915219337723708,0.2517636323232872,0.1940889077473192,0.1219351123749273,2,7.0,valid
Uttar_Pradesh,Muzaffarnagar,2013,7,2013-11-05,2013-11-10,0.08615950522069403,0.24244980555918882,0.18624827015840062,0.11694132760454425,0,,insufficient_data
Uttar_Pradesh,Muzaffarnagar,2013,8,2013-11-10,2013-11-15,0.0802953741363949,0.2321080576367731,0.1837925321328387,0.1165758781088342,4,3.0725,valid
Uttar_Pradesh,Muzaffarnagar,2013,9,2013-11-15,2013-11-20,0.08236150546219423,0.22911669968346354,0.18261165019179953,0.1170706322142057,0,,insufficient_data
Uttar_Pradesh,Muzaffarnagar,2013,10,2013-11-20,2013-11-25,0.0811797511945825,0.2215629195769609,0.1756714217787691,0.1150423156513768,4,1.09,valid
Uttar_Pradesh,Muzaffarnagar,2013,11,2013-11-25,2013-11-30,0.0764489627454287,0.211032189196833,0.1768937391082712,0.1147292227216845,4,0.76,valid
Uttar_Pradesh,Muzaffarnagar,2013,12,2013-11-30,2013-12-05,0.09005783996978219,0.21423624598548044,0.1725730244408115,0.11209699575998429,0,,insufficient_data
Uttar_Pradesh,Muzaffarnagar,2013,13,2013-12-05,2013-12-10,0.0783851172204062,0.2120577093358008,0.17120908326686,0.112213289766848,4,8.6475,valid
Uttar_Pradesh,Muzaffarnagar,2013,14,2013-12-10,2013-12-15,0.0805666622859516,0.2142975422885051,0.1616158249558491,0.1054377337650106,2,5.5,valid
Uttar_Pradesh,Muzaffarnagar,2013,15,2013-12-15,2013-12-20,0.1337087064025419,0.2122308695293024,0.177475053094308,0.1130624168950016,1,2.0,valid
Uttar_Pradesh,Muzaffarnagar,2013,16,2013-12-20,2013-12-25,0.08824839386779233,0.21634527266222553,0.16642230661305837,0.1075573808128915,0,,insufficient_data
Uttar_Pradesh,Muzaffarnagar,2013,17,2013-12-25,2013-12-30,0.09071421302963886,0.2174171634938317,0.16522561244960796,0.10639340357440238,0,,insufficient_data
Uttar_Pradesh,Muzaffarnagar,2013,18,2013-12-30,2014-01-04,0.0726756611126955,0.2178966418481672,0.1572241095031955,0.1040405067077304,2,0.215,valid
Uttar_Pradesh,Muzaffarnagar,2013,19,2014-01-04,2014-01-09,0.0759058223173664,0.2252436003093521,0.1645874622450791,0.1030329569298669,2,14.5,valid
Uttar_Pradesh,Muzaffarnagar,2013,20,2014-01-09,2014-01-14,0.07123234362600232,0.2270429778905905,0.15524038010469957,0.09526115783276094,0,,insufficient_data
Uttar_Pradesh,Muzaffarnagar,2013,21,2014-01-14,2014-01-19,0.2208739372285554,0.34027243083408154,0.2658462344483572,0.19454973727931124,0,,insufficient_data
Uttar_Pradesh,Muzaffarnagar,2013,22,2014-01-19,2014-01-24,0.0651155474479451,0.2379886915142522,0.1439095685658241,0.0787100098606855,1,15.0,valid
Uttar_Pradesh,Muzaffarnagar,2013,23,2014-01-24,2014-01-29,0.2646793822594687,0.3882610582869519,0.2998135580115985,0.22349635216301933,0,,insufficient_data
Uttar_Pradesh,Muzaffarnagar,2013,24,2014-01-29,2014-02-03,0.6697987180362146,0.6799607896645548,0.59766379747933,0.4924154756189621,1,18.0,valid
Uttar_Pradesh,Muzaffarnagar,2013,25,2014-02-03,2014-02-08,0.21418616308351646,0.3560448385341406,0.2643705914136632,0.19056010436367335,0,,insufficient_data
Uttar_Pradesh,Muzaffarnagar,2013,26,2014-02-08,2014-02-13,0.0591238812942463,0.2468336936820487,0.1578673079896414,0.0993635710094104,2,9.4,valid
Uttar_Pradesh,Muzaffarnagar,2013,27,2014-02-13,2014-02-18,0.0627065055556598,0.2593961792757066,0.1580416916198574,0.0917513609656354,3,3.92,valid
Uttar_Pradesh,Muzaffarnagar,2013,28,2014-02-18,2014-02-23,0.06307149754496313,0.2626142996515595,0.16117454919854612,0.0979140098316111,0,,insufficient_data
Uttar_Pradesh,Muzaffarnagar,2013,29,2014-02-23,2014-02-28,0.0673841057849833,0.2816130259969233,0.1676146479861396,0.1026270975197875,3,13.296666666666669,valid
Uttar_Pradesh,Muzaffarnagar,2013,30,2014-02-28,2014-03-05,0.06624271051716903,0.27773921718351113,0.16516294463953576,0.09977400683535553,0,,insufficient_data
Uttar_Pradesh,Muzaffarnagar,2013,31,2014-03-05,2014-03-10,0.0691577423311965,0.2860315633905674,0.16963051627976833,0.1057847238828934,0,,insufficient_data
Uttar_Pradesh,Muzaffarnagar,2013,32,2014-03-10,2014-03-15,0.068637520210864,0.2922084462779036,0.1698324943126103,0.1049435620206437,4,5.445,valid
Uttar_Pradesh,Muzaffarnagar,2013,33,2014-03-15,2014-03-20,0.072797568983503,0.28120979927161954,0.17639859885294687,0.11292089722816057,0,,insufficient_data
Uttar_Pradesh,Muzaffarnagar,2013,34,2014-03-20,2014-03-25,0.0714516009977422,0.2842732178968753,0.1714444065405551,0.109783512108249,2,18.79,valid
Uttar_Pradesh,Muzaffarnagar,2013,35,2014-03-25,2014-03-30,0.0783035857419028,0.2671477336400796,0.1879188957056752,0.124035617555589,2,14.975,valid
Uttar_Pradesh,Muzaffarnagar,2013,36,2014-03-30,2014-04-04,0.08570645113941602,0.2549305239307993,0.18311759892279716,0.12494461331074597,0,,insufficient_data
Uttar_Pradesh,Muzaffarnagar,2013,37,2014-04-04,2014-04-09,0.096597333971533,0.2483531099126562,0.2004334341729285,0.1387457521613401,4,10.44,valid
Uttar_Pradesh,Muzaffarnagar,2013,38,2014-04-09,2014-04-14,0.09744345817746315,0.24359924097185504,0.19951411365776622,0.1421274572548915,0,,insufficient_data
Uttar_Pradesh,Muzaffarnagar,2013,39,2014-04-14,2014-04-19,0.0964732838464861,0.2199480342735859,0.1726736592720299,0.1272135714178058,1,19.42,valid
Uttar_Pradesh,Muzaffarnagar,2013,40,2014-04-19,2014-04-24,0.1183996291499307,0.2389480860610985,0.2370304654804313,0.1785148878848311,4,2.4625,valid
Uttar_Pradesh,Muzaffarnagar,2013,41,2014-04-24,2014-04-29,0.1133842472705467,0.22939802866597517,0.21954677084122606,0.16662799783683654,0,,insufficient_data
Uttar_Pradesh,Muzaffarnagar,2013,42,2014-04-29,2014-05-04,0.1252798288152233,0.2292979656632411,0.2489361877712169,0.1941555342078727,2,0.0,valid
Uttar_Pradesh,Muzaffarnagar,2014,0,2014-10-01,2014-10-06,0.07781070348906291,0.29902430779859024,0.18868682202392575,0.10385006663287255,0,,insufficient_data
Uttar_Pradesh,Muzaffarnagar,2014,1,2014-10-06,2014-10-11,0.0738734275789034,0.2982796257931178,0.1834293470461262,0.1012439337633979,4,6.672499999999999,valid
Uttar_Pradesh,Muzaffarnagar,2014,2,2014-10-11,2014-10-16,0.0817479793992224,0.2997689898040627,0.1939442970017253,0.1064561995023472,1,16.0,valid
Uttar_Pradesh,Muzaffarnagar,2014,3,2014-10-16,2014-10-21,0.08612373045781269,0.2823836176597757,0.19161992653308108,0.11158465515403047,0,,insufficient_data
Uttar_Pradesh,Muzaffarnagar,2014,4,2014-10-21,2014-10-26,0.0810870943634277,0.2682759167066528,0.1889444963803343,0.114675099494932,4,2.8325,valid
Uttar_Pradesh,Muzaffarnagar,2014,5,2014-10-26,2014-10-31,0.09293698772529592,0.2708710255141401,0.19458216618941654,0.11760539575287124,0,,insufficient_data
Uttar_Pradesh,Muzaffarnagar,2014,6,2014-10-31,2014-11-05,0.1077864204896972,0.2632099383352696,0.2001615657041384,0.1239633878554448,2,5.5,valid
Uttar_Pradesh,Muzaffarnagar,2014,7,2014-11-05,2014-11-10,0.1011264566488364,0.2522292572105752,0.1952783056714682,0.1253268961587609,3,12.073333333333332,valid
Uttar_Pradesh,Muzaffarnagar,2014,8,2014-11-10,2014-11-15,0.09491665520109077,0.24070052230416836,0.19025093890132683,0.12473358179117289,0,,insufficient_data
Uttar_Pradesh,Muzaffarnagar,2014,9,2014-11-15,2014-11-20,0.0864097561648169,0.226978969213084,0.1849606288235228,0.124409694006676,4,0.755,valid
Uttar_Pradesh,Muzaffarnagar,2014,10,2014-11-20,2014-11-25,0.0843439875010126,0.2203839244577446,0.1806032554061779,0.1252343491438099,4,1.8,valid
Uttar_Pradesh,Muzaffarnagar,2014,11,2014-11-25,2014-11-30,0.08925434170523791,0.21926553318544256,0.18366035571917824,0.12669765664145222,0,,insufficient_data
Uttar_Pradesh,Muzaffarnagar,2014,12,2014-11-30,2014-12-05,0.0866874696522572,0.2161904587688248,0.1888155538844961,0.1311580077370703,4,0.515,valid
Uttar_Pradesh,Muzaffarnagar,2014,13,2014-12-05,2014-12-10,0.1067756706620036,0.2144237414868418,0.1810970425325551,0.1238283555605642,2,1.0,valid
Uttar_Pradesh,Muzaffarnagar,2014,14,2014-12-10,2014-12-15,0.0820548245460992,0.2183505720007175,0.1828252979491394,0.1288578767591408,2,1.635,valid
Uttar_Pradesh,Muzaffarnagar,2014,15,2014-12-15,2014-12-20,0.0963313392475784,0.2312202996768363,0.1618096195138415,0.1042102025665631,1,10.96,valid
Uttar_Pradesh,Muzaffarnagar,2014,16,2014-12-20,2014-12-25,0.0950539448185604,0.2213315377214652,0.17524398666517868,0.1189654782954227,0,,insufficient_data
Uttar_Pradesh,Muzaffarnagar,2014,17,2014-12-25,2014-12-30,0.0891930818968388,0.22478543583877691,0.17231745873149046,0.11653403966285195,0,,insufficient_data
Uttar_Pradesh,Muzaffarnagar,2014,18,2014-12-30,2015-01-04,0.0963313392475784,0.2312202996768363,0.1618096195138415,0.1042102025665631,0,,insufficient_data
Uttar_Pradesh,Muzaffarnagar,2014,19,2015-01-04,2015-01-09,,,,,0,,insufficient_data
Uttar_Pradesh,Muzaffarnagar,2014,20,2015-01-09,2015-01-14,0.0641631443502326,0.2470808300866721,0.158414762101496,0.1006584403382699,0,,insufficient_data
Uttar_Pradesh,Muzaffarnagar,2014,21,2015-01-14,2015-01-19,0.0641631443502326,0.2470808300866721,0.158414762101496,0.1006584403382699,1,20.0,missing_bands
Uttar_Pradesh,Muzaffarnagar,2014,22,2015-01-19,2015-01-24,0.1567433528240032,0.30310454887859234,0.22230748485821217,0.15555774725921925,0,,insufficient_data
Uttar_Pradesh,Muzaffarnagar,2014,23,2015-01-24,2015-01-29,0.0641631443502326,0.2470808300866721,0.158414762101496,0.1006584403382699,1,27.5,valid
Uttar_Pradesh,Muzaffarnagar,2014,24,2015-01-29,2015-02-03,0.12589124527667916,0.29086696583091903,0.20110015305584572,0.1376297157148919,0,,insufficient_data
Uttar_Pradesh,Muzaffarnagar,2014,25,2015-02-03,2015-02-08,0.2493235612977738,0.3591282676705126,0.2862002076149283,0.2104570541801686,1,11.0,valid
Uttar_Pradesh,Muzaffarnagar,2014,26,2015-02-08,2015-02-13,0.0641870301820311,0.2663917997355725,0.1586854894511128,0.1017736526262372,2,1.14,valid
Uttar_Pradesh,Muzaffarnagar,2014,27,2015-02-13,2015-02-18,0.1304877005445583,0.30781033682510156,0.20614251473760958,0.14021636471052243,0,,insufficient_data
Uttar_Pradesh,Muzaffarnagar,2014,28,2015-02-18,2015-02-23,0.11296115201144385,0.30648041343015203,0.1943632985878629,0.128988825755837,0,,insufficient_data
Uttar_Pradesh,Muzaffarnagar,2014,29,2015-02-23,2015-02-28,0.07795251015387,0.2979109430692198,0.1735418471467877,0.1084183873251615,2,1.0,valid
Uttar_Pradesh,Muzaffarnagar,2014,30,2015-02-28,2015-03-05,0.07026268422096789,0.3000970380298353,0.17319192427871424,0.1068041566516912,0,,insufficient_data
Uttar_Pradesh,Muzaffarnagar,2014,31,2015-03-05,2015-03-10,0.0603815064121005,0.3024906432453034,0.1590256501386228,0.0953062088917807,2,15.805,valid
Uttar_Pradesh,Muzaffarnagar,2014,32,2015-03-10,2015-03-15,0.071730552170481,0.2917138075779421,0.17650906459400634,0.11109383280066003,0,,insufficient_data
Uttar_Pradesh,Muzaffarnagar,2014,33,2015-03-15,2015-03-20,0.0724540360969332,0.2998895277749828,0.1870082755507323,0.1166878737381314,1,15.05,valid
Uttar_Pradesh,Muzaffarnagar,2014,34,2015-03-20,2015-03-25,0.0761341560190203,0.2665641162222625,0.1864604855398826,0.1239628612475665,4,0.755,valid
Uttar_Pradesh,Muzaffarnagar,2014,35,2015-03-25,2015-03-30,0.08496647158371076,0.25719717509294454,0.1880194691565182,0.12269384264641907,0,,insufficient_data
Uttar_Pradesh,Muzaffarnagar,2014,36,2015-03-30,2015-04-04,0.0937695186777178,0.2580447675628051,0.175527152394078,0.1084594549901468,1,24.0,valid
Uttar_Pradesh,Muzaffarnagar,2014,37,2015-04-04,2015-04-09,0.0834036133272862,0.2284369431743087,0.1776963414678837,0.1164769932095701,2,6.27,valid
Uttar_Pradesh,Muzaffarnagar,2014,38,2015-04-09,2015-04-14,0.0990710337975963,0.2330505207303636,0.2134050908300145,0.1478820300466806,2,2.5,valid
Uttar_Pradesh,Muzaffarnagar,2014,39,2015-04-14,2015-04-19,0.1111706013427902,0.2407469723748319,0.2288867976624183,0.1692261760624971,2,1.58,valid
Uttar_Pradesh,Muzaffarnagar,2014,40,2015-04-19,2015-04-24,0.1030205113315808,0.23081533894922557,0.21529150720011508,0.1549637488735289,0,,insufficient_data
Uttar_Pradesh,Muzaffarnagar,2014,41,2015-04-24,2015-04-29,0.1184367968586505,0.221026919517398,0.2411777988401439,0.1862697961753678,4,1.2625,valid
Uttar_Pradesh,Muzaffarnagar,2014,42,2015-04-29,2015-05-04,0.11480369910072036,0.23088694594611495,0.23503229825128108,0.17774798611893244,0,,insufficient_data
Uttar_Pradesh,Muzaffarnagar,2015,0,2015-10-01,2015-10-06,0.0626794583273797,0.2979098462954679,0.1812937437938712,0.1000644879411988,4,0.7525,valid
Uttar_Pradesh,Muzaffarnagar,2015,1,2015-10-06,2015-10-11,0.0696765117149603,0.2820897852420077,0.1833209447410958,0.1071305722731541,4,1.4775,valid
Uttar_Pradesh,Muzaffarnagar,2015,2,2015-10-11,2015-10-16,0.08251988754344444,0.27986621741625173,0.19248995059814483,0.11536419672288585,0,,insufficient_data
Uttar_Pradesh,Muzaffarnagar,2015,3,2015-10-16,2015-10-21,0.0895341480305416,0.2822985620022432,0.194414391636806,0.1141820290970045,4,2.39,valid
Uttar_Pradesh,Muzaffarnagar,2015,4,2015-10-21,2015-10-26,0.1127755519897597,0.2646100801831816,0.2082270356929516,0.1333441883710471,2,15.0,valid
Uttar_Pradesh,Muzaffarnagar,2015,5,2015-10-26,2015-10-31,0.0779337676545809,0.2724228133583583,0.1951936371259996,0.1220997059320247,1,5.86,valid
Uttar_Pradesh,Muzaffarnagar,2015,6,2015-10-31,2015-11-05,0.1051805172465667,0.248215749037499,0.1913858166384335,0.1238188264217966,3,13.17,valid
Uttar_Pradesh,Muzaffarnagar,2015,7,2015-11-05,2015-11-10,0.0903864613028014,0.2508657922546964,0.19273591456691067,0.12431244169587337,0,,insufficient_data
Uttar_Pradesh,Muzaffarnagar,2015,8,2015-11-10,2015-11-15,0.0731113255669663,0.2411889167396147,0.1849512316699597,0.1199473604230526,2,3.09,valid
Uttar_Pradesh,Muzaffarnagar,2015,9,2015-11-15,2015-11-20,0.0829311440561334,0.2278914019548286,0.183921851707209,0.1223521273314459,4,3.0275,valid
Uttar_Pradesh,Muzaffarnagar,2015,10,2015-11-20,2015-11-25,0.0937786777179914,0.22265397193313136,0.18131331967011644,0.12315834778110576,0,,insufficient_data
Uttar_Pradesh,Muzaffarnagar,2015,11,2015-11-25,2015-11-30,0.1109239450442483,0.2101389414373161,0.1823840746981446,0.1280792954400527,2,22.0,valid
Uttar_Pradesh,Muzaffarnagar,2015,12,2015-11-30,2015-12-05,0.0839260253235516,0.2109094143416596,0.1727240095033708,0.1236148462380188,2,1.41,valid
Uttar_Pradesh,Muzaffarnagar,2015,13,2015-12-05,2015-12-10,0.1180009485990574,0.2231411851922376,0.1825854307718979,0.1217981094729589,2,3.5,valid
Uttar_Pradesh,Muzaffarnagar,2015,14,2015-12-10,2015-12-15,0.1301320915994974,0.2601407334534349,0.2051127074776836,0.1442739447709433,3,14.013333333333334,valid
Uttar_Pradesh,Muzaffarnagar,2015,15,2015-12-15,2015-12-20,0.10077976503545374,0.22254838968652937,0.179221629131064,0.12357783449191435,0,,insufficient_data
Uttar_Pradesh,Muzaffarnagar,2015,16,2015-12-20,2015-12-25,0.1020882118369132,0.2072698099827493,0.1646319371933998,0.1117816943096922,4,8.725000000000001,valid
Uttar_Pradesh,Muzaffarnagar,2015,17,2015-12-25,2015-12-30,0.0697515478182491,0.2112808054625655,0.1710540607089679,0.1164205776679585,1,7.9,valid
Uttar_Pradesh,Muzaffarnagar,2015,18,2015-12-30,2016-01-04,0.09449091022766994,0.20891201463512432,0.16711373155555395,0.113019836999201,0,,insufficient_data
Uttar_Pradesh,Muzaffarnagar,2015,19,2016-01-04,2016-01-09,0.1116329710278475,0.2081854284600582,0.1656551967642941,0.1108572390199523,3,9.143333333333333,valid
Uttar_Pradesh,Muzaffarnagar,2015,20,2016-01-09,2016-01-14,0.11232365760167935,0.22585533309024733,0.17796187545783773,0.11930433504460096,0,,insufficient_data
Uttar_Pradesh,Muzaffarnagar,2015,21,2016-01-14,2016-01-19,0.11329693172622816,0.23008750217663476,0.17227701390528513,0.1133368673535341,0,,insufficient_data
Uttar_Pradesh,Muzaffarnagar,2015,22,2016-01-19,2016-01-24,0.1555864539589415,0.2580997653481183,0.1971763689002513,0.1306351884458921,1,12.0,valid
Uttar_Pradesh,Muzaffarnagar,2015,23,2016-01-24,2016-01-29,0.09664736171572019,0.24444760481162384,0.16396294524020616,0.10630196237029926,0,,insufficient_data
Uttar_Pradesh,Muzaffarnagar,2015,24,2016-01-29,2016-02-03,0.0726713701918955,0.2239773127217278,0.1539994760513099,0.0985181745947579,3,11.073333333333332,valid
Uttar_Pradesh,Muzaffarnagar,2015,25,2016-02-03,2016-02-08,0.0616842609963236,0.2512657363650253,0.1407129907690573,0.0897525240702478,2,0.945,valid
Uttar_Pradesh,Muzaffarnagar,2015,26,2016-02-08,2016-02-13,0.06328046580039294,0.26258707483781535,0.1559376645812076,0.09732267546498236,0,,insufficient_data
Uttar_Pradesh,Muzaffarnagar,2015,27,2016-02-13,2016-02-18,0.0620595986517073,0.2695310012752893,0.155357316801371,0.0925133191121144,2,0.0,valid
Uttar_Pradesh,Muzaffarnagar,2015,28,2016-02-18,2016-02-23,0.055034444778474,0.2862071271318976,0.1548036447579195,0.0968663253622894,2,0.015,valid
Uttar_Pradesh,Muzaffarnagar,2015,29,2016-02-23,2016-02-28,0.0649526543835643,0.2819541966951369,0.1748148945263803,0.1089630341855023,2,2.0,valid
Uttar_Pradesh,Muzaffarnagar,2015,30,2016-02-28,2016-03-04,0.0744125564275682,0.2747105704720177,0.1680844823795782,0.1082342565068392,4,14.6075,valid
Uttar_Pradesh,Muzaffarnagar,2015,31,2016-03-04,2016-03-09,0.06722582031321397,0.2794869937863344,0.16852721999668893,0.10690199306550052,0,,insufficient_data
Uttar_Pradesh,Muzaffarnagar,2015,32,2016-03-09,2016-03-14,0.0745036256632494,0.2750760808462855,0.1764058583228777,0.1135443562073712,3,2.936666666666667,valid
Uttar_Pradesh,Muzaffarnagar,2015,33,2016-03-14,2016-03-19,0.0832419571413132,0.2590161727092433,0.17476601581769394,0.1151003029585795,0,,insufficient_data
Uttar_Pradesh,Muzaffarnagar,2015,34,2016-03-19,2016-03-24,0.08886088241986397,0.2483736611861986,0.18423409877800948,0.12418759662109675,0,,insufficient_data
Uttar_Pradesh,Muzaffarnagar,2015,35,2016-03-24,2016-03-29,0.09614252227857432,0.24383355454132785,0.19449966165321958,0.13415700425609545,0,,insufficient_data
Uttar_Pradesh,Muzaffarnagar,2015,36,2016-03-29,2016-04-03,0.100809689333122,0.2272618668094269,0.1798077067506259,0.1235222961615281,2,12.0,valid
Uttar_Pradesh,Muzaffarnagar,2015,37,2016-04-03,2016-04-08,0.0912693322632205,0.2427830359028834,0.1964887312605248,0.135496137494391,1,8.6,valid
Uttar_Pradesh,Muzaffarnagar,2015,38,2016-04-08,2016-04-13,0.1179874418547054,0.2302132346067156,0.2252963502788499,0.1640652271610915,1,0.0,valid
Uttar_Pradesh,Muzaffarnagar,2015,39,2016-04-13,2016-04-18,0.11618512987906597,0.23291908290882546,0.2182174621824781,0.16062957541273137,0,,insufficient_data
Uttar_Pradesh,Muzaffarnagar,2015,40,2016-04-18,2016-04-23,0.1351271412198716,0.2205191787253292,0.2311397385100856,0.1746154994963548,2,11.5,valid
Uttar_Pradesh,Muzaffarnagar,2015,41,2016-04-23,2016-04-28,0.1357320447244104,0.2438180984997722,0.2583547841123043,0.2054487167502914,4,10.375,valid
Uttar_Pradesh,Muzaffarnagar,2015,42,2016-04-28,2016-05-03,0.135429592972141,0.23216863861255072,0.24474726131119495,0.1900321081233231,0,,insufficient_data
Uttar_Pradesh,Muzaffarnagar,2016,0,2016-10-01,2016-10-06,0.1442059085044104,0.2979334231538916,0.1879442873468041,0.1015229618554306,2,19.435,valid
Uttar_Pradesh,Muzaffarnagar,2016,1,2016-10-06,2016-10-11,0.10322587895011807,0.2817991150594028,0.1893966629778796,0.10955238966544584,0,,insufficient_data
Uttar_Pradesh,Muzaffarnagar,2016,2,2016-10-11,2016-10-16,0.0687124763246226,0.27644504931727,0.1837579099601655,0.1072836954408424,4,0.6275,valid
Uttar_Pradesh,Muzaffarnagar,2016,3,2016-10-16,2016-10-21,0.0967592520213212,0.2710188727070468,0.1964877916266692,0.1198505117000645,4,0.755,valid
Uttar_Pradesh,Muzaffarnagar,2016,4,2016-10-21,2016-10-26,0.10004097488786012,0.25584542545490374,0.19093789233569933,0.12074734538185487,0,,insufficient_data
Uttar_Pradesh,Muzaffarnagar,2016,5,2016-10-26,2016-10-31,0.0814434539755962,0.2428340973348115,0.1889724994981912,0.1224264527191073,4,0.35,valid
Uttar_Pradesh,Muzaffarnagar,2016,6,2016-10-31,2016-11-05,0.1084032357781918,0.2407891886030068,0.186360745475772,0.1257084634400549,1,3.67,valid
Uttar_Pradesh,Muzaffarnagar,2016,7,2016-11-05,2016-11-10,0.1448864563395687,0.2481399193123838,0.1991105151176989,0.1284676036092053,1,2.0,valid
Uttar_Pradesh,Muzaffarnagar,2016,8,2016-11-10,2016-11-15,0.0870436830657011,0.2267982090941463,0.1842478199542839,0.122713492945345,4,3.63,valid
Uttar_Pradesh,Muzaffarnagar,2016,9,2016-11-15,2016-11-20,0.10945708252722548,0.23188741017864736,0.19166449331964613,0.12988220028685726,0,,insufficient_data
Uttar_Pradesh,Muzaffarnagar,2016,10,2016-11-20,2016-11-25,0.1038593644144325,0.2176064984367033,0.1846633800203024,0.1249155521850099,4,6.117500000000001,valid
Uttar_Pradesh,Muzaffarnagar,2016,11,2016-11-25,2016-11-30,0.1030926730382333,0.2261032354469966,0.2039400060301736,0.1476058892546712,3,1.0066666666666666,valid
Uttar_Pradesh,Muzaffarnagar,2016,12,2016-11-30,2016-12-05,0.10855152990291048,0.21806507912487136,0.1851803746092032,0.13295510879532174,0,,insufficient_data
Uttar_Pradesh,Muzaffarnagar,2016,13,2016-12-05,2016-12-10,0.1252263522647499,0.2086768610879167,0.1827028455153788,0.143398773986519,3,18.05,valid
Uttar_Pradesh,Muzaffarnagar,2016,14,2016-12-10,2016-12-15,0.1313370931613172,0.2317663888688461,0.1888705603888232,0.131607557730445,2,22.5,valid
Uttar_Pradesh,Muzaffarnagar,2016,15,2016-12-15,2016-12-20,0.0792421666358195,0.2061724117838942,0.165725081091338,0.1172477708199635,2,19.395,valid
Uttar_Pradesh,Muzaffarnagar,2016,16,2016-12-20,2016-12-25,0.078939379887883,0.1957215647087703,0.1648178541006167,0.1113959664092066,4,2.93,valid
Uttar_Pradesh,Muzaffarnagar,2016,17,2016-12-25,2016-12-30,0.09716062291176165,0.2192682399641482,0.1682514489348089,0.11153892935008591,0,,insufficient_data
Uttar_Pradesh,Muzaffarnagar,2016,18,2016-12-30,2017-01-04,0.0951245792287268,0.2339069890083691,0.1633179110828621,0.1047201432514813,1,19.0,valid
Uttar_Pradesh,Muzaffarnagar,2016,19,2017-01-04,2017-01-09,0.1011598956450618,0.2287738454508615,0.1585258380104045,0.0927232085393332,3,22.403333333333336,valid
Uttar_Pradesh,Muzaffarnagar,2016,20,2017-01-09,2017-01-14,0.08046696900252973,0.23952405121396705,0.15909128369772826,0.09787461109503562,0,,insufficient_data
Uttar_Pradesh,Muzaffarnagar,2016,21,2017-01-14,2017-01-19,0.0659713530924141,0.230981002753211,0.1608468807526494,0.0998675126977746,3,16.233333333333334,valid
Uttar_Pradesh,Muzaffarnagar,2016,22,2017-01-19,2017-01-24,0.059679839372415,0.2576301578597056,0.1454989823059433,0.0870979966662824,2,7.38,valid
Uttar_Pradesh,Muzaffarnagar,2016,23,2017-01-24,2017-01-29,0.0803991776740309,0.2463282609976881,0.167266806336782,0.1049641943203066,1,28.0,valid
Uttar_Pradesh,Muzaffarnagar,2016,24,2017-01-29,2017-02-03,0.1030629064363992,0.318419555912117,0.1610762998691755,0.0913196265109291,3,25.636666666666667,valid
Uttar_Pradesh,Muzaffarnagar,2016,25,2017-02-03,2017-02-08,0.07599328768531044,0.2833762270844264,0.1612503931423829,0.09600361423848357,0,,insufficient_data
Uttar_Pradesh,Muzaffarnagar,2016,26,2017-02-08,2017-02-13,0.0689999320085008,0.2851171971004612,0.1710211627245787,0.1028613071507912,3,11.833333333333334,valid
Uttar_Pradesh,Muzaffarnagar,2016,27,2017-02-13,2017-02-18,0.0678245829352063,0.3093859635521601,0.161388714475435,0.0937749465441085,1,11.0,valid
Uttar_Pradesh,Muzaffarnagar,2016,28,2017-02-18,2017-02-23,0.06487785194898124,0.2936797655912169,0.16644084452489144,0.10262557744985543,0,,insufficient_data
Uttar_Pradesh,Muzaffarnagar,2016,29,2017-02-23,2017-02-28,0.0626925729864469,0.2888850175979933,0.1695275180487372,0.1078246295700944,4,1.255,valid
Uttar_Pradesh,Muzaffarnagar,2016,30,2017-02-28,2017-03-05,0.0601774033146896,0.2955055518697904,0.1598656944830727,0.096478292423638,2,3.0,valid
Uttar_Pradesh,Muzaffarnagar,2016,31,2017-03-05,2017-03-10,0.0646947685000626,0.2895050978356794,0.1704011328926336,0.112188711560645,2,3.74,valid
Uttar_Pradesh,Muzaffarnagar,2016,32,2017-03-10,2017-03-15,0.0622992017425736,0.2943888311480681,0.1535693709091327,0.094985204152507,2,0.55,valid
Uttar_Pradesh,Muzaffarnagar,2016,33,2017-03-15,2017-03-20,0.07320045419805339,0.28108755378055167,0.17201850283519557,0.11264728524667537,0,,insufficient_data
Uttar_Pradesh,Muzaffarnagar,2016,34,2017-03-20,2017-03-25,0.0848012230916851,0.2740635088309595,0.1842393670608056,0.126033698414347,3,0.3333333333333333,valid
Uttar_Pradesh,Muzaffarnagar,2016,35,2017-03-25,2017-03-30,0.094029674341256,0.2519747792182609,0.1920169488303332,0.1335505196822399,4,3.06,valid
Uttar_Pradesh,Muzaffarnagar,2016,36,2017-03-30,2017-04-04,0.1024132268264372,0.24460594358175142,0.20485087315864026,0.14716585046484196,0,,insufficient_data
Uttar_Pradesh,Muzaffarnagar,2016,37,2017-04-04,2017-04-09,0.103269882793624,0.249877906816697,0.2090909071607826,0.147472488565785,2,10.78,valid
Uttar_Pradesh,Muzaffarnagar,2016,38,2017-04-09,2017-04-14,0.1082183869262261,0.2237481891836082,0.2092520164379119,0.1552280908209272,2,0.19,valid
Uttar_Pradesh,Muzaffarnagar,2016,39,2017-04-14,2017-04-19,0.1217469669793949,0.2233653338592316,0.2296551263033679,0.1735444548409107,2,2.5,valid
Uttar_Pradesh,Muzaffarnagar,2016,40,2017-04-19,2017-04-24,0.1319069849733173,0.248956481598757,0.2536131937707817,0.1893149275721926,3,6.273333333333333,valid
Uttar_Pradesh,Muzaffarnagar,2016,41,2017-04-24,2017-04-29,0.1256750152752002,0.23531888433738143,0.23545791099181082,0.17770029718035985,0,,insufficient_data
Uttar_Pradesh,Muzaffarnagar,2016,42,2017-04-29,2017-05-04,0.1408277222218624,0.2452055327079289,0.2493113074551818,0.1927137154874089,2,6.595000000000001,valid
Uttar_Pradesh,Muzaffarnagar,2017,0,2017-10-01,2017-10-06,0.06442766221956385,0.2692197728990705,0.17579367234374776,0.0994003938614622,0,,insufficient_data
Uttar_Pradesh,Muzaffarnagar,2017,1,2017-10-06,2017-10-11,0.0607620126484968,0.2739478094198128,0.1741381585646082,0.0941073486071897,4,0.5225,valid
Uttar_Pradesh,Muzaffarnagar,2017,2,2017-10-11,2017-10-16,0.0680933117906309,0.2644917363783282,0.1774491861228873,0.1046934391157347,4,0.8250000000000001,valid
Uttar_Pradesh,Muzaffarnagar,2017,3,2017-10-16,2017-10-21,0.08266405318421684,0.24911384306752238,0.17951144940038183,0.1084704952307596,0,,insufficient_data
Uttar_Pradesh,Muzaffarnagar,2017,4,2017-10-21,2017-10-26,0.0984602479808817,0.2554380849699178,0.1854551854925474,0.1127413637893311,4,4.4625,valid
Uttar_Pradesh,Muzaffarnagar,2017,5,2017-10-26,2017-10-31,0.1148987738795194,0.225878381617872,0.182670411668886,0.1163035941797971,2,12.5,valid
Uttar_Pradesh,Muzaffarnagar,2017,6,2017-10-31,2017-11-05,0.0711059196215554,0.225813202951681,0.1778443051529803,0.1145067304617454,1,4.36,valid
Uttar_Pradesh,Muzaffarnagar,2017,7,2017-11-05,2017-11-10,0.2040609182554903,0.2854092949985566,0.256406191051976,0.1782872121799841,1,13.0,valid
Uttar_Pradesh,Muzaffarnagar,2017,8,2017-11-10,2017-11-15,0.11327475060707914,0.23080805599577317,0.19216949157711866,0.12723750171444548,0,,insufficient_data
Uttar_Pradesh,Muzaffarnagar,2017,9,2017-11-15,2017-11-20,0.092184195984444,0.2103686404706857,0.1689088648960482,0.1086083721807672,3,15.660000000000002,valid
Uttar_Pradesh,Muzaffarnagar,2017,10,2017-11-20,2017-11-25,0.0841239452943867,0.2065707599400706,0.1750176851157028,0.1184815995699335,4,2.71,valid
Uttar_Pradesh,Muzaffarnagar,2017,11,2017-11-25,2017-11-30,0.0885568431849462,0.2048586773109839,0.17102705014037983,0.11677910349294329,0,,insufficient_data
Uttar_Pradesh,Muzaffarnagar,2017,12,2017-11-30,2017-12-05,0.0821268246435324,0.1995430656399331,0.1675286649653221,0.1166966895262971,4,0.9675,valid
Uttar_Pradesh,Muzaffarnagar,2017,13,2017-12-05,2017-12-10,0.0853654159055549,0.2031872308442107,0.1665115416484228,0.1194119990657504,2,0.43,valid
Uttar_Pradesh,Muzaffarnagar,2017,14,2017-12-10,2017-12-15,0.098983834096813,0.2046236896600195,0.1771684940764034,0.1206968571219682,2,1.5,valid
Uttar_Pradesh,Muzaffarnagar,2017,15,2017-12-15,2017-12-20,0.0720352924985695,0.2137211900033077,0.1695151702977513,0.1147243207081469,4,10.25,valid
Uttar_Pradesh,Muzaffarnagar,2017,16,2017-12-20,2017-12-25,0.08797745147967938,0.20971863635512192,0.16803906344415184,0.11442122889775883,0,,insufficient_data
Uttar_Pradesh,Muzaffarnagar,2017,17,2017-12-25,2017-12-30,0.0955252634177801,0.2173424349129498,0.1589610477540299,0.1028517386951698,4,8.645,valid
Uttar_Pradesh,Muzaffarnagar,2017,18,2017-12-30,2018-01-04,0.07857564393820307,0.21781212947424833,0.15648195566636572,0.10042757092144765,0,,insufficient_data
Uttar_Pradesh,Muzaffarnagar,2017,19,2018-01-04,2018-01-09,0.07532457106977428,0.21663655993015735,0.1504246192392319,0.09531561114360085,0,,insufficient_data
Uttar_Pradesh,Muzaffarnagar,2017,20,2018-01-09,2018-01-14,0.0716499993350388,0.2096603210297871,0.1483228685934758,0.094506039913986,3,14.996666666666668,valid
Uttar_Pradesh,Muzaffarnagar,2017,21,2018-01-14,2018-01-19,0.0750920205014239,0.2305245719509488,0.1491287360202059,0.0896281843684879,2,4.5,valid
Uttar_Pradesh,Muzaffarnagar,2017,22,2018-01-19,2018-01-24,0.0590310010248543,0.2090189118269436,0.145285824589216,0.0942764815967597,2,1.96,valid
Uttar_Pradesh,Muzaffarnagar,2017,23,2018-01-24,2018-01-29,0.1871295980254773,0.32573608265514,0.2179395501887881,0.1451726466972164,1,28.0,valid
Uttar_Pradesh,Muzaffarnagar,2017,24,2018-01-29,2018-02-03,0.08886880254378723,0.25436316731418795,0.16346902383643416,0.10482950421383022,0,,insufficient_data
Uttar_Pradesh,Muzaffarnagar,2017,25,2018-02-03,2018-02-08,0.0611911800287963,0.2400454250370467,0.1544183697121943,0.0997740102293541,4,1.4449999999999998,valid
Uttar_Pradesh,Muzaffarnagar,2017,26,2018-02-08,2018-02-13,0.0619002131383844,0.2664908451008608,0.1505726386717665,0.0952961981773329,1,27.49,valid
Uttar_Pradesh,Muzaffarnagar,2017,27,2018-02-13,2018-02-18,0.06445119800395575,0.2626353745877232,0.15747519917124192,0.10099065298716708,0,,insufficient_data
Uttar_Pradesh,Muzaffarnagar,2017,28,2018-02-18,2018-02-23,0.0660489501985837,0.2656324291978711,0.162105233713251,0.1042276688879347,4,1.22,valid
Uttar_Pradesh,Muzaffarnagar,2017,29,2018-02-23,2018-02-28,0.0686644486500586,0.2783727990151142,0.1628045545877559,0.1046647346540467,2,19.625,valid
Uttar_Pradesh,Muzaffarnagar,2017,30,2018-02-28,2018-03-05,0.07065057345435242,0.2681180148848801,0.1700603123332407,0.11207931289998535,0,,insufficient_data
Uttar_Pradesh,Muzaffarnagar,2017,31,2018-03-05,2018-03-10,0.0664063372344443,0.2712035010331334,0.170603847534683,0.1125984890301144,4,0.7474999999999999,valid
Uttar_Pradesh,Muzaffarnagar,2017,32,2018-03-10,2018-03-15,0.07424704552491035,0.26545220287889415,0.1763318996234626,0.11826396175303687,0,,insufficient_data
Uttar_Pradesh,Muzaffarnagar,2017,33,2018-03-15,2018-03-20,0.0814825577343231,0.2572633302934017,0.1847276134972729,0.1268263590278456,1,8.0,valid
Uttar_Pradesh,Muzaffarnagar,2017,34,2018-03-20,2018-03-25,0.0804348384808154,0.2549691811739271,0.1871915828741386,0.1289662643001408,4,0.72,valid
Uttar_Pradesh,Muzaffarnagar,2017,35,2018-03-25,2018-03-30,0.0928749327086224,0.2400453693343859,0.192250038757711,0.13401976021124098,0,,insufficient_data
Uttar_Pradesh,Muzaffarnagar,2017,36,2018-03-30,2018-04-04,0.095099115948288,0.2315022502831905,0.1952937290056925,0.1387463418137155,4,0.7575,valid
Uttar_Pradesh,Muzaffarnagar,2017,37,2018-04-04,2018-04-09,0.1144832186710631,0.2164467155870243,0.20178722965374,0.1415400757032621,2,6.5,valid
Uttar_Pradesh,Muzaffarnagar,2017,38,2018-04-09,2018-04-14,0.11625718591211248,0.22932727344343967,0.22388999064534992,0.16606912961683948,0,,insufficient_data
Uttar_Pradesh,Muzaffarnagar,2017,39,2018-04-14,2018-04-19,0.1318531627400146,0.2347044689331663,0.2460505572679543,0.1856345457220232,2,20.0,valid
Uttar_Pradesh,Muzaffarnagar,2017,40,2018-04-19,2018-04-24,0.12330987590005398,0.22860228116352269,0.23342207785856903,0.17517672555121414,0,,insufficient_data
Uttar_Pradesh,Muzaffarnagar,2017,41,2018-04-24,2018-04-29,0.1235932462890842,0.2346556589703775,0.2524284466540128,0.1983555552283571,4,0.46,valid
Uttar_Pradesh,Muzaffarnagar,2017,42,2018-04-29,2018-05-04,0.1277232045145494,0.23468006395177188,0.24923950196098354,0.19199505047519017,0,,insufficient_data
Uttar_Pradesh,Muzaffarnagar,2018,0,2018-10-01,2018-10-06,0.0630954977289355,0.279917425877812,0.1807440328652089,0.100326457794388,4,1.0750000000000002,valid
Uttar_Pradesh,Muzaffarnagar,2018,1,2018-10-06,2018-10-11,0.0851864251260432,0.272820912217542,0.1877674710223183,0.1096205076962104,3,7.466666666666666,valid
Uttar_Pradesh,Muzaffarnagar,2018,2,2018-10-11,2018-10-16,0.07778593106242034,0.256980122087347,0.18508650927703352,0.11126058124251795,0,,insufficient_data
Uttar_Pradesh,Muzaffarnagar,2018,3,2018-10-16,2018-10-21,0.0793456282099268,0.258005366806086,0.1882318747344092,0.1149286991688276,4,4.0125,valid
Uttar_Pradesh,Muzaffarnagar,2018,4,2018-10-21,2018-10-26,0.0752553436841881,0.2310538689761392,0.1779366935692899,0.1158244411040652,2,0.59,valid
Uttar_Pradesh,Muzaffarnagar,2018,5,2018-10-26,2018-10-31,0.0860467605630081,0.243103036559156,0.1907524741939414,0.1156028004490986,2,11.0,valid
Uttar_Pradesh,Muzaffarnagar,2018,6,2018-10-31,2018-11-05,0.1265913876928571,0.2269606340768834,0.189030464905996,0.1238273939669451,1,9.0,valid
Uttar_Pradesh,Muzaffarnagar,2018,7,2018-11-05,2018-11-10,0.09612149044914023,0.23078485449545744,0.18410742999329927,0.11896246987454699,0,,insufficient_data
Uttar_Pradesh,Muzaffarnagar,2018,8,2018-11-10,2018-11-15,0.1139656855842553,0.2341971882883418,0.1842427581328292,0.1232354175626337,2,8.045,valid
Uttar_Pradesh,Muzaffarnagar,2018,9,2018-11-15,2018-11-20,0.0787482747213925,0.2186095445767668,0.1785747591644398,0.1163222962899924,4,8.4825,valid
Uttar_Pradesh,Muzaffarnagar,2018,10,2018-11-20,2018-11-25,0.09348330053060572,0.21665622984406946,0.1758878736848269,0.11754535079147635,0,,insufficient_data
Uttar_Pradesh,Muzaffarnagar,2018,11,2018-11-25,2018-11-30,0.0883988475720679,0.2089064626832727,0.1727893314899596,0.1151893317234115,3,7.506666666666667,valid
Uttar_Pradesh,Muzaffarnagar,2018,12,2018-11-30,2018-12-05,0.1106215868633918,0.216179747139511,0.176171785319007,0.1193638594984355,1,27.0,valid
Uttar_Pradesh,Muzaffarnagar,2018,13,2018-12-05,2018-12-10,0.0756821079119211,0.205388206532455,0.1676607343178988,0.1136158488829087,2,7.005000000000001,valid
Uttar_Pradesh,Muzaffarnagar,2018,14,2018-12-10,2018-12-15,0.1202463474171021,0.239739490848521,0.2026903181884677,0.1498640241960935,1,18.89,valid
Uttar_Pradesh,Muzaffarnagar,2018,15,2018-12-15,2018-12-20,0.09452665061391105,0.21617520452689815,0.17492200596605975,0.1207607560781648,0,,insufficient_data
Uttar_Pradesh,Muzaffarnagar,2018,16,2018-12-20,2018-12-25,0.0767280184311777,0.210346330644598,0.1636967592029798,0.1110947942300151,4,3.3775,valid
Uttar_Pradesh,Muzaffarnagar,2018,17,2018-12-25,2018-12-30,0.0893551924459625,0.2092222474694057,0.1643904328019456,0.1098652535833713,3,1.7333333333333334,valid
Uttar_Pradesh,Muzaffarnagar,2018,18,2018-12-30,2019-01-04,0.08418937388983923,0.21271818997707678,0.1624801922814248,0.1075503950817491,0,,insufficient_data
Uttar_Pradesh,Muzaffarnagar,2018,19,2019-01-04,2019-01-09,0.1103482630491483,0.2136707135990321,0.1635539691978142,0.1057824478320326,1,8.0,valid
Uttar_Pradesh,Muzaffarnagar,2018,20,2019-01-09,2019-01-14,0.0741349136851333,0.2235384180882749,0.1530582259855076,0.0998949144672525,1,2.51,valid
Uttar_Pradesh,Muzaffarnagar,2018,21,2019-01-14,2019-01-19,0.0703804818377743,0.2068132400840732,0.1677015742188768,0.111114565296074,2,4.0,valid
Uttar_Pradesh,Muzaffarnagar,2018,22,2019-01-19,2019-01-24,0.0923442300312798,0.23342024504935227,0.15681192566784663,0.09950814537758287,0,,insufficient_data
Uttar_Pradesh,Muzaffarnagar,2018,23,2019-01-24,2019-01-29,0.08784322177681267,0.23835762791193232,0.15512641478535474,0.09793956976397043,0,,insufficient_data
Uttar_Pradesh,Muzaffarnagar,2018,24,2019-01-29,2019-02-03,0.0683455134648951,0.2548796784535387,0.1551146909946736,0.100000889763845,2,2.13,valid
Uttar_Pradesh,Muzaffarnagar,2018,25,2019-02-03,2019-02-08,0.138511978119448,0.2681991750218425,0.144631167942361,0.0807479095287102,2,20.0,valid
Uttar_Pradesh,Muzaffarnagar,2018,26,2019-02-08,2019-02-13,0.08980579016429269,0.2718202224985031,0.15807348581904707,0.09714664318794493,0,,insufficient_data
Uttar_Pradesh,Muzaffarnagar,2018,27,2019-02-13,2019-02-18,0.08248577229494079,0.2747008240823283,0.15829240641457132,0.0949872961931007,0,,insufficient_data
Uttar_Pradesh,Muzaffarnagar,2018,28,2019-02-18,2019-02-23,0.08719919190495602,0.28130787262525814,0.15935164488787057,0.09331609833618593,0,,insufficient_data
Uttar_Pradesh,Muzaffarnagar,2018,29,2019-02-23,2019-02-28,0.062559878908535,0.292381814020128,0.1744745985201066,0.1106911302712796,2,5.46,valid
Uttar_Pradesh,Muzaffarnagar,2018,30,2019-02-28,2019-03-05,0.0605257186868851,0.283342628833804,0.1589491682011441,0.088509255208568,1,28.0,valid
Uttar_Pradesh,Muzaffarnagar,2018,31,2019-03-05,2019-03-10,0.06712676115476993,0.28703107377465503,0.1731381585017372,0.10919010071542812,0,,insufficient_data
Uttar_Pradesh,Muzaffarnagar,2018,32,2019-03-10,2019-03-15,0.0721364045492986,0.2950982731115973,0.1802866041564201,0.1181475778938714,3,2.5033333333333334,valid
Uttar_Pradesh,Muzaffarnagar,2018,33,2019-03-15,2019-03-20,0.073285042474361,0.2773015791330909,0.178842263129278,0.1194124394879935,4,1.975,valid
Uttar_Pradesh,Muzaffarnagar,2018,34,2019-03-20,2019-03-25,0.07775098068805611,0.2644813509344472,0.1783330709169555,0.12054068174021774,0,,insufficient_data
Uttar_Pradesh,Muzaffarnagar,2018,35,2019-03-25,2019-03-30,0.0753642862463659,0.2710052490325186,0.1677891739426914,0.1074461980934026,2,0.0,valid
Uttar_Pradesh,Muzaffarnagar,2018,36,2019-03-30,2019-04-04,0.0777984874797098,0.2456520311676391,0.1678447144754067,0.1162311080597719,2,3.77,valid
Uttar_Pradesh,Muzaffarnagar,2018,37,2019-04-04,2019-04-09,0.0901706826905452,0.2333496222273901,0.1969025988809813,0.1414660851660493,2,2.0,valid
Uttar_Pradesh,Muzaffarnagar,2018,38,2019-04-09,2019-04-14,0.1108389337489869,0.213562500807994,0.1872951571633221,0.1335445173557113,2,16.0,valid
Uttar_Pradesh,Muzaffarnagar,2018,39,2019-04-14,2019-04-19,0.1045253896698497,0.2325364054887206,0.20865566906317415,0.15354481034685383,0,,insufficient_data
Uttar_Pradesh,Muzaffarnagar,2018,40,2019-04-19,2019-04-24,0.1104373312472274,0.2187289587835438,0.2257274017998007,0.1676280162625405,4,6.4575,valid
Uttar_Pradesh,Muzaffarnagar,2018,41,2019-04-24,2019-04-29,0.1333815131827792,0.2513889144570359,0.2655084729963599,0.2088543248901962,4,0.525,valid
Uttar_Pradesh,Muzaffarnagar,2018,42,2019-04-29,2019-05-04,0.1219094222150033,0.23505893662028982,0.2456179373980803,0.18824117057636836,0,,insufficient_data
Uttar_Pradesh,Muzaffarnagar,2019,0,2019-10-01,2019-10-06,0.0584570466118269,0.3192897109070781,0.1743601132231227,0.0907094725758105,2,13.38,valid
Uttar_Pradesh,Muzaffarnagar,2019,1,2019-10-06,2019-10-11,0.06833120148040595,0.28844260685122924,0.17782007058958427,0.09991955682437664,0,,insufficient_data
Uttar_Pradesh,Muzaffarnagar,2019,2,2019-10-11,2019-10-16,0.0718022239134401,0.2864439687951707,0.1738176704211603,0.0945660173628136,4,1.1175,valid
Uttar_Pradesh,Muzaffarnagar,2019,3,2019-10-16,2019-10-21,0.0767063021253459,0.2726603295499584,0.1840625224120592,0.1084131734343119,2,1.0,valid
Uttar_Pradesh,Muzaffarnagar,2019,4,2019-10-21,2019-10-26,0.0663592332710109,0.2753764181527099,0.1790399763019949,0.1059895639245706,2,6.505,valid
Uttar_Pradesh,Muzaffarnagar,2019,5,2019-10-26,2019-10-31,0.0768457573480235,0.2492436759730337,0.1760877619979108,0.1124313716878478,2,1.7049999999999998,valid
Uttar_Pradesh,Muzaffarnagar,2019,6,2019-10-31,2019-11-05,0.07482034776574178,0.25826531866975333,0.1812867224053124,0.11139834147694821,0,,insufficient_data
Uttar_Pradesh,Muzaffarnagar,2019,7,2019-11-05,2019-11-10,0.0793700983185868,0.2357808510033112,0.1859566289092848,0.1187592568610626,3,2.04,valid
Uttar_Pradesh,Muzaffarnagar,2019,8,2019-11-10,2019-11-15,0.07665723116729112,0.2306051529880637,0.17191786017262906,0.10976109665808087,0,,insufficient_data
Uttar_Pradesh,Muzaffarnagar,2019,9,2019-11-15,2019-11-20,0.07772992727405623,0.22451257099538924,0.16802424063217714,0.10405315416607808,0,,insufficient_data
Uttar_Pradesh,Muzaffarnagar,2019,10,2019-11-20,2019-11-25,0.0798298474416353,0.2286300553437956,0.1837318944205119,0.1245811583577119,1,12.82,valid
Uttar_Pradesh,Muzaffarnagar,2019,11,2019-11-25,2019-11-30,0.0705832215609189,0.2087660296321142,0.1418951553628087,0.0832725997257012,2,9.69,valid
Uttar_Pradesh,Muzaffarnagar,2019,12,2019-11-30,2019-12-05,0.0811365417750839,0.2248733480023359,0.1605132838361031,0.0895996017198366,2,8.0,valid
Uttar_Pradesh,Muzaffarnagar,2019,13,2019-12-05,2019-12-10,0.0692481176804846,0.2165212690082192,0.1610673664390655,0.1019364299927611,4,0.85,valid
Uttar_Pradesh,Muzaffarnagar,2019,14,2019-12-10,2019-12-15,0.07440571731506289,0.2234016512315077,0.15941734951993486,0.09715348800057852,0,,insufficient_data
Uttar_Pradesh,Muzaffarnagar,2019,15,2019-12-15,2019-12-20,0.0681816078313038,0.2248275416407499,0.1474931532675382,0.086333366138268,2,14.235,valid
Uttar_Pradesh,Muzaffarnagar,2019,16,2019-12-20,2019-12-25,0.0828790977275233,0.2420200678741194,0.1861177886941587,0.1246254424263258,1,10.5,valid
Uttar_Pradesh,Muzaffarnagar,2019,17,2019-12-25,2019-12-30,0.22813858973524662,0.35224636167554074,0.27291147529488313,0.20978605007745058,0,,insufficient_data
Uttar_Pradesh,Muzaffarnagar,2019,18,2019-12-30,2020-01-04,0.22813858973524662,0.35224636167554074,0.27291147529488313,0.20978605007745058,0,,insufficient_data
Uttar_Pradesh,Muzaffarnagar,2019,19,2020-01-04,2020-01-09,0.30811708068721805,0.4159557716929362,0.3356206363085556,0.2715123920470419,0,,insufficient_data
Uttar_Pradesh,Muzaffarnagar,2019,20,2020-01-09,2020-01-14,0.5333550636469128,0.589891475511753,0.4851234839229525,0.418399341667758,1,22.23,valid
Uttar_Pradesh,Muzaffarnagar,2019,21,2020-01-14,2020-01-19,0.3394115376494334,0.4393678231505791,0.3487294390973079,0.27662845361170224,0,,insufficient_data
Uttar_Pradesh,Muzaffarnagar,2019,22,2020-01-19,2020-01-24,0.3394115376494334,0.4393678231505791,0.3487294390973079,0.27662845361170224,0,,insufficient_data
Uttar_Pradesh,Muzaffarnagar,2019,23,2020-01-24,2020-01-29,0.0568487359482154,0.2541755098655363,0.1564250512784413,0.0917559913486711,2,4.5,valid
Uttar_Pradesh,Muzaffarnagar,2019,24,2020-01-29,2020-02-03,0.4280308133531721,0.4740364840744479,0.40463978209053,0.3197300278186775,2,23.015,valid
Uttar_Pradesh,Muzaffarnagar,2019,25,2020-02-03,2020-02-08,0.13337925654936214,0.3030514780665832,0.20583026993792228,0.14015679747838078,0,,insufficient_data
Uttar_Pradesh,Muzaffarnagar,2019,26,2020-02-08,2020-02-13,0.0612567520022534,0.2490023943151037,0.1521636387100362,0.0948411765240182,4,8.4975,valid
Uttar_Pradesh,Muzaffarnagar,2019,27,2020-02-13,2020-02-18,0.0547893779791946,0.2759531992981851,0.1487594215848023,0.0912251381421943,2,0.03,valid
Uttar_Pradesh,Muzaffarnagar,2019,28,2020-02-18,2020-02-23,0.0659706034639752,0.262089802779643,0.1671634560258017,0.1032316535583427,2,3.0,valid
Uttar_Pradesh,Muzaffarnagar,2019,29,2020-02-23,2020-02-28,0.1284345628554399,0.3109029269440136,0.2004111446108046,0.131734996797374,4,9.085,valid
Uttar_Pradesh,Muzaffarnagar,2019,30,2020-02-28,2020-03-04,0.08095145952828238,0.2932890344442712,0.16466589767286396,0.09958682163047779,0,,insufficient_data
Uttar_Pradesh,Muzaffarnagar,2019,31,2020-03-04,2020-03-09,0.0591902799266809,0.2940015713792266,0.1548197168091588,0.092734087604584,2,0.8250000000000001,valid
Uttar_Pradesh,Muzaffarnagar,2019,32,2020-03-09,2020-03-14,0.0963724734161213,0.3234976718202876,0.1521757493337525,0.0790082320498939,1,8.0,valid
Uttar_Pradesh,Muzaffarnagar,2019,33,2020-03-14,2020-03-19,0.07785932810337734,0.2797202454967764,0.16577360661105872,0.0994897613768545,0,,insufficient_data
Uttar_Pradesh,Muzaffarnagar,2019,34,2020-03-19,2020-03-24,0.0927522414830356,0.2707788469503928,0.1801481107254195,0.1133471997336776,3,15.65,valid
Uttar_Pradesh,Muzaffarnagar,2019,35,2020-03-24,2020-03-29,0.0615850183666298,0.2450365598648813,0.1474319774723165,0.0815272870641375,2,0.5,valid
Uttar_Pradesh,Muzaffarnagar,2019,36,2020-03-29,2020-04-03,0.0793966273244191,0.2652865774690935,0.1942924787146463,0.1308320004319795,2,4.904999999999999,valid
Uttar_Pradesh,Muzaffarnagar,2019,37,2020-04-03,2020-04-08,0.0951229603504504,0.2356685340743103,0.2038434976786595,0.140813381606221,3,10.356666666666667,valid
Uttar_Pradesh,Muzaffarnagar,2019,38,2020-04-08,2020-04-13,0.093047512782148,0.24231665701319827,0.20144544795927638,0.13808118345044695,0,,insufficient_data
Uttar_Pradesh,Muzaffarnagar,2019,39,2020-04-13,2020-04-18,0.1135058467595088,0.2369075142634998,0.21727053452614,0.1562701645299227,2,12.92,valid
Uttar_Pradesh,Muzaffarnagar,2019,40,2020-04-18,2020-04-23,0.1156271111097319,0.2286840993942065,0.2443887514046196,0.180963083619974,4,11.2075,valid
Uttar_Pradesh,Muzaffarnagar,2019,41,2020-04-23,2020-04-28,0.11943490251661489,0.22756154607094595,0.23511507961926736,0.173410974049601,0,,insufficient_data
Uttar_Pradesh,Muzaffarnagar,2019,42,2020-04-28,2020-05-03,0.129171749680604,0.2170930245551316,0.2436859529270425,0.1829996739989063,2,2.0,valid
Uttar_Pradesh,Muzaffarnagar,2020,0,2020-10-01,2020-10-06,0.07842614077868129,0.2601091769829692,0.17640728987544974,0.10340433744131475,0,,insufficient_data
Uttar_Pradesh,Muzaffarnagar,2020,1,2020-10-06,2020-10-11,0.0655285286257726,0.2729116187255976,0.1772620178196512,0.1030978275801609,4,0.3375,valid
Uttar_Pradesh,Muzaffarnagar,2020,2,2020-10-11,2020-10-16,0.09132375293159,0.2473067352403408,0.1755525619312483,0.1037108473024686,4,4.5275,valid
Uttar_Pradesh,Muzaffarnagar,2020,3,2020-10-16,2020-10-21,0.08218326297668907,0.24470816256801903,0.1800208467735985,0.11158142516330201,0,,insufficient_data
Uttar_Pradesh,Muzaffarnagar,2020,4,2020-10-21,2020-10-26,0.0764717891773522,0.2415465612566394,0.1823379019131466,0.1157876917136518,4,8.16,valid
Uttar_Pradesh,Muzaffarnagar,2020,5,2020-10-26,2020-10-31,0.0816220719446376,0.2263456221203983,0.1803509289960537,0.1209046226485849,2,0.14,valid
Uttar_Pradesh,Muzaffarnagar,2020,6,2020-10-31,2020-11-05,0.095970172204093,0.235430275497119,0.1846008232078929,0.1144061365716438,2,1.5,valid
Uttar_Pradesh,Muzaffarnagar,2020,7,2020-11-05,2020-11-10,0.1022180067855733,0.2144706005445308,0.1845196657377895,0.1301607169193019,1,0.0,valid
Uttar_Pradesh,Muzaffarnagar,2020,8,2020-11-10,2020-11-15,0.09980537849702083,0.23315062521864444,0.18607529067259904,0.12117135603466414,0,,insufficient_data
Uttar_Pradesh,Muzaffarnagar,2020,9,2020-11-15,2020-11-20,0.0958664803584921,0.2240757576805009,0.1701933088188824,0.0987256244145328,1,16.0,valid
Uttar_Pradesh,Muzaffarnagar,2020,10,2020-11-20,2020-11-25,0.1233501611923081,0.265430870250673,0.2107117266023766,0.1416596796192573,1,29.0,valid
Uttar_Pradesh,Muzaffarnagar,2020,11,2020-11-25,2020-11-30,0.10488431073929214,0.2327174849360148,0.1831942203445988,0.12075329319445978,0,,insufficient_data
Uttar_Pradesh,Muzaffarnagar,2020,12,2020-11-30,2020-12-05,0.1033226102126113,0.219023049650723,0.1746432989473398,0.1174625910101252,4,5.1625,valid
Uttar_Pradesh,Muzaffarnagar,2020,13,2020-12-05,2020-12-10,0.1283293452633756,0.2480863855247559,0.1903931729074612,0.1295742341145834,2,8.5,valid
Uttar_Pradesh,Muzaffarnagar,2020,14,2020-12-10,2020-12-15,0.0735529566696736,0.2069713615734211,0.1700295944469342,0.1163443368138002,2,8.7,valid
Uttar_Pradesh,Muzaffarnagar,2020,15,2020-12-15,2020-12-20,0.0985964955830272,0.2354723496116032,0.1710715689367905,0.1104252105354493,2,21.0,valid
Uttar_Pradesh,Muzaffarnagar,2020,16,2020-12-20,2020-12-25,0.0930208994924136,0.22492669380523983,0.17288494293437567,0.11667967179003,0,,insufficient_data
Uttar_Pradesh,Muzaffarnagar,2020,17,2020-12-25,2020-12-30,0.071604800453578,0.209176678511179,0.1600454354463168,0.1103749056962871,3,3.143333333333333,valid
Uttar_Pradesh,Muzaffarnagar,2020,18,2020-12-30,2021-01-04,0.07958225808343357,0.23234914078189275,0.1627385070928505,0.10714624037892066,0,,insufficient_data
Uttar_Pradesh,Muzaffarnagar,2020,19,2021-01-04,2021-01-09,0.08072990244241753,0.22565387627930092,0.1551740264821313,0.0999105256791624,0,,insufficient_data
Uttar_Pradesh,Muzaffarnagar,2020,20,2021-01-09,2021-01-14,0.08606165878560437,0.24170783850317856,0.15259113090224957,0.0957242901319008,0,,insufficient_data
Uttar_Pradesh,Muzaffarnagar,2020,21,2021-01-14,2021-01-19,0.0685454782136955,0.2523983942228961,0.1570985168954442,0.1006386049050256,1,18.21,valid
Uttar_Pradesh,Muzaffarnagar,2020,22,2021-01-19,2021-01-24,0.1020394286599791,0.2153865561038277,0.1483781271046329,0.0887180664361745,2,7.0,valid
Uttar_Pradesh,Muzaffarnagar,2020,23,2021-01-24,2021-01-29,0.1020569278151649,0.2898697251748114,0.1448424441626044,0.083165583490116,2,15.735,valid
Uttar_Pradesh,Muzaffarnagar,2020,24,2021-01-29,2021-02-03,0.14674182639962557,0.3000321246242032,0.19766146959169456,0.13268099110183018,0,,insufficient_data
Uttar_Pradesh,Muzaffarnagar,2020,25,2021-02-03,2021-02-08,0.0730711999986032,0.2612667252507996,0.1607952574928182,0.1039738381770448,2,19.07,valid
Uttar_Pradesh,Muzaffarnagar,2020,26,2021-02-08,2021-02-13,0.3879960973106851,0.4812392223686813,0.3771930023029731,0.28690886250079,1,13.36,valid
Uttar_Pradesh,Muzaffarnagar,2020,27,2021-02-13,2021-02-18,0.14791986849853672,0.3251457627872679,0.2151652269927932,0.15077345080312607,0,,insufficient_data
Uttar_Pradesh,Muzaffarnagar,2020,28,2021-02-18,2021-02-23,0.1504354561852024,0.3218917028614532,0.2166421571978759,0.1588193249143577,2,16.685000000000002,valid
Uttar_Pradesh,Muzaffarnagar,2020,29,2021-02-23,2021-02-28,0.0575766835575375,0.2864919597625387,0.150010767560678,0.0877849613366593,2,8.0,valid
Uttar_Pradesh,Muzaffarnagar,2020,30,2021-02-28,2021-03-05,0.0705199054406554,0.2748392036928669,0.1711849504096209,0.1163802670867786,2,2.475,valid
Uttar_Pradesh,Muzaffarnagar,2020,31,2021-03-05,2021-03-10,0.1141403888782796,0.2552349143630701,0.1772473125909543,0.1208997805076077,2,0.59,valid
Uttar_Pradesh,Muzaffarnagar,2020,32,2021-03-10,2021-03-15,0.09467472536623303,0.2698223710334325,0.17787770262295294,0.12113264888438284,0,,insufficient_data
Uttar_Pradesh,Muzaffarnagar,2020,33,2021-03-15,2021-03-20,0.1259822788454735,0.2835792603343439,0.1982930709953975,0.1421506425890489,4,8.850000000000001,valid
Uttar_Pradesh,Muzaffarnagar,2020,34,2021-03-20,2021-03-25,0.1051543701092191,0.2489665170143427,0.1926524115581141,0.1384475929018197,2,2.5,valid
Uttar_Pradesh,Muzaffarnagar,2020,35,2021-03-25,2021-03-30,0.1123944026378296,0.24682320762745494,0.20812914130036492,0.15394753107361137,0,,insufficient_data
Uttar_Pradesh,Muzaffarnagar,2020,36,2021-03-30,2021-04-04,0.0992430943681853,0.2372194448457785,0.2098179362076494,0.1601960779974184,4,0.6425,valid
Uttar_Pradesh,Muzaffarnagar,2020,37,2021-04-04,2021-04-09,0.1144822334196767,0.2358278749762803,0.2140494112925139,0.1583171840026837,2,0.495,valid
Uttar_Pradesh,Muzaffarnagar,2020,38,2021-04-09,2021-04-14,0.1171100364465935,0.2285229409665292,0.2258328764481498,0.1706261578770861,2,4.0,valid
Uttar_Pradesh,Muzaffarnagar,2020,39,2021-04-14,2021-04-19,0.1530095912443909,0.2443220742593415,0.2500742204212788,0.1880404125160701,1,20.0,valid
Uttar_Pradesh,Muzaffarnagar,2020,40,2021-04-19,2021-04-24,0.1303570506181121,0.23634408114992705,0.23800963634934824,0.180768499226153,0,,insufficient_data
Uttar_Pradesh,Muzaffarnagar,2020,41,2021-04-24,2021-04-29,0.1368263413617873,0.2367034343975572,0.2620820372354505,0.2060902425087722,4,0.5375,valid
Uttar_Pradesh,Muzaffarnagar,2020,42,2021-04-29,2021-05-04,0.14491796630308912,0.24051275432844935,0.25607812882836467,0.19706532751242115,0,,insufficient_data
Uttar_Pradesh,Muzaffarnagar,2021,0,2021-10-01,2021-10-06,0.0574428890248317,0.3214157869270491,0.1742125536691973,0.0864421218623664,2,17.439999999999998,valid
Uttar_Pradesh,Muzaffarnagar,2021,1,2021-10-06,2021-10-11,0.0615127509170728,0.2896802256350164,0.1786221872710753,0.0977663533888615,2,1.2799999999999998,valid
Uttar_Pradesh,Muzaffarnagar,2021,2,2021-10-11,2021-10-16,0.0606085443599416,0.2887142504125515,0.1758320672511794,0.09443439058227297,0,,insufficient_data
Uttar_Pradesh,Muzaffarnagar,2021,3,2021-10-16,2021-10-21,0.0670142376717493,0.27658893029890236,0.17775890232058372,0.10052925415148248,0,,insufficient_data
Uttar_Pradesh,Muzaffarnagar,2021,4,2021-10-21,2021-10-26,0.07020468722072183,0.26164664475618676,0.17894101853771252,0.10522496491452116,0,,insufficient_data
Uttar_Pradesh,Muzaffarnagar,2021,5,2021-10-26,2021-10-31,0.0628699931379203,0.255046738675589,0.1746614608132656,0.099094696495591,2,2.615,valid
Uttar_Pradesh,Muzaffarnagar,2021,6,2021-10-31,2021-11-05,0.0862313176071724,0.240212969957955,0.1835394075287967,0.118813844859111,2,9.475,valid
Uttar_Pradesh,Muzaffarnagar,2021,7,2021-11-05,2021-11-10,0.0753562952227856,0.2301503019735192,0.17589337368230712,0.11322714957658127,0,,insufficient_data
Uttar_Pradesh,Muzaffarnagar,2021,8,2021-11-10,2021-11-15,0.0709058465848459,0.2260659174481026,0.1757294116909933,0.1143268406247479,2,4.865,valid
Uttar_Pradesh,Muzaffarnagar,2021,9,2021-11-15,2021-11-20,0.0854934917267716,0.2144475621185028,0.1712123665549109,0.1196581142517518,2,13.340000000000002,valid
Uttar_Pradesh,Muzaffarnagar,2021,10,2021-11-20,2021-11-25,0.0712808270572178,0.2149783216674466,0.174324221823569,0.1142422516517046,2,2.01,valid
Uttar_Pradesh,Muzaffarnagar,2021,11,2021-11-25,2021-11-30,0.0846438099457081,0.2139419782933484,0.1712904249407501,0.1153417408006126,2,0.995,valid
Uttar_Pradesh,Muzaffarnagar,2021,12,2021-11-30,2021-12-05,0.0754536548293389,0.2119922740917633,0.1658451771414995,0.109269953529709,2,0.5800000000000001,valid
Uttar_Pradesh,Muzaffarnagar,2021,13,2021-12-05,2021-12-10,0.0710612193779374,0.2125627765694607,0.1709117389522285,0.1113355190645875,2,27.435,valid
Uttar_Pradesh,Muzaffarnagar,2021,14,2021-12-10,2021-12-15,0.0822124131983439,0.218047664180019,0.1575187936884742,0.1047907421551733,1,7.65,valid
Uttar_Pradesh,Muzaffarnagar,2021,15,2021-12-15,2021-12-20,0.07263183293497029,0.21246921953083858,0.16003340072006703,0.10479518432899351,0,,insufficient_data
Uttar_Pradesh,Muzaffarnagar,2021,16,2021-12-20,2021-12-25,0.0699016909857188,0.2061397764543748,0.154044060567291,0.1021294278618574,4,3.2825,valid
Uttar_Pradesh,Muzaffarnagar,2021,17,2021-12-25,2021-12-30,0.0645301862835124,0.2136036063585752,0.1518472332508419,0.0964502790336404,2,7.535,valid
Uttar_Pradesh,Muzaffarnagar,2021,18,2021-12-30,2022-01-04,0.27443437268919435,0.3749683206836047,0.28071610362412663,0.20903403226899578,0,,insufficient_data
Uttar_Pradesh,Muzaffarnagar,2021,19,2022-01-04,2022-01-09,0.27443437268919435,0.3749683206836047,0.28071610362412663,0.20903403226899578,0,,insufficient_data
Uttar_Pradesh,Muzaffarnagar,2021,20,2022-01-09,2022-01-14,0.3767007135409321,0.45938259279821964,0.3440521251525445,0.262486334472565,0,,insufficient_data
Uttar_Pradesh,Muzaffarnagar,2021,21,2022-01-14,2022-01-19,0.6888712407983518,0.705161579237864,0.5362570170542471,0.4285223899114896,1,10.59,valid
Uttar_Pradesh,Muzaffarnagar,2021,22,2022-01-19,2022-01-24,0.27457422258471753,0.3987559869809821,0.2844295980773472,0.20863525606209352,0,,insufficient_data
Uttar_Pradesh,Muzaffarnagar,2021,23,2022-01-24,2022-01-29,0.27457422258471753,0.3987559869809821,0.2844295980773472,0.20863525606209352,0,,insufficient_data
Uttar_Pradesh,Muzaffarnagar,2021,24,2022-01-29,2022-02-03,0.059729214468085,0.2312973252956804,0.1509403604290962,0.0929213460122825,4,6.665,valid
Uttar_Pradesh,Muzaffarnagar,2021,25,2022-02-03,2022-02-08,0.0751222124877158,0.2598090564094018,0.1660914167486982,0.1044620322625084,3,14.726666666666668,valid
Uttar_Pradesh,Muzaffarnagar,2021,26,2022-02-08,2022-02-13,0.06514267976448908,0.2505530371015548,0.15703098159353518,0.0980642895154713,0,,insufficient_data
Uttar_Pradesh,Muzaffarnagar,2021,27,2022-02-13,2022-02-18,0.0623005149547712,0.2422227313296603,0.1555276552162196,0.0977858717917854,4,2.4575000000000005,valid
Uttar_Pradesh,Muzaffarnagar,2021,28,2022-02-18,2022-02-23,0.0634187771473843,0.2688830353714768,0.1555644939801267,0.0970879079953089,2,4.09,valid
Uttar_Pradesh,Muzaffarnagar,2021,29,2022-02-23,2022-02-28,0.06570778711895553,0.2631971683818548,0.16358660949297665,0.10432737595184707,0,,insufficient_data
Uttar_Pradesh,Muzaffarnagar,2021,30,2022-02-28,2022-03-05,0.0661154928718454,0.2699014992498317,0.167710258548001,0.1056557574177294,3,4.739999999999999,valid
Uttar_Pradesh,Muzaffarnagar,2021,31,2022-03-05,2022-03-10,0.06788437348243932,0.2642727278321354,0.16902267286098596,0.10946936402590005,0,,insufficient_data
Uttar_Pradesh,Muzaffarnagar,2021,32,2022-03-10,2022-03-15,0.0709963635018212,0.2717814075764505,0.1755440302275593,0.1167799666025646,4,3.74,valid
Uttar_Pradesh,Muzaffarnagar,2021,33,2022-03-15,2022-03-20,0.0710068604087064,0.2465249691307828,0.1772719086882568,0.1183538240879973,2,2.5900000000000003,valid
Uttar_Pradesh,Muzaffarnagar,2021,34,2022-03-20,2022-03-25,0.08255171360933101,0.23684224262719314,0.18833901617567456,0.13388313480949146,0,,insufficient_data
Uttar_Pradesh,Muzaffarnagar,2021,35,2022-03-25,2022-03-30,0.0830695414270279,0.2366612191411188,0.1929139478880864,0.138776144702612,4,0.5625,valid
Uttar_Pradesh,Muzaffarnagar,2021,36,2022-03-30,2022-04-04,0.0920665280137334,0.2122708832758442,0.1899615990597158,0.1405381488174168,2,0.015,valid
Uttar_Pradesh,Muzaffarnagar,2021,37,2022-04-04,2022-04-09,0.0956192746953662,0.2169727340117692,0.2060035950147545,0.1549675898368666,2,1.105,valid
Uttar_Pradesh,Muzaffarnagar,2021,38,2022-04-09,2022-04-14,0.1179397788957113,0.2308880836656198,0.2246412301358943,0.1696995123086834,3,13.573333333333332,valid
Uttar_Pradesh,Muzaffarnagar,2021,39,2022-04-14,2022-04-19,0.11076851419175382,0.22556612685065386,0.22338063724672047,0.17058472854916706,0,,insufficient_data
Uttar_Pradesh,Muzaffarnagar,2021,40,2022-04-19,2022-04-24,0.1258805690792398,0.2366015256509215,0.248968683616498,0.1921031858368582,4,3.3275,valid
Uttar_Pradesh,Muzaffarnagar,2021,41,2022-04-24,2022-04-29,0.1223364202747183,0.2310974076491145,0.2473280784067398,0.1956152059460103,4,1.5375,valid
Uttar_Pradesh,Muzaffarnagar,2021,42,2022-04-29,2022-05-04,0.12410849467697906,0.233849466650018,0.2481483810116189,0.19385919589143424,0,,insufficient_data
Uttar_Pradesh,Muzaffarnagar,2022,0,2022-10-01,2022-10-06,0.0831831201090008,0.3051084432545342,0.1894974363689648,0.1062200941858009,3,5.326666666666667,valid
Uttar_Pradesh,Muzaffarnagar,2022,1,2022-10-06,2022-10-11,0.06846717001489533,0.2733436377010653,0.1786674626700701,0.10125213555092044,0,,insufficient_data
Uttar_Pradesh,Muzaffarnagar,2022,2,2022-10-11,2022-10-16,0.0529756824021562,0.272539234613367,0.1663631076467787,0.086226511920837,4,7.502499999999999,valid
Uttar_Pradesh,Muzaffarnagar,2022,3,2022-10-16,2022-10-21,0.0705921123764799,0.256257710194085,0.1761769081508062,0.1051591345508285,2,0.93,valid
Uttar_Pradesh,Muzaffarnagar,2022,4,2022-10-21,2022-10-26,0.0671177651719444,0.259469162742275,0.1826323985137307,0.1074028015462154,2,3.135,valid
Uttar_Pradesh,Muzaffarnagar,2022,5,2022-10-26,2022-10-31,0.0688974043028071,0.2291510919540341,0.1716032912160099,0.1069943819551207,4,1.5775,valid
Uttar_Pradesh,Muzaffarnagar,2022,6,2022-10-31,2022-11-05,0.0713295004729551,0.23706733027307436,0.17731412248811393,0.11024794093264342,0,,insufficient_data
Uttar_Pradesh,Muzaffarnagar,2022,7,2022-11-05,2022-11-10,0.0777954797565998,0.2261549980041902,0.1798134186271179,0.114491186774583,3,11.546666666666669,valid
Uttar_Pradesh,Muzaffarnagar,2022,8,2022-11-10,2022-11-15,0.0722447407569443,0.2143036884707876,0.176344595932905,0.1171921998364696,3,9.72,valid
Uttar_Pradesh,Muzaffarnagar,2022,9,2022-11-15,2022-11-20,0.0764150491592726,0.21223240455005365,0.17483745949864113,0.11687050721871832,0,,insufficient_data
Uttar_Pradesh,Muzaffarnagar,2022,10,2022-11-20,2022-11-25,0.0726792565588881,0.2099558465399705,0.1786857243628808,0.1209009303768053,4,8.3925,valid
Uttar_Pradesh,Muzaffarnagar,2022,11,2022-11-25,2022-11-30,0.0845991723362425,0.2064889315108379,0.1669398769158888,0.1142503410200487,2,3.255,valid
Uttar_Pradesh,Muzaffarnagar,2022,12,2022-11-30,2022-12-05,0.0747565963876883,0.2042585582244822,0.1724036816544132,0.117517878085685,2,1.055,valid
Uttar_Pradesh,Muzaffarnagar,2022,13,2022-12-05,2022-12-10,0.0754630372981482,0.2008381560965858,0.1673205819359618,0.1149448250828156,4,0.815,valid
Uttar_Pradesh,Muzaffarnagar,2022,14,2022-12-10,2022-12-15,0.07541075881831853,0.20289420355900237,0.1664367514511239,0.11411640253874697,0,,insufficient_data
Uttar_Pradesh,Muzaffarnagar,2022,15,2022-12-15,2022-12-20,0.0731776459340282,0.2046818830726584,0.1647787620083143,0.1133230173761264,4,1.65,valid
Uttar_Pradesh,Muzaffarnagar,2022,16,2022-12-20,2022-12-25,0.0690573421354855,0.1982034888904475,0.1607408547410415,0.1105459511290592,2,5.275,valid
Uttar_Pradesh,Muzaffarnagar,2022,17,2022-12-25,2022-12-30,0.07111749403475685,0.20144268598155296,0.1627598083746779,0.11193448425259281,0,,insufficient_data
Uttar_Pradesh,Muzaffarnagar,2022,18,2022-12-30,2023-01-04,0.06897821051023223,0.2001662350906439,0.1584925682809809,0.1090389266983975,0,,insufficient_data
Uttar_Pradesh,Muzaffarnagar,2022,19,2023-01-04,2023-01-09,0.06687849279833424,0.19790841109963664,0.1553494714173142,0.10689688135953304,0,,insufficient_data
Uttar_Pradesh,Muzaffarnagar,2022,20,2023-01-09,2023-01-14,0.064699643461183,0.1976133333088258,0.1499580880935869,0.1032478115900069,0,,insufficient_data
Uttar_Pradesh,Muzaffarnagar,2022,21,2023-01-14,2023-01-19,0.064699643461183,0.1976133333088258,0.1499580880935869,0.1032478115900069,4,2.7525,valid
Uttar_Pradesh,Muzaffarnagar,2022,22,2023-01-19,2023-01-24,0.0620914074926468,0.21666523056064746,0.15213232368674007,0.10145737943921421,0,,insufficient_data
Uttar_Pradesh,Muzaffarnagar,2022,23,2023-01-24,2023-01-29,0.06671274281525696,0.23212470424313184,0.1589962556752597,0.1055579895618694,0,,insufficient_data
Uttar_Pradesh,Muzaffarnagar,2022,24,2023-01-29,2023-02-03,0.0594831715241106,0.2357171278124691,0.1543065592798932,0.0996669472884215,4,11.6125,valid
Uttar_Pradesh,Muzaffarnagar,2022,25,2023-02-03,2023-02-08,0.06844728687692549,0.25206364494082023,0.1635486663278467,0.1076101002786587,0,,insufficient_data
Uttar_Pradesh,Muzaffarnagar,2022,26,2023-02-08,2023-02-13,0.0759554134604773,0.2630436516081006,0.172724119652299,0.1137592098071798,2,9.395,valid
Uttar_Pradesh,Muzaffarnagar,2022,27,2023-02-13,2023-02-18,0.06767233747597437,0.2536096316726125,0.16310695120129964,0.10771169071484012,0,,insufficient_data
Uttar_Pradesh,Muzaffarnagar,2022,28,2023-02-18,2023-02-23,0.0699032756461886,0.2574301554018909,0.1636153200513479,0.1094041437403748,2,2.59,valid
Uttar_Pradesh,Muzaffarnagar,2022,29,2023-02-23,2023-02-28,0.065347489273121,0.2582475918679894,0.1617818058216584,0.1080164620233844,4,1.625,valid
Uttar_Pradesh,Muzaffarnagar,2022,30,2023-02-28,2023-03-05,0.06908312450129464,0.26045628677495586,0.1685579549107747,0.11399018909001743,0,,insufficient_data
Uttar_Pradesh,Muzaffarnagar,2022,31,2023-03-05,2023-03-10,0.0666128489602027,0.2686949872262174,0.1699687793918073,0.1147082761476032,4,1.7749999999999997,valid
Uttar_Pradesh,Muzaffarnagar,2022,32,2023-03-10,2023-03-15,0.0744688841256663,0.2574524126037257,0.1788659143782851,0.1238318744487073,2,2.92,valid
Uttar_Pradesh,Muzaffarnagar,2022,33,2023-03-15,2023-03-20,0.07757607738912417,0.2589759490073814,0.1810581177793747,0.12380397756109607,0,,insufficient_data
Uttar_Pradesh,Muzaffarnagar,2022,34,2023-03-20,2023-03-25,0.0690128608334891,0.2561145580353388,0.1612833074295945,0.1024240964457474,2,24.725,valid
Uttar_Pradesh,Muzaffarnagar,2022,35,2023-03-25,2023-03-30,0.08830370350094727,0.2534375018839068,0.19701251665498126,0.13919195298293743,0,,insufficient_data
Uttar_Pradesh,Muzaffarnagar,2022,36,2023-03-30,2023-04-04,0.1002097156371386,0.2536418381642439,0.2141144699178119,0.1542516632023264,2,9.72,valid
Uttar_Pradesh,Muzaffarnagar,2022,37,2023-04-04,2023-04-09,0.1095233534074951,0.2465411987323188,0.2337863748942335,0.1762601778349686,4,0.8174999999999999,valid
Uttar_Pradesh,Muzaffarnagar,2022,38,2023-04-09,2023-04-14,0.115834850309459,0.24322870201306512,0.237397281867586,0.18016493386345833,0,,insufficient_data
Uttar_Pradesh,Muzaffarnagar,2022,39,2023-04-14,2023-04-19,0.1208696294194279,0.2330895154675192,0.2463850225470008,0.1906890707399452,4,2.03,valid
Uttar_Pradesh,Muzaffarnagar,2022,40,2023-04-19,2023-04-24,0.1327367027737744,0.2396422556881786,0.2553032601112978,0.1994588236765931,2,10.34,valid
Uttar_Pradesh,Muzaffarnagar,2022,41,2023-04-24,2023-04-29,0.12680316609660114,0.23636588557784888,0.2508441413291493,0.19507394720826915,0,,insufficient_data
Uttar_Pradesh,Muzaffarnagar,2022,42,2023-04-29,2023-05-04,0.12680316609660114,0.23636588557784888,0.2508441413291493,0.19507394720826915,0,,insufficient_data
Uttar_Pradesh,Muzaffarnagar,2023,0,2023-10-01,2023-10-06,0.0789806303979188,0.28628565949223317,0.18512967248528034,0.10887660139391106,0,,insufficient_data
Uttar_Pradesh,Muzaffarnagar,2023,1,2023-10-06,2023-10-11,0.0685487761041437,0.2862101681321157,0.1810506881979266,0.1031476791619719,4,0.585,valid
Uttar_Pradesh,Muzaffarnagar,2023,2,2023-10-11,2023-10-16,0.0894124846916939,0.2863611508523506,0.1892086567726341,0.1146055236258502,2,8.1,valid
Uttar_Pradesh,Muzaffarnagar,2023,3,2023-10-16,2023-10-21,0.0739831914779507,0.26788939735383954,0.18178774874173848,0.10937207025483305,0,,insufficient_data
Uttar_Pradesh,Muzaffarnagar,2023,4,2023-10-21,2023-10-26,0.0682806500385014,0.2586671582294064,0.1800244150414566,0.1083694861910752,4,1.3850000000000002,valid
Uttar_Pradesh,Muzaffarnagar,2023,5,2023-10-26,2023-10-31,0.07645090488756835,0.254977926140749,0.18136870038504604,0.1124961696462544,0,,insufficient_data
Uttar_Pradesh,Muzaffarnagar,2023,6,2023-10-31,2023-11-05,0.0696908550774638,0.2403191122014855,0.1768672349549366,0.1113655920404349,4,3.2375000000000003,valid
Uttar_Pradesh,Muzaffarnagar,2023,7,2023-11-05,2023-11-10,0.0784196297426143,0.2345642832797536,0.1793744947711569,0.1156440767276573,3,1.586666666666667,valid
Uttar_Pradesh,Muzaffarnagar,2023,8,2023-11-10,2023-11-15,0.07736933247335236,0.2293369268771155,0.17549577281512524,0.11494462181193432,0,,insufficient_data
Uttar_Pradesh,Muzaffarnagar,2023,9,2023-11-15,2023-11-20,0.0716138617659857,0.2257154977115657,0.1751557347977576,0.1130535391078677,3,1.153333333333333,valid
Uttar_Pradesh,Muzaffarnagar,2023,10,2023-11-20,2023-11-25,0.0919501991376084,0.2223541013718389,0.1712423123256111,0.117316814310505,1,0.01,valid
Uttar_Pradesh,Muzaffarnagar,2023,11,2023-11-25,2023-11-30,0.0751721166430896,0.2237316398209338,0.174839087226164,0.1173430868732067,2,2.295,valid
Uttar_Pradesh,Muzaffarnagar,2023,12,2023-11-30,2023-12-05,0.0744935757956873,0.2218908874607045,0.1677315579719795,0.1106849492977248,4,3.6625,valid
Uttar_Pradesh,Muzaffarnagar,2023,13,2023-12-05,2023-12-10,0.07887723622867435,0.22074550465962375,0.16825539964776381,0.11363440335013149,0,,insufficient_data
Uttar_Pradesh,Muzaffarnagar,2023,14,2023-12-10,2023-12-15,0.0805228512758347,0.2191905263797529,0.1676138121561596,0.1146551980715779,4,6.1275,valid
Uttar_Pradesh,Muzaffarnagar,2023,15,2023-12-15,2023-12-20,0.0722474382911518,0.2165603682648886,0.159850228558905,0.1081719681976431,4,1.2674999999999998,valid
Uttar_Pradesh,Muzaffarnagar,2023,16,2023-12-20,2023-12-25,0.18482556369376452,0.30095226764085586,0.23058875230367137,0.16868385827755103,0,,insufficient_data
Uttar_Pradesh,Muzaffarnagar,2023,17,2023-12-25,2023-12-30,0.0628671554414004,0.2170049733134262,0.1524879413208301,0.0989390791388036,1,2.04,valid
Uttar_Pradesh,Muzaffarnagar,2023,18,2023-12-30,2024-01-04,0.21959313449974113,0.3282061813945569,0.2515803990195086,0.1866934116795421,0,,insufficient_data
Uttar_Pradesh,Muzaffarnagar,2023,19,2024-01-04,2024-01-09,0.5236648097666712,0.5510532026053558,0.4424030271787909,0.3529691877021795,1,23.21,valid
Uttar_Pradesh,Muzaffarnagar,2023,20,2024-01-09,2024-01-14,0.21578651541170477,0.3278940144381339,0.2447172105484168,0.18081611691786173,0,,insufficient_data
Uttar_Pradesh,Muzaffarnagar,2023,21,2024-01-14,2024-01-19,0.2922461953968569,0.38333853500048776,0.29083184516221017,0.2217546358073908,0,,insufficient_data
Uttar_Pradesh,Muzaffarnagar,2023,22,2024-01-19,2024-01-24,0.2922461953968569,0.38333853500048776,0.29083184516221017,0.2217546358073908,0,,insufficient_data
Uttar_Pradesh,Muzaffarnagar,2023,23,2024-01-24,2024-01-29,0.0608275810270427,0.2156238673956197,0.1392606631456295,0.0905400839126021,2,2.705,valid
Uttar_Pradesh,Muzaffarnagar,2023,24,2024-01-29,2024-02-03,0.0608275810270427,0.2156238673956197,0.1392606631456295,0.0905400839126021,0,,insufficient_data
Uttar_Pradesh,Muzaffarnagar,2023,25,2024-02-03,2024-02-08,0.08249717456994456,0.253839328697855,0.1638494056367088,0.1105244099409438,0,,insufficient_data
Uttar_Pradesh,Muzaffarnagar,2023,26,2024-02-08,2024-02-13,0.08249717456994456,0.253839328697855,0.1638494056367088,0.1105244099409438,0,,insufficient_data
Uttar_Pradesh,Muzaffarnagar,2023,27,2024-02-13,2024-02-18,0.0848185854263965,0.2810507171531931,0.17826783566999194,0.12135102527421596,0,,insufficient_data
Uttar_Pradesh,Muzaffarnagar,2023,28,2024-02-18,2024-02-23,0.1041667681128464,0.2920547900000903,0.1884381481277881,0.1305087359692855,4,12.995,valid
Uttar_Pradesh,Muzaffarnagar,2023,29,2024-02-23,2024-02-28,0.08093464766757442,0.28354545378609436,0.17881250083986122,0.1210711008735774,0,,insufficient_data
Uttar_Pradesh,Muzaffarnagar,2023,30,2024-02-28,2024-03-04,0.0654704027399466,0.2700466443062959,0.1680975232121958,0.1121933145791464,4,0.7074999999999999,valid
Uttar_Pradesh,Muzaffarnagar,2023,31,2024-03-04,2024-03-09,0.0731667721499303,0.2885349270518969,0.1799018311795998,0.1205112520723003,4,9.2825,valid
Uttar_Pradesh,Muzaffarnagar,2023,32,2024-03-09,2024-03-14,0.0717268525366286,0.28100486557934995,0.1746254745400511,0.11809576725115062,0,,insufficient_data
Uttar_Pradesh,Muzaffarnagar,2023,33,2024-03-14,2024-03-19,0.0743150607713892,0.2903538098696011,0.179020292518398,0.1229593865610935,3,2.936666666666667,valid
Uttar_Pradesh,Muzaffarnagar,2023,34,2024-03-19,2024-03-24,0.0739551744852483,0.2750840810896061,0.1714822512500108,0.1167191157920623,2,0.755,valid
Uttar_Pradesh,Muzaffarnagar,2023,35,2024-03-24,2024-03-29,0.08331216812294398,0.2612006609109477,0.18280482805241427,0.12868866336804988,0,,insufficient_data
Uttar_Pradesh,Muzaffarnagar,2023,36,2024-03-29,2024-04-03,0.0885414020368956,0.2478391515372043,0.1822404975428709,0.1281122964254992,2,3.66,valid
Uttar_Pradesh,Muzaffarnagar,2023,37,2024-04-03,2024-04-08,0.09428265897827635,0.24906975723050828,0.1975299715242562,0.1425841176498201,0,,insufficient_data
Uttar_Pradesh,Muzaffarnagar,2023,38,2024-04-08,2024-04-13,0.0964370351982428,0.2315256011473793,0.1984762708983774,0.1469638546935445,3,3.766666666666667,valid
Uttar_Pradesh,Muzaffarnagar,2023,39,2024-04-13,2024-04-18,0.1181970241927187,0.2418301951478434,0.2379208664057657,0.1785412036881744,4,3.4075,valid
Uttar_Pradesh,Muzaffarnagar,2023,40,2024-04-18,2024-04-23,0.11398926549429982,0.24016846537654946,0.23163405636112824,0.17473398661099163,0,,insufficient_data
Uttar_Pradesh,Muzaffarnagar,2023,41,2024-04-23,2024-04-28,0.1273337370919379,0.2471495998344257,0.2585050317792416,0.198696901451256,4,1.485,valid
Uttar_Pradesh,Muzaffarnagar,2023,42,2024-04-28,2024-05-03,0.12276538064232831,0.24448989749113453,0.24821294909250366,0.18861905256971517,0,,insufficient_data
Uttar_Pradesh,Muzaffarnagar,2024,0,2024-10-01,2024-10-06,0.0588675520840965,0.3069986387812739,0.1774638063287689,0.0943902037971489,4,4.6675,valid
Uttar_Pradesh,Muzaffarnagar,2024,1,2024-10-06,2024-10-11,0.0582863522728738,0.2852493550602903,0.1752100957103571,0.0963666831098663,4,4.3425,valid
Uttar_Pradesh,Muzaffarnagar,2024,2,2024-10-11,2024-10-16,0.06971838804355862,0.2807764630866633,0.1811115828180226,0.10544333279236465,0,,insufficient_data
Uttar_Pradesh,Muzaffarnagar,2024,3,2024-10-16,2024-10-21,0.064474625187711,0.2632710430603311,0.1739668797077629,0.1005784866931007,4,4.51,valid
Uttar_Pradesh,Muzaffarnagar,2024,4,2024-10-21,2024-10-26,0.0705360213507592,0.2647162725390421,0.1737049092400099,0.1053392375233878,2,0.02,valid
Uttar_Pradesh,Muzaffarnagar,2024,5,2024-10-26,2024-10-31,0.0964273893223526,0.2836470059923792,0.2052122231032142,0.1305420528383195,2,6.025,valid
Uttar_Pradesh,Muzaffarnagar,2024,6,2024-10-31,2024-11-05,0.069807828085617,0.2358605287336233,0.1754365797663016,0.1102723771836663,4,0.7274999999999999,valid
Uttar_Pradesh,Muzaffarnagar,2024,7,2024-11-05,2024-11-10,0.0798155359900279,0.24637465032925404,0.1823654741003292,0.11646889990927137,0,,insufficient_data
Uttar_Pradesh,Muzaffarnagar,2024,8,2024-11-10,2024-11-15,0.0852644515772547,0.2323241729366563,0.1833606998788992,0.1176420470108989,4,8.594999999999999,valid
Uttar_Pradesh,Muzaffarnagar,2024,9,2024-11-15,2024-11-20,0.077041989614156,0.2153252714445694,0.1741129585132211,0.1185487849900843,2,10.405,valid
Uttar_Pradesh,Muzaffarnagar,2024,10,2024-11-20,2024-11-25,0.07902445609734596,0.2112644694907207,0.1768276349058825,0.12233097737547478,0,,insufficient_data
Uttar_Pradesh,Muzaffarnagar,2024,11,2024-11-25,2024-11-30,0.0794168112296876,0.2019526292919371,0.1737684203917457,0.1225877908483401,3,8.41,valid
Uttar_Pradesh,Muzaffarnagar,2024,12,2024-11-30,2024-12-05,0.0774498409362134,0.2039321956055962,0.1746034541366709,0.1262650669499757,2,0.0499999999999999,valid
Uttar_Pradesh,Muzaffarnagar,2024,13,2024-12-05,2024-12-10,0.0759491871294181,0.2027880781748445,0.1782926416088756,0.126611197078075,2,0.69,valid
Uttar_Pradesh,Muzaffarnagar,2024,14,2024-12-10,2024-12-15,0.0779972334793859,0.2037220891429604,0.1754459103887176,0.1259909114252237,4,1.4,valid
Uttar_Pradesh,Muzaffarnagar,2024,15,2024-12-15,2024-12-20,0.16493325817356805,0.277216600645759,0.22966992853922802,0.17022548269810747,0,,insufficient_data
Uttar_Pradesh,Muzaffarnagar,2024,16,2024-12-20,2024-12-25,0.0792272202157736,0.2023952427726512,0.1686042514941687,0.1183200972785813,4,0.7425,valid
Uttar_Pradesh,Muzaffarnagar,2024,17,2024-12-25,2024-12-30,0.5140428091070492,0.5732453975327426,0.4514033850677074,0.3539401407586817,1,11.27,valid
Uttar_Pradesh,Muzaffarnagar,2024,18,2024-12-30,2025-01-04,0.17843185775521206,0.31285960953989705,0.2257066648203457,0.16094808879531758,0,,insufficient_data
Uttar_Pradesh,Muzaffarnagar,2024,19,2025-01-04,2025-01-09,0.15450042102234224,0.29553611030795524,0.21031399168111536,0.1478818185796434,0,,insufficient_data
Uttar_Pradesh,Muzaffarnagar,2024,20,2025-01-09,2025-01-14,0.0602790159706725,0.2230628712116977,0.1377187838787314,0.0839028487700443,1,0.11,valid
Uttar_Pradesh,Muzaffarnagar,2024,21,2025-01-14,2025-01-19,0.0601783857273529,0.2527349266424968,0.1451002388407754,0.087629268373963,1,12.38,valid
Uttar_Pradesh,Muzaffarnagar,2024,22,2025-01-19,2025-01-24,0.0587746740908629,0.2262421133801879,0.1487432991241941,0.0956167377169467,2,6.16,valid
Uttar_Pradesh,Muzaffarnagar,2024,23,2025-01-24,2025-01-29,0.06056392262411788,0.2382112824799691,0.14789776937200066,0.09372316328085747,0,,insufficient_data
Uttar_Pradesh,Muzaffarnagar,2024,24,2025-01-29,2025-02-03,0.0627948868223284,0.23781821424396,0.1513115123475644,0.0974885743433185,4,4.41,valid
Uttar_Pradesh,Muzaffarnagar,2024,25,2025-02-03,2025-02-08,0.0607926505093727,0.2511982869215029,0.156615012668738,0.1039783872000149,4,8.277500000000002,valid
Uttar_Pradesh,Muzaffarnagar,2024,26,2025-02-08,2025-02-13,0.06336141246770974,0.2691226211318348,0.1580484433836159,0.1027907930133534,0,,insufficient_data
Uttar_Pradesh,Muzaffarnagar,2024,27,2025-02-13,2025-02-18,0.0533986149098331,0.2610504540336988,0.1394138391467177,0.0893569449188497,2,6.865,valid
Uttar_Pradesh,Muzaffarnagar,2024,28,2025-02-18,2025-02-23,0.073518512049093,0.3103491869065412,0.1728506253706578,0.111910063097394,1,27.16,valid
Uttar_Pradesh,Muzaffarnagar,2024,29,2025-02-23,2025-02-28,0.0663023980479215,0.2851969635534713,0.1700512273844016,0.1112199955071899,2,3.3600000000000003,valid
Uttar_Pradesh,Muzaffarnagar,2024,30,2025-02-28,2025-03-05,0.0700860676423442,0.2863653726690736,0.1707833742994749,0.1134041096477887,3,0.41,valid
Uttar_Pradesh,Muzaffarnagar,2024,31,2025-03-05,2025-03-10,0.07240334444050946,0.28399344879664323,0.17439927124804094,0.11689968720775619,0,,insufficient_data
Uttar_Pradesh,Muzaffarnagar,2024,32,2025-03-10,2025-03-15,0.0746358854713498,0.2693408498159558,0.1723404900615221,0.1174445991164722,3,18.17,valid
Uttar_Pradesh,Muzaffarnagar,2024,33,2025-03-15,2025-03-20,0.0774738589918388,0.2687148710381742,0.1859706391241485,0.1305196686699361,4,6.46,valid
Uttar_Pradesh,Muzaffarnagar,2024,34,2025-03-20,2025-03-25,0.08933748338164889,0.2511606010590437,0.19018700227105173,0.1370933263060133,0,,insufficient_data
Uttar_Pradesh,Muzaffarnagar,2024,35,2025-03-25,2025-03-30,0.0893817988932611,0.2419219955620945,0.1857035002638978,0.1347163560148869,2,13.245,valid
Uttar_Pradesh,Muzaffarnagar,2024,36,2025-03-30,2025-04-04,0.0964833502323312,0.2338728058547435,0.1902355909827441,0.1390066747579875,2,2.195,valid
Uttar_Pradesh,Muzaffarnagar,2024,37,2025-04-04,2025-04-09,0.1087125233194636,0.2419524830242506,0.2166847909229461,0.1637793329707839,2,2.235,valid
Uttar_Pradesh,Muzaffarnagar,2024,38,2025-04-09,2025-04-14,0.1152647038820221,0.2328143276444114,0.2281795175015841,0.169804169235609,3,10.756666666666668,valid
Uttar_Pradesh,Muzaffarnagar,2024,39,2025-04-14,2025-04-19,0.1176112489181866,0.2376064881373389,0.22753574676172902,0.172737379573693,0,,insufficient_data
Uttar_Pradesh,Muzaffarnagar,2024,40,2025-04-19,2025-04-24,0.1376823313662995,0.2497340367322481,0.2533141317301671,0.1903435204116285,3,9.086666666666666,valid
Uttar_Pradesh,Muzaffarnagar,2024,41,2025-04-24,2025-04-29,0.1299133357908166,0.229658787431041,0.2492647026712039,0.2007532004924561,4,2.3175,valid
Uttar_Pradesh,Muzaffarnagar,2024,42,2025-04-29,2025-05-04,0.13379783357855807,0.23969641208164455,0.2512894172006855,0.1955483604520423,0,,insufficient_data
Uttar_Pradesh,Muzaffarnagar,2025,0,2025-10-01,2025-10-06,0.0649755075088282,0.285052077979147,0.1840005842036139,0.1036194497683339,3,7.213333333333334,valid
Uttar_Pradesh,Muzaffarnagar,2025,1,2025-10-06,2025-10-11,0.06543027222495804,0.27333534602224474,0.18181607929277419,0.10466625550044052,0,,insufficient_data
Uttar_Pradesh,Muzaffarnagar,2025,2,2025-10-11,2025-10-16,0.0628547474494301,0.2668157415334569,0.1764188640416324,0.1024126792685469,4,1.0925,valid
Uttar_Pradesh,Muzaffarnagar,2025,3,2025-10-16,2025-10-21,0.06797557998514811,0.2680521614145894,0.1804802909199646,0.10585673958290247,0,,insufficient_data
Uttar_Pradesh,Muzaffarnagar,2025,4,2025-10-21,2025-10-26,0.0684605617166158,0.2681382185541304,0.1850287896330762,0.1079666374644408,2,13.845,valid
Uttar_Pradesh,Muzaffarnagar,2025,5,2025-10-26,2025-10-31,0.0756115032657183,0.2522026075916232,0.1764729258015358,0.1094281918302883,2,19.21,valid
Uttar_Pradesh,Muzaffarnagar,2025,6,2025-10-31,2025-11-05,0.07391495090314905,0.24713905057065239,0.1795937564500026,0.1132946801188722,0,,insufficient_data
Uttar_Pradesh,Muzaffarnagar,2025,7,2025-11-05,2025-11-10,0.0726627268930519,0.2402012783359633,0.1782743959783454,0.1148216778061435,4,2.3775000000000004,valid
Uttar_Pradesh,Muzaffarnagar,2025,8,2025-11-10,2025-11-15,0.0789250117372102,0.2280140978008926,0.178598914387053,0.1209622133746162,3,0.9533333333333333,valid
Uttar_Pradesh,Muzaffarnagar,2025,9,2025-11-15,2025-11-20,0.08126218701721932,0.22559019842524627,0.17678526577679926,0.1199547277748004,0,,insufficient_data
Uttar_Pradesh,Muzaffarnagar,2025,10,2025-11-20,2025-11-25,0.0898383503817903,0.2154396016183223,0.1728792570962252,0.1180867322230545,3,2.62,valid
Uttar_Pradesh,Muzaffarnagar,2025,11,2025-11-25,2025-11-30,0.0866355281103571,0.2184169485263449,0.173649665102528,0.1209237772323828,2,0.01,valid
Uttar_Pradesh,Muzaffarnagar,2025,12,2025-11-30,2025-12-05,0.0782493179636871,0.2258790658447082,0.1805240963198448,0.1249792382378051,2,19.87,valid
Uttar_Pradesh,Muzaffarnagar,2025,13,2025-12-05,2025-12-10,0.0788214149899733,0.2137345887120964,0.171553498264266,0.1189736449126229,4,3.245,valid
Uttar_Pradesh,Muzaffarnagar,2025,14,2025-12-10,2025-12-15,0.07808647142077413,0.21489625453503539,0.16882676670348248,0.11630811836706703,0,,insufficient_data
Uttar_Pradesh,Muzaffarnagar,2025,15,2025-12-15,2025-12-20,0.0771182057849206,0.2127981755131394,0.164336142157418,0.1124907140744127,3,9.206666666666669,valid
Uttar_Pradesh,Muzaffarnagar,2025,16,2025-12-20,2025-12-25,0.0696078902549326,0.203652494078888,0.1540704316733557,0.1041732173781116,3,18.816666666666663,valid
Uttar_Pradesh,Muzaffarnagar,2025,17,2025-12-25,2025-12-30,0.10692087428190437,0.22575213564293226,0.16787270288609493,0.1153799446641351,0,,insufficient_data
Uttar_Pradesh,Muzaffarnagar,2025,18,2025-12-30,2026-01-04,0.10692087428190437,0.22575213564293226,0.16787270288609493,0.1153799446641351,0,,insufficient_data
Uttar_Pradesh,Muzaffarnagar,2025,19,2026-01-04,2026-01-09,0.12182220853039624,0.23222911570782873,0.16964098325043342,0.1168245599589963,0,,insufficient_data
Uttar_Pradesh,Muzaffarnagar,2025,20,2026-01-09,2026-01-14,0.1740365268058599,0.2608057373367694,0.1852115348275111,0.129475902539881,1,18.51,valid
Uttar_Pradesh,Muzaffarnagar,2025,21,2026-01-14,2026-01-19,0.24527414945030457,0.35818347159552344,0.26184048020303075,0.19491875166117803,0,,insufficient_data
Uttar_Pradesh,Muzaffarnagar,2025,22,2026-01-19,2026-01-24,0.24527414945030457,0.35818347159552344,0.26184048020303075,0.19491875166117803,0,,insufficient_data
Uttar_Pradesh,Muzaffarnagar,2025,23,2026-01-24,2026-01-29,0.0663780186173163,0.2398850913863756,0.1501441476159972,0.0922474163592653,4,8.295,valid
Uttar_Pradesh,Muzaffarnagar,2025,24,2026-01-29,2026-02-03,0.4954079029277375,0.5738595860634254,0.4501657581655839,0.3630329360843878,1,19.66,valid
Uttar_Pradesh,Muzaffarnagar,2025,25,2026-02-03,2026-02-08,0.1739271663528957,0.34443476155293307,0.23030728776476486,0.166034035261093,0,,insufficient_data
Uttar_Pradesh,Muzaffarnagar,2025,26,2026-02-08,2026-02-13,0.0721552617006128,0.2796805341611364,0.1674269442781009,0.1135365875902106,3,23.916666666666668,valid
Uttar_Pradesh,Muzaffarnagar,2025,27,2026-02-13,2026-02-18,0.0617674821659162,0.284313834600795,0.1534923009993775,0.0953192010105083,2,3.89,valid
Uttar_Pradesh,Muzaffarnagar,2025,28,2026-02-18,2026-02-23,0.06734778566267723,0.27672729408417673,0.16232333738852162,0.10602143164900307,0,,insufficient_data
Uttar_Pradesh,Muzaffarnagar,2025,29,2026-02-23,2026-02-28,0.0665180324751165,0.2751495338976232,0.1617697322265032,0.105209388064525,4,0.9225,valid
Uttar_Pradesh,Muzaffarnagar,2025,30,2026-02-28,2026-03-05,0.06574529365003204,0.27574288072519015,0.1606221350919952,0.10351637966860057,0,,insufficient_data
Uttar_Pradesh,Muzaffarnagar,2025,31,2026-03-05,2026-03-10,0.0689503663090634,0.2677652736771522,0.1666043720501049,0.1100205499307684,4,0.8575,valid
Uttar_Pradesh,Muzaffarnagar,2025,32,2026-03-10,2026-03-15,0.06913979971766364,0.2657695664815763,0.16819040384839942,0.11049659600605966,0,,insufficient_data
Uttar_Pradesh,Muzaffarnagar,2025,33,2026-03-15,2026-03-20,0.0704506833389372,0.2610795827735528,0.17140073965934755,0.113140199976827,0,,insufficient_data
Uttar_Pradesh,Muzaffarnagar,2025,34,2026-03-20,2026-03-25,0.071951000368811,0.2543938918699535,0.1761971072685902,0.1162598500228856,4,5.2975,valid
Uttar_Pradesh,Muzaffarnagar,2025,35,2026-03-25,2026-03-30,0.071951000368811,0.2543938918699535,0.1761971072685902,0.1162598500228856,0,,insufficient_data
Uttar_Pradesh,Muzaffarnagar,2025,36,2026-03-30,2026-04-04,0.071951000368811,0.2543938918699535,0.1761971072685902,0.1162598500228856,0,,insufficient_data
Uttar_Pradesh,Muzaffarnagar,2025,37,2026-04-04,2026-04-09,0.071951000368811,0.2543938918699535,0.1761971072685902,0.1162598500228856,0,,insufficient_data
Uttar_Pradesh,Muzaffarnagar,2025,38,2026-04-09,2026-04-14,,,,,0,,insufficient_data
Uttar_Pradesh,Muzaffarnagar,2025,39,2026-04-14,2026-04-19,,,,,0,,insufficient_data
Uttar_Pradesh,Muzaffarnagar,2025,40,2026-04-19,2026-04-24,,,,,0,,insufficient_data
Uttar_Pradesh,Muzaffarnagar,2025,41,2026-04-24,2026-04-29,,,,,0,,insufficient_data
Uttar_Pradesh,Muzaffarnagar,2025,42,2026-04-29,2026-05-04,,,,,0,,insufficient_data
