state,district,year,time_step,start_date,end_date,Red,NIR,SWIR1,SWIR2,image_count,mean_cloud_cover,quality_flag
Uttar_Pradesh,Pilibhit,2010,0,2010-10-01,2010-10-06,0.0703013655809723,0.2693300945157485,0.1786413966102901,0.0947877152117827,0,,insufficient_data
Uttar_Pradesh,Pilibhit,2010,1,2010-10-06,2010-10-11,0.0633837997805644,0.2798569672574628,0.1716320070915378,0.0876991544293882,1,2.0,valid
Uttar_Pradesh,Pilibhit,2010,2,2010-10-11,2010-10-16,0.0772189313813802,0.2588032217740342,0.1856507861290424,0.1018762759941772,3,1.3333333333333333,valid
Uttar_Pradesh,Pilibhit,2010,3,2010-10-16,2010-10-21,0.09514556208494722,0.25648987095804004,0.2012238491566058,0.11802541802854699,0,,insufficient_data
Uttar_Pradesh,Pilibhit,2010,4,2010-10-21,2010-10-26,0.1293356469141342,0.2583472628072438,0.2165277648849517,0.1284183743545673,4,12.75,valid
Uttar_Pradesh,Pilibhit,2010,5,2010-10-26,2010-10-31,0.1106438702637101,0.2289520319934193,0.2310848385208912,0.1541078673360553,4,6.75,valid
Uttar_Pradesh,Pilibhit,2010,6,2010-10-31,2010-11-05,0.11931220230286173,0.22655756189586376,0.2320820910850802,0.157675176537464,0,,insufficient_data
Uttar_Pradesh,Pilibhit,2010,7,2010-11-05,2010-11-10,0.1157464430042789,0.2083645794774613,0.2313601969568097,0.1622505065749953,3,1.0,valid
Uttar_Pradesh,Pilibhit,2010,8,2010-11-10,2010-11-15,0.11597105409910424,0.21596099492540377,0.23726686648512305,0.1674274439317629,0,,insufficient_data
Uttar_Pradesh,Pilibhit,2010,9,2010-11-15,2010-11-20,0.1215228490293237,0.2105663733053307,0.2493555639776682,0.1859239578842381,2,3.0,valid
Uttar_Pradesh,Pilibhit,2010,10,2010-11-20,2010-11-25,0.11249259673348921,0.2118385654679691,0.23445971682786626,0.1690414898389671,0,,insufficient_data
Uttar_Pradesh,Pilibhit,2010,11,2010-11-25,2010-11-30,0.11140798130989267,0.21299656079813836,0.23549289011821842,0.17130515092695772,0,,insufficient_data
Uttar_Pradesh,Pilibhit,2010,12,2010-11-30,2010-12-05,0.1162832981955581,0.2157722205760492,0.2361407440755503,0.1739888014699779,2,0.5,valid
Uttar_Pradesh,Pilibhit,2010,13,2010-12-05,2010-12-10,0.0964177967047962,0.2126510885130352,0.2209823623014368,0.1540026934266572,3,7.666666666666667,valid
Uttar_Pradesh,Pilibhit,2010,14,2010-12-10,2010-12-15,0.09315295801796934,0.22602672346530386,0.20074423251193307,0.13326311643247407,0,,insufficient_data
Uttar_Pradesh,Pilibhit,2010,15,2010-12-15,2010-12-20,0.086131388242183,0.2260289615207051,0.1913621292277109,0.1188907758394967,2,0.5,valid
Uttar_Pradesh,Pilibhit,2010,16,2010-12-20,2010-12-25,0.0880781451550075,0.2242147691198261,0.1836582623840325,0.1140014127379117,1,0.0,valid
Uttar_Pradesh,Pilibhit,2010,17,2010-12-25,2010-12-30,0.0788541617923019,0.2514665775969037,0.171577664570935,0.1054318986883269,1,1.0,valid
Uttar_Pradesh,Pilibhit,2010,18,2010-12-30,2011-01-04,0.08890183264378143,0.24585434042929,0.17852809034874212,0.10765387499225983,0,,insufficient_data
Uttar_Pradesh,Pilibhit,2010,19,2011-01-04,2011-01-09,0.0898253141109809,0.25246280006548494,0.17425007738908582,0.10390824137651421,0,,insufficient_data
Uttar_Pradesh,Pilibhit,2010,20,2011-01-09,2011-01-14,0.0824580537871592,0.2649575877738418,0.1678450272742452,0.0978482065968223,0,,insufficient_data
Uttar_Pradesh,Pilibhit,2010,21,2011-01-14,2011-01-19,0.1025436353856333,0.281707053479725,0.16751430521229,0.092291412703304,2,16.0,valid
Uttar_Pradesh,Pilibhit,2010,22,2011-01-19,2011-01-24,0.10137038945354103,0.2895221483769847,0.1707035203349128,0.0974660999306125,0,,insufficient_data
Uttar_Pradesh,Pilibhit,2010,23,2011-01-24,2011-01-29,0.0659763641835424,0.2616991322448967,0.1644431120395106,0.095821308398836,2,2.5,valid
Uttar_Pradesh,Pilibhit,2010,24,2011-01-29,2011-02-03,0.09420102637876382,0.2939306160837284,0.1714889061425435,0.09903386675975058,0,,insufficient_data
Uttar_Pradesh,Pilibhit,2010,25,2011-02-03,2011-02-08,0.1355911687914474,0.3251602594063324,0.1801531437529378,0.1042855786896975,2,4.5,valid
Uttar_Pradesh,Pilibhit,2010,26,2011-02-08,2011-02-13,0.0726929371544322,0.3071560192039595,0.1738450635654356,0.1037371672471648,2,7.5,valid
Uttar_Pradesh,Pilibhit,2010,27,2011-02-13,2011-02-18,0.08958886140241447,0.3245992008213337,0.17210189077390395,0.09760402330205897,0,,insufficient_data
Uttar_Pradesh,Pilibhit,2010,28,2011-02-18,2011-02-23,0.0604824782613638,0.3414813238537091,0.1623074650033385,0.0847893239693146,2,2.0,valid
Uttar_Pradesh,Pilibhit,2010,29,2011-02-23,2011-02-28,0.06983463252987226,0.30910173428570903,0.16733803652366655,0.1005716764215115,0,,insufficient_data
Uttar_Pradesh,Pilibhit,2010,30,2011-02-28,2011-03-05,0.0698572769076318,0.3029683981444852,0.16560548377276546,0.10116757542670905,0,,insufficient_data
Uttar_Pradesh,Pilibhit,2010,31,2011-03-05,2011-03-10,0.0641231169564838,0.3223085732062818,0.1683863417211908,0.1048736869156222,2,1.0,valid
Uttar_Pradesh,Pilibhit,2010,32,2011-03-10,2011-03-15,0.0820399977472093,0.2654610208788856,0.1648132758047013,0.1088865275539444,2,0.0,valid
Uttar_Pradesh,Pilibhit,2010,33,2011-03-15,2011-03-20,0.0727835146654703,0.2826226746390642,0.1669148525618313,0.106120763267955,2,0.5,valid
Uttar_Pradesh,Pilibhit,2010,34,2011-03-20,2011-03-25,0.0808558627507788,0.2384008234547268,0.179839318065875,0.124497270083011,4,1.5,valid
Uttar_Pradesh,Pilibhit,2010,35,2011-03-25,2011-03-30,0.09191790494727534,0.24062038324529933,0.18442167725708086,0.1281497402853376,0,,insufficient_data
Uttar_Pradesh,Pilibhit,2010,36,2011-03-30,2011-04-04,0.0973247401512452,0.2064851615712944,0.1889631945413926,0.1353715406431356,2,0.5,valid
Uttar_Pradesh,Pilibhit,2010,37,2011-04-04,2011-04-09,0.126585409421673,0.2101322356825257,0.2215777453116041,0.165872599878642,2,10.0,valid
Uttar_Pradesh,Pilibhit,2010,38,2011-04-09,2011-04-14,0.13485320579834478,0.22634665855759145,0.2462126121002277,0.18463877983369606,0,,insufficient_data
Uttar_Pradesh,Pilibhit,2010,39,2011-04-14,2011-04-19,0.1609271421086867,0.2506397999603524,0.2848820406378379,0.208469954134867,2,10.5,valid
Uttar_Pradesh,Pilibhit,2010,40,2011-04-19,2011-04-24,0.1545755315117742,0.2381294370161932,0.2894274679100764,0.2288410246781396,1,0.0,valid
Uttar_Pradesh,Pilibhit,2010,41,2011-04-24,2011-04-29,0.15775133681023046,0.2443846184882728,0.28715475427395715,0.2186554894065033,0,,insufficient_data
Uttar_Pradesh,Pilibhit,2010,42,2011-04-29,2011-05-04,0.15775133681023046,0.2443846184882728,0.28715475427395715,0.2186554894065033,0,,insufficient_data
Uttar_Pradesh,Pilibhit,2011,0,2011-10-01,2011-10-06,0.1072648612495483,0.3487743028055529,0.1918253836568802,0.103165501744187,2,6.5,valid
Uttar_Pradesh,Pilibhit,2011,1,2011-10-06,2011-10-11,0.0770272107348574,0.2896097125000628,0.1867877861586852,0.098366894249053,2,1.5,valid
Uttar_Pradesh,Pilibhit,2011,2,2011-10-11,2011-10-16,0.09554873136260918,0.2798748990621316,0.19840217060184792,0.11588890253732065,0,,insufficient_data
Uttar_Pradesh,Pilibhit,2011,3,2011-10-16,2011-10-21,0.0822226781012494,0.2441904798994935,0.1989372166331852,0.1189680799788548,2,0.5,valid
Uttar_Pradesh,Pilibhit,2011,4,2011-10-21,2011-10-26,0.1156801753647816,0.2369251010434172,0.2160582959586411,0.1430551341771878,4,3.25,valid
Uttar_Pradesh,Pilibhit,2011,5,2011-10-26,2011-10-31,0.11270074902202283,0.22318213493381797,0.2157953549109235,0.14955375438130614,0,,insufficient_data
Uttar_Pradesh,Pilibhit,2011,6,2011-10-31,2011-11-05,0.1574975430461979,0.240199117224835,0.2268888514856914,0.1580749040478883,2,12.0,valid
Uttar_Pradesh,Pilibhit,2011,7,2011-11-05,2011-11-10,0.1063544828416965,0.1954990635000748,0.2091167910930477,0.1570165306175119,2,10.0,valid
Uttar_Pradesh,Pilibhit,2011,8,2011-11-10,2011-11-15,0.1017488657561887,0.1990969130012694,0.227975619384052,0.170654123085088,2,0.0,valid
Uttar_Pradesh,Pilibhit,2011,9,2011-11-15,2011-11-20,0.1569043213161448,0.2289265097372716,0.2281428420203225,0.1690685793945206,2,5.0,valid
Uttar_Pradesh,Pilibhit,2011,10,2011-11-20,2011-11-25,0.11503536701483334,0.20824927760033046,0.21928832055916114,0.16318872796764944,0,,insufficient_data
Uttar_Pradesh,Pilibhit,2011,11,2011-11-25,2011-11-30,0.1018358896752412,0.208586531893528,0.2270417402939192,0.1748998662611659,2,0.0,valid
Uttar_Pradesh,Pilibhit,2011,12,2011-11-30,2011-12-05,0.1083332754848955,0.2091373698695085,0.2041646100044644,0.1443045404799607,2,0.0,valid
Uttar_Pradesh,Pilibhit,2011,13,2011-12-05,2011-12-10,0.10508458258006835,0.20886195088151827,0.2156031751491918,0.1596022033705633,0,,insufficient_data
Uttar_Pradesh,Pilibhit,2011,14,2011-12-10,2011-12-15,0.08906598674585203,0.21420335423777212,0.19853328815787394,0.13932919804674004,0,,insufficient_data
Uttar_Pradesh,Pilibhit,2011,15,2011-12-15,2011-12-20,0.08268103528115744,0.21701176540989414,0.1842790620898513,0.1215438639395271,0,,insufficient_data
Uttar_Pradesh,Pilibhit,2011,16,2011-12-20,2011-12-25,0.0570287950774194,0.2248861609502798,0.1643935141752382,0.0987831873990935,0,,insufficient_data
Uttar_Pradesh,Pilibhit,2011,17,2011-12-25,2011-12-30,0.0570287950774194,0.2248861609502798,0.1643935141752382,0.0987831873990935,2,0.0,valid
Uttar_Pradesh,Pilibhit,2011,18,2011-12-30,2012-01-04,0.05707644651928445,0.25005210789417515,0.15708647776684315,0.0898741791014199,0,,insufficient_data
Uttar_Pradesh,Pilibhit,2011,19,2012-01-04,2012-01-09,0.0718263771866329,0.25969467939122254,0.15951631600253915,0.09158230479940281,0,,insufficient_data
Uttar_Pradesh,Pilibhit,2011,20,2012-01-09,2012-01-14,0.0571240979611495,0.2752180548380705,0.1497794413584481,0.0809651708037463,2,5.5,valid
Uttar_Pradesh,Pilibhit,2011,21,2012-01-14,2012-01-19,0.07068932854061594,0.28570691421279487,0.1586667561655344,0.08981759759239953,0,,insufficient_data
Uttar_Pradesh,Pilibhit,2011,22,2012-01-19,2012-01-24,0.1013262385213298,0.2789798223853174,0.1643759924739312,0.0949985561953686,2,16.0,valid
Uttar_Pradesh,Pilibhit,2011,23,2012-01-24,2012-01-29,0.0706178830629996,0.28163760140987215,0.16066674210062853,0.09279882937590292,0,,insufficient_data
Uttar_Pradesh,Pilibhit,2011,24,2012-01-29,2012-02-03,0.0536176491393685,0.3029228654149967,0.1618448346642239,0.0934890657780837,2,0.5,valid
Uttar_Pradesh,Pilibhit,2011,25,2012-02-03,2012-02-08,0.0704035466301506,0.269429663001104,0.166666699905911,0.1017425247264131,1,2.0,valid
Uttar_Pradesh,Pilibhit,2011,26,2012-02-08,2012-02-13,0.07155280783645969,0.28762445764164163,0.1673938032435073,0.10297480328549151,0,,insufficient_data
Uttar_Pradesh,Pilibhit,2011,27,2012-02-13,2012-02-18,0.07034696874694588,0.29225242430819126,0.1684360082772079,0.10492798492400893,0,,insufficient_data
Uttar_Pradesh,Pilibhit,2011,28,2012-02-18,2012-02-23,0.09063722773986,0.2905208445088243,0.1736698751603871,0.1136928193519777,2,18.5,valid
Uttar_Pradesh,Pilibhit,2011,29,2012-02-23,2012-02-28,0.09204683548531334,0.2941464509384468,0.1788379211766292,0.11873970232855895,0,,insufficient_data
Uttar_Pradesh,Pilibhit,2011,30,2012-02-28,2012-03-04,0.0667294514784044,0.3061363243078401,0.1715626233783097,0.1107875298395612,2,1.5,valid
Uttar_Pradesh,Pilibhit,2011,31,2012-03-04,2012-03-09,0.1187738272376756,0.2857821839986761,0.1912812649911908,0.1317387577941379,1,0.0,valid
Uttar_Pradesh,Pilibhit,2011,32,2012-03-09,2012-03-14,0.10031870574956457,0.2681806662252896,0.18554860544814297,0.1285072417780068,0,,insufficient_data
Uttar_Pradesh,Pilibhit,2011,33,2012-03-14,2012-03-19,0.1040186544245322,0.2601166784966064,0.1841998686277569,0.127104556797252,2,1.0,valid
Uttar_Pradesh,Pilibhit,2011,34,2012-03-19,2012-03-24,0.11447722020578378,0.24223340217126596,0.19557781290729043,0.1406448143695756,0,,insufficient_data
Uttar_Pradesh,Pilibhit,2011,35,2012-03-24,2012-03-29,0.1117528898576461,0.2206874780980358,0.1951506647953145,0.1443981226810761,2,0.0,valid
Uttar_Pradesh,Pilibhit,2011,36,2012-03-29,2012-04-03,0.1233635093032812,0.2023472680917455,0.2116794532148995,0.1593378202058364,2,7.0,valid
Uttar_Pradesh,Pilibhit,2011,37,2012-04-03,2012-04-08,0.13360709118024994,0.22122778002394847,0.23323037002622532,0.17601290322842267,0,,insufficient_data
Uttar_Pradesh,Pilibhit,2011,38,2012-04-08,2012-04-13,0.138734331123058,0.2155365607863709,0.2378487274158845,0.1812501323319129,2,14.5,valid
Uttar_Pradesh,Pilibhit,2011,39,2012-04-13,2012-04-18,0.14407275459911145,0.22588962991893957,0.25570850023871045,0.19557641351779995,0,,insufficient_data
Uttar_Pradesh,Pilibhit,2011,40,2012-04-18,2012-04-23,0.1605776344370144,0.2463398131196416,0.2882426346788028,0.2190655376948652,2,7.0,valid
Uttar_Pradesh,Pilibhit,2011,41,2012-04-23,2012-04-28,0.1536155435330922,0.2393348776780003,0.285063185645255,0.2226521638385853,2,6.5,valid
Uttar_Pradesh,Pilibhit,2011,42,2012-04-28,2012-05-03,0.1570965889850533,0.24283734539882096,0.2866529101620289,0.22085885076672523,0,,insufficient_data
Uttar_Pradesh,Pilibhit,2012,0,2012-10-01,2012-10-06,0.0662897869435036,0.3054255244927377,0.1644006425824472,0.077182395267328,2,9.0,valid
Uttar_Pradesh,Pilibhit,2012,1,2012-10-06,2012-10-11,0.07062736659689517,0.28429912754428976,0.17594386759845582,0.09216262831918676,0,,insufficient_data
Uttar_Pradesh,Pilibhit,2012,2,2012-10-11,2012-10-16,0.0653155393681727,0.2835072976093444,0.1745733984856,0.0903926340558491,2,2.0,valid
Uttar_Pradesh,Pilibhit,2012,3,2012-10-16,2012-10-21,0.0802767734790092,0.2639645605307872,0.1888575617273203,0.1089128556343832,2,1.0,valid
Uttar_Pradesh,Pilibhit,2012,4,2012-10-21,2012-10-26,0.09853151871249213,0.2670538397973014,0.20192126493932275,0.12271745811505858,0,,insufficient_data
Uttar_Pradesh,Pilibhit,2012,5,2012-10-26,2012-10-31,0.0951993567077775,0.2599670400461105,0.2154517618940475,0.1348042035330044,2,0.5,valid
Uttar_Pradesh,Pilibhit,2012,6,2012-10-31,2012-11-05,0.1533344052950091,0.2607764610029635,0.2288023376503232,0.1567601392369976,2,3.5,valid
Uttar_Pradesh,Pilibhit,2012,7,2012-11-05,2012-11-10,0.11890695003899002,0.2399515778901019,0.22731272782793216,0.1603843415982368,0,,insufficient_data
Uttar_Pradesh,Pilibhit,2012,8,2012-11-10,2012-11-15,0.121483443151031,0.2314751516633309,0.2411450984017356,0.1802769790255243,2,1.5,valid
Uttar_Pradesh,Pilibhit,2012,9,2012-11-15,2012-11-20,0.1056105950021425,0.2075876588480028,0.2238517133656224,0.1696960445974209,2,0.0,valid
Uttar_Pradesh,Pilibhit,2012,10,2012-11-20,2012-11-25,0.11166960235716467,0.21840196503808484,0.23352459544711798,0.1779887291386039,0,,insufficient_data
Uttar_Pradesh,Pilibhit,2012,11,2012-11-25,2012-11-30,0.1079147689183205,0.2161430846029208,0.2355769745739959,0.1839931637928664,2,0.5,valid
Uttar_Pradesh,Pilibhit,2012,12,2012-11-30,2012-12-05,0.11924954193900746,0.20874198152392612,0.20892977625769352,0.1545013187008981,0,,insufficient_data
Uttar_Pradesh,Pilibhit,2012,13,2012-12-05,2012-12-10,0.12606901540743995,0.2093191428618878,0.2014688077037291,0.1469039557526367,0,,insufficient_data
Uttar_Pradesh,Pilibhit,2012,14,2012-12-10,2012-12-15,0.1442232618965594,0.2024952011208548,0.1673606408334623,0.109814747712407,1,25.0,valid
Uttar_Pradesh,Pilibhit,2012,15,2012-12-15,2012-12-20,0.11542530596510114,0.2294160410675291,0.17201580613145626,0.1083390009588992,0,,insufficient_data
Uttar_Pradesh,Pilibhit,2012,16,2012-12-20,2012-12-25,0.11542530596510114,0.2294160410675291,0.17201580613145626,0.1083390009588992,0,,insufficient_data
Uttar_Pradesh,Pilibhit,2012,17,2012-12-25,2012-12-30,0.11542530596510114,0.2294160410675291,0.17201580613145626,0.1083390009588992,0,,insufficient_data
Uttar_Pradesh,Pilibhit,2012,18,2012-12-30,2013-01-04,0.0866273500336429,0.2563368810142034,0.1766709714294502,0.1068632542053914,1,7.0,valid
Uttar_Pradesh,Pilibhit,2012,19,2013-01-04,2013-01-09,0.1034326362197744,0.2603409485799244,0.17303353046229275,0.10390704594892736,0,,insufficient_data
Uttar_Pradesh,Pilibhit,2012,20,2013-01-09,2013-01-14,0.1034326362197744,0.2603409485799244,0.17303353046229275,0.10390704594892736,0,,insufficient_data
Uttar_Pradesh,Pilibhit,2012,21,2013-01-14,2013-01-19,0.1202379224059059,0.2643450161456454,0.1693960894951353,0.1009508376924633,2,13.5,valid
Uttar_Pradesh,Pilibhit,2012,22,2013-01-19,2013-01-24,0.08532461824523636,0.27668037379013566,0.16222695346254778,0.0931121323845502,0,,insufficient_data
Uttar_Pradesh,Pilibhit,2012,23,2013-01-24,2013-01-29,0.08532461824523636,0.27668037379013566,0.16222695346254778,0.0931121323845502,0,,insufficient_data
Uttar_Pradesh,Pilibhit,2012,24,2013-01-29,2013-02-03,0.0799068778125277,0.2905950006193297,0.1673728606323191,0.0983087724650881,1,12.0,valid
Uttar_Pradesh,Pilibhit,2012,25,2013-02-03,2013-02-08,0.0558290545172755,0.2751011046054319,0.149911910260189,0.0800767869960992,2,4.0,valid
Uttar_Pradesh,Pilibhit,2012,26,2013-02-08,2013-02-13,0.0678679661649016,0.2828480526123808,0.15864238544625403,0.08919277973059364,0,,insufficient_data
Uttar_Pradesh,Pilibhit,2012,27,2013-02-13,2013-02-18,0.06545496287875309,0.28984884821905055,0.16208098180034566,0.09274131404662517,0,,insufficient_data
Uttar_Pradesh,Pilibhit,2012,28,2013-02-18,2013-02-23,0.058229005411865806,0.289475772018911,0.15943504238435896,0.0899575848373937,0,,insufficient_data
Uttar_Pradesh,Pilibhit,2012,29,2013-02-23,2013-02-28,0.06829347759840035,0.2856772663535428,0.172527312041865,0.1068111997165671,0,,insufficient_data
Uttar_Pradesh,Pilibhit,2012,30,2013-02-28,2013-03-05,0.0606289563064561,0.3038504394323901,0.1689581745085289,0.0998383826786882,2,4.5,valid
Uttar_Pradesh,Pilibhit,2012,31,2013-03-05,2013-03-10,0.08548794189475839,0.2812289523760594,0.17733372649127163,0.11433375954106888,0,,insufficient_data
Uttar_Pradesh,Pilibhit,2012,32,2013-03-10,2013-03-15,0.0759579988903446,0.2675040932746955,0.1760964495752011,0.113784016754446,2,3.0,valid
Uttar_Pradesh,Pilibhit,2012,33,2013-03-15,2013-03-20,0.08548794189475839,0.2812289523760594,0.17733372649127163,0.11433375954106888,0,,insufficient_data
Uttar_Pradesh,Pilibhit,2012,34,2013-03-20,2013-03-25,0.1198768704874745,0.2723323244210925,0.1869465553900849,0.1293788791900724,1,9.0,valid
Uttar_Pradesh,Pilibhit,2012,35,2013-03-25,2013-03-30,0.11948230996867637,0.25105561936176185,0.22062640824069568,0.15846884642120432,0,,insufficient_data
Uttar_Pradesh,Pilibhit,2012,36,2013-03-30,2013-04-04,0.13399041366145362,0.2455727947241173,0.23546972779586053,0.1733637896434571,0,,insufficient_data
Uttar_Pradesh,Pilibhit,2012,37,2013-04-04,2013-04-09,0.1261586948085102,0.2196317751474945,0.2455421477835228,0.1865362149754854,2,0.5,valid
Uttar_Pradesh,Pilibhit,2012,38,2013-04-09,2013-04-14,0.1559356756883762,0.2447542846037649,0.2739204802139739,0.2041762747648135,2,0.0,valid
Uttar_Pradesh,Pilibhit,2012,39,2013-04-14,2013-04-19,0.1410471852484432,0.23219302987562968,0.2597313139987484,0.19535624487014946,0,,insufficient_data
Uttar_Pradesh,Pilibhit,2012,40,2013-04-19,2013-04-24,0.1410471852484432,0.23219302987562968,0.2597313139987484,0.19535624487014946,0,,insufficient_data
Uttar_Pradesh,Pilibhit,2012,41,2013-04-24,2013-04-29,0.1559356756883762,0.2447542846037649,0.2739204802139739,0.2041762747648135,0,,insufficient_data
Uttar_Pradesh,Pilibhit,2012,42,2013-04-29,2013-05-04,,,,,0,,insufficient_data
Uttar_Pradesh,Pilibhit,2013,0,2013-10-01,2013-10-06,0.0498823453817186,0.2840278913297775,0.1574673520380346,0.0709271690926227,1,10.0,valid
Uttar_Pradesh,Pilibhit,2013,1,2013-10-06,2013-10-11,0.06443702914739341,0.27654509000700284,0.17435749417154645,0.0900268941113291,0,,insufficient_data
Uttar_Pradesh,Pilibhit,2013,2,2013-10-11,2013-10-16,0.0582131558223304,0.2825930606047182,0.1694649535870794,0.0866185247584392,2,8.285,valid
Uttar_Pradesh,Pilibhit,2013,3,2013-10-16,2013-10-21,0.07428560919063296,0.2686909015520402,0.18349792984981722,0.10243876182081355,0,,insufficient_data
Uttar_Pradesh,Pilibhit,2013,4,2013-10-21,2013-10-26,0.0852155862381312,0.2630143180865127,0.1961401768895254,0.1125349884829254,4,0.3325,valid
Uttar_Pradesh,Pilibhit,2013,5,2013-10-26,2013-10-31,0.1038313493203516,0.2451283361871522,0.2109192368846295,0.1396743649492669,4,3.3325,valid
Uttar_Pradesh,Pilibhit,2013,6,2013-10-31,2013-11-05,0.09652683046126115,0.230094503033225,0.21654336917472233,0.1516170436579482,0,,insufficient_data
Uttar_Pradesh,Pilibhit,2013,7,2013-11-05,2013-11-10,0.0916834477956173,0.2223960379240368,0.2204792651089933,0.157830015991267,2,1.85,valid
Uttar_Pradesh,Pilibhit,2013,8,2013-11-10,2013-11-15,0.0975930141274114,0.2138753972793287,0.2209459061472848,0.1689473385114923,2,4.4,valid
Uttar_Pradesh,Pilibhit,2013,9,2013-11-15,2013-11-20,0.1043107548247943,0.2060584256890945,0.2342322608431785,0.1790985103547895,2,0.5,valid
Uttar_Pradesh,Pilibhit,2013,10,2013-11-20,2013-11-25,0.1087118715478245,0.2137978177472926,0.2262514565171002,0.1714350992373315,4,0.3274999999999999,valid
Uttar_Pradesh,Pilibhit,2013,11,2013-11-25,2013-11-30,0.09749693539574138,0.21055186540528809,0.2163758363177239,0.1611974146360685,0,,insufficient_data
Uttar_Pradesh,Pilibhit,2013,12,2013-11-30,2013-12-05,0.0930641500168499,0.2082590562225867,0.2060005561381646,0.1535467300547604,4,0.5525,valid
Uttar_Pradesh,Pilibhit,2013,13,2013-12-05,2013-12-10,0.0838048864618268,0.2107686300881379,0.1944490019428914,0.1329593950219688,4,0.2825,valid
Uttar_Pradesh,Pilibhit,2013,14,2013-12-10,2013-12-15,0.08702839957603777,0.218703166992215,0.18609463209275007,0.1280758677347785,0,,insufficient_data
Uttar_Pradesh,Pilibhit,2013,15,2013-12-15,2013-12-20,0.1039664908574344,0.2321693210040532,0.1750258344499724,0.1137839175755979,2,5.6,valid
Uttar_Pradesh,Pilibhit,2013,16,2013-12-20,2013-12-25,0.078539836221766,0.22695326468075624,0.17184146140274867,0.11113421132368823,0,,insufficient_data
Uttar_Pradesh,Pilibhit,2013,17,2013-12-25,2013-12-30,0.06727807096804,0.2236156606540822,0.1689031358399718,0.1120134282867868,1,20.68,valid
Uttar_Pradesh,Pilibhit,2013,18,2013-12-30,2014-01-04,0.0591098965997628,0.2412594469767517,0.148987873378159,0.0857801044103994,1,4.21,valid
Uttar_Pradesh,Pilibhit,2013,19,2014-01-04,2014-01-09,0.06648219166128004,0.2509463320400032,0.1633454269200617,0.10206249853902076,0,,insufficient_data
Uttar_Pradesh,Pilibhit,2013,20,2014-01-09,2014-01-14,0.0730586074160373,0.2879638884891758,0.1721452715420543,0.1083939629198761,1,11.48,valid
Uttar_Pradesh,Pilibhit,2013,21,2014-01-14,2014-01-19,0.06608425200790005,0.26461166773296374,0.16056657246010664,0.09708703366513775,0,,insufficient_data
Uttar_Pradesh,Pilibhit,2013,22,2014-01-19,2014-01-24,0.0730586074160373,0.2879638884891758,0.1721452715420543,0.1083939629198761,0,,insufficient_data
Uttar_Pradesh,Pilibhit,2013,23,2014-01-24,2014-01-29,0.0633021265152628,0.3027808083567619,0.16779722307402606,0.10358842863814266,0,,insufficient_data
Uttar_Pradesh,Pilibhit,2013,24,2014-01-29,2014-02-03,0.0535456456144883,0.317597728224348,0.1634491746059978,0.0987828943564092,0,,insufficient_data
Uttar_Pradesh,Pilibhit,2013,25,2014-02-03,2014-02-08,0.05614381837358075,0.3148082060485154,0.16048013775194458,0.0974337182913863,0,,insufficient_data
Uttar_Pradesh,Pilibhit,2013,26,2014-02-08,2014-02-13,0.0535456456144883,0.317597728224348,0.1634491746059978,0.0987828943564092,3,5.796666666666667,valid
Uttar_Pradesh,Pilibhit,2013,27,2014-02-13,2014-02-18,0.05631050595700023,0.3222830169491933,0.16557831188647143,0.09974296715388258,0,,insufficient_data
Uttar_Pradesh,Pilibhit,2013,28,2014-02-18,2014-02-23,0.0587419911326732,0.3120186838726828,0.1575111008978914,0.0960845422263634,3,7.026666666666666,valid
Uttar_Pradesh,Pilibhit,2013,29,2014-02-23,2014-02-28,0.0566438811238392,0.3372326387505491,0.1757746601555251,0.1043614648788751,1,9.8,valid
Uttar_Pradesh,Pilibhit,2013,30,2014-02-28,2014-03-05,0.06314036471607298,0.2994474851687363,0.16957283425151812,0.10633426171968337,0,,insufficient_data
Uttar_Pradesh,Pilibhit,2013,31,2014-03-05,2014-03-10,0.061615539224801,0.2926281421286763,0.1636882802725684,0.1014049743987509,4,1.585,valid
Uttar_Pradesh,Pilibhit,2013,32,2014-03-10,2014-03-15,0.0715117585386563,0.2700230912063182,0.1769777997813285,0.114782551280782,2,0.0,valid
Uttar_Pradesh,Pilibhit,2013,33,2014-03-15,2014-03-20,0.0671886535603952,0.2853348698854552,0.1739123301502773,0.1150377758136455,2,1.55,valid
Uttar_Pradesh,Pilibhit,2013,34,2014-03-20,2014-03-25,0.0897274921398305,0.2504546788516292,0.1862060757460056,0.1289439266957943,4,6.9025,valid
Uttar_Pradesh,Pilibhit,2013,35,2014-03-25,2014-03-30,0.0911793799651561,0.25139582940164235,0.19174370450162062,0.13255443159558483,0,,insufficient_data
Uttar_Pradesh,Pilibhit,2013,36,2014-03-30,2014-04-04,0.110359435024146,0.2296838124447916,0.1990677900710894,0.1458089357392157,4,13.7725,valid
Uttar_Pradesh,Pilibhit,2013,37,2014-04-04,2014-04-09,0.1171095605627525,0.2214826946200174,0.2225545267594022,0.1581989684484866,4,5.1175,valid
Uttar_Pradesh,Pilibhit,2013,38,2014-04-09,2014-04-14,0.13335106216957596,0.23468681401871136,0.25131519702028815,0.18985715171146128,0,,insufficient_data
Uttar_Pradesh,Pilibhit,2013,39,2014-04-14,2014-04-19,0.144523573576754,0.2335195145602892,0.2623531230837148,0.1955534325081513,2,12.0,valid
Uttar_Pradesh,Pilibhit,2013,40,2014-04-19,2014-04-24,0.1390155323353856,0.2452523909662088,0.2786139129363488,0.2188825392138632,2,0.51,valid
Uttar_Pradesh,Pilibhit,2013,41,2014-04-24,2014-04-29,0.1557472093488417,0.2434956575022499,0.2939866322508858,0.2308418826475897,2,1.0,valid
Uttar_Pradesh,Pilibhit,2013,42,2014-04-29,2014-05-04,0.14642877175366042,0.24075585434291594,0.27831788942364977,0.21509261812320143,0,,insufficient_data
Uttar_Pradesh,Pilibhit,2014,0,2014-10-01,2014-10-06,0.07241165850715635,0.2946655813571004,0.17899206059874695,0.09590915603115285,0,,insufficient_data
Uttar_Pradesh,Pilibhit,2014,1,2014-10-06,2014-10-11,0.0722803350608657,0.3126317146284633,0.1781288135006085,0.0914049765514717,4,6.6975,valid
Uttar_Pradesh,Pilibhit,2014,2,2014-10-11,2014-10-16,0.09391193317459613,0.28878030013778616,0.19182578827582406,0.10918026661280378,0,,insufficient_data
Uttar_Pradesh,Pilibhit,2014,3,2014-10-16,2014-10-21,0.072542981953447,0.2766994480857375,0.1798553076968854,0.100413335510834,3,3.4599999999999995,valid
Uttar_Pradesh,Pilibhit,2014,4,2014-10-21,2014-10-26,0.1369124825094757,0.2770097376991577,0.2174932436299782,0.1357224877761056,4,3.4925,valid
Uttar_Pradesh,Pilibhit,2014,5,2014-10-26,2014-10-31,0.1073888234966021,0.24763506234392252,0.2203974325878733,0.15141926931078328,0,,insufficient_data
Uttar_Pradesh,Pilibhit,2014,6,2014-10-31,2014-11-05,0.1012619709079772,0.239745434411735,0.2310610458434037,0.1593089500004764,2,1.0,valid
Uttar_Pradesh,Pilibhit,2014,7,2014-11-05,2014-11-10,0.1207376842943377,0.2198144120160798,0.2359654725413994,0.1757800864850162,2,1.0,valid
Uttar_Pradesh,Pilibhit,2014,8,2014-11-10,2014-11-15,0.1054889978177729,0.2249062795069025,0.2376120932276997,0.1858714867814842,2,0.505,valid
Uttar_Pradesh,Pilibhit,2014,9,2014-11-15,2014-11-20,0.1058699601690544,0.2114877308891861,0.2284437966295211,0.1811204554135548,4,0.445,valid
Uttar_Pradesh,Pilibhit,2014,10,2014-11-20,2014-11-25,0.10700000509237775,0.215210491928915,0.223188863799107,0.17110301438502185,0,,insufficient_data
Uttar_Pradesh,Pilibhit,2014,11,2014-11-25,2014-11-30,0.1057687872844733,0.2065892223646298,0.2223462514998239,0.1726816104804861,4,0.4875,valid
Uttar_Pradesh,Pilibhit,2014,12,2014-11-30,2014-12-05,0.0971345958962504,0.2132548148677769,0.1915767050970908,0.1400614327645679,3,9.956666666666669,valid
Uttar_Pradesh,Pilibhit,2014,13,2014-12-05,2014-12-10,0.09412266558015518,0.20974867861914218,0.19924271615418457,0.14620698153442513,0,,insufficient_data
Uttar_Pradesh,Pilibhit,2014,14,2014-12-10,2014-12-15,0.0794646135597418,0.2094019986250199,0.183805191865639,0.1258779013582214,4,0.2175,valid
Uttar_Pradesh,Pilibhit,2014,15,2014-12-15,2014-12-20,0.0882996047279961,0.2113284067463984,0.18769094848136492,0.13296966706139465,0,,insufficient_data
Uttar_Pradesh,Pilibhit,2014,16,2014-12-20,2014-12-25,0.0794646135597418,0.2094019986250199,0.183805191865639,0.1258779013582214,0,,insufficient_data
Uttar_Pradesh,Pilibhit,2014,17,2014-12-25,2014-12-30,0.06927781414005475,0.235642393570146,0.17008586646015905,0.10792784790711155,0,,insufficient_data
Uttar_Pradesh,Pilibhit,2014,18,2014-12-30,2015-01-04,0.0590910147203677,0.2618827885152721,0.1563665410546791,0.0899777944560017,0,,insufficient_data
Uttar_Pradesh,Pilibhit,2014,19,2015-01-04,2015-01-09,0.06025406050997905,0.28520411791086575,0.15808538216217466,0.08957792908046194,0,,insufficient_data
Uttar_Pradesh,Pilibhit,2014,20,2015-01-09,2015-01-14,0.0590910147203677,0.2618827885152721,0.1563665410546791,0.0899777944560017,2,16.494999999999997,valid
Uttar_Pradesh,Pilibhit,2014,21,2015-01-14,2015-01-19,0.06025406050997905,0.28520411791086575,0.15808538216217466,0.08957792908046194,0,,insufficient_data
Uttar_Pradesh,Pilibhit,2014,22,2015-01-19,2015-01-24,0.0614171062995904,0.3085254473064595,0.1598042232696702,0.0891780637049222,1,11.0,valid
Uttar_Pradesh,Pilibhit,2014,23,2015-01-24,2015-01-29,0.1288916057223754,0.35306600847409647,0.20598520707879223,0.13089747260826548,0,,insufficient_data
Uttar_Pradesh,Pilibhit,2014,24,2015-01-29,2015-02-03,0.13959234044197277,0.37025367297836104,0.207503807203537,0.13209800785465273,0,,insufficient_data
Uttar_Pradesh,Pilibhit,2014,25,2015-02-03,2015-02-08,0.2661666961471681,0.4887897896005581,0.3017848569120274,0.2135365596638726,1,12.0,valid
Uttar_Pradesh,Pilibhit,2014,26,2015-02-08,2015-02-13,0.13818640510977478,0.36631275813292935,0.20611299991709178,0.13376766675159132,0,,insufficient_data
Uttar_Pradesh,Pilibhit,2014,27,2015-02-13,2015-02-18,0.0911932188791598,0.3134457820280656,0.1609223414289134,0.0935794001951633,4,1.5825,valid
Uttar_Pradesh,Pilibhit,2014,28,2015-02-18,2015-02-23,0.0571993003029964,0.2967027027701643,0.1556318014103346,0.0941870403957381,4,0.295,valid
Uttar_Pradesh,Pilibhit,2014,29,2015-02-23,2015-02-28,0.06871183845119909,0.295216550480279,0.1615750699846768,0.09549610718905929,0,,insufficient_data
Uttar_Pradesh,Pilibhit,2014,30,2015-02-28,2015-03-05,0.06973109504184227,0.28681769850503674,0.16528529973755332,0.09970088183614509,0,,insufficient_data
Uttar_Pradesh,Pilibhit,2014,31,2015-03-05,2015-03-10,0.0590465333133782,0.2764373478448578,0.1583178830593765,0.0942879227573034,2,5.14,valid
Uttar_Pradesh,Pilibhit,2014,32,2015-03-10,2015-03-15,0.067408301309262,0.2942803692780282,0.1714282540400827,0.0999300654080324,2,1.0,valid
Uttar_Pradesh,Pilibhit,2014,33,2015-03-15,2015-03-20,0.073808121404415,0.2532222906040677,0.1801262187490594,0.1165199804244883,4,1.41,valid
Uttar_Pradesh,Pilibhit,2014,34,2015-03-20,2015-03-25,0.08311407923526803,0.25131442229914447,0.18512403654723336,0.12103589353239548,0,,insufficient_data
Uttar_Pradesh,Pilibhit,2014,35,2015-03-25,2015-03-30,0.0944578065008147,0.2225302461742602,0.1920524212552835,0.1350208296946732,4,7.337499999999999,valid
Uttar_Pradesh,Pilibhit,2014,36,2015-03-30,2015-04-04,0.1208496336484703,0.2101018575945087,0.2236954056323647,0.1594206693774801,2,8.5,valid
Uttar_Pradesh,Pilibhit,2014,37,2015-04-04,2015-04-09,0.12082913287249282,0.22436929804469602,0.24595506479339707,0.18450601438339553,0,,insufficient_data
Uttar_Pradesh,Pilibhit,2014,38,2015-04-09,2015-04-14,0.1172821222310078,0.2241794032721247,0.2585984220354503,0.1996610690308728,2,0.005,valid
Uttar_Pradesh,Pilibhit,2014,39,2015-04-14,2015-04-19,0.1370950558383107,0.2244907382132535,0.2755547167326286,0.2133780580890313,2,0.5,valid
Uttar_Pradesh,Pilibhit,2014,40,2015-04-19,2015-04-24,0.1344610461438605,0.2405442449693331,0.2798743583112581,0.2150494457249202,2,0.3349999999999999,valid
Uttar_Pradesh,Pilibhit,2014,41,2015-04-24,2015-04-29,0.1674123136365564,0.2619646090753302,0.3199016826262695,0.2457547313450222,2,3.9,valid
Uttar_Pradesh,Pilibhit,2014,42,2015-04-29,2015-05-04,0.14632280520624252,0.24233319741930562,0.2917769192233854,0.2247274117196579,0,,insufficient_data
Uttar_Pradesh,Pilibhit,2015,0,2015-10-01,2015-10-06,0.0593824031839412,0.2959304431887472,0.1679577298723941,0.089596282760386,4,1.2975,valid
Uttar_Pradesh,Pilibhit,2015,1,2015-10-06,2015-10-11,0.0803483829183053,0.2724800520186505,0.19006333022689706,0.1091201322992788,0,,insufficient_data
Uttar_Pradesh,Pilibhit,2015,2,2015-10-11,2015-10-16,0.0869546059400618,0.26772846089914,0.1948059260248509,0.1103861054260255,3,4.943333333333333,valid
Uttar_Pradesh,Pilibhit,2015,3,2015-10-16,2015-10-21,0.0947081396309129,0.2537812519680643,0.2074263347834462,0.1273780087114249,4,3.3775,valid
Uttar_Pradesh,Pilibhit,2015,4,2015-10-21,2015-10-26,0.09568886711178681,0.24110524831635124,0.2115240924310688,0.13697863547103292,0,,insufficient_data
Uttar_Pradesh,Pilibhit,2015,5,2015-10-26,2015-10-31,0.0998387011250762,0.2212872128072084,0.2272704547430801,0.1543816702653376,2,0.5,valid
Uttar_Pradesh,Pilibhit,2015,6,2015-10-31,2015-11-05,0.1012540217510963,0.2216240675909923,0.2165936541728979,0.1557687574813437,2,4.385,valid
Uttar_Pradesh,Pilibhit,2015,7,2015-11-05,2015-11-10,0.10362986584943387,0.21472655242371425,0.2261636624983182,0.16775233409823492,0,,insufficient_data
Uttar_Pradesh,Pilibhit,2015,8,2015-11-10,2015-11-15,0.1079364787357553,0.2097937310333797,0.2347764363174952,0.1812403505653667,4,3.5825,valid
Uttar_Pradesh,Pilibhit,2015,9,2015-11-15,2015-11-20,0.10443143287461404,0.21324570786389568,0.22551617747279595,0.17311064958322886,0,,insufficient_data
Uttar_Pradesh,Pilibhit,2015,10,2015-11-20,2015-11-25,0.1054902617858077,0.2062011982632765,0.2260141047597997,0.1796185580808917,4,2.6125,valid
Uttar_Pradesh,Pilibhit,2015,11,2015-11-25,2015-11-30,0.1030449692257969,0.2153638345679343,0.2246805146409911,0.1758149322053134,3,8.206666666666667,valid
Uttar_Pradesh,Pilibhit,2015,12,2015-11-30,2015-12-05,0.09706378223504272,0.2163866665695257,0.20663761586586454,0.15498401740906953,0,,insufficient_data
Uttar_Pradesh,Pilibhit,2015,13,2015-12-05,2015-12-10,0.1078468691653467,0.2218559255602505,0.1988207346383821,0.1422310352344483,4,9.49,valid
Uttar_Pradesh,Pilibhit,2015,14,2015-12-10,2015-12-15,0.09033312632007365,0.2230887029799546,0.19199662172324067,0.13760115183934432,1,11.0,missing_bands
Uttar_Pradesh,Pilibhit,2015,15,2015-12-15,2015-12-20,0.0718730287632196,0.2221257078866416,0.1770351094242852,0.1222715441156247,1,14.22,valid
Uttar_Pradesh,Pilibhit,2015,16,2015-12-20,2015-12-25,0.0785676381259314,0.2330093439049921,0.1674501281893044,0.1100870958019909,4,4.34,valid
Uttar_Pradesh,Pilibhit,2015,17,2015-12-25,2015-12-30,0.07782437795983305,0.23779981436128605,0.1676929845047268,0.10845126677345421,0,,insufficient_data
Uttar_Pradesh,Pilibhit,2015,18,2015-12-30,2016-01-04,0.0755873848112486,0.2388224261722617,0.16459176574334,0.1011242272567795,4,11.695,valid
Uttar_Pradesh,Pilibhit,2015,19,2016-01-04,2016-01-09,0.0852694601389326,0.2572417794812489,0.1616949346619776,0.1003221999194217,4,3.595,valid
Uttar_Pradesh,Pilibhit,2015,20,2016-01-09,2016-01-14,0.1393749972580617,0.2804143226417654,0.1997500287695241,0.13223607378374846,0,,insufficient_data
Uttar_Pradesh,Pilibhit,2015,21,2016-01-14,2016-01-19,0.11771217093627513,0.2872864258180292,0.18726609483681747,0.12162828889351522,0,,insufficient_data
Uttar_Pradesh,Pilibhit,2015,22,2016-01-19,2016-01-24,0.13175376631128397,0.30344109236661837,0.1948242045346433,0.12846297610576046,0,,insufficient_data
Uttar_Pradesh,Pilibhit,2015,23,2016-01-24,2016-01-29,0.2572681468240039,0.3451787622717857,0.2729633859032548,0.1952617941750442,2,28.5,valid
Uttar_Pradesh,Pilibhit,2015,24,2016-01-29,2016-02-03,0.0527236919709154,0.3079027353468205,0.1498142930386975,0.0898049342228155,3,9.776666666666666,valid
Uttar_Pradesh,Pilibhit,2015,25,2016-02-03,2016-02-08,0.11408735354589906,0.3117350064299807,0.18425127757866241,0.11923363763174652,0,,insufficient_data
Uttar_Pradesh,Pilibhit,2015,26,2016-02-08,2016-02-13,0.0550079338474466,0.286984821195516,0.1484676260545717,0.0903232497272894,4,1.175,valid
Uttar_Pradesh,Pilibhit,2015,27,2016-02-13,2016-02-18,0.0913496415412303,0.3068737069058008,0.1657598053181256,0.101544572401837,4,6.38,valid
Uttar_Pradesh,Pilibhit,2015,28,2016-02-18,2016-02-23,0.06770965208207964,0.2916840245995296,0.15753814930870888,0.09890427941352711,0,,insufficient_data
Uttar_Pradesh,Pilibhit,2015,29,2016-02-23,2016-02-28,0.0597099207495912,0.2967222260012915,0.1548434398267759,0.0983141376952897,4,0.7675,valid
Uttar_Pradesh,Pilibhit,2015,30,2016-02-28,2016-03-04,0.0746038357247062,0.2756516055127367,0.1643515133479201,0.1055671425368444,2,0.0,valid
Uttar_Pradesh,Pilibhit,2015,31,2016-03-04,2016-03-09,0.0578769285474239,0.2921877633823029,0.1542683619961512,0.0987722947063751,2,4.175,valid
Uttar_Pradesh,Pilibhit,2015,32,2016-03-09,2016-03-14,0.0667641580037301,0.274594701032807,0.1720160964283467,0.1116217777135379,1,19.25,valid
Uttar_Pradesh,Pilibhit,2015,33,2016-03-14,2016-03-19,0.07947768714762342,0.2582607807427801,0.17632030522250197,0.1179300239076603,0,,insufficient_data
Uttar_Pradesh,Pilibhit,2015,34,2016-03-19,2016-03-24,0.0870872833498848,0.2368298821923608,0.1859441090513863,0.1286710649934206,4,11.84,valid
Uttar_Pradesh,Pilibhit,2015,35,2016-03-24,2016-03-29,0.1110562301123721,0.2120399515936931,0.2050214452887056,0.1450178395881234,2,2.5,valid
Uttar_Pradesh,Pilibhit,2015,36,2016-03-29,2016-04-03,0.13296928632187416,0.245208340947023,0.2478526874723265,0.18118693927144708,0,,insufficient_data
Uttar_Pradesh,Pilibhit,2015,37,2016-04-03,2016-04-08,0.1428465276146912,0.2498456600008772,0.2455874489804625,0.1790766499605675,2,11.97,valid
Uttar_Pradesh,Pilibhit,2015,38,2016-04-08,2016-04-13,0.1470092315320094,0.2563161779145454,0.2845163608124956,0.2150842179355014,2,0.49,valid
Uttar_Pradesh,Pilibhit,2015,39,2016-04-13,2016-04-18,0.1768471590004134,0.2710100330336386,0.3181940732285823,0.2380849238796225,2,0.5,valid
Uttar_Pradesh,Pilibhit,2015,40,2016-04-18,2016-04-23,0.1650232814240216,0.2635567190522705,0.3068781901966588,0.2373745789530164,3,2.03,valid
Uttar_Pradesh,Pilibhit,2015,41,2016-04-23,2016-04-28,0.1616669221377677,0.26171086690548306,0.30169066370350384,0.23286181278441173,0,,insufficient_data
Uttar_Pradesh,Pilibhit,2015,42,2016-04-28,2016-05-03,0.1577880165946265,0.2559605376214778,0.2971740305762786,0.2409035303695066,4,4.07,valid
Uttar_Pradesh,Pilibhit,2016,0,2016-10-01,2016-10-06,0.0849119005324643,0.2630045129154299,0.1974612215949479,0.1169625474270199,1,29.41,missing_bands
Uttar_Pradesh,Pilibhit,2016,1,2016-10-06,2016-10-11,0.0928404015357722,0.2543280213477347,0.2043298142622346,0.1275753836859616,0,,insufficient_data
Uttar_Pradesh,Pilibhit,2016,2,2016-10-11,2016-10-16,0.0849119005324643,0.2630045129154299,0.1974612215949479,0.1169625474270199,4,0.4875,valid
Uttar_Pradesh,Pilibhit,2016,3,2016-10-16,2016-10-21,0.0985325106969862,0.24281985368361902,0.20864624436726384,0.1366818085777437,0,,insufficient_data
Uttar_Pradesh,Pilibhit,2016,4,2016-10-21,2016-10-26,0.1007689025390801,0.2456515297800394,0.2111984069295213,0.1381882199449033,4,0.3125,valid
Uttar_Pradesh,Pilibhit,2016,5,2016-10-26,2016-10-31,0.1099167290194142,0.2198035183553877,0.2172791045773223,0.1548946583613079,4,0.935,valid
Uttar_Pradesh,Pilibhit,2016,6,2016-10-31,2016-11-05,0.10843776716356894,0.22118241672375843,0.2224917856665347,0.1675029173616657,0,,insufficient_data
Uttar_Pradesh,Pilibhit,2016,7,2016-11-05,2016-11-10,0.1065813013645534,0.2139280243979013,0.2168043582658975,0.1663842283687548,3,8.223333333333334,valid
Uttar_Pradesh,Pilibhit,2016,8,2016-11-10,2016-11-15,0.1177622012205246,0.2126062430672812,0.2337116827563046,0.1858407363140914,2,6.0,valid
Uttar_Pradesh,Pilibhit,2016,9,2016-11-15,2016-11-20,0.1071597016742724,0.2139227680181826,0.2334653758036278,0.1922067438192712,2,14.36,valid
Uttar_Pradesh,Pilibhit,2016,10,2016-11-20,2016-11-25,0.1044693528825326,0.2091493366117804,0.2153524466590927,0.1692689888133281,4,1.32,valid
Uttar_Pradesh,Pilibhit,2016,11,2016-11-25,2016-11-30,0.10488697721297349,0.21049029748585668,0.22065388850516954,0.17271674970047146,0,,insufficient_data
Uttar_Pradesh,Pilibhit,2016,12,2016-11-30,2016-12-05,0.0901566530745644,0.2062828422461826,0.200086048801653,0.1435505298551951,3,6.239999999999999,valid
Uttar_Pradesh,Pilibhit,2016,13,2016-12-05,2016-12-10,0.07665798639264726,0.2175900125976955,0.1780359705803366,0.12381092466144128,0,,insufficient_data
Uttar_Pradesh,Pilibhit,2016,14,2016-12-10,2016-12-15,0.0750013566714728,0.2267869851969972,0.1640877737048241,0.10383496702436024,0,,insufficient_data
Uttar_Pradesh,Pilibhit,2016,15,2016-12-15,2016-12-20,0.0535127365078447,0.2271722399156628,0.1515433647253857,0.0942086877773723,1,1.37,valid
Uttar_Pradesh,Pilibhit,2016,16,2016-12-20,2016-12-25,0.0584932031056473,0.2277556316171562,0.145162022135215,0.0882154921998696,2,1.13,valid
Uttar_Pradesh,Pilibhit,2016,17,2016-12-25,2016-12-30,0.0978428339978348,0.2459372270089873,0.1595596591570427,0.0893651582650039,2,7.5,valid
Uttar_Pradesh,Pilibhit,2016,18,2016-12-30,2017-01-04,0.0678420011639346,0.2593112965583919,0.1582133805775323,0.0921179327437644,2,11.015,valid
Uttar_Pradesh,Pilibhit,2016,19,2017-01-04,2017-01-09,0.06957452794001147,0.25157339031091985,0.15319046836615394,0.0890554031575266,0,,insufficient_data
Uttar_Pradesh,Pilibhit,2016,20,2017-01-09,2017-01-14,0.0541200734926292,0.2732894060591441,0.1498268115948257,0.0865230294214685,4,5.32,valid
Uttar_Pradesh,Pilibhit,2016,21,2017-01-14,2017-01-19,0.059433063038485404,0.2868949637389662,0.15236447034505074,0.08543290135023815,0,,insufficient_data
Uttar_Pradesh,Pilibhit,2016,22,2017-01-19,2017-01-24,0.1090179530120833,0.34437602667707323,0.19277882402794982,0.12250736168365245,0,,insufficient_data
Uttar_Pradesh,Pilibhit,2016,23,2017-01-24,2017-01-29,0.0481648830334063,0.3049822262143893,0.152448219817749,0.0820357737139115,3,13.646666666666668,valid
Uttar_Pradesh,Pilibhit,2016,24,2017-01-29,2017-02-03,0.0676052944639715,0.3099969261239396,0.1489694693900959,0.0810548695218082,2,19.0,valid
Uttar_Pradesh,Pilibhit,2016,25,2017-02-03,2017-02-08,0.2661815610583262,0.4892355483108199,0.3198707953091287,0.2404157740774216,2,13.47,valid
Uttar_Pradesh,Pilibhit,2016,26,2017-02-08,2017-02-13,0.0539450570191528,0.3046590835597672,0.147712533951575,0.0895420542911344,4,0.76,valid
Uttar_Pradesh,Pilibhit,2016,27,2017-02-13,2017-02-18,0.10391827496671938,0.3321369242507079,0.18488765009284247,0.12090754728666031,0,,insufficient_data
Uttar_Pradesh,Pilibhit,2016,28,2017-02-18,2017-02-23,0.0708581669267539,0.2805287607979297,0.1539428069863732,0.0929084455967589,4,4.025,valid
Uttar_Pradesh,Pilibhit,2016,29,2017-02-23,2017-02-28,0.0610012953653925,0.2762643024610833,0.1539426448270395,0.1006165929461784,4,0.015,valid
Uttar_Pradesh,Pilibhit,2016,30,2017-02-28,2017-03-05,0.06737745639623588,0.2665142071647014,0.15947117996185237,0.10493157766374234,0,,insufficient_data
Uttar_Pradesh,Pilibhit,2016,31,2017-03-05,2017-03-10,0.0646450569739617,0.2615644877986558,0.1634581450393818,0.1093323623238034,4,6.48,valid
Uttar_Pradesh,Pilibhit,2016,32,2017-03-10,2017-03-15,0.0730053063188354,0.2476992776011369,0.166541122994615,0.1168689097882287,2,4.095000000000001,valid
Uttar_Pradesh,Pilibhit,2016,33,2017-03-15,2017-03-20,0.08497759966886592,0.23431596862357412,0.1789836503854471,0.1266078030993167,0,,insufficient_data
Uttar_Pradesh,Pilibhit,2016,34,2017-03-20,2017-03-25,0.0983033458856019,0.2223189644863121,0.1850300196742626,0.1319028724009285,4,0.4325,valid
Uttar_Pradesh,Pilibhit,2016,35,2017-03-25,2017-03-30,0.10667891948010186,0.2342268706665412,0.20381267990941546,0.14825550404240262,0,,insufficient_data
Uttar_Pradesh,Pilibhit,2016,36,2017-03-30,2017-04-04,0.1039566894970647,0.2056811446081916,0.2009053138335291,0.1483270678843063,4,1.0,valid
Uttar_Pradesh,Pilibhit,2016,37,2017-04-04,2017-04-09,0.1514503362189054,0.2612080959705241,0.2627742631352551,0.195923166096147,3,0.1766666666666666,valid
Uttar_Pradesh,Pilibhit,2016,38,2017-04-09,2017-04-14,0.14586549592614478,0.24782327095158477,0.26187344219011316,0.19472260379179562,0,,insufficient_data
Uttar_Pradesh,Pilibhit,2016,39,2017-04-14,2017-04-19,0.1428110447867679,0.2413310115736893,0.2710648771809978,0.2035200038347915,4,0.0775,valid
Uttar_Pradesh,Pilibhit,2016,40,2017-04-19,2017-04-24,0.166810554298894,0.253175186540561,0.2827248138866995,0.2088006796215322,2,1.5,valid
Uttar_Pradesh,Pilibhit,2016,41,2017-04-24,2017-04-29,0.1642988548290919,0.2777209160649579,0.2918979429140841,0.2170421015222012,2,0.275,valid
Uttar_Pradesh,Pilibhit,2016,42,2017-04-29,2017-05-04,0.15797348463825125,0.2574090380597361,0.2818958779939272,0.2097875949928416,0,,insufficient_data
Uttar_Pradesh,Pilibhit,2017,0,2017-10-01,2017-10-06,0.0731913376057343,0.3466713680093879,0.1863428101690443,0.0985286350605043,2,22.135,valid
Uttar_Pradesh,Pilibhit,2017,1,2017-10-06,2017-10-11,0.066654230659619,0.2827195769555858,0.1794539101319437,0.0967532908078265,4,1.4525,valid
Uttar_Pradesh,Pilibhit,2017,2,2017-10-11,2017-10-16,0.08346958441563088,0.2816494589582552,0.1941086592979123,0.11464088990082241,0,,insufficient_data
Uttar_Pradesh,Pilibhit,2017,3,2017-10-16,2017-10-21,0.0905902220008171,0.256228243812566,0.204669068735933,0.1247875171106867,4,0.1949999999999999,valid
Uttar_Pradesh,Pilibhit,2017,4,2017-10-21,2017-10-26,0.1034425473963531,0.2409786470554812,0.2059688481547283,0.1384941166242721,3,0.7633333333333333,valid
Uttar_Pradesh,Pilibhit,2017,5,2017-10-26,2017-10-31,0.10987914385241612,0.23392932994802573,0.21190353527149852,0.14540350918962133,0,,insufficient_data
Uttar_Pradesh,Pilibhit,2017,6,2017-10-31,2017-11-05,0.1456302139995478,0.2309287275776475,0.2122418401726939,0.1473302736100823,3,8.963333333333333,valid
Uttar_Pradesh,Pilibhit,2017,7,2017-11-05,2017-11-10,0.11445532588697532,0.22466140068524407,0.2178321068344032,0.15862823566409065,0,,insufficient_data
Uttar_Pradesh,Pilibhit,2017,8,2017-11-10,2017-11-15,0.0998535920129465,0.2075817013464083,0.2247343840226389,0.1710021294134442,1,0.0,valid
Uttar_Pradesh,Pilibhit,2017,9,2017-11-15,2017-11-20,0.1088949501390539,0.2191565267614393,0.2283833549875517,0.177686423008564,3,6.006666666666667,valid
Uttar_Pradesh,Pilibhit,2017,10,2017-11-20,2017-11-25,0.10255314362512043,0.21114500925546942,0.2189550890118488,0.16784486663248044,0,,insufficient_data
Uttar_Pradesh,Pilibhit,2017,11,2017-11-25,2017-11-30,0.0989108887233609,0.2066967996585607,0.2037475280253558,0.1548460474754331,3,0.0033333333333333,valid
Uttar_Pradesh,Pilibhit,2017,12,2017-11-30,2017-12-05,0.09386278540564862,0.22389173020801165,0.1936922859088543,0.13730125393836323,0,,insufficient_data
Uttar_Pradesh,Pilibhit,2017,13,2017-12-05,2017-12-10,0.08885206382784687,0.2254701313568691,0.1821285962159552,0.12383953091496298,0,,insufficient_data
Uttar_Pradesh,Pilibhit,2017,14,2017-12-10,2017-12-15,0.0692942472074739,0.2176494238597004,0.1721006294658058,0.1114036955360502,2,2.31,valid
Uttar_Pradesh,Pilibhit,2017,15,2017-12-15,2017-12-20,0.0983510555527058,0.2520641705523462,0.1705376311567039,0.1052688497334057,1,28.0,valid
Uttar_Pradesh,Pilibhit,2017,16,2017-12-20,2017-12-25,0.07778627114704743,0.24452993654959088,0.16353546514510034,0.1010870770279411,0,,insufficient_data
Uttar_Pradesh,Pilibhit,2017,17,2017-12-25,2017-12-30,0.0657135106809626,0.263876215236726,0.1479681348127913,0.0865886858143674,3,15.733333333333334,valid
Uttar_Pradesh,Pilibhit,2017,18,2017-12-30,2018-01-04,0.08203228311683419,0.2579701928945361,0.1592528829847476,0.09592876777388655,0,,insufficient_data
Uttar_Pradesh,Pilibhit,2017,19,2018-01-04,2018-01-09,0.07072033907280634,0.25835569275345205,0.14889316883383424,0.08726764888637875,0,,insufficient_data
Uttar_Pradesh,Pilibhit,2017,20,2018-01-09,2018-01-14,0.07072033907280634,0.25835569275345205,0.14889316883383424,0.08726764888637875,0,,insufficient_data
Uttar_Pradesh,Pilibhit,2017,21,2018-01-14,2018-01-19,0.0757271674646501,0.2528351702701781,0.1498182028548772,0.0879466119583901,0,,insufficient_data
Uttar_Pradesh,Pilibhit,2017,22,2018-01-19,2018-01-24,0.0757271674646501,0.2528351702701781,0.1498182028548772,0.0879466119583901,2,3.0,valid
Uttar_Pradesh,Pilibhit,2017,23,2018-01-24,2018-01-29,0.0757271674646501,0.2528351702701781,0.1498182028548772,0.0879466119583901,0,,insufficient_data
Uttar_Pradesh,Pilibhit,2017,24,2018-01-29,2018-02-03,0.06268319563079985,0.28198068455598857,0.1474550276788265,0.08533466049691625,0,,insufficient_data
Uttar_Pradesh,Pilibhit,2017,25,2018-02-03,2018-02-08,0.06718224019096626,0.28255510864809746,0.1521080669675687,0.09008241064018857,0,,insufficient_data
Uttar_Pradesh,Pilibhit,2017,26,2018-02-08,2018-02-13,0.06290977655412436,0.2974150778370571,0.15325299902391443,0.09115030998108781,0,,insufficient_data
Uttar_Pradesh,Pilibhit,2017,27,2018-02-13,2018-02-18,0.0496392237969496,0.311126198841799,0.1450918525027758,0.0827227090354424,3,8.573333333333332,valid
Uttar_Pradesh,Pilibhit,2017,28,2018-02-18,2018-02-23,0.0761803293112991,0.2837039568323152,0.1614141455450531,0.0995779109267332,4,3.4425,valid
Uttar_Pradesh,Pilibhit,2017,29,2018-02-23,2018-02-28,0.06188418070318249,0.2793670470518415,0.15619271020197323,0.0974274925419367,0,,insufficient_data
Uttar_Pradesh,Pilibhit,2017,30,2018-02-28,2018-03-05,0.057907581554401,0.2760282676856879,0.1546710185027128,0.0978832037921902,4,5.9925,valid
Uttar_Pradesh,Pilibhit,2017,31,2018-03-05,2018-03-10,0.0663730888373685,0.2506339216046337,0.1622776517930478,0.1055475512918326,2,0.0,valid
Uttar_Pradesh,Pilibhit,2017,32,2018-03-10,2018-03-15,0.0593206800158942,0.2753428902947716,0.1575088826662767,0.1014060876634851,2,2.03,valid
Uttar_Pradesh,Pilibhit,2017,33,2018-03-15,2018-03-20,0.0725477668551594,0.2306928329737547,0.1691928369789427,0.1188354033185318,4,0.3275,valid
Uttar_Pradesh,Pilibhit,2017,34,2018-03-20,2018-03-25,0.08083549670935677,0.23753889529067856,0.17860408328989846,0.12354003458614951,0,,insufficient_data
Uttar_Pradesh,Pilibhit,2017,35,2018-03-25,2018-03-30,0.0968655620069472,0.2169891055439998,0.1920235175297329,0.138139976630011,4,0.235,valid
Uttar_Pradesh,Pilibhit,2017,36,2018-03-30,2018-04-04,0.1090703858314146,0.2140357260362329,0.2120175274814922,0.153771154026887,3,2.4633333333333334,valid
Uttar_Pradesh,Pilibhit,2017,37,2018-04-04,2018-04-09,0.12499719625339215,0.22517463554042663,0.23761950789228803,0.17694362589983906,0,,insufficient_data
Uttar_Pradesh,Pilibhit,2017,38,2018-04-09,2018-04-14,0.1228466296675697,0.2064124054400423,0.2208795935667982,0.1538699189785592,2,9.5,valid
Uttar_Pradesh,Pilibhit,2017,39,2018-04-14,2018-04-19,0.1382620512508829,0.2427678802867068,0.2745590019702973,0.2168136450488681,2,0.0,valid
Uttar_Pradesh,Pilibhit,2017,40,2018-04-19,2018-04-24,0.1579413525101463,0.2456680603951513,0.2886178989131197,0.22212343481487,2,0.5,valid
Uttar_Pradesh,Pilibhit,2017,41,2018-04-24,2018-04-29,0.1524679044987494,0.2386923294216964,0.2768433813451145,0.2158085427004086,4,8.5975,valid
Uttar_Pradesh,Pilibhit,2017,42,2018-04-29,2018-05-04,0.1495571027532595,0.24237609003451818,0.2800067607428438,0.21824854085471557,0,,insufficient_data
Uttar_Pradesh,Pilibhit,2018,0,2018-10-01,2018-10-06,0.0636820226121557,0.3063349866941196,0.17131296326432,0.0872921346366386,4,3.4000000000000004,valid
Uttar_Pradesh,Pilibhit,2018,1,2018-10-06,2018-10-11,0.0817178254252586,0.2860035516117495,0.1889049910174069,0.10525492473343272,0,,insufficient_data
Uttar_Pradesh,Pilibhit,2018,2,2018-10-11,2018-10-16,0.0888821990148604,0.2952158545123341,0.1903204537711631,0.1033946952694229,4,9.86,valid
Uttar_Pradesh,Pilibhit,2018,3,2018-10-16,2018-10-21,0.0925892546487597,0.2564598136287948,0.2050815560167376,0.1250779442942366,4,0.335,valid
Uttar_Pradesh,Pilibhit,2018,4,2018-10-21,2018-10-26,0.09372617213095828,0.24527856427159525,0.20474570902612657,0.1313029577262584,0,,insufficient_data
Uttar_Pradesh,Pilibhit,2018,5,2018-10-26,2018-10-31,0.0889203378445296,0.2328390514006617,0.2067614581913424,0.1376192187989564,4,0.1075,valid
Uttar_Pradesh,Pilibhit,2018,6,2018-10-31,2018-11-05,0.1080311064550849,0.2213317757265218,0.2080349060960766,0.137768096881539,2,6.5,valid
Uttar_Pradesh,Pilibhit,2018,7,2018-11-05,2018-11-10,0.0902079626915568,0.2205463260896638,0.213530171055313,0.1526548333871372,2,0.885,valid
Uttar_Pradesh,Pilibhit,2018,8,2018-11-10,2018-11-15,0.1222930139968795,0.2225005282117212,0.2124019891351943,0.1570304570708439,3,5.669999999999999,valid
Uttar_Pradesh,Pilibhit,2018,9,2018-11-15,2018-11-20,0.10784789872128495,0.21710382012744445,0.21561771615300765,0.15722040939920262,0,,insufficient_data
Uttar_Pradesh,Pilibhit,2018,10,2018-11-20,2018-11-25,0.1150569142332281,0.2134153844150301,0.2232643602866785,0.1717326177732087,4,5.09,valid
Uttar_Pradesh,Pilibhit,2018,11,2018-11-25,2018-11-30,0.1036504962296754,0.2077250861942855,0.2208571541917758,0.1669160418832844,2,1.0,valid
Uttar_Pradesh,Pilibhit,2018,12,2018-11-30,2018-12-05,0.09709488157022358,0.21394331827326657,0.19943722335904543,0.14287872594785497,0,,insufficient_data
Uttar_Pradesh,Pilibhit,2018,13,2018-12-05,2018-12-10,0.1055112344019712,0.2063931642841863,0.1892352779037848,0.1338107172362718,4,0.7775,valid
Uttar_Pradesh,Pilibhit,2018,14,2018-12-10,2018-12-15,0.0774542946809399,0.212832874895835,0.1740823667964544,0.1179478158615165,2,0.515,valid
Uttar_Pradesh,Pilibhit,2018,15,2018-12-15,2018-12-20,0.0838014683053034,0.2293500815769961,0.1897469576165337,0.1239864369849935,2,1.0,valid
Uttar_Pradesh,Pilibhit,2018,16,2018-12-20,2018-12-25,0.0606042386820918,0.2300646098016587,0.1583487714503668,0.1000343020181511,3,0.7733333333333333,valid
Uttar_Pradesh,Pilibhit,2018,17,2018-12-25,2018-12-30,0.07381544559749484,0.23270730351186839,0.1680977607425352,0.10749341275645634,0,,insufficient_data
Uttar_Pradesh,Pilibhit,2018,18,2018-12-30,2019-01-04,0.0684315962544298,0.2315853271782708,0.1573467266123631,0.0995654737252046,4,1.1825,valid
Uttar_Pradesh,Pilibhit,2018,19,2019-01-04,2019-01-09,0.0787856300647093,0.2597036241065814,0.1609639812369581,0.095933035192416,4,7.475,valid
Uttar_Pradesh,Pilibhit,2018,20,2019-01-09,2019-01-14,0.14726411812666768,0.30738978756178736,0.21021374762935624,0.13636829866697997,0,,insufficient_data
Uttar_Pradesh,Pilibhit,2018,21,2019-01-14,2019-01-19,0.13097275451015505,0.30548225683612784,0.20369080345920865,0.1305620143840896,0,,insufficient_data
Uttar_Pradesh,Pilibhit,2018,22,2019-01-19,2019-01-24,0.3925616981911617,0.446326834367249,0.3765900624805965,0.2682560835235991,2,25.0,valid
Uttar_Pradesh,Pilibhit,2018,23,2019-01-24,2019-01-29,0.0492775479963699,0.2919433645950482,0.1459542201875072,0.0817186022267002,2,2.67,valid
Uttar_Pradesh,Pilibhit,2018,24,2019-01-29,2019-02-03,0.0658073000441045,0.2978521339334897,0.1775990267786182,0.1073368772525281,2,17.295,valid
Uttar_Pradesh,Pilibhit,2018,25,2019-02-03,2019-02-08,0.19289768089825818,0.35888878996493595,0.2376093493982443,0.15719294962146185,0,,insufficient_data
Uttar_Pradesh,Pilibhit,2018,26,2019-02-08,2019-02-13,0.0715239146678134,0.2955955284126957,0.1524171695539083,0.0842209277800838,3,11.153333333333334,valid
Uttar_Pradesh,Pilibhit,2018,27,2019-02-13,2019-02-18,0.3853179435918415,0.4627260885161972,0.3354862679905914,0.244432257324398,1,13.0,valid
Uttar_Pradesh,Pilibhit,2018,28,2019-02-18,2019-02-23,0.1229126144458226,0.34243557394804824,0.18913896997968663,0.1187501283017202,0,,insufficient_data
Uttar_Pradesh,Pilibhit,2018,29,2019-02-23,2019-02-28,0.0518949047607467,0.32994685289495,0.1525470688736515,0.0899540495367796,2,14.025,valid
Uttar_Pradesh,Pilibhit,2018,30,2019-02-28,2019-03-05,0.0505245682815751,0.3003652695692534,0.142498626381307,0.0825716007521132,2,7.25,valid
Uttar_Pradesh,Pilibhit,2018,31,2019-03-05,2019-03-10,0.0553017409271362,0.323544130347145,0.1627457170989749,0.0925718061152264,2,6.0,valid
Uttar_Pradesh,Pilibhit,2018,32,2019-03-10,2019-03-15,0.0716467843772972,0.2926755262288893,0.1644314565371443,0.1031900392008151,2,9.735,valid
Uttar_Pradesh,Pilibhit,2018,33,2019-03-15,2019-03-20,0.0674300798014501,0.2843997526792444,0.1627844522122342,0.10193741826021267,0,,insufficient_data
Uttar_Pradesh,Pilibhit,2018,34,2019-03-20,2019-03-25,0.0715043358171242,0.2729184904136913,0.1667442127335241,0.1105466878374913,3,19.61,valid
Uttar_Pradesh,Pilibhit,2018,35,2019-03-25,2019-03-30,0.0881729696041178,0.2324953468372429,0.1775022483102206,0.1208069573954173,4,5.5925,valid
Uttar_Pradesh,Pilibhit,2018,36,2019-03-30,2019-04-04,0.10522564392587933,0.2360278074455464,0.2065831253766411,0.14485738339032134,0,,insufficient_data
Uttar_Pradesh,Pilibhit,2018,37,2019-04-04,2019-04-09,0.1049737115797197,0.2133939669712933,0.1961080252429814,0.1388174717120924,3,5.72,valid
Uttar_Pradesh,Pilibhit,2018,38,2019-04-09,2019-04-14,0.1244927097048786,0.2111293228032273,0.2347405288411461,0.1684176935773259,2,0.0,valid
Uttar_Pradesh,Pilibhit,2018,39,2019-04-14,2019-04-19,0.1369844929235563,0.2502019102022773,0.2578206117553334,0.1856981064292799,2,1.61,valid
Uttar_Pradesh,Pilibhit,2018,40,2019-04-19,2019-04-24,0.1348583200906681,0.2380498896263023,0.2672212042687074,0.1977745433417218,4,4.595,valid
Uttar_Pradesh,Pilibhit,2018,41,2019-04-24,2019-04-29,0.13709662584780025,0.23546222551818902,0.2612110964263826,0.19297312069201722,0,,insufficient_data
Uttar_Pradesh,Pilibhit,2018,42,2019-04-29,2019-05-04,0.152050980672098,0.2424677794409491,0.2850620408403437,0.2200021394197414,2,0.0,valid
Uttar_Pradesh,Pilibhit,2019,0,2019-10-01,2019-10-06,0.061981671702992396,0.3184713673540863,0.17319149894153402,0.09143370872558755,0,,insufficient_data
Uttar_Pradesh,Pilibhit,2019,1,2019-10-06,2019-10-11,0.0541011167640188,0.3409600172601319,0.1638004615147569,0.081340834741638,4,14.6575,valid
Uttar_Pradesh,Pilibhit,2019,2,2019-10-11,2019-10-16,0.069862226641966,0.2959827174480407,0.1825825363683111,0.1015265827095371,4,1.415,valid
Uttar_Pradesh,Pilibhit,2019,3,2019-10-16,2019-10-21,0.13060488011995675,0.3222237889032301,0.22060629920143213,0.13745790871401214,0,,insufficient_data
Uttar_Pradesh,Pilibhit,2019,4,2019-10-21,2019-10-26,0.0775427343326305,0.2757470662858469,0.1978237584089349,0.1207738806004834,1,1.61,valid
Uttar_Pradesh,Pilibhit,2019,5,2019-10-26,2019-10-31,0.1399204049820605,0.29417029121969995,0.23450957644680215,0.1554518591596066,0,,insufficient_data
Uttar_Pradesh,Pilibhit,2019,6,2019-10-31,2019-11-05,0.3209134427412117,0.376205354618901,0.3382184405137255,0.2461903368043901,1,3.0,valid
Uttar_Pradesh,Pilibhit,2019,7,2019-11-05,2019-11-10,0.0913632162124338,0.2287460265260112,0.2194135704962371,0.1533166365240158,2,19.555,valid
Uttar_Pradesh,Pilibhit,2019,8,2019-11-10,2019-11-15,0.1546552022444395,0.26081334303361053,0.25108976473152284,0.1859775653319855,0,,insufficient_data
Uttar_Pradesh,Pilibhit,2019,9,2019-11-15,2019-11-20,0.094891135586841,0.2080920610338333,0.2161363580816638,0.1616835240551515,2,14.37,valid
Uttar_Pradesh,Pilibhit,2019,10,2019-11-20,2019-11-25,0.1114530144372714,0.2302099299556967,0.2305906898344649,0.1827197639443846,2,27.695,valid
Uttar_Pradesh,Pilibhit,2019,11,2019-11-25,2019-11-30,0.09507118628484325,0.2220725716772257,0.20620222025327442,0.1489916117132227,0,,insufficient_data
Uttar_Pradesh,Pilibhit,2019,12,2019-11-30,2019-12-05,0.088674205534962,0.21044558368037,0.193376982484414,0.1337545891326418,4,1.2,valid
Uttar_Pradesh,Pilibhit,2019,13,2019-12-05,2019-12-10,0.1001096783097136,0.225711343609736,0.1936339016985604,0.1279221470347772,2,2.0,valid
Uttar_Pradesh,Pilibhit,2019,14,2019-12-10,2019-12-15,0.0802278975554282,0.2359039401064926,0.1972731691672688,0.1388780343991584,2,6.67,valid
Uttar_Pradesh,Pilibhit,2019,15,2019-12-15,2019-12-20,0.0896705938000346,0.22402028913219954,0.19476135111674775,0.1335182568555258,0,,insufficient_data
Uttar_Pradesh,Pilibhit,2019,16,2019-12-20,2019-12-25,0.0901687879325709,0.2308076418581143,0.1954535354329146,0.1334000907169678,0,,insufficient_data
Uttar_Pradesh,Pilibhit,2019,17,2019-12-25,2019-12-30,0.0802278975554282,0.2359039401064926,0.1972731691672688,0.1388780343991584,0,,insufficient_data
Uttar_Pradesh,Pilibhit,2019,18,2019-12-30,2020-01-04,,,,,0,,insufficient_data
Uttar_Pradesh,Pilibhit,2019,19,2020-01-04,2020-01-09,0.4083498586211049,0.5130829376142942,0.4177153594171484,0.3390473457204819,0,,insufficient_data
Uttar_Pradesh,Pilibhit,2019,20,2020-01-09,2020-01-14,0.26055692557017773,0.43791854227066807,0.2877579080888666,0.2111051153622902,0,,insufficient_data
Uttar_Pradesh,Pilibhit,2019,21,2020-01-14,2020-01-19,0.26055692557017773,0.43791854227066807,0.2877579080888666,0.2111051153622902,0,,insufficient_data
Uttar_Pradesh,Pilibhit,2019,22,2020-01-19,2020-01-24,0.4083498586211049,0.5130829376142942,0.4177153594171484,0.3390473457204819,1,10.0,valid
Uttar_Pradesh,Pilibhit,2019,23,2020-01-24,2020-01-29,0.1127639925192506,0.3627541469270419,0.1578004567605848,0.0831628850040985,2,16.035,valid
Uttar_Pradesh,Pilibhit,2019,24,2020-01-29,2020-02-03,0.16266975614689644,0.38753982953008126,0.22055261915253177,0.14773891261577435,0,,insufficient_data
Uttar_Pradesh,Pilibhit,2019,25,2020-02-03,2020-02-08,0.0647197928210609,0.3528536639301327,0.1542630664265369,0.0844155244064914,4,6.615,valid
Uttar_Pradesh,Pilibhit,2019,26,2020-02-08,2020-02-13,0.0648453806261694,0.3214685696488563,0.152431594005857,0.0843298953320256,4,2.2075,valid
Uttar_Pradesh,Pilibhit,2019,27,2020-02-13,2020-02-18,0.07019117226762739,0.33076999506340715,0.15299137492955267,0.0854994188402452,0,,insufficient_data
Uttar_Pradesh,Pilibhit,2019,28,2020-02-18,2020-02-23,0.0810083433556519,0.3179877516112326,0.1522794643562641,0.0877528367822186,2,14.565,valid
Uttar_Pradesh,Pilibhit,2019,29,2020-02-23,2020-02-28,0.08156750369288417,0.33115550643708724,0.14650280756920142,0.08031284359616649,0,,insufficient_data
Uttar_Pradesh,Pilibhit,2019,30,2020-02-28,2020-03-04,0.08080899216890809,0.31771073530183896,0.14954755807766199,0.08225328408910147,0,,insufficient_data
Uttar_Pradesh,Pilibhit,2019,31,2020-03-04,2020-03-09,0.0988487870968312,0.3540101980511729,0.1347973643454832,0.0688557986742553,1,25.0,valid
Uttar_Pradesh,Pilibhit,2019,32,2020-03-09,2020-03-14,0.0789774320089683,0.29981629882290933,0.15765120716184766,0.09083460544907436,0,,insufficient_data
Uttar_Pradesh,Pilibhit,2019,33,2020-03-14,2020-03-19,0.0625698460542412,0.2811342562431113,0.1615658455312386,0.0901512168108305,1,24.0,valid
Uttar_Pradesh,Pilibhit,2019,34,2020-03-19,2020-03-24,0.0755136628758325,0.2643044421744439,0.1765904116088212,0.1134968008621373,4,1.7525,valid
Uttar_Pradesh,Pilibhit,2019,35,2020-03-24,2020-03-29,0.08884883999052733,0.25768059493834733,0.19479329953937707,0.12849799836561981,0,,insufficient_data
Uttar_Pradesh,Pilibhit,2019,36,2020-03-29,2020-04-03,0.0955443449239002,0.2379217141966182,0.2020568244184716,0.1384200242927048,4,0.98,valid
Uttar_Pradesh,Pilibhit,2019,37,2020-04-03,2020-04-08,0.1217675061081354,0.2473619671392158,0.2389601165989768,0.1719239514968066,2,4.195,valid
Uttar_Pradesh,Pilibhit,2019,38,2020-04-08,2020-04-13,0.1348861862817023,0.26138047281449583,0.2630131256259731,0.18657095203817936,0,,insufficient_data
Uttar_Pradesh,Pilibhit,2019,39,2020-04-13,2020-04-18,0.1619032295141317,0.2865811609088478,0.3021530949086916,0.2105636806902143,2,1.6800000000000002,valid
Uttar_Pradesh,Pilibhit,2019,40,2020-04-18,2020-04-23,0.14800013340096965,0.2692000590204551,0.2833318926951403,0.20262126128667082,0,,insufficient_data
Uttar_Pradesh,Pilibhit,2019,41,2020-04-23,2020-04-28,0.1603296645806419,0.2736570490133017,0.3088824665777526,0.2253761516729917,3,10.986666666666666,valid
Uttar_Pradesh,Pilibhit,2019,42,2020-04-28,2020-05-03,0.1611164470473868,0.2801191049610747,0.3055177807432221,0.217969916181603,0,,insufficient_data
Uttar_Pradesh,Pilibhit,2020,0,2020-10-01,2020-10-06,0.058644031346706,0.3261081539695376,0.1695394016874169,0.0799376762795037,2,2.0,valid
Uttar_Pradesh,Pilibhit,2020,1,2020-10-06,2020-10-11,0.0767848422095349,0.2829896798094207,0.1812403573504744,0.1026528234757964,3,3.303333333333333,valid
Uttar_Pradesh,Pilibhit,2020,2,2020-10-11,2020-10-16,0.08043146266267986,0.2767043814378018,0.1936336011943949,0.11314416824416358,0,,insufficient_data
Uttar_Pradesh,Pilibhit,2020,3,2020-10-16,2020-10-21,0.085871935350698,0.2556645077346435,0.2042159440756794,0.1244612623209067,4,0.0174999999999999,valid
Uttar_Pradesh,Pilibhit,2020,4,2020-10-21,2020-10-26,0.1004250417437806,0.2420551842376054,0.219538701664009,0.1455249109004475,4,0.3075,valid
Uttar_Pradesh,Pilibhit,2020,5,2020-10-26,2020-10-31,0.10244459972856965,0.22953812489600547,0.2195012944247831,0.15085101202592724,0,,insufficient_data
Uttar_Pradesh,Pilibhit,2020,6,2020-10-31,2020-11-05,0.118136020648161,0.2366479581143027,0.2277272914299079,0.155300135849163,4,15.9125,valid
Uttar_Pradesh,Pilibhit,2020,7,2020-11-05,2020-11-10,0.1077837427667006,0.2043304118110562,0.215112661216775,0.1527265073757349,2,1.0,valid
Uttar_Pradesh,Pilibhit,2020,8,2020-11-10,2020-11-15,0.1000062581335081,0.2089925625824197,0.2309118737375445,0.176242243683384,2,3.26,valid
Uttar_Pradesh,Pilibhit,2020,9,2020-11-15,2020-11-20,0.0999289622110519,0.2143960120011385,0.2245412766279561,0.1676188871057842,3,3.4033333333333338,valid
Uttar_Pradesh,Pilibhit,2020,10,2020-11-20,2020-11-25,0.09784531111532252,0.20756009833899255,0.2117506968608857,0.15741089722588156,0,,insufficient_data
Uttar_Pradesh,Pilibhit,2020,11,2020-11-25,2020-11-30,0.0804558558748945,0.200650080304311,0.1802874112426036,0.1347853254437873,1,22.17,valid
Uttar_Pradesh,Pilibhit,2020,12,2020-11-30,2020-12-05,0.1010517365904575,0.2094314249960374,0.2079002614795494,0.1556815225207173,4,7.1775,valid
Uttar_Pradesh,Pilibhit,2020,13,2020-12-05,2020-12-10,0.090753796232676,0.20504075265017419,0.19409383636107652,0.1452334239822523,0,,insufficient_data
Uttar_Pradesh,Pilibhit,2020,14,2020-12-10,2020-12-15,0.0954529923000499,0.21879280670833898,0.18495919991881493,0.131645527107883,0,,insufficient_data
Uttar_Pradesh,Pilibhit,2020,15,2020-12-15,2020-12-20,0.1029515605126276,0.227864169910353,0.1872950942569206,0.13007562793993085,1,12.92,missing_bands
Uttar_Pradesh,Pilibhit,2020,16,2020-12-20,2020-12-25,0.1048513844347977,0.2462969148246686,0.1666899270342918,0.1044697333591444,0,,insufficient_data
Uttar_Pradesh,Pilibhit,2020,17,2020-12-25,2020-12-30,0.1048513844347977,0.2462969148246686,0.1666899270342918,0.1044697333591444,4,8.8475,valid
Uttar_Pradesh,Pilibhit,2020,18,2020-12-30,2021-01-04,0.1048513844347977,0.2462969148246686,0.1666899270342918,0.1044697333591444,0,,insufficient_data
Uttar_Pradesh,Pilibhit,2020,19,2021-01-04,2021-01-09,0.08410298449623405,0.26865887879142536,0.1662410333901594,0.1033553830562487,0,,insufficient_data
Uttar_Pradesh,Pilibhit,2020,20,2021-01-09,2021-01-14,0.08410298449623405,0.26865887879142536,0.1662410333901594,0.1033553830562487,0,,insufficient_data
Uttar_Pradesh,Pilibhit,2020,21,2021-01-14,2021-01-19,0.0633545845576704,0.2910208427581821,0.165792139746027,0.102241032753353,0,,insufficient_data
Uttar_Pradesh,Pilibhit,2020,22,2021-01-19,2021-01-24,0.0633545845576704,0.2910208427581821,0.165792139746027,0.102241032753353,1,21.83,valid
Uttar_Pradesh,Pilibhit,2020,23,2021-01-24,2021-01-29,0.0565674464202504,0.28496136170358294,0.1560531431542184,0.09195996764804884,0,,insufficient_data
Uttar_Pradesh,Pilibhit,2020,24,2021-01-29,2021-02-03,0.13017477061181784,0.3242824974435375,0.20978787640676674,0.14178888419192928,0,,insufficient_data
Uttar_Pradesh,Pilibhit,2020,25,2021-02-03,2021-02-08,0.0497803082828304,0.2789018806489838,0.1463141465624098,0.0816789025427447,4,6.6525,valid
Uttar_Pradesh,Pilibhit,2020,26,2021-02-08,2021-02-13,0.13134668733727708,0.31753079353500296,0.20197329156600838,0.1364149800651245,0,,insufficient_data
Uttar_Pradesh,Pilibhit,2020,27,2021-02-13,2021-02-18,0.2773894189949528,0.4029247689234467,0.3172573429118634,0.2414467172796902,2,13.06,valid
Uttar_Pradesh,Pilibhit,2020,28,2021-02-18,2021-02-23,0.0668703347340481,0.2707657310325784,0.1423483852237519,0.0861193203729386,4,2.3600000000000003,valid
Uttar_Pradesh,Pilibhit,2020,29,2021-02-23,2021-02-28,0.11629325439530942,0.29687314760356986,0.19070213220607485,0.12875711475775373,0,,insufficient_data
Uttar_Pradesh,Pilibhit,2020,30,2021-02-28,2021-03-05,0.0578216624195202,0.2823497498177554,0.1542392300744365,0.0957981799687516,4,0.11,valid
Uttar_Pradesh,Pilibhit,2020,31,2021-03-05,2021-03-10,0.073374595407502,0.2622584573424666,0.1612259521361393,0.1053367447170662,2,0.435,valid
Uttar_Pradesh,Pilibhit,2020,32,2021-03-10,2021-03-15,0.106010260420524,0.2660670309016023,0.1784397506841832,0.115084611450322,2,21.5,valid
Uttar_Pradesh,Pilibhit,2020,33,2021-03-15,2021-03-20,0.1158596582009748,0.2546399795921141,0.1817621670945283,0.1258963131791629,3,6.306666666666668,valid
Uttar_Pradesh,Pilibhit,2020,34,2021-03-20,2021-03-25,0.10531873954393109,0.24681192251301143,0.18924761198269463,0.13195900487346068,0,,insufficient_data
Uttar_Pradesh,Pilibhit,2020,35,2021-03-25,2021-03-30,0.1045543194294973,0.2266335378799168,0.1941044308062189,0.14201953004789,4,0.0275,valid
Uttar_Pradesh,Pilibhit,2020,36,2021-03-30,2021-04-04,0.1267948642611574,0.2244606068489573,0.2307057591924036,0.1714578249728623,4,0.3175,valid
Uttar_Pradesh,Pilibhit,2020,37,2021-04-04,2021-04-09,0.14945190484414667,0.2545945090109065,0.2708144468758979,0.20389517178477545,0,,insufficient_data
Uttar_Pradesh,Pilibhit,2020,38,2021-04-09,2021-04-14,0.1537114496424272,0.2550033121908368,0.2823384790337735,0.2162356626144946,4,5.2175,valid
Uttar_Pradesh,Pilibhit,2020,39,2021-04-14,2021-04-19,0.1728789189789741,0.2609303790501849,0.3038580942139974,0.2260787262466449,2,0.0,valid
Uttar_Pradesh,Pilibhit,2020,40,2021-04-19,2021-04-24,0.1893199719086774,0.3059447090846367,0.343065471133096,0.2636841150419853,2,0.4,valid
Uttar_Pradesh,Pilibhit,2020,41,2021-04-24,2021-04-29,0.173386165002565,0.279897875762509,0.3270638860236275,0.2614286948310899,4,0.0025,valid
Uttar_Pradesh,Pilibhit,2020,42,2021-04-29,2021-05-04,0.17852835196340547,0.28225765463244357,0.3246624837902403,0.25039717870657335,0,,insufficient_data
Uttar_Pradesh,Pilibhit,2021,0,2021-10-01,2021-10-06,0.0610483980943682,0.3482328284986385,0.1738908890149117,0.0871950376761269,2,8.004999999999999,valid
Uttar_Pradesh,Pilibhit,2021,1,2021-10-06,2021-10-11,0.06514595013642384,0.3048962411697968,0.16268662214399102,0.08530321299043299,0,,insufficient_data
Uttar_Pradesh,Pilibhit,2021,2,2021-10-11,2021-10-16,0.0799366582315268,0.320857866269167,0.2051466006045286,0.1142197375911328,2,15.845,valid
Uttar_Pradesh,Pilibhit,2021,3,2021-10-16,2021-10-21,0.0544527940833765,0.2455980287415849,0.1090223768125328,0.0544948637040393,1,28.99,valid
Uttar_Pradesh,Pilibhit,2021,4,2021-10-21,2021-10-26,0.08118419388398279,0.24079951685269707,0.18194028807928805,0.115493039387592,0,,insufficient_data
Uttar_Pradesh,Pilibhit,2021,5,2021-10-26,2021-10-31,0.0841099161103979,0.2179603110560381,0.1909813585885354,0.1217027417390925,2,0.405,valid
Uttar_Pradesh,Pilibhit,2021,6,2021-10-31,2021-11-05,0.0908484796795003,0.215879192698796,0.204137583162182,0.1394114990049509,4,6.0575,valid
Uttar_Pradesh,Pilibhit,2021,7,2021-11-05,2021-11-10,0.0965731213151124,0.2037021854978992,0.2004135212286615,0.1476363548987446,1,21.07,valid
Uttar_Pradesh,Pilibhit,2021,8,2021-11-10,2021-11-15,0.0942170632649681,0.203665365519984,0.2101986076074792,0.1578060154352048,4,10.145,valid
Uttar_Pradesh,Pilibhit,2021,9,2021-11-15,2021-11-20,0.0977307128330586,0.2085011407015739,0.2075523148739169,0.1572610048990426,1,3.19,valid
Uttar_Pradesh,Pilibhit,2021,10,2021-11-20,2021-11-25,0.09307058565931625,0.203528804084597,0.20734369666643943,0.15707809011160234,0,,insufficient_data
Uttar_Pradesh,Pilibhit,2021,11,2021-11-25,2021-11-30,0.0957444789394523,0.1949557560794626,0.2157236405017139,0.1739454805567002,2,3.605,valid
Uttar_Pradesh,Pilibhit,2021,12,2021-11-30,2021-12-05,0.08524362286146017,0.20884436015492608,0.19728664440074645,0.1462165595077681,0,,insufficient_data
Uttar_Pradesh,Pilibhit,2021,13,2021-12-05,2021-12-10,0.0810875519439898,0.2068195726240653,0.2028303991204258,0.1487415947683195,2,0.99,valid
Uttar_Pradesh,Pilibhit,2021,14,2021-12-10,2021-12-15,0.0784631712012152,0.2145609654599014,0.1786040449718896,0.1248010656263861,2,0.93,valid
Uttar_Pradesh,Pilibhit,2021,15,2021-12-15,2021-12-20,0.073192199389585,0.2193843659096273,0.1817228225357861,0.1263336516883922,2,1.58,valid
Uttar_Pradesh,Pilibhit,2021,16,2021-12-20,2021-12-25,0.0739883619080992,0.2218661700748848,0.1679663515652568,0.1120098891492947,4,3.15,valid
Uttar_Pradesh,Pilibhit,2021,17,2021-12-25,2021-12-30,0.07548256719129928,0.23581795583457904,0.17489722283596926,0.11692722554726209,0,,insufficient_data
Uttar_Pradesh,Pilibhit,2021,18,2021-12-30,2022-01-04,0.0744890325213273,0.2429036192928049,0.17366161545732914,0.11430261218755407,0,,insufficient_data
Uttar_Pradesh,Pilibhit,2021,19,2022-01-04,2022-01-09,0.0762865362662977,0.2874603218939027,0.1712956722709445,0.1045642957249753,1,16.38,valid
Uttar_Pradesh,Pilibhit,2021,20,2022-01-09,2022-01-14,0.0762865362662977,0.2874603218939027,0.1712956722709445,0.1045642957249753,0,,insufficient_data
Uttar_Pradesh,Pilibhit,2021,21,2022-01-14,2022-01-19,0.15826467632378038,0.37324795609982936,0.2403143178277165,0.1685786196331284,0,,insufficient_data
Uttar_Pradesh,Pilibhit,2021,22,2022-01-19,2022-01-24,0.15826467632378038,0.37324795609982936,0.2403143178277165,0.1685786196331284,0,,insufficient_data
Uttar_Pradesh,Pilibhit,2021,23,2022-01-24,2022-01-29,0.1770026139364075,0.39272470377541124,0.25636908665792524,0.18212408178106126,0,,insufficient_data
Uttar_Pradesh,Pilibhit,2021,24,2022-01-29,2022-02-03,0.2402428163812631,0.459035590305756,0.3093329633844885,0.2325929435412815,1,21.46,valid
Uttar_Pradesh,Pilibhit,2021,25,2022-02-03,2022-02-08,0.13547967581350004,0.3614125270627886,0.2208526360438956,0.15004710742691457,0,,insufficient_data
Uttar_Pradesh,Pilibhit,2021,26,2022-02-08,2022-02-13,0.1137624114915519,0.3264138172450664,0.2034052099313619,0.131655220020841,2,13.295,valid
Uttar_Pradesh,Pilibhit,2021,27,2022-02-13,2022-02-18,0.0524337995676851,0.2987881736375432,0.1498197348158363,0.0858931587186212,4,0.8575,valid
Uttar_Pradesh,Pilibhit,2021,28,2022-02-18,2022-02-23,0.06732285974540538,0.3122883427199915,0.1657020377453253,0.10063421325609712,0,,insufficient_data
Uttar_Pradesh,Pilibhit,2021,29,2022-02-23,2022-02-28,0.0569623275227597,0.3254008252453597,0.1607427995711783,0.0930494452590345,2,7.91,valid
Uttar_Pradesh,Pilibhit,2021,30,2022-02-28,2022-03-05,0.0587160427444747,0.2952174466927567,0.1574009640407004,0.0969522869139457,2,3.2550000000000003,valid
Uttar_Pradesh,Pilibhit,2021,31,2022-03-05,2022-03-10,0.0547397174005555,0.3156214507792316,0.1571414803675496,0.0956209553680432,2,0.6299999999999999,valid
Uttar_Pradesh,Pilibhit,2021,32,2022-03-10,2022-03-15,0.0599198259639982,0.2759392247356813,0.1590641772303896,0.1029942990770169,2,0.03,valid
Uttar_Pradesh,Pilibhit,2021,33,2022-03-15,2022-03-20,0.0671504526359563,0.2688540259785149,0.16773694289362334,0.11026818331391261,0,,insufficient_data
Uttar_Pradesh,Pilibhit,2021,34,2022-03-20,2022-03-25,0.0702585932247279,0.2397878243821018,0.1706398228315485,0.1144941118332624,4,1.475,valid
Uttar_Pradesh,Pilibhit,2021,35,2022-03-25,2022-03-30,0.0921180838460252,0.2177041833028029,0.1944382699979287,0.1412792633772948,4,0.17,valid
Uttar_Pradesh,Pilibhit,2021,36,2022-03-30,2022-04-04,0.11218396725133084,0.23706749801805982,0.23086602901562783,0.16759932668618072,0,,insufficient_data
Uttar_Pradesh,Pilibhit,2021,37,2022-04-04,2022-04-09,0.1044770419281605,0.2077925468431259,0.2235114305732821,0.1713068390540245,4,6.504999999999999,valid
Uttar_Pradesh,Pilibhit,2021,38,2022-04-09,2022-04-14,0.1332979032523778,0.2398438649124196,0.2681323290912218,0.1936792499632155,2,0.245,valid
Uttar_Pradesh,Pilibhit,2021,39,2022-04-14,2022-04-19,0.1607682140053628,0.280209070649849,0.297608292584158,0.2172371692031064,2,12.614999999999998,valid
Uttar_Pradesh,Pilibhit,2021,40,2022-04-19,2022-04-24,0.1619074746945314,0.2781206015425654,0.3099101105671549,0.2310430186360954,4,9.59,valid
Uttar_Pradesh,Pilibhit,2021,41,2022-04-24,2022-04-29,0.15160002434327877,0.2623014992451847,0.2914726006917931,0.21636646881994165,0,,insufficient_data
Uttar_Pradesh,Pilibhit,2021,42,2022-04-29,2022-05-04,0.1504265054208431,0.2510324598759049,0.2902396705246378,0.2235064374773492,2,0.22,valid
Uttar_Pradesh,Pilibhit,2022,0,2022-10-01,2022-10-06,0.0600495786472124,0.2543285747340347,0.1538438265785109,0.08049428568554,0,,insufficient_data
Uttar_Pradesh,Pilibhit,2022,1,2022-10-06,2022-10-11,0.0680741916382485,0.24625347165835904,0.1703580147358145,0.09554803706179295,0,,insufficient_data
Uttar_Pradesh,Pilibhit,2022,2,2022-10-11,2022-10-16,0.0600495786472124,0.2543285747340347,0.1538438265785109,0.08049428568554,4,1.9825,valid
Uttar_Pradesh,Pilibhit,2022,3,2022-10-16,2022-10-21,0.07565133270680968,0.2340601657765393,0.18727450336898593,0.11509302861479681,0,,insufficient_data
Uttar_Pradesh,Pilibhit,2022,4,2022-10-21,2022-10-26,0.0760988046292846,0.2381783685826834,0.1868722028931181,0.1106017884380459,4,0.36,valid
Uttar_Pradesh,Pilibhit,2022,5,2022-10-26,2022-10-31,0.0836550075843518,0.2235656366579544,0.199910878923746,0.1291613069478335,2,0.56,valid
Uttar_Pradesh,Pilibhit,2022,6,2022-10-31,2022-11-05,0.0828019399663899,0.2201680831314847,0.2084711050805687,0.1401147333877678,2,0.55,valid
Uttar_Pradesh,Pilibhit,2022,7,2022-11-05,2022-11-10,0.105222357997146,0.2425560143762172,0.2224855230835371,0.1530888994787781,3,15.23,valid
Uttar_Pradesh,Pilibhit,2022,8,2022-11-10,2022-11-15,0.09139901133487152,0.21930222465175583,0.21106976901808577,0.1484910987153151,0,,insufficient_data
Uttar_Pradesh,Pilibhit,2022,9,2022-11-15,2022-11-20,0.0917421255648051,0.2076834567945941,0.2129217467039229,0.1575944051271883,4,11.505,valid
Uttar_Pradesh,Pilibhit,2022,10,2022-11-20,2022-11-25,0.0935736255616648,0.2025379322985289,0.2115595912986544,0.1624961486350079,4,0.6775,valid
Uttar_Pradesh,Pilibhit,2022,11,2022-11-25,2022-11-30,0.08529691035428859,0.20669645002556813,0.2000107426753784,0.1464372148359771,0,,insufficient_data
Uttar_Pradesh,Pilibhit,2022,12,2022-11-30,2022-12-05,0.0886400837141234,0.2048450625866379,0.2000976991385855,0.1482093045841656,4,0.7224999999999999,valid
Uttar_Pradesh,Pilibhit,2022,13,2022-12-05,2022-12-10,0.0779884861305758,0.2041107713311993,0.1863744321265077,0.132274444884652,2,0.335,valid
Uttar_Pradesh,Pilibhit,2022,14,2022-12-10,2022-12-15,0.0745402308002738,0.2143050271168804,0.1891002441092215,0.1316117709488717,2,0.7350000000000001,valid
Uttar_Pradesh,Pilibhit,2022,15,2022-12-15,2022-12-20,0.0848808369604323,0.2298081290148315,0.1707780521082329,0.1139979688445975,3,5.576666666666665,valid
Uttar_Pradesh,Pilibhit,2022,16,2022-12-20,2022-12-25,0.08748747139278115,0.2313335420281174,0.1895545653868526,0.131679760759757,0,,insufficient_data
Uttar_Pradesh,Pilibhit,2022,17,2022-12-25,2022-12-30,0.1125403316798427,0.2771102406495584,0.2119655332034483,0.1488348583609068,1,14.1,valid
Uttar_Pradesh,Pilibhit,2022,18,2022-12-30,2023-01-04,0.08587373762292083,0.2502736814555671,0.17665104928044914,0.11846121264635578,0,,insufficient_data
Uttar_Pradesh,Pilibhit,2022,19,2023-01-04,2023-01-09,0.07480008605297189,0.27251748357545885,0.17135537435825496,0.11088627298867004,0,,insufficient_data
Uttar_Pradesh,Pilibhit,2022,20,2023-01-09,2023-01-14,0.06885245760945405,0.2710278561573283,0.16234147900122042,0.1011601007437535,0,,insufficient_data
Uttar_Pradesh,Pilibhit,2022,21,2023-01-14,2023-01-19,0.0602000442284875,0.2439026747023114,0.1472095625296662,0.0925508107335631,2,0.005,valid
Uttar_Pradesh,Pilibhit,2022,22,2023-01-19,2023-01-24,0.0516598822505855,0.2965395353745068,0.1548910273416504,0.0912731498715402,1,12.44,valid
Uttar_Pradesh,Pilibhit,2022,23,2023-01-24,2023-01-29,0.0510095722789005,0.2665589739029367,0.1352997929301168,0.0719815840090039,1,23.79,valid
Uttar_Pradesh,Pilibhit,2022,24,2023-01-29,2023-02-03,0.05471055825095711,0.2768420483974945,0.14879856250444506,0.08801886281127749,0,,insufficient_data
Uttar_Pradesh,Pilibhit,2022,25,2023-02-03,2023-02-08,0.0535018874707788,0.2864617871676709,0.149132762939004,0.0886095731980618,2,13.655,valid
Uttar_Pradesh,Pilibhit,2022,26,2023-02-08,2023-02-13,0.0571814050260332,0.2907472708400467,0.1574596667817879,0.0956791962442185,4,1.9825,valid
Uttar_Pradesh,Pilibhit,2022,27,2023-02-13,2023-02-18,0.056650526930214405,0.2890218146704462,0.153628410375289,0.09305761283343372,0,,insufficient_data
Uttar_Pradesh,Pilibhit,2022,28,2023-02-18,2023-02-23,0.0592682882938312,0.289856386003621,0.1542928014050751,0.0948840690580209,4,2.9725,valid
Uttar_Pradesh,Pilibhit,2022,29,2023-02-23,2023-02-28,0.060030380004267005,0.28649152736883643,0.158468077372953,0.099297287768544,0,,insufficient_data
Uttar_Pradesh,Pilibhit,2022,30,2023-02-28,2023-03-05,0.0638428418495191,0.27231137602542377,0.16291670915254944,0.10600931017525438,0,,insufficient_data
Uttar_Pradesh,Pilibhit,2022,31,2023-03-05,2023-03-10,0.0636414466929366,0.2788709252628417,0.163651763931996,0.1073285980033926,3,13.576666666666666,valid
Uttar_Pradesh,Pilibhit,2022,32,2023-03-10,2023-03-15,0.07065995015650696,0.2567298270208916,0.16933044718994528,0.1112514467502223,0,,insufficient_data
Uttar_Pradesh,Pilibhit,2022,33,2023-03-15,2023-03-20,0.0686187905617895,0.2482068168098086,0.1708055621205772,0.1158152634643496,2,2.0,valid
Uttar_Pradesh,Pilibhit,2022,34,2023-03-20,2023-03-25,0.0797196132147948,0.2431117389900245,0.1735340155172626,0.1106104787829247,4,3.0525000000000007,valid
Uttar_Pradesh,Pilibhit,2022,35,2023-03-25,2023-03-30,0.10241006930649721,0.24405239075093438,0.21628351102141755,0.15322507270861557,0,,insufficient_data
Uttar_Pradesh,Pilibhit,2022,36,2023-03-30,2023-04-04,0.1096394812749019,0.2542438995650885,0.213163583114042,0.1368528454070007,2,15.19,valid
Uttar_Pradesh,Pilibhit,2022,37,2023-04-04,2023-04-09,0.1222466351790768,0.2350127073306076,0.2567642688540247,0.1979421572597439,2,2.2,valid
Uttar_Pradesh,Pilibhit,2022,38,2023-04-09,2023-04-14,0.131825826301923,0.2396867910591426,0.2671501255011811,0.2049046186290588,2,1.38,valid
Uttar_Pradesh,Pilibhit,2022,39,2023-04-14,2023-04-19,0.1399451323468651,0.2450408811831765,0.2888485927579249,0.2265695987890681,4,1.7675,valid
Uttar_Pradesh,Pilibhit,2022,40,2023-04-19,2023-04-24,0.13456168448721428,0.24436733265109992,0.27904230963546617,0.21636527649687992,0,,insufficient_data
Uttar_Pradesh,Pilibhit,2022,41,2023-04-24,2023-04-29,0.1442291441209922,0.257728951031473,0.3034062514287338,0.2360447313096489,2,8.245,valid
Uttar_Pradesh,Pilibhit,2022,42,2023-04-29,2023-05-04,0.14208713823392866,0.2513849161073247,0.2961274220933293,0.2313071650493585,0,,insufficient_data
Uttar_Pradesh,Pilibhit,2023,0,2023-10-01,2023-10-06,0.0545168602486001,0.3131396043644057,0.1693992307406847,0.0825371636977799,2,4.205,valid
Uttar_Pradesh,Pilibhit,2023,1,2023-10-06,2023-10-11,0.0782382140891083,0.2843118623585878,0.1968589713778236,0.1121256435826006,4,1.9725,valid
Uttar_Pradesh,Pilibhit,2023,2,2023-10-11,2023-10-16,0.07864686180067262,0.2668381299154257,0.20352055947379175,0.1244227596136636,0,,insufficient_data
Uttar_Pradesh,Pilibhit,2023,3,2023-10-16,2023-10-21,0.0802836916897194,0.2564844974582945,0.2016063932308641,0.121822662593308,2,2.215,valid
Uttar_Pradesh,Pilibhit,2023,4,2023-10-21,2023-10-26,0.0886883078065185,0.2417438145728437,0.2199898927264822,0.1459027987711952,2,2.6500000000000004,valid
Uttar_Pradesh,Pilibhit,2023,5,2023-10-26,2023-10-31,0.0915072351694169,0.2385108708229967,0.2297483092931041,0.1597255294234343,2,0.895,valid
Uttar_Pradesh,Pilibhit,2023,6,2023-10-31,2023-11-05,0.0946863404526037,0.2232202130606591,0.2204170522534212,0.1592154950101698,4,0.99,valid
Uttar_Pradesh,Pilibhit,2023,7,2023-11-05,2023-11-10,0.09282785432825233,0.23061278806692848,0.22328230022532725,0.15822561940781205,0,,insufficient_data
Uttar_Pradesh,Pilibhit,2023,8,2023-11-10,2023-11-15,0.09670406404830856,0.2280301022816798,0.21913064095309348,0.15988300847013567,0,,insufficient_data
Uttar_Pradesh,Pilibhit,2023,9,2023-11-15,2023-11-20,0.0964295338844702,0.2189762538112144,0.2229739466283015,0.1680586544264489,3,10.056666666666668,valid
Uttar_Pradesh,Pilibhit,2023,10,2023-11-20,2023-11-25,0.08948491072652737,0.2264333141143691,0.20423418437021926,0.14758611428592097,0,,insufficient_data
Uttar_Pradesh,Pilibhit,2023,11,2023-11-25,2023-11-30,0.1041931466867434,0.231413071431849,0.2033832556375471,0.1525323550204897,1,25.91,valid
Uttar_Pradesh,Pilibhit,2023,12,2023-11-30,2023-12-05,0.08857658457826076,0.2322316381730738,0.19796178814934343,0.14001142879290612,0,,insufficient_data
Uttar_Pradesh,Pilibhit,2023,13,2023-12-05,2023-12-10,0.0678320516083685,0.2289106171000439,0.1863453508448092,0.1221673334108243,1,20.68,valid
Uttar_Pradesh,Pilibhit,2023,14,2023-12-10,2023-12-15,0.0858516061334609,0.2496266103491879,0.1791445994867159,0.1172873723138615,4,1.14,valid
Uttar_Pradesh,Pilibhit,2023,15,2023-12-15,2023-12-20,0.07321382940166156,0.2452169954159115,0.17343129549160122,0.11263850145769276,0,,insufficient_data
Uttar_Pradesh,Pilibhit,2023,16,2023-12-20,2023-12-25,0.0659578304631553,0.2571137587985027,0.1548039361432786,0.0984607986483925,2,22.55,valid
Uttar_Pradesh,Pilibhit,2023,17,2023-12-25,2023-12-30,0.1173329276564123,0.2889351993000257,0.18945047284153496,0.12227369865214793,0,,insufficient_data
Uttar_Pradesh,Pilibhit,2023,18,2023-12-30,2024-01-04,0.133073588417888,0.3085894937754446,0.1946034095189445,0.12476686182129115,0,,insufficient_data
Uttar_Pradesh,Pilibhit,2023,19,2024-01-04,2024-01-09,0.2001893463726207,0.3600652287523865,0.2344028828946104,0.1510729249941898,1,29.05,valid
Uttar_Pradesh,Pilibhit,2023,20,2024-01-09,2024-01-14,0.2001893463726207,0.3600652287523865,0.2344028828946104,0.1510729249941898,0,,insufficient_data
Uttar_Pradesh,Pilibhit,2023,21,2024-01-14,2024-01-19,0.12708255794884044,0.31643802385365866,0.1917295683099605,0.11910056286662705,0,,insufficient_data
Uttar_Pradesh,Pilibhit,2023,22,2024-01-19,2024-01-24,0.10052482409406359,0.31044091316181865,0.17628714319579356,0.10734135999670237,0,,insufficient_data
Uttar_Pradesh,Pilibhit,2023,23,2024-01-24,2024-01-29,0.05069256295478505,0.28562875536653476,0.14722927334638514,0.08547557749795864,0,,insufficient_data
Uttar_Pradesh,Pilibhit,2023,24,2024-01-29,2024-02-03,0.0539757695250602,0.2728108189549308,0.1490562537253106,0.0871282007390643,1,0.89,valid
Uttar_Pradesh,Pilibhit,2023,25,2024-02-03,2024-02-08,0.0474093563845099,0.2984466917781387,0.1454022929674597,0.083822954256853,2,24.89,valid
Uttar_Pradesh,Pilibhit,2023,26,2024-02-08,2024-02-13,0.05473679893757456,0.2958111525641729,0.15157377599572727,0.09181135126514633,0,,insufficient_data
Uttar_Pradesh,Pilibhit,2023,27,2024-02-13,2024-02-18,0.0556380377353661,0.2827745196365439,0.1500151910760455,0.0906402959186733,3,7.096666666666667,valid
Uttar_Pradesh,Pilibhit,2023,28,2024-02-18,2024-02-23,0.0659805096627518,0.3044555256991116,0.1564867453845815,0.1007369555610676,1,13.62,valid
Uttar_Pradesh,Pilibhit,2023,29,2024-02-23,2024-02-28,0.0506803213801848,0.3205682067521395,0.1569083968252391,0.0967283498500735,2,1.62,valid
Uttar_Pradesh,Pilibhit,2023,30,2024-02-28,2024-03-04,0.0538559703981879,0.3085665701148625,0.150683114652539,0.091222099898932,1,4.45,valid
Uttar_Pradesh,Pilibhit,2023,31,2024-03-04,2024-03-09,0.06111494741920588,0.3041835870389839,0.16167368964003173,0.1035950386152124,0,,insufficient_data
Uttar_Pradesh,Pilibhit,2023,32,2024-03-09,2024-03-14,0.0658566459311379,0.3089215953575712,0.1727899226566118,0.1148956247391568,4,3.0775,valid
Uttar_Pradesh,Pilibhit,2023,33,2024-03-14,2024-03-19,0.069201289723767,0.2784060372712346,0.1715002686811872,0.1143921630268321,2,0.53,valid
Uttar_Pradesh,Pilibhit,2023,34,2024-03-19,2024-03-24,0.09000774283312393,0.262894176065597,0.19269467124682735,0.13584749396682222,0,,insufficient_data
Uttar_Pradesh,Pilibhit,2023,35,2024-03-24,2024-03-29,0.0913653790358231,0.2507797859254455,0.184729787752011,0.1299370156270579,4,7.5625,valid
Uttar_Pradesh,Pilibhit,2023,36,2024-03-29,2024-04-03,0.0998783721864993,0.2268033524688835,0.213318065880682,0.1576656103262451,2,7.140000000000001,valid
Uttar_Pradesh,Pilibhit,2023,37,2024-04-03,2024-04-08,0.1237370272883923,0.2495601093048503,0.2211353112636447,0.1623470561148192,2,15.02,valid
Uttar_Pradesh,Pilibhit,2023,38,2024-04-08,2024-04-13,0.1309175661231393,0.241727543386548,0.2549874215546484,0.1906921772705393,4,4.1775,valid
Uttar_Pradesh,Pilibhit,2023,39,2024-04-13,2024-04-18,0.1356859807020189,0.2542906271748158,0.2586743333502589,0.19355441421346148,0,,insufficient_data
Uttar_Pradesh,Pilibhit,2023,40,2024-04-18,2024-04-23,0.1628314259038322,0.2818450029402243,0.3035685944765193,0.2254901632226347,4,0.3775,valid
Uttar_Pradesh,Pilibhit,2023,41,2024-04-23,2024-04-28,0.1610655120082314,0.2715171277735729,0.3003622735758003,0.2315770641330691,2,2.56,valid
Uttar_Pradesh,Pilibhit,2023,42,2024-04-28,2024-05-03,0.16194846895603182,0.2766810653568986,0.30196543402615983,0.2285336136778519,0,,insufficient_data
Uttar_Pradesh,Pilibhit,2024,0,2024-10-01,2024-10-06,0.055042484832587,0.3141696631457967,0.1642548687691593,0.0832890519081908,4,5.98,valid
Uttar_Pradesh,Pilibhit,2024,1,2024-10-06,2024-10-11,0.0659788369499809,0.289432732012582,0.18006537054794602,0.10056137340652083,0,,insufficient_data
Uttar_Pradesh,Pilibhit,2024,2,2024-10-11,2024-10-16,0.0619532953947219,0.2893687093269677,0.1788735487163234,0.1001720439193465,4,5.319999999999999,valid
Uttar_Pradesh,Pilibhit,2024,3,2024-10-16,2024-10-21,0.0809407306226338,0.2647598235649818,0.1970676941583553,0.1182230243920252,4,2.4525,valid
Uttar_Pradesh,Pilibhit,2024,4,2024-10-21,2024-10-26,0.08327342967574361,0.2547655775372698,0.20434660652349396,0.12789142309994145,0,,insufficient_data
Uttar_Pradesh,Pilibhit,2024,5,2024-10-26,2024-10-31,0.088527890976152,0.2551510362220768,0.218337621053367,0.1375566952107474,4,7.564999999999999,valid
Uttar_Pradesh,Pilibhit,2024,6,2024-10-31,2024-11-05,0.0951019642613528,0.2256385948449968,0.2072749618912859,0.1371363898339649,2,0.56,valid
Uttar_Pradesh,Pilibhit,2024,7,2024-11-05,2024-11-10,0.0898432671238576,0.2389097237273259,0.2201792067981383,0.1463689621436233,2,14.995,valid
Uttar_Pradesh,Pilibhit,2024,8,2024-11-10,2024-11-15,0.1814748385029747,0.2904653061313734,0.271517882484582,0.2000927107971941,4,6.3525,valid
Uttar_Pradesh,Pilibhit,2024,9,2024-11-15,2024-11-20,0.11286067293476913,0.23373278474517853,0.22535455986987524,0.16291449543182598,0,,insufficient_data
Uttar_Pradesh,Pilibhit,2024,10,2024-11-20,2024-11-25,0.0998872861225113,0.2071313997998481,0.214875314192933,0.1662843543117491,3,0.26,valid
Uttar_Pradesh,Pilibhit,2024,11,2024-11-25,2024-11-30,0.0979960086631493,0.2065188992223486,0.212925433982437,0.1646900600725986,3,0.32,valid
Uttar_Pradesh,Pilibhit,2024,12,2024-11-30,2024-12-05,0.09079561374207891,0.2123023582883937,0.20009515292885444,0.1500430320309205,0,,insufficient_data
Uttar_Pradesh,Pilibhit,2024,13,2024-12-05,2024-12-10,0.092889962183717,0.211619305605749,0.2031121237672246,0.1549588024613622,4,0.5900000000000001,valid
Uttar_Pradesh,Pilibhit,2024,14,2024-12-10,2024-12-15,0.0865295463474041,0.2147347396280505,0.1847168942352855,0.1342847340427785,2,0.74,valid
Uttar_Pradesh,Pilibhit,2024,15,2024-12-15,2024-12-20,0.0766752653936128,0.2215074471859724,0.1848459984663922,0.1299972092661142,2,0.785,valid
Uttar_Pradesh,Pilibhit,2024,16,2024-12-20,2024-12-25,0.0820280588123221,0.2393955029130748,0.1777445200373881,0.1226805985873269,4,2.1725,valid
Uttar_Pradesh,Pilibhit,2024,17,2024-12-25,2024-12-30,0.08174429018444634,0.2252125632423659,0.18243580424635528,0.1289875139654065,0,,insufficient_data
Uttar_Pradesh,Pilibhit,2024,18,2024-12-30,2025-01-04,0.07935166210296746,0.2304514750495236,0.18129525925189016,0.12633890392672054,0,,insufficient_data
Uttar_Pradesh,Pilibhit,2024,19,2025-01-04,2025-01-09,0.0820280588123221,0.2393955029130748,0.1777445200373881,0.1226805985873269,0,,insufficient_data
Uttar_Pradesh,Pilibhit,2024,20,2025-01-09,2025-01-14,0.0501458558032225,0.3177967426836117,0.1439755993299061,0.0820598378823421,0,,insufficient_data
Uttar_Pradesh,Pilibhit,2024,21,2025-01-14,2025-01-19,0.05184312241436295,0.308675860632899,0.1443649561994491,0.0835376842087132,0,,insufficient_data
Uttar_Pradesh,Pilibhit,2024,22,2025-01-19,2025-01-24,0.05184312241436295,0.308675860632899,0.1443649561994491,0.0835376842087132,0,,insufficient_data
Uttar_Pradesh,Pilibhit,2024,23,2025-01-24,2025-01-29,0.0501458558032225,0.3177967426836117,0.1439755993299061,0.0820598378823421,2,17.07,valid
Uttar_Pradesh,Pilibhit,2024,24,2025-01-29,2025-02-03,0.0535403890255034,0.2995549785821862,0.1447543130689921,0.0850155305350843,4,0.13,valid
Uttar_Pradesh,Pilibhit,2024,25,2025-02-03,2025-02-08,0.0537634896440534,0.31096523131465337,0.14872913506845195,0.08792742092864317,0,,insufficient_data
Uttar_Pradesh,Pilibhit,2024,26,2025-02-08,2025-02-13,0.0555398010081121,0.3130720279355343,0.1508485030571365,0.0904770367732499,4,2.1125,valid
Uttar_Pradesh,Pilibhit,2024,27,2025-02-13,2025-02-18,0.0558279127393756,0.3134371760572813,0.1553381248177731,0.0941572785238964,4,0.92,valid
Uttar_Pradesh,Pilibhit,2024,28,2025-02-18,2025-02-23,0.05970592743324381,0.3133787818004786,0.15580114042112353,0.09670770597372426,0,,insufficient_data
Uttar_Pradesh,Pilibhit,2024,29,2025-02-23,2025-02-28,0.0583339399961821,0.3145642565202521,0.1543204666725771,0.0964078713586128,4,6.5925,valid
Uttar_Pradesh,Pilibhit,2024,30,2025-02-28,2025-03-05,0.0728890453643596,0.3035776949663201,0.1616300091830901,0.1043529178350784,2,3.65,valid
Uttar_Pradesh,Pilibhit,2024,31,2025-03-05,2025-03-10,0.0559389380581897,0.3222427535230054,0.1568685983750408,0.0981434253777838,2,1.05,valid
Uttar_Pradesh,Pilibhit,2024,32,2025-03-10,2025-03-15,0.066710157768415,0.274047663695977,0.1618363129854208,0.1068398728598463,3,5.726666666666667,valid
Uttar_Pradesh,Pilibhit,2024,33,2025-03-15,2025-03-20,0.07493042982299097,0.2743933749347575,0.17316191419721014,0.11722197657952711,0,,insufficient_data
Uttar_Pradesh,Pilibhit,2024,34,2025-03-20,2025-03-25,0.0770513650008476,0.2423615483326431,0.1778131035594291,0.1243037405623884,4,4.234999999999999,valid
Uttar_Pradesh,Pilibhit,2024,35,2025-03-25,2025-03-30,0.102062642923143,0.229737214155842,0.2076615468830701,0.1524699262625386,4,0.1699999999999999,valid
Uttar_Pradesh,Pilibhit,2024,36,2025-03-30,2025-04-04,0.11878078156821208,0.24549285669616502,0.23637530372153215,0.17098682742408577,0,,insufficient_data
Uttar_Pradesh,Pilibhit,2024,37,2025-04-04,2025-04-09,0.1273500115988047,0.2407481931601698,0.2453966119177478,0.1809791793200983,4,0.08,valid
Uttar_Pradesh,Pilibhit,2024,38,2025-04-09,2025-04-14,0.1374316458831737,0.2485940205649472,0.2665617805751898,0.192880500325773,2,0.595,valid
Uttar_Pradesh,Pilibhit,2024,39,2025-04-14,2025-04-19,0.1500082424350914,0.2660233072672232,0.2844434756722238,0.2043007906496306,2,8.25,valid
Uttar_Pradesh,Pilibhit,2024,40,2025-04-19,2025-04-24,0.1466220890196853,0.2566703421073878,0.2864512734743056,0.2167702830544577,4,0.455,valid
Uttar_Pradesh,Pilibhit,2024,41,2025-04-24,2025-04-29,0.1492700001294362,0.2618243883242763,0.2868435747102349,0.21266408958505303,0,,insufficient_data
Uttar_Pradesh,Pilibhit,2024,42,2025-04-29,2025-05-04,0.1630180231797944,0.2760098833575469,0.3099177691192205,0.2367047843103508,1,1.26,valid
Uttar_Pradesh,Pilibhit,2025,0,2025-10-01,2025-10-06,0.0789317295472022,0.27151863194121,0.1979230076741055,0.1172956733124955,0,,insufficient_data
Uttar_Pradesh,Pilibhit,2025,1,2025-10-06,2025-10-11,0.08301265054475784,0.25800326551188923,0.20627056085874135,0.12838807407828534,0,,insufficient_data
Uttar_Pradesh,Pilibhit,2025,2,2025-10-11,2025-10-16,0.0789317295472022,0.27151863194121,0.1979230076741055,0.1172956733124955,4,0.8575,valid
Uttar_Pradesh,Pilibhit,2025,3,2025-10-16,2025-10-21,0.08301265054475784,0.25800326551188923,0.20627056085874135,0.12838807407828534,0,,insufficient_data
Uttar_Pradesh,Pilibhit,2025,4,2025-10-21,2025-10-26,0.0870935715423135,0.2444878990825685,0.2146181140433772,0.1394804748440752,2,6.93,valid
Uttar_Pradesh,Pilibhit,2025,5,2025-10-26,2025-10-31,0.0856559365326711,0.24408966084428416,0.208624321750812,0.13818746483560715,0,,insufficient_data
Uttar_Pradesh,Pilibhit,2025,6,2025-10-31,2025-11-05,0.09168273788276615,0.22485608286080258,0.21695242498281378,0.157139558363259,0,,insufficient_data
Uttar_Pradesh,Pilibhit,2025,7,2025-11-05,2025-11-10,0.0909425085084976,0.216262451509074,0.2133318435349533,0.1577862463502507,4,2.7275,valid
Uttar_Pradesh,Pilibhit,2025,8,2025-11-10,2025-11-15,0.09913173528318953,0.21609662745663547,0.21716906292248664,0.1671842015721575,0,,insufficient_data
Uttar_Pradesh,Pilibhit,2025,9,2025-11-15,2025-11-20,0.0970121335974874,0.2138178979907652,0.2229073173701109,0.1741519538954511,4,1.7225,valid
Uttar_Pradesh,Pilibhit,2025,10,2025-11-20,2025-11-25,0.1094405637435836,0.2182095328700672,0.2152680278623958,0.1696144044707706,3,0.65,valid
Uttar_Pradesh,Pilibhit,2025,11,2025-11-25,2025-11-30,0.09452014058793122,0.21444464601682056,0.19988808058282312,0.1505379900349648,0,,insufficient_data
Uttar_Pradesh,Pilibhit,2025,12,2025-11-30,2025-12-05,0.0948946332174107,0.2137861683747126,0.2065208825913784,0.1562321773350727,4,0.6625,valid
Uttar_Pradesh,Pilibhit,2025,13,2025-12-05,2025-12-10,0.0982373636962896,0.219042354736077,0.1798408908332063,0.1279381032622011,2,3.255,valid
Uttar_Pradesh,Pilibhit,2025,14,2025-12-10,2025-12-15,0.0730160086848848,0.2073672761124808,0.1749032842570243,0.1247533112113285,2,13.37,valid
Uttar_Pradesh,Pilibhit,2025,15,2025-12-15,2025-12-20,0.08871600186619504,0.2133985997410901,0.18708835256053635,0.13630786393620076,0,,insufficient_data
Uttar_Pradesh,Pilibhit,2025,16,2025-12-20,2025-12-25,0.08562668619058719,0.21320481542427888,0.1773720875451153,0.1263457072367648,0,,insufficient_data
Uttar_Pradesh,Pilibhit,2025,17,2025-12-25,2025-12-30,0.0644469794939436,0.2246840443698646,0.1606249934502342,0.10775057353298385,0,,insufficient_data
Uttar_Pradesh,Pilibhit,2025,18,2025-12-30,2026-01-04,0.0558779503030024,0.2420008126272484,0.1463467026434441,0.0907478358546392,0,,insufficient_data
Uttar_Pradesh,Pilibhit,2025,19,2026-01-04,2026-01-09,0.05224397498102125,0.2575830579261191,0.1474605099584319,0.08775467305041526,0,,insufficient_data
Uttar_Pradesh,Pilibhit,2025,20,2026-01-09,2026-01-14,0.0558779503030024,0.2420008126272484,0.1463467026434441,0.0907478358546392,4,1.7624999999999995,valid
Uttar_Pradesh,Pilibhit,2025,21,2026-01-14,2026-01-19,0.052757617582019335,0.2662817495504478,0.14610142102323895,0.08672756026759017,0,,insufficient_data
Uttar_Pradesh,Pilibhit,2025,22,2026-01-19,2026-01-24,0.0486099996590401,0.2731653032249898,0.1485743172734197,0.0847615102461913,2,3.185,valid
Uttar_Pradesh,Pilibhit,2025,23,2026-01-24,2026-01-29,0.0537849027840155,0.2836791327991053,0.143383243152853,0.08467333470194,2,3.38,valid
Uttar_Pradesh,Pilibhit,2025,24,2026-01-29,2026-02-03,0.05587626746838363,0.30268282955253745,0.1532561250504481,0.09046837646716338,0,,insufficient_data
Uttar_Pradesh,Pilibhit,2025,25,2026-02-03,2026-02-08,0.0704311600774588,0.3577731651557024,0.1787161702988272,0.1088300704057731,1,14.94,valid
Uttar_Pradesh,Pilibhit,2025,26,2026-02-08,2026-02-13,0.0506790073530201,0.2961137170303522,0.1423507694766925,0.0836085905147491,4,0.295,valid
Uttar_Pradesh,Pilibhit,2025,27,2026-02-13,2026-02-18,0.05818131951280396,0.3155343906402923,0.15330490892083531,0.09240883856144977,0,,insufficient_data
Uttar_Pradesh,Pilibhit,2025,28,2026-02-18,2026-02-23,0.0513503179732837,0.3066671423496815,0.1483229399491349,0.0878640664637642,4,5.105,valid
Uttar_Pradesh,Pilibhit,2025,29,2026-02-23,2026-02-28,0.0644773608711312,0.3008748924379293,0.1487810659150313,0.0924644672977885,2,0.555,valid
Uttar_Pradesh,Pilibhit,2025,30,2026-02-28,2026-03-05,0.053968751289126,0.3162430362277962,0.1483535989644906,0.0892769981251739,1,3.3,valid
Uttar_Pradesh,Pilibhit,2025,31,2026-03-05,2026-03-10,0.0593872100221927,0.2659735095550641,0.1508077658403763,0.0941774664732311,4,0.6925,valid
Uttar_Pradesh,Pilibhit,2025,32,2026-03-10,2026-03-15,0.06429850335862128,0.2749181826582102,0.15741847885881805,0.09910193567290455,0,,insufficient_data
Uttar_Pradesh,Pilibhit,2025,33,2026-03-15,2026-03-20,0.0653943028845345,0.2675528588745243,0.1589281301423877,0.0967136271522633,1,12.18,valid
Uttar_Pradesh,Pilibhit,2025,34,2026-03-20,2026-03-25,0.078264891726122,0.2239466161957372,0.1802218334318042,0.122877119316066,2,4.08,valid
Uttar_Pradesh,Pilibhit,2025,35,2026-03-25,2026-03-30,0.07182959730532826,0.24574973753513074,0.16957498178709596,0.10979537323416465,0,,insufficient_data
Uttar_Pradesh,Pilibhit,2025,36,2026-03-30,2026-04-04,0.07182959730532826,0.24574973753513074,0.16957498178709596,0.10979537323416465,0,,insufficient_data
Uttar_Pradesh,Pilibhit,2025,37,2026-04-04,2026-04-09,0.078264891726122,0.2239466161957372,0.1802218334318042,0.122877119316066,0,,insufficient_data
Uttar_Pradesh,Pilibhit,2025,38,2026-04-09,2026-04-14,,,,,0,,insufficient_data
Uttar_Pradesh,Pilibhit,2025,39,2026-04-14,2026-04-19,,,,,0,,insufficient_data
Uttar_Pradesh,Pilibhit,2025,40,2026-04-19,2026-04-24,,,,,0,,insufficient_data
Uttar_Pradesh,Pilibhit,2025,41,2026-04-24,2026-04-29,,,,,0,,insufficient_data
Uttar_Pradesh,Pilibhit,2025,42,2026-04-29,2026-05-04,,,,,0,,insufficient_data
