correction_candidate,anchor,gamma,encoder_variant,base_group,depth,correction_name,rmse,mae,bias,equal_state_rmse,mean_year_rmse,max_year_rmse,direction_accuracy,selection_score
modis_pretrained__physical__d2__current_minus_base,shadow_point_prediction,1.75,modis_pretrained,physical,2,current_minus_base,250.22034896860933,182.38148159198542,1.7302502074832387,260.2670517631471,249.3678718898325,270.0049140012568,0.7941176470588235,252.51890539754956
modis_pretrained__physical__d2__current_minus_base,shadow_point_prediction,2.0,modis_pretrained,physical,2,current_minus_base,250.2492091499832,182.9193056855705,1.8971299175123901,260.4175740552317,249.41980975007834,269.7772453554474,0.7983193277310925,252.58395052631911
modis_pretrained__physical__d2__current_minus_base,shadow_point_prediction,1.5,modis_pretrained,physical,2,current_minus_base,250.3385890855224,182.11558007449167,1.5633704974540854,260.27000883989865,249.46418979273636,270.3693852327133,0.7941176470588235,252.60284420091995
modis_pretrained__physical__d2__current_minus_base,shadow_point_prediction,2.25,modis_pretrained,physical,2,current_minus_base,250.42511877203574,183.6382489532379,2.064009627541543,260.7213098914531,249.6198306040027,269.6867257603846,0.8025210084033614,252.7978445098818
modis_pretrained__physical__d2__current_minus_base,shadow_point_prediction,1.25,modis_pretrained,physical,2,current_minus_base,250.60372128574673,182.0016807230066,1.3964907874249322,260.4264400573274,249.7086674636988,270.87010682325393,0.7983193277310925,252.83563752312992
modis_pretrained__physical__d2__current_minus_base,shadow_point_prediction,2.5,modis_pretrained,physical,2,current_minus_base,250.74776835170675,184.4028509062361,2.2308893375706966,261.17772473469046,249.9674951916964,269.7334932932447,0.7899159663865546,253.16018915745008
modis_pretrained__physical__d2__current_minus_base,shadow_point_prediction,1.0,modis_pretrained,physical,2,current_minus_base,251.0152801101463,181.9628687668734,1.229611077395779,260.73606918053395,250.1009403398234,271.50632494069646,0.7983193277310925,253.2168924351625
modis_pretrained__physical__d2__transition_minus_current,shadow_point_prediction,-2.0,modis_pretrained,physical,2,transition_minus_current,251.17540909298742,183.63571208362788,-4.191174105268596,260.6954634662427,250.44609555055268,269.5730230746751,0.8025210084033614,253.37309430069257
modis_pretrained__physical__d2__transition_minus_current,shadow_point_prediction,-1.75,modis_pretrained,physical,2,transition_minus_current,251.20333334500216,183.2994793693355,-3.5970158124501252,260.70375280609204,250.45144716924057,269.8727574873775,0.7983193277310925,253.39046666633425
modis_pretrained__physical__d1__transition_minus_current,shadow_point_prediction,-3.0,modis_pretrained,physical,1,transition_minus_current,251.25046260706998,184.38335034691852,-6.052808287597533,260.62045734978943,250.49565114062676,269.9564764031911,0.7815126050420168,253.40425842613905
modis_pretrained__physical__d2__transition_minus_current,shadow_point_prediction,-2.25,modis_pretrained,physical,2,transition_minus_current,251.24483288364087,184.04750048924902,-4.785332398087066,260.7851933104052,250.53586022740456,269.39716428738507,0.7983193277310925,253.45267982627286
modis_pretrained__physical__d2__transition_minus_current,shadow_point_prediction,-1.5,modis_pretrained,physical,2,transition_minus_current,251.32857319167007,183.01327589753996,-3.002857519631655,260.8100519839063,250.5518336771741,270.2959554243255,0.7941176470588235,253.50475801110514
modis_pretrained__physical__d1__transition_minus_current,shadow_point_prediction,-2.75,modis_pretrained,physical,1,transition_minus_current,251.367203099282,184.25138158823125,-5.5015665771911415,260.75892268356927,250.5987910975052,270.23846254141336,0.7773109243697479,253.52302999490962
modis_pretrained__physical__d2__transition_minus_current,shadow_point_prediction,-2.5,modis_pretrained,physical,2,transition_minus_current,251.4115240730571,184.7314219534357,-5.379490690905536,260.9728412332955,250.7207101098661,269.3454237651643,0.7857142857142857,253.62914987231898
modis_pretrained__physical__d1__transition_minus_current,shadow_point_prediction,-2.5,modis_pretrained,physical,1,transition_minus_current,251.50617572123005,184.12214868278252,-4.95032486678475,260.9158561372574,250.72332505787648,270.5518574755984,0.7773109243697479,253.66288315939852
modis_pretrained__physical__d2__current_minus_base,shadow_point_prediction,2.75,modis_pretrained,physical,2,current_minus_base,251.21659249402884,185.23046292541608,2.39776904759985,261.7860200145073,250.46210244483592,269.9174765924454,0.7899159663865546,253.67032686185024
modis_pretrained__physical__d2__transition_minus_current,shadow_point_prediction,-1.25,modis_pretrained,physical,2,transition_minus_current,251.5509832813038,182.78189708631834,-2.408699226813185,261.0142412549228,250.7470620478071,270.84203814094974,0.7983193277310925,253.71581746633439
modis_pretrained__physical__d2__current_minus_base,shadow_point_prediction,0.75,modis_pretrained,physical,2,current_minus_base,251.57254692208167,181.94902878243158,1.0627313673666257,261.19835139960446,250.64037796745174,272.27708976004845,0.7941176470588235,253.74595580280487
modis_pretrained__physical__d1__transition_minus_current,shadow_point_prediction,-2.25,modis_pretrained,physical,1,transition_minus_current,251.66734364266316,184.00141882765848,-4.399083156378358,261.09122440909493,250.86920327385965,270.89655219709914,0.7773109243697479,253.82377874207023
modis_pretrained__physical__d2__transition_minus_current,shadow_point_prediction,-2.75,modis_pretrained,physical,2,transition_minus_current,251.675289393011,185.44765402083235,-5.973648983724006,261.258196246892,251.00050142304767,269.41787301712947,0.7815126050420168,253.90231911399044
modis_pretrained__physical__d1__transition_minus_current,shadow_point_prediction,-2.0,modis_pretrained,physical,1,transition_minus_current,251.8506642529733,183.88076532658062,-3.8478414459719668,261.2849903800501,251.0363700067578,271.2724273918828,0.7773109243697479,254.00567222318864
modis_pretrained__physical__d2__transition_minus_current,shadow_point_prediction,-1.0,modis_pretrained,physical,2,transition_minus_current,251.870306200097,182.6600904949577,-1.8145409339947147,261.31609114879507,251.03682918047673,271.5102641717709,0.7983193277310925,254.02338318236644
modis_pretrained__physical__d1__transition_minus_current,shadow_point_prediction,-1.75,modis_pretrained,physical,1,transition_minus_current,252.05608921715614,183.76011182550275,-3.296599735565575,261.49711315275636,251.2247636254378,271.6793536430814,0.7773109243697479,254.2085138031266
modis_pretrained__physical__d2__transition_minus_current,shadow_point_prediction,-3.0,modis_pretrained,physical,2,transition_minus_current,252.0358240680956,186.16388608822902,-6.567807276542476,261.6409386627928,251.37497821264068,269.614411928589,0.7773109243697479,254.27189125290616
modis_pretrained__physical__d2__current_minus_base,shadow_point_prediction,3.0,modis_pretrained,physical,2,current_minus_base,251.83077481681528,186.11810699888917,2.564648757629003,262.54514004996145,251.10269646300196,270.23839540103506,0.7857142857142857,254.3273465366485
modis_pretrained__physical__d2__full_minus_base,shadow_point_prediction,1.5,modis_pretrained,physical,2,full_minus_base,251.97487197339285,183.49628643538296,12.476870778395318,262.4540115113132,251.0869557950084,272.2216839835422,0.7899159663865546,254.37267781327682
modis_pretrained__physical__d2__full_minus_base,shadow_point_prediction,1.25,modis_pretrained,physical,2,full_minus_base,252.03601496076985,183.0089006862261,10.49107435487596,262.32415788504954,251.13283398983094,272.45072622948265,0.7899159663865546,254.38225544910506
modis_pretrained__physical__d2__current_minus_base,shadow_point_prediction,0.5,modis_pretrained,physical,2,current_minus_base,252.2745561298792,182.35256261751874,0.8958516573374724,261.81247809720213,251.326089114466,273.1812624369329,0.7941176470588235,254.42191986785662
modis_pretrained__physical__d2__transition_minus_current,shadow_point_prediction,-0.75,modis_pretrained,physical,2,transition_minus_current,252.2861739556493,182.6813416641453,-1.2203826411762446,261.71526375443756,251.42072409013898,272.2997342958539,0.7983193277310925,254.4270839389688
modis_pretrained__physical__d1__transition_minus_current,shadow_point_prediction,-1.5,modis_pretrained,physical,1,transition_minus_current,252.28356453899963,183.64824924911179,-2.7453580251591836,261.7275480942122,251.43431671292086,272.11719164872727,0.7815126050420168,254.43224847128306
modis_pretrained__physical__d1__effect_features_minus_base,shadow_point_prediction,-3.0,modis_pretrained,physical,1,effect_features_minus_base,252.39956335347088,184.65754146301742,2.8598614151407404,261.55022033306835,251.38720358110243,273.9706810966697,0.7857142857142857,254.43413765527814
modis_pretrained__physical__d1__effect_features_minus_base,shadow_point_prediction,-2.75,modis_pretrained,physical,1,effect_features_minus_base,252.3980729772863,184.36174097974364,2.6683806503189422,261.57498610251304,251.38741670482835,273.9518569841815,0.7857142857142857,254.4396371904785
modis_pretrained__physical__d1__effect_features_minus_base,shadow_point_prediction,-2.5,modis_pretrained,physical,1,effect_features_minus_base,252.42282180272258,184.09215096940977,2.4768998854971445,261.62476689812667,251.4141152034968,273.9579312800148,0.7857142857142857,254.47113142676716
modis_pretrained__physical__d2__full_minus_base,shadow_point_prediction,1.75,modis_pretrained,physical,2,full_minus_base,252.03204899079054,184.00105854982863,14.462667201914677,262.70496135142133,251.1595274760126,272.11293952566047,0.7773109243697479,254.48214670225374
modis_pretrained__physical__d2__full_minus_base,shadow_point_prediction,1.0,modis_pretrained,physical,2,full_minus_base,252.21539190221776,182.79669304566642,8.505277931356602,262.31558031083733,251.29711504994037,272.79976325815744,0.7899159663865546,254.51086979130332
modis_pretrained__physical__d1__effect_features_minus_base,shadow_point_prediction,-2.25,modis_pretrained,physical,1,effect_features_minus_base,252.47380211346155,183.84966453934786,2.2854191206753467,261.6995484447465,251.46728954535524,273.9889023281868,0.7857142857142857,254.5286105542562
modis_pretrained__physical_modis__d1__transition_minus_current,shadow_point_prediction,-2.75,modis_pretrained,physical_modis,1,transition_minus_current,252.64813508153603,183.9323507962817,-7.674013160690569,261.2906631078263,251.8259835587557,272.1914976657794,0.7983193277310925,254.6032292074135
modis_pretrained__physical__d1__effect_features_minus_base,shadow_point_prediction,-2.0,modis_pretrained,physical,1,effect_features_minus_base,252.55099802412664,183.61803617639862,2.093938355853549,261.79930931838845,251.54692166098727,274.044761687611,0.7815126050420168,254.61205675690724
modis_pretrained__physical_modis__d1__transition_minus_current,shadow_point_prediction,-2.5,modis_pretrained,physical_modis,1,transition_minus_current,252.63841234901687,183.75744679842768,-6.925276306329684,261.3745820106919,251.801470467297,272.3486567646672,0.8025210084033614,254.61321929400566
modis_pretrained__physical_modis__d1__transition_minus_current,shadow_point_prediction,-3.0,modis_pretrained,physical_modis,1,transition_minus_current,252.68641445844767,184.10725479413574,-8.422750015051454,261.2301256650736,251.87915461446158,272.06121403788364,0.7983193277310925,254.62052729910766
modis_pretrained__physical_modis__d1__transition_minus_current,shadow_point_prediction,-2.25,modis_pretrained,physical_modis,1,transition_minus_current,252.6572495576326,183.58254280057366,-6.176539451968799,261.481859861825,251.80563283482925,272.53264484039835,0.8025210084033614,254.65049795297986
modis_pretrained__physical__d1__transition_minus_current,shadow_point_prediction,-1.25,modis_pretrained,physical,1,transition_minus_current,252.53303063130912,183.56213272629822,-2.194116314752792,261.976246882138,251.66495618077062,272.58579245383885,0.7857142857142857,254.67681608138173
modis_pretrained__physical__d2__full_minus_base,shadow_point_prediction,2.0,modis_pretrained,physical,2,full_minus_base,252.20746554130986,184.58432324843574,16.448463625434034,263.0766608631676,251.35042855591314,272.1246370734431,0.7773109243697479,254.71050512542513
modis_pretrained__physical_modis__d1__transition_minus_current,shadow_point_prediction,-2.0,modis_pretrained,physical_modis,1,transition_minus_current,252.70464032060417,183.4202798055846,-5.427802597607914,261.61246792523707,251.83847833931395,272.7434075978603,0.8025210084033614,254.71505672643985
modis_pretrained__physical__d1__effect_features_minus_base,shadow_point_prediction,-1.75,modis_pretrained,physical,1,effect_features_minus_base,252.65438550501017,183.39788132195065,1.902457591031751,261.9240209768897,251.65298497446364,274.12549414359444,0.7815126050420168,254.72144424034343
modis_pretrained__physical__d2__current_minus_base,v5_prediction,2.0,modis_pretrained,physical,2,current_minus_base,252.17605142405674,186.61292189123196,-6.449007110602068,263.2162793338859,251.4003161829064,271.16497997876166,0.7815126050420168,254.74217459122644
modis_pretrained__physical__d2__full_minus_base,shadow_point_prediction,0.75,modis_pretrained,physical,2,full_minus_base,252.51275082906093,182.82710560264724,6.519481507837242,262.42829068054647,251.5795846826099,273.2683352732953,0.7941176470588235,254.75834425531957
modis_pretrained__physical__d2__current_minus_base,v5_prediction,2.25,modis_pretrained,physical,2,current_minus_base,252.2244091773935,187.04392770500553,-6.282127400572914,263.26871818979635,251.4737568778969,270.918606751363,0.7815126050420168,254.79782335562007
modis_pretrained__physical_modis__d1__transition_minus_current,shadow_point_prediction,-1.75,modis_pretrained,physical_modis,1,transition_minus_current,252.78056857845326,183.3436994429888,-4.679065743247029,261.7663712791736,251.90000481311793,272.98088302056624,0.8025210084033614,254.8068783122995
modis_pretrained__physical__d1__pools_minus_current,shadow_point_prediction,-1.5,modis_pretrained,physical,1,pools_minus_current,252.61945277300907,184.30066091954183,-6.4529920694537815,262.2749534867527,251.74599434245812,272.7350927476211,0.7941176470588235,254.81496334380722
modis_pretrained__physical__d1__pools_minus_current,shadow_point_prediction,-1.25,modis_pretrained,physical,1,pools_minus_current,252.65443747350722,183.87986586236983,-5.283811351664957,262.2572849803668,251.74936247164214,273.1157676483696,0.7941176470588235,254.82888059975585
modis_pretrained__physical__d2__current_minus_base,v5_prediction,1.75,modis_pretrained,physical,2,current_minus_base,252.2736590061447,186.22186934787757,-6.6158868206312205,263.3156192610338,251.47374022117756,271.54752928852287,0.7773109243697479,254.8341693736252
modis_pretrained__physical__d1__effect_features_minus_base,shadow_point_prediction,-1.5,modis_pretrained,physical,1,effect_features_minus_base,252.78393241941413,183.27688250206324,1.710976826209953,262.0736478006421,251.78544444839594,274.23107772853825,0.7857142857142857,254.8567392719666
modis_pretrained__physical__d1__pools_minus_current,shadow_point_prediction,-1.75,modis_pretrained,physical,1,pools_minus_current,252.66997823922475,184.87116947217703,-7.622172787242605,262.3809754465907,251.83325737051695,272.379020572824,0.7773109243697479,254.88854732388927
modis_pretrained__physical__d2__pools_minus_current,shadow_point_prediction,-1.0,modis_pretrained,physical,2,pools_minus_current,252.69762107370602,182.93143932108555,5.085246439908704,262.3499854889827,251.93660690744082,271.5333871602266,0.7983193277310925,254.92045863595888
modis_pretrained__physical_modis__d1__transition_minus_current,shadow_point_prediction,-1.5,modis_pretrained,physical_modis,1,transition_minus_current,252.88500862619048,183.29195801124766,-3.930328888886144,261.943528862612,251.99020023116665,273.2450014611232,0.8025210084033614,254.92593658653993
modis_pretrained__physical__d2__transition_minus_current,shadow_point_prediction,-0.5,modis_pretrained,physical,2,transition_minus_current,252.79811008261004,182.82371269639188,-0.6262243483577744,262.21131459986896,251.89823070542695,273.2093974687676,0.8025210084033614,254.926441367629
modis_pretrained__physical__d1__pools_minus_current,shadow_point_prediction,-1.0,modis_pretrained,physical,1,pools_minus_current,252.774896836236,183.5933079157395,-4.114630633876132,262.3279877799728,251.8436921713661,273.5209425519831,0.7941176470588235,254.93036840595272
modis_pretrained__physical__d1__transition_minus_current,shadow_point_prediction,-1.0,modis_pretrained,physical,1,transition_minus_current,252.80442239295846,183.53503336135236,-1.6428746043464004,262.2431575548803,251.9166033908436,273.0849976959809,0.7941176470588235,254.94215143291024
modis_pretrained__physical__d2__pools_minus_current,shadow_point_prediction,-1.25,modis_pretrained,physical,2,pools_minus_current,252.72568061637614,183.45435077397636,6.216034990566088,262.40784399765676,252.0202200995518,270.89025730099985,0.8025210084033614,254.96985633249022
modis_pretrained__physical__d2__current_minus_base,v5_prediction,2.5,modis_pretrained,physical,2,current_minus_base,252.4186483751126,187.6039511255395,-6.115247690543761,263.4728452034368,251.69384854273088,270.8087812726048,0.7899159663865546,255.0009976240982
modis_pretrained__physical__d1__effect_features_minus_base,shadow_point_prediction,-1.25,modis_pretrained,physical,1,effect_features_minus_base,252.9395985734704,183.27198110394414,1.5194960613881552,262.2481471432806,251.94425664271242,274.36148375177754,0.7899159663865546,255.01790023323343
modis_pretrained__physical__d2__pools_minus_current,shadow_point_prediction,-0.75,modis_pretrained,physical,2,pools_minus_current,252.82216066578863,182.71988726573758,3.9544578892513194,262.42967991266084,252.0058911234467,272.30554045035257,0.8025210084033614,255.0199730919212
modis_pretrained__physical__d1__pools_minus_current,shadow_point_prediction,-2.0,modis_pretrained,physical,1,pools_minus_current,252.80596260231215,185.5800968055165,-8.79135350503143,262.57524383450874,252.01066236322606,272.04764772853764,0.773109243697479,255.0494578505898
modis_pretrained__physical__d2__full_minus_base,shadow_point_prediction,2.25,modis_pretrained,physical,2,full_minus_base,252.5008751961703,185.21647111654107,18.434260048953394,263.5685991827698,251.65937204665204,272.2567611024706,0.7773109243697479,255.0574304054406
modis_pretrained__physical_modis__d1__transition_minus_current,shadow_point_prediction,-1.25,modis_pretrained,physical_modis,1,transition_minus_current,253.01792515676215,183.26433476183794,-3.181592034525259,262.1438935297346,252.1090427161725,273.535685742274,0.8025210084033614,255.07219663985785
modis_pretrained__physical__d2__current_minus_base,v5_prediction,1.5,modis_pretrained,physical,2,current_minus_base,252.51706266002194,185.92747473015004,-6.782766530660374,263.56656635210925,251.69398258298673,272.06568025305313,0.7773109243697479,255.07366856378496
modis_pretrained__physical__d1__pools_minus_current,shadow_point_prediction,-0.75,modis_pretrained,physical,1,pools_minus_current,252.98070876231,183.34145656942704,-2.9454499160873078,262.4869904751985,252.02915127472946,273.9505087514066,0.7941176470588235,255.119389818637
modis_pretrained__physical__d2__full_minus_base,shadow_point_prediction,0.5,modis_pretrained,physical,2,full_minus_base,252.927675618774,183.0254380549743,4.5336850843178835,262.6621328574154,251.97986269854692,273.8558286963538,0.7983193277310925,255.1243366983776
scratch__physical__d2__effect_features_minus_base,shadow_point_prediction,1.25,scratch,physical,2,effect_features_minus_base,252.99914428183487,183.1170459720625,4.296591343165417,262.49936675164486,252.02836702981458,274.17039086743574,0.8025210084033614,255.13150558628232
scratch__physical__d2__effect_features_minus_base,shadow_point_prediction,1.5,scratch,physical,2,effect_features_minus_base,253.0220206071743,183.20551626726547,5.043491164342665,262.56749787857046,252.0518012395304,274.18847678139093,0.8067226890756303,255.16583508311237
modis_pretrained__physical__d2__pools_minus_current,shadow_point_prediction,-1.5,modis_pretrained,physical,2,pools_minus_current,252.90628850192437,184.07952102423508,7.346823541223473,262.60316451891634,252.2562733309208,270.377071575324,0.7899159663865546,255.16800371342146
scratch__physical__d2__effect_features_minus_base,shadow_point_prediction,1.0,scratch,physical,2,effect_features_minus_base,253.0579552468025,183.08046606063886,3.5496915219881666,262.52022359008,252.08644050762183,274.239436374771,0.8025210084033614,255.18064364782668
modis_pretrained__physical__d1__effect_features_minus_base,shadow_point_prediction,-1.0,modis_pretrained,physical,1,effect_features_minus_base,253.12133577825978,183.2816718775314,1.3280152965663574,262.44746939215935,252.1293697869221,274.51667683846387,0.7899159663865546,255.20487768390024
modis_pretrained__physical__d1__transition_minus_current,shadow_point_prediction,-0.75,modis_pretrained,physical,1,transition_minus_current,253.09766929253718,183.50793399640648,-1.0916328939400088,262.52822456474416,252.1891742839466,273.6146398633853,0.7941176470588235,255.2281843584413
scratch__physical__d1__transition_minus_current,shadow_point_prediction,-1.75,scratch,physical,1,transition_minus_current,253.07135115973952,182.59521442242735,12.404335375760756,262.49380638639514,252.28614434654145,272.206238436988,0.8067226890756303,255.2306632631039
modis_pretrained__physical__d2__current_minus_base,shadow_point_prediction,0.25,modis_pretrained,physical,2,current_minus_base,253.12010344057802,182.92749328967562,0.7289719473083192,262.57738385530513,252.1569292197275,274.2175233242903,0.7899159663865546,255.24362998904718
modis_pretrained__physical_modis__d1__transition_minus_current,shadow_point_prediction,-1.0,modis_pretrained,physical_modis,1,transition_minus_current,253.17927332058494,183.25712953312996,-2.432855180164374,262.36741211221056,252.25650056097925,273.852851268174,0.8025210084033614,255.2456148285899
scratch__physical__d1__transition_minus_current,shadow_point_prediction,-1.5,scratch,physical,1,transition_minus_current,253.09722559391653,182.56001942428026,10.71258635597767,262.5169997102291,252.28671863271876,272.52572070478965,0.8067226890756303,255.2495423826952
scratch__physical__d1__transition_minus_current,shadow_point_prediction,-2.0,scratch,physical,1,transition_minus_current,253.0863033764893,182.69853180040002,14.096084395543839,262.5104917808006,252.32571556893836,271.9320976778232,0.8067226890756303,255.2522035256794
modis_pretrained__physical__d2__pools_minus_current,shadow_point_prediction,-0.5,modis_pretrained,physical,2,pools_minus_current,253.09907412954541,182.7676926147325,2.823669338593935,262.64680205644066,252.2282522496593,273.205623207798,0.8025210084033614,255.26830064129769
scratch__physical__d2__effect_features_minus_base,shadow_point_prediction,1.75,scratch,physical,2,effect_features_minus_base,253.12656207534332,183.36977677002974,5.790390985519915,262.72454774036873,252.15672027597918,274.293676881263,0.8025210084033614,255.28359804175864
modis_pretrained__physical__d1__pools_minus_current,shadow_point_prediction,-2.25,modis_pretrained,physical,1,pools_minus_current,253.02726807786658,186.3223227629911,-9.960534222820256,262.8575629914806,252.27756666009716,271.7410645730829,0.7815126050420168,255.29741645182773
scratch__physical__d1__transition_minus_current,shadow_point_prediction,-1.25,scratch,physical,1,transition_minus_current,253.16391416104594,182.62388595004577,9.020837336194587,262.58006118501095,252.32743080909165,272.89038523262985,0.8067226890756303,255.30883007904862
scratch__physical__d2__effect_features_minus_base,shadow_point_prediction,0.75,scratch,physical,2,effect_features_minus_base,253.19839658100784,183.1297380375497,2.8027917008109164,262.6300471928646,252.22596548137136,274.3955475293799,0.8025210084033614,255.3132014590629
scratch__physical__d1__transition_minus_current,shadow_point_prediction,-2.25,scratch,physical,1,transition_minus_current,253.14207500970363,182.89303563153354,15.787833415326924,262.56704829090575,252.4054214713446,271.7034356720677,0.8025210084033614,255.31415494541443
modis_pretrained__physical_modis__d2__current_minus_base,shadow_point_prediction,1.0,modis_pretrained,physical_modis,2,current_minus_base,253.14955056696078,183.33659033200965,-0.9885016117106253,262.67497877422386,252.341406017,272.553030435087,0.7899159663865546,255.32887148128634
modis_pretrained__physical__d2__current_minus_base,v5_prediction,2.75,modis_pretrained,physical,2,current_minus_base,252.75843269756413,188.28079664495442,-5.9483679805146075,263.82830828639584,252.06011987237775,270.83566965531656,0.7857142857142857,255.35132338847546
modis_pretrained__physical_modis__d2__current_minus_base,shadow_point_prediction,0.75,modis_pretrained,physical_modis,2,current_minus_base,253.2065340758024,183.2570874409179,-0.6008531494631775,262.68721068111705,252.35816498443472,273.06819792427626,0.7899159663865546,255.36461095428916
modis_pretrained__physical__d1__full_minus_base,shadow_point_prediction,1.75,modis_pretrained,physical,1,full_minus_base,253.13263398952586,184.01455587358987,9.272779257524887,262.95269933036695,252.29479044239804,272.8731554430904,0.7899159663865546,255.37818943795418
modis_pretrained__physical__d1__full_minus_base,shadow_point_prediction,1.5,modis_pretrained,physical,1,full_minus_base,253.16604539986628,183.8374678638394,8.028395397489783,262.94022388440084,252.3081005652399,273.1328198326868,0.7899159663865546,255.3951038123433
modis_pretrained__physical__d1__full_minus_base,shadow_point_prediction,2.0,modis_pretrained,physical,1,full_minus_base,253.13460631300111,184.2060975705188,10.517163117559988,262.9950251128268,252.31691216338206,272.64681008674165,0.7899159663865546,255.39528747555278
modis_pretrained__physical__d1__pools_minus_current,shadow_point_prediction,-0.5,modis_pretrained,physical,1,pools_minus_current,253.27166517592778,183.24787280129087,-1.776269198298483,262.73413275283724,252.30574283466757,274.40435169662646,0.7983193277310925,255.3958014848401
scratch__physical__d1__transition_minus_current,shadow_point_prediction,-1.0,scratch,physical,1,transition_minus_current,253.27138462097693,182.7301685844351,7.329088316411503,262.68296209767647,252.40825484639436,273.300051160366,0.8067226890756303,255.40849654650617
modis_pretrained__physical_modis__d2__current_minus_base,shadow_point_prediction,1.25,modis_pretrained,physical_modis,2,current_minus_base,253.2145621627358,183.5015304849406,-1.3761500739580732,262.79090731507904,252.44532760018646,272.1676769556897,0.7773109243697479,255.41633981018427
scratch__physical__d1__transition_minus_current,shadow_point_prediction,-2.5,scratch,physical,1,transition_minus_current,253.2386390899744,183.16735962117195,17.479582435110004,262.6634501616498,252.52523278289533,271.5203673201095,0.8067226890756303,255.41649028112346
modis_pretrained__physical__d1__effect_features_minus_base,shadow_point_prediction,-0.75,modis_pretrained,physical,1,effect_features_minus_base,253.32908792400747,183.30639222275013,1.1365345317445594,262.6715580384161,252.34072386558518,274.69661497737076,0.7899159663865546,255.41761443800408
scratch__physical_modis__d2__effect_features_minus_base,shadow_point_prediction,1.25,scratch,physical_modis,2,effect_features_minus_base,253.2695219296733,182.73424078781613,7.219522741829619,262.85652836623404,252.30142837102562,274.42471882306955,0.7983193277310925,255.42425014915156
scratch__physical_modis__d2__effect_features_minus_base,shadow_point_prediction,1.0,scratch,physical_modis,2,effect_features_minus_base,253.28615308022637,182.80047804526723,5.888036640919529,262.8233784844692,252.3185989951064,274.43646379545584,0.7983193277310925,255.42857091000707
modis_pretrained__physical__d1__full_minus_base,shadow_point_prediction,1.25,modis_pretrained,physical,1,full_minus_base,253.2348265385979,183.71537966523724,6.78401153745468,262.95760302347946,252.35685181335543,273.42570832921587,0.7899159663865546,255.4460269785077
modis_pretrained__physical_modis__d1__transition_minus_current,shadow_point_prediction,-0.75,modis_pretrained,physical_modis,1,transition_minus_current,253.36899880093497,183.3023738940206,-1.684118325803489,262.6140254890951,252.43253226799155,274.19640614553435,0.8025210084033614,255.44613883973915
modis_pretrained__physical__d1__full_minus_base,shadow_point_prediction,2.25,modis_pretrained,physical,1,full_minus_base,253.17196154332643,184.42992983275758,11.761546977595092,263.0671868236115,252.37444164786348,272.45386680459336,0.7941176470588235,255.44638788953196
scratch__physical_modis__d1__transition_minus_current,shadow_point_prediction,-1.75,scratch,physical_modis,1,transition_minus_current,253.42218300890332,182.2101408189068,3.150028694744843,262.3576399607343,252.58438385095292,273.17398986060164,0.8067226890756303,255.44659745737346
modis_pretrained__physical__d2__current_minus_base,v5_prediction,1.25,modis_pretrained,physical,2,current_minus_base,252.9058414313894,185.785591411353,-6.949646240689527,263.96868822235626,252.06073637745368,272.718659965629,0.7773109243697479,255.4602768656472
scratch__physical_modis__d1__transition_minus_current,shadow_point_prediction,-1.5,scratch,physical_modis,1,transition_minus_current,253.42218159489133,182.1903631627952,2.78032348653546,262.4324631774858,252.5672147994179,273.3663525887294,0.8067226890756303,255.46101029167158
scratch__physical_modis__d1__transition_minus_current,shadow_point_prediction,-2.0,scratch,physical_modis,1,transition_minus_current,253.45487327630843,182.26165514281976,3.519733902954225,262.3119797041101,252.63339975785334,273.02305680004605,0.8025210084033614,255.46378150364507
scratch__physical__d2__effect_features_minus_base,shadow_point_prediction,2.0,scratch,physical,2,effect_features_minus_base,253.31266757739647,183.62625333768526,6.537290806697166,262.9703570262609,252.343022337406,274.4858910043148,0.8025210084033614,255.48467862961496
scratch__physical_modis__d2__effect_features_minus_base,shadow_point_prediction,1.5,scratch,physical_modis,2,effect_features_minus_base,253.3285296293206,182.69885303721472,8.551008842739709,262.9698251116808,252.35880973257247,274.50322380278084,0.7983193277310925,255.4964235257236
scratch__physical_modis__d1__transition_minus_current,shadow_point_prediction,-1.25,scratch,physical_modis,1,transition_minus_current,253.45486903481955,182.2981050498261,2.4106182783260777,262.53642441992304,252.5818816054461,273.6000575993315,0.8067226890756303,255.50701102375206
scratch__physical_modis__d2__effect_features_minus_base,shadow_point_prediction,0.75,scratch,physical_modis,2,effect_features_minus_base,253.37840818672248,182.91619571104334,4.556550540009438,262.8704057877058,252.41030715085478,274.5384471370466,0.8025210084033614,255.50938232800138
scratch__physical__d1__pools_minus_current,shadow_point_prediction,-1.0,scratch,physical,1,pools_minus_current,253.50136089807228,183.34802300817094,5.058265791387089,262.5592830568669,252.4770729733248,275.2425644021765,0.7983193277310925,255.50976945658405
scratch__physical__d2__pools_minus_base,shadow_point_prediction,0.75,scratch,physical,2,pools_minus_base,253.46734670438119,181.83426676312448,10.131607177044133,262.5521849492988,252.55825831297525,274.0063818503724,0.8067226890756303,255.5112841677591
scratch__physical_modis__d1__transition_minus_current,shadow_point_prediction,-2.25,scratch,physical_modis,1,transition_minus_current,253.52023975187572,182.34145863891402,3.8894391111636075,262.2954976376302,252.71426112996056,272.9136221442763,0.8067226890756303,255.51255956783552
modis_pretrained__physical__d2__pools_minus_current,shadow_point_prediction,-1.75,modis_pretrained,physical,2,pools_minus_current,253.2391183421993,184.78586333349375,8.477612091880857,262.93564071388425,252.64403827238428,269.9945709488312,0.7857142857142857,255.5144789176668
modis_pretrained__physical__d2__transition_minus_current,shadow_point_prediction,-0.25,modis_pretrained,physical,2,transition_minus_current,253.40553234254455,183.2108358225058,-0.032066055539304264,262.80369510281855,252.46873123203775,274.2380576316641,0.7983193277310925,255.52087275498633
modis_pretrained__physical__d2__full_minus_base,shadow_point_prediction,2.5,modis_pretrained,physical,2,full_minus_base,252.91186729507012,185.89486000062863,20.420056472472755,264.1801046093594,252.0859065889153,272.5091364491464,0.773109243697479,255.52243644710376
modis_pretrained__physical_modis__d2__current_minus_base,shadow_point_prediction,0.5,modis_pretrained,physical_modis,2,current_minus_base,253.3854303833287,183.2464477571764,-0.21320468721572972,262.8275851421276,252.49558646325102,273.712446436481,0.7941176470588235,255.52350809300899
scratch__physical__d2__pools_minus_base,shadow_point_prediction,0.5,scratch,physical,2,pools_minus_base,253.46177599582285,182.26917296537994,6.941768863789145,262.6482813740559,252.53046980671155,274.238387950979,0.8067226890756303,255.52557579310331
scratch__physical__d2__effect_features_minus_base,shadow_point_prediction,0.5,scratch,physical,2,effect_features_minus_base,253.42033256990769,183.22336258459134,2.0558918796336663,262.8287260351056,252.44680697867764,274.6385758606951,0.8025210084033614,255.52904953839965
modis_pretrained__physical__d1__full_minus_base,shadow_point_prediction,1.0,modis_pretrained,physical,1,full_minus_base,253.33894859724003,183.6431822901032,5.539627677419578,263.0048308293049,252.44103861823203,273.75171429272297,0.7899159663865546,255.53094166050425
modis_pretrained__physical__d1__full_minus_base,shadow_point_prediction,2.5,modis_pretrained,physical,1,full_minus_base,253.24468402287883,184.72076432071853,13.005930837630196,263.16915991944023,252.4673400982379,272.2943966011182,0.7983193277310925,255.53146701585894
scratch__physical__d1__pools_minus_current,shadow_point_prediction,-0.75,scratch,physical,1,pools_minus_current,253.50478689385739,183.24240305141225,3.9342224028601076,262.6233765268562,252.49643614721288,275.0846346379402,0.7983193277310925,255.53234661544596
modis_pretrained__physical__d1__transition_minus_current,shadow_point_prediction,-0.5,modis_pretrained,physical,1,transition_minus_current,253.41269545834754,183.48505697791393,-0.5403911835336173,262.8313888346287,252.48257951493042,274.17454256468756,0.7941176470588235,255.53483981656353
scratch__physical__d1__transition_minus_current,shadow_point_prediction,-0.75,scratch,physical,1,transition_minus_current,253.41958508922335,182.9355871860604,5.637339296628419,262.8256556546871,252.5291463809313,273.7545164580882,0.7983193277310925,255.54849305351627
modis_pretrained__physical__d1__current_minus_base,shadow_point_prediction,1.0,modis_pretrained,physical,1,current_minus_base,253.4096093235223,183.88037950105516,-4.938426080704766,262.87358160457677,252.53086462160837,273.61622710279664,0.7941176470588235,255.5559162183074
modis_pretrained__physical__d1__current_minus_base,shadow_point_prediction,0.75,modis_pretrained,physical,1,current_minus_base,253.426574306157,183.50506609356825,-3.563296501208783,262.860907037355,252.51073306159012,274.0364909635203,0.8025210084033614,255.5561971778148
scratch__physical__d1__transition_minus_current,shadow_point_prediction,-2.75,scratch,physical,1,transition_minus_current,253.37594897809083,183.47260271089274,19.17133145489309,262.7996535440366,252.68510183586613,271.3829848910692,0.8067226890756303,255.5591633340211
modis_pretrained__physical_modis__d2__full_minus_current,shadow_point_prediction,-1.0,modis_pretrained,physical_modis,2,full_minus_current,253.5937844348695,183.36685396207872,-5.337363818947035,262.4539642997968,252.63657513611184,274.6494896976775,0.7983193277310925,255.56952707641187
modis_pretrained__physical__d2__full_minus_current,shadow_point_prediction,-0.75,modis_pretrained,physical,2,full_minus_current,253.5553971571411,183.03506715378018,-4.894657903191451,262.58317174809156,252.5875347841079,274.72069314893724,0.7983193277310925,255.57037521162042
modis_pretrained__physical__d2__full_minus_current,shadow_point_prediction,-1.0,modis_pretrained,physical,2,full_minus_current,253.5958856956729,182.98539194430455,-6.713574616681656,262.4822506414183,252.63671375584966,274.6722329105618,0.8025210084033614,255.57768394715345
scratch__physical_modis__d1__transition_minus_current,shadow_point_prediction,-1.0,scratch,physical_modis,1,transition_minus_current,253.52023268455022,182.44686691324642,2.0409130701166953,262.6694890906686,252.62836093551732,273.8749990569347,0.8067226890756303,255.5845788488216
scratch__physical__d1__pools_minus_current,shadow_point_prediction,-1.25,scratch,physical,1,pools_minus_current,253.59681961964972,183.59288418955117,6.182309179914069,262.60813107966794,252.55392219466495,275.52919815149016,0.7983193277310925,255.58892312840806
scratch__physical_modis__d1__transition_minus_current,shadow_point_prediction,-2.5,scratch,physical_modis,1,transition_minus_current,253.61825717013159,182.43247624980052,4.259144319372989,262.3081992615061,252.82695416166865,272.8457358266077,0.8067226890756303,255.59291694085948
modis_pretrained__physical_modis__d2__full_minus_current,shadow_point_prediction,-0.75,modis_pretrained,physical_modis,2,full_minus_current,253.5923576284551,183.35757892762624,-3.862499804890485,262.6010119425572,252.6248247541394,274.7558384114164,0.7983193277310925,255.60263798840168
modis_pretrained__physical__d2__full_minus_base,shadow_point_prediction,0.25,modis_pretrained,physical,2,full_minus_base,253.45958889013906,183.32222193323517,2.5478886607985247,263.0167837551262,252.4974055571556,274.5614801415021,0.7983193277310925,255.60834177313998
modis_pretrained__physical_modis__d2__full_minus_current,shadow_point_prediction,-1.25,modis_pretrained,physical_modis,2,full_minus_current,253.6818958640231,183.44835253147036,-6.812227833003586,262.3821135818905,252.73861903019895,274.5948478877353,0.8025210084033614,255.6211310850339
modis_pretrained__physical_modis__d2__current_minus_base,shadow_point_prediction,1.5,modis_pretrained,physical_modis,2,current_minus_base,253.40147496752203,183.80075800919738,-1.7637985362055209,263.03482684951825,252.6697804888175,271.9126894021928,0.7773109243697479,255.62688931834495
modis_pretrained__physical__d1__pools_minus_current,shadow_point_prediction,-2.5,modis_pretrained,physical,1,pools_minus_current,253.3336710633055,187.09785124295715,-11.129714940609079,263.2276496067801,252.6331808311892,271.45935509806344,0.773109243697479,255.6320431411451
scratch__physical_modis__d2__effect_features_minus_base,shadow_point_prediction,1.75,scratch,physical_modis,2,effect_features_minus_base,253.4631233516717,182.80470428290425,9.882494943649798,263.1631652065843,252.49069048962133,274.67190135059496,0.8067226890756303,255.64502559988728
modis_pretrained__physical__d1__full_minus_base,shadow_point_prediction,0.75,modis_pretrained,physical,1,full_minus_base,253.47836802451408,183.57575471902288,4.295243817384475,263.0818912268027,252.56064054124496,274.11071956121737,0.7941176470588235,255.64981695426897
modis_pretrained__physical__d1__full_minus_base,shadow_point_prediction,2.75,modis_pretrained,physical,1,full_minus_base,253.35274329616922,185.05063887682934,14.250314697665297,263.3009097636038,252.5955541112038,272.1684583144264,0.7983193277310925,255.6504876167865
modis_pretrained__physical__d1__effect_features_minus_base,shadow_point_prediction,-0.5,modis_pretrained,physical,1,effect_features_minus_base,253.56279106608932,183.3809935934609,0.9450537669227617,262.92034975639575,252.57825071665485,274.9012495774684,0.7899159663865546,255.6560456513073
scratch__physical__d1__pools_minus_current,shadow_point_prediction,-0.5,scratch,physical,1,pools_minus_current,253.60709359948362,183.2939290178482,2.8101790143331273,262.8003288549101,252.61204089944462,275.0556305542781,0.7983193277310925,255.65663923833048
modis_pretrained__physical__d1__current_minus_base,shadow_point_prediction,1.25,modis_pretrained,physical,1,current_minus_base,253.49783610764433,184.38747918960917,-6.313555660200749,262.9978261468547,252.66377063292367,273.21059327807853,0.7899159663865546,255.66431724876674
modis_pretrained__physical__d2__pools_minus_current,shadow_point_prediction,-0.25,modis_pretrained,physical,2,pools_minus_current,253.5278621786099,183.1024642868422,1.6928807879365504,263.0010115575794,252.60358750216594,274.2323757690065,0.7983193277310925,255.6650808542413
modis_pretrained__physical__d1__current_minus_base,shadow_point_prediction,0.5,modis_pretrained,physical,1,current_minus_base,253.54870994035824,183.47278566883588,-2.1881669217128,262.95981857808613,252.60397381195742,274.47131765678296,0.8025210084033614,255.66530306769002
scratch__physical_modis__d2__effect_features_minus_base,shadow_point_prediction,0.5,scratch,physical_modis,2,effect_features_minus_base,253.54620469977007,183.11856834220944,3.2250644390993473,262.99756726585247,252.57647140192347,274.73056835510647,0.8025210084033614,255.66661201682905
modis_pretrained__physical__d2__full_minus_current,shadow_point_prediction,-0.5,modis_pretrained,physical,2,full_minus_current,253.6273011544673,183.17960565320294,-3.075741189701245,262.78523748031563,252.6536778520695,274.85563629544816,0.7941176470588235,255.67337941032991
modis_pretrained__physical_modis__d1__transition_minus_current,shadow_point_prediction,-0.5,modis_pretrained,physical_modis,1,transition_minus_current,253.5870379048957,183.4144569838959,-0.9353814714426041,262.8836686641347,252.63708660558962,274.5662513142332,0.8025210084033614,255.67370776987892
modis_pretrained__physical__d2__pools_minus_base,shadow_point_prediction,0.75,modis_pretrained,physical,2,pools_minus_base,253.62289382929188,183.60154727363206,-2.329634284605528,262.95931854578345,252.5355794235858,275.9951915162452,0.7857142857142857,255.68517140698825
modis_pretrained__physical_modis__d2__pools_minus_current,shadow_point_prediction,-0.75,modis_pretrained,physical_modis,2,pools_minus_current,253.45747262385936,183.28439273675068,-1.0693959056159317,263.14997280134935,252.70786063600644,272.186762084681,0.7941176470588235,255.69319467126863
scratch__physical_modis__d1__transition_minus_current,shadow_point_prediction,-0.75,scratch,physical_modis,1,transition_minus_current,253.61824727969972,182.67902145807886,1.671207861907313,262.83161298684587,252.70661719702716,274.1910529136592,0.8025210084033614,255.69368118581812
modis_pretrained__physical__d2__full_minus_current,shadow_point_prediction,-1.25,modis_pretrained,physical,2,full_minus_current,253.74871296948606,183.03322892181592,-8.532491330171862,262.48259082665965,252.80110014885366,274.7103013483473,0.8067226890756303,255.69527922862136
modis_pretrained__physical_modis__d2__transition_minus_current,shadow_point_prediction,-0.75,modis_pretrained,physical_modis,2,transition_minus_current,253.8370742199588,183.51122242854814,-1.76294270566835,262.11689807683877,252.99278102587556,273.6788390684859,0.7983193277310925,255.69595688565795
modis_pretrained__physical__d2__pools_minus_base,shadow_point_prediction,0.5,modis_pretrained,physical,2,pools_minus_base,253.62330656427847,183.48562408663275,-1.3657254439772966,262.968280955063,252.5716347423886,275.6443666169502,0.7899159663865546,255.69663220650213
scratch__physical_modis__d1__transition_minus_current,shadow_point_prediction,-2.75,scratch,physical_modis,1,transition_minus_current,253.7488876941314,182.5497260789779,4.628849527582372,262.35008033697136,252.971452629443,272.8194288627621,0.8067226890756303,255.7048270886693
modis_pretrained__physical_modis__d2__transition_minus_current,shadow_point_prediction,-1.0,modis_pretrained,physical_modis,2,transition_minus_current,253.9411705144612,183.85676664255638,-2.537954353317522,261.81091965150864,253.1426002723027,273.2657712359414,0.7899159663865546,255.70896523818342
scratch__physical__d2__pools_minus_base,shadow_point_prediction,1.0,scratch,physical,2,pools_minus_base,253.69212776363318,181.5615566861571,13.321445490299123,262.6736794131336,252.80497154221942,274.00266134033683,0.7983193277310925,255.71572662065483
modis_pretrained__physical_modis__d2__full_minus_current,shadow_point_prediction,-0.5,modis_pretrained,physical_modis,2,full_minus_current,253.6776169074494,183.4064003849201,-2.3876357908339347,262.8231302937934,252.70344678853434,274.91383402147255,0.7983193277310925,255.72045272430665
scratch__physical__d1__transition_minus_current,shadow_point_prediction,-0.5,scratch,physical,1,transition_minus_current,253.6084441619467,183.16902473526406,3.9455902768453344,263.0080770882229,252.69004283094148,274.2535584149131,0.7983193277310925,255.72875206076444
scratch__physical__d1__full_minus_current,shadow_point_prediction,-1.25,scratch,physical,1,full_minus_current,253.6843856893284,183.5830464587152,2.646343408679733,262.84300864434056,252.72580418689355,274.7584036853608,0.8151260504201681,255.73439605247273
modis_pretrained__physical_modis__d2__pools_minus_current,shadow_point_prediction,-0.5,modis_pretrained,physical_modis,2,pools_minus_current,253.54594894311006,183.2234151604481,-0.5255665246508991,263.14409847934013,252.72091790969154,273.1582826210509,0.7983193277310925,255.73922856881296
scratch__physical__d1__transition_minus_current,shadow_point_prediction,-3.0,scratch,physical,1,transition_minus_current,253.55393847746817,183.80287362748328,20.863080474676174,262.9755965946868,252.88496265180783,271.29135779125534,0.8109243697478992,255.74210905035773
scratch__physical__d1__full_minus_current,shadow_point_prediction,-1.0,scratch,physical,1,full_minus_current,253.68543356968905,183.44963947322813,2.2294931743996194,262.90957794657476,252.72543033283512,274.77437743977066,0.8109243697478992,255.75146885469698
scratch__physical__d1__full_minus_current,shadow_point_prediction,-1.5,scratch,physical,1,full_minus_current,253.7251829422331,183.77987375416276,3.0631936429598463,262.80809448053316,252.76697070415042,274.7971087000147,0.8151260504201681,255.75635776728745
modis_pretrained__physical_modis__d2__full_minus_current,shadow_point_prediction,-1.5,modis_pretrained,physical_modis,2,full_minus_current,253.8566016534852,183.6044182670939,-8.287091847060136,262.38552156382093,252.93075559630176,274.5919438494909,0.8025210084033614,255.75737011677327
scratch__physical__d2__pools_minus_base,shadow_point_prediction,0.25,scratch,physical,2,pools_minus_base,253.67543007952648,182.9675330493997,3.7519305505341554,262.9617301390395,252.7217085905333,274.69810122249874,0.8067226890756303,255.75857472215642
modis_pretrained__physical__d1__pools_minus_current,shadow_point_prediction,-0.25,modis_pretrained,physical,1,pools_minus_current,253.64747307215458,183.43192024754538,-0.6070884805096586,263.0691662028548,252.67330457854922,274.8823511417194,0.8025210084033614,255.7593542314283
scratch__physical__d2__effect_features_minus_base,shadow_point_prediction,2.25,scratch,physical,2,effect_features_minus_base,253.58015753094548,183.88376077410098,7.284190627874416,263.304677151065,252.61052717420563,274.764936536431,0.8025210084033614,255.7688798467904
scratch__physical__d1__pools_minus_current,shadow_point_prediction,-1.5,scratch,physical,1,pools_minus_current,253.7910514777451,183.88057051953328,7.306352568441049,262.7698576089488,252.72683863879226,275.9441348168859,0.7941176470588235,255.7696998008078
modis_pretrained__physical_modis__d2__pools_minus_current,shadow_point_prediction,-1.0,modis_pretrained,physical_modis,2,pools_minus_current,253.49752512191603,183.58513995520522,-1.613225286580964,263.27569285468644,252.82240378097043,271.310978343343,0.7941176470588235,255.77328671987226
modis_pretrained__physical_modis__d2__transition_minus_current,shadow_point_prediction,-0.5,modis_pretrained,physical_modis,2,transition_minus_current,253.83015298693144,183.35450525202506,-0.987931058019178,262.499262970918,252.9408491004857,274.16991930373143,0.7983193277310925,255.77510451131664
scratch__physical__d1__current_minus_base,shadow_point_prediction,1.0,scratch,physical,1,current_minus_base,253.79574509895255,183.2963073711793,8.79120317944656,262.6706825488544,252.85934162848747,274.6408379393557,0.8151260504201681,255.78037859381175
scratch__physical__d2__transition_features_minus_base,shadow_point_prediction,0.5,scratch,physical,2,transition_features_minus_base,253.69978756704649,183.15885951733125,7.4484065812845905,263.03611243759747,252.69163162984387,275.2863548149551,0.8025210084033614,255.78182980038358
scratch__physical_modis__d1__full_minus_current,shadow_point_prediction,-1.25,scratch,physical_modis,1,full_minus_current,253.76832448816913,183.40916844888906,3.9189426049134024,262.80263792338,252.79689830575802,274.9800162227897,0.8151260504201681,255.78404630136907
scratch__physical_modis__d1__full_minus_current,shadow_point_prediction,-1.0,scratch,physical_modis,1,full_minus_current,253.74936137882352,183.30004193069297,3.247572531386555,262.874345351956,252.78167291331175,274.9213260115033,0.8109243697478992,255.7886852557287
scratch__physical__d1__current_minus_base,shadow_point_prediction,0.75,scratch,physical,1,current_minus_base,253.76896169124487,183.18471100724614,6.733925443904711,262.79680045975084,252.82774589419077,274.663881630969,0.8109243697478992,255.79061743410784
modis_pretrained__physical__d1__full_minus_base,shadow_point_prediction,0.5,modis_pretrained,physical,1,full_minus_base,253.65302661723095,183.55888996938262,3.0508599573493718,263.1887580114579,252.7156222846929,274.5025946613707,0.7941176470588235,255.80260838265318
modis_pretrained__physical__d1__full_minus_base,shadow_point_prediction,3.0,modis_pretrained,physical,1,full_minus_base,253.496094173532,185.42596864464258,15.494698557700401,263.4623916846604,252.75901581862814,272.0760985081728,0.7983193277310925,255.80339896258812
modis_pretrained__physical_modis__d2__current_minus_base,shadow_point_prediction,0.25,modis_pretrained,physical_modis,2,current_minus_base,253.68598157534623,183.37825944205488,0.1744437750317181,263.09589704647465,252.7534852199436,274.48486706783075,0.7941176470588235,255.80533635427767
scratch__physical__d1__full_minus_current,shadow_point_prediction,-0.75,scratch,physical,1,full_minus_current,253.72832606486259,183.43817469186172,1.812642940119506,263.0077783507559,252.7658473006581,274.8450204295964,0.8067226890756303,255.8075694452848
modis_pretrained__physical_modis__d2__transition_minus_current,shadow_point_prediction,-1.25,modis_pretrained,physical_modis,2,transition_minus_current,254.14232246221087,184.25364268612978,-3.312966000966694,261.58159574845797,253.3899455831097,272.9310700102015,0.7899159663865546,255.81404656399735
scratch__physical__d1__full_minus_current,shadow_point_prediction,-1.75,scratch,physical,1,full_minus_current,253.80780514975166,183.99128145912928,3.48004387723996,262.80484807150333,252.84891070736154,274.89046938716075,0.819327731092437,255.81734226959202
scratch__physical__d2__transition_features_minus_base,shadow_point_prediction,0.75,scratch,physical,2,transition_features_minus_base,253.74438710498166,183.1483617982119,10.8915637532873,263.0594302350031,252.72477466174746,275.4492605624619,0.8067226890756303,255.81824477667845
scratch__physical_modis__d1__full_minus_current,shadow_point_prediction,-1.5,scratch,physical_modis,1,full_minus_current,253.83072626712476,183.54771333017874,4.59031267844025,262.76406138834255,252.85319876715874,275.1084783769892,0.819327731092437,255.8196781724377
scratch__physical__d2__effect_features_minus_base,shadow_point_prediction,0.25,scratch,physical,2,effect_features_minus_base,253.72354935961408,183.44024501321354,1.308992058456416,263.1160588332011,252.74875189783245,274.9682909058422,0.8025210084033614,255.82797736256543
scratch__physical_modis__d1__full_minus_current,shadow_point_prediction,-0.75,scratch,physical_modis,1,full_minus_current,253.77384667687934,183.29318517124784,2.576202457859708,262.9791565723289,252.80754265834332,274.9324524260733,0.8067226890756303,255.83359814610773
scratch__physical_modis__d1__transition_minus_current,shadow_point_prediction,-0.5,scratch,physical_modis,1,transition_minus_current,253.7488749844082,183.00733350237442,1.3015026536979306,263.02274237324184,252.81660263883182,274.54807718640586,0.7983193277310925,255.8342737452225
scratch__physical__d1__current_minus_base,shadow_point_prediction,1.25,scratch,physical,1,current_minus_base,253.8923971314914,183.44299069547762,10.848480914988409,262.59748475247585,252.95741951516982,274.726508458011,0.8151260504201681,255.8349246326571
modis_pretrained__physical__d2__pools_minus_base,shadow_point_prediction,1.0,modis_pretrained,physical,2,pools_minus_base,253.783792528045,183.80888923213274,-3.2935431252337612,263.11900362022686,252.66250491736673,276.4925690968737,0.7857142857142857,255.8372733984209
modis_pretrained__physical__d2__current_minus_base,v5_prediction,3.0,modis_pretrained,physical,2,current_minus_base,253.2431762980321,189.19726285708748,-5.781488270485455,264.33449691309784,252.57184690575855,270.9992312054971,0.7857142857142857,255.84817410373014
scratch__physical_modis__d1__transition_minus_current,shadow_point_prediction,-3.0,scratch,physical_modis,1,transition_minus_current,253.912080988342,182.69376551352306,4.998554735791754,262.42112689335056,253.14771791447038,272.83471328009375,0.8109243697478992,255.84825169612623
modis_pretrained__physical__d1__transition_minus_current,shadow_point_prediction,-0.25,modis_pretrained,physical,1,transition_minus_current,253.7494197744881,183.61161590957406,0.01085052687277434,263.15258781783416,252.79672459373404,274.76452080931193,0.7941176470588235,255.86203799013612
scratch__physical__d1__current_minus_base,shadow_point_prediction,0.5,scratch,physical,1,current_minus_base,253.8120690269376,183.23812144728402,4.6766477083628635,262.9757623468938,252.86263222094476,274.7956121833246,0.8067226890756303,255.86563315542844
scratch__physical_modis__d2__effect_features_minus_base,shadow_point_prediction,2.0,scratch,physical_modis,2,effect_features_minus_base,253.67318278363365,182.97228303063596,11.213981044559889,263.43637241578637,252.69695125158262,274.9305854964393,0.8067226890756303,255.86992230865908
modis_pretrained__physical__d2__pools_minus_base,shadow_point_prediction,0.25,modis_pretrained,physical,2,pools_minus_base,253.78502994597397,183.55271000214643,-0.4018166033490654,263.1458736163184,252.77045622463572,275.4406543858438,0.7941176470588235,255.8715974332255
scratch__physical__d2__full_minus_base,shadow_point_prediction,0.5,scratch,physical,2,full_minus_base,253.9118500317469,182.92889884912353,12.7831634004246,262.7485038879227,252.95056653069724,275.0240456027337,0.8025210084033614,255.8806926205284
modis_pretrained__physical__d1__current_minus_base,shadow_point_prediction,1.5,modis_pretrained,physical,1,current_minus_base,253.69114491016018,184.92675892980418,-7.688685239696732,263.23348268326436,252.90857199705448,272.81965474608114,0.7857142857142857,255.8810861251598
scratch__physical__d1__pools_minus_current,shadow_point_prediction,-0.25,scratch,physical,1,pools_minus_current,253.80816144246867,183.4797079736702,1.6861356258061466,263.08991231702896,252.82379998543968,275.15559292126636,0.7983193277310925,255.8825087968515
modis_pretrained__physical__d1__current_minus_base,shadow_point_prediction,0.25,modis_pretrained,physical,1,current_minus_base,253.77586437858423,183.53972127219404,-0.8130373422168171,263.1701904091248,252.81089493758935,274.920638082925,0.8025210084033614,255.88320352597066
modis_pretrained__physical__d2__full_minus_current,shadow_point_prediction,-0.25,modis_pretrained,physical,2,full_minus_current,253.8115021663177,183.35426216728743,-1.2568244762110397,263.0882147848487,252.8350818131492,275.07693507363234,0.7983193277310925,255.8865752326583
modis_pretrained__physical__d2__transition_features_minus_base,shadow_point_prediction,0.5,modis_pretrained,physical,2,transition_features_minus_base,253.76952458429898,183.26403600197213,2.0841682429744126,263.287415787121,252.74288166611495,275.54655187179316,0.7983193277310925,255.89233665545848
scratch__physical_modis__d1__full_minus_current,shadow_point_prediction,-1.75,scratch,physical_modis,1,full_minus_current,253.9365346921367,183.74870658685336,5.261682751967097,262.75863033903926,252.95052673972026,275.30661480424527,0.819327731092437,255.8955566157582
scratch__physical_modis__d2__effect_features_minus_base,shadow_point_prediction,0.25,scratch,physical_modis,2,effect_features_minus_base,253.7893927835459,183.41692398970525,1.8935783381892566,263.2047467738394,252.81694369597517,275.0126385413066,0.7983193277310925,255.90011900922661
scratch__physical__d1__full_minus_current,shadow_point_prediction,-0.5,scratch,physical,1,full_minus_current,253.81304196057434,183.48404485766406,1.3957927058393926,263.13757444362034,252.84703223958314,274.97029051939916,0.8025210084033614,255.90267265108804
scratch__physical__d2__full_minus_base,shadow_point_prediction,0.25,scratch,physical,2,full_minus_base,253.8769702028991,183.2139921287895,6.672627818851883,262.97595171629627,252.90688275228084,275.0794932419774,0.7983193277310925,255.90919371859383
modis_pretrained__physical_modis__d2__pools_minus_current,shadow_point_prediction,-0.25,modis_pretrained,physical_modis,2,pools_minus_current,253.7628196420818,183.39498196892572,0.0182628563141334,263.2580779113461,252.86204368093368,274.22452242758936,0.7983193277310925,255.91144021911086
scratch__physical__d2__transition_features_minus_base,shadow_point_prediction,0.25,scratch,physical,2,transition_features_minus_base,253.82098960881717,183.399217631573,4.005249409281878,263.1803125564011,252.8273291807559,275.2647172935684,0.8025210084033614,255.91240523869783
scratch__physical__d1__full_minus_current,shadow_point_prediction,-2.0,scratch,physical,1,full_minus_current,253.93221148599065,184.26997870714544,3.8968941115200733,262.8332705906925,252.97158404847744,275.03843008886093,0.819327731092437,255.9173194027878
scratch__physical_modis__d1__full_minus_current,shadow_point_prediction,-0.5,scratch,physical_modis,1,full_minus_current,253.84176780937992,183.35876218940274,1.9048323843328605,263.11703202436223,252.874500036987,275.0133869926353,0.8025210084033614,255.91876692002728
modis_pretrained__physical__d1__effect_features_minus_base,shadow_point_prediction,-0.25,modis_pretrained,physical,1,effect_features_minus_base,253.82237352254387,183.55929251611298,0.7535730021009638,263.19377449217495,252.8418741423146,275.13052553309444,0.7941176470588235,255.92009891989434
modis_pretrained__physical_modis__d2__full_minus_current,shadow_point_prediction,-0.25,modis_pretrained,physical_modis,2,full_minus_current,253.84947492727312,183.4845680665789,-0.9127717767773844,263.1201292360557,252.8723973813174,275.1233875497879,0.7983193277310925,255.92286911797981
modis_pretrained__physical__d2__full_minus_current,shadow_point_prediction,-1.5,modis_pretrained,physical,2,full_minus_current,254.01367621293346,183.27417791914687,-10.351408043662069,262.58419191025496,253.08040475546014,274.834862506033,0.8109243697478992,255.92298727289548
modis_pretrained__physical_modis__d1__transition_minus_current,shadow_point_prediction,-0.25,modis_pretrained,physical_modis,1,transition_minus_current,253.83331766951318,183.57021787319428,-0.1866446170817191,263.17627085024384,252.87010268135757,274.9622806869703,0.7983193277310925,255.92825221765696
modis_pretrained__physical_modis__d2__transition_minus_current,shadow_point_prediction,-0.25,modis_pretrained,physical_modis,2,transition_minus_current,253.92041476162387,183.4900143480311,-0.21291941037000608,262.95768111489457,252.9870498171838,274.73859361326544,0.8025210084033614,255.9463901138315
scratch__physical__d2__current_minus_base,shadow_point_prediction,0.25,scratch,physical,2,current_minus_base,253.89709176662265,183.24767902107135,6.645888650284065,263.05321843403016,252.94045963152197,274.9599303096108,0.8067226890756303,255.94696539969937
modis_pretrained__physical__d2__transition_features_minus_base,shadow_point_prediction,0.75,modis_pretrained,physical,2,transition_features_minus_base,253.81026994428962,183.19837522852433,2.845206245822036,263.4115790366473,252.76365278636922,275.7894852205061,0.8067226890756303,255.94894292789894
scratch__physical__d1__transition_minus_current,shadow_point_prediction,-0.25,scratch,physical,1,transition_minus_current,253.83787108738176,183.45370941334977,2.25384125706225,263.2301438027084,252.89086355218524,274.7969341720902,0.7983193277310925,255.9491873824143
scratch__physical__d1__current_minus_base,shadow_point_prediction,1.5,scratch,physical,1,current_minus_base,254.05883804815727,183.62123147726206,12.905758650530258,262.5772513277176,253.12191136452924,274.920791554741,0.819327731092437,255.95420969714036
modis_pretrained__physical_modis__d2__current_minus_base,shadow_point_prediction,1.75,modis_pretrained,physical_modis,2,current_minus_base,253.71001956092195,184.12262779248462,-2.1514469984529687,263.40638181118504,253.01444917908304,271.788434696511,0.7815126050420168,255.96021752802798
scratch__physical__d2__current_minus_base,shadow_point_prediction,0.5,scratch,physical,2,current_minus_base,253.98263610215653,183.17872411031018,12.729685063288965,262.8513288696417,253.03590709851352,274.94501845048063,0.8067226890756303,255.96312704311708
scratch__physical__d1__effect_features_minus_base,shadow_point_prediction,-1.0,scratch,physical,1,effect_features_minus_base,253.89381499919125,183.23907458085134,-2.0685798008231844,263.1932512609314,252.88478857471415,275.4979042902822,0.7815126050420168,255.966417458507
scratch__physical__d1__effect_features_minus_base,shadow_point_prediction,-0.75,scratch,physical,1,effect_features_minus_base,253.89466381976138,183.26490572078674,-1.4109117912975968,263.2140453902011,252.89589165176216,275.3940760631723,0.7857142857142857,255.97481617037153
modis_pretrained__physical__d1__pools_minus_base,shadow_point_prediction,-1.0,modis_pretrained,physical,1,pools_minus_base,253.856090267276,183.6513708144677,1.3858876841077996,263.3410961343346,252.85738356659033,275.3531196435802,0.7899159663865546,255.97766505886923
modis_pretrained__physical_modis__d2__full_minus_current,shadow_point_prediction,-1.75,modis_pretrained,physical_modis,2,full_minus_current,254.11772320259888,183.8692323580746,-9.761955861116686,262.46418531398473,253.21266381369725,274.6407792241625,0.7983193277310925,255.9780738832199
modis_pretrained__physical_modis__d2__pools_minus_current,shadow_point_prediction,-1.25,modis_pretrained,physical_modis,2,pools_minus_current,253.66604555526996,183.9518924289103,-2.1570546675459967,263.52108711220336,253.0638904854466,270.53186117520335,0.7941176470588235,255.97926717704746
modis_pretrained__physical__d2__transition_features_minus_base,shadow_point_prediction,0.25,modis_pretrained,physical,2,transition_features_minus_base,253.86874124543002,183.4590607189697,1.3231302401267893,263.31415660991166,252.86562196921085,275.4114643279082,0.7941176470588235,255.97931526749562
modis_pretrained__physical__d1__pools_minus_base,shadow_point_prediction,-1.25,modis_pretrained,physical,1,pools_minus_base,253.86240488001087,183.73691049043563,1.5918365458149581,263.3678837901668,252.86079921417902,275.3893773368482,0.7899159663865546,255.98837319109188
modis_pretrained__physical__d1__full_minus_base,shadow_point_prediction,0.25,modis_pretrained,physical,1,full_minus_base,253.86285164136763,183.64864203040906,1.8064760973142688,263.32539489380565,252.90593373412128,274.9271990374429,0.7983193277310925,255.98925797766555
scratch__physical__d1__effect_features_minus_base,shadow_point_prediction,-1.25,scratch,physical,1,effect_features_minus_base,253.9280698386008,183.2402196969823,-2.726247810348772,263.20837150481935,252.90739285430004,275.6519590536812,0.7815126050420168,255.99297600908025
modis_pretrained__physical__d2__current_minus_base,v5_prediction,1.0,modis_pretrained,physical,2,current_minus_base,253.43932629994407,185.7579584484511,-7.116525950718683,264.52129543080997,252.573436268881,273.50550273875035,0.7773109243697479,255.9933460748948
modis_pretrained__physical__d1__pools_minus_base,shadow_point_prediction,-0.75,modis_pretrained,physical,1,pools_minus_base,253.87747959766384,183.60462506937574,1.1799388224006413,263.3400929737806,252.88276909757752,275.33448930791985,0.7899159663865546,255.99445531667146
scratch__physical__d1__current_minus_base,shadow_point_prediction,0.25,scratch,physical,1,current_minus_base,253.92503151123128,183.4409106772311,2.6193699728210147,263.2074604201497,252.9639322960514,275.03587342723665,0.8025210084033614,256.0053639346659
scratch__physical_modis__d1__transition_minus_current,shadow_point_prediction,-0.25,scratch,physical_modis,1,transition_minus_current,253.91206546421975,183.37286379690497,0.9317974454885483,263.24281407091394,252.95825747511498,274.94591227183355,0.7983193277310925,256.0063006186171
modis_pretrained__physical__d2__pools_minus_current,shadow_point_prediction,-2.0,modis_pretrained,physical,2,pools_minus_current,253.72357109215932,185.59232106777094,9.608400642538243,263.4047532189082,253.18252482549065,269.74331136320797,0.7899159663865546,256.00860505717935
modis_pretrained__physical_modis__d2__transition_minus_current,shadow_point_prediction,-1.5,modis_pretrained,physical_modis,2,transition_minus_current,254.44029987650148,184.7170838751918,-4.087977648615866,261.4291280902853,253.7343429744272,272.6750239700973,0.7899159663865546,256.01101770442887
scratch__physical_modis__d1__full_minus_current,shadow_point_prediction,-2.0,scratch,physical_modis,1,full_minus_current,254.08569553596843,183.9833612056216,5.933052825493944,262.7863468305401,253.08880736061246,275.57427521831215,0.819327731092437,256.01163631577236
scratch__physical__d1__effect_features_minus_base,shadow_point_prediction,-0.5,scratch,physical,1,effect_features_minus_base,253.93061594828538,183.4007561981434,-0.7532437817720092,263.2707453826655,252.9407164004489,275.34053119216753,0.7899159663865546,256.0181734199213
scratch__physical__d2__transition_features_minus_base,shadow_point_prediction,1.0,scratch,physical,2,transition_features_minus_base,253.9547008683913,183.2555014521738,14.334720925290013,263.25022143414265,252.92675680318462,275.7531841665898,0.8025210084033614,256.02159499352746
modis_pretrained__physical_modis__d1__effect_features_minus_base,shadow_point_prediction,-1.0,modis_pretrained,physical_modis,1,effect_features_minus_base,253.92016178415153,184.28005875844366,2.5305604625819824,263.325623089117,252.93721845296307,275.25788335721126,0.7899159663865546,256.0257912775958
modis_pretrained__physical__d1__pools_minus_base,shadow_point_prediction,-1.5,modis_pretrained,physical,1,pools_minus_base,253.89642136880906,183.9244244585985,1.7977854075221167,263.4204480750749,252.89302022004227,275.44325542664615,0.7773109243697479,256.0265777581838
modis_pretrained__physical_modis__d1__effect_features_minus_base,shadow_point_prediction,-0.75,modis_pretrained,physical_modis,1,effect_features_minus_base,253.9277763318616,184.1052517438341,2.0384434062562784,263.3256811450847,252.94617124561245,275.2520010896066,0.7899159663865546,256.03185126360506
scratch__physical__d1__full_minus_current,shadow_point_prediction,-0.25,scratch,physical,1,full_minus_current,253.93953939914556,183.60201710144577,0.9789424715592793,263.29891949884717,252.96894135524303,275.15011309746205,0.8025210084033614,256.0367349130953
modis_pretrained__physical__d1__pools_minus_base,shadow_point_prediction,-0.5,modis_pretrained,physical,1,pools_minus_base,253.92656587030652,183.59929601217084,0.9739899606934828,263.3648746031453,252.93693954527913,275.3334899081126,0.7983193277310925,256.03873647225936
scratch__physical_modis__d1__full_minus_current,shadow_point_prediction,-0.25,scratch,physical_modis,1,full_minus_current,253.9530899248785,183.53416059330297,1.2334623108060132,263.2879197640234,252.98250999173263,275.16406811275544,0.8025210084033614,256.04415240137826
modis_pretrained__physical_modis__d1__effect_features_minus_base,shadow_point_prediction,-1.25,modis_pretrained,physical_modis,1,effect_features_minus_base,253.9387472500318,184.52969151812925,3.0226775189076864,263.3532223625443,252.95469193504934,275.28877313307106,0.7899159663865546,256.0463521994143
scratch__physical__d1__pools_minus_current,shadow_point_prediction,-1.75,scratch,physical,1,pools_minus_current,254.08382995403232,184.19651315683856,8.430395956968031,263.04425444276393,252.9955623102532,276.4867967484088,0.7941176470588235,256.05186916527043
modis_pretrained__physical__d1__pools_minus_current,shadow_point_prediction,-2.75,modis_pretrained,physical,1,pools_minus_current,253.72486326268682,187.89474986843518,-12.298895658397903,263.6851341312601,253.076576611154,271.2025968154855,0.7647058823529411,256.0528593169469
scratch__physical__d1__effect_features_minus_base,shadow_point_prediction,-1.5,scratch,physical,1,effect_features_minus_base,253.9974141354414,183.33047420264606,-3.3839158198743595,263.2593999336635,252.96367461375945,275.8561562047746,0.7773109243697479,256.0544757045764
scratch__physical__d1__full_minus_current,shadow_point_prediction,-2.25,scratch,physical,1,full_minus_current,254.09834057853342,184.59394030968502,4.3137443458001865,262.89335176651304,253.13492971295992,275.24090275146756,0.819327731092437,256.05624065913497
modis_pretrained__physical_modis__d1__effect_features_minus_base,shadow_point_prediction,-0.5,modis_pretrained,physical_modis,1,effect_features_minus_base,253.96158853649155,183.963156727508,1.5463263499305742,263.35339651215605,252.98154680770426,275.2711279334133,0.7941176470588235,256.06453009821087
scratch__physical_modis__d1__pools_minus_current,shadow_point_prediction,-0.5,scratch,physical_modis,1,pools_minus_current,254.08139227926975,183.79592300765557,0.8410714345488941,262.9927631414707,253.1039457737465,275.3693120705888,0.7983193277310925,256.0648733684392
scratch__physical_modis__d2__pools_minus_base,shadow_point_prediction,0.25,scratch,physical_modis,2,pools_minus_base,253.99797307009592,183.28880772803578,2.914495132717737,263.26401013767344,253.04455393054093,275.031460257051,0.8025210084033614,256.0761275521015
scratch__physical_modis__d2__pools_minus_current,shadow_point_prediction,0.25,scratch,physical_modis,2,pools_minus_current,253.98476115158516,183.5371224663742,-2.6297363141334644,263.3698519157549,252.98509076902712,275.49737065834285,0.7941176470588235,256.08111624698813
scratch__physical_modis__d1__transition_features_minus_base,shadow_point_prediction,-0.5,scratch,physical_modis,1,transition_features_minus_base,253.93791823982255,183.56737513835256,-0.8866796000995845,263.49112293474025,252.97684520860827,275.04904737048264,0.7815126050420168,256.0859511557484
modis_pretrained__physical_modis__d1__transition_features_minus_base,shadow_point_prediction,-0.5,modis_pretrained,physical_modis,1,transition_features_minus_base,253.93489951770175,183.88439781282514,2.8824636406928263,263.48609174625904,252.99815229109277,274.78962150173385,0.7983193277310925,256.0885107681888
modis_pretrained__physical__d1__pools_minus_base,shadow_point_prediction,-1.75,modis_pretrained,physical,1,pools_minus_base,253.95812860206536,184.1962172556405,2.003734269229275,263.4987735628388,252.95403866512868,275.51474357574165,0.773109243697479,256.0922673580245
modis_pretrained__physical_modis__d1__effect_features_minus_base,shadow_point_prediction,-1.5,modis_pretrained,physical_modis,1,effect_features_minus_base,253.98352697787604,184.7864979798802,3.5147945752333905,263.40847027177136,252.99858674894506,275.34466200072035,0.7857142857142857,256.0935277441171
scratch__physical_modis__d1__transition_features_minus_base,shadow_point_prediction,-0.75,scratch,physical_modis,1,transition_features_minus_base,253.92447002795785,183.57415297855135,-1.6110655187889595,263.55867074462867,252.96861735671473,274.9803213255428,0.7857142857142857,256.09405703931475
scratch__physical__d1__effect_features_minus_base,shadow_point_prediction,-0.25,scratch,physical,1,effect_features_minus_base,254.00165647889273,183.56957514478944,-0.09557577224642168,263.36332804760053,253.0192615120937,275.3372990130965,0.7899159663865546,256.09647562936993
scratch__physical_modis__d1__pools_minus_current,shadow_point_prediction,-0.25,scratch,physical_modis,1,pools_minus_current,254.05692125724843,183.75631068266304,0.70158183591403,263.2047913128377,253.08087506335488,275.3292438997053,0.7983193277310925,256.0998772226724
modis_pretrained__physical_modis__d1__transition_features_minus_base,shadow_point_prediction,-0.25,modis_pretrained,physical_modis,1,transition_features_minus_base,253.97567437497977,183.78934925476608,1.7222779389859961,263.4393920561116,253.01604335264653,275.0733546211912,0.7983193277310925,256.1016960396794
scratch__physical_modis__d1__full_minus_base,shadow_point_prediction,-0.75,scratch,physical_modis,1,full_minus_base,253.9378888339064,183.97083995500475,-0.7060709228365649,263.59816704037127,252.93991215492258,275.4310709619172,0.7941176470588235,256.1034642157766
scratch__physical_modis__d1__pools_minus_current,shadow_point_prediction,-0.75,scratch,physical_modis,1,pools_minus_current,254.18114729886713,183.94633616710004,0.9805610331837582,262.85585238457213,253.2006993338988,275.5045442713299,0.8025210084033614,256.1047115790513
modis_pretrained__physical__d2__full_minus_base,shadow_point_prediction,2.75,modis_pretrained,physical,2,full_minus_base,253.43986980408695,186.59189923836337,22.405852895992112,264.9103491365479,252.62941971864512,272.88142946911665,0.7773109243697479,256.1048771158417
modis_pretrained__physical__d1__pools_minus_base,shadow_point_prediction,-0.25,modis_pretrained,physical,1,pools_minus_base,254.00333302786024,183.66884505180317,0.7680410989863243,263.4154337450751,253.0198666108401,275.35012163613595,0.7983193277310925,256.11049160290895
scratch__physical_modis__d2__full_minus_current,shadow_point_prediction,0.25,scratch,physical_modis,2,full_minus_current,254.01975075760024,183.71203169495777,-1.2780391376890343,263.38070848553787,253.02486053980738,275.4849078185729,0.7857142857142857,256.1112676351364
scratch__physical_modis__d1__full_minus_base,shadow_point_prediction,-0.5,scratch,physical_modis,1,full_minus_base,253.9676315001958,183.88996873114857,-0.2833498694646547,263.53738835635113,252.97714548339604,275.3852179772967,0.7941176470588235,256.1124492100347
modis_pretrained__physical_modis__d1__pools_minus_current,shadow_point_prediction,-0.25,modis_pretrained,physical_modis,1,pools_minus_current,254.06068352323305,183.78771040582052,-1.088740796434808,263.254964499826,253.08931765919783,275.28454685589736,0.8025210084033614,256.11641230137246
modis_pretrained__physical_modis__d2__full_minus_base,shadow_point_prediction,0.5,modis_pretrained,physical_modis,2,full_minus_base,253.92389192565184,183.7209453289288,2.736523340897371,263.5816985460919,253.0371864289957,274.2391951726924,0.7941176470588235,256.1166672065978
modis_pretrained__physical_modis__d1__pools_minus_current,shadow_point_prediction,-0.5,modis_pretrained,physical_modis,1,pools_minus_current,254.10839006019557,183.9687639360888,-2.7395738301487818,263.1038148702048,253.14891827262971,275.2101756343925,0.8025210084033614,256.11737831580643
modis_pretrained__physical_modis__d2__full_minus_base,shadow_point_prediction,0.25,modis_pretrained,physical_modis,2,full_minus_base,253.97137640869485,183.68379897763313,1.6493077890882684,263.4889373360338,253.04099665228807,274.7599756371233,0.7941176470588235,256.11817170142785
scratch__physical_modis__d2__full_minus_base,shadow_point_prediction,0.25,scratch,physical_modis,2,full_minus_base,254.0457903361671,183.46638683043173,4.266192309162167,263.28506438780596,253.10004704750372,275.0004984601842,0.7941176470588235,256.11917302691097
modis_pretrained__physical_modis__d2__transition_features_minus_base,shadow_point_prediction,0.25,modis_pretrained,physical_modis,2,transition_features_minus_base,253.92859018223268,183.63387947116237,0.9494554226808901,263.67006954652624,252.95611624539,275.15819195882324,0.7941176470588235,256.1208415390954
scratch__physical_modis__d1__full_minus_base,shadow_point_prediction,-1.0,scratch,physical_modis,1,full_minus_base,253.93504132293552,184.09797548417214,-1.1287919762084753,263.68423301036705,252.92932818711722,275.5071968751607,0.7899159663865546,256.12091096083884
modis_pretrained__physical_modis__d1__effect_features_minus_base,shadow_point_prediction,-0.25,modis_pretrained,physical_modis,1,effect_features_minus_base,254.02158793671973,183.85077540947174,1.05420929360487,263.4087604601829,253.0433331924272,275.31525867629364,0.7941176470588235,256.12381738151237
scratch__physical__d2__full_minus_base,shadow_point_prediction,0.75,scratch,physical,2,full_minus_base,254.21228611538217,182.8761472952682,18.893698981997314,262.81016074595743,253.26237077769352,275.2181891425598,0.8025210084033614,256.12427593860383
scratch__physical_modis__d1__transition_features_minus_base,shadow_point_prediction,-0.25,scratch,physical_modis,1,transition_features_minus_base,253.99902501881922,183.65288461489402,-0.16229368141020925,263.4688140432827,253.03115742973546,275.1837663117422,0.7899159663865546,256.12450537766415
scratch__physical_modis__d2__pools_minus_base,shadow_point_prediction,0.5,scratch,physical_modis,2,pools_minus_base,254.07046495552498,182.99725265849906,5.266898028156308,263.22039617968437,253.13681726858277,274.8980880460161,0.8109243697478992,256.12453583982926
scratch__physical_modis__d1__current_minus_base,shadow_point_prediction,0.5,scratch,physical_modis,1,current_minus_base,254.0980179442995,183.2702111308619,2.750274491076681,263.16163849143226,253.14126883487884,275.1708111789482,0.8067226890756303,256.12473580372756
scratch__physical__d1__pools_minus_base,shadow_point_prediction,-0.25,scratch,physical,1,pools_minus_base,254.03296811617867,183.79272501741704,-0.37114210973570205,263.40441920926315,253.0304527972346,275.57682383875425,0.7857142857142857,256.1252020597138
modis_pretrained__physical_modis__d1__current_minus_base,shadow_point_prediction,0.25,modis_pretrained,physical_modis,1,current_minus_base,254.05226344632598,183.6659507907959,-1.3468303187885493,263.31857596114895,253.0803672954185,275.281273849374,0.8025210084033614,256.1258675373048
scratch__physical_modis__d2__transition_features_minus_base,shadow_point_prediction,0.25,scratch,physical_modis,2,transition_features_minus_base,253.98733399160923,183.675130132804,2.737021567608099,263.52203211341714,253.011767998221,275.2516214730002,0.7941176470588235,256.12711702371416
scratch__physical_modis__d2__full_minus_current,shadow_point_prediction,0.5,scratch,physical_modis,2,full_minus_current,254.0547993046872,183.78381093579688,-3.1181705126572345,263.3688569657327,253.0345020232179,275.7805310306518,0.7857142857142857,256.1282393995813
scratch__physical_modis__d1__current_minus_base,shadow_point_prediction,0.25,scratch,physical_modis,1,current_minus_base,254.06562220727872,183.45837327344643,1.6561833641779236,263.3003158588415,253.1011010543044,275.2183574996792,0.8025210084033614,256.1331653319258
scratch__physical__d2__effect_features_minus_base,shadow_point_prediction,2.5,scratch,physical,2,effect_features_minus_base,253.92877474364806,184.2325399324462,8.031090449051666,263.72717150628154,252.9589769581836,275.13054927679656,0.8025210084033614,256.1359244879403
scratch__physical_modis__d2__pools_minus_current,shadow_point_prediction,0.5,scratch,physical_modis,2,pools_minus_current,254.0558493849166,183.6133787534027,-5.821564865546095,263.41100569692736,253.02788530969252,275.85908900981553,0.7941176470588235,256.13764744411327
scratch__physical__d1__current_minus_base,shadow_point_prediction,1.75,scratch,physical,1,current_minus_base,254.2949308144917,183.84750260097334,14.963036386072107,262.60999451688565,253.35268103392855,275.22345721740146,0.819327731092437,256.1381342949494
scratch__physical__d2__pools_minus_base,shadow_point_prediction,1.25,scratch,physical,2,pools_minus_base,254.13553750429807,181.45168755532103,16.51128380355411,263.0124632276842,253.26994144506523,274.2272357124969,0.8025210084033614,256.13836992033634
modis_pretrained__physical__d1__full_minus_current,shadow_point_prediction,-0.25,modis_pretrained,physical,1,full_minus_current,254.05798945447046,183.66568173442764,-2.05742120225192,263.37247460232373,253.07492508640058,275.40303065226857,0.7983193277310925,256.1408446494163
modis_pretrained__physical_modis__d2__effect_features_minus_base,shadow_point_prediction,0.25,modis_pretrained,physical_modis,2,effect_features_minus_base,254.00682963813534,183.5739874432324,0.9684071272030309,263.5459796675431,253.03015696302901,275.2834526758358,0.7899159663865546,256.1474489767107
scratch__physical_modis__d1__full_minus_base,shadow_point_prediction,-0.25,scratch,physical_modis,1,full_minus_base,254.02425987467115,183.81418141129203,0.1393711839072556,263.5019144564111,253.04101772145685,275.36965304392584,0.7983193277310925,256.1478629818026
scratch__physical_modis__d1__transition_features_minus_base,shadow_point_prediction,-1.0,scratch,physical_modis,1,transition_features_minus_base,253.9586879544076,183.69316269617784,-2.335451437478335,263.67142270479275,253.00648973159483,274.9776376583773,0.7857142857142857,256.1488220863007
modis_pretrained__physical__d2__transition_features_minus_base,shadow_point_prediction,1.0,modis_pretrained,physical,2,transition_features_minus_base,253.99090996706008,183.26989420676765,3.6062442486696598,263.68643318788276,252.92802864036216,276.1399797430889,0.8025210084033614,256.14907044059123
scratch__physical__d1__effect_features_minus_base,shadow_point_prediction,-1.75,scratch,physical,1,effect_features_minus_base,254.1018191620131,183.48616645543828,-4.041583829399947,263.346315673754,253.0535885155367,276.1103844953308,0.7773109243697479,256.1508856283292
modis_pretrained__physical__d2__pools_minus_base,shadow_point_prediction,1.25,modis_pretrained,physical,2,pools_minus_base,254.10569623548102,184.10332931778638,-4.257451965861993,263.44702950797415,252.95230316952853,277.13571030230213,0.7983193277310925,256.1526812871162
scratch__physical_modis__d2__transition_features_minus_base,shadow_point_prediction,0.5,scratch,physical_modis,2,transition_features_minus_base,253.9770132313888,183.66062485134276,4.911950897937032,263.65286858779274,253.00442370821176,275.2099373030987,0.7983193277310925,256.1528296896955
modis_pretrained__physical_modis__d1__full_minus_current,shadow_point_prediction,-0.25,modis_pretrained,physical_modis,1,full_minus_current,254.0811431167412,183.6504405202204,-1.2872557908877893,263.3621201576338,253.08787015378525,275.53240776387355,0.7983193277310925,256.1530691362253
modis_pretrained__physical_modis__d1__current_minus_base,shadow_point_prediction,0.5,modis_pretrained,physical_modis,1,current_minus_base,254.10739453587968,183.7252447060396,-3.2557528748562645,263.2491818386882,253.14947507251335,275.192869283119,0.8025210084033614,256.1533614957402
scratch__physical__d1__pools_minus_base,shadow_point_prediction,-0.5,scratch,physical,1,pools_minus_base,254.07102825949488,183.86813804660466,-1.30437645675057,263.4370110403397,253.0370912733021,275.9350789749239,0.7857142857142857,256.1540397081579
modis_pretrained__physical_modis__d2__pools_minus_base,shadow_point_prediction,0.25,modis_pretrained,physical_modis,2,pools_minus_base,254.08288306933272,183.75032223166195,0.7182731559967506,263.37953196266477,253.07612871812324,275.67224656770327,0.7941176470588235,256.1553567048634
modis_pretrained__physical_modis__d2__effect_features_minus_base,shadow_point_prediction,0.5,modis_pretrained,physical_modis,2,effect_features_minus_base,253.97585198936625,183.40958079502929,1.374722017126896,263.67554139194743,252.99814873002185,275.2617992147517,0.7857142857142857,256.1563485251754
scratch__physical__d2__pools_minus_current,shadow_point_prediction,0.25,scratch,physical,2,pools_minus_current,254.03482050865898,183.5118364266792,-2.331865862470744,263.5076933046325,253.05324793100255,275.3634192086315,0.7941176470588235,256.15764556323825
scratch__physical_modis__d2__transition_minus_current,shadow_point_prediction,0.25,scratch,physical_modis,2,transition_minus_current,254.00548590781807,183.95873702513106,-2.807209879243102,263.6541860480296,252.981179219792,275.7695497589556,0.7857142857142857,256.1615842708644
scratch__physical_modis__d1__full_minus_base,shadow_point_prediction,-1.25,scratch,physical_modis,1,full_minus_base,253.95908987196722,184.27690061371797,-1.5515130295803856,263.7955615156411,252.94539563052354,275.61357063240337,0.7899159663865546,256.16478422252476
scratch__physical_modis__d2__full_minus_base,shadow_point_prediction,0.5,scratch,physical_modis,2,full_minus_base,254.12072160709403,183.31110028896205,7.9702923810451685,263.21900278851336,253.20626333163779,274.74528280187985,0.7983193277310925,256.1666773335848
modis_pretrained__physical_modis__d2__transition_features_minus_base,shadow_point_prediction,0.5,modis_pretrained,physical_modis,2,transition_features_minus_base,253.88400816245252,183.55880818610092,1.3368186080826143,263.98020202826257,252.91872652053826,275.0367593413255,0.7899159663865546,256.1667362184265
modis_pretrained__physical_modis__d1__effect_features_minus_base,shadow_point_prediction,-1.75,modis_pretrained,physical_modis,1,effect_features_minus_base,254.05448711665667,185.05889083111987,4.0069116315590945,263.4913494250023,253.06888951056428,275.42553474184353,0.7857142857142857,256.16730329221997
scratch__physical_modis__d1__full_minus_current,shadow_point_prediction,-2.25,scratch,physical_modis,1,full_minus_current,254.27813250638437,184.27152787432252,6.604422899020792,262.8472003769028,253.26793874568295,275.9112572844341,0.819327731092437,256.1678510338386
modis_pretrained__physical_modis__d1__transition_features_minus_base,shadow_point_prediction,-0.75,modis_pretrained,physical_modis,1,transition_features_minus_base,253.98547538610484,184.19262267315045,4.042649342399656,263.6318019872396,253.07760962268952,274.533266563721,0.7899159663865546,256.1700905955347
scratch__physical_modis__d2__effect_features_minus_base,shadow_point_prediction,2.25,scratch,physical_modis,2,effect_features_minus_base,253.9585206629928,183.21886644986313,12.54546714546998,263.7891985836241,252.97740637368946,275.27902249846693,0.8025210084033614,256.1709115708248
scratch__physical_modis__d1__current_minus_base,shadow_point_prediction,0.75,scratch,physical_modis,1,current_minus_base,254.20491469980814,183.22963886547075,3.8443656179754386,263.07580689785,253.25202526412016,275.2418037340855,0.8067226890756303,256.1844153903966
scratch__physical__d1__full_minus_base,shadow_point_prediction,0.25,scratch,physical,1,full_minus_base,254.09903710361277,183.585479610043,2.202519738540901,263.40914275668257,253.13337957169057,275.2650944532271,0.7983193277310925,256.18514913389964
modis_pretrained__physical__d1__pools_minus_base,shadow_point_prediction,-2.0,modis_pretrained,physical,1,pools_minus_base,254.04750640183136,184.5022076590803,2.2096831309364333,263.60283728983575,253.04383454374704,275.6038280806549,0.7689075630252101,256.1854211593114
modis_pretrained__physical_modis__d1__full_minus_base,shadow_point_prediction,0.25,modis_pretrained,physical_modis,1,full_minus_base,254.0913974698407,183.7523096262163,0.502517709378406,263.46147165128366,253.1355446873889,275.15449752342323,0.8025210084033614,256.1949528195885
scratch__physical__d1__transition_features_minus_base,shadow_point_prediction,-0.25,scratch,physical,1,transition_features_minus_base,254.06558571243272,183.7667264570966,0.19656352152040146,263.54900006699535,253.1019944888676,275.2086050196282,0.7941176470588235,256.1955414951821
scratch__physical__d1__full_minus_base,shadow_point_prediction,0.5,scratch,physical,1,full_minus_base,254.12989977511074,183.47724950603416,3.842947239802636,263.3652859758557,253.17455068120807,275.18938311473437,0.8025210084033614,256.19990905182135
modis_pretrained__physical_modis__d2__pools_minus_base,shadow_point_prediction,0.5,modis_pretrained,physical_modis,2,pools_minus_base,254.15504041436859,183.78536482612284,0.8744540747143352,263.37497375505814,253.1185633876254,276.0484006442217,0.7899159663865546,256.2009044928552
modis_pretrained__physical_modis__d1__full_minus_base,shadow_point_prediction,0.5,modis_pretrained,physical_modis,1,full_minus_base,254.1016961772362,183.7662251609971,0.44294318147764605,263.4501894481698,253.1660160989951,274.9522570026433,0.8025210084033614,256.2048994754093
modis_pretrained__physical_modis__d2__full_minus_base,shadow_point_prediction,0.75,modis_pretrained,physical_modis,2,full_minus_base,253.96535239637814,183.83698731381654,3.8237388927064737,263.7699383524925,253.120143881233,273.82263115596544,0.7899159663865546,256.2051967566204
modis_pretrained__physical__d1__current_minus_base,shadow_point_prediction,1.75,modis_pretrained,physical,1,current_minus_base,253.98929580045206,185.5736618414533,-9.063814819192714,263.58025238698315,253.26412053944267,272.44347476715797,0.7815126050420168,256.2057411318325
modis_pretrained__physical_modis__d1__full_minus_current,shadow_point_prediction,-0.5,modis_pretrained,physical_modis,1,full_minus_current,254.16351622497638,183.6942241648886,-3.1366038190547445,263.3437627935597,253.16131196710154,275.7099949206518,0.7941176470588235,256.2080268026535
modis_pretrained__physical__d1__current_minus_base,shadow_point_prediction,0.0,modis_pretrained,physical,1,current_minus_base,254.10775598274657,183.73839409143548,0.5620922372791659,263.491755560902,253.13151003188517,275.3843812975156,0.7983193277310925,256.2096943895701
modis_pretrained__physical__d1__effect_features_minus_base,shadow_point_prediction,0.0,modis_pretrained,physical,1,effect_features_minus_base,254.10775598274657,183.73839409143548,0.5620922372791659,263.491755560902,253.13151003188517,275.3843812975156,0.7983193277310925,256.2096943895701
modis_pretrained__physical__d1__full_minus_base,shadow_point_prediction,0.0,modis_pretrained,physical,1,full_minus_base,254.10775598274657,183.73839409143548,0.5620922372791659,263.491755560902,253.13151003188517,275.3843812975156,0.7983193277310925,256.2096943895701
modis_pretrained__physical__d1__full_minus_current,shadow_point_prediction,0.0,modis_pretrained,physical,1,full_minus_current,254.10775598274657,183.73839409143548,0.5620922372791659,263.491755560902,253.13151003188517,275.3843812975156,0.7983193277310925,256.2096943895701
modis_pretrained__physical__d1__pools_minus_base,shadow_point_prediction,0.0,modis_pretrained,physical,1,pools_minus_base,254.10775598274657,183.73839409143548,0.5620922372791659,263.491755560902,253.13151003188517,275.3843812975156,0.7983193277310925,256.2096943895701
modis_pretrained__physical__d1__pools_minus_current,shadow_point_prediction,0.0,modis_pretrained,physical,1,pools_minus_current,254.10775598274657,183.73839409143548,0.5620922372791659,263.491755560902,253.13151003188517,275.3843812975156,0.7983193277310925,256.2096943895701
modis_pretrained__physical__d1__transition_features_minus_base,shadow_point_prediction,0.0,modis_pretrained,physical,1,transition_features_minus_base,254.10775598274657,183.73839409143548,0.5620922372791659,263.491755560902,253.13151003188517,275.3843812975156,0.7983193277310925,256.2096943895701
modis_pretrained__physical__d1__transition_minus_current,shadow_point_prediction,0.0,modis_pretrained,physical,1,transition_minus_current,254.10775598274657,183.73839409143548,0.5620922372791659,263.491755560902,253.13151003188517,275.3843812975156,0.7983193277310925,256.2096943895701
modis_pretrained__physical__d2__current_minus_base,shadow_point_prediction,0.0,modis_pretrained,physical,2,current_minus_base,254.10775598274657,183.73839409143548,0.5620922372791659,263.491755560902,253.13151003188517,275.3843812975156,0.7983193277310925,256.2096943895701
modis_pretrained__physical__d2__effect_features_minus_base,shadow_point_prediction,0.0,modis_pretrained,physical,2,effect_features_minus_base,254.10775598274657,183.73839409143548,0.5620922372791659,263.491755560902,253.13151003188517,275.3843812975156,0.7983193277310925,256.2096943895701
modis_pretrained__physical__d2__full_minus_base,shadow_point_prediction,0.0,modis_pretrained,physical,2,full_minus_base,254.10775598274657,183.73839409143548,0.5620922372791659,263.491755560902,253.13151003188517,275.3843812975156,0.7983193277310925,256.2096943895701
modis_pretrained__physical__d2__full_minus_current,shadow_point_prediction,0.0,modis_pretrained,physical,2,full_minus_current,254.10775598274657,183.73839409143548,0.5620922372791659,263.491755560902,253.13151003188517,275.3843812975156,0.7983193277310925,256.2096943895701
modis_pretrained__physical__d2__pools_minus_base,shadow_point_prediction,0.0,modis_pretrained,physical,2,pools_minus_base,254.10775598274657,183.73839409143548,0.5620922372791659,263.491755560902,253.13151003188517,275.3843812975156,0.7983193277310925,256.2096943895701
modis_pretrained__physical__d2__pools_minus_current,shadow_point_prediction,0.0,modis_pretrained,physical,2,pools_minus_current,254.10775598274657,183.73839409143548,0.5620922372791659,263.491755560902,253.13151003188517,275.3843812975156,0.7983193277310925,256.2096943895701
modis_pretrained__physical__d2__transition_features_minus_base,shadow_point_prediction,0.0,modis_pretrained,physical,2,transition_features_minus_base,254.10775598274657,183.73839409143548,0.5620922372791659,263.491755560902,253.13151003188517,275.3843812975156,0.7983193277310925,256.2096943895701
modis_pretrained__physical__d2__transition_minus_current,shadow_point_prediction,0.0,modis_pretrained,physical,2,transition_minus_current,254.10775598274657,183.73839409143548,0.5620922372791659,263.491755560902,253.13151003188517,275.3843812975156,0.7983193277310925,256.2096943895701
modis_pretrained__physical_modis__d1__current_minus_base,shadow_point_prediction,0.0,modis_pretrained,physical_modis,1,current_minus_base,254.10775598274657,183.73839409143548,0.5620922372791659,263.491755560902,253.13151003188517,275.3843812975156,0.7983193277310925,256.2096943895701
modis_pretrained__physical_modis__d1__effect_features_minus_base,shadow_point_prediction,0.0,modis_pretrained,physical_modis,1,effect_features_minus_base,254.10775598274657,183.73839409143548,0.5620922372791659,263.491755560902,253.13151003188517,275.3843812975156,0.7983193277310925,256.2096943895701
modis_pretrained__physical_modis__d1__full_minus_base,shadow_point_prediction,0.0,modis_pretrained,physical_modis,1,full_minus_base,254.10775598274657,183.73839409143548,0.5620922372791659,263.491755560902,253.13151003188517,275.3843812975156,0.7983193277310925,256.2096943895701
modis_pretrained__physical_modis__d1__full_minus_current,shadow_point_prediction,0.0,modis_pretrained,physical_modis,1,full_minus_current,254.10775598274657,183.73839409143548,0.5620922372791659,263.491755560902,253.13151003188517,275.3843812975156,0.7983193277310925,256.2096943895701
modis_pretrained__physical_modis__d1__pools_minus_base,shadow_point_prediction,0.0,modis_pretrained,physical_modis,1,pools_minus_base,254.10775598274657,183.73839409143548,0.5620922372791659,263.491755560902,253.13151003188517,275.3843812975156,0.7983193277310925,256.2096943895701
modis_pretrained__physical_modis__d1__pools_minus_current,shadow_point_prediction,0.0,modis_pretrained,physical_modis,1,pools_minus_current,254.10775598274657,183.73839409143548,0.5620922372791659,263.491755560902,253.13151003188517,275.3843812975156,0.7983193277310925,256.2096943895701
modis_pretrained__physical_modis__d1__transition_features_minus_base,shadow_point_prediction,0.0,modis_pretrained,physical_modis,1,transition_features_minus_base,254.10775598274657,183.73839409143548,0.5620922372791659,263.491755560902,253.13151003188517,275.3843812975156,0.7983193277310925,256.2096943895701
modis_pretrained__physical_modis__d1__transition_minus_current,shadow_point_prediction,0.0,modis_pretrained,physical_modis,1,transition_minus_current,254.10775598274657,183.73839409143548,0.5620922372791659,263.491755560902,253.13151003188517,275.3843812975156,0.7983193277310925,256.2096943895701
modis_pretrained__physical_modis__d2__current_minus_base,shadow_point_prediction,0.0,modis_pretrained,physical_modis,2,current_minus_base,254.10775598274657,183.73839409143548,0.5620922372791659,263.491755560902,253.13151003188517,275.3843812975156,0.7983193277310925,256.2096943895701
modis_pretrained__physical_modis__d2__effect_features_minus_base,shadow_point_prediction,0.0,modis_pretrained,physical_modis,2,effect_features_minus_base,254.10775598274657,183.73839409143548,0.5620922372791659,263.491755560902,253.13151003188517,275.3843812975156,0.7983193277310925,256.2096943895701
modis_pretrained__physical_modis__d2__full_minus_base,shadow_point_prediction,0.0,modis_pretrained,physical_modis,2,full_minus_base,254.10775598274657,183.73839409143548,0.5620922372791659,263.491755560902,253.13151003188517,275.3843812975156,0.7983193277310925,256.2096943895701
modis_pretrained__physical_modis__d2__full_minus_current,shadow_point_prediction,0.0,modis_pretrained,physical_modis,2,full_minus_current,254.10775598274657,183.73839409143548,0.5620922372791659,263.491755560902,253.13151003188517,275.3843812975156,0.7983193277310925,256.2096943895701
modis_pretrained__physical_modis__d2__pools_minus_base,shadow_point_prediction,0.0,modis_pretrained,physical_modis,2,pools_minus_base,254.10775598274657,183.73839409143548,0.5620922372791659,263.491755560902,253.13151003188517,275.3843812975156,0.7983193277310925,256.2096943895701
modis_pretrained__physical_modis__d2__pools_minus_current,shadow_point_prediction,0.0,modis_pretrained,physical_modis,2,pools_minus_current,254.10775598274657,183.73839409143548,0.5620922372791659,263.491755560902,253.13151003188517,275.3843812975156,0.7983193277310925,256.2096943895701
modis_pretrained__physical_modis__d2__transition_features_minus_base,shadow_point_prediction,0.0,modis_pretrained,physical_modis,2,transition_features_minus_base,254.10775598274657,183.73839409143548,0.5620922372791659,263.491755560902,253.13151003188517,275.3843812975156,0.7983193277310925,256.2096943895701
modis_pretrained__physical_modis__d2__transition_minus_current,shadow_point_prediction,0.0,modis_pretrained,physical_modis,2,transition_minus_current,254.10775598274657,183.73839409143548,0.5620922372791659,263.491755560902,253.13151003188517,275.3843812975156,0.7983193277310925,256.2096943895701
scratch__physical__d1__current_minus_base,shadow_point_prediction,0.0,scratch,physical,1,current_minus_base,254.10775598274657,183.73839409143548,0.5620922372791659,263.491755560902,253.13151003188517,275.3843812975156,0.7983193277310925,256.2096943895701
scratch__physical__d1__effect_features_minus_base,shadow_point_prediction,0.0,scratch,physical,1,effect_features_minus_base,254.10775598274657,183.73839409143548,0.5620922372791659,263.491755560902,253.13151003188517,275.3843812975156,0.7983193277310925,256.2096943895701
scratch__physical__d1__full_minus_base,shadow_point_prediction,0.0,scratch,physical,1,full_minus_base,254.10775598274657,183.73839409143548,0.5620922372791659,263.491755560902,253.13151003188517,275.3843812975156,0.7983193277310925,256.2096943895701
scratch__physical__d1__full_minus_current,shadow_point_prediction,0.0,scratch,physical,1,full_minus_current,254.10775598274657,183.73839409143548,0.5620922372791659,263.491755560902,253.13151003188517,275.3843812975156,0.7983193277310925,256.2096943895701
scratch__physical__d1__pools_minus_base,shadow_point_prediction,0.0,scratch,physical,1,pools_minus_base,254.10775598274657,183.73839409143548,0.5620922372791659,263.491755560902,253.13151003188517,275.3843812975156,0.7983193277310925,256.2096943895701
scratch__physical__d1__pools_minus_current,shadow_point_prediction,0.0,scratch,physical,1,pools_minus_current,254.10775598274657,183.73839409143548,0.5620922372791659,263.491755560902,253.13151003188517,275.3843812975156,0.7983193277310925,256.2096943895701
scratch__physical__d1__transition_features_minus_base,shadow_point_prediction,0.0,scratch,physical,1,transition_features_minus_base,254.10775598274657,183.73839409143548,0.5620922372791659,263.491755560902,253.13151003188517,275.3843812975156,0.7983193277310925,256.2096943895701
scratch__physical__d1__transition_minus_current,shadow_point_prediction,0.0,scratch,physical,1,transition_minus_current,254.10775598274657,183.73839409143548,0.5620922372791659,263.491755560902,253.13151003188517,275.3843812975156,0.7983193277310925,256.2096943895701
scratch__physical__d2__current_minus_base,shadow_point_prediction,0.0,scratch,physical,2,current_minus_base,254.10775598274657,183.73839409143548,0.5620922372791659,263.491755560902,253.13151003188517,275.3843812975156,0.7983193277310925,256.2096943895701
scratch__physical__d2__effect_features_minus_base,shadow_point_prediction,0.0,scratch,physical,2,effect_features_minus_base,254.10775598274657,183.73839409143548,0.5620922372791659,263.491755560902,253.13151003188517,275.3843812975156,0.7983193277310925,256.2096943895701
scratch__physical__d2__full_minus_base,shadow_point_prediction,0.0,scratch,physical,2,full_minus_base,254.10775598274657,183.73839409143548,0.5620922372791659,263.491755560902,253.13151003188517,275.3843812975156,0.7983193277310925,256.2096943895701
scratch__physical__d2__full_minus_current,shadow_point_prediction,0.0,scratch,physical,2,full_minus_current,254.10775598274657,183.73839409143548,0.5620922372791659,263.491755560902,253.13151003188517,275.3843812975156,0.7983193277310925,256.2096943895701
scratch__physical__d2__pools_minus_base,shadow_point_prediction,0.0,scratch,physical,2,pools_minus_base,254.10775598274657,183.73839409143548,0.5620922372791659,263.491755560902,253.13151003188517,275.3843812975156,0.7983193277310925,256.2096943895701
scratch__physical__d2__pools_minus_current,shadow_point_prediction,0.0,scratch,physical,2,pools_minus_current,254.10775598274657,183.73839409143548,0.5620922372791659,263.491755560902,253.13151003188517,275.3843812975156,0.7983193277310925,256.2096943895701
scratch__physical__d2__transition_features_minus_base,shadow_point_prediction,0.0,scratch,physical,2,transition_features_minus_base,254.10775598274657,183.73839409143548,0.5620922372791659,263.491755560902,253.13151003188517,275.3843812975156,0.7983193277310925,256.2096943895701
scratch__physical__d2__transition_minus_current,shadow_point_prediction,0.0,scratch,physical,2,transition_minus_current,254.10775598274657,183.73839409143548,0.5620922372791659,263.491755560902,253.13151003188517,275.3843812975156,0.7983193277310925,256.2096943895701
scratch__physical_modis__d1__current_minus_base,shadow_point_prediction,0.0,scratch,physical_modis,1,current_minus_base,254.10775598274657,183.73839409143548,0.5620922372791659,263.491755560902,253.13151003188517,275.3843812975156,0.7983193277310925,256.2096943895701
scratch__physical_modis__d1__effect_features_minus_base,shadow_point_prediction,0.0,scratch,physical_modis,1,effect_features_minus_base,254.10775598274657,183.73839409143548,0.5620922372791659,263.491755560902,253.13151003188517,275.3843812975156,0.7983193277310925,256.2096943895701
scratch__physical_modis__d1__full_minus_base,shadow_point_prediction,0.0,scratch,physical_modis,1,full_minus_base,254.10775598274657,183.73839409143548,0.5620922372791659,263.491755560902,253.13151003188517,275.3843812975156,0.7983193277310925,256.2096943895701
scratch__physical_modis__d1__full_minus_current,shadow_point_prediction,0.0,scratch,physical_modis,1,full_minus_current,254.10775598274657,183.73839409143548,0.5620922372791659,263.491755560902,253.13151003188517,275.3843812975156,0.7983193277310925,256.2096943895701
scratch__physical_modis__d1__pools_minus_base,shadow_point_prediction,0.0,scratch,physical_modis,1,pools_minus_base,254.10775598274657,183.73839409143548,0.5620922372791659,263.491755560902,253.13151003188517,275.3843812975156,0.7983193277310925,256.2096943895701
scratch__physical_modis__d1__pools_minus_current,shadow_point_prediction,0.0,scratch,physical_modis,1,pools_minus_current,254.10775598274657,183.73839409143548,0.5620922372791659,263.491755560902,253.13151003188517,275.3843812975156,0.7983193277310925,256.2096943895701
scratch__physical_modis__d1__transition_features_minus_base,shadow_point_prediction,0.0,scratch,physical_modis,1,transition_features_minus_base,254.10775598274657,183.73839409143548,0.5620922372791659,263.491755560902,253.13151003188517,275.3843812975156,0.7983193277310925,256.2096943895701
scratch__physical_modis__d1__transition_minus_current,shadow_point_prediction,0.0,scratch,physical_modis,1,transition_minus_current,254.10775598274657,183.73839409143548,0.5620922372791659,263.491755560902,253.13151003188517,275.3843812975156,0.7983193277310925,256.2096943895701
scratch__physical_modis__d2__current_minus_base,shadow_point_prediction,0.0,scratch,physical_modis,2,current_minus_base,254.10775598274657,183.73839409143548,0.5620922372791659,263.491755560902,253.13151003188517,275.3843812975156,0.7983193277310925,256.2096943895701
scratch__physical_modis__d2__effect_features_minus_base,shadow_point_prediction,0.0,scratch,physical_modis,2,effect_features_minus_base,254.10775598274657,183.73839409143548,0.5620922372791659,263.491755560902,253.13151003188517,275.3843812975156,0.7983193277310925,256.2096943895701
scratch__physical_modis__d2__full_minus_base,shadow_point_prediction,0.0,scratch,physical_modis,2,full_minus_base,254.10775598274657,183.73839409143548,0.5620922372791659,263.491755560902,253.13151003188517,275.3843812975156,0.7983193277310925,256.2096943895701
scratch__physical_modis__d2__full_minus_current,shadow_point_prediction,0.0,scratch,physical_modis,2,full_minus_current,254.10775598274657,183.73839409143548,0.5620922372791659,263.491755560902,253.13151003188517,275.3843812975156,0.7983193277310925,256.2096943895701
scratch__physical_modis__d2__pools_minus_base,shadow_point_prediction,0.0,scratch,physical_modis,2,pools_minus_base,254.10775598274657,183.73839409143548,0.5620922372791659,263.491755560902,253.13151003188517,275.3843812975156,0.7983193277310925,256.2096943895701
scratch__physical_modis__d2__pools_minus_current,shadow_point_prediction,0.0,scratch,physical_modis,2,pools_minus_current,254.10775598274657,183.73839409143548,0.5620922372791659,263.491755560902,253.13151003188517,275.3843812975156,0.7983193277310925,256.2096943895701
scratch__physical_modis__d2__transition_features_minus_base,shadow_point_prediction,0.0,scratch,physical_modis,2,transition_features_minus_base,254.10775598274657,183.73839409143548,0.5620922372791659,263.491755560902,253.13151003188517,275.3843812975156,0.7983193277310925,256.2096943895701
scratch__physical_modis__d2__transition_minus_current,shadow_point_prediction,0.0,scratch,physical_modis,2,transition_minus_current,254.10775598274657,183.73839409143548,0.5620922372791659,263.491755560902,253.13151003188517,275.3843812975156,0.7983193277310925,256.2096943895701
modis_pretrained__physical_modis__d1__pools_minus_current,shadow_point_prediction,-0.75,modis_pretrained,physical_modis,1,pools_minus_current,254.25082224186312,184.15068406381528,-4.390406863862756,263.03845430833354,253.3100987458149,275.16128827977366,0.7983193277310925,256.2125493844687
scratch__physical_modis__d1__effect_features_minus_base,shadow_point_prediction,-0.25,scratch,physical_modis,1,effect_features_minus_base,254.1156488292343,183.81901964152124,-0.2501416635443471,263.4950985223813,253.14576915481717,275.3264485609748,0.7941176470588235,256.21804133391674
scratch__physical_modis__d1__pools_minus_current,shadow_point_prediction,-1.0,scratch,physical_modis,1,pools_minus_current,254.35609773996066,184.18296175433434,1.1200506318186223,262.79417644639165,253.37104598209828,275.7348004843693,0.8025210084033614,256.2193544771028
modis_pretrained__physical_modis__d1__pools_minus_base,shadow_point_prediction,-0.25,modis_pretrained,physical_modis,1,pools_minus_base,254.13543421041786,183.89072337603935,0.8201817596329072,263.44972172868256,253.1613351997996,275.3909838963558,0.7983193277310925,256.2204813373295
modis_pretrained__physical__d2__effect_features_minus_base,shadow_point_prediction,0.25,modis_pretrained,physical,2,effect_features_minus_base,254.11146179723812,183.63382133709942,0.7008388595089905,263.5340855286369,253.12584342965562,275.48523529872676,0.7899159663865546,256.2207131381922
modis_pretrained__physical__d1__full_minus_current,shadow_point_prediction,-0.5,modis_pretrained,physical,1,full_minus_current,254.15215104485364,183.75871424750036,-4.6769346417830056,263.4063923178956,253.1736607204454,275.45399730082283,0.7941176470588235,256.2210887820121
modis_pretrained__physical_modis__d1__pools_minus_base,shadow_point_prediction,0.25,modis_pretrained,physical_modis,1,pools_minus_base,254.1027576830387,183.58606480683164,0.3040027149254246,263.55877141360224,253.12496623678658,275.3951914208913,0.8025210084033614,256.22231325411656
scratch__physical_modis__d1__pools_minus_base,shadow_point_prediction,-0.25,scratch,physical_modis,1,pools_minus_base,254.1480733818499,184.0363315006521,-0.39250929098472753,263.4384125194283,253.1565097318232,275.5847237513894,0.7899159663865546,256.22276725373786
modis_pretrained__physical__d2__transition_minus_current,v5_prediction,-2.0,modis_pretrained,physical,2,transition_minus_current,253.78071337182803,187.43310730849845,-12.537311133383058,264.2856829317344,253.05752673548403,272.20272566455526,0.773109243697479,256.2261591027186
scratch__physical__d1__full_minus_current,shadow_point_prediction,-2.5,scratch,physical,1,full_minus_current,254.3061106594369,184.94511167234091,4.7305945800803,262.98506990089777,253.33886597999722,275.4977671869342,0.8151260504201681,256.2340392999422
scratch__physical_modis__d1__full_minus_base,shadow_point_prediction,-1.5,scratch,physical_modis,1,full_minus_base,254.0100268418006,184.47892261474624,-1.9742340829522957,263.93212058842715,252.9881081339577,275.75015722829863,0.7857142857142857,256.2350706014965
modis_pretrained__physical_modis__d2__effect_features_minus_base,shadow_point_prediction,0.75,modis_pretrained,physical_modis,2,effect_features_minus_base,254.0148486276154,183.2803927816567,1.781036907050761,263.88032976484016,253.03551104677723,275.31943961888146,0.7857142857142857,256.23638451671206
modis_pretrained__physical__d2__transition_minus_current,v5_prediction,-2.25,modis_pretrained,physical,2,transition_minus_current,253.80953962140484,187.79801896301277,-13.131469426201528,264.2261283155721,253.10302004767976,272.02770354763067,0.7773109243697479,256.2370569015154
modis_pretrained__physical_modis__d1__full_minus_base,shadow_point_prediction,0.75,modis_pretrained,physical_modis,1,full_minus_base,254.13864886416377,183.81390062947276,0.38336865357688615,263.45791139272205,253.22291179175832,274.7777207727289,0.7983193277310925,256.239530228202
scratch__physical__d1__transition_features_minus_base,shadow_point_prediction,-0.5,scratch,physical,1,transition_features_minus_base,254.08411266266776,183.79629945062496,-0.16896519423836298,263.66231715774063,253.13318578975006,275.0951201195654,0.7857142857142857,256.2409320682066
scratch__physical_modis__d1__effect_features_minus_base,shadow_point_prediction,0.25,scratch,physical_modis,1,effect_features_minus_base,254.1399152001581,183.65776854134972,1.374326138102679,263.52860986613445,253.1556398979902,275.5010753554311,0.8025210084033614,256.2410200411102
modis_pretrained__physical__d1__transition_features_minus_base,shadow_point_prediction,0.25,modis_pretrained,physical,1,transition_features_minus_base,254.1468000678873,183.676844015464,-0.2617956318104255,263.5184499262361,253.15738758020436,275.56125104865276,0.8025210084033614,256.2423594105538
scratch__physical__d2__full_minus_current,shadow_point_prediction,0.25,scratch,physical,2,full_minus_current,254.17657048719926,183.7324749941952,0.5888314058469837,263.45235483097315,253.17771624956936,275.689335011593,0.7857142857142857,256.24580301373527
modis_pretrained__physical_modis__d1__full_minus_base,shadow_point_prediction,-0.25,modis_pretrained,physical_modis,1,full_minus_base,254.15076656854686,183.72447855665467,0.6216667651799258,263.5410346264782,253.15391659199548,275.64183916196646,0.7941176470588235,256.24912108889185
scratch__physical_modis__d1__transition_features_minus_base,shadow_point_prediction,-1.25,scratch,physical_modis,1,transition_features_minus_base,254.04055275803793,183.8336321203165,-3.05983735616771,263.82932085894504,253.09044998624353,275.0409983021791,0.7815126050420168,256.25021909031614
scratch__physical__d1__full_minus_base,shadow_point_prediction,0.75,scratch,physical,1,full_minus_base,254.20032958035486,183.40707454945996,5.483374741064371,263.3602045802817,253.25500545076142,275.157283252302,0.8025210084033614,256.25396729793823
modis_pretrained__physical_modis__d1__pools_minus_base,shadow_point_prediction,-0.5,modis_pretrained,physical_modis,1,pools_minus_base,254.18578495721715,184.0430526606432,1.0782712819866485,263.4326818754838,253.21443107378636,275.41499796509254,0.7983193277310925,256.2546707159261
scratch__physical__d2__current_minus_base,shadow_point_prediction,0.75,scratch,physical,2,current_minus_base,254.3640901388049,183.392831011436,18.813481476293862,262.88663208438527,253.41766772583094,275.33971225964274,0.8109243697478992,256.25812002195653
modis_pretrained__physical_modis__d1__pools_minus_base,shadow_point_prediction,0.5,modis_pretrained,physical_modis,1,pools_minus_base,254.12044064956993,183.43373552222778,0.045913192571683296,263.65075023668,253.14170731559588,275.42341221618176,0.8025210084033614,256.2583347128539
modis_pretrained__physical__d2__full_minus_current,shadow_point_prediction,-1.75,modis_pretrained,physical,2,full_minus_current,254.39042503676885,183.63170815935936,-12.170324757152274,262.7869364409926,253.4741663798991,275.04579887266937,0.8109243697478992,256.26048822360735
scratch__physical_modis__d2__full_minus_current,shadow_point_prediction,0.75,scratch,physical_modis,2,full_minus_current,254.21285072742046,184.13388267899506,-4.958301887625435,263.4562143883574,253.16018887988696,276.2706246451794,0.7815126050420168,256.2605261807713
scratch__physical_modis__d1__effect_features_minus_base,shadow_point_prediction,-0.5,scratch,physical_modis,1,effect_features_minus_base,254.16359000826708,183.9003732498163,-1.06237556436786,263.5386372208771,253.19842570213262,275.327314238435,0.7899159663865546,256.26606073488597
modis_pretrained__physical_modis__d1__effect_features_minus_base,shadow_point_prediction,-2.0,modis_pretrained,physical_modis,1,effect_features_minus_base,254.15160573735034,185.34990753325079,4.499028687884799,263.6018337595883,253.16557841545904,275.5313693569756,0.7857142857142857,256.267655912437
scratch__physical__d2__transition_minus_current,shadow_point_prediction,-0.25,scratch,physical,2,transition_minus_current,254.20376734767328,183.62408234219836,3.2027314782813527,263.39510520054114,253.26841887775498,275.0551885536854,0.8067226890756303,256.2677646934107
scratch__physical__d1__full_minus_base,shadow_point_prediction,-0.25,scratch,physical,1,full_minus_base,254.1560523389509,183.91503414519258,-1.0783352639825692,263.61308795166366,253.16894177334848,275.5471870549258,0.7941176470588235,256.27353360072846
scratch__physical__d1__effect_features_minus_base,shadow_point_prediction,-2.0,scratch,physical,1,effect_features_minus_base,254.24124172489744,183.64298199061983,-4.699251838925535,263.46908320852896,253.17707390058277,276.41450587910816,0.7815126050420168,256.28216013972667
modis_pretrained__physical_modis__d2__full_minus_current,shadow_point_prediction,-2.0,modis_pretrained,physical_modis,2,full_minus_current,254.46499448256984,184.23534711111975,-11.236819875173238,262.6180372067887,253.58390513069068,274.74132642165046,0.7983193277310925,256.28298282565476
scratch__physical__d1__transition_features_minus_base,shadow_point_prediction,0.25,scratch,physical,1,transition_features_minus_base,254.2105932669448,183.7220157193903,0.9276209530379304,263.4906201855164,253.22171768447896,275.6223297755378,0.8025210084033614,256.28338110097127
scratch__physical_modis__d2__transition_minus_current,shadow_point_prediction,0.5,scratch,physical_modis,2,transition_minus_current,254.08783239713676,184.47211161229427,-6.17651199576537,263.94872657445177,253.01099251571048,276.3790099431806,0.7857142857142857,256.283845971109
scratch__physical_modis__d2__transition_features_minus_base,shadow_point_prediction,0.75,scratch,physical_modis,2,transition_features_minus_base,254.0768071192301,183.72973305500142,7.086880228265966,263.8841154081225,253.10947440539718,275.2593701642043,0.7941176470588235,256.28680101299494
modis_pretrained__physical__d1__transition_features_minus_base,shadow_point_prediction,-0.25,modis_pretrained,physical,1,transition_features_minus_base,254.17683776628553,183.9374936281389,1.3859801063687573,263.5762548151824,253.22193623919253,275.2336573019119,0.7983193277310925,256.2879666467365
modis_pretrained__physical__d2__effect_features_minus_base,shadow_point_prediction,-0.25,modis_pretrained,physical,2,effect_features_minus_base,254.19178872467032,183.84552408599617,0.4233456150493414,263.5464625846365,253.2227145540133,275.39752659254333,0.7983193277310925,256.2881886469976
modis_pretrained__physical_modis__d1__current_minus_base,shadow_point_prediction,0.75,modis_pretrained,physical_modis,1,current_minus_base,254.273077295695,183.84691231498604,-5.16467543092398,263.28365525827877,253.33850897552855,275.11918177226545,0.8067226890756303,256.2920797062993
scratch__physical_modis__d1__pools_minus_base,shadow_point_prediction,0.25,scratch,physical_modis,1,pools_minus_base,254.1662427988748,183.44045668221887,1.5166937655430595,263.6515111418329,253.20014343728752,275.3398440186778,0.8025210084033614,256.2960350442175
scratch__physical__d1__pools_minus_base,shadow_point_prediction,-0.75,scratch,physical,1,pools_minus_base,254.2218857284948,184.0894511712465,-2.237610803765438,263.58948656815335,253.15121477344445,276.45850209053174,0.7857142857142857,256.29611819964686
scratch__physical_modis__d1__full_minus_base,shadow_point_prediction,0.25,scratch,physical_modis,1,full_minus_base,254.21809335088074,183.67254189276554,0.9848132906510761,263.5069145977071,253.2485952188817,275.42939787839117,0.7983193277310925,256.29792412958756
modis_pretrained__physical_modis__d1__full_minus_base,shadow_point_prediction,1.0,modis_pretrained,physical_modis,1,full_minus_base,254.20224390677478,183.93156023733388,0.32379412567612625,263.4846358140768,253.30621129868646,274.6309416544172,0.8025210084033614,256.2988337315782
modis_pretrained__physical_modis__d2__transition_minus_current,shadow_point_prediction,-1.75,modis_pretrained,physical_modis,2,transition_minus_current,254.8347631045018,185.21324827362824,-4.862989296265038,261.35365118547713,254.17520956377717,272.49785483506616,0.7857142857142857,256.2995967395645
modis_pretrained__physical__d1__pools_minus_base,shadow_point_prediction,-2.25,modis_pretrained,physical,1,pools_minus_base,254.16452557676882,184.83099843241519,2.415631992643592,263.7326087886509,253.16237580431732,275.71049188477053,0.7647058823529411,256.3060089366264
scratch__physical__d2__transition_minus_current,shadow_point_prediction,0.25,scratch,physical,2,transition_minus_current,254.18221573782034,183.93629663570624,-2.078547003723021,263.7182793076539,253.1601284065365,275.93178145531147,0.7857142857142857,256.3107097974578
modis_pretrained__physical_modis__d2__pools_minus_current,shadow_point_prediction,-1.5,modis_pretrained,physical_modis,2,pools_minus_current,253.9627781841464,184.47289365422986,-2.7008840485110293,263.88582170968897,253.43148360633893,269.85024787469706,0.7941176470588235,256.3107154210802
modis_pretrained__physical__d2__transition_minus_current,v5_prediction,-1.75,modis_pretrained,physical,2,transition_minus_current,253.84823620523363,187.1402331429232,-11.943152840564588,264.44188766932604,253.10629073286412,272.5004294340015,0.7773109243697479,256.31116270316437
scratch__physical_modis__d1__effect_features_minus_base,shadow_point_prediction,0.5,scratch,physical_modis,1,effect_features_minus_base,254.2121112810562,183.59718639438137,2.186560038926192,263.60564457832237,253.21812945712105,275.67645611359274,0.8025210084033614,256.31199914938895
scratch__physical_modis__d1__current_minus_base,shadow_point_prediction,1.0,scratch,physical_modis,1,current_minus_base,254.38621855461662,183.39962242281084,4.9384567448741965,263.04287280925223,253.4333024265742,275.43124350472436,0.8151260504201681,256.3121530862649
modis_pretrained__physical_modis__d1__pools_minus_base,shadow_point_prediction,-0.75,modis_pretrained,physical_modis,1,pools_minus_base,254.25879475366085,184.20906585689212,1.3363608043403898,263.44064085128343,253.29077984102838,275.45641894997175,0.8025210084033614,256.31225254990835
modis_pretrained__physical_modis__d1__full_minus_base,shadow_point_prediction,-0.5,modis_pretrained,physical_modis,1,full_minus_base,254.2204156997532,183.71056302187387,0.6812412930806857,263.6092981951613,253.20276080011618,275.9267939314617,0.7941176470588235,256.313222598696
scratch__physical__d2__full_minus_current,shadow_point_prediction,-0.25,scratch,physical,2,full_minus_current,254.18624266934353,183.7748370864636,0.5353530687113481,263.6582573378451,253.2268312008614,275.2907819424865,0.8025210084033614,256.3143934693484
scratch__physical__d2__pools_minus_current,shadow_point_prediction,0.5,scratch,physical,2,pools_minus_current,254.1815004034039,183.6143659878326,-5.2258239622206535,263.71821598168293,253.1878559044354,275.64102427418857,0.7941176470588235,256.3172681732315
modis_pretrained__physical_modis__d1__pools_minus_base,shadow_point_prediction,0.75,modis_pretrained,physical_modis,1,pools_minus_base,254.16080014826565,183.30637550077648,-0.212176329782058,263.7676659155107,253.18172959615723,275.46903833240793,0.8025210084033614,256.31774895204984
modis_pretrained__physical__d2__effect_features_minus_base,shadow_point_prediction,0.5,modis_pretrained,physical,2,effect_features_minus_base,254.20290233094076,183.58745875246015,0.839585481738815,263.673405753067,253.20569382570508,275.69996348971256,0.7941176470588235,256.3212260601634
modis_pretrained__physical_modis__d1__effect_features_minus_base,shadow_point_prediction,0.25,modis_pretrained,physical_modis,1,effect_features_minus_base,254.22006606493838,183.62601277339925,0.0699751809534618,263.6023557153413,253.2460485711802,275.47847698431264,0.8025210084033614,256.3221341040996
scratch__physical_modis__d2__current_minus_base,shadow_point_prediction,0.25,scratch,physical_modis,2,current_minus_base,254.25728231307244,183.55060921324645,6.106323684130367,263.4752866477368,253.32172739869742,275.1131944665532,0.8025210084033614,256.3278946681448
scratch__physical_modis__d1__full_minus_base,shadow_point_prediction,-1.75,scratch,physical_modis,1,full_minus_base,254.087836061477,184.73219872604548,-2.3969551363242063,264.0938710896573,253.05745095652196,275.91691179424737,0.7857142857142857,256.3317485422833
scratch__physical_modis__d2__current_minus_base,shadow_point_prediction,-0.25,scratch,physical_modis,2,current_minus_base,254.21909145321283,184.06343154123329,-4.982139209572035,263.707802641979,253.1926361256501,276.0144561898151,0.7899159663865546,256.3346554185137
scratch__physical_modis__d1__pools_minus_base,shadow_point_prediction,-0.5,scratch,physical_modis,1,pools_minus_base,254.28714799976385,184.35659646364763,-1.347110819248621,263.4915466460796,253.27500362318204,275.94053202052845,0.7857142857142857,256.33521156719735
modis_pretrained__physical__d1__pools_minus_base,shadow_point_prediction,0.25,modis_pretrained,physical,1,pools_minus_base,254.23980065808374,183.80794313106782,0.3561433755720074,263.5938176724005,253.271817683851,275.4362623143918,0.8025210084033614,256.3363091681047
scratch__physical_modis__d1__transition_features_minus_base,shadow_point_prediction,0.25,scratch,physical_modis,1,transition_features_minus_base,254.26405003500562,183.82390356797697,1.286478155968541,263.5599356711621,253.2778310623193,275.6507484530191,0.8025210084033614,256.3414667008732
modis_pretrained__physical_modis__d2__effect_features_minus_base,shadow_point_prediction,-0.25,modis_pretrained,physical_modis,2,effect_features_minus_base,254.27854773266972,183.9028007396386,0.15577734735530085,263.5129155795972,253.30212512358827,275.5644979735256,0.8025210084033614,256.3430340421312
modis_pretrained__physical__d2__transition_minus_current,v5_prediction,-2.5,modis_pretrained,physical,2,transition_minus_current,253.9346821417956,188.2453040180722,-13.725627719019998,264.26328916432624,253.24277707873057,271.97559992813444,0.7815126050420168,256.343857631662
scratch__physical__d1__transition_features_minus_base,shadow_point_prediction,-0.75,scratch,physical,1,transition_features_minus_base,254.1633235600848,183.89788942343029,-0.5344939099971274,263.83163458272736,253.22505508828704,275.04400370279063,0.7857142857142857,256.34583419779597
modis_pretrained__physical_modis__d1__transition_features_minus_base,shadow_point_prediction,-1.0,modis_pretrained,physical_modis,1,transition_features_minus_base,254.12734743893049,184.8014265194978,5.202835044106487,263.8763587607973,253.25400488307605,274.3043665671373,0.7815126050420168,256.34626463043355
modis_pretrained__physical_modis__d2__pools_minus_base,shadow_point_prediction,0.75,modis_pretrained,physical_modis,2,pools_minus_base,254.32414542902228,183.85001798274297,1.0306349934319199,263.4780865259609,253.2588377984007,276.512483215966,0.7899159663865546,256.34630379560156
scratch__physical__d1__full_minus_base,shadow_point_prediction,1.0,scratch,physical,1,full_minus_base,254.31029364566191,183.40127625774107,7.123802242326106,263.39390081412483,253.37470781102172,275.16881012844186,0.8025210084033614,256.34729897911757
modis_pretrained__physical_modis__d2__transition_features_minus_base,shadow_point_prediction,0.75,modis_pretrained,physical_modis,2,transition_features_minus_base,253.97408079698803,183.59165241050124,1.7241817934843384,264.42168918831743,253.01935836369097,275.0202222081209,0.7899159663865546,256.34730228649613
scratch__physical_modis__d2__full_minus_base,shadow_point_prediction,0.75,scratch,physical_modis,2,full_minus_base,254.33242879808762,183.3396136352248,11.674392452928169,263.2936766168738,253.4498952511953,274.61909305112226,0.7983193277310925,256.3521073660611
scratch__physical_modis__d1__effect_features_minus_base,shadow_point_prediction,-0.75,scratch,physical_modis,1,effect_features_minus_base,254.25155686553882,184.05602149123476,-1.8746094651913732,263.6223517407413,253.28946720099614,275.38697777539886,0.7815126050420168,256.35373316820375
scratch__physical_modis__d1__current_minus_base,shadow_point_prediction,-0.25,scratch,physical_modis,1,current_minus_base,254.22438221434973,184.01841490942456,-0.5319988896195916,263.7358427007914,253.23240424149168,275.6686685103387,0.7857142857142857,256.3542528427456
scratch__physical_modis__d2__pools_minus_base,shadow_point_prediction,0.75,scratch,physical_modis,2,pools_minus_base,254.3250757742648,182.8366934056751,7.619300923594879,263.3610051663478,253.40817409474963,274.98458411937145,0.8067226890756303,256.3548327024068
scratch__physical__d1__effect_features_minus_base,shadow_point_prediction,0.25,scratch,physical,1,effect_features_minus_base,254.24887056892234,183.90721303808152,1.2197602468047535,263.6559755422179,253.2774293761305,275.4817522478563,0.8025210084033614,256.35778651404826
modis_pretrained__physical_modis__d2__pools_minus_base,shadow_point_prediction,-0.25,modis_pretrained,physical_modis,2,pools_minus_base,254.22963067533652,183.7366024178874,0.4059113185615812,263.7115070973561,253.28456846907116,275.185081904934,0.7983193277310925,256.3638342292751
scratch__physical_modis__d1__full_minus_current,shadow_point_prediction,-2.5,scratch,physical_modis,1,full_minus_current,254.51374744061127,184.61088089387778,7.275792972547639,262.9411679709973,253.48779237015967,276.3173073795967,0.8151260504201681,256.36411380559485
modis_pretrained__physical_modis__d1__full_minus_current,shadow_point_prediction,-0.75,modis_pretrained,physical_modis,1,full_minus_current,254.35476942174444,183.8997412598517,-4.9859518472217,263.43670673162865,253.35184776292863,275.91708568985086,0.7983193277310925,256.37452333451154
scratch__physical__d1__full_minus_base,shadow_point_prediction,-0.5,scratch,physical,1,full_minus_base,254.24390361772797,184.0916741989497,-2.7187627652443043,263.77308649736545,253.24565631292666,275.7534346443296,0.7857142857142857,256.376637511437
modis_pretrained__physical_modis__d1__full_minus_current,shadow_point_prediction,0.25,modis_pretrained,physical_modis,1,full_minus_current,254.24332059874314,183.9714410077881,2.4114402654461213,263.73250491017825,253.2919432510039,275.2659632110727,0.8025210084033614,256.3777723396671
scratch__physical_modis__d2__pools_minus_current,shadow_point_prediction,0.75,scratch,physical_modis,2,pools_minus_current,254.32085793142895,184.01685465062994,-9.013393416958726,263.6151405382214,253.25963903251946,276.46856007801404,0.7941176470588235,256.3791238583997
modis_pretrained__physical_modis__d1__full_minus_base,shadow_point_prediction,1.25,modis_pretrained,physical_modis,1,full_minus_base,254.29246131641125,184.05951476443886,0.26421959777536635,263.53035693115197,253.41588619573815,274.51196417215783,0.8025210084033614,256.38279143992816
modis_pretrained__physical_modis__d2__full_minus_base,shadow_point_prediction,1.0,modis_pretrained,physical_modis,2,full_minus_base,254.0957142817765,184.1025994793432,4.910954444515576,264.053452559471,253.2898472364468,273.5107597604562,0.7899159663865546,256.3836820898677
modis_pretrained__physical__d1__transition_features_minus_base,shadow_point_prediction,0.5,modis_pretrained,physical,1,transition_features_minus_base,254.29392021703433,183.74703115537582,-1.085683500900017,263.6563041371818,253.29971158626705,275.7642162472061,0.8025210084033614,256.38596403937936
scratch__physical__d1__current_minus_base,shadow_point_prediction,2.0,scratch,physical,1,current_minus_base,254.60048166465995,184.16274897682783,17.020314121613954,262.6956945104828,253.649525139466,275.63414841120454,0.819327731092437,256.38654574481717
modis_pretrained__physical_modis__d2__effect_features_minus_base,shadow_point_prediction,1.0,modis_pretrained,physical_modis,2,effect_features_minus_base,254.12378733911234,183.19409727925557,2.187351796974626,264.1601698294382,253.14221242464853,275.45632411049667,0.7857142857142857,256.3874892330779
modis_pretrained__physical_modis__d2__full_minus_base,shadow_point_prediction,-0.25,modis_pretrained,physical_modis,2,full_minus_base,254.33288764461915,183.79298920523786,-0.5251233145299367,263.59015015497874,253.30857639437417,276.1117091332322,0.8025210084033614,256.3911254596478
scratch__physical__d2__transition_features_minus_base,shadow_point_prediction,1.25,scratch,physical,2,transition_features_minus_base,254.33031775464457,183.45357815403955,17.777878097292724,263.60812239945574,253.29721720567653,276.19766010617064,0.7983193277310925,256.39149377860537
modis_pretrained__physical_modis__d1__pools_minus_base,shadow_point_prediction,-1.0,modis_pretrained,physical_modis,1,pools_minus_base,254.3544440876163,184.45196160031827,1.594450326694131,263.4735963905973,253.39035657411185,275.51523900012177,0.7899159663865546,256.39321028498546
scratch__physical_modis__d1__pools_minus_current,shadow_point_prediction,0.25,scratch,physical_modis,1,pools_minus_current,254.23385128302297,183.72047750020795,0.4226026386443018,263.85341138666536,253.25580646145258,275.53466710910516,0.7941176470588235,256.39423010354096
modis_pretrained__physical_modis__d1__effect_features_minus_base,shadow_point_prediction,-2.25,modis_pretrained,physical_modis,1,effect_features_minus_base,254.27485286677432,185.71506688788256,4.9911457442105025,263.7398885829401,253.2886232732771,275.66213709537584,0.7857142857142857,256.3945543974415
modis_pretrained__physical_modis__d1__pools_minus_current,shadow_point_prediction,0.25,modis_pretrained,physical_modis,1,pools_minus_current,254.24955479581206,183.80519618840344,2.2129252709931397,263.8139574464162,253.27549941686704,275.5096512784791,0.8025210084033614,256.39714161372683
scratch__physical_modis__d1__transition_features_minus_base,shadow_point_prediction,-1.5,scratch,physical_modis,1,transition_features_minus_base,254.17001839956492,183.99632347425614,-3.784223274857085,264.032284211313,253.2204575881928,275.1703576349223,0.7857142857142857,256.39819464965893
scratch__physical_modis__d2__transition_features_minus_base,shadow_point_prediction,-0.25,scratch,physical_modis,2,transition_features_minus_base,254.3381228152841,183.91685803638134,-1.6128370930497675,263.56207358555173,253.36349138071716,275.6080851638325,0.7983193277310925,256.4004526492092
modis_pretrained__physical_modis__d1__pools_minus_base,shadow_point_prediction,1.0,modis_pretrained,physical_modis,1,pools_minus_base,254.2238253790352,183.23696528986574,-0.4702658521357993,263.90948530794435,253.24502223748968,275.5320611229843,0.8025210084033614,256.4005395758761
modis_pretrained__physical_modis__d1__pools_minus_current,shadow_point_prediction,-1.0,modis_pretrained,physical_modis,1,pools_minus_current,254.48782101964977,184.4741881535589,-6.041239897576729,263.05894676059086,253.57243940691473,275.13789837619845,0.8025210084033614,256.4017570517013
modis_pretrained__physical_modis__d1__full_minus_base,shadow_point_prediction,-0.75,modis_pretrained,physical_modis,1,full_minus_base,254.31668149005299,183.70068957685498,0.7408158209814456,263.6965315233,253.2780310616106,276.23916051263853,0.7941176470588235,256.40198139125414
modis_pretrained__physical_modis__d1__current_minus_base,shadow_point_prediction,-0.25,modis_pretrained,physical_modis,1,current_minus_base,254.2737997178833,183.95752547300728,2.471014793346881,263.7685162141514,253.3028962326798,275.502175119762,0.7983193277310925,256.40475297064944
scratch__physical__d1__pools_minus_base,shadow_point_prediction,0.25,scratch,physical,1,pools_minus_base,254.29529229392344,183.68406316545395,1.4953265842940338,263.6989009356293,253.34030995558743,275.3580990012395,0.8025210084033614,256.4074488697659
scratch__physical_modis__d1__pools_minus_current,shadow_point_prediction,-1.25,scratch,physical_modis,1,pools_minus_current,254.60608859288544,184.4412754912839,1.2595402304534864,262.80778829543374,253.61482945259021,276.05984293669854,0.8025210084033614,256.4086987334487
modis_pretrained__physical_modis__d1__transition_features_minus_base,shadow_point_prediction,0.25,modis_pretrained,physical_modis,1,transition_features_minus_base,254.33100208615795,183.81056920182,-0.5980934644276643,263.6431232342983,253.34459345957478,275.7226091658892,0.8025210084033614,256.41243021654725
scratch__physical_modis__d1__full_minus_base,shadow_point_prediction,0.5,scratch,physical_modis,1,full_minus_base,254.35523704847225,183.62980414832998,1.4075343440229864,263.5473871980241,253.39223776869716,275.50468793950716,0.7983193277310925,256.41252476591643
scratch__physical_modis__d1__full_minus_current,shadow_point_prediction,0.25,scratch,physical_modis,1,full_minus_current,254.30568689899988,183.9429632013952,-0.10927783624768136,263.7284630183235,253.32141045469876,275.67415960137413,0.7857142857142857,256.4153118177555
modis_pretrained__physical_modis__d2__current_minus_base,shadow_point_prediction,2.0,modis_pretrained,physical_modis,2,current_minus_base,254.13975293316284,184.5699539172297,-2.5390954607004166,263.905033102428,253.47885403459014,271.79509213743233,0.7815126050420168,256.41584825083595
scratch__physical__d1__transition_features_minus_base,shadow_point_prediction,0.5,scratch,physical,1,transition_features_minus_base,254.3740239864054,183.78703672698703,1.2931496687966948,263.54559466600625,253.37255916116789,275.92228960649277,0.8025210084033614,256.41655044999624
scratch__physical__d1__full_minus_current,shadow_point_prediction,0.25,scratch,physical,1,full_minus_current,254.31760892689064,183.88173266212138,0.1452420029990525,263.7160135486448,253.33465301008926,275.67295631514264,0.7857142857142857,256.42147110312885
scratch__physical_modis__d1__effect_features_minus_base,shadow_point_prediction,0.75,scratch,physical_modis,1,effect_features_minus_base,254.32431012915924,183.59180484593696,2.9987939397497048,263.7228244867948,253.3189286622985,275.9104116605017,0.8067226890756303,256.4225933518529
scratch__physical__d2__full_minus_current,shadow_point_prediction,0.5,scratch,physical,2,full_minus_current,254.3925666455285,183.81590706246888,0.6155705744148015,263.54011215503016,253.36519898484187,276.20494302612065,0.7773109243697479,256.4226111077322
scratch__physical_modis__d2__full_minus_current,shadow_point_prediction,-0.25,scratch,physical_modis,2,full_minus_current,254.31868723443452,183.77861285137774,2.402223612247366,263.70187287560805,253.35448097752993,275.47916504877793,0.8067226890756303,256.42343208050175
modis_pretrained__physical__d1__full_minus_current,shadow_point_prediction,0.25,modis_pretrained,physical,1,full_minus_current,254.30136612992055,183.9745197489739,3.1816056768102516,263.76402735242834,253.34318090015967,275.3980558019334,0.8025210084033614,256.42748512810726
scratch__physical_modis__d2__transition_minus_current,shadow_point_prediction,-0.25,scratch,physical_modis,2,transition_minus_current,254.39441996678397,183.64001242181078,3.931394353801434,263.46167946027003,253.46185196412503,275.22444622934165,0.8067226890756303,256.4280928394908
modis_pretrained__physical_modis__d2__transition_features_minus_base,shadow_point_prediction,-0.25,modis_pretrained,physical_modis,2,transition_features_minus_base,254.42122123868654,183.88467943700988,0.17472905187744173,263.4455277368944,253.44464051913457,275.7150695386066,0.8025210084033614,256.4331526833505
scratch__physical__d1__pools_minus_current,shadow_point_prediction,-2.0,scratch,physical,1,pools_minus_current,254.47481490904275,184.5501254918032,9.55443934549501,263.43096950002456,253.35972026450577,277.1564337031919,0.7899159663865546,256.435079895654
scratch__physical_modis__d2__full_minus_base,shadow_point_prediction,-0.25,scratch,physical_modis,2,full_minus_base,254.30651847581123,184.03794980982875,-3.1420078346038354,263.8387458005447,253.30068985937885,275.89639423102636,0.8025210084033614,256.43811815288655
scratch__physical_modis__d1__transition_minus_current,shadow_point_prediction,0.25,scratch,physical_modis,1,transition_minus_current,254.33587152168576,184.10392438596602,0.19238702906978353,263.76948510265146,253.33627691531433,275.86329050750237,0.7899159663865546,256.4443762653343
scratch__physical__d1__effect_features_minus_base,shadow_point_prediction,-2.25,scratch,physical,1,effect_features_minus_base,254.4156242541148,183.85296249527931,-5.356919848451122,263.62765245102673,253.3340549650781,276.7683558840667,0.7857142857142857,256.4482389810836
modis_pretrained__physical__d1__full_minus_current,shadow_point_prediction,-0.75,modis_pretrained,physical,1,full_minus_current,254.39008093049137,184.0921197174012,-7.296448081314091,263.5934495694051,253.42744355372298,275.537263309806,0.7983193277310925,256.4502637460277
scratch__physical__d1__full_minus_current,shadow_point_prediction,-2.75,scratch,physical,1,full_minus_current,254.5554197656418,185.356500092853,5.147444814360413,263.10839190844086,253.5832906375977,275.808871427979,0.8151260504201681,256.45063051933056
modis_pretrained__physical__d1__pools_minus_base,shadow_point_prediction,-2.5,modis_pretrained,physical,1,pools_minus_base,254.3091479697289,185.2037624147947,2.6215808543507504,263.8880501325668,253.30961841854247,275.8347145946273,0.7647058823529411,256.45399112264175
scratch__physical_modis__d1__full_minus_base,shadow_point_prediction,-2.0,scratch,physical_modis,1,full_minus_base,254.19249285392584,185.11071899080335,-2.8196761896961164,264.2807667648211,253.15340099277094,276.1137796718445,0.7899159663865546,256.45478836636096
modis_pretrained__physical__d2__effect_features_minus_base,shadow_point_prediction,-0.5,modis_pretrained,physical,2,effect_features_minus_base,254.36347306582812,184.02016754439168,0.2845989928195168,263.6981462057367,253.3993861783445,275.5246548670742,0.7983193277310925,256.45611962893435
modis_pretrained__physical_modis__d1__effect_features_minus_base,shadow_point_prediction,0.5,modis_pretrained,physical_modis,1,effect_features_minus_base,254.35848355483694,183.5694381859003,-0.4221418753722423,263.74052619478766,253.38691171601022,275.5975201574527,0.8025210084033614,256.4611012551179
modis_pretrained__physical__d1__full_minus_base,shadow_point_prediction,-0.25,modis_pretrained,physical,1,full_minus_base,254.38763832659367,183.82814615246193,-0.682291622755937,263.6877837545306,253.3922716817412,275.87397947604575,0.7983193277310925,256.4638330223648
scratch__physical__d2__pools_minus_current,shadow_point_prediction,-0.25,scratch,physical,2,pools_minus_current,254.40011793725083,184.03798652424777,3.4560503370290756,263.6704380359604,253.4224962778719,275.70384243960865,0.7983193277310925,256.4732925470835
modis_pretrained__physical__d1__transition_features_minus_base,shadow_point_prediction,-0.5,modis_pretrained,physical,1,transition_features_minus_base,254.35395731851966,184.21541440540457,2.209867975458349,263.7718408265402,253.4282445917824,275.1091220352592,0.7941176470588235,256.4770000138405
scratch__physical__d1__current_minus_base,shadow_point_prediction,-0.25,scratch,physical,1,current_minus_base,254.36009209692625,184.05141113518232,-1.4951854982626827,263.82847773724967,253.365162392786,275.840725505509,0.7815126050420168,256.478456080972
scratch__physical__d1__full_minus_base,shadow_point_prediction,1.25,scratch,physical,1,full_minus_base,254.45974071717728,183.47409622081585,8.764229743587842,263.4663597989009,253.53360361316152,275.22395826165433,0.8025210084033614,256.4798612116042
scratch__physical_modis__d1__effect_features_minus_base,shadow_point_prediction,-1.0,scratch,physical_modis,1,effect_features_minus_base,254.3795078772704,184.30764154697724,-2.686843366014886,263.7462038258856,253.41886028546372,275.5054009720194,0.7815126050420168,256.48101996647256
scratch__physical_modis__d1__pools_minus_base,shadow_point_prediction,0.5,scratch,physical_modis,1,pools_minus_base,254.3234656641707,183.2066511096021,2.471295293806953,263.91748602010864,253.3624106386331,275.45118749058366,0.8025210084033614,256.48170699677075
scratch__physical__d2__transition_minus_current,shadow_point_prediction,-0.5,scratch,physical,2,transition_minus_current,254.47005687678978,183.61693800834098,5.84337071928354,263.4284711759601,253.5708072439367,274.94498700679355,0.8109243697478992,256.4848480433691
modis_pretrained__physical__d1__pools_minus_base,shadow_point_prediction,0.5,modis_pretrained,physical,1,pools_minus_base,254.39942404315164,183.90781674859093,0.150194513864849,263.72159019454557,253.44072570857716,275.50575473183113,0.8067226890756303,256.4902909973565
modis_pretrained__physical_modis__d1__full_minus_base,shadow_point_prediction,1.5,modis_pretrained,physical_modis,1,full_minus_base,254.4092727709821,184.19694590113915,0.20464506987460643,263.59506485889773,253.5519001482956,274.4208244868605,0.8025210084033614,256.49137763728936
modis_pretrained__physical__d2__transition_minus_current,v5_prediction,-1.5,modis_pretrained,physical,2,transition_minus_current,254.01203128555142,186.9171238189758,-11.348994547746118,264.6945714194132,253.24919593485163,272.92041338988156,0.7815126050420168,256.49195748134196
modis_pretrained__physical__d2__transition_features_minus_base,shadow_point_prediction,1.25,modis_pretrained,physical,2,transition_features_minus_base,254.31114654660203,183.64512723344805,4.367282251517283,264.11150778064166,253.23583027005623,276.59762654693935,0.8067226890756303,256.4924077859755
modis_pretrained__physical_modis__d1__pools_minus_base,shadow_point_prediction,-1.25,modis_pretrained,physical_modis,1,pools_minus_base,254.4727074303351,184.69485734374442,1.8525398490478724,263.531539115703,253.51312927426648,275.59144697498795,0.7815126050420168,256.4975208126599
modis_pretrained__physical_modis__d1__pools_minus_base,shadow_point_prediction,1.25,modis_pretrained,physical_modis,1,pools_minus_base,254.30949949021223,183.2142190793796,-0.7283553744895406,264.0761682911338,253.33156724621392,275.61246865390495,0.8025210084033614,256.50668362944305
scratch__physical_modis__d1__current_minus_base,shadow_point_prediction,1.25,scratch,physical_modis,1,current_minus_base,254.6417705761624,183.58368299238168,6.0325478717729535,263.06285609310953,253.68495292836326,275.73888636204003,0.819327731092437,256.5078375434494
scratch__physical_modis__d2__full_minus_current,shadow_point_prediction,1.0,scratch,physical_modis,2,full_minus_current,254.4936758558135,184.64688228367623,-6.798433262593635,263.6426821354363,253.40146352173383,276.9541562690032,0.7815126050420168,256.5078743421993
scratch__physical__d1__transition_minus_current,shadow_point_prediction,0.25,scratch,physical,1,transition_minus_current,254.4179700954353,184.0230787695212,-1.1296567825039183,263.7927947085729,253.41186611997784,276.01561839857584,0.7983193277310925,256.5101502548554
scratch__physical__d1__transition_features_minus_base,shadow_point_prediction,-1.0,scratch,physical,1,transition_features_minus_base,254.30316169878975,184.23518649417102,-0.9000226257558919,264.0568446170776,253.37753008421146,275.05529054107916,0.7815126050420168,256.5101745247172
modis_pretrained__physical__d2__effect_features_minus_base,shadow_point_prediction,0.75,modis_pretrained,physical,2,effect_features_minus_base,254.3819829721061,183.6376350123104,0.9783321039686396,263.9095626281586,253.37094879216727,276.0283001152554,0.7983193277310925,256.51111934113453
modis_pretrained__physical_modis__d1__full_minus_base,shadow_point_prediction,-1.0,modis_pretrained,physical_modis,1,full_minus_base,254.43953372865073,183.73005261847405,0.8003903488822055,263.8027157923407,253.37970776667538,276.5788460292784,0.7899159663865546,256.5153727540794
modis_pretrained__physical_modis__d1__transition_minus_current,shadow_point_prediction,0.25,modis_pretrained,physical_modis,1,transition_minus_current,254.41026171875285,183.9065703096767,1.310829091640051,263.83004070819965,253.42122872883579,275.83243345708337,0.7983193277310925,256.5179482186353
scratch__physical__d1__full_minus_base,shadow_point_prediction,-0.75,scratch,physical,1,full_minus_base,254.3712688362625,184.29560069853122,-4.359190266506039,263.97168088901395,253.36161701800793,276.0030266779739,0.7899159663865546,256.51895889488674
scratch__physical_modis__d1__transition_features_minus_base,shadow_point_prediction,0.5,scratch,physical_modis,1,transition_features_minus_base,254.4678195359111,183.9476033074349,2.010864074657916,263.67331928095575,253.47002086076847,275.98267739443025,0.8025210084033614,256.51974480338663
scratch__physical_modis__d2__pools_minus_current,shadow_point_prediction,-0.25,scratch,physical_modis,2,pools_minus_current,254.42455240555975,183.9550329589868,3.7539207886917962,263.77649056272077,253.4669549253066,275.5204269345391,0.7983193277310925,256.5231375747867
modis_pretrained__physical__d1__effect_features_minus_base,shadow_point_prediction,0.25,modis_pretrained,physical,1,effect_features_minus_base,254.41885162686583,183.91749566675801,0.37061147245736803,263.8142097526408,253.44706649634014,275.66274896465353,0.8067226890756303,256.52474487567815
scratch__physical_modis__d2__pools_minus_base,shadow_point_prediction,-0.25,scratch,physical_modis,2,pools_minus_base,254.3995777184514,184.19817242434146,-1.790310658159405,263.903155739717,253.39742595861588,275.95600882355154,0.7899159663865546,256.52493428380893
scratch__physical_modis__d2__transition_features_minus_base,shadow_point_prediction,1.0,scratch,physical_modis,2,transition_features_minus_base,254.2865860128321,183.89241808049854,9.261809558594898,264.2155089309692,253.32675624899701,275.3998709912056,0.7899159663865546,256.5288593014076
scratch__physical__d1__effect_features_minus_base,shadow_point_prediction,0.5,scratch,physical,1,effect_features_minus_base,254.4249419749919,184.09129639827563,1.877428256330341,263.85592116146523,253.45697138916515,275.6293585680395,0.8025210084033614,256.54069412515355
modis_pretrained__physical_modis__d1__current_minus_base,shadow_point_prediction,1.0,modis_pretrained,physical_modis,1,current_minus_base,254.54909585584704,184.12802413500614,-7.073597986991695,263.4219554412118,253.646817999164,275.0602231447306,0.8067226890756303,256.5417412880175
modis_pretrained__physical__d2__transition_minus_current,v5_prediction,-2.75,modis_pretrained,physical,2,transition_minus_current,254.15599865907112,188.71290572206863,-14.319786011838469,264.3971246981074,253.47669421156766,272.0464854318583,0.7857142857142857,256.54645405695436
scratch__physical_modis__d1__pools_minus_base,shadow_point_prediction,-0.75,scratch,physical_modis,1,pools_minus_base,254.52481795107917,184.7631068687572,-2.3017123475125145,263.65109356520037,253.486715938413,276.4512058258084,0.7857142857142857,256.54686135144294
modis_pretrained__physical_modis__d2__effect_features_minus_base,shadow_point_prediction,-0.5,modis_pretrained,physical_modis,2,effect_features_minus_base,254.5190642410942,184.11495662268572,-0.2505375425685642,263.6094415703017,253.54186266482265,275.8236475712088,0.8025210084033614,256.5473581793282
scratch__physical_modis__d2__effect_features_minus_base,shadow_point_prediction,2.5,scratch,physical_modis,2,effect_features_minus_base,254.31888360964385,183.4780897467258,13.87695324638007,264.2213247543682,253.3318048000654,275.71687208156226,0.8025210084033614,256.5477241934303
modis_pretrained__physical_modis__d1__effect_features_minus_base,shadow_point_prediction,-2.5,modis_pretrained,physical_modis,1,effect_features_minus_base,254.42419053373436,186.08827774678056,5.483262800536207,263.90547062685295,253.43798555575137,275.8178024939826,0.7815126050420168,256.54795931251823
scratch__physical__d1__pools_minus_base,shadow_point_prediction,-1.0,scratch,physical,1,pools_minus_base,254.48533992640898,184.5004446852461,-3.170845150780306,263.8616379642048,253.37245142935836,277.14615736969006,0.7815126050420168,256.5511923115953
scratch__physical_modis__d1__full_minus_base,shadow_point_prediction,0.75,scratch,physical_modis,1,full_minus_base,254.51914374299884,183.61643080243678,1.8302553973948967,263.6131617026586,253.56239390318865,275.6102266709124,0.7983193277310925,256.5534607729612
modis_pretrained__physical__d1__pools_minus_current,shadow_point_prediction,-3.0,modis_pretrained,physical,1,pools_minus_current,254.2004532268241,188.7831120051928,-13.468076376186728,264.22956260561125,253.60669589543804,270.9708606528224,0.7647058823529411,256.55929123867435
scratch__physical__d2__full_minus_current,shadow_point_prediction,-0.5,scratch,physical,2,full_minus_current,254.41189421870217,183.98843888512252,0.5086139001435304,263.95161963430843,253.46365545887812,275.40875243681893,0.8067226890756303,256.5597658826477
modis_pretrained__physical_modis__d2__transition_minus_current,shadow_point_prediction,0.25,modis_pretrained,physical_modis,2,transition_minus_current,254.39196217448577,184.010030469299,1.3371038849283379,264.1010273247831,253.37423633462788,276.10674127423226,0.7941176470588235,256.5647970020956
scratch__physical_modis__d1__current_minus_base,shadow_point_prediction,-0.5,scratch,physical_modis,1,current_minus_base,254.41539845813926,184.42943837633584,-1.6260900165183492,264.0324312673674,253.40361318674002,276.07085378895744,0.7773109243697479,256.5667103425965
scratch__physical__d2__transition_minus_current,shadow_point_prediction,0.5,scratch,physical,2,transition_minus_current,254.42699694441282,184.43889772226964,-4.719186244725208,264.07434222369073,253.35398719115568,276.69609396188184,0.7815126050420168,256.570580825918
scratch__physical_modis__d1__effect_features_minus_base,shadow_point_prediction,1.0,scratch,physical_modis,1,effect_features_minus_base,254.4764588327288,183.6689015446018,3.811027840573218,263.88009611033027,253.45796688659345,276.2027931501645,0.8067226890756303,256.57274516559534
scratch__physical_modis__d2__transition_minus_current,shadow_point_prediction,0.75,scratch,physical_modis,2,transition_minus_current,254.35461614370837,185.37535400945714,-9.545814112287639,264.3749355885372,253.22069955483343,277.211282510944,0.7815126050420168,256.5762168576968
modis_pretrained__physical__d1__transition_minus_current,shadow_point_prediction,0.25,modis_pretrained,physical,1,transition_minus_current,254.48761279001047,183.86517227329693,1.1133339476855575,263.8488227693454,253.4868314939527,276.03392271909183,0.8025210084033614,256.57771996082977
modis_pretrained__physical_modis__d2__full_minus_current,shadow_point_prediction,0.25,modis_pretrained,physical_modis,2,full_minus_current,254.4521969035581,184.10172070107106,2.0369562513357162,263.93769404071634,253.48049666189502,275.6966691739668,0.7983193277310925,256.5806461274319
modis_pretrained__physical__d2__transition_features_minus_base,shadow_point_prediction,-0.25,modis_pretrained,physical,2,transition_features_minus_base,254.4861748993157,184.0924744519122,-0.19894576556845753,263.8199079751024,253.53991649047018,275.4653346367797,0.7983193277310925,256.583043566051
scratch__physical__d2__effect_features_minus_base,shadow_point_prediction,2.75,scratch,physical,2,effect_features_minus_base,254.35818564251124,184.69146399355625,8.777990270228916,264.23741714176356,253.38803751821993,275.582384681752,0.8109243697478992,256.58545648625153
modis_pretrained__physical_modis__d2__pools_minus_base,shadow_point_prediction,1.0,modis_pretrained,physical_modis,2,pools_minus_base,254.59000492820545,183.95352040232032,1.1868159121495048,263.6887439645176,253.4968600432095,277.0640524423297,0.7899159663865546,256.59140346603454
scratch__physical_modis__d1__transition_features_minus_base,shadow_point_prediction,-1.75,scratch,physical_modis,1,transition_features_minus_base,254.34701219082817,184.27089920585044,-4.5086091935464605,264.2802089336689,253.39644393148984,275.36562264341774,0.7857142857142857,256.5926693117038
scratch__physical_modis__d2__effect_features_minus_base,shadow_point_prediction,-0.25,scratch,physical_modis,2,effect_features_minus_base,254.50101218088722,184.09241642603456,-0.7693938636309247,263.85833312710105,253.51989142066702,275.84543408258924,0.7941176470588235,256.5950622273856
scratch__physical_modis__d1__full_minus_current,shadow_point_prediction,-2.75,scratch,physical_modis,1,full_minus_current,254.79242055442617,184.99015102272094,7.947163046074486,263.06821412795296,253.74821354302904,276.79212153852575,0.8151260504201681,256.6003171949586
scratch__physical_modis__d1__full_minus_base,shadow_point_prediction,-2.25,scratch,physical_modis,1,full_minus_base,254.32396407503492,185.53964093763287,-3.2423972430680266,264.49275430973125,253.27592681093194,276.34069650202395,0.7815126050420168,256.60415231768326
scratch__physical__d1__transition_features_minus_base,shadow_point_prediction,0.75,scratch,physical,1,transition_features_minus_base,254.5979314533015,183.94387436269082,1.6586783845554591,263.65664390433744,253.58393281063798,276.2840588144699,0.8067226890756303,256.6091099053946
modis_pretrained__physical_modis__d2__effect_features_minus_base,shadow_point_prediction,1.25,modis_pretrained,physical_modis,2,effect_features_minus_base,254.3025782380441,183.15463393183788,2.5936666868984912,264.51482338592507,253.31816430523384,275.6723346441904,0.7899159663865546,256.6095360418118
modis_pretrained__physical_modis__d1__transition_features_minus_base,shadow_point_prediction,-1.25,modis_pretrained,physical_modis,1,transition_features_minus_base,254.36036291212707,185.67122691777843,6.363020745813317,264.21948759539237,253.52674912126614,274.10299029383134,0.7857142857142857,256.61674063522815
modis_pretrained__physical_modis__d2__pools_minus_base,shadow_point_prediction,-0.5,modis_pretrained,physical_modis,2,pools_minus_base,254.44836776253243,183.7669441634646,0.24973039984399653,264.038518095089,253.5350513157012,275.07454089557984,0.7983193277310925,256.61757623396375
modis_pretrained__physical_modis__d1__full_minus_base,shadow_point_prediction,1.75,modis_pretrained,physical_modis,1,full_minus_base,254.55264165933121,184.33437703783943,0.1450705419738465,263.6787456189729,253.71420896894313,274.35755034109866,0.8067226890756303,256.62455947664466
modis_pretrained__physical_modis__d1__pools_minus_base,shadow_point_prediction,-1.5,modis_pretrained,physical_modis,1,pools_minus_base,254.6135532704378,184.96964177765764,2.1106293714016138,263.6144525499744,253.65905892618872,275.68502845486984,0.7815126050420168,256.6251545042597
modis_pretrained__physical_modis__d1__effect_features_minus_base,shadow_point_prediction,0.75,modis_pretrained,physical_modis,1,effect_features_minus_base,254.5229658583896,183.62482530120897,-0.9142589316979465,263.90622369516916,253.5540540935949,275.74147850593454,0.8025210084033614,256.6265523763858
modis_pretrained__physical__d1__pools_minus_base,shadow_point_prediction,-2.75,modis_pretrained,physical,1,pools_minus_base,254.48132651977636,185.62303333380774,2.8275297160579087,264.06911599078194,253.48550647861344,275.9764724993479,0.7605042016806722,256.62931887723704
modis_pretrained__physical__d2__pools_minus_base,shadow_point_prediction,1.5,modis_pretrained,physical,2,pools_minus_base,254.5879942231105,184.48416703679428,-5.221360806490224,263.94276857206404,253.4045431666746,277.92360320239976,0.8067226890756303,256.6308250462399
modis_pretrained__physical_modis__d2__pools_minus_current,shadow_point_prediction,0.25,modis_pretrained,physical_modis,2,pools_minus_current,254.58023740880643,184.15810748842148,1.1059216182441984,263.84481339126967,253.5293873019304,276.6366816790748,0.8025210084033614,256.63366887770326
modis_pretrained__physical_modis__d1__pools_minus_base,shadow_point_prediction,1.5,modis_pretrained,physical_modis,1,pools_minus_base,254.41779960105555,183.22954711801998,-0.986444896843282,264.2676678180397,253.4413395049204,275.7102457150278,0.8025210084033614,256.6361516312678
modis_pretrained__physical__d1__current_minus_base,shadow_point_prediction,2.0,modis_pretrained,physical,1,current_minus_base,254.39192014960506,186.2951739467379,-10.438944398688697,264.03769747224936,253.72901440774302,272.0821145567197,0.773109243697479,256.6376380448006
scratch__physical__d1__pools_minus_current,shadow_point_prediction,0.25,scratch,physical,1,pools_minus_current,254.50552927455183,183.9970802092008,-0.5619511512478147,264.00534597428396,253.53485257116492,275.74167501467184,0.7983193277310925,256.6378142736381
scratch__physical__d2__full_minus_base,shadow_point_prediction,1.0,scratch,physical,2,full_minus_base,254.77733901545776,183.06164615308955,25.004234563570034,263.1607190843923,253.84123595031517,275.66139651374664,0.7857142857142857,256.63915826640573
modis_pretrained__physical__d1__transition_features_minus_base,shadow_point_prediction,0.75,modis_pretrained,physical,1,transition_features_minus_base,254.54892903799316,183.9867831474404,-1.9095713699896084,263.9051439965161,253.55834363585961,275.9932193214665,0.8025210084033614,256.64033642709046
modis_pretrained__physical__d2__full_minus_current,shadow_point_prediction,0.25,modis_pretrained,physical,2,full_minus_current,254.51567131886404,184.19992752568626,2.3810089507693717,263.995398647871,253.54255210927585,275.7776868470544,0.7983193277310925,256.6423233487187
modis_pretrained__physical__d1__current_minus_base,shadow_point_prediction,-0.25,modis_pretrained,physical,1,current_minus_base,254.54397506303005,184.06427181000035,1.937221816775149,263.92410759988053,253.5655375666073,275.8624745635568,0.8025210084033614,256.64439882313695
scratch__physical_modis__d1__effect_features_minus_base,shadow_point_prediction,-1.25,scratch,physical_modis,1,effect_features_minus_base,254.547382748058,184.57291812727487,-3.499077266838399,263.91013696706773,253.58655077410168,275.6825081052579,0.7815126050420168,256.64786330932134
scratch__physical__d1__effect_features_minus_base,shadow_point_prediction,-2.5,scratch,physical,1,effect_features_minus_base,254.62489492157667,184.10060206319145,-6.01458785797671,263.821958845791,253.52444097343937,277.17174405284,0.7857142857142857,256.64904741559593
modis_pretrained__physical__d2__pools_minus_current,shadow_point_prediction,-2.25,modis_pretrained,physical,2,pools_minus_current,254.35878040848016,186.52433485949487,10.739189193195626,264.00977367784776,253.87049235525518,269.6236597253351,0.7857142857142857,256.6494567125158
scratch__physical__d1__full_minus_base,shadow_point_prediction,1.5,scratch,physical,1,full_minus_base,254.64860128006194,183.60882363477472,10.404657244849577,263.5775495663021,253.7316207502835,275.3227014394539,0.8025210084033614,256.65159321917736
modis_pretrained__physical_modis__d2__full_minus_base,shadow_point_prediction,1.25,modis_pretrained,physical_modis,2,full_minus_base,254.31484086918547,184.41045925273863,5.998169996324679,264.4319347180674,253.54618820782528,273.30393938555744,0.7899159663865546,256.6519511660659
modis_pretrained__physical_modis__d1__full_minus_current,shadow_point_prediction,-1.0,modis_pretrained,physical_modis,1,full_minus_current,254.65465739064103,184.26147254378384,-6.835299875388655,263.6408342573861,253.65921327747498,276.1536136961844,0.7983193277310925,256.65234057903575
scratch__physical_modis__d1__pools_minus_current,shadow_point_prediction,0.5,scratch,physical_modis,1,pools_minus_current,254.43509526310476,183.7025609089804,0.2831130400094377,264.2894521646268,253.45365328800176,275.77994578162003,0.7983193277310925,256.6533239947095
modis_pretrained__physical_modis__d1__full_minus_base,shadow_point_prediction,-1.25,modis_pretrained,physical_modis,1,full_minus_base,254.58893392756826,183.81801225068895,0.8599648767829655,263.9278281290789,253.50776331397037,276.94574995795716,0.7899159663865546,256.65336482454643
modis_pretrained__physical_modis__d1__full_minus_current,shadow_point_prediction,0.5,modis_pretrained,physical_modis,1,full_minus_current,254.48766285023436,184.3048567357694,4.260788293613077,264.084064318196,253.5686094854775,275.1771917290206,0.7983193277310925,256.65699987603557
scratch__physical_modis__d1__full_minus_current,shadow_point_prediction,0.5,scratch,physical_modis,1,full_minus_current,254.5467817477735,184.1706467655893,-0.7806479097745286,263.9979537155356,253.5520946652635,276.0331842519783,0.7815126050420168,256.6609029690865
modis_pretrained__physical_modis__d2__transition_features_minus_base,shadow_point_prediction,1.0,modis_pretrained,physical_modis,2,transition_features_minus_base,254.19866494548026,183.86306938495886,2.1115449788860627,264.99387450586937,253.25777960629702,275.1085994754191,0.7857142857142857,256.6622460007817
modis_pretrained__physical_modis__d2__full_minus_base,shadow_point_prediction,-0.5,modis_pretrained,physical_modis,2,full_minus_base,254.6465359986605,183.90206085511093,-1.6123388663390392,263.78401416489714,253.57196095375735,276.94114823494556,0.8025210084033614,256.66226177899387
modis_pretrained__physical__d1__pools_minus_base,shadow_point_prediction,0.75,modis_pretrained,physical,1,pools_minus_base,254.58657426318157,184.04017445521632,-0.05575434784230945,263.8750357791609,253.63815866940027,275.59284522736755,0.8025210084033614,256.6715857437311
modis_pretrained__physical_modis__d2__full_minus_current,shadow_point_prediction,-2.25,modis_pretrained,physical_modis,2,full_minus_current,254.89806338432842,184.6735252370112,-12.711683889229787,262.8469452129051,254.04392695822727,274.893528698404,0.7857142857142857,256.6717497349473
scratch__physical__d1__full_minus_current,shadow_point_prediction,0.5,scratch,physical,1,full_minus_current,254.56899526329124,184.04818568704167,-0.27160823128106093,263.9716133782741,253.57826461883224,276.0156678166866,0.7815126050420168,256.6719671309222
modis_pretrained__physical__d2__current_minus_base,v5_prediction,0.75,modis_pretrained,physical,2,current_minus_base,254.1166058922493,186.01772935893757,-7.283405660747836,265.22344734643616,253.23126282834974,274.42505712186926,0.7815126050420168,256.6719804898211
scratch__physical_modis__d1__pools_minus_current,shadow_point_prediction,-1.5,scratch,physical_modis,1,pools_minus_current,254.9308990988967,184.81615829059908,1.3990298290883505,262.89667623730196,253.93182771323376,276.4793373226873,0.7899159663865546,256.6725755370823
scratch__physical__d2__transition_features_minus_base,shadow_point_prediction,-0.25,scratch,physical,2,transition_features_minus_base,254.5595271549033,184.1853140255193,-2.8810649347235464,263.96984949067183,253.60346276175505,275.64516279997946,0.7857142857142857,256.67309164055837
scratch__physical__d2__effect_features_minus_base,shadow_point_prediction,-0.25,scratch,physical,2,effect_features_minus_base,254.57258574458152,184.09501534482575,-0.1848075838980843,263.9554389043449,253.59471545389096,275.8864562235658,0.7941176470588235,256.6738314618497
scratch__physical_modis__d2__full_minus_base,shadow_point_prediction,1.0,scratch,physical_modis,2,full_minus_base,254.680570818035,183.50679601649986,15.378492524811168,263.50896622704465,253.83045601020356,274.6221070714405,0.7941176470588235,256.6751409683296
modis_pretrained__physical_modis__d1__pools_minus_current,shadow_point_prediction,0.5,modis_pretrained,physical_modis,1,pools_minus_current,254.48592161873526,183.8841565280977,3.8637583047071136,264.2212576965085,253.52108055324175,275.66032212231414,0.8025210084033614,256.67854537180517
modis_pretrained__physical_modis__d2__transition_minus_current,shadow_point_prediction,-2.0,modis_pretrained,physical_modis,2,transition_minus_current,255.32526495107578,185.76494783185424,-5.63800094391421,261.3552317366335,254.7118579532795,272.3997165100811,0.7857142857142857,256.6794048980162
modis_pretrained__physical_modis__d1__pools_minus_current,shadow_point_prediction,-1.25,modis_pretrained,physical_modis,1,pools_minus_current,254.8191225339691,184.97238951202937,-7.692072931290704,263.16527217107756,253.93531889267553,275.1400124263517,0.7941176470588235,256.6847090329228
scratch__physical__d2__pools_minus_current,shadow_point_prediction,0.75,scratch,physical,2,pools_minus_current,254.54741601509957,184.07644664681737,-8.119782061970561,264.12285830284753,253.53489078258693,276.2162962907534,0.7941176470588235,256.6881452789084
scratch__physical_modis__d2__current_minus_base,shadow_point_prediction,0.5,scratch,physical_modis,2,current_minus_base,254.6672109542647,183.67977825216272,11.65055513098157,263.6584333012768,253.76321371804727,275.20195665490405,0.8067226890756303,256.68901723196336
scratch__physical_modis__d2__transition_features_minus_base,shadow_point_prediction,-0.5,scratch,physical_modis,2,transition_features_minus_base,254.67813614052463,184.2319715662852,-3.787766423378701,263.732905724018,253.70739355851217,275.9225118737008,0.7983193277310925,256.69914289089485
scratch__physical__d1__current_minus_base,shadow_point_prediction,2.25,scratch,physical,1,current_minus_base,254.975240892462,184.58230220797134,19.077591857155802,262.8342995070808,254.01217414176114,276.15238317294796,0.8151260504201681,256.6992388584415
scratch__physical__d1__full_minus_base,shadow_point_prediction,-1.0,scratch,physical,1,full_minus_base,254.53808867886204,184.55709545773598,-5.9996177677677744,264.20878409410574,253.51676919336126,276.2958456901868,0.7899159663865546,256.7004326612978
scratch__physical_modis__d2__current_minus_base,shadow_point_prediction,-0.5,scratch,physical_modis,2,current_minus_base,254.59094649134542,184.7535589210042,-10.526370656423238,264.1229381390255,253.50435740929174,277.0009701409427,0.7857142857142857,256.70229713275205
scratch__physical__d1__full_minus_current,shadow_point_prediction,-3.0,scratch,physical,1,full_minus_current,254.84614598765538,185.7800833309237,5.564295048640527,263.2632733759658,253.8680812511906,276.17403217466074,0.8151260504201681,256.7059116506168
modis_pretrained__physical__d2__full_minus_current,shadow_point_prediction,-2.0,modis_pretrained,physical,2,full_minus_current,254.87846373361438,184.12649622437726,-13.98924147064248,263.09059058757236,253.9817558096695,275.34291193579725,0.7983193277310925,256.70731846611767
modis_pretrained__physical_modis__d1__transition_features_minus_base,shadow_point_prediction,0.5,modis_pretrained,physical_modis,1,transition_features_minus_base,254.64517291500405,184.01448152808777,-1.7582791661344945,263.8933247117127,253.65514779098245,276.0879382559954,0.8025210084033614,256.70970458317584
modis_pretrained__physical__d2__pools_minus_base,shadow_point_prediction,-0.25,modis_pretrained,physical,2,pools_minus_base,254.59087240182532,183.97089732126594,1.5260010779073971,264.00526534573737,253.65394979585312,275.47563770685866,0.7983193277310925,256.7102399863103
scratch__physical_modis__d1__transition_minus_current,shadow_point_prediction,0.5,scratch,physical_modis,1,transition_minus_current,254.5963249236549,184.46945468049657,-0.17731817913959888,264.0759118666998,253.57246320104076,276.38242968036946,0.7857142857142857,256.7102562287626
modis_pretrained__physical_modis__d1__current_minus_base,shadow_point_prediction,-0.5,modis_pretrained,physical_modis,1,current_minus_base,254.55017831333532,184.23417747078207,4.379937349414596,264.14853234109415,253.594187400686,275.6346364872307,0.7941176470588235,256.7107690921127
modis_pretrained__physical__d2__effect_features_minus_base,shadow_point_prediction,-0.75,modis_pretrained,physical,2,effect_features_minus_base,254.6226317038129,184.32893824855574,0.14585237058969225,263.94663923408234,253.66136262950113,275.7656084822848,0.7983193277310925,256.7133163178023
scratch__physical__d1__pools_minus_base,shadow_point_prediction,0.5,scratch,physical,1,pools_minus_base,254.59532789646795,183.712766410266,2.4285609313089016,264.0255733394917,253.65673467350308,275.49802450460294,0.8025210084033614,256.71824095148264
scratch__physical_modis__d1__full_minus_base,shadow_point_prediction,1.0,scratch,physical_modis,1,full_minus_base,254.7097617681967,183.64478593607043,2.252976450766807,263.7042191788057,253.7590116461175,275.7459793405746,0.8067226890756303,256.72068859032913
modis_pretrained__physical_modis__d1__effect_features_minus_base,shadow_point_prediction,-2.75,modis_pretrained,physical_modis,1,effect_features_minus_base,254.599572827317,186.46148860567857,5.975379856861911,264.09852811504805,253.61361845803927,275.9983234253234,0.7773109243697479,256.72782305693033
scratch__physical__d1__transition_features_minus_base,shadow_point_prediction,-1.25,scratch,physical,1,transition_features_minus_base,254.5035271430489,184.71747234330405,-1.2655513415146564,264.3378044029837,253.59049530449334,275.1289729543734,0.7815126050420168,256.7338384983937
modis_pretrained__physical_modis__d2__current_minus_base,shadow_point_prediction,-0.25,modis_pretrained,physical_modis,2,current_minus_base,254.6501512639748,184.1563158148734,0.9497406995266137,264.01458696305633,253.62914598993308,276.4097483345253,0.8025210084033614,256.73600887023474
scratch__physical__d2__full_minus_current,shadow_point_prediction,0.75,scratch,physical,2,full_minus_current,254.75537009096303,184.13893019842385,0.6423097429826211,263.7549006078728,253.69343573947492,276.93002871014164,0.7773109243697479,256.73976913231843
scratch__physical_modis__d1__transition_features_minus_base,shadow_point_prediction,0.75,scratch,physical_modis,1,transition_features_minus_base,254.71895054757627,184.13631945651255,2.7352499933472916,263.83184811071476,253.70795240514457,276.37993190512407,0.8025210084033614,256.744425402753
modis_pretrained__physical__d1__pools_minus_current,shadow_point_prediction,0.25,modis_pretrained,physical,1,pools_minus_current,254.65205584302743,184.13382084963266,1.7312729550679904,264.00148037291046,253.6798712859789,275.9103109894473,0.8025210084033614,256.74636583623607
scratch__physical__d2__current_minus_base,shadow_point_prediction,-0.25,scratch,physical,2,current_minus_base,254.61389351430785,184.30731408513836,-5.521704175725733,264.1657616890013,253.60815926966868,276.21648345271393,0.7857142857142857,256.75042699682143
modis_pretrained__physical__d1__full_minus_base,shadow_point_prediction,-0.5,modis_pretrained,physical,1,full_minus_base,254.7023833651175,183.91789821348837,-1.92667548279104,263.91341336583963,253.68812468410883,276.3958213117134,0.7941176470588235,256.75157619504586
scratch__physical_modis__d2__full_minus_current,shadow_point_prediction,-0.5,scratch,physical_modis,2,full_minus_current,254.65223904990597,183.9763583974033,4.242354987215566,264.0108238897706,253.6935877820789,275.7690576839193,0.8067226890756303,256.75222244291535
scratch__physical__d1__effect_features_minus_base,shadow_point_prediction,0.75,scratch,physical,1,effect_features_minus_base,254.63589768688,184.30127351413591,2.5350962658559286,264.09151127422945,253.67007243964267,275.8271196091027,0.8067226890756303,256.758344771908
scratch__physical_modis__d1__effect_features_minus_base,shadow_point_prediction,1.25,scratch,physical_modis,1,effect_features_minus_base,254.66848578905555,183.78404362751712,4.623261741396731,264.07738781892306,253.6351531541701,276.55341527308025,0.8025210084033614,256.7623781378011
scratch__physical_modis__d1__pools_minus_base,shadow_point_prediction,0.75,scratch,physical_modis,1,pools_minus_base,254.57924164668495,183.1353055976625,3.4258968220708463,264.28935950577477,253.61817385847914,275.7182228650186,0.8025210084033614,256.76650416440594
scratch__physical_modis__d2__pools_minus_base,shadow_point_prediction,1.0,scratch,physical_modis,2,pools_minus_base,254.7612594927333,182.70943412411103,9.971703819033447,263.6855423899578,253.85811353685375,275.29074123001504,0.8025210084033614,256.76654372806956
modis_pretrained__physical_modis__d2__pools_minus_current,shadow_point_prediction,-1.75,modis_pretrained,physical_modis,2,pools_minus_current,254.38727434567434,185.1493496467171,-3.244713429476062,264.369402707492,253.9241752865218,269.2668788970708,0.7983193277310925,256.76703167134065
modis_pretrained__physical__d2__transition_minus_current,v5_prediction,-1.25,modis_pretrained,physical,2,transition_minus_current,254.27191256492634,186.75079390962455,-10.754836254927648,265.04345824235,253.48601753110754,273.4621141379168,0.7815126050420168,256.76832522582754
scratch__physical_modis__d1__current_minus_base,shadow_point_prediction,1.5,scratch,physical_modis,1,current_minus_base,254.9713475127626,183.7790783447038,7.126638998671711,263.1357446933306,254.0067507180813,276.1643372770109,0.819327731092437,256.7712976092343
modis_pretrained__physical_modis__d1__pools_minus_base,shadow_point_prediction,-1.75,modis_pretrained,physical_modis,1,pools_minus_base,254.7769441557452,185.26614184053184,2.368718893755355,263.7223131412841,253.82809956422085,275.79596575453866,0.7815126050420168,256.77607525424884
modis_pretrained__physical__d1__transition_features_minus_base,shadow_point_prediction,-0.75,modis_pretrained,physical,1,transition_features_minus_base,254.63888919557274,184.85349615259096,3.0337558445479402,264.07826677035956,253.7497404245776,275.0108110752921,0.7899159663865546,256.77644639652067
scratch__physical__d2__pools_minus_base,shadow_point_prediction,1.5,scratch,physical,2,pools_minus_base,254.79643452261203,181.62494713191094,19.701122116809103,263.56769849818755,253.95194344308774,274.6795450147721,0.8025210084033614,256.7781277466248
scratch__physical_modis__d1__full_minus_base,shadow_point_prediction,-2.5,scratch,physical_modis,1,full_minus_base,254.48220816600048,185.99614440503242,-3.665118296439937,264.72977344597774,253.42498870403136,276.5975883295621,0.7815126050420168,256.7797946205025
scratch__physical__d2__full_minus_base,shadow_point_prediction,-0.25,scratch,physical,2,full_minus_base,254.60348493312975,184.34966128314346,-5.548443344293551,264.29422713666065,253.62376609794848,275.9378829388086,0.7899159663865546,256.78124077521716
modis_pretrained__physical_modis__d1__full_minus_base,shadow_point_prediction,2.0,modis_pretrained,physical_modis,1,full_minus_base,254.72252313843427,184.51016305262658,0.08549601407308659,263.781381154823,253.90276068634662,274.3221610169633,0.8109243697478992,256.78229702950955
modis_pretrained__physical_modis__d1__pools_minus_base,shadow_point_prediction,1.75,modis_pretrained,physical_modis,1,pools_minus_base,254.5486968322407,183.30299405209462,-1.2445344191970231,264.4839299834298,253.57430681236514,275.82537383443105,0.8025210084033614,256.7889076150691
modis_pretrained__physical__d2__effect_features_minus_base,shadow_point_prediction,1.0,modis_pretrained,physical,2,effect_features_minus_base,254.64851882304444,183.71050666636654,1.117078726198464,264.242296521409,253.62140513844935,276.4698404102348,0.7983193277310925,256.7901848264868
modis_pretrained__physical_modis__d2__transition_features_minus_base,shadow_point_prediction,-0.5,modis_pretrained,physical_modis,2,transition_features_minus_base,254.86849042188223,184.08806990015216,-0.21263413352428243,263.5314555848768,253.89499275713212,276.1498812714544,0.8025210084033614,256.79085729644333
modis_pretrained__physical__d1__full_minus_current,shadow_point_prediction,0.5,modis_pretrained,physical,1,full_minus_current,254.63849178888546,184.4565749605063,5.801119116341337,264.18881696235917,253.7091992661967,275.44404935133855,0.7983193277310925,256.7937499515817
modis_pretrained__physical__d2__full_minus_base,shadow_point_prediction,3.0,modis_pretrained,physical,2,full_minus_base,254.08415325976583,187.38015312919612,24.391649319511473,265.7583539606506,253.28914220564542,273.3731502334394,0.773109243697479,256.8039506714569
scratch__physical_modis__d2__full_minus_base,shadow_point_prediction,-0.5,scratch,physical_modis,2,full_minus_base,254.64175748221433,184.5471175421412,-6.846107906486837,264.32548257934957,253.60739700993338,276.53582555348805,0.7983193277310925,256.80409863842794
scratch__physical_modis__d2__pools_minus_current,shadow_point_prediction,1.0,scratch,physical_modis,2,pools_minus_current,254.7791816732437,184.7176872001471,-12.205221968371356,263.9818783444903,253.6796591069226,277.3241504206148,0.7857142857142857,256.80497519947505
scratch__physical__d1__current_minus_base,shadow_point_prediction,-0.5,scratch,physical,1,current_minus_base,254.6818329423773,184.45211766518395,-3.552463233804531,264.2174265081498,253.6646205910108,276.4043719376619,0.7815126050420168,256.8114282459788
modis_pretrained__physical_modis__d1__full_minus_base,shadow_point_prediction,-1.5,modis_pretrained,physical_modis,1,full_minus_base,254.76483538173133,183.93658023929976,0.9195394046837254,264.0718416302147,253.66216214595522,277.33976427369976,0.7941176470588235,256.81591863490814
scratch__physical_modis__d2__transition_minus_current,shadow_point_prediction,-0.5,scratch,physical_modis,2,transition_minus_current,254.86485565925898,184.00622905165514,7.300696470323702,263.56400305623845,253.97168815462697,275.29013711565125,0.8067226890756303,256.81635063234586
modis_pretrained__physical_modis__d1__effect_features_minus_base,shadow_point_prediction,1.0,modis_pretrained,physical_modis,1,effect_features_minus_base,254.71346248120796,183.76313448747757,-1.4063759880236506,264.0993964046508,253.7474221266943,275.9103130307022,0.8025210084033614,256.81843587344025
modis_pretrained__physical_modis__d2__effect_features_minus_base,shadow_point_prediction,-0.75,modis_pretrained,physical_modis,2,effect_features_minus_base,254.82910808219498,184.33792166877095,-0.6568524324924293,263.7812507965745,253.8505268928007,276.16160759756434,0.8025210084033614,256.82249846344126
modis_pretrained__physical__d1__full_minus_current,shadow_point_prediction,-1.0,modis_pretrained,physical,1,full_minus_current,254.7713763179359,184.69618410488414,-9.915961520845178,263.93332075367033,253.8354969337907,275.65279940936824,0.7983193277310925,256.8278925808332
scratch__physical__d2__current_minus_base,shadow_point_prediction,1.0,scratch,physical,2,current_minus_base,255.04012613660151,183.99272653243673,24.89727788929876,263.15903261888025,254.08447463051118,276.14225537814576,0.8151260504201681,256.83093988064866
modis_pretrained__physical__d1__pools_minus_base,shadow_point_prediction,-3.0,modis_pretrained,physical,1,pools_minus_base,254.68100533842454,186.05462777372298,3.0334785777650675,264.2757536941717,253.6899723218998,276.13573859316654,0.7605042016806722,256.83193417323014
scratch__physical_modis__d1__transition_features_minus_base,shadow_point_prediction,-2.0,scratch,physical_modis,1,transition_features_minus_base,254.5714349983278,184.57560386397407,-5.232995112235836,264.5729686295116,253.61831254076617,275.6266532570055,0.7857142857142857,256.8335377917333
modis_pretrained__physical__d2__transition_minus_current,v5_prediction,-3.0,modis_pretrained,physical,2,transition_minus_current,254.47323824448512,189.22091060762205,-14.913944304656939,264.6274882370914,253.80455813977142,272.2402639876593,0.7857142857142857,256.84463071645825
scratch__physical_modis__d1__current_minus_base,shadow_point_prediction,-0.75,scratch,physical_modis,1,current_minus_base,254.68063733159033,184.98545828074035,-2.720181143417107,264.38134456906664,253.6448885511613,276.5904228333263,0.7815126050420168,256.84687694585216
scratch__physical__d1__transition_minus_current,shadow_point_prediction,0.5,scratch,physical,1,transition_minus_current,254.768366107055,184.32150109437995,-2.8214058022870026,264.1331264366021,253.7317982964675,276.6903457701018,0.7941176470588235,256.8504142367949
modis_pretrained__physical_modis__d1__transition_minus_current,shadow_point_prediction,0.5,modis_pretrained,physical_modis,1,transition_minus_current,254.74073488698988,184.0747465279179,2.059565946000936,264.1910387072455,253.73916950090523,276.30631091834084,0.7983193277310925,256.85291949553266
scratch__physical_modis__d1__effect_features_minus_base,shadow_point_prediction,-1.5,scratch,physical_modis,1,effect_features_minus_base,254.75510255255435,184.85829480155547,-4.311311167661912,264.11407653048656,253.7924638096501,275.9181861705118,0.7815126050420168,256.85418636131135
scratch__physical_modis__d1__pools_minus_base,shadow_point_prediction,-1.0,scratch,physical_modis,1,pools_minus_base,254.86080740128472,185.30772399492756,-3.256313875776408,263.9168602861613,253.7912365231931,277.1158890021344,0.7857142857142857,256.85742790298093
scratch__physical__d2__transition_minus_current,shadow_point_prediction,-0.75,scratch,physical,2,transition_minus_current,254.90609092363195,184.08340495056058,8.484009960285725,263.59180411398376,254.03829141828552,275.05403987617177,0.8109243697478992,256.8605693448833
scratch__physical__d1__transition_features_minus_base,shadow_point_prediction,1.0,scratch,physical,1,transition_features_minus_base,254.88215628584717,184.15391502014637,2.0242071003142237,263.8236970911961,253.8556939556304,276.70739496952336,0.8025210084033614,256.8609259046302
scratch__physical__d1__full_minus_base,shadow_point_prediction,1.75,scratch,physical,1,full_minus_base,254.87678771959477,183.7777491845784,12.045084746111312,263.72742112863165,253.96866931949415,275.46499278060713,0.7983193277310925,256.86241647182885
modis_pretrained__physical__d1__effect_features_minus_base,shadow_point_prediction,0.5,modis_pretrained,physical,1,effect_features_minus_base,254.7555662556876,184.11020626935297,0.17913070763557018,264.16104744638346,253.78844401392797,275.9655543587264,0.8067226890756303,256.86515599292164
scratch__physical_modis__d2__full_minus_current,shadow_point_prediction,1.25,scratch,physical_modis,2,full_minus_current,254.8968689032317,185.4627789630253,-8.638564637561835,263.928050139814,253.75766162302898,277.82969818588845,0.7815126050420168,256.8698623923266
scratch__physical_modis__d1__full_minus_current,shadow_point_prediction,-3.0,scratch,physical_modis,1,full_minus_current,255.11401074440283,185.3694211515641,8.618533119601333,263.22829095203764,254.04902197101006,277.33534657727944,0.8151260504201681,256.8763336029633
scratch__physical__d2__pools_minus_base,shadow_point_prediction,-0.25,scratch,physical,2,pools_minus_base,254.7576404440498,184.57360620190218,-2.6277460759758235,264.23705436840726,253.75884788016688,276.2955398989631,0.7857142857142857,256.8777957841684
scratch__physical_modis__d2__transition_features_minus_base,shadow_point_prediction,1.25,scratch,physical_modis,2,transition_features_minus_base,254.6060780508079,184.1046549554431,11.43673888892383,264.6466729421384,253.6559456394832,275.6313005206598,0.7899159663865546,256.87869367080935
modis_pretrained__physical__d1__pools_minus_base,shadow_point_prediction,1.0,modis_pretrained,physical,1,pools_minus_base,254.8011906632065,184.2564505832951,-0.2617032095494679,264.0541096693092,253.86402973185363,275.697517123753,0.8067226890756303,256.88013018189395
scratch__physical__d1__effect_features_minus_base,shadow_point_prediction,-2.75,scratch,physical,1,effect_features_minus_base,254.86896778826735,184.34824163110358,-6.672255867502297,264.0519234997456,253.74812650626632,277.62445444874334,0.7857142857142857,256.8844963956367
modis_pretrained__physical__d2__pools_minus_current,shadow_point_prediction,0.25,modis_pretrained,physical,2,pools_minus_current,254.83772400181599,184.39165995233765,-0.5686963133782187,264.11827300518917,253.81134988039173,276.6600751472226,0.7983193277310925,256.90126772230326
modis_pretrained__physical_modis__d1__current_minus_base,shadow_point_prediction,1.25,modis_pretrained,physical_modis,1,current_minus_base,254.93509183443814,184.54718476483234,-8.98252054305941,263.66391900613456,254.07343398512762,275.0160028733608,0.7983193277310925,256.90188416503463
modis_pretrained__physical_modis__d2__effect_features_minus_base,shadow_point_prediction,1.5,modis_pretrained,physical_modis,2,effect_features_minus_base,254.5510741366786,183.15943964344441,2.999981576822356,264.94398999884726,253.56322142814975,275.96728541475625,0.7857142857142857,256.90233992508854
scratch__physical_modis__d1__full_minus_base,shadow_point_prediction,1.25,scratch,physical_modis,1,full_minus_base,254.92703120503148,183.73017987701365,2.6756975041387174,263.8205334472659,253.98203090195452,275.9119013514058,0.8067226890756303,256.91415668982086
scratch__physical__d1__pools_minus_current,shadow_point_prediction,-2.25,scratch,physical,1,pools_minus_current,254.9635545461848,185.07071817041032,10.678482734021992,263.9295090681359,253.81882915878901,277.9521279653519,0.7899159663865546,256.91886182982364
scratch__physical__d1__pools_minus_base,shadow_point_prediction,-1.25,scratch,physical,1,pools_minus_base,254.8610416740095,185.08897035695995,-4.104079497795174,264.2530954701179,253.700272022396,277.996826076901,0.7857142857142857,256.9188627101332
scratch__physical__d1__full_minus_base,shadow_point_prediction,-1.25,scratch,physical,1,full_minus_base,254.7442856347025,184.90862503926522,-7.6400452690295095,264.48429254624904,253.71104020908552,276.63175441171643,0.7899159663865546,256.9209760061849
scratch__physical__d2__transition_features_minus_base,shadow_point_prediction,1.5,scratch,physical,2,transition_features_minus_base,254.87050691548419,183.83839707965953,21.221035269295438,264.13245382778763,253.83543905359303,276.78201125567915,0.8025210084033614,256.92722667808727
modis_pretrained__physical__d2__full_minus_base,shadow_point_prediction,-0.25,modis_pretrained,physical,2,full_minus_base,254.871289957504,184.16262974791732,-1.4237041862401931,264.0863990671095,253.8813179383523,276.3234846449639,0.7941176470588235,256.92757423011744
modis_pretrained__physical_modis__d1__effect_features_minus_base,shadow_point_prediction,-3.0,modis_pretrained,physical_modis,1,effect_features_minus_base,254.800945967119,186.85674445232132,6.467496913187615,264.31900084368493,253.8154669731811,276.20365115423334,0.7815126050420168,256.93408993777604
modis_pretrained__physical_modis__d2__pools_minus_base,shadow_point_prediction,1.25,modis_pretrained,physical_modis,2,pools_minus_base,254.95231623080593,184.08148110758128,1.3429968308670894,264.00668863323716,253.8324226838993,277.7025870292732,0.7899159663865546,256.93593594468706
scratch__physical__d2__full_minus_current,shadow_point_prediction,-0.75,scratch,physical,2,full_minus_current,254.78431961829247,184.56961556623128,0.48187473157571076,264.3714201346317,253.84168271378337,275.7380212294155,0.8151260504201681,256.94543552125003
scratch__physical_modis__d1__full_minus_current,shadow_point_prediction,0.75,scratch,physical_modis,1,full_minus_current,254.83091801725413,184.46348043682218,-1.452017983301376,264.3001273713554,253.82341959237715,276.46118547040817,0.7773109243697479,256.94634574956024
scratch__physical__d2__pools_minus_current,shadow_point_prediction,-0.5,scratch,physical,2,pools_minus_current,254.91115138135225,184.69024811351858,6.350008436778985,264.04334562199347,253.92547311257078,276.3207673308611,0.8025210084033614,256.9477803743172
modis_pretrained__physical_modis__d1__pools_minus_base,shadow_point_prediction,-2.0,modis_pretrained,physical_modis,1,pools_minus_base,254.96283674282785,185.5755093490625,2.626808416109096,263.8550902953964,254.0201983496133,275.9242379399033,0.7773109243697479,256.9502405326663
scratch__physical__d1__full_minus_current,shadow_point_prediction,0.75,scratch,physical,1,full_minus_current,254.86179209092765,184.2329672922587,-0.6884584655611743,264.2584641050995,253.862219060391,276.41231443786694,0.7815126050420168,256.96106683683644
modis_pretrained__physical_modis__d1__full_minus_base,shadow_point_prediction,2.25,modis_pretrained,physical_modis,1,full_minus_base,254.91886420321833,184.7733324265279,0.02592148617232668,263.9029493511193,254.11749562499224,274.31466730671366,0.8109243697478992,256.964543345637
modis_pretrained__physical_modis__d1__pools_minus_base,shadow_point_prediction,2.0,modis_pretrained,physical_modis,1,pools_minus_base,254.70215634424773,183.43210899193264,-1.5026239415507645,264.72489409915573,253.73042993533488,275.957831295812,0.8025210084033614,256.96490918074653
modis_pretrained__physical__d1__transition_minus_current,shadow_point_prediction,0.5,modis_pretrained,physical,1,transition_minus_current,254.8888939808933,183.99196947916874,1.664575658091949,264.2237168761216,253.862579953445,276.7129360597244,0.8025210084033614,256.9660211978383
modis_pretrained__physical_modis__d2__pools_minus_base,shadow_point_prediction,-0.75,modis_pretrained,physical_modis,2,pools_minus_base,254.76371774976892,184.0610184387045,0.09354948112641183,264.4723906865164,253.88259391261195,275.0528652828067,0.7983193277310925,256.97060502466655
modis_pretrained__physical__d2__transition_features_minus_base,shadow_point_prediction,1.5,modis_pretrained,physical,2,transition_features_minus_base,254.77045328108474,184.10623302891565,5.128320254364905,264.6860790729811,253.68660733535535,277.16189484640836,0.8025210084033614,256.9783982426265
modis_pretrained__physical_modis__d1__transition_features_minus_base,shadow_point_prediction,-1.5,modis_pretrained,physical_modis,1,transition_features_minus_base,254.68427163928266,186.59554437632238,7.523206447520147,264.6608050996278,253.89508143322448,273.9291984451683,0.7815126050420168,256.9811074528544
scratch__physical_modis__d1__full_minus_base,shadow_point_prediction,-2.75,scratch,physical_modis,1,full_minus_base,254.6671752187645,186.45264787243195,-4.087839349811847,264.9917570058254,253.60053875373637,276.88437172254874,0.7815126050420168,256.9816615492727
scratch__physical_modis__d1__pools_minus_current,shadow_point_prediction,0.75,scratch,physical_modis,1,pools_minus_current,254.71130980117067,183.78202271092155,0.14362344137457358,264.7995104297953,253.7248731153502,276.1199641673508,0.7983193277310925,256.9867507868717
scratch__physical__d2__transition_minus_current,shadow_point_prediction,0.75,scratch,physical,2,transition_minus_current,254.84160881002214,185.30940574068353,-7.359825485727393,264.5594212804029,253.71247003419043,277.6755276444031,0.7773109243697479,256.9887772336594
scratch__physical_modis__d1__effect_features_minus_base,shadow_point_prediction,1.5,scratch,physical_modis,1,effect_features_minus_base,254.90030087233592,183.9525643312029,5.435495642220244,264.3146099963054,253.85037642963675,276.96205683888223,0.8025210084033614,256.9913970426535
modis_pretrained__physical__d2__transition_minus_current,shadow_point_prediction,0.25,modis_pretrained,physical,2,transition_minus_current,254.9039975121526,184.2700828216914,1.156250530097636,264.27474864391456,253.88575796315848,276.6469058065344,0.7983193277310925,256.9921254078446
modis_pretrained__physical_modis__d2__current_minus_base,shadow_point_prediction,2.25,modis_pretrained,physical_modis,2,current_minus_base,254.6900616468823,185.06571919767975,-2.9267439229478645,264.53006197700404,254.06235448081839,271.932652110004,0.7773109243697479,256.99313493789674
scratch__physical_modis__d2__effect_features_minus_base,shadow_point_prediction,2.75,scratch,physical_modis,2,effect_features_minus_base,254.7539532430033,183.78206775405766,15.208439347290161,264.7323626009424,253.75983119457857,276.24370908602106,0.8025210084033614,257.00002507038187
modis_pretrained__physical_modis__d1__full_minus_base,shadow_point_prediction,-1.75,modis_pretrained,physical_modis,1,full_minus_base,254.96718324162424,184.07226009197268,0.9791139325844853,264.2347253911495,253.84286079583498,277.7607736051573,0.7941176470588235,257.0029881675582
modis_pretrained__physical__d1__transition_features_minus_base,shadow_point_prediction,1.0,modis_pretrained,physical,1,transition_features_minus_base,254.9115027413873,184.43335476332257,-2.7334592390792,264.2646559817591,253.93286570520388,276.24819551713335,0.8025210084033614,257.00513179243444
scratch__physical_modis__d1__transition_minus_current,shadow_point_prediction,0.75,scratch,physical_modis,1,transition_minus_current,254.88901705721764,184.86866679890758,-0.5470233873489813,264.4109360811301,253.83996264347672,276.94157257769854,0.7815126050420168,257.00723320976056
modis_pretrained__physical_modis__d2__full_minus_base,shadow_point_prediction,1.5,modis_pretrained,physical_modis,2,full_minus_base,254.62250298760972,184.76785417446462,7.0853855481337815,264.90497777310264,253.88897219353183,273.2024086093372,0.7899159663865546,257.00973898546346
scratch__physical__d1__effect_features_minus_base,shadow_point_prediction,1.0,scratch,physical,1,effect_features_minus_base,254.88165108741808,184.57084138152797,3.192764275381516,264.36265058540687,253.91665355568244,276.0749275889163,0.8109243697478992,257.01065157898137
scratch__physical_modis__d1__pools_minus_current,shadow_point_prediction,-1.75,scratch,physical_modis,1,pools_minus_current,255.33024371960178,185.260639891169,1.5385194277232146,263.06076396488135,254.3217540040058,276.992854511859,0.7899159663865546,257.0107513520227
modis_pretrained__physical_modis__d2__transition_minus_current,shadow_point_prediction,0.5,modis_pretrained,physical_modis,2,transition_minus_current,254.77270917017162,184.37518952295002,2.11211553257751,264.78497731865696,253.71511401718556,276.9050742835463,0.7941176470588235,257.0113774190464
scratch__physical_modis__d1__transition_features_minus_base,shadow_point_prediction,1.0,scratch,physical_modis,1,transition_features_minus_base,255.01730315077955,184.41607738431819,3.4596359120366666,264.0354408438807,253.9914717431589,276.84223076864237,0.8025210084033614,257.01537972214965
scratch__physical__d1__transition_features_minus_base,shadow_point_prediction,-1.5,scratch,physical,1,transition_features_minus_base,254.76427708347143,185.2980577149884,-1.6310800572734208,264.67433640038,253.86379253678388,275.26500083689047,0.7815126050420168,257.0166707760267
scratch__physical_modis__d2__pools_minus_current,shadow_point_prediction,-0.5,scratch,physical_modis,2,pools_minus_current,254.9344279334879,184.36538698943275,6.945749340104427,264.2235305062432,253.99079525889613,275.9051391808171,0.7983193277310925,257.0207954080288
scratch__physical_modis__d2__pools_minus_base,shadow_point_prediction,-0.5,scratch,physical_modis,2,pools_minus_base,254.8728129909801,184.7605148091421,-4.142713553597976,264.4973537036139,253.84166007644262,276.7449875982431,0.7815126050420168,257.02115994050416
modis_pretrained__physical_modis__d2__full_minus_base,shadow_point_prediction,-0.75,modis_pretrained,physical_modis,2,full_minus_base,255.04837448215,184.08718305822663,-2.699554418148142,264.0731373298567,253.9213457417897,277.8717842067847,0.7983193277310925,257.0228080089866
modis_pretrained__physical_modis__d2__full_minus_current,shadow_point_prediction,0.5,modis_pretrained,physical_modis,2,full_minus_current,254.88244838794282,184.47251713021208,3.5118202653922665,264.45756875176136,253.9189496068587,276.06007710258217,0.7983193277310925,257.0353537836264
modis_pretrained__physical_modis__d1__effect_features_minus_base,shadow_point_prediction,1.25,modis_pretrained,physical_modis,1,effect_features_minus_base,254.92991510562388,183.92134621958863,-1.8984930443493546,264.31998408420077,253.96695412043456,276.1039780972405,0.8025210084033614,257.0366921039708
scratch__physical_modis__d2__transition_minus_current,shadow_point_prediction,1.0,scratch,physical_modis,2,transition_minus_current,254.80525782503005,186.57935385025496,-12.915116228809907,264.93217762694377,253.60967120943144,278.26436821272324,0.7815126050420168,257.03809112160883
modis_pretrained__physical_modis__d1__full_minus_current,shadow_point_prediction,-1.25,modis_pretrained,physical_modis,1,full_minus_current,255.06279695265602,184.78673035957195,-8.68464790355561,263.9558874229627,254.08287080141588,276.41950337266115,0.7941176470588235,257.04108803242264
modis_pretrained__physical_modis__d1__full_minus_current,shadow_point_prediction,0.75,modis_pretrained,physical_modis,1,full_minus_current,254.84046984787338,184.90898062343126,6.110136321780032,264.545992013536,253.96068398082303,275.1180955492876,0.7899159663865546,257.04690392252644
modis_pretrained__physical_modis__d1__pools_minus_current,shadow_point_prediction,0.75,modis_pretrained,physical_modis,1,pools_minus_current,254.81659328896203,184.2791427218065,5.514591338421088,264.7132635024582,253.86784107943328,275.8363522046758,0.7983193277310925,257.0535727899539
scratch__physical_modis__d2__effect_features_minus_base,shadow_point_prediction,-0.5,scratch,physical_modis,2,effect_features_minus_base,254.9688148401055,184.5003410140216,-2.1008799645410154,264.30414839805144,253.98174512998037,276.3953499649393,0.7941176470588235,257.0558808020607
modis_pretrained__physical__d2__effect_features_minus_base,shadow_point_prediction,-1.0,modis_pretrained,physical,2,effect_features_minus_base,254.96899790375167,184.67645313837704,0.007105748359867711,264.29166860260534,254.00839096804867,276.1200894524767,0.7941176470588235,257.0595138445393
modis_pretrained__physical_modis__d1__pools_minus_current,shadow_point_prediction,-1.5,modis_pretrained,physical_modis,1,pools_minus_current,255.24435957650752,185.60724151713407,-9.342905965004677,263.3573265796401,254.3979211735679,275.1676298424103,0.7899159663865546,257.06099172655576
modis_pretrained__physical__d1__full_minus_base,shadow_point_prediction,-0.75,modis_pretrained,physical,1,full_minus_base,255.0518620321275,184.01098388443086,-3.1710593428261427,264.16856854603935,254.01896070148229,276.9497245394841,0.7941176470588235,257.0728133279442
scratch__physical__d1__current_minus_base,shadow_point_prediction,2.5,scratch,physical,1,current_minus_base,255.4189038634839,185.0489085320691,21.13486959269765,263.02572586965266,254.44029379148242,276.77755741368384,0.8109243697478992,257.07595684702574
modis_pretrained__physical__d2__transition_features_minus_base,shadow_point_prediction,-0.5,modis_pretrained,physical,2,transition_features_minus_base,255.0033773784832,184.54508532031736,-0.9599837684160809,264.29805307165094,254.08995354292387,275.6542291622884,0.7983193277310925,257.09869034288533
scratch__physical_modis__d1__effect_features_minus_base,shadow_point_prediction,-1.75,scratch,physical_modis,1,effect_features_minus_base,255.00256992020832,185.16580838316,-5.123545068485425,264.35792992700516,254.03650405978487,276.21228524092106,0.7815126050420168,257.0998934568017
modis_pretrained__physical_modis__d1__transition_features_minus_base,shadow_point_prediction,0.75,modis_pretrained,physical_modis,1,transition_features_minus_base,255.04993246593148,184.38193055519653,-2.9184648678413248,264.24207924659584,254.06284132010052,276.48026113669914,0.8025210084033614,257.1011963746398
scratch__physical_modis__d1__current_minus_base,shadow_point_prediction,1.75,scratch,physical_modis,1,current_minus_base,255.37466276326293,184.05422859898533,8.22073012557047,263.26149466660195,254.3983923892099,276.70705284285145,0.819327731092437,257.1023031455844
scratch__physical_modis__d2__transition_features_minus_base,shadow_point_prediction,-0.75,scratch,physical_modis,2,transition_features_minus_base,255.1273575746323,184.65432129574305,-5.962695753707634,264.00405685390535,254.16274035655528,276.3273517328135,0.7899159663865546,257.1053780899313
modis_pretrained__physical_modis__d2__transition_features_minus_base,shadow_point_prediction,1.25,modis_pretrained,physical_modis,2,transition_features_minus_base,254.55740458843633,184.2227095258744,2.4989081642877866,265.6959135932848,253.6335110199663,275.30179010450587,0.7815126050420168,257.1110584475309
scratch__physical__d1__full_minus_base,shadow_point_prediction,2.0,scratch,physical,1,full_minus_base,255.1441945233231,183.9753647321534,13.685512247373048,263.915908586486,254.24464182378108,275.6507648462392,0.8067226890756303,257.1122348642283
modis_pretrained__physical__d1__pools_minus_base,shadow_point_prediction,1.25,modis_pretrained,physical,1,pools_minus_base,255.04320390565792,184.54399732835384,-0.46765207125662633,264.25875976423976,254.118240868939,275.8197504048883,0.8067226890756303,257.1158521111237
scratch__physical__d2__effect_features_minus_base,shadow_point_prediction,3.0,scratch,physical,2,effect_features_minus_base,254.86798185538865,185.19401821931717,9.524890091406167,264.8349068585308,253.89729992860194,276.12001947424415,0.8109243697478992,257.1170426244775
scratch__physical_modis__d1__transition_features_minus_base,shadow_point_prediction,-2.25,scratch,physical_modis,1,transition_features_minus_base,254.8431615196978,184.94752486239602,-5.957381030925211,264.91041465384126,253.88593936585968,275.95326284809954,0.7857142857142857,257.1206692647741
modis_pretrained__physical_modis__d1__current_minus_base,shadow_point_prediction,-0.75,modis_pretrained,physical_modis,1,current_minus_base,254.9365329248221,185.0053487687717,6.288859905482312,264.63135911109106,254.0047183886844,275.7817442649146,0.7899159663865546,257.1272858373549
scratch__physical_modis__d1__full_minus_base,shadow_point_prediction,1.5,scratch,physical_modis,1,full_minus_base,255.17088397516687,183.8868327489896,3.0984185575106276,263.96207112000224,254.2313835469157,276.10793831427145,0.8067226890756303,257.13380565431294
scratch__physical_modis__d2__full_minus_base,shadow_point_prediction,1.25,scratch,physical_modis,2,full_minus_base,255.16458921979688,183.86165980980823,19.08259259669417,263.8645274299368,254.3472403356305,274.75432061078743,0.7941176470588235,257.13523655129023
modis_pretrained__physical__d2__transition_minus_current,v5_prediction,-1.0,modis_pretrained,physical,2,transition_minus_current,254.6275858373339,186.6950925057689,-10.160677962109178,265.4881688674451,253.81642363843173,274.12481010178703,0.7815126050420168,257.1399410451362
scratch__physical__d1__pools_minus_base,shadow_point_prediction,0.75,scratch,physical,1,pools_minus_base,255.00746569887198,183.84679100863153,3.3617952783237697,264.4713298570027,254.0805016443879,275.80390483766274,0.8025210084033614,257.14169072478364
modis_pretrained__physical_modis__d2__full_minus_current,shadow_point_prediction,-2.5,modis_pretrained,physical_modis,2,full_minus_current,255.41649348832806,185.1452375267094,-14.186547903286337,263.15071346428607,254.5920669426384,275.0973003172738,0.7857142857142857,257.14394184589514
scratch__physical__d2__effect_features_minus_base,v5_prediction,2.0,scratch,physical,2,effect_features_minus_base,254.65024080327638,186.34868007544034,-1.808846221417292,265.52310810624016,253.75981068626373,275.0366436657796,0.7899159663865546,257.1458500997642
modis_pretrained__physical_modis__d1__pools_minus_base,shadow_point_prediction,-2.25,modis_pretrained,physical_modis,1,pools_minus_base,255.1711818541204,185.90362651931622,2.8848979384628377,264.0127464192392,254.23529565855657,276.0698208476898,0.7773109243697479,257.14760144650916
modis_pretrained__physical_modis__d2__transition_minus_current,shadow_point_prediction,-2.25,modis_pretrained,physical_modis,2,transition_minus_current,255.9112531888202,186.38149255431628,-6.4130125915633815,261.43386834615546,255.3435010967936,272.3806944191754,0.7899159663865546,257.1499689551474
scratch__physical_modis__d1__pools_minus_base,shadow_point_prediction,1.0,scratch,physical_modis,1,pools_minus_base,254.93327410990577,183.23919166714316,4.38049835033474,264.76668538501474,253.96715773751362,276.14049846743603,0.8025210084033614,257.150097835585
modis_pretrained__physical__d2__full_minus_base,v5_prediction,1.5,modis_pretrained,physical,2,full_minus_base,254.4132792921113,187.4070410392092,4.130733750280858,266.16960490946906,253.61504516802003,273.7527099926461,0.773109243697479,257.15280216542794
scratch__physical__d1__effect_features_minus_base,shadow_point_prediction,-3.0,scratch,physical,1,effect_features_minus_base,255.1477429794542,184.63066847934851,-7.329923877027885,264.3174533414226,254.00499174169533,278.1262462242237,0.7773109243697479,257.15448276050654
modis_pretrained__physical__d2__effect_features_minus_base,shadow_point_prediction,1.25,modis_pretrained,physical,2,effect_features_minus_base,255.00223565161627,183.83383768200812,1.2558253484282886,264.6712431950029,253.95677015412093,277.0240430794022,0.7941176470588235,257.1581211630891
scratch__physical__d2__effect_features_minus_base,v5_prediction,1.75,scratch,physical,2,effect_features_minus_base,254.66106465951557,186.3054440697397,-2.555746042594542,265.5532500342437,253.7657964172443,275.10070729682593,0.7899159663865546,257.1602939426298
modis_pretrained__physical__d2__full_minus_base,v5_prediction,1.75,modis_pretrained,physical,2,full_minus_base,254.3903948751905,187.61587059586756,6.116530173800217,266.2459684036216,253.6148280620019,273.4640595795336,0.7773109243697479,257.1603965540011
modis_pretrained__physical__d1__transition_minus_current,v5_prediction,-3.0,modis_pretrained,physical,1,transition_minus_current,254.73350555144268,189.23130625360653,-14.398945315711996,265.22089215206137,253.96531559145916,273.7334041955054,0.773109243697479,257.1633047116015
modis_pretrained__physical_modis__d1__pools_minus_base,shadow_point_prediction,2.25,modis_pretrained,physical_modis,1,pools_minus_base,254.87813738352645,183.56316744444268,-1.760713463904506,264.9904927784658,253.9096626719704,276.10759315888697,0.8025210084033614,257.16410755437226
scratch__physical__d1__pools_minus_current,shadow_point_prediction,0.5,scratch,physical,1,pools_minus_current,255.00102187443147,184.25975465308517,-1.6859945397747953,264.63003292575786,254.03339579813425,276.2269754164101,0.8025210084033614,257.16636811818876
modis_pretrained__physical_modis__d2__effect_features_minus_base,shadow_point_prediction,-1.0,modis_pretrained,physical_modis,2,effect_features_minus_base,255.2084258570824,184.6051691513315,-1.0631673224162943,264.02819629285244,254.22786665272835,276.5780891494394,0.7983193277310925,257.1682286649364
modis_pretrained__physical_modis__d1__full_minus_base,shadow_point_prediction,2.5,modis_pretrained,physical_modis,1,full_minus_base,255.1416037687503,185.05474971624784,-0.03365304172843323,264.04342405751225,254.35834649551344,274.3350714963314,0.8109243697478992,257.1712445226316
scratch__physical__d1__transition_features_minus_base,shadow_point_prediction,1.25,scratch,physical,1,transition_features_minus_base,255.22649697260155,184.4344388153949,2.3897358160729882,264.04664793131667,254.18765538476396,277.19201599100256,0.7983193277310925,257.1718243153209
modis_pretrained__physical__d1__current_minus_base,shadow_point_prediction,2.25,modis_pretrained,physical,1,current_minus_base,254.89852289569745,187.01668605202252,-11.81407397818468,264.6052439384838,254.30161624729055,271.7356332377661,0.773109243697479,257.1759764942923
scratch__physical__d1__full_minus_base,shadow_point_prediction,-1.5,scratch,physical,1,full_minus_base,254.9897641771334,185.3453996216873,-9.280472770291246,264.7980863695649,253.9443396689755,277.01059608821515,0.7899159663865546,257.1804885982018
modis_pretrained__physical_modis__d2__pools_minus_current,shadow_point_prediction,0.5,modis_pretrained,physical_modis,2,pools_minus_current,255.17955544735787,184.68542145810895,1.649750999209231,264.31677302112263,254.05553997970588,277.9801742283476,0.7983193277310925,257.18285597388603
modis_pretrained__physical__d2__full_minus_current,shadow_point_prediction,0.5,modis_pretrained,physical,2,full_minus_current,255.03471238409398,184.66146095993705,4.1999256642595775,264.5985724351611,254.06762702514578,276.2564850094801,0.7983193277310925,257.1839060571237
modis_pretrained__physical__d1__transition_features_minus_base,shadow_point_prediction,-1.0,modis_pretrained,physical,1,transition_features_minus_base,255.03127204003857,185.88287472939464,3.8576437136375317,264.4951474122816,254.18546533589966,274.9387525534058,0.7815126050420168,257.1857892070646
modis_pretrained__physical__d1__current_minus_base,shadow_point_prediction,-0.5,modis_pretrained,physical,1,current_minus_base,255.08398638880038,184.54887997067368,3.312351396271132,264.4667031810556,254.1124042904314,276.35484340438734,0.8025210084033614,257.18677006227193
scratch__physical_modis__d1__current_minus_base,shadow_point_prediction,-1.0,scratch,physical_modis,1,current_minus_base,255.0198672443024,185.59651523299758,-3.8142722703158642,264.782375755389,253.95590581590972,277.2267156540399,0.7815126050420168,257.1945040149759
scratch__physical_modis__d2__full_minus_current,shadow_point_prediction,-0.75,scratch,physical_modis,2,full_minus_current,255.10793045305365,184.46969624640036,6.082486362183767,264.4182621664445,254.14843004608656,276.25344497821266,0.8151260504201681,257.1956382796596
scratch__physical__d2__full_minus_current,shadow_point_prediction,1.0,scratch,physical,2,full_minus_current,255.26435485920436,184.88732709073196,0.6690489115504388,264.09641024810213,254.16163873241254,277.8629521673345,0.7815126050420168,257.19668967473086
scratch__physical__d1__current_minus_base,shadow_point_prediction,-0.75,scratch,physical,1,current_minus_base,255.07271588428185,184.989001197445,-5.60974096934638,264.65837161305035,254.02955163552053,277.07466574762617,0.7773109243697479,257.20833875428366
scratch__physical_modis__d1__full_minus_base,shadow_point_prediction,-3.0,scratch,physical_modis,1,full_minus_base,254.87880705430098,186.93517228297614,-4.510560403183757,265.27863102627555,253.8025209066725,277.2009539063774,0.7815126050420168,257.20969151038753
scratch__physical__d2__effect_features_minus_base,v5_prediction,2.25,scratch,physical,2,effect_features_minus_base,254.72057247101964,186.52809019850454,-1.0619464002400418,265.5809423114096,253.83475506567856,275.059437883354,0.7899159663865546,257.2142105797819
modis_pretrained__physical_modis__d1__transition_minus_current,shadow_point_prediction,0.75,modis_pretrained,physical_modis,1,transition_minus_current,255.09906679457913,184.26150606237482,2.8083028003618207,264.57465658663386,254.0852338712349,276.80588104654686,0.7983193277310925,257.2145060117567
modis_pretrained__physical_modis__d1__full_minus_base,shadow_point_prediction,-2.0,modis_pretrained,physical_modis,1,full_minus_base,255.19591459825082,184.2707666388903,1.038688460485245,264.4164445389537,254.04980794597967,278.20865539879867,0.7899159663865546,257.2145204203588
scratch__physical__d2__effect_features_minus_base,shadow_point_prediction,-0.5,scratch,physical,2,effect_features_minus_base,255.11759795421037,184.49076733196262,-0.9317074050753344,264.50664613913614,254.13792824801266,276.4740472424601,0.7815126050420168,257.2199425738924
scratch__physical__d1__transition_minus_current,shadow_point_prediction,0.75,scratch,physical,1,transition_minus_current,255.15877847865008,184.65436647325168,-4.513154822070087,264.512599079156,254.09115597351735,277.4082460740961,0.7899159663865546,257.23032800249337
modis_pretrained__physical__d1__effect_features_minus_base,shadow_point_prediction,0.75,modis_pretrained,physical,1,effect_features_minus_base,255.11779843036368,184.33499539692997,-0.01235005718622768,264.5321727318749,254.15553558636495,276.2927171315312,0.8067226890756303,257.2308262947418
modis_pretrained__physical__d1__transition_minus_current,v5_prediction,-2.75,modis_pretrained,physical,1,transition_minus_current,254.80208015599788,188.9564241574041,-13.847703605305604,265.3713774287025,254.02442291339366,273.91644682602976,0.773109243697479,257.24999016352297
scratch__physical__d2__effect_features_minus_base,v5_prediction,1.5,scratch,physical,2,effect_features_minus_base,254.75303369541635,186.29699943593525,-3.3026458637717924,265.67133815124026,253.85270714662465,275.25156812911575,0.7899159663865546,257.2575281721744
scratch__physical_modis__d1__effect_features_minus_base,shadow_point_prediction,1.75,scratch,physical_modis,1,effect_features_minus_base,255.17179564402576,184.18978358056108,6.247729543043757,264.5916552423689,254.10350596359092,277.42846146639465,0.8025210084033614,257.2596881235029
modis_pretrained__physical__d2__full_minus_current,shadow_point_prediction,-2.25,modis_pretrained,physical,2,full_minus_current,255.47715451223306,184.72567149101013,-15.808158184132685,263.49480548236176,254.60238107588359,275.72592311215135,0.7983193277310925,257.26287389567784
modis_pretrained__physical__d2__full_minus_base,v5_prediction,1.25,modis_pretrained,physical,2,full_minus_base,254.5533238819767,187.28481679245482,2.144937326761499,266.2127827061175,253.7322941869459,274.16064669006397,0.773109243697479,257.2629311642542
modis_pretrained__physical_modis__d2__effect_features_minus_base,shadow_point_prediction,1.75,modis_pretrained,physical_modis,2,effect_features_minus_base,254.86907114915937,183.22336710669003,3.4062964667462214,265.44730825755994,253.87718243020996,276.3409236531933,0.7857142857142857,257.26565824652215
scratch__physical_modis__d1__pools_minus_base,shadow_point_prediction,-1.25,scratch,physical_modis,1,pools_minus_base,255.29472816035204,185.93136849632057,-4.210915404040302,264.2885263674544,254.18802435179202,277.9334766027144,0.7857142857142857,257.2665017599876
scratch__physical__d2__pools_minus_current,shadow_point_prediction,1.0,scratch,physical,2,pools_minus_current,255.13162404684817,184.70302930109688,-11.013740161720472,264.72073009728905,254.09332749993047,277.0873812703151,0.7857142857142857,257.26932642272897
modis_pretrained__physical__d2__pools_minus_base,shadow_point_prediction,1.75,modis_pretrained,physical,2,pools_minus_base,255.22977721966885,185.1050906623355,-6.185269647118455,264.605278180223,254.01847397346413,278.8550208307532,0.8067226890756303,257.2708266482562
scratch__physical_modis__d1__full_minus_current,shadow_point_prediction,1.0,scratch,physical_modis,1,full_minus_current,255.15795191856313,184.847794980119,-2.1233880568282233,264.63487202857647,254.13521619683038,276.95784347473256,0.7773109243697479,257.2714980156333
modis_pretrained__physical_modis__d1__effect_features_minus_base,shadow_point_prediction,1.5,modis_pretrained,physical_modis,1,effect_features_minus_base,255.1722576792695,184.1020746708467,-2.3906101006750586,264.5679181608352,254.21258036161075,276.3224214968863,0.7983193277310925,257.2812534702462
modis_pretrained__physical_modis__d2__transition_features_minus_base,shadow_point_prediction,-0.75,modis_pretrained,physical_modis,2,transition_features_minus_base,255.4488606954829,184.3941722483603,-0.5999973189260066,263.74940993849737,254.48180886809428,276.6883256107753,0.8025210084033614,257.2822350493893
modis_pretrained__physical__d2__full_minus_base,v5_prediction,2.0,modis_pretrained,physical,2,full_minus_base,254.4847022379363,187.97777641584779,8.102326597319577,266.4417704052666,253.7316199481742,273.2950734164756,0.7689075630252101,257.2856987073284
scratch__physical__d1__full_minus_current,shadow_point_prediction,1.0,scratch,physical,1,full_minus_current,255.19585687389946,184.5700584754086,-1.1053086998412878,264.57646408356214,254.18637074625195,276.862664368728,0.7815126050420168,257.28863714440325
scratch__physical_modis__d2__current_minus_base,shadow_point_prediction,0.75,scratch,physical_modis,2,current_minus_base,255.33628772379916,184.16710011876123,17.19478657783277,264.0407801437048,254.45506689470955,275.65032014112353,0.8109243697478992,257.29210562150314
scratch__physical__d1__effect_features_minus_base,shadow_point_prediction,1.25,scratch,physical,1,effect_features_minus_base,255.16210163289003,184.87133332956353,3.8504322849071038,264.66922984032675,254.1966205981162,276.3726478845947,0.8067226890756303,257.29751342605573
scratch__physical__d2__transition_features_minus_base,shadow_point_prediction,-0.5,scratch,physical,2,transition_features_minus_base,255.1754267366312,184.86036498963216,-6.324222106726259,264.6136910516354,254.24213028751706,276.0466618598084,0.7815126050420168,257.3016687031037
scratch__physical_modis__d2__full_minus_base,shadow_point_prediction,-0.75,scratch,physical_modis,2,full_minus_base,255.11293497903102,185.3833714843631,-10.550207978369837,264.95119572134575,254.05121572585233,277.30179382257387,0.7941176470588235,257.307070351315
modis_pretrained__physical__d1__full_minus_current,shadow_point_prediction,0.75,modis_pretrained,physical,1,full_minus_current,255.11856401585166,185.31257034587904,8.420632555872423,264.76539029291797,254.22833606118155,275.52234576046413,0.7899159663865546,257.3077135964507
scratch__physical_modis__d2__current_minus_base,shadow_point_prediction,-0.75,scratch,physical_modis,2,current_minus_base,255.22218237992843,185.8772031958196,-16.07060210327444,264.73622547614787,254.06512198267626,278.3401332226589,0.7899159663865546,257.3114280546703
modis_pretrained__physical__d2__current_minus_base,shadow_point_prediction,-0.25,modis_pretrained,physical,2,current_minus_base,255.23586410413026,184.6241631821681,0.39521252725001266,264.5540434319757,254.24821124552724,276.68018403955057,0.8025210084033614,257.31849572144085
scratch__physical_modis__d1__transition_features_minus_base,shadow_point_prediction,1.25,scratch,physical_modis,1,transition_features_minus_base,255.36271183176885,184.7485277334134,4.184021830726041,264.2839933347426,254.32039850638924,277.369248751605,0.8025210084033614,257.3324538761674
scratch__physical_modis__d1__transition_minus_current,shadow_point_prediction,1.0,scratch,physical_modis,1,transition_minus_current,255.2138370033752,185.319018687485,-0.9167285955583636,264.77444919124906,254.13865790408883,277.540477420825,0.773109243697479,257.3351952755221
scratch__physical_modis__d2__transition_features_minus_base,shadow_point_prediction,1.5,scratch,physical_modis,2,transition_features_minus_base,255.0348709078042,184.47134664003013,13.611668219252763,265.1771207774223,254.09656174352074,275.95342997942083,0.7899159663865546,257.33585608413784
scratch__physical_modis__d2__effect_features_minus_base,v5_prediction,2.0,scratch,physical_modis,2,effect_features_minus_base,254.7463535128478,185.06870560699872,2.8678440164454293,265.99315374947764,253.88646750576618,274.7997705814732,0.7815126050420168,257.34308207023486
scratch__physical_modis__d2__full_minus_current,shadow_point_prediction,1.5,scratch,physical_modis,2,full_minus_current,255.42185038317302,186.34088891306533,-10.478696012530035,264.3119980647049,254.22791934923515,278.89544205669057,0.7815126050420168,257.3459045450715
modis_pretrained__physical_modis__d2__pools_minus_current,shadow_point_prediction,-2.0,modis_pretrained,physical_modis,2,pools_minus_current,254.93889582737788,186.010926185288,-3.788542810441094,264.97117941080376,254.54079738496358,268.782393935545,0.7899159663865546,257.34744211263074
modis_pretrained__physical__d1__full_minus_current,shadow_point_prediction,-1.25,modis_pretrained,physical,1,full_minus_current,255.295394839128,185.45635669278846,-12.535474960376263,264.4254166270956,254.3965545369186,275.8005650445514,0.7983193277310925,257.35319021056756
scratch__physical_modis__d2__effect_features_minus_base,v5_prediction,1.75,scratch,physical_modis,2,effect_features_minus_base,254.76590584461752,185.03419331597317,1.5363579155353386,265.9946427990157,253.90042756337405,274.88231651466623,0.7857142857142857,257.3567205129062
modis_pretrained__physical__d1__transition_minus_current,v5_prediction,-2.5,modis_pretrained,physical,1,transition_minus_current,254.89262651436934,188.68154206120167,-13.296461894899213,265.5399961168533,254.10472899569714,274.1306560258518,0.773109243697479,257.35749453532225
scratch__physical__d1__transition_features_minus_base,shadow_point_prediction,-1.75,scratch,physical,1,transition_features_minus_base,255.08522634373466,185.95643424126735,-1.9966087730321853,265.0662289434509,254.1972214112849,275.4632818272746,0.7857142857142857,257.3584757605513
scratch__physical_modis__d2__pools_minus_base,shadow_point_prediction,1.25,scratch,physical_modis,2,pools_minus_base,255.37808573746392,182.6895460365679,12.324106714472018,264.1933300345819,254.48574463551353,275.8158279039795,0.8025210084033614,257.3588115362558
scratch__physical__d2__effect_features_minus_base,v5_prediction,2.5,scratch,physical,2,effect_features_minus_base,254.87199247840064,186.79196456836152,-0.31504657906279165,265.72669520694393,253.99055734604812,275.16906836438363,0.7983193277310925,257.36530937744834
modis_pretrained__physical_modis__d1__pools_minus_base,shadow_point_prediction,-2.5,modis_pretrained,physical_modis,1,pools_minus_base,255.40192454242742,186.23174368956992,3.142987460816579,264.1952369739142,254.47332518062768,276.2326871080905,0.7773109243697479,257.3681028098492
modis_pretrained__physical__d1__pools_minus_current,shadow_point_prediction,0.5,modis_pretrained,physical,1,pools_minus_current,255.27983523844813,184.59385984858886,2.900453672856815,264.5978370626477,254.31774334570378,276.4600038201436,0.8025210084033614,257.36881272131194
modis_pretrained__physical_modis__d1__current_minus_base,shadow_point_prediction,1.5,modis_pretrained,physical_modis,1,current_minus_base,255.4305666521434,185.06062647320795,-10.891443099127125,264.00926093181914,254.6170854171309,274.9865280683309,0.7941176470588235,257.37186991330924
modis_pretrained__physical__d2__pools_minus_base,shadow_point_prediction,-0.5,modis_pretrained,physical,2,pools_minus_base,255.23346842427455,184.44348513252345,2.4899099185356284,264.6854273404876,254.3366262386507,275.7142771251732,0.7983193277310925,257.37224760692186
scratch__physical_modis__d2__transition_minus_current,shadow_point_prediction,-0.75,scratch,physical_modis,2,transition_minus_current,255.51804803285887,184.7616119717095,10.66999858684597,263.7985722811525,254.6601214734954,275.5812926077066,0.8151260504201681,257.3736974550914
modis_pretrained__physical__d1__transition_minus_current,shadow_point_prediction,0.75,modis_pretrained,physical,1,transition_minus_current,255.31149853526242,184.13183835899258,2.2158173684983407,264.61636211269393,254.25864185264334,277.4212049139832,0.8025210084033614,257.37450025896555
modis_pretrained__physical__d1__pools_minus_base,shadow_point_prediction,1.5,modis_pretrained,physical,1,pools_minus_base,255.3125360813455,184.87887850777471,-0.6736009329637848,264.4889266946753,254.40068308981307,275.9595217348988,0.8067226890756303,257.3786704867949
modis_pretrained__physical_modis__d2__pools_minus_base,shadow_point_prediction,1.5,modis_pretrained,physical_modis,2,pools_minus_base,255.41066887373776,184.28252937940027,1.499177749584672,264.4315335354091,254.26520358697678,278.42748864868776,0.7941176470588235,257.3795187174653
scratch__physical_modis__d1__full_minus_base,shadow_point_prediction,1.75,scratch,physical_modis,1,full_minus_base,255.44124394659224,184.0930978619226,3.521139610882538,264.1287916479139,254.5069935319099,276.3340261367058,0.8067226890756303,257.37956826825206
modis_pretrained__physical_modis__d2__current_minus_base,shadow_point_prediction,-0.5,modis_pretrained,physical_modis,2,current_minus_base,255.31239866559824,184.67684049143452,1.3373891617740614,264.66363876590685,254.2457178648125,277.5595733972534,0.8025210084033614,257.38353849047894
scratch__physical_modis__d1__effect_features_minus_base,shadow_point_prediction,-2.0,scratch,physical_modis,1,effect_features_minus_base,255.28966926205825,185.50924117766215,-5.935778969308938,264.64158682111065,254.31855597759323,276.5646189416966,0.7857142857142857,257.3848703307051
modis_pretrained__physical_modis__d1__pools_minus_base,shadow_point_prediction,2.5,modis_pretrained,physical_modis,1,pools_minus_base,255.07659333629664,183.6942258969527,-2.018802986258247,265.2806520290813,254.11195192629862,276.2746312827519,0.8067226890756303,257.3864476569933
scratch__physical_modis__d1__pools_minus_current,shadow_point_prediction,1.0,scratch,physical_modis,1,pools_minus_current,255.06225133376063,183.9578008152187,0.004133842739709492,265.3831594045165,254.06922303669285,276.5543728244463,0.7941176470588235,257.3942212771826
scratch__physical__d2__transition_minus_current,shadow_point_prediction,-1.0,scratch,physical,2,transition_minus_current,255.51100047360168,184.85178824349256,11.124649201287912,263.8848626834959,254.67015372031784,275.3820866839633,0.8151260504201681,257.39425433775426
scratch__physical__d1__pools_minus_base,shadow_point_prediction,-1.5,scratch,physical,1,pools_minus_base,255.3484955124187,185.74469932223528,-5.037313844810042,264.7633298975165,254.13399503732632,279.009017184531,0.7857142857142857,257.39857898992005
scratch__physical__d1__full_minus_base,shadow_point_prediction,2.25,scratch,physical,1,full_minus_base,255.45069852317857,184.21357904364396,15.32593974863478,264.14292927313414,254.55941341264673,275.87992979919517,0.8067226890756303,257.40093493303453
modis_pretrained__physical_modis__d1__full_minus_base,shadow_point_prediction,2.75,modis_pretrained,physical_modis,1,full_minus_base,255.39067276449916,185.36853394859978,-0.09322756962919315,264.2027751166394,254.62523849530118,274.38336736203524,0.8109243697478992,257.4023397852347
scratch__physical_modis__d2__effect_features_minus_base,v5_prediction,2.25,scratch,physical_modis,2,effect_features_minus_base,254.80200208145934,185.22484461312663,4.19933011735552,266.07088129513807,253.94662940206706,274.80735038791073,0.7815126050420168,257.4053787150309
scratch__physical_modis__d2__pools_minus_current,shadow_point_prediction,1.25,scratch,physical_modis,2,pools_minus_current,255.42978000229408,185.5887663409335,-15.397050519783987,264.51054278074406,254.28682427499177,278.4235910874673,0.7857142857142857,257.414231765081
modis_pretrained__physical_modis__d2__pools_minus_base,shadow_point_prediction,-1.0,modis_pretrained,physical_modis,2,pools_minus_base,255.1753224497207,184.48327395681267,-0.06263143759117286,265.01260001805775,254.32672219386006,275.1200760706651,0.7983193277310925,257.4224917778398
scratch__physical_modis__d1__pools_minus_current,shadow_point_prediction,-2.0,scratch,physical_modis,1,pools_minus_current,255.80377338144655,185.71040186613524,1.6780090263580787,263.29991088535576,254.78425816480723,277.5998727214071,0.7899159663865546,257.42292895326403
scratch__physical__d2__full_minus_base,shadow_point_prediction,1.25,scratch,physical,2,full_minus_base,255.60525381515544,183.56507205764396,31.11477014514275,263.799027155972,254.68525174706443,276.35246939134095,0.7941176470588235,257.4236966333368
modis_pretrained__physical__d1__full_minus_base,shadow_point_prediction,-1.0,modis_pretrained,physical,1,full_minus_base,255.4359317635916,184.22963267393507,-4.415443202861246,264.45316383273035,254.3846572533282,277.5354971957791,0.7941176470588235,257.42742115331043
modis_pretrained__physical__d2__pools_minus_current,shadow_point_prediction,-2.5,modis_pretrained,physical,2,pools_minus_current,255.14362031633988,187.63509844787694,11.869977743853012,264.74977033977603,254.70646269237432,269.63579123945607,0.7815126050420168,257.43586841620754
scratch__physical__d2__effect_features_minus_base,v5_prediction,1.25,scratch,physical,2,effect_features_minus_base,254.92606008736442,186.34966007333406,-4.0495456849490425,265.8772552746123,254.02046046245692,275.48908356939853,0.7899159663865546,257.4374589779495
modis_pretrained__physical_modis__d1__transition_features_minus_base,shadow_point_prediction,-1.75,modis_pretrained,physical_modis,1,transition_features_minus_base,255.09872738858525,187.5603216537223,8.683392149226977,265.19982108834733,254.3580771162488,273.78304355123043,0.7773109243697479,257.4388382454417
scratch__physical_modis__d2__effect_features_minus_base,v5_prediction,1.5,scratch,physical_modis,2,effect_features_minus_base,254.8606417690403,185.28161747864698,0.20487181462524806,266.0753471137819,253.98848944899447,275.0549070453764,0.7857142857142857,257.44628002521426
modis_pretrained__physical_modis__d1__full_minus_base,shadow_point_prediction,-2.25,modis_pretrained,physical_modis,1,full_minus_base,255.45095858009591,184.50130828487,1.0982629883860051,264.61696026942315,254.2829444976457,278.68328009159,0.7941176470588235,257.4504554818152
scratch__physical_modis__d1__transition_features_minus_base,shadow_point_prediction,-2.5,scratch,physical_modis,1,transition_features_minus_base,255.16204063132534,185.4166610976055,-6.681766949614586,265.29237648665367,254.1991731647378,276.34521889542674,0.7857142857142857,257.45390772851056
modis_pretrained__physical_modis__d2__full_minus_base,shadow_point_prediction,1.75,modis_pretrained,physical_modis,2,full_minus_base,255.01838020118234,185.18464828222864,8.172601099942883,265.47207623262386,254.3179188995507,273.20628481712924,0.7941176470588235,257.4566888836348
scratch__physical__d2__full_minus_current,shadow_point_prediction,-1.0,scratch,physical,2,full_minus_current,255.3028765458445,185.3081972719648,0.455135563007893,264.91705775904904,254.36033938722093,276.2778328433741,0.819327731092437,257.47078755948974
modis_pretrained__physical_modis__d2__full_minus_base,shadow_point_prediction,-1.0,modis_pretrained,physical_modis,2,full_minus_base,255.537987053315,184.32770973116897,-3.7867699699572444,264.45720721807595,254.3563314079662,278.90260403622995,0.7941176470588235,257.4723781831681
scratch__physical__d1__full_minus_base,shadow_point_prediction,-1.75,scratch,physical,1,full_minus_base,255.27441098358034,185.82050166787025,-10.92090027155298,265.15002963674533,254.21655961840378,277.43219484116804,0.7899159663865546,257.47885280557745
modis_pretrained__physical__d1__transition_features_minus_base,shadow_point_prediction,1.25,modis_pretrained,physical,1,transition_features_minus_base,255.38118318661708,185.07769827039206,-3.5573471081687913,264.734389211687,254.42258533693993,276.52907298794395,0.8025210084033614,257.47983523046526
modis_pretrained__physical__d1__transition_minus_current,v5_prediction,-2.25,modis_pretrained,physical,1,transition_minus_current,255.0051212215894,188.41034148558526,-12.74522018449282,265.72671369647827,254.2062011981264,274.37595879843434,0.773109243697479,257.4857893344459
modis_pretrained__physical__d2__full_minus_base,v5_prediction,1.0,modis_pretrained,physical,2,full_minus_base,254.81033547002255,187.16410514619977,0.1591409032421401,266.3754436628821,253.96643741283316,274.68733821803215,0.7773109243697479,257.4906380039401
modis_pretrained__physical__d2__effect_features_minus_base,shadow_point_prediction,-1.25,modis_pretrained,physical,2,effect_features_minus_base,255.40221686374136,185.09966083283066,-0.13164087386995685,264.73285686081687,254.4401288864955,276.58766128035666,0.7899159663865546,257.4943548686988
modis_pretrained__physical__d2__current_minus_base,v5_prediction,0.5,modis_pretrained,physical,2,current_minus_base,254.93653416997887,186.3513615419699,-7.450285370776989,266.07396005553295,254.03314912217002,275.4759941217061,0.7815126050420168,257.49504437941516
scratch__physical_modis__d1__current_minus_base,shadow_point_prediction,2.0,scratch,physical_modis,1,current_minus_base,255.85136761231485,184.38751421032057,9.314821252469226,263.44003031468645,254.8594989452446,277.36634471427124,0.8109243697478992,257.5005661211402
scratch__physical__d1__pools_minus_current,shadow_point_prediction,-2.5,scratch,physical,1,pools_minus_current,255.5494879971607,185.76882174498613,11.802526122548972,264.539240928492,254.37229843982806,278.8728005173372,0.7857142857142857,257.50262884066035
scratch__physical__d1__current_minus_base,shadow_point_prediction,2.75,scratch,physical,1,current_minus_base,255.93111223890045,185.76373437081062,23.1921473282395,263.2698583772633,254.93348691563028,277.50894839217193,0.8025210084033614,257.51639244267363
modis_pretrained__physical_modis__d1__pools_minus_current,shadow_point_prediction,1.0,modis_pretrained,physical_modis,1,pools_minus_current,255.24120328354977,185.02284268993944,7.165424372135061,265.2895035800151,254.31516603504332,276.03769301057594,0.7983193277310925,257.5217690455395
scratch__physical_modis__d2__effect_features_minus_base,shadow_point_prediction,3.0,scratch,physical_modis,2,effect_features_minus_base,255.26334757419426,184.28638455294345,16.53992544820025,265.32185614713546,254.26110734754712,276.8590255079225,0.8109243697478992,257.52741466076776
modis_pretrained__physical__d2__full_minus_base,v5_prediction,2.25,modis_pretrained,physical,2,full_minus_base,254.69607120113386,188.61657396993638,10.088123020838935,266.75674790751674,253.96523759678885,273.2459735189378,0.7689075630252101,257.52853197664336
modis_pretrained__physical_modis__d1__pools_minus_current,shadow_point_prediction,-1.75,modis_pretrained,physical_modis,1,pools_minus_current,255.76306361014642,186.37444956643256,-10.993738998718651,263.63492262916327,254.95924456801282,275.22074294686,0.7899159663865546,257.5300736043672
modis_pretrained__physical_modis__d1__full_minus_current,shadow_point_prediction,-1.5,modis_pretrained,physical_modis,1,full_minus_current,255.57866949980374,185.4440070629514,-10.533995931722565,264.3814696712798,254.62201580019905,276.7146700801426,0.7899159663865546,257.54020611777156
scratch__physical__d1__transition_features_minus_base,shadow_point_prediction,1.5,scratch,physical,1,transition_features_minus_base,255.63071058119587,184.83622317131386,2.7552645318317524,264.325354980545,254.57958799241567,277.7376010733996,0.8025210084033614,257.54159103383813
scratch__physical_modis__d2__effect_features_minus_base,v5_prediction,2.5,scratch,physical_modis,2,effect_features_minus_base,254.93280230427408,185.43095104137853,5.530816218265611,266.2277560520512,254.08086738791468,274.9050484790161,0.7815126050420168,257.5435570121285
modis_pretrained__physical_modis__d1__full_minus_current,shadow_point_prediction,1.0,modis_pretrained,physical_modis,1,full_minus_current,255.3012919219294,185.87787987924335,7.959484349946987,265.11771109645514,254.46708833389957,275.0886937969461,0.7857142857142857,257.5468458185534
modis_pretrained__physical_modis__d2__transition_minus_current,shadow_point_prediction,0.75,modis_pretrained,physical_modis,2,transition_minus_current,255.24956495038072,184.80799323792664,2.887127180226682,265.54302850474846,254.1539068368844,277.7787252892431,0.7899159663865546,257.5490163105986
modis_pretrained__physical_modis__d1__effect_features_minus_base,shadow_point_prediction,1.75,modis_pretrained,physical_modis,1,effect_features_minus_base,255.44041651487055,184.37929944396518,-2.8827271570007627,264.84312183320844,254.48422323009004,276.5655845166647,0.7941176470588235,257.5520445232599
scratch__physical__d2__transition_minus_current,shadow_point_prediction,1.0,scratch,physical,2,transition_minus_current,255.42522431735694,186.364963715312,-10.00046472672958,265.17280845333676,254.23463931993922,278.86781587986667,0.7773109243697479,257.56447410199746
scratch__physical_modis__d1__effect_features_minus_base,shadow_point_prediction,2.0,scratch,physical_modis,1,effect_features_minus_base,255.48284360453175,184.44341536469562,7.05996344386727,264.908398614424,254.39439169187457,277.9523383761407,0.8025210084033614,257.5671193788405
scratch__physical__d2__current_minus_base,shadow_point_prediction,-0.5,scratch,physical,2,current_minus_base,255.4137478040942,185.30757537866447,-11.605500588730633,265.07344063295693,254.36844493892875,277.4525690653627,0.7815126050420168,257.5673452950185
modis_pretrained__physical_modis__d2__full_minus_current,shadow_point_prediction,0.75,modis_pretrained,physical_modis,2,full_minus_current,255.39807675889563,184.94241636343125,4.986684279448817,265.0509446356522,254.44634449863332,276.47440350131353,0.7899159663865546,257.5733606630192
modis_pretrained__physical_modis__d2__effect_features_minus_base,shadow_point_prediction,-1.25,modis_pretrained,physical_modis,2,effect_features_minus_base,255.65670922080446,184.95395090189032,-1.4694822123401594,264.35006749112324,254.67357641433438,277.0727381384514,0.7983193277310925,257.5842655867666
modis_pretrained__physical_modis__d1__transition_features_minus_base,shadow_point_prediction,1.0,modis_pretrained,physical_modis,1,transition_features_minus_base,255.54485028667855,184.8775844209146,-4.078650569548155,264.6889972783603,254.56715956327957,276.89946307018874,0.8025210084033614,257.58646435374925
scratch__physical_modis__d2__effect_features_minus_base,shadow_point_prediction,-0.75,scratch,physical_modis,2,effect_features_minus_base,255.51075450986949,184.97444681421138,-3.432366065451106,264.82880120558457,254.51666619921696,277.0335997612981,0.7899159663865546,257.59174410613514
scratch__physical__d2__effect_features_minus_base,v5_prediction,2.75,scratch,physical,2,effect_features_minus_base,255.10435643282244,187.26122213982694,0.4318532421144585,265.9602222479172,254.22706834360997,275.3654313932405,0.7941176470588235,257.59900086429303
modis_pretrained__physical_modis__d1__transition_minus_current,shadow_point_prediction,1.0,modis_pretrained,physical_modis,1,transition_minus_current,255.48514022132235,184.49336791748172,3.557039654722706,264.98079610465373,254.45931430977936,277.33100499730085,0.7941176470588235,257.60259771426945
modis_pretrained__physical__d2__transition_features_minus_base,shadow_point_prediction,1.75,modis_pretrained,physical,2,transition_features_minus_base,255.3680797740812,184.5763298983316,5.889358257212528,265.40917615248577,254.2796417940889,277.8321350075758,0.8067226890756303,257.60624437368426
modis_pretrained__physical__d2__transition_minus_current,v5_prediction,-0.75,modis_pretrained,physical,2,transition_minus_current,255.07865039548463,186.70106928483602,-9.566519669290708,266.0282227386427,254.23997754904912,274.90762626487674,0.7815126050420168,257.60637526966525
scratch__physical_modis__d1__current_minus_base,shadow_point_prediction,-1.25,scratch,physical_modis,1,current_minus_base,255.43279340296826,186.2630086586087,-4.908363397214622,265.23528842240904,254.33626632114172,277.9789307112805,0.7773109243697479,257.6092853873718
scratch__physical_modis__d2__effect_features_minus_base,v5_prediction,1.25,scratch,physical_modis,2,effect_features_minus_base,255.03047750100103,185.59912146388365,-1.1266142862848425,266.235194655823,254.15056716913654,275.3173728325997,0.7815126050420168,257.6116792067404
modis_pretrained__physical_modis__d1__pools_minus_base,shadow_point_prediction,-2.75,modis_pretrained,physical_modis,1,pools_minus_base,255.65500416262444,186.57439611583916,3.40107698317032,264.40251053727025,254.73421402725978,276.4128061703334,0.7773109243697479,257.61168322244475
modis_pretrained__physical__d2__effect_features_minus_base,shadow_point_prediction,1.5,modis_pretrained,physical,2,effect_features_minus_base,255.44277129423122,184.06444808327467,1.3945719706581132,265.19593578527235,254.37666333354252,277.6902335828736,0.7983193277310925,257.6145354268193
scratch__physical_modis__d2__transition_features_minus_base,shadow_point_prediction,-1.0,scratch,physical_modis,2,transition_features_minus_base,255.6852115047145,185.21170662209073,-8.137625084036568,264.37521830492125,254.72890134479792,276.82220806612827,0.7857142857142857,257.618635664787
scratch__physical__d1__effect_features_minus_base,shadow_point_prediction,1.5,scratch,physical,1,effect_features_minus_base,255.47713505673673,185.20887197065596,4.508100294432691,265.01112604246606,254.5098644708459,276.7201193957621,0.8067226890756303,257.61881515669637
modis_pretrained__physical__d1__effect_features_minus_base,shadow_point_prediction,1.0,modis_pretrained,physical,1,effect_features_minus_base,255.5054396216098,184.6369726497245,-0.20383082200802555,264.9274835388703,254.5482269050321,276.64415086707487,0.8067226890756303,257.6216474217805
scratch__physical__d2__full_minus_base,shadow_point_prediction,-0.5,scratch,physical,2,full_minus_base,255.362614076387,185.3497011105225,-11.658978925866268,265.38076593582986,254.3821063773339,276.7385064219862,0.7857142857142857,257.62202511648445
scratch__physical__d2__transition_features_minus_base,shadow_point_prediction,1.75,scratch,physical,2,transition_features_minus_base,255.5742248187136,184.3792920264404,24.664192441298148,264.8222271552954,254.54035691980076,277.50535399854624,0.8067226890756303,257.62775842813085
modis_pretrained__physical_modis__d1__pools_minus_base,shadow_point_prediction,2.75,modis_pretrained,physical_modis,1,pools_minus_base,255.29747178981947,183.82528434946275,-2.276892508611988,265.595291354742,254.337237793674,276.45891435214935,0.8067226890756303,257.6318681820137
scratch__physical__d2__pools_minus_current,shadow_point_prediction,-0.75,scratch,physical,2,pools_minus_current,255.6395449198457,185.79929803111978,9.243966536528893,264.60965717091085,254.63912946025937,277.23317014684477,0.8025210084033614,257.63196911771536
scratch__physical_modis__d1__pools_minus_base,shadow_point_prediction,1.25,scratch,physical_modis,1,pools_minus_base,255.38515442448897,183.40716538297778,5.335099878598633,265.34889457572336,254.40895133551857,276.71730360057455,0.8067226890756303,257.63203869005497
scratch__physical__d2__pools_minus_base,shadow_point_prediction,1.75,scratch,physical,2,pools_minus_base,255.67313225630747,181.98730842256165,22.89096043006409,264.3380212758778,254.84921234122532,275.35846700365306,0.7941176470588235,257.6333745324295
modis_pretrained__physical__d1__transition_minus_current,v5_prediction,-2.0,modis_pretrained,physical,1,transition_minus_current,255.13953524562737,188.1420630631094,-12.19397847408643,265.9314920444397,254.32880091588748,274.65227183110255,0.7773109243697479,257.6348408628955
scratch__physical_modis__d1__full_minus_current,shadow_point_prediction,1.25,scratch,physical_modis,1,full_minus_current,255.52771874578778,185.34670707734327,-2.7947581303550706,265.0020642583547,254.4872900677828,277.52278965825434,0.7815126050420168,257.63619795442827
scratch__physical__d1__transition_minus_current,shadow_point_prediction,1.0,scratch,physical,1,transition_minus_current,255.58902383525225,185.08375294200007,-6.204903841853171,264.9310444464148,254.48977183077324,278.16898504781483,0.7815126050420168,257.6497159869231
scratch__physical_modis__d1__full_minus_base,shadow_point_prediction,2.0,scratch,physical_modis,1,full_minus_base,255.73802705103168,184.30754837739866,3.9438606642544483,264.32064737866745,254.8087769970381,276.59009112699613,0.8067226890756303,257.6513696194422
modis_pretrained__physical_modis__d1__current_minus_base,shadow_point_prediction,-1.0,modis_pretrained,physical_modis,1,current_minus_base,255.43236451965993,186.12443861399439,8.197782461550027,265.2164350241186,254.53350684430234,275.943475028443,0.7857142857142857,257.65366772693517
scratch__physical__d1__full_minus_current,shadow_point_prediction,1.25,scratch,physical,1,full_minus_current,255.57102778440137,184.9544585476555,-1.5221589341214012,264.9255011448537,254.55055468189295,277.3664560210001,0.7857142857142857,257.6545278488873
modis_pretrained__physical_modis__d1__full_minus_base,shadow_point_prediction,3.0,modis_pretrained,physical_modis,1,full_minus_base,255.66599424033575,185.77616389774266,-0.15280209752995305,264.3809683963167,254.91808941906496,274.45954017976845,0.8109243697478992,257.6577615740133
modis_pretrained__physical__d1__pools_minus_base,shadow_point_prediction,1.75,modis_pretrained,physical,1,pools_minus_base,255.60910083340883,185.2212321923363,-0.8795497946709433,264.7445439081851,254.71123669061905,276.1168044803136,0.8067226890756303,257.66849556640545
scratch__physical_modis__d2__transition_minus_current,shadow_point_prediction,1.25,scratch,physical_modis,2,transition_minus_current,255.4387843638391,187.96465443846205,-16.284418345332174,265.6196280104477,254.17690808771712,279.5357714739987,0.7773109243697479,257.66852620646074
scratch__physical__d1__current_minus_base,shadow_point_prediction,-1.0,scratch,physical,1,current_minus_base,255.53242362690608,185.61485182287782,-7.667018704888228,265.1510536430134,254.4595602129528,277.8508351006379,0.7815126050420168,257.6688652774446
scratch__physical__d1__pools_minus_base,shadow_point_prediction,1.0,scratch,physical,1,pools_minus_base,255.5311632838663,184.18310042009625,4.295029625338637,265.03556963530673,254.61116530036497,276.275188786231,0.7941176470588235,257.6772653758511
scratch__physical__d2__current_minus_base,shadow_point_prediction,1.25,scratch,physical,2,current_minus_base,256.0084104171093,184.80914409013022,30.98107430230366,263.66779562403576,255.03400221829298,277.3491073449739,0.8151260504201681,257.6796546691368
scratch__physical__d1__pools_minus_current,v5_prediction,-1.5,scratch,physical,1,pools_minus_current,255.2839794813529,185.9201960703239,-1.0397844596734118,265.84587124501024,254.34319661588728,276.2395094344399,0.7815126050420168,257.68925670590085
modis_pretrained__physical_modis__d2__current_minus_base,shadow_point_prediction,2.5,modis_pretrained,physical_modis,2,current_minus_base,255.36016617298463,185.72298835050648,-3.3143923851953123,265.2805751598704,254.76415322072646,272.2009161548417,0.7773109243697479,257.69126518164154
modis_pretrained__physical_modis__d2__transition_features_minus_base,shadow_point_prediction,1.5,modis_pretrained,physical_modis,2,transition_features_minus_base,255.04973363813573,184.77243205445689,2.886271349689509,266.52678033701704,254.14583129931552,275.59957367829986,0.7815126050420168,257.693019728151
scratch__physical_modis__d1__transition_minus_current,shadow_point_prediction,1.25,scratch,physical_modis,1,transition_minus_current,255.57066226271678,185.81331519576756,-1.286433803767746,265.1663340319026,254.46842079755572,278.17888739359216,0.773109243697479,257.69401983872297
scratch__physical_modis__d1__transition_features_minus_base,shadow_point_prediction,1.5,scratch,physical_modis,1,transition_features_minus_base,255.75498593652839,185.11492939320672,4.908407749415417,264.57737887340807,254.6945265027536,277.96061772865517,0.8067226890756303,257.6954693123046
scratch__physical_modis__d2__pools_minus_base,shadow_point_prediction,-0.75,scratch,physical_modis,2,pools_minus_base,255.52645386811366,185.6415316099839,-6.495116449036547,265.27312108290585,254.46319635800796,277.74946539534227,0.7773109243697479,257.6973062942853
modis_pretrained__physical_modis__d2__full_minus_current,shadow_point_prediction,-2.75,modis_pretrained,physical_modis,2,full_minus_current,256.0197662357154,185.68954350125478,-15.661411917342887,263.5290830883126,255.22755794048715,275.35252678830443,0.7899159663865546,257.6990433750576
modis_pretrained__physical_modis__d2__effect_features_minus_base,shadow_point_prediction,2.0,modis_pretrained,physical_modis,2,effect_features_minus_base,255.25630952321595,183.36909660373115,3.8126113566700863,266.0243572775085,254.25979067025148,276.7929307029172,0.7857142857142857,257.69919174854795
scratch__physical__d2__effect_features_minus_base,v5_prediction,1.0,scratch,physical,2,effect_features_minus_base,255.17997895106075,186.52282724276392,-4.796445506126293,266.1707975635601,254.2688970427168,275.81302975081394,0.7899159663865546,257.6999131270996
scratch__physical_modis__d2__pools_minus_current,shadow_point_prediction,-0.75,scratch,physical_modis,2,pools_minus_current,255.63622725975884,185.2337844133261,10.137577891517058,264.8320534742002,254.70196497371415,276.5374802214008,0.7983193277310925,257.701618241858
modis_pretrained__physical__d1__transition_features_minus_base,shadow_point_prediction,-1.25,modis_pretrained,physical,1,transition_features_minus_base,255.53061085984646,187.0288911216632,4.681531582727123,265.0219615157277,254.73420968811968,274.8929671144932,0.7815126050420168,257.7043482308851
scratch__physical_modis__d1__effect_features_minus_base,shadow_point_prediction,-2.25,scratch,physical_modis,1,effect_features_minus_base,255.6162670383549,185.91924187079317,-6.748012870132451,264.9649193785168,254.6384841199607,276.97496503598836,0.7857142857142857,257.70898439379687
modis_pretrained__physical_modis__d2__transition_minus_current,shadow_point_prediction,-2.5,modis_pretrained,physical_modis,2,transition_minus_current,256.59207362179717,187.08039363889606,-7.188024239212554,261.58949152241684,256.06925757716203,272.4408051342749,0.7899159663865546,257.7107240857933
modis_pretrained__physical_modis__d1__full_minus_base,shadow_point_prediction,-2.5,modis_pretrained,physical_modis,1,full_minus_base,255.7322364617422,184.76295833962152,1.1578375162867651,264.83622988813244,254.5422036517889,279.1845112916111,0.7773109243697479,257.7107266158514
scratch__physical__d1__pools_minus_current,v5_prediction,-1.75,scratch,physical,1,pools_minus_current,255.34097926455775,186.09093556498567,0.08425892885356878,265.8398465253228,254.39061950859315,276.4003536691296,0.7815126050420168,257.72810614075786
scratch__physical__d1__full_minus_base,shadow_point_prediction,2.5,scratch,physical,1,full_minus_base,255.79615917627248,184.48683240680717,16.966367249896514,264.4083839348577,254.91284216025838,276.15237961078014,0.8109243697478992,257.72838611191526
scratch__physical_modis__d2__full_minus_base,shadow_point_prediction,1.5,scratch,physical_modis,2,full_minus_base,255.7837126496856,184.29863632726324,22.78669266857717,264.3597942346098,254.99933085143772,275.01554733148055,0.7857142857142857,257.7316375963547
modis_pretrained__physical__d2__pools_minus_current,shadow_point_prediction,0.5,modis_pretrained,physical,2,pools_minus_current,255.71648103392198,185.27451937869503,-1.6994848640356033,264.87960046093104,254.64215770193778,278.0577549241665,0.7941176470588235,257.7386800576782
scratch__physical__d1__pools_minus_current,v5_prediction,-1.25,scratch,physical,1,pools_minus_current,255.32518209694894,185.89025947569377,-2.1638278482003925,265.963427343462,254.39148952359136,276.20704981455447,0.773109243697479,257.75132026523784
scratch__physical_modis__d2__full_minus_current,shadow_point_prediction,-1.0,scratch,physical_modis,2,full_minus_current,255.6851083997169,185.05654900562135,7.922617737151967,264.923733301878,254.71839602248573,276.9313063474992,0.819327731092437,257.75308653094936
modis_pretrained__physical__d2__transition_features_minus_base,shadow_point_prediction,-0.75,modis_pretrained,physical,2,transition_features_minus_base,255.65852113557875,185.10864793741655,-1.7210217712637044,264.92537871821037,254.7804846268796,275.9508432096605,0.7941176470588235,257.7557264040619
scratch__physical_modis__d2__effect_features_minus_base,v5_prediction,2.75,scratch,physical_modis,2,effect_features_minus_base,255.13863859882733,185.7626899614155,6.862302319175701,266.4636382315801,254.28906978413866,275.09276883936633,0.7857142857142857,257.7574963033434
scratch__physical__d1__transition_features_minus_base,shadow_point_prediction,-2.0,scratch,physical,1,transition_features_minus_base,255.4661480336763,186.67986892549962,-2.3621374887909496,265.5132368989373,254.59054012610528,275.72368162144846,0.7815126050420168,257.7590182730988
modis_pretrained__physical__d2__full_minus_base,shadow_point_prediction,-0.5,modis_pretrained,physical,2,full_minus_base,255.74915753996783,184.6087288196329,-3.4095006097595517,264.79990805868897,254.74582185177138,277.3776099267079,0.7941176470588235,257.761011247599
scratch__physical__d2__pools_minus_base,shadow_point_prediction,-0.5,scratch,physical,2,pools_minus_base,255.62342413818564,185.67913147011103,-5.817584389230813,265.19581157306465,254.60214699300317,277.4293613365004,0.7773109243697479,257.7612017106098
scratch__physical_modis__d1__pools_minus_base,shadow_point_prediction,-1.5,scratch,physical_modis,1,pools_minus_base,255.82608190864735,186.70776639644603,-5.165516932304195,264.7656458392069,254.67641202312922,278.90262393822763,0.7857142857142857,257.7735554199077
scratch__physical__d2__full_minus_current,shadow_point_prediction,1.25,scratch,physical,2,full_minus_current,255.9186487519158,185.83987973326006,0.6957880801182565,264.5641503463402,254.76876388445697,279.00162850654135,0.7815126050420168,257.7925529336572
scratch__physical__d2__pools_minus_base,v5_prediction,1.0,scratch,physical,2,pools_minus_base,255.31511606866644,184.28357624844972,4.975308462184662,266.0363283150034,254.5052900036933,274.824390704576,0.8025210084033614,257.79296261400737
scratch__physical__d1__pools_minus_current,shadow_point_prediction,0.75,scratch,physical,1,pools_minus_current,255.59366546853352,184.67897202711484,-2.810037928301776,265.36503183054293,254.62659702518533,276.83960931560864,0.7983193277310925,257.79473994819887
modis_pretrained__physical__d1__transition_minus_current,shadow_point_prediction,1.0,modis_pretrained,physical,1,transition_minus_current,255.7553207503474,184.35802107223122,2.7670590789047322,265.026679582528,254.67489926586234,278.15850580395505,0.8025210084033614,257.80305508727133
modis_pretrained__physical__d1__transition_minus_current,v5_prediction,-1.75,modis_pretrained,physical,1,transition_minus_current,255.29583396472705,187.90518279899845,-11.642736763680038,266.1542894730306,254.47248364748444,274.95950163513373,0.7773109243697479,257.8046102624923
modis_pretrained__physical__d1__full_minus_base,shadow_point_prediction,-1.25,modis_pretrained,physical,1,full_minus_base,255.85443678292498,184.5180237315536,-5.6598270628963485,264.767104291377,254.78507793965713,278.1529379356131,0.7941176470588235,257.81526394922105
scratch__physical__d1__full_minus_base,shadow_point_prediction,-2.0,scratch,physical,1,full_minus_base,255.59809519487075,186.3395759653565,-12.561327772814716,265.53997065948465,254.52757479061665,277.8963560693497,0.7899159663865546,257.8159339599607
modis_pretrained__physical__d1__current_minus_base,shadow_point_prediction,2.5,modis_pretrained,physical,1,current_minus_base,255.50848555816228,187.74413246914602,-13.189203557680663,265.28218513175364,254.9800736354203,271.4040877946098,0.773109243697479,257.8198074708746
scratch__physical_modis__d1__transition_features_minus_base,shadow_point_prediction,-2.75,scratch,physical_modis,1,transition_features_minus_base,255.52789580488056,185.90475400723003,-7.406152868303961,265.7186621579889,254.55783597179283,276.80224380449795,0.7857142857142857,257.8330724348857
modis_pretrained__physical__d2__full_minus_current,shadow_point_prediction,0.75,modis_pretrained,physical,2,full_minus_current,255.66420236791777,185.2935091998018,6.018842377749783,265.3005980600057,254.70598763714605,276.8203321720764,0.7941176470588235,257.8337476082468
modis_pretrained__physical__d2__full_minus_base,v5_prediction,0.75,modis_pretrained,physical,2,full_minus_base,255.1839606423463,187.1582383369967,-1.8266555202772188,266.65736912572123,254.31717728768075,275.3321030677286,0.7773109243697479,257.83561692452366
modis_pretrained__physical__d1__current_minus_base,shadow_point_prediction,-0.75,modis_pretrained,physical,1,current_minus_base,255.7271324359752,185.35475559313434,4.687480975767115,265.1188654278603,254.77125256858642,276.861411657202,0.7941176470588235,257.8360957170993
scratch__physical__d2__effect_features_minus_base,shadow_point_prediction,-0.75,scratch,physical,2,effect_features_minus_base,255.74227998185717,184.96299056114378,-1.6786072262525846,265.14483140791685,254.7606365675797,277.14661043516503,0.7773109243697479,257.84750698480275
modis_pretrained__physical_modis__d1__effect_features_minus_base,shadow_point_prediction,2.0,modis_pretrained,physical_modis,1,effect_features_minus_base,255.73431040090347,184.65652421708364,-3.374844213326467,265.1455101891714,254.78179732189963,276.8334020174337,0.7941176470588235,257.8489820782195
scratch__physical_modis__d2__effect_features_minus_base,v5_prediction,1.0,scratch,physical_modis,2,effect_features_minus_base,255.27526314786738,185.91662544912032,-2.458100387194933,266.47404300023163,254.3865092818849,275.6694571648831,0.7773109243697479,257.8527696444628
modis_pretrained__physical_modis__d2__pools_minus_current,shadow_point_prediction,0.75,modis_pretrained,physical_modis,2,pools_minus_current,255.90481896233993,185.31230064530018,2.1935803801742635,264.90699894310734,254.709624369954,279.4135435218801,0.7941176470588235,257.8565653094353
modis_pretrained__physical__d2__transition_minus_current,shadow_point_prediction,0.5,modis_pretrained,physical,2,transition_minus_current,255.79337894690244,184.86359528517718,1.7504088229161063,265.1518333453674,254.73057712247365,278.02404813744096,0.8067226890756303,257.86729209041147
scratch__physical__d1__pools_minus_current,v5_prediction,-2.0,scratch,physical,1,pools_minus_current,255.496115721321,186.41908535591944,1.2083023173805514,265.9453607642872,254.53367311279197,276.6893586222273,0.7815126050420168,257.8678163299303
scratch__physical_modis__d1__pools_minus_current,shadow_point_prediction,1.25,scratch,physical_modis,1,pools_minus_current,255.4876119227717,184.37178651482955,-0.1353557558951546,266.0399147505308,254.48639575447004,277.0827277997395,0.7941176470588235,257.87538358763607
modis_pretrained__physical_modis__d1__pools_minus_base,shadow_point_prediction,-3.0,modis_pretrained,physical_modis,1,pools_minus_base,255.93035445033829,186.94684771032314,3.6591665055240616,264.63450887583684,255.01788284980827,276.61014433111785,0.7773109243697479,257.8782751565804
modis_pretrained__physical__d2__full_minus_base,v5_prediction,2.5,modis_pretrained,physical,2,full_minus_base,255.02421069624202,189.31119610590017,12.073919444358294,267.1904794405803,254.31533887131474,273.31682449769625,0.7689075630252101,257.8885599260948
scratch__physical__d2__pools_minus_base,v5_prediction,1.25,scratch,physical,2,pools_minus_base,255.43712602538176,183.990267253731,8.16514677543965,266.0266033628288,254.65714209905036,274.60370395945216,0.7899159663865546,257.8894993781607
scratch__physical_modis__d2__transition_features_minus_base,shadow_point_prediction,1.75,scratch,physical_modis,2,transition_features_minus_base,255.5724144380614,184.95560006207893,15.786597549581698,265.8062580396338,254.64797017093167,276.3659422108,0.7899159663865546,257.8997642716721
modis_pretrained__physical_modis__d1__pools_minus_base,shadow_point_prediction,3.0,modis_pretrained,physical_modis,1,pools_minus_base,255.54071460095233,183.95634280197277,-2.53498203096573,265.9343238649001,254.58545365679257,276.66040790658684,0.8109243697478992,257.90030168089936
modis_pretrained__physical_modis__d2__transition_features_minus_base,shadow_point_prediction,-1.0,modis_pretrained,physical_modis,2,transition_features_minus_base,256.16142738253586,184.89788469872292,-0.9873605043277308,264.099063923437,255.20409499800257,277.3297989395422,0.7941176470588235,257.9065034216278
modis_pretrained__physical_modis__d1__transition_minus_current,v5_prediction,-2.75,modis_pretrained,physical_modis,1,transition_minus_current,255.62716038463603,187.98453077904034,-16.020150188805033,265.5172838053709,254.85994668921575,274.65016396651004,0.7815126050420168,257.90788781596467
scratch__physical_modis__d1__pools_minus_current,shadow_point_prediction,-2.25,scratch,physical_modis,1,pools_minus_current,256.3510769827142,186.2055800388174,1.8174986249929428,263.61391272079806,255.3189282380066,278.29978012807135,0.7899159663865546,257.90874873105827
scratch__physical__d2__pools_minus_base,v5_prediction,0.75,scratch,physical,2,pools_minus_base,255.41078192528363,184.82713542084258,1.785470148929675,266.26074474426383,254.57041956367976,275.27232785390396,0.7899159663865546,257.9131820396277
scratch__physical_modis__d1__effect_features_minus_base,shadow_point_prediction,2.25,scratch,physical_modis,1,effect_features_minus_base,255.8333004848878,184.6970471488302,7.8721973446907825,265.26469790604426,254.72286468571716,278.5333632796716,0.8025210084033614,257.91354089038424
scratch__physical__d1__pools_minus_current,v5_prediction,-1.0,scratch,physical,1,pools_minus_current,255.4645395956086,186.00817518297748,-3.2878712367273732,266.1923670569735,254.53546842590845,276.3030200567109,0.773109243697479,257.9142286685248
scratch__physical__d2__effect_features_minus_base,v5_prediction,3.0,scratch,physical,2,effect_features_minus_base,255.41744342007604,187.86519712389875,1.1787530632917087,266.2812925022871,254.54406261210957,275.64834161353946,0.8025210084033614,257.9150604886372
modis_pretrained__physical_modis__d1__transition_minus_current,v5_prediction,-3.0,modis_pretrained,physical_modis,1,transition_minus_current,255.67150370287655,188.19808904017438,-16.76888704316592,265.4090211301229,254.920117271427,274.5071439986234,0.7815126050420168,257.91803645182574
modis_pretrained__physical_modis__d2__pools_minus_base,shadow_point_prediction,1.75,modis_pretrained,physical_modis,2,pools_minus_base,255.9645469172936,184.65931957110877,1.6553586683022568,264.96276445566514,254.79476745368285,279.2380846753505,0.7983193277310925,257.9216564359838
modis_pretrained__physical_modis__d1__transition_minus_current,v5_prediction,-2.5,modis_pretrained,physical_modis,1,transition_minus_current,255.61103961424854,187.81386386009473,-15.271413334444148,265.6485214020824,254.82804624367998,274.81980505339567,0.7815126050420168,257.92466171856483
modis_pretrained__physical__d2__full_minus_current,shadow_point_prediction,-2.5,modis_pretrained,physical,2,full_minus_current,256.18572161181817,185.48581901321174,-17.627074897622894,263.9991192134026,255.33509389800105,276.19447504574794,0.7941176470588235,257.92641408376
scratch__physical_modis__d2__full_minus_current,shadow_point_prediction,1.75,scratch,physical_modis,2,full_minus_current,256.0678712374554,187.28187880411448,-12.318827387498235,264.7940970917288,254.81118239335137,280.1492171905544,0.7815126050420168,257.93525548999776
scratch__physical_modis__d2__full_minus_base,shadow_point_prediction,-1.0,scratch,physical_modis,2,full_minus_base,255.71929954393647,186.311385768475,-14.254308050252838,265.71490343166494,254.63150675845154,278.19325383209105,0.7899159663865546,257.9462523194973
scratch__physical_modis__d1__full_minus_base,shadow_point_prediction,2.25,scratch,physical_modis,1,full_minus_base,256.06114141271684,184.5328827452309,4.366581717626358,264.53758362439436,255.1366423972475,276.8760501132463,0.8067226890756303,257.9491272117689
modis_pretrained__physical_modis__d1__current_minus_base,shadow_point_prediction,1.75,modis_pretrained,physical_modis,1,current_minus_base,256.03488472439494,185.66944577554642,-12.80036565519484,264.45757622867853,255.27621509735926,274.97180347143365,0.7941176470588235,257.9508901937069
scratch__physical_modis__d1__current_minus_base,shadow_point_prediction,2.25,scratch,physical_modis,1,current_minus_base,256.4010527189754,184.78869111700035,10.408912379367983,263.6712444117533,255.3896180022367,278.14138391326924,0.8109243697478992,257.9657419629852
modis_pretrained__physical__d1__full_minus_current,shadow_point_prediction,1.0,modis_pretrained,physical,1,full_minus_current,255.74077780150682,186.48408339481614,11.04014599540351,265.49275845518537,254.89889301253146,275.6329175014175,0.7857142857142857,257.96830176768265
modis_pretrained__physical_modis__d1__transition_minus_current,v5_prediction,-2.25,modis_pretrained,physical_modis,1,transition_minus_current,255.62314673124493,187.6585319839971,-14.522676480083263,265.8026998893019,254.82443595429396,275.01601799631163,0.7815126050420168,257.9683573265214
scratch__physical__d1__transition_features_minus_base,shadow_point_prediction,1.75,scratch,physical,1,transition_features_minus_base,256.0945136057159,185.25511963004385,3.120793247590517,264.6596420921528,255.0312215615901,278.343791727733,0.8109243697478992,257.9699727162937
modis_pretrained__physical__d1__pools_minus_current,v5_prediction,-1.5,modis_pretrained,physical,1,pools_minus_current,255.44464768159398,187.51329219871764,-14.799129097568242,266.4091493446156,254.58385026524712,275.53692195643134,0.7773109243697479,257.97057374326266
modis_pretrained__physical_modis__d2__pools_minus_base,shadow_point_prediction,-1.25,modis_pretrained,physical_modis,2,pools_minus_base,255.6827170027766,185.03779690027716,-0.21881235630875756,265.6584973918955,254.86685581485506,275.2761081522592,0.7941176470588235,257.9726968030759
scratch__physical__d1__effect_features_minus_base,shadow_point_prediction,1.75,scratch,physical,1,effect_features_minus_base,255.82662359946585,185.55004637681978,5.165768303958279,265.3882026967557,254.85626136710576,277.11715497639824,0.8109243697478992,257.9744278156983
modis_pretrained__physical__d1__pools_minus_base,shadow_point_prediction,2.0,modis_pretrained,physical,1,pools_minus_base,255.93280349378668,185.5635858768979,-1.0854986563781017,265.0255377643617,255.049771526093,276.2915687352978,0.8109243697478992,257.985229069507
modis_pretrained__physical_modis__d1__transition_features_minus_base,shadow_point_prediction,-2.0,modis_pretrained,physical_modis,1,transition_features_minus_base,255.60328969972275,188.59764328136322,9.843577850933807,265.8359412741183,254.91465725075636,273.6645698918804,0.773109243697479,257.98929448108004
scratch__physical__d1__pools_minus_base,shadow_point_prediction,-1.75,scratch,physical,1,pools_minus_base,255.94706294338184,186.50279813608608,-5.97054819182491,265.3916561759221,254.6727928342549,280.1809801344952,0.7815126050420168,257.9896437242352
modis_pretrained__physical_modis__d2__full_minus_base,shadow_point_prediction,2.0,modis_pretrained,physical_modis,2,full_minus_base,255.5020624664261,185.64332994110683,9.259816651751985,266.13262883309966,254.83266338319734,273.31556352423434,0.7941176470588235,257.9923542872873
modis_pretrained__physical__d1__transition_minus_current,v5_prediction,-1.5,modis_pretrained,physical,1,transition_minus_current,255.47397721178916,187.7010655649848,-11.091495053273645,266.39506077190265,254.6371990712032,275.29754470195667,0.7773109243697479,257.99505356667106
modis_pretrained__physical_modis__d1__full_minus_base,shadow_point_prediction,-2.75,modis_pretrained,physical_modis,1,full_minus_base,256.03966178375833,185.10407288097204,1.217412044187525,265.07420685538693,254.82751100072423,279.71220596604627,0.7773109243697479,257.99526035590696
modis_pretrained__physical__d1__pools_minus_current,v5_prediction,-1.75,modis_pretrained,physical,1,pools_minus_current,255.48086030326667,187.96428855285995,-15.968309815357067,266.4118065308972,254.65179937215868,275.21708706329287,0.773109243697479,258.0063316273973
modis_pretrained__physical_modis__d2__full_minus_base,shadow_point_prediction,-1.25,modis_pretrained,physical_modis,2,full_minus_base,256.11487032176916,184.76929005727044,-4.873985521766347,264.9358109052072,254.87643936670383,280.03250137345583,0.7899159663865546,258.01049772886233
modis_pretrained__physical_modis__d1__transition_minus_current,shadow_point_prediction,1.25,modis_pretrained,physical_modis,1,transition_minus_current,255.89882960673052,184.7527631701863,4.305776509083591,265.40935387091355,254.86129440007454,277.88153790037313,0.7983193277310925,258.0170768711123
modis_pretrained__physical__d2__effect_features_minus_base,shadow_point_prediction,-1.5,modis_pretrained,physical,2,effect_features_minus_base,255.9218475167493,185.5695320224387,-0.27038749609978135,265.26972422383216,254.95614649135877,277.1677516261325,0.7899159663865546,258.01739143717236
scratch__physical__d1__current_minus_base,shadow_point_prediction,3.0,scratch,physical,1,current_minus_base,256.51145539959833,186.51880874942563,25.24942506378135,263.5665505703591,255.49129552143552,278.34571881318897,0.8025210084033614,258.02018922274783
modis_pretrained__physical__d1__pools_minus_current,v5_prediction,-1.25,modis_pretrained,physical,1,pools_minus_current,255.49299974137386,187.2353442288254,-13.629948379779417,266.4934828445311,254.60562172188202,275.88120172477716,0.7815126050420168,258.02127601229023
modis_pretrained__physical_modis__d2__current_minus_base,v5_prediction,1.25,modis_pretrained,physical_modis,2,current_minus_base,255.48223754189186,186.94019241760287,-9.722287102072535,266.3361497413929,254.7847259586119,273.65049171584286,0.7773109243697479,258.0213376959471
modis_pretrained__physical__d1__full_minus_current,shadow_point_prediction,-1.5,modis_pretrained,physical,1,full_minus_current,255.96125992269756,186.3750747821584,-15.15498839990735,265.06888938341723,255.1088822463554,275.98050844629336,0.7773109243697479,258.02507286879194
modis_pretrained__physical__d1__effect_features_minus_base,shadow_point_prediction,1.25,modis_pretrained,physical,1,effect_features_minus_base,255.9183743678544,185.01655524111217,-0.3953115868298234,265.34687177343216,254.9663965265837,277.019763193244,0.8067226890756303,258.03750425893116
modis_pretrained__physical_modis__d1__transition_minus_current,v5_prediction,-2.0,modis_pretrained,physical_modis,1,transition_minus_current,255.66347772537316,187.50837078692356,-13.773939625722376,265.9797793731148,254.84912646330588,275.23874596741365,0.7815126050420168,258.03896532179175
scratch__physical_modis__d1__full_minus_current,shadow_point_prediction,1.5,scratch,physical_modis,1,full_minus_current,255.94003328508123,185.92391458726078,-3.466128203881918,265.40156938371535,254.87942210222596,278.15560793246476,0.7857142857142857,258.040264514026
scratch__physical__d2__effect_features_minus_base,v5_prediction,0.75,scratch,physical,2,effect_features_minus_base,255.51454912472144,186.72228187889695,-5.543345327303545,266.5516755243749,254.59778140927864,276.22310258337586,0.7773109243697479,258.0446387957741
scratch__physical_modis__d2__effect_features_minus_base,v5_prediction,3.0,scratch,physical_modis,2,effect_features_minus_base,255.4193295558871,186.15569040671681,8.193788420085792,266.7783182615694,254.57105956875205,275.37032736407974,0.7857142857142857,258.0470092355239
modis_pretrained__physical_modis__d2__pools_minus_current,shadow_point_prediction,-2.25,modis_pretrained,physical_modis,2,pools_minus_current,255.61681962068474,186.94635885979213,-4.332372191406127,265.6903486969496,255.28003255370365,268.3973284783096,0.7899159663865546,258.05100512300567
scratch__physical__d1__full_minus_current,shadow_point_prediction,1.5,scratch,physical,1,full_minus_current,255.98712408891515,185.39694446212502,-1.9390091684015145,265.30545279142007,254.95458689802877,277.92339877346365,0.7815126050420168,258.0585719668198
scratch__physical__d2__pools_minus_current,shadow_point_prediction,1.25,scratch,physical,2,pools_minus_current,255.93262963869984,185.62820380312348,-13.907698261470381,265.5105260363299,254.8615747022354,278.2515010398019,0.7815126050420168,258.0593400039912
scratch__physical__d1__current_minus_base,v5_prediction,1.75,scratch,physical,1,current_minus_base,255.61887238454517,185.54582032531687,6.616899357957644,266.17702409624894,254.82956840671528,274.9019121859951,0.7941176470588235,258.0610843180136
modis_pretrained__physical__d1__transition_features_minus_base,shadow_point_prediction,1.5,modis_pretrained,physical,1,transition_features_minus_base,255.95738075344062,185.84031145451533,-4.381234977258383,265.31375825276075,255.0265443270673,276.83577289563743,0.7899159663865546,258.06376602167734
modis_pretrained__physical_modis__d2__effect_features_minus_base,shadow_point_prediction,-1.5,modis_pretrained,physical_modis,2,effect_features_minus_base,256.1735961207754,185.452193023363,-1.8757971022640245,264.74659111406584,255.18729749792038,277.64513677862595,0.7983193277310925,258.0702702133843
modis_pretrained__physical__d2__pools_minus_base,shadow_point_prediction,2.0,modis_pretrained,physical,2,pools_minus_base,256.0298458978645,185.9214694893332,-7.149178487746687,265.43330958004606,254.79303101741306,279.9285305239644,0.8025210084033614,258.07150809829704
scratch__physical_modis__d1__effect_features_minus_base,shadow_point_prediction,-2.5,scratch,physical_modis,1,effect_features_minus_base,255.98221206558105,186.35904394270506,-7.560246770955964,265.3277825511245,254.99613352167233,277.44306611803313,0.7857142857142857,258.07208505098976
modis_pretrained__physical__d1__pools_minus_current,shadow_point_prediction,0.75,modis_pretrained,physical,1,pools_minus_current,255.99048000551437,185.3398133167081,4.069634390645639,265.2802413788029,255.04432995762733,277.0333183363264,0.8067226890756303,258.07638283686475
modis_pretrained__physical_modis__d2__current_minus_base,v5_prediction,1.5,modis_pretrained,physical_modis,2,current_minus_base,255.5407382496577,187.16008486439222,-10.109935564319983,266.3384927976091,254.88574401146772,273.17033875405446,0.773109243697479,258.07642832709803
modis_pretrained__physical_modis__d1__pools_minus_current,shadow_point_prediction,1.25,modis_pretrained,physical_modis,1,pools_minus_current,255.7592837354361,185.8935084519798,8.816257405849035,265.94943039147813,254.86224455977373,276.26428920082134,0.7983193277310925,258.082560605531
scratch__physical_modis__d1__transition_minus_current,shadow_point_prediction,1.5,scratch,physical_modis,1,transition_minus_current,255.95935898233805,186.34406821786018,-1.6561390119771284,265.5864650118058,254.82911255465137,278.8565311687727,0.773109243697479,258.0835738827833
scratch__physical__d1__current_minus_base,v5_prediction,1.5,scratch,physical,1,current_minus_base,255.60834357089766,185.53374085135118,4.559621622415798,266.31233626353287,254.80829562885913,275.0161599834616,0.7941176470588235,258.0843297585468
scratch__physical__d2__transition_minus_current,shadow_point_prediction,-1.25,scratch,physical,2,transition_minus_current,256.283589732231,185.82913536166905,13.7652884422901,264.30721537326934,255.46534807565152,275.92834635607744,0.8151260504201681,258.0849357283457
modis_pretrained__physical_modis__d2__current_minus_base,v5_prediction,1.0,modis_pretrained,physical_modis,2,current_minus_base,255.54461837237196,186.85279230600847,-9.334638639825087,266.460201995096,254.80283869199866,274.25959519406024,0.7773109243697479,258.0880693579596
scratch__physical_modis__d1__current_minus_base,shadow_point_prediction,-1.5,scratch,physical_modis,1,current_minus_base,255.9190590805042,187.04881391592477,-6.0024545241133795,265.7398172982344,254.785499741225,278.8461298714782,0.773109243697479,258.09085880011696
modis_pretrained__physical_modis__d1__pools_minus_current,shadow_point_prediction,-2.0,modis_pretrained,physical_modis,1,pools_minus_current,256.3746673208197,187.18797198373827,-12.644572032432626,263.99779047637213,255.61811251831364,275.29933698316194,0.7941176470588235,258.0913094090813
scratch__physical__d2__transition_features_minus_base,shadow_point_prediction,-0.75,scratch,physical,2,transition_features_minus_base,255.95426991021034,185.68733294795518,-9.76737927872897,265.4220740708907,255.04612196551525,276.58826567546953,0.7773109243697479,258.09418396420665
scratch__physical__d1__full_minus_base,shadow_point_prediction,2.75,scratch,physical,1,full_minus_base,256.1804188828931,184.79861525615212,18.60679475115825,264.7121569463403,255.30476937968962,276.4679863137494,0.8109243697478992,258.094441022954
scratch__physical_modis__d2__transition_minus_current,shadow_point_prediction,-1.0,scratch,physical_modis,2,transition_minus_current,256.3526000865973,185.66072586433322,14.039300703368239,264.1650348468979,255.525882210244,276.09719942221193,0.8067226890756303,258.09902930758415
scratch__physical__d1__current_minus_base,v5_prediction,2.0,scratch,physical,1,current_minus_base,255.6987784749805,185.65213552263833,8.674177093499493,266.09392750714176,254.91703694576117,274.8962658695857,0.7941176470588235,258.102130350716
scratch__physical_modis__d1__transition_features_minus_base,shadow_point_prediction,1.75,scratch,physical_modis,1,transition_features_minus_base,256.1939101896317,185.5308593021622,5.632793668104792,264.9154485063418,255.11362438281208,278.6159279405177,0.8109243697478992,258.10422331710436
scratch__physical__d1__pools_minus_current,v5_prediction,-2.25,scratch,physical,1,pools_minus_current,255.74921026375387,186.87126873187535,2.332345705907532,266.16228131036456,254.77215811278296,277.10612330235284,0.7773109243697479,258.1082149876638
scratch__physical__d1__transition_minus_current,shadow_point_prediction,1.25,scratch,physical,1,transition_minus_current,256.0589013877067,185.56268751397562,-7.896652861636254,265.3882781901786,254.92746218228137,278.9722122367281,0.7815126050420168,258.10838578696837
modis_pretrained__physical__d1__pools_minus_current,v5_prediction,-2.0,modis_pretrained,physical,1,pools_minus_current,255.60160166402798,188.53830460638997,-17.137490533145893,266.50145180132114,254.80906024368585,274.92178236044873,0.7773109243697479,258.12842884326574
scratch__physical__d1__transition_minus_current,v5_prediction,-2.25,scratch,physical,1,transition_minus_current,255.40980460576858,186.52185083552976,7.4416963872124615,266.89836178425656,254.79615200889702,272.49047907199713,0.7941176470588235,258.12853075117266
scratch__physical__d1__transition_minus_current,v5_prediction,-2.0,scratch,physical,1,transition_minus_current,255.42507187928635,186.4568620741408,5.749947367429377,266.8880350247067,254.779960681423,272.922148523884,0.7899159663865546,258.1295348661756
scratch__physical_modis__d2__pools_minus_base,shadow_point_prediction,1.5,scratch,physical_modis,2,pools_minus_base,256.1742496376412,182.91149839683894,14.676509609910589,264.88331421600503,255.2898052597513,276.55859713533243,0.7983193277310925,258.13040468775966
scratch__physical__d2__full_minus_current,shadow_point_prediction,-1.25,scratch,physical,2,full_minus_current,255.9666768695246,186.17359151824485,0.4283963944400752,265.58775692923564,255.01878360971295,277.0269564973024,0.819327731092437,258.13497356949944
scratch__physical_modis__d2__current_minus_base,shadow_point_prediction,1.0,scratch,physical_modis,2,current_minus_base,256.26248279697467,184.96840741775563,22.73901802468397,264.6214637140088,255.39556712844086,276.456535302098,0.8067226890756303,258.1354991090998
modis_pretrained__physical_modis__d1__transition_minus_current,v5_prediction,-1.75,modis_pretrained,physical_modis,1,transition_minus_current,255.7320192432369,187.3669363105953,-13.02520277136149,266.17971414797603,254.90211900221965,275.48792465566805,0.7815126050420168,258.1364679091674
modis_pretrained__physical_modis__d1__full_minus_current,shadow_point_prediction,-1.75,modis_pretrained,physical_modis,1,full_minus_current,256.2016242584716,186.2199534016795,-12.38334395988952,264.91704831670756,255.27558684598978,277.03902024043816,0.7773109243697479,258.14897091991014
modis_pretrained__physical_modis__d2__current_minus_base,shadow_point_prediction,-0.75,modis_pretrained,physical_modis,2,current_minus_base,256.09356839138985,185.26147149388092,1.7250376240215093,265.43798506464316,254.9803944882718,278.83231680159406,0.7983193277310925,258.15137908392364
modis_pretrained__physical_modis__d1__full_minus_current,shadow_point_prediction,1.25,modis_pretrained,physical_modis,1,full_minus_current,255.86954546631497,186.99411709096,9.808832378113943,265.7985131008259,255.08650418770895,275.0889959932955,0.7857142857142857,258.1560270552912
modis_pretrained__physical__d1__pools_minus_current,v5_prediction,-1.0,modis_pretrained,physical,1,pools_minus_current,255.62586849595877,187.00301062079112,-12.460767661990593,266.6647244974787,254.7173678916576,276.24983497416247,0.7815126050420168,258.15845734526346
modis_pretrained__physical__d2__effect_features_minus_base,shadow_point_prediction,1.75,modis_pretrained,physical,2,effect_features_minus_base,255.96967749370995,184.34550053130556,1.5333185928879378,265.8158073155584,254.88061855850844,278.46760818130696,0.8067226890756303,258.15894521537166
scratch__physical_modis__d2__current_minus_base,shadow_point_prediction,-1.0,scratch,physical_modis,2,current_minus_base,256.1108812400208,187.37414265917738,-21.61483355012564,265.5462917435675,254.87260685588421,280.02688609473125,0.7899159663865546,258.16016526987335
modis_pretrained__physical_modis__d1__transition_features_minus_base,shadow_point_prediction,1.25,modis_pretrained,physical_modis,1,transition_features_minus_base,256.1294037403878,185.5015648339601,-5.238836271254985,265.23358259160966,255.16741023662163,277.3454221750751,0.8025210084033614,258.1649500772517
modis_pretrained__physical__d2__transition_minus_current,v5_prediction,-0.5,modis_pretrained,physical,2,transition_minus_current,255.6246012693704,186.80139411982665,-8.972361376472236,266.66304058069215,254.75614056005375,275.8095398359601,0.7773109243697479,258.1670959198717
scratch__physical__d1__transition_minus_current,v5_prediction,-2.5,scratch,physical,1,transition_minus_current,255.43499023715813,186.65633468877925,9.133445406995547,266.9479058848604,254.8517207277099,272.1038127626613,0.7983193277310925,258.16740177172164
scratch__physical_modis__d2__effect_features_minus_base,v5_prediction,0.75,scratch,physical_modis,2,effect_features_minus_base,255.5947833689103,186.25919265497862,-3.789586488105024,266.79167996793956,254.69609960781963,276.1108172095952,0.7773109243697479,258.16933657839496
scratch__physical__d1__transition_minus_current,v5_prediction,-1.75,scratch,physical,1,transition_minus_current,255.4807848054373,186.41425368348078,4.058198347646291,266.9169301580547,254.80313962447266,273.3986079518274,0.7857142857142857,258.17040984835046
scratch__physical__d1__current_minus_base,v5_prediction,1.25,scratch,physical,1,current_minus_base,255.66720060526376,185.63025078337284,2.502343886873949,266.499784473447,254.85317485713813,275.2388740251618,0.7857142857142857,258.17184013527816
modis_pretrained__physical_modis__d1__effect_features_minus_base,shadow_point_prediction,2.25,modis_pretrained,physical_modis,1,effect_features_minus_base,256.0538507227353,184.9337489902021,-3.866961269652171,265.47499033488504,255.10520958354306,277.12580252009695,0.7941176470588235,258.17197534097465
scratch__physical__d2__transition_features_minus_base,v5_prediction,1.0,scratch,physical,2,transition_features_minus_base,255.6708100303466,185.75917987302648,5.988583897175555,266.5776196230295,254.77048731198587,276.2078821254149,0.7899159663865546,258.1724317489271
modis_pretrained__physical_modis__d2__transition_minus_current,shadow_point_prediction,1.0,modis_pretrained,physical_modis,2,transition_minus_current,255.82199207131183,185.30625395490804,3.6621388278758538,266.37454825020683,254.6902575917157,278.72698605462887,0.7857142857142857,258.17719749613656
scratch__physical__d1__pools_minus_current,v5_prediction,-0.75,scratch,physical,1,pools_minus_current,255.70189149418565,186.26308882767785,-4.4119146252543535,266.53240336469247,254.77498867740127,276.5272864441741,0.7773109243697479,258.17779375761626
scratch__physical__d1__pools_minus_current,shadow_point_prediction,-2.75,scratch,physical,1,pools_minus_current,256.23194849461777,186.64869110586983,12.926569511075952,265.25939831408294,255.01943411993693,279.9172181678317,0.773109243697479,258.18568235581387
scratch__physical__d1__full_minus_base,shadow_point_prediction,-2.25,scratch,physical,1,full_minus_base,255.96066871261115,186.90925036908405,-14.20175527407645,265.9677423098573,254.877242890152,278.4028668887108,0.7857142857142857,258.1915806563079
scratch__physical__d1__current_minus_base,shadow_point_prediction,-1.25,scratch,physical,1,current_minus_base,256.06058548527153,186.31186947586738,-9.724296440430077,265.69518478883975,254.95419087618689,278.7319955210428,0.7815126050420168,258.1926366588924
modis_pretrained__physical_modis__d2__full_minus_current,shadow_point_prediction,1.0,modis_pretrained,physical_modis,2,full_minus_current,255.99856612250463,185.62441102704227,6.461548293505367,265.71732928434994,255.062043986969,276.93941983435707,0.7899159663865546,258.19412637908204
modis_pretrained__physical__d2__pools_minus_base,shadow_point_prediction,-0.75,modis_pretrained,physical,2,pools_minus_base,256.03434326526394,185.34494573119403,3.45381875916386,265.530960900977,255.1780995061533,276.0999173932956,0.7899159663865546,258.1944367344145
scratch__physical_modis__d2__effect_features_minus_base,shadow_point_prediction,-1.0,scratch,physical_modis,2,effect_features_minus_base,256.12636058945685,185.62356386762207,-4.763852166361197,265.4318240590524,255.1241892095443,277.7595745381201,0.7857142857142857,258.2021836118776
scratch__physical__d2__pools_minus_base,v5_prediction,1.5,scratch,physical,2,pools_minus_base,255.77650028987267,183.86600360745138,11.35498508869464,266.2315934145998,255.02555918090218,274.61081549792306,0.7857142857142857,258.2025382938118
modis_pretrained__physical_modis__d2__effect_features_minus_base,shadow_point_prediction,2.25,modis_pretrained,physical_modis,2,effect_features_minus_base,255.71247469192136,183.5476660528273,4.218926246593949,266.6746584280021,254.71073527175267,277.32292336555827,0.7899159663865546,258.20258577089936
scratch__physical_modis__d2__pools_minus_current,shadow_point_prediction,1.5,scratch,physical_modis,2,pools_minus_current,256.27118853428686,186.5544753836223,-18.58887907119662,265.20016546869255,255.07959951978063,279.7640071813863,0.7857142857142857,258.2055355142617
modis_pretrained__physical__d1__transition_minus_current,v5_prediction,-1.25,modis_pretrained,physical,1,transition_minus_current,255.67391932566676,187.5385654230184,-10.540253342867253,266.6537572532923,254.82289112993445,275.6662876748625,0.7773109243697479,258.2061217586401
scratch__physical__d1__current_minus_base,v5_prediction,2.25,scratch,physical,1,current_minus_base,255.84799683876818,185.83454933423306,10.731454829041342,266.06309541998445,255.07067718547376,274.9992277236882,0.7941176470588235,258.20744157074864
scratch__physical_modis__d1__pools_minus_base,shadow_point_prediction,1.5,scratch,physical_modis,1,pools_minus_base,255.934364307477,183.63045415640534,6.289701406862527,266.03529847812604,254.9430112094938,277.4476744797649,0.8109243697478992,258.21175957564344
scratch__physical__d1__transition_features_minus_base,shadow_point_prediction,-2.25,scratch,physical,1,transition_features_minus_base,255.90677434341876,187.46811573101584,-2.727666204549714,266.01508242152244,255.04346631006422,276.04602442569853,0.7815126050420168,258.2180243546061
scratch__physical__d2__current_minus_base,v5_prediction,0.75,scratch,physical,2,current_minus_base,255.7503757487417,185.5766131765579,10.4673444481794,266.4210031964172,254.96069705631135,275.04296914346304,0.7941176470588235,258.22061293755297
scratch__physical__d2__transition_features_minus_base,v5_prediction,1.25,scratch,physical,2,transition_features_minus_base,255.7493689421633,185.71463938977445,9.431741069178267,266.5805556833852,254.86464743760843,276.1190869931063,0.7857142857142857,258.2359852513301
modis_pretrained__physical__d1__full_minus_base,shadow_point_prediction,-1.5,modis_pretrained,physical,1,full_minus_base,256.307208409705,184.8386614565968,-6.904210922931451,265.11028567138493,255.22007269231784,278.8018363605421,0.7899159663865546,258.2361937957782
scratch__physical_modis__d2__transition_features_minus_base,shadow_point_prediction,-1.25,scratch,physical_modis,2,transition_features_minus_base,256.3509887353675,185.946237399918,-10.3125544143655,264.84596960685997,255.40509647626953,277.4065991419507,0.7857142857142857,258.23826088846613
scratch__physical__d1__transition_minus_current,v5_prediction,-2.75,scratch,physical,1,transition_minus_current,255.5006168106823,186.82400022644515,10.82519442677863,267.0366454981905,254.94665704957606,271.76234168877374,0.7941176470588235,258.2461340422828
scratch__physical__d2__pools_minus_base,v5_prediction,0.5,scratch,physical,2,pools_minus_base,255.72387929892523,185.5691411810627,-1.4043681643253145,266.69931068919004,254.85239883049172,275.9464087393562,0.7815126050420168,258.24986702938304
scratch__physical__d1__transition_minus_current,v5_prediction,-1.5,scratch,physical,1,transition_minus_current,255.57691693411513,186.39603477749495,2.3664493278632075,266.9850344496339,254.86566486035477,273.9196236310908,0.7857142857142857,258.25113329455473
modis_pretrained__physical__d1__transition_minus_current,shadow_point_prediction,1.25,modis_pretrained,physical,1,transition_minus_current,256.22025036709795,184.63808488415626,3.318300789311124,265.4545873368619,255.11123006563278,278.9246085025145,0.8025210084033614,258.25157953417266
modis_pretrained__physical_modis__d2__current_minus_base,v5_prediction,1.75,modis_pretrained,physical_modis,2,current_minus_base,255.7200375339924,187.49163451270647,-10.497584026567433,266.4672278295487,255.10576208589063,272.8198171542101,0.773109243697479,258.253266245856
scratch__physical_modis__d1__transition_features_minus_base,shadow_point_prediction,-3.0,scratch,physical_modis,1,transition_features_minus_base,255.94052559010285,186.42584396836682,-8.130538786993336,266.18905872209547,254.9617236479388,277.3240158786153,0.7815126050420168,258.25795838756
modis_pretrained__physical_modis__d1__transition_minus_current,v5_prediction,-1.5,modis_pretrained,physical_modis,1,transition_minus_current,255.8287486103865,187.31494037322918,-12.276465917000605,266.4024527552713,254.98340537387085,275.76348235882364,0.7857142857142857,258.2608388374788
scratch__physical_modis__d1__full_minus_base,shadow_point_prediction,2.5,scratch,physical_modis,1,full_minus_base,256.4104874880705,184.7582171130631,4.789302770998269,264.7795387390306,255.49049063870643,277.1918105769723,0.8067226890756303,258.2727510884695
scratch__physical__d2__transition_features_minus_base,v5_prediction,0.75,scratch,physical,2,transition_features_minus_base,255.75678059239297,186.00218059042882,2.5454267251728413,266.7399665584056,254.84355194116816,276.43741340674563,0.7899159663865546,258.27426992108997
modis_pretrained__physical_modis__d2__current_minus_base,v5_prediction,0.75,modis_pretrained,physical_modis,2,current_minus_base,255.72779227958145,186.84404330736615,-8.94699017757764,266.71047319198993,254.94005369785347,274.9967923341407,0.7773109243697479,258.27652786225156
modis_pretrained__physical_modis__d1__current_minus_base,shadow_point_prediction,-1.25,modis_pretrained,physical_modis,1,current_minus_base,256.03703707174367,187.280460830086,10.106705017617742,265.9030851338734,255.179266988033,276.1198030825937,0.7773109243697479,258.28910656634844
scratch__physical__d2__transition_minus_current,shadow_point_prediction,1.25,scratch,physical,2,transition_minus_current,256.17668840905014,187.58697929213514,-12.641103967731768,265.9136158328489,254.91924751422152,280.2702421891969,0.7773109243697479,258.29656004129265
modis_pretrained__physical__d2__full_minus_base,v5_prediction,0.5,modis_pretrained,physical,2,full_minus_base,255.67368816456238,187.16124875072322,-3.81245194379658,267.0581813828142,254.78405825875043,276.09411402760145,0.7773109243697479,258.29740399267234
scratch__physical_modis__d1__effect_features_minus_base,shadow_point_prediction,2.5,scratch,physical_modis,1,effect_features_minus_base,256.2230045768652,184.95067893296473,8.684431245514295,265.6603939620577,255.08873764964136,279.1711793594992,0.8067226890756303,258.29878519135735
scratch__physical__d2__full_minus_base,v5_prediction,0.75,scratch,physical,2,full_minus_base,255.92005906796422,185.82977662550934,10.547561953882857,266.27154964822876,255.09913921686353,275.58098005614295,0.773109243697479,258.30270175025515
modis_pretrained__physical_modis__d1__full_minus_base,shadow_point_prediction,-3.0,modis_pretrained,physical_modis,1,full_minus_base,256.37314048343814,185.4969505398481,1.276986572088285,265.3308408349613,255.13878463035266,280.26621463597087,0.7773109243697479,258.30397660804755
scratch__physical__d2__current_minus_base,v5_prediction,1.0,scratch,physical,2,current_minus_base,255.92154194315793,185.43897062385375,16.5511408611843,266.2894219384734,255.16045864670508,274.8829324714223,0.7941176470588235,258.3232411178736
scratch__physical__d1__current_minus_base,v5_prediction,1.0,scratch,physical,1,current_minus_base,255.7953955918064,185.81593187204746,0.4450661513321007,266.73925881184647,254.96409488422216,275.569791325694,0.7857142857142857,258.32353621992036
scratch__physical__d1__pools_minus_base,shadow_point_prediction,1.25,scratch,physical,1,pools_minus_base,256.16573644389626,184.64541997577467,5.228263972353505,265.71753789313055,255.24812003248644,276.91103183411457,0.8067226890756303,258.32428270335237
modis_pretrained__physical__d1__pools_minus_base,shadow_point_prediction,2.25,modis_pretrained,physical,1,pools_minus_base,256.28354123170834,185.9059395614595,-1.29144751808526,265.33182763948565,255.41614730048997,276.48378134988377,0.8109243697478992,258.3287643508481
modis_pretrained__physical__d1__transition_features_minus_base,shadow_point_prediction,-1.5,modis_pretrained,physical,1,transition_features_minus_base,256.1362801223082,188.231527010957,5.5054194518167145,265.6580550697362,255.3945279224584,274.8734678874096,0.7773109243697479,258.33128580920277
modis_pretrained__physical_modis__d2__full_minus_current,shadow_point_prediction,-3.0,modis_pretrained,physical_modis,2,full_minus_current,256.70728347601045,186.26391844719524,-17.13627593139944,263.9817333028327,255.94953360872339,275.65906518889454,0.7941176470588235,258.3364584658942
modis_pretrained__physical__d1__pools_minus_current,v5_prediction,-2.25,modis_pretrained,physical,1,pools_minus_current,255.80675207064255,189.13589893264117,-18.306671250934716,266.67799743133804,255.05507380329738,274.651086972453,0.773109243697479,258.33664384398014
modis_pretrained__physical_modis__d2__transition_minus_current,shadow_point_prediction,-2.75,modis_pretrained,physical_modis,2,transition_minus_current,257.3669736639125,187.84778910785838,-7.963035886861726,261.82196398635926,256.8881572183914,272.57999630308836,0.7857142857142857,258.36101713314395
scratch__physical__d1__effect_features_minus_base,shadow_point_prediction,2.0,scratch,physical,1,effect_features_minus_base,256.21042626370087,185.89535868136667,5.8234363134838665,265.80031007737193,255.23567305021993,277.5635419325946,0.8067226890756303,258.36420891374837
scratch__physical__d1__transition_minus_current,v5_prediction,-3.0,scratch,physical,1,transition_minus_current,255.60665317691357,187.03916711748252,12.516943446561715,267.1645415674801,255.08093425814218,271.46623640049904,0.7857142857142857,258.36469554486234
modis_pretrained__physical__d2__full_minus_base,v5_prediction,2.75,modis_pretrained,physical,2,full_minus_base,255.46867076214187,190.08214067563003,14.059715867877653,267.74238787530635,254.7814251908065,273.50753313445347,0.7605042016806722,258.36528864759913
modis_pretrained__physical__d2__pools_minus_current,shadow_point_prediction,-2.75,modis_pretrained,physical,2,pools_minus_current,256.0767150278907,188.96919121604077,13.000766294510395,265.62361512282985,255.68873461410348,269.7796881274077,0.7815126050420168,258.3664449481787
scratch__physical__d1__transition_minus_current,v5_prediction,-1.25,scratch,physical,1,transition_minus_current,255.71342268010662,186.44853889129317,0.6747003080801252,267.0923179063114,254.96749563951556,274.48494183743003,0.7815126050420168,258.37166472651006
scratch__physical_modis__d1__transition_minus_current,v5_prediction,-2.25,scratch,physical_modis,1,transition_minus_current,255.84009629777296,185.3538675081294,-4.456697916950852,266.6797410579521,255.13463852393772,274.12071497257125,0.7899159663865546,258.3736430443589
modis_pretrained__physical__d2__transition_features_minus_base,shadow_point_prediction,2.0,modis_pretrained,physical,2,transition_features_minus_base,256.10305770373697,185.0831669014963,6.650396260060151,266.2795890317212,255.01395429704525,278.60758222892804,0.8067226890756303,258.3749146840601
scratch__physical__d1__current_minus_base,v5_prediction,2.5,scratch,physical,1,current_minus_base,256.06640630427484,186.08104977401317,12.78873256458319,266.08454600295426,255.29039727121943,275.21067585082085,0.7983193277310925,258.37693897068084
scratch__physical_modis__d1__pools_minus_base,shadow_point_prediction,-1.75,scratch,physical_modis,1,pools_minus_base,256.4542630256326,187.6264660474123,-6.120118460568088,265.3476498573528,255.25561115284188,280.0217573813038,0.7857142857142857,258.377946765365
scratch__physical_modis__d1__transition_minus_current,v5_prediction,-2.0,scratch,physical_modis,1,transition_minus_current,255.8395866049184,185.44283297771625,-4.826403125160234,266.7358995637014,255.11264392409726,274.3852406415167,0.7899159663865546,258.38192917440887
modis_pretrained__physical__d1__pools_minus_current,v5_prediction,-0.75,modis_pretrained,physical,1,pools_minus_current,255.84312226748713,186.8552535086152,-11.29158694420177,266.92270703828336,254.9191853615664,276.6427243497632,0.7857142857142857,258.382034233706
scratch__physical__d2__current_minus_base,v5_prediction,0.5,scratch,physical,2,current_minus_base,255.87328590060258,186.00258128261137,4.383548035174504,266.7863949532357,255.04538434884012,275.6121137904391,0.7857142857142857,258.39458777582024
scratch__physical_modis__d1__transition_minus_current,v5_prediction,-2.5,scratch,physical_modis,1,transition_minus_current,255.87298587963406,185.30504544600782,-4.086992708741471,266.65227994445337,255.18806167835197,273.8973663101396,0.7899159663865546,258.3965783455184
modis_pretrained__physical_modis__d2__transition_features_minus_base,shadow_point_prediction,1.75,modis_pretrained,physical_modis,2,transition_features_minus_base,255.67488037410686,185.34451501596845,3.273634535091233,267.4852742406043,254.7937842899095,276.00161165484576,0.7857142857142857,258.4072048196819
modis_pretrained__physical_modis__d1__transition_minus_current,v5_prediction,-1.25,modis_pretrained,physical_modis,1,transition_minus_current,255.95363386877608,187.29331483459816,-11.52772906263972,266.64793804893714,255.09296795022948,276.0653400853666,0.7815126050420168,258.4120434341797
scratch__physical__d2__full_minus_base,v5_prediction,1.0,scratch,physical,2,full_minus_base,256.0870229766995,185.60561623070706,16.65809753545557,266.1924011877268,255.30689162394916,275.28073517960206,0.7815126050420168,258.41833469126874
scratch__physical_modis__d1__transition_minus_current,v5_prediction,-1.75,scratch,physical_modis,1,transition_minus_current,255.8714569945714,185.59645841587408,-5.196108333369617,266.8207373416411,255.12206099214876,274.69082435734725,0.7899159663865546,258.42142808073316
modis_pretrained__physical__d2__pools_minus_current,v5_prediction,-1.0,modis_pretrained,physical,2,pools_minus_current,255.7401158289414,187.20959248342422,-3.2608905882057573,267.14093690959993,255.06736691276433,273.605036140303,0.7773109243697479,258.42213387006177
scratch__physical_modis__d2__full_minus_current,shadow_point_prediction,-1.25,scratch,physical_modis,2,full_minus_current,256.38295240740007,185.80875700210555,9.762749112120167,265.52667743449337,255.4026681825851,277.8012255100455,0.819327731092437,258.42381260796964
scratch__physical_modis__d1__pools_minus_current,shadow_point_prediction,1.5,scratch,physical_modis,1,pools_minus_current,255.98702059341005,184.86671793117787,-0.27484535453001874,266.76923652981316,254.97602098629392,277.70449287262915,0.7899159663865546,258.42982467573177
modis_pretrained__physical__d1__transition_minus_current,v5_prediction,-1.0,modis_pretrained,physical,1,transition_minus_current,255.895609209222,187.46370204709146,-9.989011632460862,266.93032680044035,255.02949812400848,276.06560753557073,0.7773109243697479,258.4377608357232
scratch__physical__d1__pools_minus_current,v5_prediction,-2.5,scratch,physical,1,pools_minus_current,256.09997246648976,187.50219722410637,3.4563890944345124,266.4903361127369,255.1057623455078,277.65007239159456,0.7773109243697479,258.44901084780605
scratch__physical_modis__d1__transition_minus_current,v5_prediction,-2.75,scratch,physical_modis,1,transition_minus_current,255.9382428674788,185.30384497017275,-3.7172875005320893,266.6535250893437,255.2729184469336,273.71529545418997,0.7941176470588235,258.45073231780873
scratch__physical__d2__full_minus_base,v5_prediction,0.5,scratch,physical,2,full_minus_base,256.0166736131769,186.30468959195875,4.43702637231014,266.6358209914319,255.1561233068515,276.12967586655765,0.773109243697479,258.4563228811593
modis_pretrained__physical__d2__pools_minus_base,v5_prediction,1.0,modis_pretrained,physical,2,pools_minus_base,256.04621412974296,187.36613493378547,-11.639680153348218,266.82204152525026,254.9112694415531,278.9925584824264,0.7857142857142857,258.4564348065723
scratch__physical__d1__transition_features_minus_base,shadow_point_prediction,2.0,scratch,physical,1,transition_features_minus_base,256.6175829459249,185.68148548225705,3.4863219633492815,265.0492989691364,255.54224568359257,279.0101929307432,0.8067226890756303,258.4566776361447
modis_pretrained__physical_modis__d1__transition_minus_current,shadow_point_prediction,1.5,modis_pretrained,physical_modis,1,transition_minus_current,256.34000124838565,185.06511891818937,5.054513363444475,265.86022147304095,255.29104901979474,278.4573290490766,0.7983193277310925,258.45781824740175
modis_pretrained__physical__d2__current_minus_base,v5_prediction,0.25,modis_pretrained,physical,2,current_minus_base,255.8977399442629,186.76486234211274,-7.617165080806142,267.0714161573839,254.97778941205252,276.65681649180397,0.7773109243697479,258.46117136449055
scratch__physical_modis__d2__full_minus_base,shadow_point_prediction,1.75,scratch,physical_modis,2,full_minus_base,256.5369629266861,184.74372701383695,26.490792740460172,264.99398332390473,255.78560601005705,275.40542012018045,0.7815126050420168,258.4633787968335
scratch__physical__d2__transition_features_minus_base,v5_prediction,1.5,scratch,physical,2,transition_features_minus_base,255.99230585548662,185.92823422435728,12.87489824118098,266.7487692817437,255.12575620267933,276.17116375919966,0.7899159663865546,258.46478429884905
scratch__physical_modis__d2__transition_minus_current,shadow_point_prediction,1.5,scratch,physical_modis,2,transition_minus_current,256.2538393460687,189.34995502666914,-19.65372046185444,266.4362788627059,254.92105269118701,281.02252917083933,0.773109243697479,258.46625256150753
scratch__physical_modis__d1__pools_minus_current,shadow_point_prediction,-2.5,scratch,physical_modis,1,pools_minus_current,256.97168314805475,186.80250933870875,1.9569882236278069,264.00250237636726,255.92529232843128,279.09187788934713,0.7899159663865546,258.46779025022704
scratch__physical__d2__effect_features_minus_base,v5_prediction,0.5,scratch,physical,2,effect_features_minus_base,255.9294543082219,186.92173651502998,-6.290245148480795,267.0195154292121,255.00680303769974,276.7189191712332,0.7815126050420168,258.4713067708389
scratch__physical_modis__d1__effect_features_minus_base,shadow_point_prediction,-2.75,scratch,physical_modis,1,effect_features_minus_base,256.38733586124096,186.82393411019785,-8.372480671779478,265.73001439787356,255.3913301226642,277.9686304085963,0.7857142857142857,258.4740040607549
scratch__physical__d2__full_minus_base,shadow_point_prediction,1.5,scratch,physical,2,full_minus_base,256.69348709764057,184.36595231267577,37.22530572671547,264.7230034764345,255.79168885766146,277.2895545585136,0.7941176470588235,258.47541663234426
modis_pretrained__physical__d1__effect_features_minus_base,shadow_point_prediction,1.5,modis_pretrained,physical,1,effect_features_minus_base,256.35648044181613,185.44140889080668,-0.5867923516516212,265.79022346085264,255.40991605734894,277.41945590018105,0.8067226890756303,258.47827510045846
scratch__physical_modis__d1__full_minus_current,shadow_point_prediction,1.75,scratch,physical_modis,1,full_minus_current,256.39469027049284,186.56557477079235,-4.137498277408765,265.8332417212541,255.31136926192022,278.85583622350924,0.7857142857142857,258.48349788104
modis_pretrained__physical__d2__pools_minus_current,v5_prediction,-0.75,modis_pretrained,physical,2,pools_minus_current,255.82928167045972,187.02949345100396,-4.391679138863142,267.20712123587197,255.0914211242433,274.5076058379647,0.7815126050420168,258.4892764252587
scratch__physical__d2__transition_features_minus_base,shadow_point_prediction,2.0,scratch,physical,2,transition_features_minus_base,256.44012521087615,185.24803794093913,28.107349613300862,265.6761537778166,255.4105678832725,278.366604817249,0.7941176470588235,258.4917430207104
scratch__physical_modis__d1__transition_minus_current,v5_prediction,-1.5,scratch,physical_modis,1,transition_minus_current,255.9356953703441,185.7665235442559,-5.5658135415790015,266.93422704699447,255.1628610895578,275.0373292659043,0.7899159663865546,258.4921197193101
modis_pretrained__physical__d2__pools_minus_base,v5_prediction,0.75,modis_pretrained,physical,2,pools_minus_base,256.04501003715063,187.20660024678253,-10.675771312719988,266.92158364997795,254.95889844133632,278.51749072748345,0.7815126050420168,258.49262554140387
scratch__physical_modis__d1__current_minus_base,shadow_point_prediction,2.5,scratch,physical_modis,1,current_minus_base,257.02324984399945,185.2066407006557,11.503003506266742,263.9549985251505,255.98822639762517,279.03120593954117,0.8109243697478992,258.49743115269365
modis_pretrained__physical__d1__current_minus_base,v5_prediction,1.0,modis_pretrained,physical,1,current_minus_base,255.95737051599926,186.69079670068507,-13.284563108819228,266.97837065587515,255.097907728981,276.05579392393963,0.7815126050420168,258.49775485421367
modis_pretrained__physical__d1__current_minus_base,v5_prediction,1.25,modis_pretrained,physical,1,current_minus_base,255.95692531327512,186.79588098952755,-14.65969268831521,266.94341141632003,255.13646432609875,275.6140664074665,0.7857142857142857,258.49843159224224
scratch__physical__d1__full_minus_base,shadow_point_prediction,3.0,scratch,physical,1,full_minus_base,256.60330334004806,185.17272651182992,20.247222252419984,265.05411656002326,255.73501997165783,276.8266023001728,0.8067226890756303,258.4989358029443
scratch__physical__d1__full_minus_current,shadow_point_prediction,1.75,scratch,physical,1,full_minus_current,256.443946575502,185.95832060133847,-2.355859402681628,265.71618640757686,255.39826492565777,278.5331737904552,0.7857142857142857,258.50058612105965
modis_pretrained__physical__d2__pools_minus_current,v5_prediction,-1.25,modis_pretrained,physical,2,pools_minus_current,255.80174257124426,187.7071056889873,-2.130102037548373,267.2098396862231,255.1930179981025,272.82977131341653,0.773109243697479,258.5015857067035
scratch__physical_modis__d1__transition_minus_current,shadow_point_prediction,1.75,scratch,physical_modis,1,transition_minus_current,256.37978220156646,186.88470038550153,-2.025844220186511,266.03470830922623,255.2205841006573,279.57312345576275,0.773109243697479,258.5037142032541
modis_pretrained__physical_modis__d2__current_minus_base,shadow_point_prediction,2.75,modis_pretrained,physical_modis,2,current_minus_base,256.14912632982754,186.6051951369684,-3.702040847442762,266.1555111200514,255.58330141005428,272.59949839619907,0.7689075630252101,258.5092662974402
modis_pretrained__physical_modis__d1__effect_features_minus_base,shadow_point_prediction,2.5,modis_pretrained,physical_modis,1,effect_features_minus_base,256.39894159382965,185.21549810572768,-4.359078325977875,265.8314615350366,255.45435945705358,277.44270829962267,0.7941176470588235,258.52092604493737
scratch__physical__d1__pools_minus_current,shadow_point_prediction,1.0,scratch,physical,1,pools_minus_current,256.2827860844906,185.27817221768493,-3.9340813168287565,266.2094289829222,255.31380580123886,277.5787336141933,0.7983193277310925,258.52220173828556
scratch__physical__d2__pools_minus_current,shadow_point_prediction,-1.0,scratch,physical,2,pools_minus_current,256.5834474225967,187.22254063498204,12.137924636278802,265.36813447855724,255.56159512522424,278.43814618335807,0.8025210084033614,258.52415611224376
scratch__physical__d2__full_minus_current,shadow_point_prediction,1.5,scratch,physical,2,full_minus_current,256.71714072524554,186.88515658347157,0.7225272486860762,265.1574528884867,255.51352220936582,280.34355060865414,0.773109243697479,258.52631413708593
scratch__physical__d1__transition_minus_current,v5_prediction,-1.0,scratch,physical,1,transition_minus_current,255.89023743098136,186.53958371796102,-1.017048711702959,267.2387333424584,255.1085745577408,275.09428944617093,0.7815126050420168,258.5319456905405
modis_pretrained__physical_modis__d2__full_minus_current,v5_prediction,-1.25,modis_pretrained,physical_modis,2,full_minus_current,256.18534157532844,186.78484307583503,-15.158364861118047,266.49540688742235,255.27822090739625,276.8179323358789,0.7815126050420168,258.53607773636884
scratch__physical_modis__d1__transition_minus_current,v5_prediction,-3.0,scratch,physical_modis,1,transition_minus_current,256.0358425124366,185.4512629462201,-3.347582292322707,266.68347609053455,255.38920200965782,273.5745848190301,0.8025210084033614,258.5360907812664
scratch__physical__d1__current_minus_base,v5_prediction,0.75,scratch,physical,1,current_minus_base,255.99282436226156,186.08363544128338,-1.6122115842097497,267.0306193069243,255.1408777932123,276.00852269810764,0.7815126050420168,258.5392864561649
scratch__physical__d2__transition_features_minus_base,v5_prediction,0.5,scratch,physical,2,transition_features_minus_base,256.00711487486103,186.4242435885686,-0.8977304468298711,267.06729506916173,255.08377012426683,276.80733073804487,0.7773109243697479,258.5413237357876
scratch__physical__d1__pools_minus_current,v5_prediction,-0.5,scratch,physical,1,pools_minus_current,256.0369652639323,186.63266125657697,-5.535958013781334,266.9831117808293,255.10979157161478,276.87953722587923,0.7815126050420168,258.5417084700772
modis_pretrained__physical_modis__d2__current_minus_base,v5_prediction,2.0,modis_pretrained,physical_modis,2,current_minus_base,256.01988159717376,187.9620790030346,-10.88523248881488,266.72217182577316,255.44449092121255,272.59942697569613,0.7689075630252101,258.5516064853333
scratch__physical_modis__d2__pools_minus_base,shadow_point_prediction,-1.0,scratch,physical_modis,2,pools_minus_base,256.35912040877486,186.74135183995278,-8.847519344475117,266.2288706506781,255.26065588397017,278.9671143804662,0.773109243697479,258.5519418380495
modis_pretrained__physical__d2__transition_features_minus_base,shadow_point_prediction,-1.0,modis_pretrained,physical,2,transition_features_minus_base,256.4505489939127,185.908254261021,-2.482059774111328,265.700828260955,255.6101362705436,276.35482993020895,0.7815126050420168,258.553015629831
scratch__physical__d2__effect_features_minus_base,shadow_point_prediction,-1.0,scratch,physical,2,effect_features_minus_base,256.4460496203047,185.62704301659943,-2.425507047429835,265.8693683726291,255.46225899799222,277.90352887076233,0.7773109243697479,258.55593165280766
scratch__physical_modis__d1__transition_features_minus_base,shadow_point_prediction,2.0,scratch,physical_modis,1,transition_features_minus_base,256.67924527443336,185.95096147576558,6.357179586794167,265.2980314105974,255.57743637484947,279.33472937536834,0.8109243697478992,258.55848958357836
scratch__physical_modis__d2__effect_features_minus_base,v5_prediction,0.5,scratch,physical_modis,2,effect_features_minus_base,255.9887583175291,186.61810148761379,-5.1210725890151165,267.18782456373754,255.07905822488158,276.64102566892046,0.7815126050420168,258.56109985591934
modis_pretrained__physical_modis__d2__pools_minus_base,shadow_point_prediction,2.0,modis_pretrained,physical_modis,2,pools_minus_base,256.6133318118696,185.10309192868073,1.8115395870198414,265.59974304089104,255.42056802768957,280.13363121299847,0.8067226890756303,258.56174367307995
scratch__physical_modis__d2__pools_minus_current,shadow_point_prediction,-1.0,scratch,physical_modis,2,pools_minus_current,256.52837521852115,186.4621483131316,13.329406442929688,265.6009495391896,255.59897351627416,277.4157567274024,0.8025210084033614,258.5641683731265
modis_pretrained__physical__d1__current_minus_base,shadow_point_prediction,2.75,modis_pretrained,physical,1,current_minus_base,256.2210699588437,188.66969745237265,-14.564333137176646,266.06768607263746,255.76234122118706,271.08753302787574,0.7773109243697479,258.568041802878
modis_pretrained__physical__d2__current_minus_base,shadow_point_prediction,-0.5,modis_pretrained,physical,2,current_minus_base,256.5025746244154,185.6405264174455,0.22833281722085938,265.7624737528247,255.50519390539262,278.1031291279192,0.8025210084033614,258.568204226762
scratch__physical_modis__d2__transition_features_minus_base,shadow_point_prediction,2.0,scratch,physical_modis,2,transition_features_minus_base,256.21802416815586,185.54389965307928,17.96152687991063,266.533385876947,255.30938773619079,276.8684332253835,0.7899159663865546,258.5697054873624
modis_pretrained__physical_modis__d2__full_minus_current,v5_prediction,-1.0,modis_pretrained,physical_modis,2,full_minus_current,256.1766131469296,186.75860897072647,-13.683500847061497,266.6919831718828,255.25686778885415,276.9453110260948,0.7857142857142857,258.575519313649
modis_pretrained__physical_modis__d2__full_minus_current,v5_prediction,-1.5,modis_pretrained,physical_modis,2,full_minus_current,256.27987529540627,186.90795891581865,-16.6332288751746,266.37283672257377,255.3887635355323,276.74184156238755,0.773109243697479,258.58033771222966
modis_pretrained__physical__d2__pools_minus_base,v5_prediction,1.25,modis_pretrained,physical,2,pools_minus_base,256.2072028832347,187.6874228907163,-12.60358899397645,266.8887264453651,255.02467663516046,279.6121758244404,0.7857142857142857,258.5819522117487
modis_pretrained__physical_modis__d2__current_minus_base,v5_prediction,0.5,modis_pretrained,physical_modis,2,current_minus_base,256.0315000048515,186.90829183859222,-8.559341715330191,267.0866085152026,255.1961834101573,275.8610562049176,0.7773109243697479,258.58644798376577
modis_pretrained__physical_modis__d1__transition_minus_current,v5_prediction,-1.0,modis_pretrained,physical_modis,1,transition_minus_current,256.10663382944375,187.29475610157002,-10.778992208278835,266.9161072679465,255.2307796859983,276.3934116661225,0.7815126050420168,258.59003865320807
modis_pretrained__physical__d2__full_minus_current,shadow_point_prediction,1.0,modis_pretrained,physical,2,full_minus_current,256.4033277897348,186.29913889875493,7.837759091239988,266.10069315216555,255.45672644993738,277.4687098483517,0.7983193277310925,258.59101879539315
modis_pretrained__physical__d1__current_minus_base,shadow_point_prediction,-1.0,modis_pretrained,physical,1,current_minus_base,256.4726373254343,186.50390976262014,6.062610555263098,265.8797880909553,255.54095143288777,277.38210152710775,0.7899159663865546,258.5915035436779
scratch__physical_modis__d1__transition_minus_current,v5_prediction,-1.25,scratch,physical_modis,1,transition_minus_current,256.0322773689009,185.96944751069708,-5.9355187497883835,267.0763321542647,255.2350039233708,275.42460092139635,0.7857142857142857,258.5939727038593
modis_pretrained__physical__d1__current_minus_base,v5_prediction,0.75,modis_pretrained,physical,1,current_minus_base,256.06195482327206,186.68412196459357,-11.909433529323245,267.12317213747133,255.17110912249166,276.5119098833079,0.7815126050420168,258.6045477266268
scratch__physical__d1__full_minus_base,shadow_point_prediction,-2.5,scratch,physical,1,full_minus_base,256.36196653305757,187.50068525154882,-15.842182775338186,266.4331623710813,255.26540491190897,278.9514966084231,0.7857142857142857,258.60562508727634
scratch__physical__d1__transition_minus_current,shadow_point_prediction,1.5,scratch,physical,1,transition_minus_current,256.5681933895613,186.09163193936956,-9.588401881419339,265.884100200536,255.40402737324712,279.81756174885476,0.7815126050420168,258.60612858822645
modis_pretrained__physical__d1__current_minus_base,v5_prediction,1.5,modis_pretrained,physical,1,current_minus_base,256.0606197582876,187.08914638032437,-16.034822267811194,267.0183375619277,255.28612211633714,275.1867966225179,0.773109243697479,258.60642479871
scratch__physical__d1__current_minus_base,v5_prediction,2.75,scratch,physical,1,current_minus_base,256.35383002234244,186.3830819241362,14.84601030012504,266.1582666151469,255.57603796061687,275.5303604867599,0.7941176470588235,258.6104911551122
modis_pretrained__physical_modis__d2__full_minus_base,shadow_point_prediction,2.25,modis_pretrained,physical_modis,2,full_minus_base,256.07305223346617,186.11732598974794,10.347032203561087,266.88594166804114,255.43275750947754,273.5301184018271,0.7941176470588235,258.61620091111274
modis_pretrained__physical_modis__d2__pools_minus_base,shadow_point_prediction,-1.5,modis_pretrained,physical_modis,2,pools_minus_base,256.2853324743595,185.75185809515952,-0.3749932750263422,266.4093141014544,255.50231182368833,275.52081062464055,0.7941176470588235,258.62057271846544
scratch__physical_modis__d1__full_minus_base,shadow_point_prediction,2.75,scratch,physical_modis,1,full_minus_base,256.7859582158142,184.9999371868699,5.212023824370179,265.0464442050468,255.87021522543546,277.53727080073713,0.8109243697478992,258.6221439655277
modis_pretrained__physical_modis__d2__effect_features_minus_base,shadow_point_prediction,-1.75,modis_pretrained,physical_modis,2,effect_features_minus_base,256.75867223517,186.0483957836868,-2.2821119921878896,265.21743232587113,255.76861949856084,278.29480532234965,0.7857142857142857,258.625849073693
modis_pretrained__physical__d2__effect_features_minus_base,shadow_point_prediction,-1.75,modis_pretrained,physical,2,effect_features_minus_base,256.52736474782074,186.08415326187853,-0.40913411832960594,265.90169115115464,255.5559285486859,277.85965577263676,0.7857142857142857,258.6280872988705
modis_pretrained__physical__d1__pools_minus_current,v5_prediction,-2.5,modis_pretrained,physical,1,pools_minus_current,256.09610867102515,189.78525508876209,-19.475851968723543,266.9412710024187,255.3891364270683,274.4050737291791,0.7689075630252101,258.6306561928843
modis_pretrained__physical_modis__d1__transition_features_minus_base,shadow_point_prediction,-2.25,modis_pretrained,physical_modis,1,transition_features_minus_base,256.19742619816833,189.65034881407084,11.003763552640638,266.56847049003807,255.56359949024753,273.57381342996126,0.7689075630252101,258.63173059415556
modis_pretrained__physical_modis__d2__full_minus_base,shadow_point_prediction,-1.5,modis_pretrained,physical_modis,2,full_minus_base,256.7784360962118,185.43580823371983,-5.96120107357545,265.5084371738106,255.4811142663657,281.2602821589202,0.7899159663865546,258.63660590815
scratch__physical_modis__d2__full_minus_current,shadow_point_prediction,2.0,scratch,physical_modis,2,full_minus_current,256.83401810785375,188.3613335207645,-14.158958762466433,265.37381229429207,255.50621661001082,281.5885119665085,0.7815126050420168,258.6370162800026
modis_pretrained__physical_modis__d1__current_minus_base,shadow_point_prediction,2.0,modis_pretrained,physical_modis,1,current_minus_base,256.7472774839702,186.36816454588026,-14.709288211262555,265.0083422962746,256.0490011476167,274.9718314522666,0.7857142857142857,258.6379746029579
scratch__physical_modis__d1__current_minus_base,shadow_point_prediction,-1.75,scratch,physical_modis,1,current_minus_base,256.47824713671736,187.98015928253074,-7.0965456510121365,266.29566900385277,255.30306693872387,279.82724411155715,0.773109243697479,258.6388075540028
modis_pretrained__physical_modis__d2__pools_minus_current,shadow_point_prediction,1.0,modis_pretrained,physical_modis,2,pools_minus_current,256.7549606699635,186.10941264406276,2.737409761139296,265.6147027551472,255.49108813478807,280.9354138742624,0.7773109243697479,258.6539280574656
scratch__physical__d2__current_minus_base,shadow_point_prediction,-0.75,scratch,physical,2,current_minus_base,256.50457118936794,186.68033320056765,-17.68929700173553,266.2124022080053,255.40938249024939,279.0872704237421,0.7857142857142857,258.6577317692476
modis_pretrained__physical_modis__d2__transition_features_minus_base,shadow_point_prediction,-1.25,modis_pretrained,physical_modis,2,transition_features_minus_base,257.00509091075014,185.50476651151314,-1.374723689729455,264.5798953996207,256.06063040050157,278.07358824220574,0.7899159663865546,258.66267690540565
modis_pretrained__physical__d1__transition_minus_current,v5_prediction,-0.75,modis_pretrained,physical,1,transition_minus_current,256.1389903939728,187.42743049902063,-9.43776992205447,267.2247139190949,255.25695281169237,276.49537180494895,0.7773109243697479,258.6899118796832
modis_pretrained__physical__d1__full_minus_base,shadow_point_prediction,-1.75,modis_pretrained,physical,1,full_minus_base,256.7940653904192,185.18928123541613,-8.148594782966555,265.48259457619486,255.68947805293186,279.48197335624434,0.7899159663865546,258.69005085249125
modis_pretrained__physical__d2__pools_minus_base,v5_prediction,0.5,modis_pretrained,physical,2,pools_minus_base,256.2035928583013,187.17505007753667,-9.711862472091758,267.18716703307115,255.16727972043483,278.187713112871,0.7815126050420168,258.69040811752717
scratch__physical__d1__pools_minus_base,shadow_point_prediction,-2.0,scratch,physical,1,pools_minus_base,256.6559665580063,187.43666723211038,-6.903782538839778,266.1372378936708,255.31569881607453,281.5107194857351,0.7773109243697479,258.69121745643946
modis_pretrained__physical__d1__pools_minus_current,v5_prediction,-0.5,modis_pretrained,physical,1,pools_minus_current,256.1445463378736,186.92773862913836,-10.122406226412945,267.26717928431736,255.21101176930284,277.0597666611454,0.7857142857142857,258.69182093234184
modis_pretrained__physical__d2__full_minus_current,shadow_point_prediction,-2.75,modis_pretrained,physical,2,full_minus_current,257.00325623522576,186.3781944878377,-19.445991611113097,264.60295943830977,256.1787971888552,276.74813325933934,0.7899159663865546,258.6970672744041
modis_pretrained__physical_modis__d2__full_minus_current,v5_prediction,-0.75,modis_pretrained,physical_modis,2,full_minus_current,256.2536987782239,186.81422355520513,-12.208636833004947,266.96240209401765,255.32480766595268,277.1239069103011,0.7815126050420168,258.6986518291045
modis_pretrained__physical__d1__pools_minus_base,shadow_point_prediction,2.5,modis_pretrained,physical,1,pools_minus_base,256.66120321367293,186.24829324602106,-1.4973963797924186,265.66332604033795,255.81021387629937,276.6934059611383,0.8067226890756303,258.69898658599584
scratch__physical__d2__pools_minus_base,shadow_point_prediction,2.0,scratch,physical,2,pools_minus_base,256.76342021313155,182.68361191533907,26.08079874331908,265.3215581409446,255.95946472438686,276.26233096416973,0.7983193277310925,258.7019658228986
scratch__physical__d2__current_minus_base,v5_prediction,1.25,scratch,physical,2,current_minus_base,256.38619549888887,185.84568405926606,22.6349372741892,266.3919976436357,255.6444581506824,275.13271767375034,0.7941176470588235,258.702211698024
modis_pretrained__physical__d2__pools_minus_current,v5_prediction,-0.5,modis_pretrained,physical,2,pools_minus_current,256.0690825733443,186.95398672111503,-5.522467689520527,267.40829236171123,255.2654938088121,275.5362293775465,0.7815126050420168,258.70298782930297
modis_pretrained__physical_modis__d2__full_minus_current,v5_prediction,-1.75,modis_pretrained,physical_modis,2,full_minus_current,256.46011942115973,187.13804893454244,-18.10809288923115,266.32437485661393,255.58827519712997,276.7170810145837,0.773109243697479,258.7082222240158
modis_pretrained__physical__d2__full_minus_base,shadow_point_prediction,-0.75,modis_pretrained,physical,2,full_minus_base,256.74018591562697,185.20341983433485,-5.3952970332789105,265.6313246880698,255.7238717261091,278.54545128141564,0.7983193277310925,258.7088920613582
modis_pretrained__physical__d1__transition_minus_current,shadow_point_prediction,1.5,modis_pretrained,physical,1,transition_minus_current,256.7061727004576,184.92735926414295,3.8695424997175154,265.90000045259,255.56750809130725,279.7192763602512,0.8067226890756303,258.71996348620314
modis_pretrained__physical__d2__pools_minus_current,shadow_point_prediction,0.75,modis_pretrained,physical,2,pools_minus_current,256.742499295357,186.2901174969185,-2.8302734146929875,265.77457941620867,255.62271121608387,279.57559110483584,0.7983193277310925,258.7205723057516
scratch__physical_modis__d2__full_minus_base,shadow_point_prediction,-1.25,scratch,physical_modis,2,full_minus_base,256.4598922843675,187.29322027551802,-17.958408122135843,266.6154198755024,255.3474119633632,279.2090035725137,0.7899159663865546,258.72065410190015
scratch__physical_modis__d1__effect_features_minus_base,shadow_point_prediction,2.75,scratch,physical_modis,1,effect_features_minus_base,256.6517770997773,185.23193551455884,9.49666514633781,266.0953110280804,255.49180546374208,279.8653983328933,0.7941176470588235,258.7226676728443
scratch__physical_modis__d1__transition_minus_current,v5_prediction,-1.0,scratch,physical_modis,1,transition_minus_current,256.16116640610755,186.18242344547102,-6.305223957997766,267.24700701585647,255.3384376652417,275.8524676255154,0.7899159663865546,258.72694437332837
modis_pretrained__physical__d2__pools_minus_current,v5_prediction,-1.5,modis_pretrained,physical,2,pools_minus_current,256.0140530027163,188.53637833855842,-0.9993134868909883,267.41372514468395,255.4678082880421,272.18289917567455,0.773109243697479,258.72740985953965
modis_pretrained__physical__d2__full_minus_current,v5_prediction,-1.0,modis_pretrained,physical,2,full_minus_current,256.3114114899357,186.63256520268905,-15.059711644796119,266.9263487433739,255.3658702873667,277.3615960616839,0.773109243697479,258.728760502653
scratch__physical__d2__full_minus_base,shadow_point_prediction,-0.75,scratch,physical,2,full_minus_base,256.38280370196645,186.84993096100595,-17.769514507438988,266.7479007252632,255.40414863347158,277.7841150072761,0.7815126050420168,258.72941419066694
scratch__physical__d2__pools_minus_base,v5_prediction,1.75,scratch,physical,2,pools_minus_base,256.3323755174949,184.1256025945478,14.544823401949628,266.65080327887074,255.6095815741699,274.8457076373815,0.7857142857142857,258.7312839720076
scratch__physical__d1__transition_minus_current,v5_prediction,-0.75,scratch,physical,1,transition_minus_current,256.10727769955116,186.6983912561456,-2.708797731486043,267.4242164835089,255.28882770482602,275.74737456843985,0.7815126050420168,258.7318998968593
scratch__physical__d1__transition_features_minus_base,shadow_point_prediction,-2.5,scratch,physical,1,transition_features_minus_base,256.40679747210686,188.3191495807195,-3.0931949203084783,266.5714558009474,255.55567801588705,276.4300935464425,0.7815126050420168,258.73518219026204
modis_pretrained__physical_modis__d1__pools_minus_current,shadow_point_prediction,1.5,modis_pretrained,physical_modis,1,pools_minus_current,256.3702679818373,186.80842371093863,10.467090439563009,266.6924226924799,255.50807861607885,276.5160786874503,0.7899159663865546,258.73525931805835
modis_pretrained__physical_modis__d1__pools_minus_current,shadow_point_prediction,-2.25,modis_pretrained,physical_modis,1,pools_minus_current,257.07850766927413,188.03479703043786,-14.295405066146598,264.4455790958509,256.37318586560315,275.4033901362337,0.7899159663865546,258.74394507500057
modis_pretrained__physical__d1__transition_features_minus_base,shadow_point_prediction,1.75,modis_pretrained,physical,1,transition_features_minus_base,256.6393779975478,186.6658020142376,-5.205122846347974,266.00204672504975,255.7435306606772,277.16820951893504,0.7857142857142857,258.75608334520564
scratch__physical_modis__d1__pools_minus_current,v5_prediction,-1.25,scratch,physical_modis,1,pools_minus_current,256.5039405625722,187.22609504515685,-7.086596797660973,266.44573285717917,255.60578852634154,277.052289312128,0.7899159663865546,258.76485062716625
modis_pretrained__physical__d1__full_minus_current,shadow_point_prediction,1.25,modis_pretrained,physical,1,full_minus_current,256.5040987499941,187.74599557249138,13.659659434934595,266.3696861384898,255.71873153639234,275.77572575200685,0.7857142857142857,258.7741537937176
modis_pretrained__physical_modis__d2__effect_features_minus_base,shadow_point_prediction,2.5,modis_pretrained,physical_modis,2,effect_features_minus_base,256.2371985356524,183.75621743477137,4.625241136517815,267.3976772702492,255.22965237342973,277.9304555032215,0.7857142857142857,258.7754316787459
modis_pretrained__physical__d2__full_minus_current,v5_prediction,-0.75,modis_pretrained,physical,2,full_minus_current,256.3166524370712,186.60487662285482,-13.240794931305912,267.09963435766764,255.36948737912195,277.38428313722136,0.7815126050420168,258.77560665273296
scratch__physical_modis__d1__pools_minus_current,v5_prediction,-1.0,scratch,physical_modis,1,pools_minus_current,256.4537834742516,187.17821026341622,-7.226086396295839,266.6519884968895,255.55140959328622,277.0460627224427,0.7899159663865546,258.77774125966977
scratch__physical__d1__current_minus_base,shadow_point_prediction,-1.5,scratch,physical,1,current_minus_base,256.656778854255,187.11585585022002,-11.781574175971926,266.2904496612638,255.51293051254004,279.7171547871546,0.7815126050420168,258.77923447057844
scratch__physical__d1__effect_features_minus_base,shadow_point_prediction,2.25,scratch,physical,1,effect_features_minus_base,256.62838909320163,186.2595558208866,6.481104323009454,266.247285518809,255.64794716725285,278.0590425831663,0.8067226890756303,258.7880027181163
modis_pretrained__physical__d2__effect_features_minus_base,shadow_point_prediction,2.0,modis_pretrained,physical,2,effect_features_minus_base,256.5824221504531,184.677751762083,1.6720652151177622,266.530193711286,255.4680867096681,279.3552386850469,0.8109243697478992,258.7907811804651
modis_pretrained__physical__d2__full_minus_current,v5_prediction,-1.25,modis_pretrained,physical,2,full_minus_current,256.41734590510936,186.88887624405885,-16.878628358286324,266.852591146748,255.47627357826354,277.4245974228018,0.773109243697479,258.7908891338076
modis_pretrained__physical_modis__d1__transition_minus_current,v5_prediction,-0.75,modis_pretrained,physical_modis,1,transition_minus_current,256.28769814021155,187.29849908893829,-10.030255353917951,267.20689211544845,255.3968041480164,276.7476038751444,0.7815126050420168,258.794773135972
modis_pretrained__physical_modis__d2__transition_minus_current,v5_prediction,-1.0,modis_pretrained,physical_modis,2,transition_minus_current,256.5998368523258,187.18201512722558,-10.884091381431983,266.1228461057906,255.86822150574804,275.23131774900605,0.7815126050420168,258.79768532904757
scratch__physical__d2__current_minus_base,shadow_point_prediction,1.5,scratch,physical,2,current_minus_base,257.2656431506284,185.6649844425041,37.06487071530856,264.41155672487383,256.2629104637019,278.9550206868433,0.8025210084033614,258.80143837245816
scratch__physical__d2__pools_minus_base,v5_prediction,0.25,scratch,physical,2,pools_minus_base,256.25361120026406,186.46423044469728,-4.594206477580306,267.3509722710684,255.3505484678857,276.8449814756686,0.7815126050420168,258.8021857848705
scratch__physical__d2__full_minus_base,v5_prediction,1.25,scratch,physical,2,full_minus_base,256.51705065962165,185.62182044297165,22.76863311702829,266.3986297446563,255.7785104128252,275.2297543346721,0.7815126050420168,258.8028103691812
scratch__physical__d1__full_minus_current,v5_prediction,-1.5,scratch,physical,1,full_minus_current,256.17784029247986,186.91972834977804,-5.2829433851546135,267.56026543380096,255.308698430246,276.39315627893205,0.7983193277310925,258.8061611122517
scratch__physical_modis__d1__full_minus_current,v5_prediction,-1.5,scratch,physical_modis,1,full_minus_current,256.1932901802309,186.65916633852342,-3.75582434967421,267.55106728871965,255.30595246200608,276.6102377314044,0.7941176470588235,258.8109000277969
scratch__physical__d1__full_minus_current,v5_prediction,-1.75,scratch,physical,1,full_minus_current,256.1858652141063,186.9841067526854,-4.8660931508745,267.5600237084328,255.32399570966209,276.32053709991726,0.7983193277310925,258.81393746157687
scratch__physical_modis__d2__transition_features_minus_base,v5_prediction,1.0,scratch,physical_modis,2,transition_features_minus_base,256.1597751236808,186.70494188495877,0.9156725304804397,267.671112320005,255.28294348340762,276.4595616709749,0.7773109243697479,258.8184015126935
modis_pretrained__physical__d1__current_minus_base,v5_prediction,0.5,modis_pretrained,physical,1,current_minus_base,256.2705507372592,186.82359439866633,-10.534303949827262,267.3776374021217,255.35644863456673,276.9823432038105,0.7815126050420168,258.81879687780173
scratch__physical__d1__current_minus_base,v5_prediction,0.5,scratch,physical,1,current_minus_base,256.25932689822065,186.4342542719924,-3.6694893197515985,267.37369633573275,255.38328006929189,276.5545550280355,0.7815126050420168,258.8189075503665
modis_pretrained__physical__d1__current_minus_base,v5_prediction,1.75,modis_pretrained,physical,1,current_minus_base,256.2683274362695,187.4266905712268,-17.409951847307177,267.2030566541568,255.54595672510993,274.774052013809,0.7773109243697479,258.82141706295147
modis_pretrained__physical__d2__transition_minus_current,v5_prediction,-0.25,modis_pretrained,physical,2,transition_minus_current,256.26483201753814,187.04857389903722,-8.378203083653766,267.3919474542306,255.36427534212837,276.82938675499304,0.7773109243697479,258.8214717078588
scratch__physical_modis__d1__full_minus_current,v5_prediction,-1.75,scratch,physical_modis,1,full_minus_current,256.2094793847683,186.81168502949137,-3.084454276147363,267.554355647704,255.3221842161018,276.6266338389625,0.7983193277310925,258.8238746583356
scratch__physical_modis__d1__pools_minus_current,v5_prediction,-1.5,scratch,physical_modis,1,pools_minus_current,256.62865597148857,187.29765815679067,-6.947107199026109,266.31362811455267,255.7331670083567,277.1531193334333,0.7899159663865546,258.8260267664716
modis_pretrained__physical_modis__d2__transition_minus_current,v5_prediction,-1.25,modis_pretrained,physical_modis,2,transition_minus_current,256.7403955926692,187.30950750169563,-11.659103029081155,265.78696529873014,256.05995358490486,274.73964574448405,0.7857142857142857,258.83192751724334
modis_pretrained__physical__d2__transition_minus_current,shadow_point_prediction,0.75,modis_pretrained,physical,2,transition_minus_current,256.7749324735214,185.62585654113877,2.344567115734576,266.1220793458932,255.66498592770162,279.5141141585113,0.8109243697478992,258.8342325551594
modis_pretrained__physical_modis__d1__transition_features_minus_base,shadow_point_prediction,1.5,modis_pretrained,physical_modis,1,transition_features_minus_base,256.802980722524,186.24432653288014,-6.399021972961815,265.87523503898103,255.86273000576523,277.8180095979253,0.7983193277310925,258.83598162244857
scratch__physical__d1__full_minus_current,v5_prediction,-1.25,scratch,physical,1,full_minus_current,256.21125415895636,186.9242245588432,-5.699793619434726,267.59161292027085,255.33379621275236,276.52009530650656,0.7941176470588235,258.836979362734
scratch__physical_modis__d1__full_minus_current,v5_prediction,-1.25,scratch,physical_modis,1,full_minus_current,256.2201348655515,186.6856466125636,-4.427194423201057,267.5803325940635,255.33051664379093,276.66323285472333,0.7899159663865546,258.8377797422394
modis_pretrained__physical__d1__full_minus_current,shadow_point_prediction,-1.75,modis_pretrained,physical,1,full_minus_current,256.767868037223,187.3321415825724,-17.774501839438436,265.86263988325885,255.97030742938105,276.19256672177784,0.7773109243697479,258.8421708467715
scratch__physical__d2__current_minus_base,v5_prediction,0.25,scratch,physical,2,current_minus_base,256.2898493042797,186.60305523621668,-1.7002483778303963,267.3846386765736,255.41366683992715,276.5878409157469,0.7773109243697479,258.84450103126505
scratch__physical_modis__d2__transition_features_minus_base,v5_prediction,0.75,scratch,physical_modis,2,transition_features_minus_base,256.20603606337113,186.8014968768389,-1.2592567998484936,267.6584634341101,255.311629543419,276.7009898702119,0.7773109243697479,258.8455412760678
modis_pretrained__physical_modis__d2__transition_minus_current,v5_prediction,-0.75,modis_pretrained,physical_modis,2,transition_minus_current,256.55538576830946,187.13589141789436,-10.109079733782812,266.5338847320925,255.77246207992653,275.80028293738957,0.7815126050420168,258.85427958715945
scratch__physical__d2__pools_minus_base,shadow_point_prediction,-0.75,scratch,physical,2,pools_minus_base,256.70292258001285,186.96359935780788,-9.007422702485803,266.36572221736327,255.65930284287742,278.7831288890564,0.7815126050420168,258.8577175550666
scratch__physical__d2__transition_features_minus_base,v5_prediction,1.75,scratch,physical,2,transition_features_minus_base,256.39915352874374,186.46798085836005,16.318055413183693,267.0819481329055,255.553193905421,276.3640327879501,0.7983193277310925,258.8583622739535
scratch__physical__d1__full_minus_current,v5_prediction,-2.0,scratch,physical,1,full_minus_current,256.235325030426,187.16016098839998,-4.449242916594386,267.59088782846356,255.3796919866425,276.3022805993268,0.7941176470588235,258.8603074689895
scratch__physical_modis__d1__current_minus_base,v5_prediction,1.25,scratch,physical_modis,1,current_minus_base,256.4231108747029,185.90143787800534,-2.313589156341506,267.0240823184189,255.5730869716454,276.4347505305262,0.7941176470588235,258.8608477598675
scratch__physical_modis__d1__pools_minus_current,v5_prediction,-0.75,scratch,physical_modis,1,pools_minus_current,256.4782284485856,187.19635580418785,-7.365575994930703,266.93222314695225,255.57006717655787,277.13444594095887,0.7857142857142857,258.8646868051703
modis_pretrained__physical_modis__d1__full_minus_current,shadow_point_prediction,-2.0,modis_pretrained,physical_modis,1,full_minus_current,256.9308823350733,187.04015521936032,-14.232691988056477,265.5619578462182,256.04227856737936,277.3924514824583,0.773109243697479,258.86650027093606
scratch__physical_modis__d1__current_minus_base,v5_prediction,1.0,scratch,physical_modis,1,current_minus_base,256.3906437950211,186.0358995137422,-3.4076802832402633,267.1583354144258,255.5312735473098,276.50579296767614,0.7941176470588235,258.86772413794444
modis_pretrained__physical__d1__pools_minus_current,shadow_point_prediction,1.0,modis_pretrained,physical,1,pools_minus_current,256.783302158325,186.38238881974053,5.238815108434464,266.0480311943343,255.85869078688026,277.6301081995631,0.8025210084033614,258.86833157446614
modis_pretrained__physical__d2__pools_minus_base,v5_prediction,1.5,modis_pretrained,physical,2,pools_minus_base,256.527675470221,188.20800417432926,-13.567497834604682,267.121513918276,255.29909518187583,280.37538441035946,0.7899159663865546,258.8689900101485
modis_pretrained__physical_modis__d1__full_minus_current,shadow_point_prediction,1.5,modis_pretrained,physical_modis,1,full_minus_current,256.54451659055604,188.1784763049297,11.658180406280897,266.58756231149505,255.81738944804908,275.1190020404533,0.7941176470588235,258.87349623516405
modis_pretrained__physical__d2__full_minus_base,v5_prediction,0.25,modis_pretrained,physical,2,full_minus_base,256.2788524518,187.26852154080981,-5.798248367315937,267.57734618224345,255.36646969209437,276.97240339115245,0.7773109243697479,258.8753801944845
modis_pretrained__physical_modis__d2__pools_minus_current,shadow_point_prediction,-2.5,modis_pretrained,physical_modis,2,pools_minus_current,256.4200439726866,187.8895433671229,-4.876201572371159,266.5259602833822,256.1404257551725,268.11211088774616,0.7815126050420168,258.8766184959819
scratch__physical_modis__d1__full_minus_current,v5_prediction,-2.0,scratch,physical_modis,1,full_minus_current,256.26869432345313,187.00815563140597,-2.4130842026205155,267.5901964708815,255.37920448222292,276.71240884243156,0.7983193277310925,258.8766974000026
scratch__physical__d2__full_minus_base,v5_prediction,0.25,scratch,physical,2,full_minus_base,256.376568626865,186.85223136269994,-1.6735092092625785,267.2840494702312,255.47788850968072,276.9253457836966,0.7773109243697479,258.8787688084105
scratch__physical_modis__d2__effect_features_minus_base,shadow_point_prediction,-1.25,scratch,physical_modis,2,effect_features_minus_base,256.8151033268118,186.38269510594475,-6.095338267271287,266.1126841892459,255.80379029095695,278.57258844854863,0.7857142857142857,258.8866702834566
modis_pretrained__physical__d1__effect_features_minus_base,v5_prediction,-1.75,modis_pretrained,physical,1,effect_features_minus_base,256.39460010549016,188.4326116075381,-6.443679437082711,267.32659792990654,255.43658474353353,277.5802551216314,0.7773109243697479,258.8880957211051
scratch__physical_modis__d1__pools_minus_base,shadow_point_prediction,1.75,scratch,physical_modis,1,pools_minus_base,256.58027875803936,183.90257495619534,7.24430293512642,266.82509297502196,255.56866551110932,278.33040218527174,0.8109243697478992,258.88857900055245
scratch__physical__d1__pools_minus_current,v5_prediction,-2.75,scratch,physical,1,pools_minus_current,256.548001725002,188.21885607678777,4.580432482961493,266.92911542106526,255.53406286934634,278.3204601838971,0.773109243697479,258.8897954351039
scratch__physical_modis__d1__transition_minus_current,v5_prediction,-0.75,scratch,physical_modis,1,transition_minus_current,256.3223137461831,186.43068960045431,-6.674929166207148,267.4461969351045,255.47309909135305,276.3207408010627,0.7899159663865546,258.890980879706
modis_pretrained__physical__d1__effect_features_minus_base,v5_prediction,-2.0,modis_pretrained,physical,1,effect_features_minus_base,256.41153236435156,188.7507084217488,-6.252198672260913,267.2975193583545,255.45109495293053,277.62342042374587,0.7773109243697479,258.892919759997
modis_pretrained__physical_modis__d2__transition_minus_current,shadow_point_prediction,1.25,modis_pretrained,physical_modis,2,transition_minus_current,256.4893506519051,186.0723377692207,4.4371504755250255,267.2788508612793,255.32368950840504,279.7490978704271,0.7857142857142857,258.89531041837364
modis_pretrained__physical_modis__d1__effect_features_minus_base,shadow_point_prediction,2.75,modis_pretrained,physical_modis,1,effect_features_minus_base,256.7694799965747,185.51773382927126,-4.85119538230358,266.21481536367395,255.82913903526145,277.7840354865833,0.7983193277310925,258.8957285980212
modis_pretrained__physical_modis__d2__full_minus_current,shadow_point_prediction,1.25,modis_pretrained,physical_modis,2,full_minus_current,256.6833209036754,186.5685130534529,7.936412307561918,266.45617493194055,255.76530223395991,277.45487123176105,0.7899159663865546,258.8970297433128
scratch__physical_modis__d2__transition_features_minus_base,v5_prediction,1.25,scratch,physical_modis,2,transition_features_minus_base,256.22269827577264,186.66488500432763,3.090601860809373,267.7827724819447,255.36531851299225,276.3086996267387,0.7689075630252101,258.89837188662057
scratch__physical_modis__d1__full_minus_current,v5_prediction,-1.0,scratch,physical_modis,1,full_minus_current,256.28999991818284,186.71212688660376,-5.098564496727905,267.64214088500347,255.3958571347382,276.78557935066607,0.7857142857142857,258.90449946402686
modis_pretrained__physical_modis__d2__full_minus_current,v5_prediction,-0.5,modis_pretrained,physical_modis,2,full_minus_current,256.4165210752517,186.91903368445756,-10.733772818948395,267.3064395465647,255.48202600284952,277.3536210478921,0.7857142857142857,258.9053769249794
scratch__physical__d1__full_minus_current,v5_prediction,-1.0,scratch,physical,1,full_minus_current,256.286090605515,186.963259727569,-6.116643853714842,267.65405523857703,255.39926469417622,276.70127942359534,0.7857142857142857,258.90637528594584
scratch__physical__d1__current_minus_base,v5_prediction,3.0,scratch,physical,1,current_minus_base,256.710036179002,186.76046359118524,16.903288035666886,266.28421384379465,255.92737340968688,275.9579054705986,0.7941176470588235,258.90791490287137
modis_pretrained__physical__d1__effect_features_minus_base,v5_prediction,-1.5,modis_pretrained,physical,1,effect_features_minus_base,256.40349853239195,188.17777358946617,-6.635160201904508,267.3801521581993,255.4481273268119,277.56165949322946,0.7773109243697479,258.90881913744875
scratch__physical_modis__d2__full_minus_base,v5_prediction,0.75,scratch,physical_modis,2,full_minus_base,256.43537410653823,186.66326894433146,3.32825542481371,267.128383079382,255.65674617833076,275.62495157262674,0.7815126050420168,258.9139693676973
scratch__physical_modis__d1__effect_features_minus_base,shadow_point_prediction,-3.0,scratch,physical_modis,1,effect_features_minus_base,256.83145302461213,187.31771271173963,-9.18471457260299,266.17143643985503,255.82388124552477,278.5513326470607,0.7857142857142857,258.914555933651
modis_pretrained__physical_modis__d2__full_minus_current,v5_prediction,-2.0,modis_pretrained,physical_modis,2,full_minus_current,256.72589342395366,187.37964060447456,-19.5829569032877,266.35006174112044,255.87642032026992,276.743664470176,0.7689075630252101,258.9195672273244
scratch__physical_modis__d1__current_minus_base,v5_prediction,1.5,scratch,physical_modis,1,current_minus_base,256.5294036837887,185.82794970664426,-1.2194980294427502,266.941914007356,255.6850272211375,276.48170506367774,0.8025210084033614,258.9214371490177
modis_pretrained__physical__d1__effect_features_minus_base,v5_prediction,-2.25,modis_pretrained,physical,1,effect_features_minus_base,256.45429019260405,189.13298902166582,-6.060717907439114,267.2929244316015,255.4916547305273,277.69114394197993,0.7815126050420168,258.9232898868342
modis_pretrained__physical_modis__d1__transition_minus_current,shadow_point_prediction,1.75,modis_pretrained,physical_modis,1,transition_minus_current,256.8085135109277,185.48934448379143,5.803250217805361,266.3332856081115,255.7484445344419,279.05822209463855,0.7983193277310925,258.9246892911022
scratch__physical__d2__transition_minus_current,shadow_point_prediction,-1.5,scratch,physical,2,transition_minus_current,257.2223477830412,186.9373100325115,16.405927683292283,264.8582436525577,256.4225090167007,276.69152647191675,0.8151260504201681,258.9313620588352
modis_pretrained__physical__d2__full_minus_current,v5_prediction,-0.5,modis_pretrained,physical,2,full_minus_current,256.433061929951,186.75819272621297,-11.421878217815706,267.37225447552504,255.4871284773373,277.4926376324247,0.7815126050420168,258.9313767031911
scratch__physical__d2__full_minus_current,shadow_point_prediction,-1.5,scratch,physical,2,full_minus_current,256.77459416478666,187.18867268301975,0.40165722587225555,266.3825730053981,255.81591317932572,277.98370000432465,0.819327731092437,258.9369186285743
scratch__physical_modis__d1__current_minus_base,v5_prediction,0.75,scratch,physical_modis,1,current_minus_base,256.432030486162,186.23472136517694,-4.501771410139021,267.3445948287527,255.5595635307549,276.69474148661715,0.7857142857142857,258.9420548329579
modis_pretrained__physical__d1__effect_features_minus_base,shadow_point_prediction,1.75,modis_pretrained,physical,1,effect_features_minus_base,256.81962902496764,185.88663772391706,-0.7782731164734191,266.25741889477865,255.87865034589046,277.84312506502573,0.8109243697478992,258.9438318226511
scratch__physical__d1__full_minus_current,v5_prediction,-2.25,scratch,physical,1,full_minus_current,256.32619575603815,187.40850452022494,-4.032392682314273,267.6528470330752,255.47577073591196,276.3383975516928,0.7941176470588235,258.94525232026587
scratch__physical_modis__d1__transition_minus_current,shadow_point_prediction,2.0,scratch,physical_modis,1,transition_minus_current,256.8317761154631,187.4687885052083,-2.3955494283958934,266.51092207833136,255.64267634807044,280.3283655671116,0.7605042016806722,258.95428766433196
modis_pretrained__physical__d1__effect_features_minus_base,v5_prediction,-1.25,modis_pretrained,physical,1,effect_features_minus_base,256.4382249560763,188.00002864804716,-6.826640966726306,267.45816734065465,255.48571779586794,277.56763847667196,0.7773109243697479,258.9550837621688
modis_pretrained__physical_modis__d2__transition_minus_current,v5_prediction,-1.5,modis_pretrained,physical_modis,2,transition_minus_current,256.9769042852806,187.622273651525,-12.434114676730328,265.52652752628427,256.3472347245089,274.32568252023873,0.7773109243697479,258.95689270533865
modis_pretrained__physical__d2__full_minus_base,v5_prediction,3.0,modis_pretrained,physical,2,full_minus_base,256.02884561020903,190.9641344577585,16.04551229139701,268.41174422637675,255.36284501178727,273.81784899396354,0.7689075630252101,258.9580701146455
scratch__physical_modis__d1__pools_minus_current,v5_prediction,-1.75,scratch,physical_modis,1,pools_minus_current,256.8278210846198,187.4373801018602,-6.807617600391245,266.2557846405524,255.93344284916924,277.34844960715316,0.7857142857142857,258.9612174147403
modis_pretrained__physical__d2__full_minus_current,v5_prediction,-1.5,modis_pretrained,physical,2,full_minus_current,256.63431800855943,187.19284702569792,-18.697545071776528,266.8784440879262,255.70052397293128,277.57322887394446,0.773109243697479,258.96190101949406
modis_pretrained__physical__d1__transition_minus_current,v5_prediction,-0.5,modis_pretrained,physical,1,transition_minus_current,256.40400111114104,187.4210785618472,-8.886528211648079,267.5368597919816,255.50518251697622,276.9554387571395,0.7773109243697479,258.96251113281
scratch__physical_modis__d2__transition_features_minus_base,shadow_point_prediction,-1.5,scratch,physical_modis,2,transition_features_minus_base,257.12385092243784,186.75635355417006,-12.487483744694433,265.415780851458,256.19040171334166,278.0799604832363,0.7857142857142857,258.9634711024188
scratch__physical_modis__d1__full_minus_current,shadow_point_prediction,2.0,scratch,physical_modis,1,full_minus_current,256.8914648839599,187.26517669188738,-4.8088683509356125,266.29692484004414,255.78286540166596,279.62296810991825,0.7857142857142857,258.96568000240745
scratch__physical__d1__pools_minus_current,shadow_point_prediction,-3.0,scratch,physical,1,pools_minus_current,257.0101670907938,187.53756365320874,14.050612899602934,266.0890846422057,255.7594430860529,281.0840015293863,0.7689075630252101,258.96721547746154
scratch__physical_modis__d2__full_minus_base,v5_prediction,1.0,scratch,physical_modis,2,full_minus_base,256.5186790952736,186.5434217513813,7.032355496696711,267.0430916207099,255.79104910352683,275.0983514345385,0.7815126050420168,258.967874728696
scratch__physical_modis__d1__full_minus_current,v5_prediction,-2.25,scratch,physical_modis,1,full_minus_current,256.3709051828469,187.2277819775263,-1.7417141290936682,267.6585766814387,255.47697881010052,276.86749825998135,0.8067226890756303,258.9693414643083
modis_pretrained__physical_modis__d2__current_minus_base,v5_prediction,2.25,modis_pretrained,physical_modis,2,current_minus_base,256.4398475961043,188.63868126297484,-11.272880951062326,267.1029633953544,255.9014845421349,272.5094839473823,0.7689075630252101,258.9710357824245
scratch__physical__d1__transition_minus_current,v5_prediction,-0.5,scratch,physical,1,transition_minus_current,256.3644413200627,186.94111102487005,-4.400546751269127,267.6486861065776,255.5081648438789,276.4438872212202,0.7857142857142857,258.97143339764546
scratch__physical__d2__transition_features_minus_base,v5_prediction,0.25,scratch,physical,2,transition_features_minus_base,256.4213314922693,186.9292338360244,-4.340887618832583,267.55899964646807,255.49072338537047,277.31707233081636,0.7815126050420168,258.9730965040943
modis_pretrained__physical__d1__effect_features_minus_base,v5_prediction,-2.5,modis_pretrained,physical,1,effect_features_minus_base,256.5228606762497,189.5624378758787,-5.869237142617317,267.3128144122194,255.55825272364027,277.78340771447523,0.7773109243697479,258.9791971220898
scratch__physical__d2__effect_features_minus_base,v5_prediction,0.25,scratch,physical,2,effect_features_minus_base,256.42430454570297,187.16384840931357,-7.037144969658045,267.57386113224976,255.495577810682,277.3000195814116,0.7815126050420168,258.9795120085844
scratch__physical_modis__d2__transition_features_minus_base,v5_prediction,0.5,scratch,physical_modis,2,transition_features_minus_base,256.3614219873765,186.98994076577574,-3.434186130177427,267.7448398568259,255.45141360559984,277.0327474450665,0.7815126050420168,258.97977435929465
scratch__physical__d1__full_minus_current,shadow_point_prediction,2.0,scratch,physical,1,full_minus_current,256.9412780198837,186.5515141283678,-2.7727096369617414,266.15755948540885,255.88136831203076,279.1954349082734,0.7857142857142857,258.9803709593018
scratch__physical_modis__d2__pools_minus_base,v5_prediction,0.75,scratch,physical_modis,2,pools_minus_base,256.4864233329958,186.04656219269327,-0.7268361045195827,267.29946328234473,255.65265347682652,276.3167799865636,0.7857142857142857,258.9812408562907
scratch__physical_modis__d2__transition_minus_current,shadow_point_prediction,-1.25,scratch,physical_modis,2,transition_minus_current,257.36674756487963,186.77201068178232,17.408602819890504,264.66284287994415,256.56733969207875,276.8366010366348,0.8067226890756303,258.99091942544555
scratch__physical_modis__d2__full_minus_base,v5_prediction,0.5,scratch,physical_modis,2,full_minus_base,256.48768993302224,186.87837645339954,-0.37584464706929305,267.3522614997422,255.65735135852952,276.279033722477,0.7815126050420168,258.99624818107907
scratch__physical_modis__d1__full_minus_base,shadow_point_prediction,3.0,scratch,physical_modis,1,full_minus_base,257.1874391769847,185.25679769974974,5.634744877742089,265.3382247292858,256.27570241569674,277.9123200292815,0.8151260504201681,258.997201374738
scratch__physical_modis__d2__pools_minus_base,v5_prediction,0.5,scratch,physical_modis,2,pools_minus_base,256.4767917784093,186.38859421296647,-3.0792389999581538,267.4234083822657,255.6126165828028,276.64913161354303,0.7773109243697479,258.99740213047176
scratch__physical__d1__transition_features_minus_base,shadow_point_prediction,2.25,scratch,physical,1,transition_features_minus_base,257.1995570105602,186.14754058534805,3.851850679108046,265.4940818184913,256.1123108072838,279.7363743735226,0.8109243697478992,259.0013766617239
modis_pretrained__physical_modis__d2__transition_minus_current,v5_prediction,-0.5,modis_pretrained,physical_modis,2,transition_minus_current,256.6070922857314,187.1399999241865,-9.33406808613364,267.0197340937754,255.77299299092616,276.44606406905837,0.7815126050420168,259.0017279140411
scratch__physical__d1__pools_minus_current,v5_prediction,-0.25,scratch,physical,1,pools_minus_current,256.46937788823004,187.04625710504484,-6.660001402308315,267.5439329864191,255.5395058327913,277.3592847754974,0.7815126050420168,259.0055486489176
modis_pretrained__physical__d1__pools_minus_current,v5_prediction,-2.75,modis_pretrained,physical,1,pools_minus_current,256.4693864533298,190.61661974147674,-20.64503268651237,267.29101624148524,255.8104069044841,274.18380906928957,0.7689075630252101,259.01004901315724
scratch__physical_modis__d1__full_minus_current,v5_prediction,-0.75,scratch,physical_modis,1,full_minus_current,256.402850171355,186.80842196416063,-5.769934570254754,267.736469623412,255.50192733218097,276.97718531748245,0.7815126050420168,259.0110243245757
scratch__physical__d1__full_minus_current,v5_prediction,-0.75,scratch,physical,1,full_minus_current,256.4023133619861,187.02040635813796,-6.5334940879949555,267.74757063352706,255.50505917194454,276.93660216164193,0.7857142857142857,259.01431413236094
modis_pretrained__physical_modis__d2__current_minus_base,v5_prediction,0.25,modis_pretrained,physical_modis,2,current_minus_base,256.4553133212836,187.05417155295288,-8.171693253082744,267.58807720233193,255.57088244133993,276.85119679222703,0.7773109243697479,259.0173965715598
scratch__physical_modis__d1__pools_minus_current,v5_prediction,-0.5,scratch,physical_modis,1,pools_minus_current,256.57725416281,187.28333833890096,-7.5050655935655675,267.2862041188926,255.66173289335595,277.31734850902274,0.7857142857142857,259.02561133446716
modis_pretrained__physical_modis__d1__transition_minus_current,v5_prediction,-0.5,modis_pretrained,physical_modis,1,transition_minus_current,256.49676736814786,187.33124200928327,-9.281518499557066,267.52021884433117,255.5909955604131,277.12781655949794,0.7815126050420168,259.02618728526
modis_pretrained__physical__d1__effect_features_minus_base,v5_prediction,-1.0,modis_pretrained,physical,1,effect_features_minus_base,256.49876888627136,187.84457297059797,-7.018121731548104,267.5606220803378,255.549343122195,277.59819048407525,0.7773109243697479,259.02687574376887
scratch__physical_modis__d2__effect_features_minus_base,v5_prediction,0.25,scratch,physical_modis,2,effect_features_minus_base,256.45684485671916,187.04322362170743,-6.452558689925205,267.6621282098954,255.5350427364843,277.2595728240716,0.7815126050420168,259.0277151649545
modis_pretrained__physical__d2__pools_minus_base,shadow_point_prediction,2.25,modis_pretrained,physical,2,pools_minus_base,256.98672190444773,187.0932708156699,-8.113087328374917,266.42531948528506,255.7268454962468,281.1425046010719,0.8025210084033614,259.03140219760684
modis_pretrained__physical_modis__d1__current_minus_base,shadow_point_prediction,-1.5,modis_pretrained,physical_modis,1,current_minus_base,256.74978158675793,188.43648304617767,12.015627573685457,266.6905248699538,255.9404272763369,276.3107004815247,0.7689075630252101,259.0326288299516
modis_pretrained__physical_modis__d2__current_minus_base,shadow_point_prediction,-1.0,modis_pretrained,physical_modis,2,current_minus_base,256.99257599379706,186.10554070583208,2.112686086268957,266.3365330186138,255.8321940859026,280.2263037257445,0.7983193277310925,259.0384697730276
scratch__physical__d2__transition_features_minus_base,shadow_point_prediction,-1.0,scratch,physical,2,transition_features_minus_base,256.8945746614139,186.7914357132783,-13.210536450731682,266.3935006273558,256.013728989155,277.2691532271292,0.7689075630252101,259.0490947348347
modis_pretrained__physical__d2__pools_minus_base,v5_prediction,0.25,modis_pretrained,physical,2,pools_minus_base,256.52166625044975,187.1909869632547,-8.747953631463528,267.6182973388416,255.53582515540654,278.00374268357535,0.7815126050420168,259.04936374878696
scratch__physical_modis__d1__current_minus_base,v5_prediction,1.75,scratch,physical_modis,1,current_minus_base,256.70943051770723,185.8996650868772,-0.1254069025439927,266.91187858384563,255.867039129355,276.64659648514754,0.8067226890756303,259.04944468715377
modis_pretrained__physical__d2__transition_features_minus_base,v5_prediction,0.75,modis_pretrained,physical,2,transition_features_minus_base,256.4505803028672,186.9692296437333,-5.500930782292423,267.84204544358516,255.46634819261766,277.9128418788399,0.7815126050420168,259.0523885604843
scratch__physical__d2__pools_minus_current,shadow_point_prediction,1.5,scratch,physical,2,pools_minus_current,256.9484052780968,186.69074642238294,-16.801656361220292,266.49053971315135,255.83749819758123,279.70499682981523,0.7815126050420168,259.05621211673156
scratch__physical_modis__d1__pools_minus_current,shadow_point_prediction,1.75,scratch,physical_modis,1,pools_minus_current,256.56004492967503,185.4903248412879,-0.41433495316488284,267.57053135614933,255.53766714167062,278.4190422338632,0.7857142857142857,259.0570720892925
scratch__physical__d1__full_minus_base,shadow_point_prediction,-2.75,scratch,physical,1,full_minus_base,256.8018071157493,188.14169277144845,-17.482610276599925,266.936033915987,255.69188549423563,279.54199724066586,0.7815126050420168,259.05788341043035
scratch__physical_modis__d1__transition_features_minus_base,shadow_point_prediction,2.25,scratch,physical_modis,1,transition_features_minus_base,257.21072847102,186.38996226989735,7.0815655054835425,265.72493531956894,256.0856830832895,280.11653326296016,0.8067226890756303,259.0580188362246
modis_pretrained__physical__d1__effect_features_minus_base,v5_prediction,-2.75,modis_pretrained,physical,1,effect_features_minus_base,256.6172231231521,189.9935960552766,-5.677756377795519,267.3571838355599,255.65086946747073,277.90018729889835,0.7773109243697479,259.0606248873337
modis_pretrained__physical__d2__pools_minus_current,v5_prediction,-0.25,modis_pretrained,physical,2,pools_minus_current,256.45909598607113,187.07241475297616,-6.653256240177911,267.74414601793296,255.58963937827355,276.6895009057083,0.7815126050420168,259.0629943420872
modis_pretrained__physical__d1__transition_features_minus_base,shadow_point_prediction,-1.75,modis_pretrained,physical,1,transition_features_minus_base,256.84752761866713,189.45700266291874,6.329307320906306,266.4026452909542,256.16475625238957,274.88026046616324,0.7773109243697479,259.0656141951695
modis_pretrained__physical__d1__full_minus_base,v5_prediction,1.25,modis_pretrained,physical,1,full_minus_base,256.3734749192098,188.3083127641531,-1.562125490659781,267.9666899261047,255.5608146406056,275.95759532729056,0.7773109243697479,259.06861360128244
scratch__physical__d1__full_minus_current,v5_prediction,-2.5,scratch,physical,1,full_minus_current,256.45843337165667,187.65684805204992,-3.6155424480341614,267.7458797350825,255.6121949922781,276.42886664444353,0.7941176470588235,259.06873536766847
modis_pretrained__physical__d1__full_minus_base,v5_prediction,1.5,modis_pretrained,physical,1,full_minus_base,256.35310492997166,188.54457838742206,-0.31774163062467997,268.0050533533638,255.56475672550368,275.65379669935976,0.7773109243697479,259.0690049847027
scratch__physical__d1__full_minus_base,v5_prediction,1.25,scratch,physical,1,full_minus_base,256.5993703741868,186.30812907100935,0.4180927154733803,267.3412311250937,255.7542100590212,276.5633646193374,0.7815126050420168,259.07354548312213
scratch__physical_modis__d1__pools_minus_base,shadow_point_prediction,-2.0,scratch,physical_modis,1,pools_minus_base,257.1785619843523,188.5536206204842,-7.074719988831982,266.03385005292944,255.92471856263762,281.2890867387635,0.7815126050420168,259.07892314606795
scratch__physical_modis__d2__pools_minus_base,shadow_point_prediction,1.75,scratch,physical_modis,2,pools_minus_base,257.14808544057837,183.36687157709105,17.02891250534916,265.7540758132719,256.26867489364963,277.51730106119084,0.7941176470588235,259.0797303970196
scratch__physical__d1__pools_minus_base,shadow_point_prediction,1.5,scratch,physical,1,pools_minus_base,256.91036358635813,185.192717463137,6.1614983193683734,266.5163308927969,255.99060448720508,277.7103036644513,0.8067226890756303,259.08191563817957
modis_pretrained__physical__d2__transition_features_minus_base,v5_prediction,0.5,modis_pretrained,physical,2,transition_features_minus_base,256.49493636440724,187.03225238577983,-6.2619687851400485,267.81780604795586,255.5237274201886,277.82343831236,0.7815126050420168,259.08285154923976
scratch__physical_modis__d1__current_minus_base,v5_prediction,0.5,scratch,physical_modis,1,current_minus_base,256.54723520543297,186.55815113409915,-5.595862537037781,267.582751959507,255.65785517981448,277.0013548087116,0.7899159663865546,259.08376938754685
scratch__physical_modis__d2__transition_features_minus_base,v5_prediction,1.5,scratch,physical_modis,2,transition_features_minus_base,256.39472513336574,186.77836343669728,5.265531191138306,267.9933201599874,255.5585636472154,276.2485521147402,0.773109243697479,259.08533351848354
scratch__physical_modis__d1__transition_minus_current,v5_prediction,-0.5,scratch,physical_modis,1,transition_minus_current,256.5156585935514,186.78006547128896,-7.044634374416531,267.67383825343774,255.6389137424519,276.82921539822473,0.7899159663865546,259.0860172957481
modis_pretrained__physical__d1__pools_minus_current,v5_prediction,-0.25,modis_pretrained,physical,1,pools_minus_current,256.5298440055062,187.08395168719863,-8.95322550862412,267.6978073521836,255.59262597653947,277.50085301357154,0.7815126050420168,259.0875303349339
modis_pretrained__physical_modis__d2__pools_minus_base,v5_prediction,0.75,modis_pretrained,physical_modis,2,pools_minus_base,256.638082005877,187.50704374264777,-7.315502034682542,267.46432166186656,255.62054505886485,278.4512717109907,0.7857142857142857,259.0902576831213
scratch__physical__d1__full_minus_base,v5_prediction,1.5,scratch,physical,1,full_minus_base,256.63704555319504,186.20573882978712,2.0585202167351153,267.28095733137076,255.8086415123187,276.4123323927098,0.7899159663865546,259.0909224875199
scratch__physical__d1__full_minus_base,v5_prediction,1.0,scratch,physical,1,full_minus_base,256.60089029252026,186.43269146117657,-1.2223347857883549,267.4396823530068,255.7385638734527,276.7576943706438,0.7773109243697479,259.095006702875
scratch__physical_modis__d1__current_minus_base,shadow_point_prediction,2.75,scratch,physical_modis,1,current_minus_base,257.717433799129,185.73751448741285,12.597094633165499,264.29112342738995,256.6547331691969,280.0347166135193,0.8109243697478992,259.0951810487112
modis_pretrained__physical__d1__pools_minus_base,shadow_point_prediction,2.75,modis_pretrained,physical,1,pools_minus_base,257.0656707743489,186.59064693058266,-1.7033452414995771,266.01993872678895,256.23181159916464,276.92040302719965,0.8109243697478992,259.09577296866286
modis_pretrained__physical__d2__pools_minus_current,v5_prediction,-1.75,modis_pretrained,physical,2,pools_minus_current,256.37667277148665,189.4432929493811,0.1314750637663962,267.7522849291812,255.89092661077268,271.66533689002205,0.773109243697479,259.0991392707318
scratch__physical_modis__d1__pools_minus_current,shadow_point_prediction,-2.75,scratch,physical_modis,1,pools_minus_current,257.6650622133836,187.5715729188149,2.096477822262671,264.4653510675492,256.60282070112,279.9753835399633,0.7899159663865546,259.0995740488591
modis_pretrained__physical_modis__d2__transition_minus_current,shadow_point_prediction,-3.0,modis_pretrained,physical_modis,2,transition_minus_current,258.2351063872498,188.64455412938582,-8.738047534510898,262.13108127535793,257.7991469579955,272.79814687679135,0.7899159663865546,259.10011025196326
modis_pretrained__physical__d1__full_minus_base,v5_prediction,1.0,modis_pretrained,physical,1,full_minus_base,256.42877676415145,188.07204714088414,-2.806509350694884,267.95761903179647,255.59171625972198,276.2941830733358,0.7773109243697479,259.10172220495537
scratch__physical_modis__d1__full_minus_current,v5_prediction,-2.5,scratch,physical_modis,1,full_minus_current,256.5160605667577,187.4729911607287,-1.070344055566821,267.7594713497246,255.61544584579127,277.09178570494413,0.8067226890756303,259.10175958225784
modis_pretrained__physical__d1__full_minus_base,v5_prediction,1.75,modis_pretrained,physical,1,full_minus_base,256.36767512308984,188.81436209752135,0.926642229410423,268.0726967375606,255.60352362190636,275.3828957070789,0.7773109243697479,259.10289265141165
modis_pretrained__physical__d1__effect_features_minus_base,v5_prediction,-0.75,modis_pretrained,physical,1,effect_features_minus_base,256.5851120472489,187.70639542182178,-7.209602496369902,267.6874883152535,255.63898217833142,277.6533074036484,0.7815126050420168,259.1241736470207
modis_pretrained__physical_modis__d2__pools_minus_base,v5_prediction,1.0,modis_pretrained,physical_modis,2,pools_minus_base,256.70995323924745,187.639708664739,-7.159321115964957,267.4261063743305,255.66654512151,278.7883486352399,0.7857142857142857,259.12813949358383
modis_pretrained__physical__d1__current_minus_base,v5_prediction,0.25,modis_pretrained,physical,1,current_minus_base,256.58290458105887,187.037730513079,-9.159174370331279,267.74145377197726,255.65402420319526,277.467021062059,0.7815126050420168,259.14032178432257
scratch__physical__d1__transition_minus_current,shadow_point_prediction,1.75,scratch,physical,1,transition_minus_current,257.1166656266552,186.7013638880004,-11.280150901202424,266.41829503164996,255.91925220477742,280.7046530269701,0.7815126050420168,259.14271962243447
modis_pretrained__physical__d1__current_minus_base,v5_prediction,2.0,modis_pretrained,physical,1,current_minus_base,256.5797957435067,187.9289488363133,-18.78508142680316,267.4973412420197,255.91478858828881,274.37589813216584,0.7773109243697479,259.14293032933045
scratch__physical_modis__d2__pools_minus_base,v5_prediction,1.0,scratch,physical_modis,2,pools_minus_base,256.67652435162313,186.01217607941473,1.6255667909189881,267.3569354576184,255.86989547901047,276.20299019648115,0.7941176470588235,259.1449699099688
scratch__physical__d1__full_minus_base,v5_prediction,1.75,scratch,physical,1,full_minus_base,256.7138985727981,186.1384408758664,3.6989477179968504,267.25888680183675,255.9018369987669,276.3046686919761,0.7899159663865546,259.14713023654997
modis_pretrained__physical_modis__d2__pools_minus_base,v5_prediction,0.5,modis_pretrained,physical_modis,2,pools_minus_base,256.6622751013126,187.39907734164402,-7.471682953400126,267.608540014793,255.6714959506548,278.2016894370896,0.7815126050420168,259.15114654201824
scratch__physical__d1__full_minus_base,v5_prediction,0.75,scratch,physical,1,full_minus_base,256.6416046118156,186.6696082313985,-2.86276228705009,267.57626887443365,255.76170684895686,276.9952305187514,0.7773109243697479,259.1552962367554
scratch__physical_modis__d1__full_minus_current,v5_prediction,-0.5,scratch,physical_modis,1,full_minus_current,256.55862890247505,186.97652025217596,-6.441304643781601,267.8632844528159,255.6486538302583,277.2379071544155,0.7815126050420168,259.1572990220061
scratch__physical_modis__d2__full_minus_base,v5_prediction,1.25,scratch,physical_modis,2,full_minus_base,256.7374728824163,186.7010721388711,10.73645556857971,267.09651988794604,256.0599116175127,274.69996645866144,0.7899159663865546,259.1578443175728
scratch__physical__d1__full_minus_current,v5_prediction,-0.5,scratch,physical,1,full_minus_current,256.5598661838303,187.1428377303175,-6.950344322275069,267.8721265618598,255.65111474528481,277.2259256542619,0.7815126050420168,259.1607434187013
scratch__physical__d1__current_minus_base,v5_prediction,0.25,scratch,physical,1,current_minus_base,256.5946879770759,186.9637144596643,-5.726767055293447,267.76829111355323,255.69099406501846,277.20725424414013,0.7815126050420168,259.1621652831809
modis_pretrained__physical__d2__transition_features_minus_base,v5_prediction,1.0,modis_pretrained,physical,2,transition_features_minus_base,256.5447243465034,187.02319668122146,-4.7398927794448,268.01459623780744,255.5510178713251,278.1092282381316,0.7857142857142857,259.16376570053484
modis_pretrained__physical__d1__effect_features_minus_base,v5_prediction,-3.0,modis_pretrained,physical,1,effect_features_minus_base,256.7373490942162,190.47137983015645,-5.486275612973722,267.42602051725817,255.76947741406943,278.0414518047528,0.7773109243697479,259.16754902994
modis_pretrained__physical__d1__full_minus_base,v5_prediction,0.75,modis_pretrained,physical,1,full_minus_base,256.518987872364,187.8704180214644,-4.050893210729987,267.97784364504486,255.65746655984015,276.66344026415186,0.7815126050420168,259.1683214874032
modis_pretrained__physical__d1__full_minus_base,v5_prediction,2.0,modis_pretrained,physical,1,full_minus_base,256.41717954242824,189.10752146217357,2.171026089445526,268.1695979218737,255.67708259525637,275.1449895210749,0.7773109243697479,259.1702599004966
scratch__physical_modis__d1__pools_minus_current,v5_prediction,-2.0,scratch,physical_modis,1,pools_minus_current,257.10126288322687,187.8330678253454,-6.668128001756381,266.2722508314736,256.206449065084,277.6380806784414,0.7899159663865546,259.1703064157528
modis_pretrained__physical_modis__d2__transition_minus_current,v5_prediction,-1.75,modis_pretrained,physical_modis,2,transition_minus_current,257.30909834970504,188.0275265296252,-13.209126324379499,265.34175493468973,256.7295389345217,273.9897803003337,0.773109243697479,259.1723726421554
modis_pretrained__physical__d2__pools_minus_base,shadow_point_prediction,-1.0,modis_pretrained,physical,2,pools_minus_base,256.99201717658883,186.3660539429178,4.417727599792091,266.5402922299218,256.17665391498895,276.63194372990233,0.7899159663865546,259.1752451245221
modis_pretrained__physical__d1__full_minus_base,shadow_point_prediction,-2.0,modis_pretrained,physical,1,full_minus_base,257.3148142497755,185.6159372771505,-9.392978643001657,265.8839086467545,256.1931174762629,280.1931214385591,0.7941176470588235,259.1766636556421
scratch__physical_modis__d2__pools_minus_current,shadow_point_prediction,1.75,scratch,physical_modis,2,pools_minus_current,257.30153535561084,187.8338327564584,-21.78070762260925,266.0494947592637,256.0560551815804,281.3419544379268,0.7773109243697479,259.17715516301644
scratch__physical__d2__transition_minus_current,shadow_point_prediction,1.5,scratch,physical,2,transition_minus_current,257.09452927055196,188.89336140400658,-15.281743208733952,266.78078194471107,255.76475127554176,281.8796701114668,0.7773109243697479,259.1836479403392
scratch__physical_modis__d1__effect_features_minus_base,shadow_point_prediction,3.0,scratch,physical_modis,1,effect_features_minus_base,257.11942260207286,185.5628888091804,10.308899047161322,266.569257132833,255.9318457667255,280.6156015923768,0.7857142857142857,259.18498702592603
scratch__physical_modis__d2__pools_minus_base,v5_prediction,0.25,scratch,physical_modis,2,pools_minus_base,256.6476500060105,186.9062883307991,-5.431641895396725,267.728518795747,255.74975041603128,277.19925893593404,0.7815126050420168,259.1933923059498
modis_pretrained__physical_modis__d2__full_minus_current,v5_prediction,-0.25,modis_pretrained,physical_modis,2,full_minus_current,256.6649168699815,187.10536295785315,-9.258908804891846,267.72381172004805,255.72839009323047,277.63432655344656,0.7815126050420168,259.19550888831037
modis_pretrained__physical__d2__full_minus_current,v5_prediction,-0.25,modis_pretrained,physical,2,full_minus_current,256.660488705672,187.0060214866415,-9.602961504325501,267.7439056663004,255.71862747040944,277.6865592639201,0.7773109243697479,259.19587763701344
scratch__physical_modis__d2__full_minus_current,shadow_point_prediction,-1.5,scratch,physical_modis,2,full_minus_current,257.20048029372083,186.5950390686431,11.602880487088367,266.2264323006139,256.2002307609882,278.8614050760384,0.8151260504201681,259.20690591226094
modis_pretrained__physical__d1__transition_minus_current,shadow_point_prediction,1.75,modis_pretrained,physical,1,transition_minus_current,257.21296877321225,185.2345147483914,4.420784210123907,266.3628311120965,256.043603319598,280.5422666350895,0.8067226890756303,259.20809299452975
modis_pretrained__physical_modis__d2__pools_minus_current,v5_prediction,-0.5,modis_pretrained,physical_modis,2,pools_minus_current,256.5741808893703,187.35974834897942,-8.87170355276536,267.8893777521556,255.79821693063346,275.7376881914244,0.7857142857142857,259.20898911538245
modis_pretrained__physical_modis__d2__full_minus_current,v5_prediction,-2.25,modis_pretrained,physical_modis,2,full_minus_current,257.07693203370883,187.7132319488294,-21.05782091734425,266.44987593134334,256.25275095784406,276.8215771373154,0.7647058823529411,259.21412273915126
scratch__physical_modis__d2__full_minus_base,v5_prediction,0.25,scratch,physical_modis,2,full_minus_base,256.6755436476912,187.17051885132273,-4.079944718952294,267.71437919844965,255.79300754989177,277.0596950074824,0.7773109243697479,259.21461851093096
modis_pretrained__physical_modis__d2__pools_minus_current,v5_prediction,-0.75,modis_pretrained,physical_modis,2,pools_minus_current,256.5522546938188,187.51620363688966,-9.415532933730393,267.9035122154113,255.85444329127193,274.76378586565505,0.7857142857142857,259.2156162235802
scratch__physical_modis__d2__current_minus_base,shadow_point_prediction,1.25,scratch,physical_modis,2,current_minus_base,257.44302110820746,185.90857681229087,28.28324947153517,265.3991821551612,256.5822012027157,277.6174844974583,0.8067226890756303,259.2168563935729
scratch__physical_modis__d2__transition_features_minus_base,v5_prediction,0.25,scratch,physical_modis,2,transition_features_minus_base,256.6257346714621,187.2448170127412,-5.609115460506362,267.9301458156102,255.70217778239657,277.45451037012924,0.7815126050420168,259.22094823523275
scratch__physical__d1__full_minus_current,v5_prediction,-2.75,scratch,physical,1,full_minus_current,256.631973930555,187.91785140889075,-3.198692213754048,267.86995355849996,255.7889074261538,276.5736345407341,0.7983193277310925,259.2307022114409
modis_pretrained__physical_modis__d1__current_minus_base,v5_prediction,0.5,modis_pretrained,physical_modis,1,current_minus_base,256.7595244983647,186.95567141340535,-11.601889902970726,267.59784023684426,255.8406303934711,277.5437467710253,0.7815126050420168,259.2393799067612
modis_pretrained__physical_modis__d1__current_minus_base,v5_prediction,0.75,modis_pretrained,physical_modis,1,current_minus_base,256.80411188465445,186.81757265918296,-13.51081245903844,267.4425585378867,255.90693369816125,277.3543849703058,0.7773109243697479,259.2394290013392
modis_pretrained__physical_modis__d2__transition_minus_current,v5_prediction,-0.25,modis_pretrained,physical_modis,2,transition_minus_current,256.75489831057865,187.23988688641606,-8.559056438484468,267.57998668591955,255.87002304466375,277.16812421821476,0.7815126050420168,259.23995158793514
modis_pretrained__physical__d2__full_minus_current,v5_prediction,-1.75,modis_pretrained,physical,2,full_minus_current,256.9620465283869,187.56255064594802,-20.516461785266735,267.0038786322138,256.0382799840393,277.8073529746741,0.7857142857142857,259.2415629182567
scratch__physical__d1__full_minus_base,v5_prediction,2.0,scratch,physical,1,full_minus_base,256.82989426261423,186.1819369098455,5.339375219258586,267.2750290005214,256.0337579817699,276.24042422531664,0.7899159663865546,259.24214387687994
scratch__physical_modis__d1__current_minus_base,v5_prediction,2.0,scratch,physical_modis,1,current_minus_base,256.9630364035968,186.0508385705563,0.9686842243547649,266.93399364587214,256.11898917332553,276.92921412622223,0.8109243697478992,259.24476390659777
scratch__physical__d1__effect_features_minus_base,shadow_point_prediction,2.5,scratch,physical,1,effect_features_minus_base,257.0803454745927,186.6811531435494,7.138772332535042,266.72895372894124,256.09291759377976,278.6033948797334,0.8109243697478992,259.2456405679766
scratch__physical_modis__d2__current_minus_base,shadow_point_prediction,-1.25,scratch,physical_modis,2,current_minus_base,257.2543748270548,189.13072415059537,-27.159064996976834,266.55134287674804,255.92376240647343,282.0549928285897,0.7941176470588235,259.2459637343328
modis_pretrained__physical__d1__effect_features_minus_base,v5_prediction,-0.5,modis_pretrained,physical,1,effect_features_minus_base,256.6972284053774,187.63302536396438,-7.4010832611917,267.8387313566813,255.7546057733092,277.73297461045615,0.7773109243697479,259.2469484851863
scratch__physical__d1__transition_minus_current,v5_prediction,-0.25,scratch,physical,1,transition_minus_current,256.6616076870529,187.22117134420958,-6.092295771052211,267.91204421742134,255.76647962031186,277.18350002781085,0.7773109243697479,259.2504348029597
modis_pretrained__physical_modis__d2__effect_features_minus_base,shadow_point_prediction,-2.0,modis_pretrained,physical_modis,2,effect_features_minus_base,257.41147259817865,186.70319303316825,-2.6884268821117545,265.7621961295292,256.41708189544477,279.02120402809254,0.7857142857142857,259.25055580533285
modis_pretrained__physical_modis__d2__transition_features_minus_base,shadow_point_prediction,2.0,modis_pretrained,physical_modis,2,transition_features_minus_base,256.4318734227291,186.25332948643208,3.6609977204929574,268.5700288498971,255.5761882890718,276.5074492811728,0.7857142857142857,259.25249099610676
scratch__physical_modis__d1__current_minus_base,shadow_point_prediction,-2.0,scratch,physical_modis,1,current_minus_base,257.1098817755956,188.93884321005072,-8.190636777910894,266.90252288438575,255.88836315777337,280.9210798920048,0.773109243697479,259.25266239833763
modis_pretrained__physical_modis__d1__full_minus_current,v5_prediction,-0.5,modis_pretrained,physical_modis,1,full_minus_current,256.77536571040696,186.97463712652166,-11.482740847169206,267.65816064567764,255.80626832153507,278.09396724098497,0.7773109243697479,259.2537900970067
scratch__physical__d1__full_minus_base,v5_prediction,0.5,scratch,physical,1,full_minus_base,256.7214946841606,186.92217427621367,-4.5031897883118255,267.750932328048,255.82362553652212,277.27586202176565,0.7815126050420168,259.2543868082228
modis_pretrained__physical__d2__transition_features_minus_base,v5_prediction,0.25,modis_pretrained,physical,2,transition_features_minus_base,256.6777207291962,187.2002630623493,-7.023006787987672,267.9419183019442,255.7229750035656,277.84112081330807,0.7815126050420168,259.25508369097554
modis_pretrained__physical__d1__transition_minus_current,v5_prediction,-0.25,modis_pretrained,physical,1,transition_minus_current,256.69057436889625,187.45181156431946,-8.335286501241686,267.86670233611875,255.77410924425345,277.44565764630715,0.773109243697479,259.2554900795412
scratch__physical_modis__d1__pools_minus_current,v5_prediction,-0.25,scratch,physical_modis,1,pools_minus_current,256.7507743222312,187.3864309837464,-7.644555192200431,267.7136388824471,255.82631318627557,277.59458359489867,0.7857142857142857,259.2603751782963
modis_pretrained__physical_modis__d1__full_minus_current,v5_prediction,-0.75,modis_pretrained,physical_modis,1,full_minus_current,256.82546166729037,186.88714936005383,-13.332088875336161,267.54412578235525,255.85102953626517,278.202057383995,0.7815126050420168,259.2615196633003
modis_pretrained__physical_modis__d2__pools_minus_base,v5_prediction,1.25,modis_pretrained,physical_modis,2,pools_minus_base,256.87780816860385,187.8266641222644,-7.003140197247372,267.4939395842942,255.80950601069176,279.21260332860896,0.7857142857142857,259.26476548304845
modis_pretrained__physical__d1__full_minus_current,v5_prediction,-0.5,modis_pretrained,physical,1,full_minus_current,256.77264175931674,187.036160259487,-13.023071669897467,267.70591995906096,255.81382254588556,277.9831200205596,0.7773109243697479,259.266256505895
modis_pretrained__physical__d1__full_minus_base,v5_prediction,0.5,modis_pretrained,physical,1,full_minus_base,256.64407143173935,187.7032058966591,-5.295277070765089,268.0273571341727,255.75805655595704,277.06523627969375,0.7815126050420168,259.2683891384021
modis_pretrained__physical__d1__full_minus_base,v5_prediction,2.25,modis_pretrained,physical,1,full_minus_base,256.5015979612298,189.41969714583635,3.4154099494806287,268.2957252049184,255.78538716892297,274.9401637927453,0.7815126050420168,259.27107707407527
scratch__physical_modis__d1__full_minus_current,v5_prediction,-2.75,scratch,physical_modis,1,full_minus_current,256.704087625219,187.7609155105376,-0.39897398203997564,267.8928437386414,255.79451755193583,277.3851033213983,0.8067226890756303,259.2738841352538
modis_pretrained__physical__d2__transition_features_minus_base,shadow_point_prediction,2.25,modis_pretrained,physical,2,transition_features_minus_base,256.97420854660834,185.74586783415404,7.4114342629077745,267.29587857262544,255.88831315202253,279.48736081009963,0.8109243697478992,259.2831522044662
modis_pretrained__physical_modis__d1__transition_minus_current,v5_prediction,-0.25,modis_pretrained,physical_modis,1,transition_minus_current,256.73377309647714,187.41374177582566,-8.53278164519618,267.8560083489628,255.81329886539447,277.53394277753006,0.7773109243697479,259.2842133518279
scratch__physical_modis__d1__current_minus_base,v5_prediction,0.25,scratch,physical_modis,1,current_minus_base,256.7361585801907,187.02207493477775,-6.689953663936538,267.8726683848619,255.82596916861962,277.42524280106704,0.7899159663865546,259.29273867846575
modis_pretrained__physical_modis__d1__effect_features_minus_base,shadow_point_prediction,3.0,modis_pretrained,physical_modis,1,effect_features_minus_base,257.1653559322616,185.81996955281483,-5.343312438629283,266.6249358651426,256.22943322671995,278.1496941759119,0.7983193277310925,259.29627023909643
modis_pretrained__physical_modis__d2__pools_minus_base,shadow_point_prediction,2.25,modis_pretrained,physical_modis,2,pools_minus_base,257.3563057894055,185.7742518307029,1.9677205057374263,266.3417105788829,256.14195095371946,281.11331637878925,0.8067226890756303,259.29906827785334
scratch__physical__d1__transition_features_minus_base,shadow_point_prediction,-2.75,scratch,physical,1,transition_features_minus_base,256.9658706838517,189.25484399088538,-3.458723636067243,267.1820163949521,256.12681483582725,276.8756321120924,0.7773109243697479,259.31014314962067
modis_pretrained__physical_modis__d2__pools_minus_base,v5_prediction,0.25,modis_pretrained,physical_modis,2,pools_minus_base,256.78250537308134,187.37992958598466,-7.627863872117711,267.85859021310984,255.81927544809434,278.0398374321793,0.7773109243697479,259.31071910184176
scratch__physical_modis__d1__transition_minus_current,v5_prediction,-0.25,scratch,physical_modis,1,transition_minus_current,256.741128206989,187.14308504721942,-7.414339582625913,267.92985845135615,255.83579610313905,277.3776703315028,0.7815126050420168,259.3119777421183
modis_pretrained__physical__d2__pools_minus_base,v5_prediction,1.75,modis_pretrained,physical,2,pools_minus_base,257.007035290644,188.99225946962798,-14.531406675232912,267.5199703326666,255.7341899247623,281.28101541075836,0.7899159663865546,259.31705770967926
scratch__physical_modis__d2__current_minus_base,v5_prediction,0.5,scratch,physical_modis,2,current_minus_base,256.7529264067028,186.70866701135535,3.304418102867109,267.8238861693163,255.9602912388255,276.1195205728392,0.7857142857142857,259.32250755538684
scratch__physical_modis__d2__current_minus_base,v5_prediction,0.25,scratch,physical_modis,2,current_minus_base,256.7467199432086,186.97006625034567,-2.239813343984094,267.92093703176545,255.88833867795256,276.86538161145035,0.7773109243697479,259.3256788990338
modis_pretrained__physical__d2__effect_features_minus_base,shadow_point_prediction,-2.0,modis_pretrained,physical,2,effect_features_minus_base,257.2181620009348,186.71019323917554,-0.5478807405594305,266.6280814232776,256.2388771646469,278.6625408380997,0.7857142857142857,259.32582064744855
modis_pretrained__physical_modis__d2__pools_minus_current,v5_prediction,-0.25,modis_pretrained,physical_modis,2,pools_minus_current,256.7230488683678,187.28169788910992,-8.327874171800328,267.9929779106893,255.86781968220697,276.8054095947064,0.7857142857142857,259.326723832408
modis_pretrained__physical_modis__d2__full_minus_base,shadow_point_prediction,2.5,modis_pretrained,physical_modis,2,full_minus_base,256.73076696635474,186.7049665786652,11.434247755370189,267.7312317428096,256.1176718076843,273.84970200571996,0.7941176470588235,259.3276093708008
scratch__physical_modis__d2__full_minus_base,shadow_point_prediction,2.0,scratch,physical_modis,2,full_minus_base,257.4231626409726,185.3147069821632,30.194892812343173,265.76610018235556,256.70474942633075,275.92339365648786,0.7815126050420168,259.3292937226579
modis_pretrained__physical_modis__d1__pools_minus_current,v5_prediction,-0.5,modis_pretrained,physical_modis,1,pools_minus_current,256.8949842569627,187.41330144329729,-11.085710858263242,267.56677591191936,255.97643934244041,277.681172419607,0.7815126050420168,259.3332959420713
modis_pretrained__physical__d1__full_minus_current,v5_prediction,-0.75,modis_pretrained,physical,1,full_minus_current,256.873217050833,187.02952628016558,-15.642585109428554,267.6776703552222,255.91897103870826,278.0397734774344,0.7773109243697479,259.3357688738991
modis_pretrained__physical__d2__effect_features_minus_base,v5_prediction,0.5,modis_pretrained,physical,2,effect_features_minus_base,256.76036049577914,187.38322347900913,-7.506551546375646,268.0111672437926,255.81161061775816,277.8638802304524,0.773109243697479,259.33587471327724
scratch__physical_modis__d1__full_minus_current,v5_prediction,-0.25,scratch,physical_modis,1,full_minus_current,256.7572579753742,187.24453829412965,-7.112674717308448,268.02253926084995,255.83593668929612,277.5675500979534,0.7857142857142857,259.3432479752236
modis_pretrained__physical__d1__full_minus_current,v5_prediction,-0.25,modis_pretrained,physical,1,full_minus_current,256.814471932736,187.13593773761693,-10.403558230366382,267.88485579003395,255.86211853398294,277.9584823387389,0.7773109243697479,259.3439795473722
scratch__physical__d2__effect_features_minus_base,shadow_point_prediction,-1.25,scratch,physical,2,effect_features_minus_base,257.22825772560356,186.35323048324997,-3.172406868607085,266.67955321201225,256.24214719956433,278.74411536029,0.7773109243697479,259.3445539656959
scratch__physical_modis__d2__transition_features_minus_base,shadow_point_prediction,2.25,scratch,physical_modis,2,transition_features_minus_base,256.97088558776613,186.16241896359904,20.136456210239565,267.35770478105735,256.079888219078,277.4604141589452,0.7941176470588235,259.3448410439169
scratch__physical__d1__full_minus_current,v5_prediction,-0.25,scratch,physical,1,full_minus_current,256.7586729879219,187.30936561208077,-7.367194556555182,268.02767974876696,255.8373465091664,277.56908103882006,0.7857142857142857,259.34559305844425
modis_pretrained__physical_modis__d2__pools_minus_current,v5_prediction,-1.0,modis_pretrained,physical_modis,2,pools_minus_current,256.65730281556887,187.80919360634044,-9.959362314695426,268.035362674754,256.03591934446825,273.8847034485904,0.7857142857142857,259.34647191259
scratch__physical__d1__pools_minus_current,shadow_point_prediction,1.25,scratch,physical,1,pools_minus_current,257.0676078462022,185.96722438674743,-5.058124705355737,267.16218708726916,256.09426765088824,278.44334101252883,0.7983193277310925,259.34791760764045
modis_pretrained__physical_modis__d1__current_minus_base,v5_prediction,0.25,modis_pretrained,physical_modis,1,current_minus_base,256.8243941770019,187.1248003571348,-9.69296734690301,267.8551440171467,255.89282715069248,277.7475853788197,0.7815126050420168,259.34918988046076
modis_pretrained__physical_modis__d1__current_minus_base,v5_prediction,1.0,modis_pretrained,physical_modis,1,current_minus_base,256.9580993568861,186.80302894515162,-15.419735015106156,267.38947666287925,256.0912945953061,277.1795296471897,0.7815126050420168,259.3492424929894
modis_pretrained__physical_modis__d2__full_minus_base,shadow_point_prediction,-1.75,modis_pretrained,physical_modis,2,full_minus_base,257.5280143198003,186.1765828440543,-7.048416625384552,266.1744792068227,256.169726752385,282.58467053630585,0.7941176470588235,259.3500586497021
modis_pretrained__physical__d2__effect_features_minus_base,v5_prediction,0.75,modis_pretrained,physical,2,effect_features_minus_base,256.7714350598949,187.40455982237398,-7.367804924145822,268.0527354749945,255.81256924830865,277.9823522264316,0.7773109243697479,259.3520437107732
modis_pretrained__physical_modis__d2__full_minus_base,v5_prediction,0.5,modis_pretrained,physical_modis,2,full_minus_base,256.7211422846188,187.6100106636113,-5.609613687217091,268.0791544285267,255.8900654540133,276.53030038146176,0.7773109243697479,259.3528761129444
modis_pretrained__physical_modis__d1__pools_minus_current,v5_prediction,-0.75,modis_pretrained,physical_modis,1,pools_minus_current,256.98374465321405,187.55778115662093,-12.736543891977217,267.369224395754,256.0833530187508,277.5766385438211,0.7815126050420168,259.35501668023323
modis_pretrained__physical_modis__d1__full_minus_current,v5_prediction,-0.25,modis_pretrained,physical_modis,1,full_minus_current,256.83311540029393,187.11410102481517,-9.633392819002252,267.88160194906806,255.87723281133032,278.0152294469112,0.7773109243697479,259.35626639024656
scratch__physical__d2__current_minus_base,v5_prediction,1.5,scratch,physical,2,current_minus_base,257.1427454374619,186.53410216172992,28.718733687194096,266.7284601629657,256.41141771536485,275.7912112207662,0.819327731092437,259.3563421883136
modis_pretrained__physical_modis__d2__effect_features_minus_base,v5_prediction,0.75,modis_pretrained,physical_modis,2,effect_features_minus_base,256.6897058682557,187.37234336416776,-6.5651001210637006,268.2924765474561,255.75770843564135,277.6117623955154,0.7773109243697479,259.35739917990225
modis_pretrained__physical_modis__d2__effect_features_minus_base,v5_prediction,0.5,modis_pretrained,physical_modis,2,effect_features_minus_base,256.7235036854294,187.39339891813606,-6.971415010987565,268.1923200212464,255.79111014144354,277.65124090799196,0.7815126050420168,259.3576093833872
modis_pretrained__physical_modis__d2__transition_features_minus_base,v5_prediction,0.5,modis_pretrained,physical_modis,2,transition_features_minus_base,256.642041217734,187.32494476998576,-7.009318420031845,268.4394303450052,255.71667654967672,277.4909424338139,0.7857142857142857,259.3600473325375
modis_pretrained__physical_modis__d1__transition_features_minus_base,shadow_point_prediction,-2.5,modis_pretrained,physical_modis,1,transition_features_minus_base,256.8805153588187,190.83399533672102,12.163949254347468,267.3966164037924,256.3035498230536,273.51080175686855,0.7689075630252101,259.36529923612085
modis_pretrained__physical_modis__d2__pools_minus_base,shadow_point_prediction,-1.75,modis_pretrained,physical_modis,2,pools_minus_base,256.98249899561654,186.50007489446165,-0.5311741937439269,267.2641659085521,256.23230882350924,275.85394751669355,0.7899159663865546,259.36536818082357
scratch__physical__d1__full_minus_base,v5_prediction,2.25,scratch,physical,1,full_minus_base,256.98497961899426,186.29459614353536,6.979802720520321,267.3293770052064,256.2043486998728,276.21962928868504,0.7899159663865546,259.37592123576695
modis_pretrained__physical_modis__d2__full_minus_base,v5_prediction,0.75,modis_pretrained,physical_modis,2,full_minus_base,256.71429464467786,187.7896886589244,-4.522398135407986,268.1525548537391,255.93129361568467,275.96631353373533,0.7773109243697479,259.37810943969487
scratch__physical_modis__d2__transition_features_minus_base,v5_prediction,1.75,scratch,physical_modis,2,transition_features_minus_base,256.6756363290141,187.1015444699629,7.44046052146724,268.30252255131415,255.86233567862942,276.2791783821587,0.7689075630252101,259.3790327219929
modis_pretrained__physical_modis__d1__full_minus_current,v5_prediction,-1.0,modis_pretrained,physical_modis,1,full_minus_current,256.9833402011334,186.92673172911762,-15.181436903503117,267.53963725782927,256.01152344468994,278.3394656799348,0.7773109243697479,259.3794602761965
scratch__physical__d1__full_minus_base,v5_prediction,0.25,scratch,physical,1,full_minus_base,256.840523952783,187.20785107456305,-6.143617289573561,267.9635982561891,255.9242891817213,277.599458181542,0.7815126050420168,259.3922338358691
modis_pretrained__physical__d1__effect_features_minus_base,v5_prediction,-0.25,modis_pretrained,physical,1,effect_features_minus_base,256.83508420829594,187.56209456244454,-7.5925640260134974,268.0143099364285,255.89617670075899,277.83717098580456,0.7773109243697479,259.3951637634448
scratch__physical__d2__full_minus_current,shadow_point_prediction,1.75,scratch,physical,2,full_minus_current,257.6584901591698,187.9911155799018,0.749266417253894,265.8754772960854,256.3943933284181,281.88581582414014,0.7647058823529411,259.39671273571076
modis_pretrained__physical_modis__d2__transition_features_minus_base,v5_prediction,0.25,modis_pretrained,physical_modis,2,transition_features_minus_base,256.7538255267071,187.33614492241094,-7.396681605433572,268.2619344504562,255.82202117540763,277.67654940934733,0.773109243697479,259.3979016698195
modis_pretrained__physical__d1__full_minus_base,v5_prediction,0.25,modis_pretrained,physical,1,full_minus_base,256.8039764854745,187.56449572303458,-6.539660930800193,268.1061432720875,255.89346328201117,277.49942977948933,0.7815126050420168,259.4018898812619
modis_pretrained__physical_modis__d1__pools_minus_current,v5_prediction,-0.25,modis_pretrained,physical_modis,1,pools_minus_current,256.899950528934,187.34536101601444,-9.43487782454927,267.8485149669928,255.96982394465684,277.81092766013177,0.7815126050420168,259.4045599923794
modis_pretrained__physical__d1__full_minus_base,v5_prediction,2.5,modis_pretrained,physical,1,full_minus_base,256.6208959234019,189.74671563519314,4.659793809515733,268.45103739249987,255.92837725005137,274.76849250142084,0.7815126050420168,259.40530162233875
modis_pretrained__physical__d2__effect_features_minus_base,v5_prediction,0.25,modis_pretrained,physical,2,effect_features_minus_base,256.8361204187013,187.4442452344999,-7.645298168605471,268.0649999874859,255.89532383118762,277.8583835693303,0.773109243697479,259.408141164019
scratch__physical__d2__transition_features_minus_base,v5_prediction,2.0,scratch,physical,2,transition_features_minus_base,256.9691334255082,187.21267979818745,19.761212585186406,267.5794760139345,256.14600464615285,276.69739966619153,0.7983193277310925,259.41593687777595
modis_pretrained__physical_modis__d2__full_minus_base,v5_prediction,0.25,modis_pretrained,physical_modis,2,full_minus_base,256.81595586786995,187.50281608329846,-6.696829239026193,268.099702095516,255.93422346718398,277.1970653886497,0.7773109243697479,259.41645932460995
modis_pretrained__physical__d2__transition_features_minus_base,v5_prediction,1.25,modis_pretrained,physical,2,transition_features_minus_base,256.7772161575468,187.33928411710608,-3.9788547765971765,268.33517231938606,255.77765408194173,278.4123709999435,0.7857142857142857,259.41681467910536
modis_pretrained__physical_modis__d2__effect_features_minus_base,shadow_point_prediction,2.75,modis_pretrained,physical_modis,2,effect_features_minus_base,256.8300608425936,184.09416784561344,5.031556026441679,268.1928256878057,255.81612657619945,278.6150198818012,0.7857142857142857,259.4172684872981
modis_pretrained__physical_modis__d1__transition_minus_current,shadow_point_prediction,2.0,modis_pretrained,physical_modis,1,transition_minus_current,257.30421704493006,185.9637999886496,6.551987072166246,266.8284282184496,256.2333390034602,279.6840552450231,0.8025210084033614,259.4175503279424
modis_pretrained__physical__d1__current_minus_base,shadow_point_prediction,3.0,modis_pretrained,physical,1,current_minus_base,257.03542259831744,189.7454754461748,-15.93946271667263,266.96078848972036,256.64620400710464,270.7860215108524,0.773109243697479,259.41945942336497
modis_pretrained__physical_modis__d2__effect_features_minus_base,v5_prediction,1.0,modis_pretrained,physical_modis,2,effect_features_minus_base,256.725142694709,187.4162672832203,-6.158785231139835,268.46659942087496,255.7929399609682,277.6509077929332,0.7857142857142857,259.42745619281527
modis_pretrained__physical_modis__d2__effect_features_minus_base,v5_prediction,0.25,modis_pretrained,physical_modis,2,effect_features_minus_base,256.8265088128402,187.44548737332443,-7.37772990091143,268.16621271860976,255.89311804544445,277.7693098066288,0.7773109243697479,259.42808709743366
scratch__physical__d1__current_minus_base,shadow_point_prediction,-1.75,scratch,physical,1,current_minus_base,257.3205308617761,188.071639058961,-13.838851911513775,266.9365061779059,256.1352110608908,280.8052183121906,0.7857142857142857,259.42819474058723
scratch__physical_modis__d2__transition_minus_current,shadow_point_prediction,1.75,scratch,physical_modis,2,transition_minus_current,257.2486973383048,190.73525561487622,-23.023022578376704,267.38094635097934,255.84040490111394,282.721243844287,0.7689075630252101,259.4296864821757
scratch__physical__d1__pools_minus_current,v5_prediction,-3.0,scratch,physical,1,pools_minus_current,257.0927895251018,188.99582335736292,5.704475871488474,267.4780743281893,256.0565286901733,279.11637563105205,0.773109243697479,259.43004551714154
scratch__physical__d1__full_minus_current,v5_prediction,-3.0,scratch,physical,1,full_minus_current,256.8467337127505,188.21871819305866,-2.7818419794739344,268.02502539477484,256.0058304732126,276.77261603644484,0.7983193277310925,259.4310808233721
modis_pretrained__physical_modis__d1__current_minus_base,shadow_point_prediction,2.25,modis_pretrained,physical_modis,1,current_minus_base,257.5668481754297,187.12137047039923,-16.61821076733027,265.66092193505176,256.93338070103397,274.9866120063263,0.7815126050420168,259.43199974673627
modis_pretrained__physical__d1__effect_features_minus_base,shadow_point_prediction,2.0,modis_pretrained,physical,1,effect_features_minus_base,257.3076848893277,186.33186655702747,-0.969753881295217,266.7483327921005,256.37245768306695,278.29066118265996,0.8109243697478992,259.43404006345565
scratch__physical_modis__d1__transition_minus_current,shadow_point_prediction,2.25,scratch,physical_modis,1,transition_minus_current,257.31517435501456,188.18712523656387,-2.7652546366052757,267.01495666548175,256.09522050234546,281.1219460014311,0.7605042016806722,259.43513146946407
modis_pretrained__physical__d2__pools_minus_current,shadow_point_prediction,-3.0,modis_pretrained,physical,2,pools_minus_current,257.15645071615506,190.39816794982804,14.13155484516778,266.6299920213397,256.8153995050684,270.05513975865136,0.7689075630252101,259.4395732396796
scratch__physical__d1__pools_minus_base,v5_prediction,-0.5,scratch,physical,1,pools_minus_base,256.9430464546217,187.85944079461197,-9.650513484865032,267.9431378208527,255.9442461700587,278.577672199325,0.7857142857142857,259.44336922503874
modis_pretrained__physical_modis__d2__current_minus_base,shadow_point_prediction,3.0,modis_pretrained,physical_modis,2,current_minus_base,257.0558477386024,187.5193125654034,-4.089689309690209,267.1536473957077,256.5187047181792,273.12782830490374,0.7689075630252101,259.4460118977729
scratch__physical_modis__d2__full_minus_current,shadow_point_prediction,2.25,scratch,physical_modis,2,full_minus_current,257.71921966588746,189.54665380201493,-15.99909013743463,266.05050556596086,256.31162000945824,283.2104979288253,0.7773109243697479,259.4501412267985
scratch__physical__d1__pools_minus_base,v5_prediction,-0.25,scratch,physical,1,pools_minus_base,256.9150519159279,187.63039725110193,-8.717279137850163,268.0197581682627,255.9507236992324,278.1896746367905,0.7857142857142857,259.4501464248377
modis_pretrained__physical__d1__current_minus_base,shadow_point_prediction,-1.25,modis_pretrained,physical,1,current_minus_base,257.3196113983786,187.79059632330703,7.437740134759081,266.74854042723973,256.4201110013385,277.9168336416338,0.7857142857142857,259.45196855633384
scratch__physical_modis__d1__pools_minus_current,v5_prediction,-2.25,scratch,physical_modis,1,pools_minus_current,257.4487446948665,188.31221005369474,-6.5286384031215166,266.3630129061563,256.5519546056321,278.0217178319058,0.7857142857142857,259.4531142253803
modis_pretrained__physical__d2__full_minus_current,shadow_point_prediction,1.25,modis_pretrained,physical,2,full_minus_current,257.2511436486092,187.54428621470657,9.656675804730193,266.9979760783289,256.31878254513464,278.20102701633465,0.7899159663865546,259.4547614801705
scratch__physical__d2__full_minus_base,v5_prediction,1.5,scratch,physical,2,full_minus_base,257.20882267036865,186.1704390714333,28.879168698601003,266.8895737778034,256.51231693163,275.42817593523284,0.7815126050420168,259.45488401254266
modis_pretrained__physical_modis__d2__transition_features_minus_base,v5_prediction,0.75,modis_pretrained,physical_modis,2,transition_features_minus_base,256.66345892151884,187.45481306419714,-6.621955234630123,268.74640688744,255.7477471484266,277.4092561924119,0.7815126050420168,259.4552679697261
modis_pretrained__physical__d2__effect_features_minus_base,v5_prediction,1.0,modis_pretrained,physical,2,effect_features_minus_base,256.8693328798041,187.43952984825856,-7.2290583019159955,268.18966032088633,255.89816975088524,278.2136552321098,0.7815126050420168,259.45662395784495
scratch__physical__d2__transition_minus_current,v5_prediction,-0.25,scratch,physical,2,transition_minus_current,256.8872375301949,187.1920347601729,-5.143405549833108,268.07000660380453,256.01068827835,277.2139968206565,0.7857142857142857,259.4637924856361
modis_pretrained__physical__d1__transition_features_minus_base,v5_prediction,0.25,modis_pretrained,physical,1,transition_features_minus_base,256.9035985238617,187.1136063083254,-8.607932659924886,268.0980487696102,255.95533611316574,278.0081103083976,0.7857142857142857,259.46514548262485
scratch__physical_modis__d1__effect_features_minus_base,v5_prediction,0.5,scratch,physical_modis,1,effect_features_minus_base,256.86314404996347,187.18099552072457,-6.1595769891882695,268.22548938914304,255.9180194678725,277.9326074239049,0.7773109243697479,259.46744923923563
modis_pretrained__physical_modis__d1__pools_minus_current,v5_prediction,-1.0,modis_pretrained,physical_modis,1,pools_minus_current,257.16613466896916,187.7577466452422,-14.387376925691191,267.25604710892264,256.2902229728181,277.49735453560953,0.7815126050420168,259.4696348549198
modis_pretrained__physical__d1__transition_features_minus_base,v5_prediction,0.5,modis_pretrained,physical,1,transition_features_minus_base,256.9155025632376,186.91051047475193,-9.431820529014479,268.0911938437686,255.96197038059364,278.0763362138043,0.7857142857142857,259.4710423377094
modis_pretrained__physical__d1__pools_minus_current,v5_prediction,-3.0,modis_pretrained,physical,1,pools_minus_current,256.92621964067604,191.50387985792568,-21.814213404301192,267.72689426175754,256.31791447909893,273.98735295161947,0.7647058823529411,259.4743120055522
scratch__physical__d2__pools_minus_base,v5_prediction,2.0,scratch,physical,2,pools_minus_base,257.1033474418937,184.71983494086086,17.734661715204616,267.2832250036179,256.40771887646196,275.30779735239344,0.7899159663865546,259.4744096909668
scratch__physical_modis__d1__effect_features_minus_base,v5_prediction,0.75,scratch,physical_modis,1,effect_features_minus_base,256.85481588980764,187.00725753798264,-5.347343088364757,268.2903735919998,255.9021995984337,278.0033463214062,0.7773109243697479,259.4755512425122
modis_pretrained__physical_modis__d2__transition_minus_current,v5_prediction,-2.0,modis_pretrained,physical_modis,2,transition_minus_current,257.73660780253164,188.51664166386652,-13.984137972028671,265.2328056588616,257.20624182460006,273.73222645551874,0.773109243697479,259.47806577213123
modis_pretrained__physical_modis__d1__pools_minus_current,shadow_point_prediction,1.75,modis_pretrained,physical_modis,1,pools_minus_current,257.07349361278324,187.78110509915084,12.117923473276983,267.5177883764535,256.2514935152325,276.7929927179308,0.7899159663865546,259.4790672793131
modis_pretrained__physical_modis__d1__pools_minus_base,v5_prediction,0.75,modis_pretrained,physical_modis,1,pools_minus_base,256.84947006306544,186.770950420967,-8.55831335789652,268.3178823044983,255.90893108209036,277.869560947818,0.7857142857142857,259.48143837817986
scratch__physical_modis__d2__full_minus_base,v5_prediction,1.5,scratch,physical_modis,2,full_minus_base,257.09140955107125,187.05793090328763,14.440555640462712,267.28858469512,256.4627833276465,274.4303550276088,0.7899159663865546,259.48354678122723
scratch__physical_modis__d1__full_minus_current,v5_prediction,-3.0,scratch,physical_modis,1,full_minus_current,256.9348922367204,188.0809866287597,0.2723960914868716,268.0586453703929,256.0140795236349,277.7472324095148,0.8067226890756303,259.48562734186714
scratch__physical__d1__transition_features_minus_base,v5_prediction,0.5,scratch,physical,1,transition_features_minus_base,256.95619236764463,187.16086669292508,-7.0529873593177665,268.02442223988095,256.00688734025664,278.074021962386,0.7773109243697479,259.4859235788567
scratch__physical_modis__d1__full_minus_current,shadow_point_prediction,2.25,scratch,physical_modis,1,full_minus_current,257.43011329668303,187.99342165556345,-5.48023842446246,266.79245183670264,256.29362216233324,280.45645458848384,0.7857142857142857,259.4865751481005
modis_pretrained__physical_modis__d1__pools_minus_current,shadow_point_prediction,-2.5,modis_pretrained,physical_modis,1,pools_minus_current,257.87382940509474,188.88602819253884,-15.946238099860572,264.9778579626706,257.2229763369332,275.53287356267975,0.7857142857142857,259.48712327744835
modis_pretrained__physical_modis__d1__pools_minus_base,v5_prediction,0.5,modis_pretrained,physical_modis,1,pools_minus_base,256.876766335331,186.98730978366595,-8.300223835542779,268.25876945255317,255.9375048124139,277.88441150314964,0.7815126050420168,259.4874517339073
scratch__physical_modis__d2__pools_minus_base,v5_prediction,1.25,scratch,physical_modis,2,pools_minus_base,257.0466944315281,186.12941286669687,3.977969686357559,267.5957080178358,256.26400464093433,276.3080322692972,0.7815126050420168,259.48827538045657
modis_pretrained__physical__d2__transition_features_minus_base,shadow_point_prediction,-1.25,modis_pretrained,physical,2,transition_features_minus_base,257.37819725955285,186.86211079439218,-3.243097776958951,266.62310928757864,256.5773118314257,276.86571930802774,0.7773109243697479,259.48920390952753
modis_pretrained__physical_modis__d2__full_minus_base,v5_prediction,1.0,modis_pretrained,physical_modis,2,full_minus_base,256.7954199850783,188.01908832308078,-3.4351825835988854,268.31982627104844,256.0579448974783,275.50573603664714,0.7773109243697479,259.49215278467085
scratch__physical_modis__d1__full_minus_base,v5_prediction,0.5,scratch,physical_modis,1,full_minus_base,256.9788495268435,187.0879259633423,-6.938602684091475,267.94491776274714,256.0672619363287,277.6933218773282,0.7815126050420168,259.4924696881907
scratch__physical_modis__d1__full_minus_base,v5_prediction,0.75,scratch,physical_modis,1,full_minus_base,257.008821086216,186.89023281424986,-6.515881630719565,267.847549843088,256.1084970804347,277.60202725413035,0.7815126050420168,259.4934222739887
scratch__physical__d1__full_minus_current,shadow_point_prediction,2.25,scratch,physical,1,full_minus_current,257.47888368782856,187.23480637708772,-3.1895598712418547,266.6294198650796,256.4036591744727,279.90980958391197,0.7815126050420168,259.4977116038024
scratch__physical__d1__transition_features_minus_base,v5_prediction,0.25,scratch,physical,1,transition_features_minus_base,256.94740753397167,187.29933688943012,-7.418516075076531,268.0917412010788,256.0052360656345,277.9890788918487,0.7815126050420168,259.49794808366414
scratch__physical_modis__d1__effect_features_minus_base,v5_prediction,0.25,scratch,physical_modis,1,effect_features_minus_base,256.9110921570918,187.3547335034665,-6.971810890011782,268.20008654010553,255.97183944737634,277.9201123469988,0.7815126050420168,259.49852757541635
modis_pretrained__physical_modis__d1__pools_minus_base,v5_prediction,1.0,modis_pretrained,physical_modis,1,pools_minus_base,256.8446116676917,186.61242943273967,-8.81640288025026,268.40151994982926,255.9033710680414,277.87196726214745,0.7857142857142857,259.49852858831355
modis_pretrained__physical_modis__d2__pools_minus_base,v5_prediction,1.5,modis_pretrained,physical_modis,2,pools_minus_base,257.1414588274,188.06049758292573,-6.846959278529788,267.66774066632746,256.0493247108118,279.72363912582216,0.7857142857142857,259.49999575798483
scratch__physical__d1__pools_minus_base,shadow_point_prediction,-2.25,scratch,physical,1,pools_minus_base,257.47429499252667,188.55155167943235,-7.837016885854646,266.99909276258137,256.0616154546875,282.99601117158426,0.7773109243697479,259.5023245505805
scratch__physical__d1__effect_features_minus_base,v5_prediction,-0.5,scratch,physical,1,effect_features_minus_base,256.9829966985579,187.46413552197149,-9.09938080988647,268.0237166279272,256.0289967376002,278.1516869381372,0.7815126050420168,259.5046766906608
scratch__physical_modis__d1__current_minus_base,v5_prediction,2.25,scratch,physical_modis,1,current_minus_base,257.2900037651135,186.24099666122785,2.0627753512535225,267.00824623528285,256.44066618411387,277.32919807364556,0.8109243697478992,259.50722998740594
modis_pretrained__physical__d2__effect_features_minus_base,shadow_point_prediction,2.25,modis_pretrained,physical,2,effect_features_minus_base,257.28039196090174,185.09234904079324,1.810811837347585,267.3383372804714,256.13843867267394,280.3520778431929,0.8151260504201681,259.5093899687372
modis_pretrained__physical_modis__d2__current_minus_base,v5_prediction,2.5,modis_pretrained,physical_modis,2,current_minus_base,256.97934660714185,189.3756755014356,-11.660529413309774,267.60906531829767,256.4761430154761,272.5501172141168,0.7689075630252101,259.51097538701435
scratch__physical__d2__transition_minus_current,v5_prediction,-0.5,scratch,physical,2,transition_minus_current,256.9444618776867,187.2491802150301,-2.5027663088309233,268.05356613973606,256.12077901966654,276.6780902245185,0.7815126050420168,259.515817228694
modis_pretrained__physical_modis__d1__pools_minus_base,v5_prediction,0.25,modis_pretrained,physical_modis,1,pools_minus_base,256.9264933329832,187.25137047437119,-8.042134313189036,268.22419760875596,255.98908307719972,277.9165161617639,0.7773109243697479,259.5165668379805
scratch__physical__d2__transition_features_minus_base,shadow_point_prediction,2.25,scratch,physical,2,transition_features_minus_base,257.46657176186267,186.20713662061792,31.550506785303575,266.69265688642014,256.4443461259131,279.36448824718394,0.7941176470588235,259.5175366340147
scratch__physical_modis__d1__full_minus_base,v5_prediction,0.25,scratch,physical_modis,1,full_minus_base,256.9754548255746,187.30819872477537,-7.361323737463385,268.067137894017,256.05231210088147,277.81461553144084,0.7815126050420168,259.5175899115119
modis_pretrained__physical__d1__pools_minus_base,shadow_point_prediction,3.0,modis_pretrained,physical,1,pools_minus_base,257.49681759779406,186.93300061514427,-1.9092941032067354,266.401564842774,256.68077163737246,277.164729864109,0.8151260504201681,259.5189929189337
scratch__physical__d1__effect_features_minus_base,v5_prediction,-0.25,scratch,physical,1,effect_features_minus_base,256.97347544629037,187.46568389124246,-8.441712800360882,268.10133487276073,256.0296484937735,278.03387933922664,0.7773109243697479,259.51948356477874
scratch__physical_modis__d1__full_minus_base,v5_prediction,1.0,scratch,physical_modis,1,full_minus_base,257.0653602078088,186.71091262198115,-6.093160577347654,267.7750612451999,256.1760072799621,277.54076126561085,0.7773109243697479,259.52044723519487
scratch__physical_modis__d1__effect_features_minus_base,v5_prediction,1.0,scratch,physical_modis,1,effect_features_minus_base,256.8861115300198,186.84962067051723,-4.535109187541243,268.39471051492205,255.924369286049,278.1322845991024,0.7773109243697479,259.5228257152527
scratch__physical__d1__effect_features_minus_base,v5_prediction,-0.75,scratch,physical,1,effect_features_minus_base,257.0271979379161,187.51556531456677,-9.757048819412057,267.98135213449643,256.06167582951815,278.319228507103,0.7815126050420168,259.5243559599617
scratch__physical__d1__transition_features_minus_base,v5_prediction,0.75,scratch,physical,1,transition_features_minus_base,257.02498638281537,187.07852585940566,-6.687458643559002,268.01226091122527,256.0686059240405,278.22064161390085,0.7857142857142857,259.5327099002242
modis_pretrained__physical_modis__d1__pools_minus_base,v5_prediction,1.25,modis_pretrained,physical_modis,1,pools_minus_base,256.86219242240713,186.46591627921472,-9.074492402604003,268.50965947098075,255.9208270412729,277.89162999784674,0.7815126050420168,259.53871783926695
modis_pretrained__physical__d1__pools_minus_base,v5_prediction,-0.5,modis_pretrained,physical,1,pools_minus_base,256.9671078778932,187.78231297503942,-7.372147067420979,268.20063774646974,256.0203187090792,278.05871563876315,0.7773109243697479,259.53879305283385
modis_pretrained__physical__d1__pools_minus_base,v5_prediction,-0.25,modis_pretrained,physical,1,pools_minus_base,256.96918916138367,187.63641243847496,-7.578095929128137,268.19474778869915,256.0277904957905,278.0035651602382,0.7773109243697479,259.54022915181423
scratch__physical__d1__full_minus_base,shadow_point_prediction,-3.0,scratch,physical,1,full_minus_base,257.27999278502216,188.80358711669663,-19.123037777861658,267.4761457114048,256.156493304249,280.17410404160694,0.7815126050420168,259.5481561464245
scratch__physical__d1__pools_minus_base,v5_prediction,-0.75,scratch,physical,1,pools_minus_base,257.0825852005403,188.1538162743342,-10.583747831879899,267.9844162605182,256.0440006075529,279.1291769394004,0.773109243697479,259.5483968172879
scratch__physical__d1__full_minus_base,v5_prediction,2.5,scratch,physical,1,full_minus_base,257.179083925837,186.45373106444097,8.620230221782055,267.42190752225906,256.41353628151495,276.24229369444805,0.7857142857142857,259.548402913862
modis_pretrained__physical_modis__d2__transition_features_minus_base,shadow_point_prediction,-1.5,modis_pretrained,physical_modis,2,transition_features_minus_base,257.97856511108523,186.2736954320346,-1.7620868751311791,265.19119083450204,257.04997844984666,278.9188749859735,0.7941176470588235,259.5495748766298
modis_pretrained__physical__d1__full_minus_current,v5_prediction,-1.0,modis_pretrained,physical,1,full_minus_current,257.1160306944081,187.18646719047615,-18.26209854895964,267.80015466512094,256.177283770882,278.1284231449737,0.773109243697479,259.5523749562048
scratch__physical_modis__d1__transition_features_minus_base,v5_prediction,0.25,scratch,physical_modis,1,transition_features_minus_base,256.9964985209055,187.40869261266863,-7.059658872145921,268.1675950543816,256.05737983725464,278.0077439090797,0.7815126050420168,259.5544929833618
modis_pretrained__physical__d1__transition_features_minus_base,shadow_point_prediction,2.0,modis_pretrained,physical,1,transition_features_minus_base,257.4263340379453,187.58569657911204,-6.029010715437566,266.7984116564764,256.5720933445078,277.5262903711892,0.7899159663865546,259.55579326921867
scratch__physical_modis__d2__pools_minus_current,v5_prediction,0.25,scratch,physical_modis,2,pools_minus_current,257.03451234475,187.75073824633068,-10.975873342247926,268.1097478922453,256.0532974781732,278.49097531830563,0.7815126050420168,259.5580175149796
scratch__physical_modis__d2__current_minus_base,v5_prediction,0.75,scratch,physical_modis,2,current_minus_base,257.0172387264468,186.61714355664134,8.848649549718308,267.923236873785,256.28015799270406,275.73116366855436,0.7899159663865546,259.55946807984566
modis_pretrained__physical__d1__pools_minus_base,v5_prediction,-0.75,modis_pretrained,physical,1,pools_minus_base,256.9923948500202,187.98392804505323,-7.16619820571382,268.23184446830084,256.0412469191879,278.1313099977791,0.7773109243697479,259.56447027188227
scratch__physical_modis__d2__full_minus_current,v5_prediction,0.25,scratch,physical_modis,2,full_minus_current,257.04968508723874,187.8851879236405,-9.624176165803496,268.0856179957908,256.0815314657337,278.37031442068786,0.773109243697479,259.5666299090005
modis_pretrained__physical_modis__d2__effect_features_minus_base,v5_prediction,1.25,modis_pretrained,physical_modis,2,effect_features_minus_base,256.8297855062451,187.4717002255973,-5.75247034121597,268.7145448543909,255.8967763254675,277.7686438593009,0.7857142857142857,259.56772304808715
modis_pretrained__physical_modis__d1__current_minus_base,v5_prediction,1.25,modis_pretrained,physical_modis,1,current_minus_base,257.22129043556646,186.8583574345033,-17.32865757117387,267.43865546643787,256.3929604199668,277.0192082712699,0.773109243697479,259.5685491893844
modis_pretrained__physical__d1__current_minus_base,v5_prediction,0.0,modis_pretrained,physical,1,current_minus_base,256.9986380355725,187.52847148620842,-7.784044790835296,268.2141762628503,256.063649799484,277.9658689451882,0.7773109243697479,259.56877553336983
modis_pretrained__physical__d1__effect_features_minus_base,v5_prediction,0.0,modis_pretrained,physical,1,effect_features_minus_base,256.9986380355725,187.52847148620842,-7.784044790835296,268.2141762628503,256.063649799484,277.9658689451882,0.7773109243697479,259.56877553336983
modis_pretrained__physical__d1__full_minus_base,v5_prediction,0.0,modis_pretrained,physical,1,full_minus_base,256.9986380355725,187.52847148620842,-7.784044790835296,268.2141762628503,256.063649799484,277.9658689451882,0.7773109243697479,259.56877553336983
modis_pretrained__physical__d1__full_minus_current,v5_prediction,0.0,modis_pretrained,physical,1,full_minus_current,256.9986380355725,187.52847148620842,-7.784044790835296,268.2141762628503,256.063649799484,277.9658689451882,0.7773109243697479,259.56877553336983
modis_pretrained__physical__d1__pools_minus_base,v5_prediction,0.0,modis_pretrained,physical,1,pools_minus_base,256.9986380355725,187.52847148620842,-7.784044790835296,268.2141762628503,256.063649799484,277.9658689451882,0.7773109243697479,259.56877553336983
modis_pretrained__physical__d1__pools_minus_current,v5_prediction,0.0,modis_pretrained,physical,1,pools_minus_current,256.9986380355725,187.52847148620842,-7.784044790835296,268.2141762628503,256.063649799484,277.9658689451882,0.7773109243697479,259.56877553336983
modis_pretrained__physical__d1__transition_features_minus_base,v5_prediction,0.0,modis_pretrained,physical,1,transition_features_minus_base,256.9986380355725,187.52847148620842,-7.784044790835296,268.2141762628503,256.063649799484,277.9658689451882,0.7773109243697479,259.56877553336983
modis_pretrained__physical__d1__transition_minus_current,v5_prediction,0.0,modis_pretrained,physical,1,transition_minus_current,256.9986380355725,187.52847148620842,-7.784044790835296,268.2141762628503,256.063649799484,277.9658689451882,0.7773109243697479,259.56877553336983
modis_pretrained__physical__d2__current_minus_base,v5_prediction,0.0,modis_pretrained,physical,2,current_minus_base,256.9986380355725,187.52847148620842,-7.784044790835296,268.2141762628503,256.063649799484,277.9658689451882,0.7773109243697479,259.56877553336983
modis_pretrained__physical__d2__effect_features_minus_base,v5_prediction,0.0,modis_pretrained,physical,2,effect_features_minus_base,256.9986380355725,187.52847148620842,-7.784044790835296,268.2141762628503,256.063649799484,277.9658689451882,0.7773109243697479,259.56877553336983
modis_pretrained__physical__d2__full_minus_base,v5_prediction,0.0,modis_pretrained,physical,2,full_minus_base,256.9986380355725,187.52847148620842,-7.784044790835296,268.2141762628503,256.063649799484,277.9658689451882,0.7773109243697479,259.56877553336983
modis_pretrained__physical__d2__full_minus_current,v5_prediction,0.0,modis_pretrained,physical,2,full_minus_current,256.9986380355725,187.52847148620842,-7.784044790835296,268.2141762628503,256.063649799484,277.9658689451882,0.7773109243697479,259.56877553336983
modis_pretrained__physical__d2__pools_minus_base,v5_prediction,0.0,modis_pretrained,physical,2,pools_minus_base,256.9986380355725,187.52847148620842,-7.784044790835296,268.2141762628503,256.063649799484,277.9658689451882,0.7773109243697479,259.56877553336983
modis_pretrained__physical__d2__pools_minus_current,v5_prediction,0.0,modis_pretrained,physical,2,pools_minus_current,256.9986380355725,187.52847148620842,-7.784044790835296,268.2141762628503,256.063649799484,277.9658689451882,0.7773109243697479,259.56877553336983
modis_pretrained__physical__d2__transition_features_minus_base,v5_prediction,0.0,modis_pretrained,physical,2,transition_features_minus_base,256.9986380355725,187.52847148620842,-7.784044790835296,268.2141762628503,256.063649799484,277.9658689451882,0.7773109243697479,259.56877553336983
modis_pretrained__physical__d2__transition_minus_current,v5_prediction,0.0,modis_pretrained,physical,2,transition_minus_current,256.9986380355725,187.52847148620842,-7.784044790835296,268.2141762628503,256.063649799484,277.9658689451882,0.7773109243697479,259.56877553336983
modis_pretrained__physical_modis__d1__current_minus_base,v5_prediction,0.0,modis_pretrained,physical_modis,1,current_minus_base,256.9986380355725,187.52847148620842,-7.784044790835296,268.2141762628503,256.063649799484,277.9658689451882,0.7773109243697479,259.56877553336983
modis_pretrained__physical_modis__d1__effect_features_minus_base,v5_prediction,0.0,modis_pretrained,physical_modis,1,effect_features_minus_base,256.9986380355725,187.52847148620842,-7.784044790835296,268.2141762628503,256.063649799484,277.9658689451882,0.7773109243697479,259.56877553336983
modis_pretrained__physical_modis__d1__full_minus_base,v5_prediction,0.0,modis_pretrained,physical_modis,1,full_minus_base,256.9986380355725,187.52847148620842,-7.784044790835296,268.2141762628503,256.063649799484,277.9658689451882,0.7773109243697479,259.56877553336983
modis_pretrained__physical_modis__d1__full_minus_current,v5_prediction,0.0,modis_pretrained,physical_modis,1,full_minus_current,256.9986380355725,187.52847148620842,-7.784044790835296,268.2141762628503,256.063649799484,277.9658689451882,0.7773109243697479,259.56877553336983
modis_pretrained__physical_modis__d1__pools_minus_base,v5_prediction,0.0,modis_pretrained,physical_modis,1,pools_minus_base,256.9986380355725,187.52847148620842,-7.784044790835296,268.2141762628503,256.063649799484,277.9658689451882,0.7773109243697479,259.56877553336983
modis_pretrained__physical_modis__d1__pools_minus_current,v5_prediction,0.0,modis_pretrained,physical_modis,1,pools_minus_current,256.9986380355725,187.52847148620842,-7.784044790835296,268.2141762628503,256.063649799484,277.9658689451882,0.7773109243697479,259.56877553336983
modis_pretrained__physical_modis__d1__transition_features_minus_base,v5_prediction,0.0,modis_pretrained,physical_modis,1,transition_features_minus_base,256.9986380355725,187.52847148620842,-7.784044790835296,268.2141762628503,256.063649799484,277.9658689451882,0.7773109243697479,259.56877553336983
modis_pretrained__physical_modis__d1__transition_minus_current,v5_prediction,0.0,modis_pretrained,physical_modis,1,transition_minus_current,256.9986380355725,187.52847148620842,-7.784044790835296,268.2141762628503,256.063649799484,277.9658689451882,0.7773109243697479,259.56877553336983
modis_pretrained__physical_modis__d2__current_minus_base,v5_prediction,0.0,modis_pretrained,physical_modis,2,current_minus_base,256.9986380355725,187.52847148620842,-7.784044790835296,268.2141762628503,256.063649799484,277.9658689451882,0.7773109243697479,259.56877553336983
modis_pretrained__physical_modis__d2__effect_features_minus_base,v5_prediction,0.0,modis_pretrained,physical_modis,2,effect_features_minus_base,256.9986380355725,187.52847148620842,-7.784044790835296,268.2141762628503,256.063649799484,277.9658689451882,0.7773109243697479,259.56877553336983
modis_pretrained__physical_modis__d2__full_minus_base,v5_prediction,0.0,modis_pretrained,physical_modis,2,full_minus_base,256.9986380355725,187.52847148620842,-7.784044790835296,268.2141762628503,256.063649799484,277.9658689451882,0.7773109243697479,259.56877553336983
modis_pretrained__physical_modis__d2__full_minus_current,v5_prediction,0.0,modis_pretrained,physical_modis,2,full_minus_current,256.9986380355725,187.52847148620842,-7.784044790835296,268.2141762628503,256.063649799484,277.9658689451882,0.7773109243697479,259.56877553336983
modis_pretrained__physical_modis__d2__pools_minus_base,v5_prediction,0.0,modis_pretrained,physical_modis,2,pools_minus_base,256.9986380355725,187.52847148620842,-7.784044790835296,268.2141762628503,256.063649799484,277.9658689451882,0.7773109243697479,259.56877553336983
modis_pretrained__physical_modis__d2__pools_minus_current,v5_prediction,0.0,modis_pretrained,physical_modis,2,pools_minus_current,256.9986380355725,187.52847148620842,-7.784044790835296,268.2141762628503,256.063649799484,277.9658689451882,0.7773109243697479,259.56877553336983
modis_pretrained__physical_modis__d2__transition_features_minus_base,v5_prediction,0.0,modis_pretrained,physical_modis,2,transition_features_minus_base,256.9986380355725,187.52847148620842,-7.784044790835296,268.2141762628503,256.063649799484,277.9658689451882,0.7773109243697479,259.56877553336983
modis_pretrained__physical_modis__d2__transition_minus_current,v5_prediction,0.0,modis_pretrained,physical_modis,2,transition_minus_current,256.9986380355725,187.52847148620842,-7.784044790835296,268.2141762628503,256.063649799484,277.9658689451882,0.7773109243697479,259.56877553336983
scratch__physical__d1__current_minus_base,v5_prediction,0.0,scratch,physical,1,current_minus_base,256.9986380355725,187.52847148620842,-7.784044790835296,268.2141762628503,256.063649799484,277.9658689451882,0.7773109243697479,259.56877553336983
scratch__physical__d1__effect_features_minus_base,v5_prediction,0.0,scratch,physical,1,effect_features_minus_base,256.9986380355725,187.52847148620842,-7.784044790835296,268.2141762628503,256.063649799484,277.9658689451882,0.7773109243697479,259.56877553336983
scratch__physical__d1__full_minus_base,v5_prediction,0.0,scratch,physical,1,full_minus_base,256.9986380355725,187.52847148620842,-7.784044790835296,268.2141762628503,256.063649799484,277.9658689451882,0.7773109243697479,259.56877553336983
scratch__physical__d1__full_minus_current,v5_prediction,0.0,scratch,physical,1,full_minus_current,256.9986380355725,187.52847148620842,-7.784044790835296,268.2141762628503,256.063649799484,277.9658689451882,0.7773109243697479,259.56877553336983
scratch__physical__d1__pools_minus_base,v5_prediction,0.0,scratch,physical,1,pools_minus_base,256.9986380355725,187.52847148620842,-7.784044790835296,268.2141762628503,256.063649799484,277.9658689451882,0.7773109243697479,259.56877553336983
scratch__physical__d1__pools_minus_current,v5_prediction,0.0,scratch,physical,1,pools_minus_current,256.9986380355725,187.52847148620842,-7.784044790835296,268.2141762628503,256.063649799484,277.9658689451882,0.7773109243697479,259.56877553336983
scratch__physical__d1__transition_features_minus_base,v5_prediction,0.0,scratch,physical,1,transition_features_minus_base,256.9986380355725,187.52847148620842,-7.784044790835296,268.2141762628503,256.063649799484,277.9658689451882,0.7773109243697479,259.56877553336983
scratch__physical__d1__transition_minus_current,v5_prediction,0.0,scratch,physical,1,transition_minus_current,256.9986380355725,187.52847148620842,-7.784044790835296,268.2141762628503,256.063649799484,277.9658689451882,0.7773109243697479,259.56877553336983
scratch__physical__d2__current_minus_base,v5_prediction,0.0,scratch,physical,2,current_minus_base,256.9986380355725,187.52847148620842,-7.784044790835296,268.2141762628503,256.063649799484,277.9658689451882,0.7773109243697479,259.56877553336983
scratch__physical__d2__effect_features_minus_base,v5_prediction,0.0,scratch,physical,2,effect_features_minus_base,256.9986380355725,187.52847148620842,-7.784044790835296,268.2141762628503,256.063649799484,277.9658689451882,0.7773109243697479,259.56877553336983
scratch__physical__d2__full_minus_base,v5_prediction,0.0,scratch,physical,2,full_minus_base,256.9986380355725,187.52847148620842,-7.784044790835296,268.2141762628503,256.063649799484,277.9658689451882,0.7773109243697479,259.56877553336983
scratch__physical__d2__full_minus_current,v5_prediction,0.0,scratch,physical,2,full_minus_current,256.9986380355725,187.52847148620842,-7.784044790835296,268.2141762628503,256.063649799484,277.9658689451882,0.7773109243697479,259.56877553336983
scratch__physical__d2__pools_minus_base,v5_prediction,0.0,scratch,physical,2,pools_minus_base,256.9986380355725,187.52847148620842,-7.784044790835296,268.2141762628503,256.063649799484,277.9658689451882,0.7773109243697479,259.56877553336983
scratch__physical__d2__pools_minus_current,v5_prediction,0.0,scratch,physical,2,pools_minus_current,256.9986380355725,187.52847148620842,-7.784044790835296,268.2141762628503,256.063649799484,277.9658689451882,0.7773109243697479,259.56877553336983
scratch__physical__d2__transition_features_minus_base,v5_prediction,0.0,scratch,physical,2,transition_features_minus_base,256.9986380355725,187.52847148620842,-7.784044790835296,268.2141762628503,256.063649799484,277.9658689451882,0.7773109243697479,259.56877553336983
scratch__physical__d2__transition_minus_current,v5_prediction,0.0,scratch,physical,2,transition_minus_current,256.9986380355725,187.52847148620842,-7.784044790835296,268.2141762628503,256.063649799484,277.9658689451882,0.7773109243697479,259.56877553336983
scratch__physical_modis__d1__current_minus_base,v5_prediction,0.0,scratch,physical_modis,1,current_minus_base,256.9986380355725,187.52847148620842,-7.784044790835296,268.2141762628503,256.063649799484,277.9658689451882,0.7773109243697479,259.56877553336983
scratch__physical_modis__d1__effect_features_minus_base,v5_prediction,0.0,scratch,physical_modis,1,effect_features_minus_base,256.9986380355725,187.52847148620842,-7.784044790835296,268.2141762628503,256.063649799484,277.9658689451882,0.7773109243697479,259.56877553336983
scratch__physical_modis__d1__full_minus_base,v5_prediction,0.0,scratch,physical_modis,1,full_minus_base,256.9986380355725,187.52847148620842,-7.784044790835296,268.2141762628503,256.063649799484,277.9658689451882,0.7773109243697479,259.56877553336983
scratch__physical_modis__d1__full_minus_current,v5_prediction,0.0,scratch,physical_modis,1,full_minus_current,256.9986380355725,187.52847148620842,-7.784044790835296,268.2141762628503,256.063649799484,277.9658689451882,0.7773109243697479,259.56877553336983
scratch__physical_modis__d1__pools_minus_base,v5_prediction,0.0,scratch,physical_modis,1,pools_minus_base,256.9986380355725,187.52847148620842,-7.784044790835296,268.2141762628503,256.063649799484,277.9658689451882,0.7773109243697479,259.56877553336983
scratch__physical_modis__d1__pools_minus_current,v5_prediction,0.0,scratch,physical_modis,1,pools_minus_current,256.9986380355725,187.52847148620842,-7.784044790835296,268.2141762628503,256.063649799484,277.9658689451882,0.7773109243697479,259.56877553336983
scratch__physical_modis__d1__transition_features_minus_base,v5_prediction,0.0,scratch,physical_modis,1,transition_features_minus_base,256.9986380355725,187.52847148620842,-7.784044790835296,268.2141762628503,256.063649799484,277.9658689451882,0.7773109243697479,259.56877553336983
scratch__physical_modis__d1__transition_minus_current,v5_prediction,0.0,scratch,physical_modis,1,transition_minus_current,256.9986380355725,187.52847148620842,-7.784044790835296,268.2141762628503,256.063649799484,277.9658689451882,0.7773109243697479,259.56877553336983
scratch__physical_modis__d2__current_minus_base,v5_prediction,0.0,scratch,physical_modis,2,current_minus_base,256.9986380355725,187.52847148620842,-7.784044790835296,268.2141762628503,256.063649799484,277.9658689451882,0.7773109243697479,259.56877553336983
scratch__physical_modis__d2__effect_features_minus_base,v5_prediction,0.0,scratch,physical_modis,2,effect_features_minus_base,256.9986380355725,187.52847148620842,-7.784044790835296,268.2141762628503,256.063649799484,277.9658689451882,0.7773109243697479,259.56877553336983
scratch__physical_modis__d2__full_minus_base,v5_prediction,0.0,scratch,physical_modis,2,full_minus_base,256.9986380355725,187.52847148620842,-7.784044790835296,268.2141762628503,256.063649799484,277.9658689451882,0.7773109243697479,259.56877553336983
scratch__physical_modis__d2__full_minus_current,v5_prediction,0.0,scratch,physical_modis,2,full_minus_current,256.9986380355725,187.52847148620842,-7.784044790835296,268.2141762628503,256.063649799484,277.9658689451882,0.7773109243697479,259.56877553336983
scratch__physical_modis__d2__pools_minus_base,v5_prediction,0.0,scratch,physical_modis,2,pools_minus_base,256.9986380355725,187.52847148620842,-7.784044790835296,268.2141762628503,256.063649799484,277.9658689451882,0.7773109243697479,259.56877553336983
scratch__physical_modis__d2__pools_minus_current,v5_prediction,0.0,scratch,physical_modis,2,pools_minus_current,256.9986380355725,187.52847148620842,-7.784044790835296,268.2141762628503,256.063649799484,277.9658689451882,0.7773109243697479,259.56877553336983
scratch__physical_modis__d2__transition_features_minus_base,v5_prediction,0.0,scratch,physical_modis,2,transition_features_minus_base,256.9986380355725,187.52847148620842,-7.784044790835296,268.2141762628503,256.063649799484,277.9658689451882,0.7773109243697479,259.56877553336983
scratch__physical_modis__d2__transition_minus_current,v5_prediction,0.0,scratch,physical_modis,2,transition_minus_current,256.9986380355725,187.52847148620842,-7.784044790835296,268.2141762628503,256.063649799484,277.9658689451882,0.7773109243697479,259.56877553336983
modis_pretrained__physical__d1__current_minus_base,v5_prediction,2.25,modis_pretrained,physical,1,current_minus_base,256.99464741777797,188.6167373261184,-20.160211006299143,267.9008302581584,256.3911982668959,273.99239858543285,0.7773109243697479,259.57033084015256
modis_pretrained__physical__d1__full_minus_base,v5_prediction,2.75,modis_pretrained,physical,1,full_minus_base,256.77502481372545,190.08630544050692,5.904177669550837,268.63548386467505,256.1059792805625,274.63003782164435,0.7857142857142857,259.57287819317213
scratch__physical_modis__d1__full_minus_base,v5_prediction,1.25,scratch,physical_modis,1,full_minus_base,257.1484493674263,186.54218158049417,-5.670439523975744,267.72747217769853,256.26977426570943,277.5095438001026,0.7773109243697479,259.57353629456514
modis_pretrained__physical__d2__full_minus_current,shadow_point_prediction,-3.0,modis_pretrained,physical,2,full_minus_current,257.9287222293997,187.35753885917043,-21.264908324603304,265.30564658590646,257.1322534806276,277.3863881416071,0.7941176470588235,259.57383613133334
modis_pretrained__physical_modis__d2__pools_minus_current,shadow_point_prediction,1.25,modis_pretrained,physical_modis,2,pools_minus_current,257.7287448069596,187.00691381907708,3.2812391421043285,266.4389483395493,256.3991717666007,282.5443552077637,0.773109243697479,259.57390243001726
modis_pretrained__physical_modis__d1__full_minus_base,v5_prediction,0.25,modis_pretrained,physical_modis,1,full_minus_base,257.00229877026504,187.58837092547827,-7.843619318736056,268.200756050048,256.09056308067517,277.7193650406381,0.7815126050420168,259.5739791678133
scratch__physical__d1__effect_features_minus_base,v5_prediction,-1.0,scratch,physical,1,effect_features_minus_base,257.1060612779914,187.62206950924187,-10.414716828937646,267.97425811244045,256.12765199791187,278.53641430016353,0.7815126050420168,259.5785081665838
modis_pretrained__physical_modis__d1__effect_features_minus_base,v5_prediction,0.25,modis_pretrained,physical_modis,1,effect_features_minus_base,257.0088653702999,187.31381906411286,-8.276161847161,268.22713327919377,256.0731571301597,277.98422913317887,0.7857142857142857,259.5795052874883
scratch__physical_modis__d1__pools_minus_base,v5_prediction,-0.25,scratch,physical_modis,1,pools_minus_base,257.0617000773758,187.9154406109065,-8.738646319099189,268.0967296106689,256.1086672192358,278.2235541024515,0.7815126050420168,259.5821992461641
scratch__physical_modis__d2__pools_minus_base,shadow_point_prediction,-1.25,scratch,physical_modis,2,pools_minus_base,257.3690750128648,188.04778626634743,-11.199922239913688,267.36267225030326,256.23231191828836,280.3951574044189,0.7773109243697479,259.5832835485803
modis_pretrained__physical_modis__d1__effect_features_minus_base,v5_prediction,-0.25,modis_pretrained,physical_modis,1,effect_features_minus_base,257.0142969800116,187.77068870527324,-7.291927734509591,268.2283732162937,256.0802365679985,277.97227373696734,0.7773109243697479,259.5843009360788
scratch__physical_modis__d1__transition_features_minus_base,v5_prediction,0.5,scratch,physical_modis,1,transition_features_minus_base,257.04145405247914,187.28891373912887,-6.3352729534565455,268.1654692412336,256.0966723187162,278.1149267611748,0.7815126050420168,259.586262416227
modis_pretrained__physical__d1__transition_features_minus_base,v5_prediction,0.75,modis_pretrained,physical,1,transition_features_minus_base,257.03433529506043,186.78987786560737,-10.255708398104069,268.1936198642201,256.0836148792023,278.17052754199784,0.7899159663865546,259.5864763333858
modis_pretrained__physical_modis__d1__full_minus_base,v5_prediction,-0.25,modis_pretrained,physical_modis,1,full_minus_base,257.02133266610434,187.4981607952463,-7.724470262934536,268.2462611676511,256.0627887498893,278.2396610065862,0.7773109243697479,259.58792881243727
modis_pretrained__physical_modis__d2__full_minus_current,v5_prediction,-2.5,modis_pretrained,physical_modis,2,full_minus_current,257.51288655546205,188.09370957874648,-22.5326849314008,266.6237341756262,256.71671028400294,276.9507756957173,0.7647058823529411,259.5915543926383
modis_pretrained__physical_modis__d1__transition_features_minus_base,v5_prediction,-0.25,modis_pretrained,physical_modis,1,transition_features_minus_base,256.99387479633964,188.0274889380806,-6.623859089128468,268.3032581360997,256.0775590973497,277.7601652502104,0.7773109243697479,259.5921417065322
modis_pretrained__physical_modis__d1__transition_features_minus_base,shadow_point_prediction,1.75,modis_pretrained,physical_modis,1,transition_features_minus_base,257.5648827979862,187.1541587540274,-7.559207674668645,266.6132537931739,256.6520928463015,278.3170896926841,0.8025210084033614,259.5987780588619
scratch__physical__d2__full_minus_current,v5_prediction,-0.25,scratch,physical,2,full_minus_current,256.9698795020347,187.3103813301597,-7.810783959403113,268.4022226320222,256.06094037978505,277.6552401626077,0.7815126050420168,259.60073050396915
modis_pretrained__physical_modis__d2__pools_minus_current,v5_prediction,-1.25,modis_pretrained,physical_modis,2,pools_minus_current,256.88916948616765,188.32920172201062,-10.503191695660458,268.28475557313885,256.34189231713714,273.101356585491,0.7899159663865546,259.6012467156528
modis_pretrained__physical_modis__d1__pools_minus_base,v5_prediction,1.5,modis_pretrained,physical_modis,1,pools_minus_base,256.9022077204331,186.33910371360216,-9.332581924957744,268.64227127892764,255.9612943575924,277.9285454923726,0.7857142857142857,259.60199526934656
scratch__physical_modis__d1__transition_features_minus_base,shadow_point_prediction,2.5,scratch,physical_modis,1,transition_features_minus_base,257.78807434804514,186.88305514253125,7.8059514241729175,266.1959469978246,256.6380623446612,280.96081367034486,0.8109243697478992,259.60253950964403
modis_pretrained__physical_modis__d1__full_minus_base,v5_prediction,0.5,modis_pretrained,physical_modis,1,full_minus_base,257.03231374409773,187.7319343082996,-7.903193846636816,268.2060033310177,256.1435173375197,277.50022201328926,0.7857142857142857,259.60353703918327
scratch__physical__d1__transition_features_minus_base,shadow_point_prediction,2.5,scratch,physical,1,transition_features_minus_base,257.84003693609645,186.70333350549456,4.217379394866811,265.9937141027692,256.7410294097666,280.5218718006687,0.8151260504201681,259.6037043461822
scratch__physical_modis__d2__pools_minus_current,shadow_point_prediction,-1.25,scratch,physical_modis,2,pools_minus_current,257.6088941782265,187.77728627040398,16.52123499434232,266.5288307471749,256.67992214048974,278.5376422796264,0.8025210084033614,259.6066353110294
modis_pretrained__physical_modis__d1__full_minus_current,v5_prediction,-1.25,modis_pretrained,physical_modis,1,full_minus_current,257.24880286729643,186.99713388646862,-17.030784931670073,267.6447005835272,256.28749053448246,278.50614873417396,0.7689075630252101,259.60744921315063
scratch__physical_modis__d1__effect_features_minus_base,v5_prediction,1.25,scratch,physical_modis,1,effect_features_minus_base,256.9570164928614,186.76578503386946,-3.7228752867177306,268.5384541714784,255.98449774370312,278.31934137012416,0.7815126050420168,259.60924622522606
scratch__physical_modis__d2__transition_minus_current,v5_prediction,0.25,scratch,physical_modis,2,transition_minus_current,257.0436236282751,188.04295977146958,-11.153346907357564,268.33704314194,256.0337155154914,278.7968648425679,0.7773109243697479,259.6145014784954
modis_pretrained__physical__d2__pools_minus_current,v5_prediction,-2.0,modis_pretrained,physical,2,pools_minus_current,256.88896535660314,190.51636399393465,1.2622636144237807,268.22500907309075,256.4613263274625,271.2778245758627,0.773109243697479,259.6160665284399
modis_pretrained__physical_modis__d1__effect_features_minus_base,v5_prediction,0.5,modis_pretrained,physical_modis,1,effect_features_minus_base,257.0449758942951,187.0991666420173,-8.768278903486705,268.2672403308022,256.108755991949,278.02734939469883,0.7857142857142857,259.6164870278353
modis_pretrained__physical__d1__pools_minus_base,v5_prediction,-1.0,modis_pretrained,physical,1,pools_minus_base,257.04504200065526,188.25554638911785,-6.9602493440066615,268.28835911981884,256.0905760548356,278.22133458275493,0.7773109243697479,259.6172547939912
scratch__physical__d2__pools_minus_current,shadow_point_prediction,-1.25,scratch,physical,2,pools_minus_current,257.74049117645956,188.72776316639326,15.031882736028713,266.31713567253513,256.6904668532411,279.9319172930858,0.7941176470588235,259.6221462196738
modis_pretrained__physical__d1__pools_minus_base,v5_prediction,0.25,modis_pretrained,physical,1,pools_minus_base,257.05544509457394,187.45710109558692,-7.989993652542454,268.25891766791125,256.1278726288133,277.9456340952862,0.7773109243697479,259.6244201214681
modis_pretrained__physical_modis__d1__effect_features_minus_base,v5_prediction,-0.5,modis_pretrained,physical_modis,1,effect_features_minus_base,257.0558374729117,188.07575747330776,-6.799810678183888,268.2697198285232,256.1229118790752,278.0034417968697,0.7773109243697479,259.62607666335543
scratch__physical_modis__d2__full_minus_base,shadow_point_prediction,-1.5,scratch,physical_modis,2,full_minus_base,257.3335542975673,188.3372435977164,-21.662508194018844,267.6513641722103,256.197860667033,280.34769207544144,0.7899159663865546,259.62908335859447
scratch__physical_modis__d1__transition_features_minus_base,v5_prediction,-0.25,scratch,physical_modis,1,transition_features_minus_base,257.04787142050617,187.67620591781738,-8.50843070952467,268.305189712567,256.1154879658753,277.98933138249214,0.7815126050420168,259.62910512986366
modis_pretrained__physical__d2__full_minus_current,v5_prediction,-2.0,modis_pretrained,physical,2,full_minus_current,257.40010841108034,187.93392491243623,-22.335378498756942,267.2287545517777,256.4890346995285,278.1267538247042,0.7773109243697479,259.62950151836674
modis_pretrained__physical_modis__d1__full_minus_base,v5_prediction,-0.5,modis_pretrained,physical_modis,1,full_minus_base,257.0703756817649,187.49394406126612,-7.664895735033776,268.29700406827226,256.08798359438845,278.5406607560095,0.7773109243697479,259.6314347565476
scratch__physical__d1__transition_features_minus_base,v5_prediction,1.0,scratch,physical,1,transition_features_minus_base,257.15374141834724,187.0926264816456,-6.321929927800237,268.0552647224081,256.1903517879713,278.42884041039645,0.7857142857142857,259.63827483676846
modis_pretrained__physical_modis__d1__transition_features_minus_base,v5_prediction,0.25,modis_pretrained,physical_modis,1,transition_features_minus_base,257.093653590754,187.21619095084787,-8.944230492542125,268.22238830636206,256.1461081129032,278.1987273508874,0.7815126050420168,259.6389509001933
modis_pretrained__physical_modis__d1__pools_minus_base,v5_prediction,-0.25,modis_pretrained,physical_modis,1,pools_minus_base,257.09318157073614,187.80557249804565,-7.525955268481554,268.2287081665442,256.1611820340063,278.0324606684202,0.7773109243697479,259.6440633355057
scratch__physical_modis__d2__effect_features_minus_base,shadow_point_prediction,-1.5,scratch,physical_modis,2,effect_features_minus_base,257.57639603442794,187.1962823455284,-7.426824368181378,266.87078584449023,256.5548893463802,279.4718818748748,0.7815126050420168,259.64461681493157
scratch__physical_modis__d1__full_minus_base,v5_prediction,-0.25,scratch,physical_modis,1,full_minus_base,257.048391965647,187.74874424764147,-8.206765844207206,268.3859920783749,256.10126922996454,278.14703324317384,0.7815126050420168,259.6460113099084
modis_pretrained__physical__d2__effect_features_minus_base,v5_prediction,1.25,modis_pretrained,physical,2,effect_features_minus_base,257.05395475680956,187.49885326448168,-7.090311679686171,268.4217958542026,256.0682933787244,278.557508176565,0.7815126050420168,259.64949968663655
scratch__physical__d1__effect_features_minus_base,v5_prediction,0.25,scratch,physical,1,effect_features_minus_base,257.05847428115095,187.60791553799905,-7.126376781309708,268.3621963661364,256.13100421525655,277.94769231032166,0.7815126050420168,259.6525372859237
scratch__physical_modis__d1__full_minus_base,v5_prediction,1.5,scratch,physical_modis,1,full_minus_base,257.25806283969115,186.4086254505591,-5.247718470603834,267.7047959195258,256.3897717765308,277.5083849982587,0.7815126050420168,259.6526733438597
scratch__physical_modis__d1__pools_minus_base,v5_prediction,0.25,scratch,physical_modis,1,pools_minus_base,257.0332685444363,187.2180823770706,-6.829443262571402,268.4360972182743,256.1112772984591,277.8624790856727,0.7815126050420168,259.6534779014015
modis_pretrained__physical_modis__d1__full_minus_base,v5_prediction,0.75,modis_pretrained,physical_modis,1,full_minus_base,257.08867372653833,187.9041961955374,-7.962768374537576,268.22991701020374,256.2224937414891,277.3085047289435,0.7815126050420168,259.6574395511924
scratch__physical__d2__pools_minus_current,v5_prediction,0.25,scratch,physical,2,pools_minus_current,257.10926492582973,187.65943071438662,-10.678002890585205,268.28597636736384,256.1385317764672,278.4595230200528,0.7815126050420168,259.6607594988726
scratch__physical_modis__d1__pools_minus_base,shadow_point_prediction,2.0,scratch,physical_modis,1,pools_minus_base,257.322169551445,184.20214264359123,8.198904463390313,267.71736302845375,256.28511902742815,279.36404248064787,0.8067226890756303,259.661705289693
scratch__physical_modis__d1__transition_features_minus_base,v5_prediction,0.75,scratch,physical_modis,1,transition_features_minus_base,257.13347992892744,187.17122206776793,-5.61088703476717,268.20779988046576,256.18149424494203,278.2873420411449,0.7815126050420168,259.6640634958157
scratch__physical__d1__effect_features_minus_base,v5_prediction,-1.25,scratch,physical,1,effect_features_minus_base,257.2195548366563,187.73101091600475,-11.072384838463233,268.0024373625865,256.2268765087621,278.8031282997761,0.7815126050420168,259.66710588616525
scratch__physical__d2__full_minus_current,v5_prediction,0.25,scratch,physical,2,full_minus_current,257.1730012633647,187.89955477176593,-7.757305622267478,268.1509742928246,256.20614083897135,278.48541316119406,0.773109243697479,259.67577941463134
modis_pretrained__physical_modis__d1__pools_minus_current,v5_prediction,-1.25,modis_pretrained,physical_modis,1,pools_minus_current,257.4419553028513,188.0708310793027,-16.038209959405165,267.22735125506557,256.59651212047277,277.44334204167086,0.7773109243697479,259.6769434953102
scratch__physical_modis__d1__effect_features_minus_base,v5_prediction,-0.25,scratch,physical_modis,1,effect_features_minus_base,257.1257412387971,187.73458767830041,-8.596278691658808,268.2677523347951,256.19342049939536,278.06984846240675,0.7773109243697479,259.67816382794615
scratch__physical_modis__d2__full_minus_current,v5_prediction,0.5,scratch,physical_modis,2,full_minus_current,257.2222898684779,188.40531794066197,-11.464307540771696,268.05450503083466,256.213978887106,278.96707599543026,0.7773109243697479,259.6782659137241
modis_pretrained__physical_modis__d1__effect_features_minus_base,v5_prediction,0.75,modis_pretrained,physical_modis,1,effect_features_minus_base,257.1069587017213,186.88774691565385,-9.260395959812408,268.3344852436032,256.1704356955489,278.0952182121732,0.7815126050420168,259.67970958564865
modis_pretrained__physical_modis__d2__full_minus_current,shadow_point_prediction,1.5,modis_pretrained,physical_modis,2,full_minus_current,257.45166873070616,187.60023005840745,9.411276321618468,267.2668806349027,256.55527010308816,278.02047717305913,0.7941176470588235,259.6813720498508
modis_pretrained__physical_modis__d2__transition_features_minus_base,v5_prediction,1.0,modis_pretrained,physical_modis,2,transition_features_minus_base,256.81804531235355,187.72932232726436,-6.234592049228399,269.1824210976201,255.91512340404446,277.4315824796171,0.7773109243697479,259.6834087815929
scratch__physical_modis__d2__full_minus_current,v5_prediction,-0.25,scratch,physical_modis,2,full_minus_current,257.06922112780273,187.31686186219522,-5.943913415867096,268.44003982984447,256.16066714616795,277.75457967922534,0.7815126050420168,259.68478730790446
scratch__physical__d2__pools_minus_current,v5_prediction,-0.25,scratch,physical,2,pools_minus_current,257.1051001628662,187.74258328883144,-4.8900866910853855,268.3335935156091,256.1987862317085,277.7676170566936,0.7815126050420168,259.6856450182625
modis_pretrained__physical_modis__d1__pools_minus_base,v5_prediction,1.75,modis_pretrained,physical_modis,1,pools_minus_base,256.9646470810488,186.22426629952582,-9.590671447311484,268.79931915355604,256.0247614645004,277.98270687233946,0.7857142857142857,259.6883436950385
scratch__physical_modis__d2__transition_minus_current,v5_prediction,-0.25,scratch,physical_modis,2,transition_minus_current,257.13611169311315,187.2983051421135,-4.414742674313027,268.2213560514936,256.2700638719386,277.35641727231786,0.7857142857142857,259.69091082741465
modis_pretrained__physical_modis__d1__full_minus_current,shadow_point_prediction,-2.25,modis_pretrained,physical_modis,1,full_minus_current,257.7655414862322,187.87657120826898,-16.08204001622343,266.3154039938081,256.92055724389115,277.77485280089763,0.7773109243697479,259.6917610525409
scratch__physical_modis__d1__pools_minus_base,v5_prediction,-0.5,scratch,physical_modis,1,pools_minus_base,257.2223828173411,188.3926279013689,-9.693247847363082,268.08389457128743,256.24614884621377,278.63510647525106,0.7857142857142857,259.69370226304585
modis_pretrained__physical_modis__d1__effect_features_minus_base,v5_prediction,-0.75,modis_pretrained,physical_modis,1,effect_features_minus_base,257.1232469701068,188.38817698717523,-6.307693621858183,268.3382035495586,256.1916620607749,278.0593647976483,0.7773109243697479,259.6940898876368
modis_pretrained__physical_modis__d2__full_minus_base,v5_prediction,1.25,modis_pretrained,physical_modis,2,full_minus_base,256.96443498491055,188.2766737976949,-2.347967031789783,268.5807932926849,256.26997475488383,275.14908718755686,0.7773109243697479,259.6949095043475
modis_pretrained__physical__d1__full_minus_base,shadow_point_prediction,-2.25,modis_pretrained,physical,1,full_minus_base,257.8692496610419,186.0679539160459,-10.63736250303676,266.3140967576925,256.7308016577006,280.93504510679765,0.7983193277310925,259.6958494343692
modis_pretrained__physical__d1__pools_minus_base,v5_prediction,-1.25,modis_pretrained,physical,1,pools_minus_base,257.1250325235538,188.52973385379184,-6.754300482299505,268.3701657126357,256.1682954804772,278.32877248043246,0.7773109243697479,259.6971315600551
modis_pretrained__physical_modis__d1__full_minus_current,shadow_point_prediction,1.75,modis_pretrained,physical_modis,1,full_minus_current,257.325365527063,189.463633146934,13.507528434447853,267.48390077675595,256.65799657520796,275.1787022215144,0.7941176470588235,259.6981571015225
scratch__physical__d1__transition_features_minus_base,v5_prediction,-0.25,scratch,physical,1,transition_features_minus_base,257.1098479973275,187.81250227518362,-8.14957350659406,268.39165199652047,256.18208393174825,278.00440758427345,0.7773109243697479,259.698357980731
modis_pretrained__physical_modis__d1__full_minus_base,v5_prediction,-0.75,modis_pretrained,physical_modis,1,full_minus_base,257.14575200700796,187.50976380316436,-7.605321207133016,268.36639438111416,256.1392303916606,278.86878009281855,0.7773109243697479,259.6992821966977
modis_pretrained__physical_modis__d2__transition_minus_current,shadow_point_prediction,1.5,modis_pretrained,physical_modis,2,transition_minus_current,257.2509018815357,186.95867365815437,5.212162123174198,268.25520027419105,256.05360843142114,280.84425441154804,0.7773109243697479,259.70265311717094
modis_pretrained__physical__d1__pools_minus_base,v5_prediction,0.5,modis_pretrained,physical,1,pools_minus_base,257.1395922065481,187.3993521487639,-8.195942514249612,268.3289593417818,256.2204235467483,277.94286442420923,0.7815126050420168,259.70714182540655
modis_pretrained__physical_modis__d1__transition_features_minus_base,v5_prediction,-0.5,modis_pretrained,physical_modis,1,transition_features_minus_base,257.07936888971665,188.59772704164735,-5.463673387421637,268.4895370829757,256.1876191655402,277.58167663548176,0.7773109243697479,259.70897350698726
modis_pretrained__physical__d1__transition_minus_current,shadow_point_prediction,2.0,modis_pretrained,physical,1,transition_minus_current,257.74051545307213,185.55402736085782,4.972025920530299,266.84298868487286,256.53938203656736,281.3933308236609,0.8067226890756303,259.7158504068961
scratch__physical__d1__transition_minus_current,shadow_point_prediction,2.0,scratch,physical,1,transition_minus_current,257.7040679369206,187.32627641442758,-12.971899920985507,266.9906323546118,256.47290638466086,281.6330916352102,0.7815126050420168,259.7179186532785
modis_pretrained__physical__d1__full_minus_current,shadow_point_prediction,1.5,modis_pretrained,physical,1,full_minus_current,257.40727153790993,189.1732036800563,16.27917287446568,267.3947018941917,256.68530795817196,275.9507204637403,0.7899159663865546,259.7236382320459
scratch__physical__d2__transition_minus_current,v5_prediction,-0.75,scratch,physical,2,transition_minus_current,257.1701985131576,187.5363428884669,0.13787293217126168,268.1648783628413,256.3940218860761,276.35940553826816,0.7815126050420168,259.72482431880815
scratch__physical_modis__d2__pools_minus_current,v5_prediction,0.5,scratch,physical_modis,2,pools_minus_current,257.26210288981673,188.23964823480608,-14.167701893660556,268.1654990037063,256.22905078909514,279.26083567455146,0.7815126050420168,259.7296888931087
scratch__physical_modis__d1__effect_features_minus_base,v5_prediction,1.5,scratch,physical_modis,1,effect_features_minus_base,257.06749800292454,186.72436603537656,-2.9106413858942157,268.7215413237093,256.0825340659686,278.564399554305,0.7773109243697479,259.73476784888175
scratch__physical_modis__d1__transition_features_minus_base,v5_prediction,-0.5,scratch,physical_modis,1,transition_features_minus_base,257.14417162562205,187.93249852039506,-9.232816628214046,268.440590209943,256.21287282135154,278.07811468274673,0.7815126050420168,259.73545157063467
modis_pretrained__physical_modis__d1__full_minus_base,v5_prediction,1.0,modis_pretrained,physical_modis,1,full_minus_base,257.17136139679127,188.08872387104398,-8.022342902438336,268.27249209586535,256.32746592273463,277.144270103692,0.7815126050420168,259.73567020304563
scratch__physical__d1__effect_features_minus_base,shadow_point_prediction,2.75,scratch,physical,1,effect_features_minus_base,257.5661164604537,187.1318119124894,7.796440342060629,267.2451271227063,256.57040480784923,279.1963130825763,0.8109243697478992,259.73694121286576
modis_pretrained__physical_modis__d1__pools_minus_base,v5_prediction,-0.5,modis_pretrained,physical_modis,1,pools_minus_base,257.2100992388446,188.1129934519754,-7.267865746127813,268.26778932973366,256.2816500051538,278.1162789484663,0.7773109243697479,259.74240945314415
modis_pretrained__physical__d1__pools_minus_current,shadow_point_prediction,1.25,modis_pretrained,physical,1,pools_minus_current,257.6575431090835,187.50806336152704,6.407995826223289,266.9004696275154,256.7597497846561,278.2502223604288,0.7983193277310925,259.74382640758466
scratch__physical_modis__d1__full_minus_base,v5_prediction,-0.5,scratch,physical_modis,1,full_minus_base,257.1247011914024,188.01313878645476,-8.629486897579117,268.5825377892102,256.16515657502447,278.358050024531,0.7857142857142857,259.74927418675986
scratch__physical_modis__d1__pools_minus_current,shadow_point_prediction,2.0,scratch,physical_modis,1,pools_minus_current,257.2061929115988,186.24208203830733,-0.5538245517997469,268.44315471810376,256.17084325159476,279.2256635685144,0.7815126050420168,259.756595948224
scratch__physical_modis__d1__full_minus_base,v5_prediction,1.75,scratch,physical_modis,1,full_minus_base,257.3941667378004,186.30044117366435,-4.824997417231923,267.7070388014375,256.535965595423,277.53728523659095,0.7857142857142857,259.75783446811533
scratch__physical_modis__d1__current_minus_base,shadow_point_prediction,3.0,scratch,physical_modis,1,current_minus_base,258.4830245998975,186.42396445173375,13.691185760064256,264.67941959650267,257.38848286386286,281.15069857179236,0.8067226890756303,259.7584879150401
scratch__physical__d1__full_minus_base,v5_prediction,2.75,scratch,physical,1,full_minus_base,257.41211891521175,186.6285798902467,10.260657723043796,267.55258093650536,256.661230896844,276.30840674824987,0.7899159663865546,259.7595124159432
scratch__physical_modis__d2__pools_minus_current,v5_prediction,-0.25,scratch,physical_modis,2,pools_minus_current,257.1545601983329,187.65922686563172,-4.592216239422665,268.4785972036781,256.2603576381688,277.68690504916884,0.7857142857142857,259.76201880962816
scratch__physical__d1__pools_minus_base,v5_prediction,-1.0,scratch,physical,1,pools_minus_base,257.3334866996471,188.50041564001364,-11.516982178894768,268.1435390386886,256.2496147650531,279.84322215687297,0.773109243697479,259.76503180075895
modis_pretrained__physical__d1__effect_features_minus_base,v5_prediction,0.25,modis_pretrained,physical,1,effect_features_minus_base,257.1878408606689,187.54527052206416,-7.975525555657093,268.4382760854618,256.25697202627117,278.1190344747145,0.7815126050420168,259.7677324582677
modis_pretrained__physical__d1__full_minus_base,v5_prediction,-0.25,modis_pretrained,physical,1,full_minus_base,257.22797717437544,187.5543170805783,-9.0284286508704,268.3514207838447,256.2685652338142,278.4643917384376,0.7773109243697479,259.7689850916024
modis_pretrained__physical_modis__d1__effect_features_minus_base,v5_prediction,1.0,modis_pretrained,physical_modis,1,effect_features_minus_base,257.1947950872618,186.71458702114663,-9.752513016138112,268.42884762243716,256.25817744676857,278.1878174720644,0.7815126050420168,259.7691538109323
modis_pretrained__physical__d2__full_minus_base,shadow_point_prediction,-1.0,modis_pretrained,physical,2,full_minus_base,257.84307027601955,185.9914269030052,-7.381093456798269,266.57954575544335,256.8141823156469,279.8255849436917,0.8025210084033614,259.7699671557823
scratch__physical__d1__effect_features_minus_base,v5_prediction,0.5,scratch,physical,1,effect_features_minus_base,257.15295997866104,187.69502829026743,-6.4687087717841205,268.54533701192537,256.2317001274507,277.97935921028136,0.773109243697479,259.77073927417456
scratch__physical__d2__full_minus_current,v5_prediction,-0.5,scratch,physical,2,full_minus_current,257.08677452615035,187.38533707908326,-7.8375231279709325,268.71485130253205,256.1982255715495,277.5542282464209,0.7857142857142857,259.7716564815956
modis_pretrained__physical__d1__full_minus_base,v5_prediction,3.0,modis_pretrained,physical,1,full_minus_base,256.96392195665106,190.56798753538584,7.1485615295859395,268.84900465787354,256.31810641247586,274.5248500111144,0.7857142857142857,259.77373874591285
modis_pretrained__physical_modis__d2__effect_features_minus_base,v5_prediction,1.5,modis_pretrained,physical_modis,2,effect_features_minus_base,257.00354976814475,187.5832036967808,-5.3461554512921055,269.03610874202195,256.06913382698514,277.96487072997155,0.7857142857142857,259.77808552632416
scratch__physical_modis__d2__transition_features_minus_base,v5_prediction,2.0,scratch,physical_modis,2,transition_features_minus_base,257.0650749086465,187.7401906972162,9.615389851796172,268.71003909268387,256.27614211068914,276.4005482547209,0.7689075630252101,259.7790827551665
modis_pretrained__physical_modis__d2__effect_features_minus_base,v5_prediction,-0.25,modis_pretrained,physical_modis,2,effect_features_minus_base,257.23975259272174,187.6569350216195,-8.19035968075916,268.3361709347598,256.30256807313447,278.2407519788495,0.773109243697479,259.7795610483345
modis_pretrained__physical__d1__transition_features_minus_base,v5_prediction,-0.25,modis_pretrained,physical,1,transition_features_minus_base,257.2005025465737,188.20636308813215,-6.960156921745706,268.4394345088631,256.28657988922,277.94962397117035,0.7773109243697479,259.7817548728076
scratch__physical__d1__full_minus_base,v5_prediction,-0.25,scratch,physical,1,full_minus_base,257.1957648490093,187.8616534831771,-9.42447229209703,268.5025602045612,256.2416422862857,278.3749252486957,0.7773109243697479,259.78393304721635
scratch__physical_modis__d1__transition_features_minus_base,v5_prediction,1.0,scratch,physical_modis,1,transition_features_minus_base,257.27252563934593,187.1078277179834,-4.8865011160777945,268.2945659294977,256.3117855033179,278.5248686065052,0.7857142857142857,259.78785067787686
modis_pretrained__physical_modis__d1__effect_features_minus_base,v5_prediction,-1.0,modis_pretrained,physical_modis,1,effect_features_minus_base,257.21650513289603,188.7759386988061,-5.815576565532479,268.4338036094735,256.2864653480747,278.14002780757363,0.7773109243697479,259.78831980583504
scratch__physical__d1__effect_features_minus_base,v5_prediction,-1.5,scratch,physical,1,effect_features_minus_base,257.3676328003832,187.89211933897658,-11.730052847988821,268.0658787610904,256.3592858097129,279.11922852508064,0.7773109243697479,259.79010754289243
scratch__physical__d2__full_minus_base,shadow_point_prediction,1.75,scratch,physical,2,full_minus_base,258.0387453409024,185.37353951356235,43.33584130828819,265.92967038759645,257.1570430347316,278.4701684446821,0.7983193277310925,259.7910510260332
modis_pretrained__physical_modis__d1__full_minus_base,v5_prediction,-1.0,modis_pretrained,physical_modis,1,full_minus_base,257.24743849398754,187.5774773500407,-7.545746679232256,268.4544176461832,256.21651759673466,279.2239234113855,0.7773109243697479,259.79145305772323
scratch__physical_modis__d2__transition_features_minus_base,shadow_point_prediction,-1.75,scratch,physical_modis,2,transition_features_minus_base,258.00283573046477,187.60698197674014,-14.662413075023368,266.0840156374465,257.0837555784565,278.84164754063,0.7857142857142857,259.79336066920814
modis_pretrained__physical_modis__d1__pools_minus_base,v5_prediction,2.0,modis_pretrained,physical_modis,1,pools_minus_base,257.0494941633067,186.15804525905122,-9.848760969665227,268.98076029293446,256.1112099193382,278.0541040599142,0.7857142857142857,259.79773963472155
scratch__physical__d1__pools_minus_base,v5_prediction,0.25,scratch,physical,1,pools_minus_base,257.19369602482044,187.54017629527596,-6.850810443820428,268.52613624122404,256.28308281862616,277.90665180917335,0.7815126050420168,259.79915277737274
scratch__physical__d1__transition_features_minus_base,v5_prediction,1.25,scratch,physical,1,transition_features_minus_base,257.34236747411285,187.1603544280793,-5.956401212041471,268.15340713289993,256.37204270226886,278.69848034573045,0.7815126050420168,259.8025461958486
modis_pretrained__physical_modis__d1__transition_features_minus_base,v5_prediction,0.5,modis_pretrained,physical_modis,1,transition_features_minus_base,257.27882146874595,187.12992627566396,-10.104416194248955,268.3278853337372,256.32497203125814,278.4586723437135,0.7857142857142857,259.8026250756218
modis_pretrained__physical__d1__full_minus_current,shadow_point_prediction,-2.0,modis_pretrained,physical,1,full_minus_current,257.71389766864417,188.4067056796356,-20.394015278969523,266.8053268932696,256.9782544768535,276.4366659637633,0.7815126050420168,259.8028441768529
scratch__physical_modis__d1__pools_minus_current,shadow_point_prediction,-3.0,scratch,physical_modis,1,pools_minus_current,258.43062842210713,188.41049059495518,2.235967420897535,265.0020696954333,257.3509280951375,280.9494347262062,0.7899159663865546,259.80356365869625
modis_pretrained__physical__d1__pools_minus_base,v5_prediction,-1.5,modis_pretrained,physical,1,pools_minus_base,257.23234091013643,188.86969616154624,-6.548351620592347,268.47724112694306,256.274383009723,278.45360353467464,0.7773109243697479,259.8040764892347
scratch__physical_modis__d1__pools_minus_current,v5_prediction,-2.5,scratch,physical_modis,1,pools_minus_current,257.8699672112105,188.84490176770024,-6.389148804486653,266.52799496359506,256.96966537016516,278.498972582803,0.7815126050420168,259.8093986890453
modis_pretrained__physical_modis__d2__full_minus_base,v5_prediction,-0.25,modis_pretrained,physical_modis,2,full_minus_base,257.2690016060116,187.62053520146847,-8.871260342644398,268.4224567600083,256.2781466245555,278.83586703324966,0.7773109243697479,259.80965164914676
modis_pretrained__physical__d2__transition_features_minus_base,v5_prediction,1.5,modis_pretrained,physical,2,transition_features_minus_base,257.1476804882082,187.71804053369388,-3.217816773749553,268.80324408176807,256.1459118254334,278.8219219591172,0.7857142857142857,259.8111292209045
modis_pretrained__physical__d1__transition_features_minus_base,v5_prediction,1.0,modis_pretrained,physical,1,transition_features_minus_base,257.25994854284505,186.8626985769435,-11.079596267193661,268.40520172299637,256.3200616909659,278.2906579279083,0.7815126050420168,259.81129012491306
modis_pretrained__physical__d1__pools_minus_base,v5_prediction,0.75,modis_pretrained,physical,1,pools_minus_base,257.25105254260916,187.36487564302374,-8.40189137595677,268.424281479177,256.34125576221686,277.9575604540455,0.7815126050420168,259.816910581653
modis_pretrained__physical__d2__effect_features_minus_base,v5_prediction,-0.25,modis_pretrained,physical,2,effect_features_minus_base,257.2477489175587,187.61363874593764,-7.92279141306512,268.4585371292663,256.3164405766511,278.1862053963148,0.7815126050420168,259.8176188852587
modis_pretrained__physical_modis__d2__pools_minus_current,shadow_point_prediction,-2.75,modis_pretrained,physical_modis,2,pools_minus_current,257.3473956339274,188.85006585495125,-5.420030953336192,267.47692285722394,257.1203960258342,267.9270600385317,0.7773109243697479,259.82302753772825
modis_pretrained__physical_modis__d1__pools_minus_current,v5_prediction,0.25,modis_pretrained,physical_modis,1,pools_minus_current,257.1909388907326,187.8847111145385,-6.133211757121323,268.6634171354692,256.25785907979,278.14595418509913,0.773109243697479,259.8257884991811
scratch__physical_modis__d1__effect_features_minus_base,v5_prediction,-0.5,scratch,physical_modis,1,effect_features_minus_base,257.29234314245457,188.05235864418273,-9.408512592482321,268.36079110654555,256.3611012977536,278.2319856222957,0.7815126050420168,259.82664467230205
scratch__physical_modis__d2__transition_minus_current,v5_prediction,0.5,scratch,physical_modis,2,transition_minus_current,257.27097275848774,188.73355381707486,-14.522649023879831,268.589778218573,256.18002949603743,279.8474313709356,0.773109243697479,259.8279383078965
scratch__physical__d1__full_minus_current,v5_prediction,0.25,scratch,physical,1,full_minus_current,257.27964616177235,187.7936306913835,-8.20089502511541,268.4315516092104,256.3299004878449,278.4160600684126,0.7773109243697479,259.83018610515
scratch__physical__d2__transition_minus_current,v5_prediction,0.25,scratch,physical,2,transition_minus_current,257.2784443523152,188.07387092270832,-10.424684031837483,268.4858693555704,256.2792471527536,278.93196017272476,0.7773109243697479,259.83050130323863
modis_pretrained__physical_modis__d2__pools_minus_base,v5_prediction,1.75,modis_pretrained,physical_modis,2,pools_minus_base,257.50061096476827,188.50461698896956,-6.690778359812205,267.9473034158127,256.385785580562,280.3209814115351,0.7899159663865546,259.8335777314778
scratch__physical_modis__d1__full_minus_current,v5_prediction,0.25,scratch,physical_modis,1,full_minus_current,257.2826487574259,187.85497182482175,-8.455414864362142,268.4381261062343,256.331641335731,278.4325689580539,0.7773109243697479,259.83376623920424
scratch__physical_modis__d1__pools_minus_base,v5_prediction,0.5,scratch,physical_modis,1,pools_minus_base,257.16555213745465,186.9349330905921,-5.874841734307509,268.7622336791287,256.2515964498357,277.91355672753133,0.7815126050420168,259.8362336009684
scratch__physical_modis__d1__current_minus_base,v5_prediction,2.5,scratch,physical_modis,1,current_minus_base,257.6900533505578,186.49155990586317,3.15686647815228,267.13459287572323,256.8317825306459,277.84604145034893,0.8109243697478992,259.8366205268712
modis_pretrained__physical_modis__d1__full_minus_base,v5_prediction,1.25,modis_pretrained,physical_modis,1,full_minus_base,257.28035137038734,188.29163097908162,-8.081917430339095,268.33371970528395,256.45840001164424,277.0075670200038,0.7815126050420168,259.8382056144257
modis_pretrained__physical__d2__pools_minus_current,shadow_point_prediction,1.0,modis_pretrained,physical,2,pools_minus_current,257.9140213144458,187.4504905584258,-3.961061965350372,266.80186488441956,256.7515242885246,281.2116380680545,0.7899159663865546,259.84535795045895
scratch__physical_modis__d1__transition_minus_current,v5_prediction,0.25,scratch,physical_modis,1,transition_minus_current,257.28809187583545,187.92427707662986,-8.153749999044678,268.5267018028454,256.3223678139742,278.593559505172,0.7773109243697479,259.85631334212263
modis_pretrained__physical_modis__d1__pools_minus_base,v5_prediction,-0.75,modis_pretrained,physical_modis,1,pools_minus_base,257.3493605451888,188.42578752826986,-7.009776223774072,268.3314090259787,256.42501715584217,278.2173082158389,0.7773109243697479,259.8637868180496
modis_pretrained__physical_modis__d2__transition_features_minus_base,v5_prediction,-0.25,modis_pretrained,physical_modis,2,transition_features_minus_base,257.3760991409779,187.79238442282755,-8.17140797623702,268.2962250642492,256.4411912768773,278.35857765213893,0.7773109243697479,259.8724036557706
modis_pretrained__physical_modis__d2__transition_minus_current,v5_prediction,-2.25,modis_pretrained,physical_modis,2,transition_minus_current,258.25895930267313,189.05048643996503,-14.759149619677844,265.1997731479386,257.7766250222895,273.55324228384814,0.773109243697479,259.8735791938936
scratch__physical__d2__full_minus_current,shadow_point_prediction,-1.75,scratch,physical,2,full_minus_current,257.72527310136394,188.32363487542375,0.37491805730443784,267.3003988072816,256.75037609254116,279.1459285865364,0.8151260504201681,259.8753302756377
scratch__physical_modis__d1__pools_minus_base,shadow_point_prediction,-2.25,scratch,physical_modis,1,pools_minus_base,257.99816926809166,189.54376433243834,-8.029321517095875,266.82344253109585,256.6827231573209,282.7026189724284,0.7815126050420168,259.87562605615
scratch__physical_modis__d1__full_minus_base,v5_prediction,-0.75,scratch,physical_modis,1,full_minus_base,257.2275420791258,188.33459101745626,-9.05220795095103,268.80375914885633,256.25529002676836,278.59885145652294,0.7857142857142857,259.8785333334691
modis_pretrained__physical_modis__d1__transition_minus_current,v5_prediction,0.25,modis_pretrained,physical_modis,1,transition_minus_current,257.29127614761285,187.6766905867759,-7.03530793647441,268.5946330619395,256.3419749849761,278.4234749899359,0.7773109243697479,259.8797900855353
modis_pretrained__physical_modis__d1__current_minus_base,shadow_point_prediction,-1.75,modis_pretrained,physical_modis,1,current_minus_base,257.56970089903007,189.6960746366837,13.924550129753172,267.5778644095978,256.8151513936788,276.5161370506875,0.7689075630252101,259.8831044003342
modis_pretrained__physical_modis__d1__effect_features_minus_base,v5_prediction,1.25,modis_pretrained,physical_modis,1,effect_features_minus_base,257.3084585743124,186.5685639686813,-10.244630072463815,268.55029888195,256.37195437566953,278.305122489014,0.7815126050420168,259.88479260156106
scratch__physical__d1__transition_features_minus_base,v5_prediction,-0.5,scratch,physical,1,transition_features_minus_base,257.28095964069684,188.25095916424726,-8.515102222352825,268.6240593085665,256.3604517123557,278.10466913848506,0.7815126050420168,259.886607575579
scratch__physical_modis__d1__transition_features_minus_base,v5_prediction,-0.75,scratch,physical_modis,1,transition_features_minus_base,257.2874858009655,188.21182263333597,-9.95720254690342,268.62031063390805,256.35575562623836,278.2321563147059,0.7815126050420168,259.88775946551937
scratch__physical_modis__d1__full_minus_base,v5_prediction,2.0,scratch,physical_modis,1,full_minus_base,257.55671906576237,186.20037064504092,-4.402276363860013,267.7342001971705,256.7083135975658,277.5962351268589,0.7857142857142857,259.88898798156526
modis_pretrained__physical_modis__d1__full_minus_current,v5_prediction,0.25,modis_pretrained,physical_modis,1,full_minus_current,257.2717256005191,188.25465982425857,-5.9346967626683425,268.6554782931265,256.3649835248316,277.945901387185,0.7815126050420168,259.8909782547491
modis_pretrained__physical__d2__transition_minus_current,shadow_point_prediction,1.0,modis_pretrained,physical,2,transition_minus_current,257.8476054742394,186.6089333359463,2.9387254085530468,267.1844717376394,256.68792447879355,281.1153082021522,0.8109243697478992,259.89190179122795
modis_pretrained__physical_modis__d1__current_minus_base,v5_prediction,1.5,modis_pretrained,physical_modis,1,current_minus_base,257.59335039082475,187.0583193595542,-19.237580127241586,267.5900385668976,256.81087898855935,276.87344608984864,0.7689075630252101,259.8969045842766
modis_pretrained__physical_modis__d1__current_minus_base,v5_prediction,-0.25,modis_pretrained,physical_modis,1,current_minus_base,257.28203385369113,188.1769146212135,-5.875122234767582,268.67452915221116,256.35290552886204,278.19856346819194,0.7773109243697479,259.89787559711385
scratch__physical_modis__d1__effect_features_minus_base,v5_prediction,1.75,scratch,physical_modis,1,effect_features_minus_base,257.2175050627906,186.7347878524188,-2.0984074850707026,268.94389162079364,256.21840740283085,278.8673062432533,0.7815126050420168,259.8993272873014
modis_pretrained__physical__d1__transition_minus_current,v5_prediction,0.25,modis_pretrained,physical,1,transition_minus_current,257.328114928622,187.6690140094082,-7.232803080428904,268.5792131404661,256.3737159174127,278.51590459459356,0.7815126050420168,259.9022897287807
scratch__physical_modis__d1__pools_minus_base,v5_prediction,-0.75,scratch,physical_modis,1,pools_minus_base,257.48050349263224,188.92200203011996,-10.647849375626976,268.1756861650184,256.47578169584756,279.19984564407935,0.7773109243697479,259.9031187115326
scratch__physical_modis__d2__full_minus_current,v5_prediction,0.75,scratch,physical_modis,2,full_minus_current,257.51620795076803,189.0935992194814,-13.304438915739896,268.12087129088144,256.46045530335243,279.7549229499927,0.7773109243697479,259.9034356239425
modis_pretrained__physical__d1__transition_features_minus_base,shadow_point_prediction,-2.0,modis_pretrained,physical,1,transition_features_minus_base,257.6634790442594,190.75887595349874,7.153195189995897,267.25482534351517,257.0430322544356,274.91334290189474,0.773109243697479,259.90620392161736
modis_pretrained__physical_modis__d1__full_minus_base,v5_prediction,-1.25,modis_pretrained,physical_modis,1,full_minus_base,257.3754039580483,187.65154219784262,-7.486172151331496,268.56105554213445,256.3198260717165,279.6059877376838,0.773109243697479,259.9079223824869
modis_pretrained__physical_modis__d1__effect_features_minus_base,v5_prediction,-1.25,modis_pretrained,physical_modis,1,effect_features_minus_base,257.3355838586879,189.1993712653447,-5.323459509206777,268.55649104985247,256.407291917845,278.2454093103497,0.7815126050420168,259.90873767126834
scratch__physical_modis__d1__current_minus_base,v5_prediction,-0.25,scratch,physical_modis,1,current_minus_base,257.3344484915125,188.1422511281997,-8.878135917734053,268.6070788129428,256.3705666675509,278.6225537021896,0.7773109243697479,259.9116356158797
scratch__physical_modis__d2__full_minus_current,v5_prediction,-0.5,scratch,physical_modis,2,full_minus_current,257.26133425137243,187.21883593924986,-4.103782040898895,268.7629633760065,256.37270912702616,277.7368874558459,0.7857142857142857,259.91458525144435
modis_pretrained__physical__d1__full_minus_current,v5_prediction,-1.25,modis_pretrained,physical,1,full_minus_current,257.5006803137981,187.40061316549196,-20.881611988490725,268.07316627502723,256.587995810848,278.2490384413654,0.773109243697479,259.91563067836785
modis_pretrained__physical_modis__d1__transition_features_minus_base,v5_prediction,-0.75,modis_pretrained,physical_modis,1,transition_features_minus_base,257.25503032950434,189.27394642768084,-4.303487685714807,268.77281100980315,256.39343687334605,277.43045562857105,0.7815126050420168,259.91907713553945
scratch__physical__d2__full_minus_current,v5_prediction,0.5,scratch,physical,2,full_minus_current,257.49267339342373,188.41686950634505,-7.730566453699658,268.21270497742074,256.48793672525926,279.2127065967406,0.773109243697479,259.9214971223819
scratch__physical__d1__effect_features_minus_base,v5_prediction,0.75,scratch,physical,1,effect_features_minus_base,257.28205695353194,187.78892723915487,-5.811040762258533,268.7635264047834,256.36571075279176,278.06085261580756,0.773109243697479,259.92333776615976
modis_pretrained__physical_modis__d2__pools_minus_base,v5_prediction,-0.25,modis_pretrained,physical_modis,2,pools_minus_base,257.3104314239319,187.75464030971312,-7.94022570955288,268.67487914031506,256.4042755672788,277.97985413168595,0.7815126050420168,259.9250043888644
modis_pretrained__physical__d2__pools_minus_base,v5_prediction,2.0,modis_pretrained,physical,2,pools_minus_base,257.64439549395377,189.82885399190818,-15.495315515861144,268.0833569806716,256.32931688504254,282.32769827105017,0.7983193277310925,259.9253662134054
scratch__physical__d1__transition_minus_current,v5_prediction,0.25,scratch,physical,1,transition_minus_current,257.37537576127534,187.853351741579,-9.475793810618379,268.55495137752104,256.39953753186137,278.79063401473366,0.773109243697479,259.9263101079833
modis_pretrained__physical_modis__d1__pools_minus_base,v5_prediction,2.25,modis_pretrained,physical_modis,1,pools_minus_base,257.15672678738986,186.12512976020753,-10.106850492018966,269.1865453713285,256.2206144186224,278.1427237821828,0.7899159663865546,259.93015334118263
modis_pretrained__physical__d2__effect_features_minus_base,v5_prediction,1.5,modis_pretrained,physical,2,effect_features_minus_base,257.32511402643667,187.60848893813287,-6.951565057456347,268.74889535645707,256.3227333820316,279.0134949444518,0.7815126050420168,259.9304641978405
scratch__physical_modis__d1__current_minus_base,shadow_point_prediction,-2.25,scratch,physical_modis,1,current_minus_base,257.8134305222747,189.9425183594501,-9.284727904809651,267.5600319054036,256.54072151406604,282.12632611325836,0.7773109243697479,259.9319036160048
scratch__physical__d2__transition_minus_current,shadow_point_prediction,-1.75,scratch,physical,2,transition_minus_current,258.32546305380896,188.20996618473987,19.046566924294474,265.53714646076367,257.5399639181172,277.66983840902446,0.8067226890756303,259.9320091216247
modis_pretrained__physical_modis__d2__pools_minus_current,v5_prediction,0.25,modis_pretrained,physical_modis,2,pools_minus_current,257.400541364345,188.03630230468502,-7.240215409870265,268.5526822230555,256.38591776267276,279.21790995892854,0.7773109243697479,259.93492067860456
modis_pretrained__physical_modis__d1__transition_minus_current,shadow_point_prediction,2.25,modis_pretrained,physical_modis,1,transition_minus_current,257.8269550149067,186.4382554935078,7.300723926527131,267.34552663144297,256.745582398034,280.3346614676597,0.7857142857142857,259.9362547648226
modis_pretrained__physical__d1__pools_minus_base,v5_prediction,-1.75,modis_pretrained,physical,1,pools_minus_base,257.36693299009636,189.28815887971956,-6.342402758885188,268.6095551441281,256.4088049452752,278.59580436530933,0.7773109243697479,259.938056517399
modis_pretrained__physical__d1__full_minus_current,v5_prediction,0.25,modis_pretrained,physical,1,full_minus_current,257.32483446065976,188.36629551923545,-5.164531351304212,268.6933284271556,256.417721427792,278.00527728724944,0.7815126050420168,259.9401796940668
scratch__physical__d1__transition_features_minus_base,shadow_point_prediction,-3.0,scratch,physical,1,transition_features_minus_base,257.58360948258587,190.23943297489527,-3.8242523518260074,267.84639364164923,256.7564791309481,277.3823439214555,0.773109243697479,259.94252293444225
modis_pretrained__physical_modis__d2__effect_features_minus_base,shadow_point_prediction,-2.25,modis_pretrained,physical_modis,2,effect_features_minus_base,258.13148339758266,187.3579902826497,-3.0947417720356194,266.38042899714924,257.1321758319251,279.82373534149656,0.7857142857142857,259.9438929060599
scratch__physical_modis__d2__full_minus_base,v5_prediction,1.75,scratch,physical_modis,2,full_minus_base,257.57993200850404,187.54907869384508,18.144655712345717,267.61898755236325,256.9989171029714,274.28989687294336,0.7857142857142857,259.9444421680857
modis_pretrained__physical_modis__d1__full_minus_current,v5_prediction,-1.5,modis_pretrained,physical_modis,1,full_minus_current,257.621517090079,187.23498885017872,-18.880132959837027,267.85918684978833,256.678407894075,278.7020540217426,0.7689075630252101,259.94515723100534
scratch__physical_modis__d1__transition_minus_current,shadow_point_prediction,2.5,scratch,physical_modis,1,transition_minus_current,257.829800282875,189.0210339988145,-3.134959844814658,267.5466548347319,256.5780383793932,281.95354104022465,0.7563025210084033,259.94607344496876
scratch__physical__d1__effect_features_minus_base,v5_prediction,-1.75,scratch,physical,1,effect_features_minus_base,257.55023551648713,188.13023182824261,-12.387720857514408,268.16455728138,256.5248017095158,279.4845474069662,0.7773109243697479,259.9474575059675
modis_pretrained__physical__d1__effect_features_minus_base,shadow_point_prediction,2.25,modis_pretrained,physical,1,effect_features_minus_base,257.8205065860081,186.77709539013784,-1.1612346461170149,267.262834453159,256.8911900089351,278.7619493020883,0.8109243697478992,259.94875940852756
scratch__physical__d1__pools_minus_base,shadow_point_prediction,1.75,scratch,physical,1,pools_minus_base,257.7640909434419,185.7865602974261,7.0947326663832415,267.43090180012126,256.83770709316946,278.6715980662022,0.8067226890756303,259.9491976950436
scratch__physical_modis__d1__pools_minus_current,v5_prediction,0.25,scratch,physical_modis,1,pools_minus_current,257.32063046897144,187.78337669077172,-7.923534389470159,268.787407864134,256.37352054987366,278.4308283142509,0.7815126050420168,259.95054733798764
modis_pretrained__physical__d1__pools_minus_base,v5_prediction,1.0,modis_pretrained,physical,1,pools_minus_base,257.38979061952074,187.41735968610195,-8.607840237663929,268.54485715959237,256.49031124702555,277.989719414803,0.7857142857142857,259.9536874114149
modis_pretrained__physical__d2__current_minus_base,shadow_point_prediction,-0.75,modis_pretrained,physical,2,current_minus_base,257.9058453050305,186.90548672493318,0.06145310719170611,267.11506308257043,256.90041532029966,279.6512757602887,0.8025210084033614,259.9567922532327
scratch__physical_modis__d1__transition_features_minus_base,v5_prediction,1.25,scratch,physical_modis,1,transition_features_minus_base,257.4585150016913,187.1474701373377,-4.162115197388418,268.425724298369,256.48745907893016,278.82734005690895,0.7815126050420168,259.9575533451704
scratch__physical__d2__pools_minus_current,v5_prediction,0.5,scratch,physical,2,pools_minus_current,257.43670096829885,188.14297257453077,-13.571960990335112,268.5488404556819,256.4229240646742,279.2470126458997,0.7773109243697479,259.96129161423846
modis_pretrained__physical_modis__d1__full_minus_base,v5_prediction,1.5,modis_pretrained,physical_modis,1,full_minus_base,257.4156102380804,188.49900959092673,-8.141491958239856,268.4135870740229,256.6152546905446,276.89843625434867,0.7815126050420168,259.96501556018205
modis_pretrained__physical_modis__d1__pools_minus_current,v5_prediction,-1.5,modis_pretrained,physical_modis,1,pools_minus_current,257.81090668301647,188.4231976336334,-17.68904299311914,267.28316404428017,257.00149430416513,277.4146158230607,0.773109243697479,259.9766179286196
modis_pretrained__physical_modis__d2__pools_minus_current,v5_prediction,-1.5,modis_pretrained,physical_modis,2,pools_minus_current,257.24751178713683,189.024382656979,-11.04702107662549,268.6513635617895,256.77144491129786,272.4145711601474,0.7815126050420168,259.9794580118403
scratch__physical_modis__d2__transition_minus_current,v5_prediction,-0.5,scratch,physical_modis,2,transition_minus_current,257.45575231774507,187.5048702378133,-1.0454405577907593,268.35857206988504,256.6528363112738,276.9699723022201,0.7815126050420168,259.9807282541623
scratch__physical__d2__pools_minus_base,shadow_point_prediction,2.25,scratch,physical,2,pools_minus_base,258.06459123796384,183.59415031780458,29.270637056574078,266.51594860065734,257.27992719001725,277.38893800399796,0.7857142857142857,259.98126456665057
modis_pretrained__physical_modis__d2__full_minus_base,v5_prediction,1.5,modis_pretrained,physical_modis,2,full_minus_base,257.22116639250186,188.57434143729103,-1.2607514799806803,268.93518316017077,256.56725694581195,274.8967714953255,0.7815126050420168,259.98619322274664
modis_pretrained__physical_modis__d2__transition_minus_current,v5_prediction,0.25,modis_pretrained,physical_modis,2,transition_minus_current,257.3380388678067,187.95265492814036,-7.009033143186124,268.9217797354426,256.35385784137924,278.8386486603021,0.7773109243697479,259.9879288281088
modis_pretrained__physical__d1__effect_features_minus_base,v5_prediction,0.5,modis_pretrained,physical,1,effect_features_minus_base,257.4026361239975,187.57725673885793,-8.167006320478892,268.6865487679384,256.4760825406633,278.2966271758908,0.7815126050420168,259.9919758891492
modis_pretrained__physical__d1__full_minus_base,v5_prediction,-0.5,modis_pretrained,physical,1,full_minus_base,257.49190124351,187.60552479930726,-10.272812510905501,268.51783204338454,256.5081448386389,278.99482617309434,0.7815126050420168,260.00244484226084
modis_pretrained__physical_modis__d1__pools_minus_base,v5_prediction,-1.0,modis_pretrained,physical_modis,1,pools_minus_base,257.51092923961,188.74422546305533,-6.75168670142033,268.41954980721357,256.59124020713864,278.3355297289847,0.7773109243697479,260.00816212339305
scratch__physical__d1__full_minus_base,v5_prediction,3.0,scratch,physical,1,full_minus_base,257.6839789669394,186.8449893933922,11.90108522430553,267.7213413958933,256.9473259458721,276.41793727422663,0.7857142857142857,260.00915631891104
scratch__physical_modis__d2__pools_minus_base,v5_prediction,1.5,scratch,physical_modis,2,pools_minus_base,257.5961572869262,186.39131016126973,6.330372581796128,268.0152964064974,256.83427310843234,276.63165692180553,0.7773109243697479,260.01047102219553
scratch__physical__d2__pools_minus_current,v5_prediction,-0.5,scratch,physical,2,pools_minus_current,257.428381969734,188.33429201398872,-1.996128591335476,268.64397312672423,256.543884842275,277.86539964748516,0.773109243697479,260.0111554771168
scratch__physical_modis__d1__effect_features_minus_base,v5_prediction,-0.75,scratch,physical_modis,1,effect_features_minus_base,257.4983670793669,188.40009900986027,-10.220746493305835,268.4932515540445,256.56662184270033,278.45217883276126,0.7815126050420168,260.01415188886966
scratch__physical__d2__current_minus_base,shadow_point_prediction,-1.0,scratch,physical,2,current_minus_base,257.882671367503,188.6022319022123,-23.77309341474043,267.57969304455696,256.727025311346,281.1136336533653,0.7815126050420168,260.0180152727272
scratch__physical_modis__d2__transition_features_minus_base,v5_prediction,-0.25,scratch,physical_modis,2,transition_features_minus_base,257.4796602700967,187.96759664180937,-9.958974121164228,268.59661800684097,256.53540454870176,278.5663297639151,0.7815126050420168,260.02283577393405
modis_pretrained__physical__d2__transition_features_minus_base,v5_prediction,-0.25,modis_pretrained,physical,2,transition_features_minus_base,257.4571717408416,187.904863508909,-8.54508279368292,268.6341294985453,256.54505497105094,278.19753867832253,0.7773109243697479,260.0233819878199
modis_pretrained__physical_modis__d2__full_minus_current,v5_prediction,0.25,modis_pretrained,physical_modis,2,full_minus_current,257.41735271952655,188.14997508069015,-6.309180776778745,268.7771336672896,256.4874391678059,278.3480665666297,0.7773109243697479,260.02481956853717
scratch__physical__d1__transition_features_minus_base,v5_prediction,1.5,scratch,physical,1,transition_features_minus_base,257.5907330248273,187.28171517836464,-5.5908724962827065,268.3066276361696,256.6135545136484,279.0293832990983,0.7815126050420168,260.0254120498681
modis_pretrained__physical_modis__d1__effect_features_minus_base,v5_prediction,1.5,modis_pretrained,physical_modis,1,effect_features_minus_base,257.44791495480933,186.4770557212501,-10.736747128789519,268.6988022898033,256.51173157839963,278.447102038681,0.7815126050420168,260.0265909444554
scratch__physical_modis__d1__full_minus_base,v5_prediction,-1.0,scratch,physical_modis,1,full_minus_base,257.3568828223295,188.6919685185513,-9.474929004322938,269.0495952899483,256.37163982323034,278.8693603827473,0.7815126050420168,260.0337501894594
scratch__physical_modis__d2__current_minus_base,v5_prediction,1.0,scratch,physical_modis,2,current_minus_base,257.53886222098816,186.82084114064847,14.39288099656951,268.2187708984095,256.8477980180428,275.7018216566147,0.7941176470588235,260.0360733396071
scratch__physical__d1__full_minus_base,v5_prediction,-0.5,scratch,physical,1,full_minus_base,257.43181477184044,188.27947970926525,-11.064899793358766,268.82862841322975,256.45818456915316,278.82643940088553,0.7773109243697479,260.037610631516
scratch__physical__d1__current_minus_base,v5_prediction,-0.25,scratch,physical,1,current_minus_base,257.47085424293743,188.1674320971174,-9.841322526377144,268.7110964580601,256.5008170675728,278.82953463610966,0.7815126050420168,260.03840550287697
modis_pretrained__physical_modis__d2__current_minus_base,shadow_point_prediction,-1.25,modis_pretrained,physical_modis,2,current_minus_base,258.008189687571,187.35662248344426,2.500334548516405,267.35803036453336,256.79999048595243,281.7397345157608,0.7941176470588235,260.04360005640694
modis_pretrained__physical_modis__d2__transition_features_minus_base,v5_prediction,1.25,modis_pretrained,physical_modis,2,transition_features_minus_base,257.1055601847318,188.0662836166782,-5.8472288638266745,269.74684725340524,256.2184563725681,277.5578961956556,0.773109243697479,260.0441059988592
scratch__physical_modis__d1__full_minus_current,shadow_point_prediction,2.5,scratch,physical_modis,1,full_minus_current,258.0103732489271,188.76130857069023,-6.151608497989307,267.31964562552497,256.84332992172483,281.3557059544704,0.7857142857142857,260.04593051127597
scratch__physical_modis__d1__full_minus_base,v5_prediction,2.25,scratch,physical_modis,1,full_minus_base,257.74566978292944,186.12247657591658,-3.9795553104881027,267.78627252431664,256.9067658101603,277.6852155313101,0.7857142857142857,260.046094475084
scratch__physical_modis__d2__transition_minus_current,shadow_point_prediction,-1.5,scratch,physical_modis,2,transition_minus_current,258.5583771866985,188.1918123231944,20.77790493641277,265.2912569883675,257.78251758313746,277.7977128586901,0.8067226890756303,260.04763223622547
modis_pretrained__physical_modis__d1__full_minus_base,v5_prediction,-1.5,modis_pretrained,physical_modis,1,full_minus_base,257.5296092254279,187.7608315255422,-7.426597623430738,268.686285905295,256.4491291070635,280.0148628751915,0.7689075630252101,260.0486583658036
modis_pretrained__physical__d2__full_minus_current,v5_prediction,0.25,modis_pretrained,physical,2,full_minus_current,257.447073627347,188.28476903254256,-5.96512807734509,268.7825486226153,256.52169509025526,278.3303096108238,0.7773109243697479,260.04959774189115
scratch__physical_modis__d2__current_minus_base,v5_prediction,-0.25,scratch,physical_modis,2,current_minus_base,257.5079231208902,188.47425949528338,-13.328276237686497,268.70296155415775,256.48480333731163,279.41679250212076,0.7815126050420168,260.05090278331244
modis_pretrained__physical_modis__d2__full_minus_current,v5_prediction,-2.75,modis_pretrained,physical_modis,2,full_minus_current,258.0333265861478,188.5789447571511,-24.007548945457344,266.8714917620068,257.26763680340736,277.1311884169447,0.773109243697479,260.0514454344274
scratch__physical__d1__full_minus_current,shadow_point_prediction,2.5,scratch,physical,1,full_minus_current,258.0565118712109,187.9544073030141,-3.6064101055219684,267.13160598863254,256.96488278883,280.6758999002757,0.7857142857142857,260.0523781299711
modis_pretrained__physical_modis__d1__effect_features_minus_base,v5_prediction,-1.5,modis_pretrained,physical_modis,1,effect_features_minus_base,257.48044732325314,189.62280383188326,-4.8313424528810724,268.7062287675605,256.55410393644144,278.37548123376536,0.7773109243697479,260.05530683762703
scratch__physical_modis__d2__full_minus_base,v5_prediction,-0.25,scratch,physical_modis,2,full_minus_base,257.45646393726906,188.08430632711637,-11.488144862718297,268.85088485119525,256.4690045956028,278.9963325512878,0.7773109243697479,260.05820433033404
modis_pretrained__physical_modis__d2__effect_features_minus_base,v5_prediction,1.75,modis_pretrained,physical_modis,2,effect_features_minus_base,257.2462954103493,187.7587794401041,-4.93984056136824,269.4310274946972,256.30987379112116,278.23942233932985,0.7815126050420168,260.0583730266293
modis_pretrained__physical_modis__d1__transition_features_minus_base,v5_prediction,0.75,modis_pretrained,physical_modis,1,transition_features_minus_base,257.5539472251434,187.10052003190535,-11.264601895955787,268.53055268456575,256.6000999881337,278.7456281446656,0.7857142857142857,260.0596367807466
modis_pretrained__physical_modis__d2__effect_features_minus_base,v5_prediction,-0.5,modis_pretrained,physical_modis,2,effect_features_minus_base,257.54965873490937,187.81362397105883,-8.596674570683026,268.5320958368861,256.60968110682495,278.59372706569894,0.773109243697479,260.0602736033825
scratch__physical__d2__full_minus_current,v5_prediction,-0.75,scratch,physical,2,full_minus_current,257.34912462848496,187.65094771430438,-7.864262296538749,269.15162815512804,256.4754512610674,277.6630619682539,0.7941176470588235,260.08133216829134
scratch__physical_modis__d2__pools_minus_current,v5_prediction,0.75,scratch,physical_modis,2,pools_minus_current,257.680901684818,189.03618156476927,-17.359530445073187,268.381329774539,256.5902447072377,280.2734331366008,0.7857142857142857,260.0833444628532
modis_pretrained__physical_modis__d1__pools_minus_base,v5_prediction,2.5,modis_pretrained,physical_modis,1,pools_minus_base,257.2863169635439,186.11413222039877,-10.364940014372706,269.41661860577756,256.3529428384482,278.2485495834672,0.7899159663865546,260.0855488428284
scratch__physical_modis__d1__transition_features_minus_base,v5_prediction,-1.0,scratch,physical_modis,1,transition_features_minus_base,257.47773544148845,188.5692585716136,-10.681588465592796,268.84426210183597,256.5440605549368,278.45134797401397,0.7815126050420168,260.0859483849374
scratch__physical__d2__transition_minus_current,v5_prediction,-1.0,scratch,physical,2,transition_minus_current,257.56400436967795,188.03845508059987,2.7785121731734486,268.4037843286616,256.83019645345325,276.25869450719114,0.7857142857142857,260.09049738036765
scratch__physical__d1__pools_minus_base,v5_prediction,-1.25,scratch,physical,1,pools_minus_base,257.6954256718483,188.98498786109997,-12.450216525909635,268.42029657682457,256.5605645979359,280.7185675241597,0.773109243697479,260.0929281296143
modis_pretrained__physical__d1__pools_minus_base,v5_prediction,-2.0,modis_pretrained,physical,1,pools_minus_base,257.52876598566405,189.73655617048203,-6.13645389717803,268.7670704893041,256.57151614517915,278.7553483899242,0.7773109243697479,260.09902965145284
scratch__physical__d2__full_minus_base,shadow_point_prediction,-1.0,scratch,physical,2,full_minus_base,257.66095287908945,188.38425273796503,-23.880050089011704,268.3913436303533,256.6867107534649,279.0719550256947,0.7773109243697479,260.0999900354993
scratch__physical_modis__d2__full_minus_current,shadow_point_prediction,-1.75,scratch,physical_modis,2,full_minus_current,258.13655493155454,187.4227998023088,13.443011862056567,267.0222367986235,257.10987910551523,280.1096847194509,0.8151260504201681,260.10130644181197
modis_pretrained__physical__d1__current_minus_base,v5_prediction,2.5,modis_pretrained,physical,1,current_minus_base,257.512382808688,189.4876375941803,-21.535340585795126,268.41303122186105,256.9735442494653,273.6236149903468,0.7773109243697479,260.1028352721756
scratch__physical_modis__d1__effect_features_minus_base,v5_prediction,2.0,scratch,physical_modis,1,effect_features_minus_base,257.4069685704758,186.78137237400597,-1.2861735842471895,269.20540777452595,256.3920271904459,279.22787317467703,0.7815126050420168,260.10284302648085
modis_pretrained__physical__d1__current_minus_base,v5_prediction,-0.25,modis_pretrained,physical,1,current_minus_base,257.5172504160402,188.31994402232257,-6.408915211339314,268.7952302851054,256.58485745027957,278.47881070357016,0.7773109243697479,260.10364714186636
modis_pretrained__physical__d1__transition_features_minus_base,v5_prediction,-0.5,modis_pretrained,physical,1,transition_features_minus_base,257.5089408325894,188.96907454114213,-6.1362690526561146,268.77354912139134,256.6235299282041,277.95937994431927,0.773109243697479,260.10374017869356
modis_pretrained__physical__d2__effect_features_minus_base,shadow_point_prediction,-2.25,modis_pretrained,physical,2,effect_features_minus_base,257.9935542458751,187.46429509660067,-0.6866273627892551,267.4481256786625,257.00431486770003,279.57545067880613,0.7815126050420168,260.1098872595282
scratch__physical__d1__effect_features_minus_base,v5_prediction,1.0,scratch,physical,1,effect_features_minus_base,257.4457131379622,187.9097033114246,-5.153372752732945,269.0166792645303,256.5329941807146,278.19212873847954,0.7773109243697479,260.11027493029235
modis_pretrained__physical_modis__d1__full_minus_base,v5_prediction,1.75,modis_pretrained,physical_modis,1,full_minus_base,257.57709661691405,188.70908563368386,-8.201066486140615,268.5120775692161,256.7979812553769,276.8169104166026,0.7857142857142857,260.1160630146053
scratch__physical_modis__d1__pools_minus_base,v5_prediction,0.75,scratch,physical_modis,1,pools_minus_base,257.3953382536601,186.6517838041136,-4.9202402060436174,269.19220686269244,256.4845193715277,278.1190167651003,0.7815126050420168,260.1168506853851
modis_pretrained__physical__d1__pools_minus_base,v5_prediction,1.25,modis_pretrained,physical,1,pools_minus_base,257.55576235602115,187.49405349343138,-8.813789099371087,268.6906523852361,256.66752087738143,278.03933524701824,0.7857142857142857,260.117424493665
scratch__physical_modis__d2__pools_minus_base,v5_prediction,-0.25,scratch,physical_modis,2,pools_minus_base,257.529019367799,188.31640822797164,-10.136447686273867,268.8794024580018,256.55354418545454,278.9471768166782,0.7773109243697479,260.1227463447636
modis_pretrained__physical__d2__full_minus_current,v5_prediction,-2.25,modis_pretrained,physical,2,full_minus_current,257.94794153405354,188.36066805102539,-24.154295212247145,267.5528211077902,257.052119848339,278.5311380551994,0.7689075630252101,260.1252060060591
modis_pretrained__physical_modis__d2__full_minus_base,shadow_point_prediction,2.75,modis_pretrained,physical_modis,2,full_minus_base,257.47454205320037,187.36160165316167,12.521463307179292,268.66763091424184,256.88679771100567,274.2739471982019,0.7857142857142857,260.12587818291206
modis_pretrained__physical_modis__d2__effect_features_minus_base,shadow_point_prediction,3.0,modis_pretrained,physical_modis,2,effect_features_minus_base,257.4905909545034,184.50796587498576,5.4378709163655445,269.0594641902562,256.4696925732928,279.37605023792617,0.7899159663865546,260.1275846681389
scratch__physical__d1__full_minus_current,v5_prediction,0.5,scratch,physical,1,full_minus_current,257.6015630493752,188.1416694398988,-8.617745259395523,268.6797308402965,256.63595532402917,278.9193958214956,0.773109243697479,260.12970306576904
modis_pretrained__physical_modis__d2__pools_minus_base,shadow_point_prediction,2.5,modis_pretrained,physical_modis,2,pools_minus_base,258.192655736989,186.51057489382228,2.1239014244550107,267.1877924233861,256.9581572511765,282.17626381370434,0.8067226890756303,260.13281528713514
scratch__physical__d1__transition_features_minus_base,v5_prediction,-0.75,scratch,physical,1,transition_features_minus_base,257.5118535551834,188.796682107786,-8.88063093811159,268.911255774711,256.5986245680924,278.2665868901327,0.7815126050420168,260.13339686329255
modis_pretrained__physical__d1__pools_minus_current,v5_prediction,0.25,modis_pretrained,physical,1,pools_minus_current,257.5504724875974,188.2222058605143,-6.614864073046471,268.8157919173891,256.6235512580447,278.45469456970824,0.773109243697479,260.13507203765715
scratch__physical__d2__transition_features_minus_base,v5_prediction,2.25,scratch,physical,2,transition_features_minus_base,257.70116310721227,188.02375829379162,23.204369757189117,268.24043843089,256.9029071693816,277.1707574434028,0.8025210084033614,260.136417953674
scratch__physical_modis__d2__pools_minus_current,v5_prediction,-0.5,scratch,physical_modis,2,pools_minus_current,257.50193042437525,188.1247637486514,-1.4003876880100328,268.90253873686254,256.6432502016649,277.6548255401639,0.7857142857142857,260.1374124468195
scratch__physical_modis__d1__full_minus_current,v5_prediction,0.5,scratch,physical_modis,1,full_minus_current,257.6091491417301,188.31375383151678,-9.12678493788899,268.69430799523,256.6397342998389,278.9673069407301,0.773109243697479,260.13808514463227
modis_pretrained__physical_modis__d2__full_minus_base,v5_prediction,-0.5,modis_pretrained,physical_modis,2,full_minus_base,257.62677053049447,187.84494472000682,-9.958475894453501,268.7243254673124,256.5774374310299,279.80611572528386,0.7773109243697479,260.1388259898328
scratch__physical__d1__current_minus_base,shadow_point_prediction,-2.0,scratch,physical,1,current_minus_base,258.05132019133913,189.06744541351213,-15.896129647055623,267.6329865113476,256.82041244495116,281.9949949459223,0.7899159663865546,260.1390098347443
scratch__physical__d1__effect_features_minus_base,v5_prediction,-2.0,scratch,physical,1,effect_features_minus_base,257.7672896128269,188.404529654673,-13.045388867039996,268.2984340434654,256.7233315917228,279.8988922276454,0.7773109243697479,260.1390862152105
scratch__physical__d1__pools_minus_base,v5_prediction,0.5,scratch,physical,1,pools_minus_base,257.4999725616869,187.59274237080132,-5.9175760968055595,268.95522909476443,256.6089215216696,278.0121284018343,0.7815126050420168,260.14102393495193
modis_pretrained__physical__d1__transition_features_minus_base,v5_prediction,1.25,modis_pretrained,physical,1,transition_features_minus_base,257.59206173405687,187.0376068863113,-11.903484136283252,268.72568158782815,256.67083525458474,278.43669379763276,0.7773109243697479,260.14516007763166
modis_pretrained__physical__d2__pools_minus_base,shadow_point_prediction,2.5,modis_pretrained,physical,2,pools_minus_base,258.09866120096575,188.5209547863223,-9.076996169003149,267.57948412666497,256.81825670795996,282.4951322035351,0.7983193277310925,260.1487658091391
modis_pretrained__physical_modis__d2__full_minus_base,shadow_point_prediction,-2.0,modis_pretrained,physical_modis,2,full_minus_base,258.36285635978226,186.93687637186582,-8.135632177193655,266.9332377423829,256.94157649487204,284.0043149874064,0.7899159663865546,260.1501317392049
modis_pretrained__physical__d2__effect_features_minus_base,v5_prediction,-0.5,modis_pretrained,physical,2,effect_features_minus_base,257.5832018295562,187.8172930720115,-8.061538035294944,268.79782299336017,256.6534600528494,278.51912509341673,0.7857142857142857,260.15442167633046
scratch__physical__d2__transition_features_minus_base,shadow_point_prediction,-1.25,scratch,physical,2,transition_features_minus_base,257.99457557441366,188.18057277258646,-16.653693622734394,267.52619462247304,257.1429426857461,278.0883014254985,0.7689075630252101,260.16457211426166
scratch__physical__d2__pools_minus_base,shadow_point_prediction,-1.0,scratch,physical,2,pools_minus_base,257.99345310218183,188.7748003830959,-12.197261015740793,267.74401840328017,256.9277072484448,280.3536563571819,0.773109243697479,260.1646579640221
modis_pretrained__physical_modis__d2__current_minus_base,v5_prediction,2.75,modis_pretrained,physical_modis,2,current_minus_base,257.63762771689983,190.11266973989638,-12.048177875557222,268.2397683068562,257.1677161455192,272.7212684114654,0.7647058823529411,260.1706849715438
scratch__physical_modis__d1__transition_features_minus_base,v5_prediction,1.5,scratch,physical_modis,1,transition_features_minus_base,257.6913463708953,187.21829182668057,-3.4377292786990425,268.60120995658065,256.7084013508495,279.1945453140975,0.7857142857142857,260.17307601230516
scratch__physical_modis__d1__transition_minus_current,v5_prediction,0.5,scratch,physical_modis,1,transition_minus_current,257.6093820494606,188.4109542433633,-8.52345520725406,268.86733670721065,256.61183271675543,279.2604757148003,0.773109243697479,260.17448338072177
modis_pretrained__physical_modis__d1__pools_minus_current,v5_prediction,0.5,modis_pretrained,physical_modis,1,pools_minus_current,257.4766433442861,188.3833894754989,-4.48237872340735,269.19581914596455,256.5521935981336,278.351134577605,0.7773109243697479,260.17532485816764
modis_pretrained__physical_modis__d1__pools_minus_base,v5_prediction,-1.25,modis_pretrained,physical_modis,1,pools_minus_base,257.69476336345247,189.08694177365587,-6.493597179066589,268.532187527646,256.78026922838797,278.47092159161514,0.7773109243697479,260.1754958707347
scratch__physical_modis__d2__effect_features_minus_base,v5_prediction,-0.25,scratch,physical_modis,2,effect_features_minus_base,257.61367281217434,188.12369547629547,-9.115530891745387,268.84348979774273,256.66441689618506,278.75924704079875,0.7773109243697479,260.1838130795691
modis_pretrained__physical_modis__d1__transition_features_minus_base,shadow_point_prediction,-2.75,modis_pretrained,physical_modis,1,transition_features_minus_base,257.6518496860822,192.01764185937122,13.324134956054298,268.31949367776525,257.13303506110344,273.4755540506851,0.7689075630252101,260.1890570277583
scratch__physical_modis__d1__transition_features_minus_base,shadow_point_prediction,2.75,scratch,physical_modis,1,transition_features_minus_base,258.4109755043197,187.43668757625858,8.530337342862293,266.7108327623325,257.2342501350794,281.8670091875594,0.8151260504201681,260.19175847651286
scratch__physical__d2__current_minus_base,shadow_point_prediction,1.75,scratch,physical,2,current_minus_base,258.80761341971345,186.87375867924368,43.148667128313456,265.3883401549578,257.76690794163324,280.95315244602443,0.7983193277310925,260.1926187340045
modis_pretrained__physical_modis__d1__effect_features_minus_base,v5_prediction,1.75,modis_pretrained,physical_modis,1,effect_features_minus_base,257.6131223405534,186.43721218519755,-11.228864185115222,268.87431302205124,256.6774661715666,278.6137183991741,0.7899159663865546,260.19450596868114
scratch__physical_modis__d2__pools_minus_base,shadow_point_prediction,2.0,scratch,physical_modis,2,pools_minus_base,258.29758357361936,184.04931053742916,19.38131540078773,266.8038448349195,257.42039098906986,278.68971121810574,0.7899159663865546,260.204850742807
modis_pretrained__physical_modis__d2__pools_minus_base,shadow_point_prediction,-2.0,modis_pretrained,physical_modis,2,pools_minus_base,257.7734494076905,187.2757497071217,-0.6873551124615116,268.22205810275875,257.05597156945464,276.27519892184563,0.7773109243697479,260.2062321218986
scratch__physical_modis__d2__transition_minus_current,v5_prediction,0.75,scratch,physical_modis,2,transition_minus_current,257.68020273310043,189.61095311824863,-17.891951140402103,268.9720154075287,256.5020126097736,281.11510684246406,0.773109243697479,260.2086083708758
scratch__physical_modis__d1__pools_minus_base,v5_prediction,-1.0,scratch,physical_modis,1,pools_minus_base,257.83576946660554,189.48955120230633,-11.602450903890869,268.3719970351677,256.79712324837885,279.91684443600303,0.7815126050420168,260.2101648041894
scratch__physical__d2__effect_features_minus_base,shadow_point_prediction,-1.5,scratch,physical,2,effect_features_minus_base,258.0881911099149,187.21871834359507,-3.919306689784335,267.57460793174266,257.0995888030663,279.66761547094643,0.7773109243697479,260.21264473865966
modis_pretrained__physical_modis__d1__full_minus_base,v5_prediction,-1.75,modis_pretrained,physical_modis,1,full_minus_base,257.7100071930019,187.92289725403495,-7.3670230955299765,268.8300827526206,256.60439245336215,280.45043155963737,0.7689075630252101,260.21362239799663
scratch__physical_modis__d1__full_minus_base,v5_prediction,-1.25,scratch,physical_modis,1,full_minus_base,257.5126834908166,189.06931344200748,-9.897650057694849,269.31997880714005,256.51416829675514,279.1694904455461,0.7815126050420168,260.2148785213821
modis_pretrained__physical_modis__d1__transition_minus_current,v5_prediction,0.5,modis_pretrained,physical_modis,1,transition_minus_current,257.6115927844421,187.86942721757677,-6.286571082113525,268.99728417327077,256.6481920363018,278.90663451179324,0.7773109243697479,260.21716544461424
modis_pretrained__physical__d2__pools_minus_current,v5_prediction,0.25,modis_pretrained,physical,2,pools_minus_current,257.686769478748,188.20881717487651,-8.91483334149268,268.8176792702961,256.68705322213685,279.3636462759726,0.7815126050420168,260.2195678624822
modis_pretrained__physical_modis__d1__transition_features_minus_base,v5_prediction,-1.0,modis_pretrained,physical_modis,1,transition_features_minus_base,257.52067459940804,190.01302421156032,-3.1433019840079766,269.15277366523446,256.6944471392652,277.3065468382568,0.773109243697479,260.2221425008289
scratch__physical__d2__transition_minus_current,shadow_point_prediction,1.75,scratch,physical,2,transition_minus_current,258.1769724577107,190.30574572820868,-17.92238244973614,267.7730791775464,256.76932797730393,283.69257662068287,0.7689075630252101,260.2240880175679
scratch__physical_modis__d2__transition_features_minus_base,shadow_point_prediction,2.5,scratch,physical_modis,2,transition_features_minus_base,257.8300591767405,186.85271881128585,22.311385540568498,268.27831885810093,256.95840902400266,278.14131361555656,0.7899159663865546,260.2242115588962
modis_pretrained__physical_modis__d2__transition_features_minus_base,shadow_point_prediction,2.25,modis_pretrained,physical_modis,2,transition_features_minus_base,257.31954917420086,187.29595326366046,4.048360905894682,269.77952112680146,256.49164720519946,277.1165181424319,0.7857142857142857,260.22756667010066
modis_pretrained__physical_modis__d1__effect_features_minus_base,v5_prediction,-1.75,modis_pretrained,physical_modis,1,effect_features_minus_base,257.6510520344394,190.05167149633797,-4.339225396555369,268.88297157067177,256.7268556197343,278.53020898699094,0.773109243697479,260.2279828148212
scratch__physical_modis__d1__full_minus_base,v5_prediction,2.5,scratch,physical_modis,1,full_minus_base,257.9609608805937,186.07506669123975,-3.5568342571161944,267.8632412549012,257.13126448387237,277.804197593716,0.7857142857142857,260.22910687499024
scratch__physical__d1__pools_minus_current,v5_prediction,0.25,scratch,physical,1,pools_minus_current,257.62414881927225,188.11220729222154,-8.908088179362275,268.9930236785486,256.68163426870433,278.69846156061095,0.7815126050420168,260.23073889644934
scratch__physical_modis__d1__current_minus_base,v5_prediction,2.75,scratch,physical_modis,1,current_minus_base,258.1628454151368,186.75557527992663,4.250957605051037,267.3129596997597,257.2919757598707,278.4790936011895,0.8025210084033614,260.232656572476
scratch__physical__d2__effect_features_minus_base,v5_prediction,-0.25,scratch,physical,2,effect_features_minus_base,257.65192324855576,187.99403408371228,-8.530944612012545,268.9398467714812,256.71049335425533,278.7158598700518,0.7773109243697479,260.238546655712
scratch__physical_modis__d1__pools_minus_current,v5_prediction,-2.75,scratch,physical_modis,1,pools_minus_current,258.3645697648863,189.5298613972083,-6.249659205851788,266.7670592998058,257.45922550350565,279.06936462683933,0.7815126050420168,260.238856083271
modis_pretrained__physical_modis__d2__current_minus_base,v5_prediction,-0.25,modis_pretrained,physical_modis,2,current_minus_base,257.66071811395443,188.2328213587129,-7.396396328587848,268.96403534805097,256.6738320607108,279.20358115537886,0.7773109243697479,260.2398259091677
scratch__physical_modis__d1__effect_features_minus_base,v5_prediction,-1.0,scratch,physical_modis,1,effect_features_minus_base,257.74371851515286,188.77841397656496,-11.032980394129348,268.66507536886934,256.8098918604073,278.7302905033214,0.7815126050420168,260.2406010648956
modis_pretrained__physical__d1__effect_features_minus_base,v5_prediction,0.75,modis_pretrained,physical,1,effect_features_minus_base,257.6429598168174,187.64646024827937,-8.35848708530069,268.9589273692785,256.72091280137363,278.49860031864,0.7815126050420168,260.2414399510717
scratch__physical_modis__d2__full_minus_current,v5_prediction,1.0,scratch,physical_modis,2,full_minus_current,257.9310246169089,189.85901431250895,-15.144570290708097,268.2846444348837,256.82022654249164,280.7322465029999,0.7815126050420168,260.2417300527983
modis_pretrained__physical__d1__transition_minus_current,shadow_point_prediction,2.25,modis_pretrained,physical,1,transition_minus_current,258.28868559264197,185.91269975244114,5.52326763093669,267.3403798107559,257.05470701060204,282.2722149935136,0.8109243697478992,260.24311450166044
modis_pretrained__physical__d1__full_minus_base,shadow_point_prediction,-2.5,modis_pretrained,physical,1,full_minus_base,258.4571548338249,186.56421863115924,-11.881746363071864,266.77301922547946,257.3023288834373,281.70750120315626,0.8067226890756303,260.24741444414167
modis_pretrained__physical__d2__pools_minus_base,v5_prediction,-0.25,modis_pretrained,physical,2,pools_minus_base,257.63362568228274,188.02068731537005,-6.820135950207065,268.97370886503813,256.749581908043,278.0741515928853,0.7857142857142857,260.24763553441164
scratch__physical__d2__transition_minus_current,v5_prediction,0.5,scratch,physical,2,transition_minus_current,257.7261079800011,188.72782526375167,-13.065323272839668,268.8846993161476,256.65675417050574,280.1100540061315,0.7689075630252101,260.2484173616639
modis_pretrained__physical__d1__transition_minus_current,v5_prediction,0.5,modis_pretrained,physical,1,transition_minus_current,257.6789229090546,187.8154411810998,-6.6815613700225125,268.96174145927256,256.7042143944029,279.0955882629918,0.7857142857142857,260.25595041794617
scratch__physical__d2__pools_minus_current,shadow_point_prediction,1.75,scratch,physical,2,pools_minus_current,258.1764159878159,187.82759975649822,-19.6956144609702,267.6586817287942,257.0184514363833,281.44338528598115,0.7857142857142857,260.2574912852024
scratch__physical_modis__d2__full_minus_current,v5_prediction,-0.75,scratch,physical_modis,2,full_minus_current,257.57470547544625,187.4160382272655,-2.263650665930695,269.1825975890188,256.69969165163707,277.91282924882734,0.7899159663865546,260.2579250478871
scratch__physical__d1__effect_features_minus_base,shadow_point_prediction,3.0,scratch,physical,1,effect_features_minus_base,258.085511112352,187.60108426956458,8.454108351586218,267.79560617497367,257.08021629107355,279.83748848830294,0.8151260504201681,260.2617111726878
scratch__physical__d1__transition_features_minus_base,shadow_point_prediction,2.75,scratch,physical,1,transition_features_minus_base,258.5385879116424,187.4373141490403,4.582908110625575,266.54788738359315,257.42797727953416,281.36618843061467,0.8151260504201681,260.263260121603
modis_pretrained__physical_modis__d1__pools_minus_base,v5_prediction,2.75,modis_pretrained,physical_modis,1,pools_minus_base,257.438230928498,186.11842229955784,-10.623029536726447,269.67091783102444,256.5081562858045,278.37156184056624,0.7941176470588235,260.26388399345626
modis_pretrained__physical_modis__d2__pools_minus_base,v5_prediction,2.0,modis_pretrained,physical_modis,2,pools_minus_base,257.9548656791386,189.0248039983144,-6.53459744109462,268.3322972686923,256.8185612886101,281.004079790202,0.7899159663865546,260.2651474788949
modis_pretrained__physical__d1__full_minus_base,v5_prediction,-0.75,modis_pretrained,physical,1,full_minus_base,257.79030401950473,187.6985142011991,-11.517196370940605,268.7133558535433,256.7823100877464,279.55699060074465,0.7815126050420168,260.26906849507475
scratch__physical__d1__pools_minus_current,shadow_point_prediction,1.5,scratch,physical,1,pools_minus_current,257.94725722376006,186.67512716878326,-6.1821680938827175,268.22215141174223,256.96712838165496,279.4322667196815,0.7941176470588235,260.27094856022933
modis_pretrained__physical__d2__pools_minus_current,v5_prediction,-2.25,modis_pretrained,physical,2,pools_minus_current,257.55003761735685,191.77814023383414,2.393052165081165,268.8311898164778,257.1777364873001,271.0209200796232,0.7773109243697479,260.2772503846229
scratch__physical__d2__current_minus_base,v5_prediction,1.75,scratch,physical,2,current_minus_base,258.1886258081988,187.3294750981318,34.802530100198986,267.2979262795472,257.45901202788593,276.8554968215539,0.8067226890756303,260.28354748095774
scratch__physical_modis__d2__transition_features_minus_base,v5_prediction,2.25,scratch,physical_modis,2,transition_features_minus_base,257.56254858745564,188.42713966997925,11.790319182125105,269.2154233244323,256.79934511767726,276.6125422851595,0.7689075630252101,260.2849664042552
modis_pretrained__physical__d1__pools_minus_base,v5_prediction,-2.25,modis_pretrained,physical,1,pools_minus_base,257.7177885793279,190.24551072770544,-5.930505035470872,268.9497428836162,256.76246011504486,278.93220584856965,0.773109243697479,260.2869450393292
modis_pretrained__physical_modis__d1__full_minus_base,v5_prediction,2.0,modis_pretrained,physical_modis,1,full_minus_base,257.7647612132761,188.92940639138146,-8.260641014041374,268.6291707068534,257.00652368714185,276.7630139014445,0.7941176470588235,260.29130420513684
modis_pretrained__physical__d2__effect_features_minus_base,v5_prediction,1.75,modis_pretrained,physical,2,effect_features_minus_base,257.6825374990006,187.71812461178405,-6.8128184352265215,269.17061262365627,256.66119625398346,279.5810668774849,0.7857142857142857,260.2992209689102
scratch__physical__d2__full_minus_current,v5_prediction,0.75,scratch,physical,2,full_minus_current,257.9571142062117,189.06854748959836,-7.70382728513184,268.39928211472704,256.90830291103026,280.14613122976255,0.773109243697479,260.3054533595452
scratch__physical__d1__transition_features_minus_base,v5_prediction,1.75,scratch,physical,1,transition_features_minus_base,257.89866547679856,187.454779537149,-5.225343780523943,268.5148319458991,256.9147215687209,279.4213316195542,0.7815126050420168,260.3067211170543
modis_pretrained__physical__d1__pools_minus_base,v5_prediction,1.5,modis_pretrained,physical,1,pools_minus_base,257.7489151425701,187.61205107882802,-9.019737961078246,268.8616261288066,256.87280459921124,278.1063986074632,0.7899159663865546,260.30806525328956
modis_pretrained__physical_modis__d2__transition_features_minus_base,v5_prediction,-0.5,modis_pretrained,physical_modis,2,transition_features_minus_base,257.88562637971995,188.1843721538829,-8.558771161638743,268.5079618581201,256.9540376958646,278.8542387235428,0.7773109243697479,260.30831307835615
modis_pretrained__physical__d2__pools_minus_base,shadow_point_prediction,-1.25,modis_pretrained,physical,2,pools_minus_base,258.104744798573,187.49111698229098,5.381636440420322,267.71156867319786,257.33031477438,277.30951359853213,0.7899159663865546,260.31284326118094
modis_pretrained__physical_modis__d1__pools_minus_current,shadow_point_prediction,2.0,modis_pretrained,physical_modis,1,pools_minus_current,257.8682059821861,188.81437070089075,13.768756506990957,268.4247675872802,257.09114998934797,277.0949559678557,0.7899159663865546,260.3130823852501
modis_pretrained__physical__d2__effect_features_minus_base,shadow_point_prediction,2.5,modis_pretrained,physical,2,effect_features_minus_base,258.0628954133461,185.59499804439028,1.9495584595774094,268.2393906180753,256.8909687009865,281.4569653017428,0.8151260504201681,260.3140375364385
modis_pretrained__physical_modis__d1__pools_minus_current,shadow_point_prediction,-2.75,modis_pretrained,physical_modis,1,pools_minus_current,258.7597890005741,189.76773791624558,-17.597071133574545,265.59411909498755,258.16586094491004,275.6877514306718,0.7773109243697479,260.3198895102614
scratch__physical_modis__d1__current_minus_base,v5_prediction,-0.5,scratch,physical_modis,1,current_minus_base,257.7433033220997,188.90090656498074,-9.972227044632811,269.05115087621465,256.74631675387593,279.3944787257952,0.773109243697479,260.3210185685725
modis_pretrained__physical_modis__d1__full_minus_current,v5_prediction,0.5,modis_pretrained,physical_modis,1,full_minus_current,257.65203606843363,189.08765914540928,-4.085348734501387,269.204973335276,256.78044260075524,277.9553331074298,0.7857142857142857,260.32237201822466
scratch__physical__d1__transition_minus_current,v5_prediction,0.5,scratch,physical,1,transition_minus_current,257.79164677866896,188.23851967514392,-11.167542830401464,268.9342226638842,256.7739896444841,279.6574201327728,0.773109243697479,260.3228764664266
scratch__physical_modis__d2__pools_minus_current,shadow_point_prediction,2.0,scratch,physical_modis,2,pools_minus_current,258.51856138922847,189.25697353655164,-24.972536174021876,267.0570068979216,257.21388997884094,283.1534617700062,0.7689075630252101,260.3270049138049
scratch__physical__d2__transition_features_minus_base,v5_prediction,-0.25,scratch,physical,2,transition_features_minus_base,257.73793859298877,188.3377377468024,-11.227201962838008,269.0316306035046,256.8014515170028,278.7527496317774,0.7773109243697479,260.3272398266212
scratch__physical_modis__d2__full_minus_base,shadow_point_prediction,2.25,scratch,physical_modis,2,full_minus_base,258.4409441364797,186.05994263926777,33.898992884226175,266.67494676585034,257.7552604400538,276.5687481984436,0.7857142857142857,260.3280238697159
modis_pretrained__physical__d2__transition_features_minus_base,shadow_point_prediction,2.5,modis_pretrained,physical,2,transition_features_minus_base,257.98015281482003,186.53608744477467,8.172472265755399,268.45638805394344,256.90124564977606,280.470488954374,0.8109243697478992,260.3294848333399
scratch__physical__d1__full_minus_base,v5_prediction,-0.75,scratch,physical,1,full_minus_base,257.7066808476411,188.8137242626469,-12.705327294620501,269.19224394986264,256.71317779070637,279.3202055056704,0.7815126050420168,260.3296958589628
scratch__physical_modis__d1__transition_features_minus_base,v5_prediction,-1.25,scratch,physical_modis,1,transition_features_minus_base,257.71481660143763,188.99338904848514,-11.405974384282171,269.112334188407,256.777684921306,278.7355359629521,0.7815126050420168,260.32991307814706
scratch__physical__d1__transition_minus_current,shadow_point_prediction,2.25,scratch,physical,1,transition_minus_current,258.3301347578068,188.04307437901483,-14.663648940768592,267.6008674352183,257.0647450021651,282.6024700566489,0.7773109243697479,260.33147048824924
scratch__physical__d1__effect_features_minus_base,v5_prediction,1.25,scratch,physical,1,effect_features_minus_base,257.64386267560735,188.03047938369434,-4.495704743207358,269.3046969916974,256.73349345333065,278.37311714820714,0.7773109243697479,260.33147894906074
modis_pretrained__physical_modis__d1__current_minus_base,shadow_point_prediction,2.5,modis_pretrained,physical_modis,1,current_minus_base,258.4925773530381,187.89523184256956,-18.527133323397987,266.4145669722923,257.92707560585404,275.0161427550121,0.7815126050420168,260.3316993210556
modis_pretrained__physical_modis__d1__current_minus_base,v5_prediction,1.75,modis_pretrained,physical_modis,1,current_minus_base,258.07380836070877,187.39505265917973,-21.146502683309304,267.8434526690201,257.3437131649132,276.7422661082304,0.773109243697479,260.3336956388377
modis_pretrained__physical_modis__d1__current_minus_base,v5_prediction,-0.5,modis_pretrained,physical_modis,1,current_minus_base,257.6742214883785,189.00212991086556,-3.966199678699867,269.2356829561333,256.7600853961421,278.44563281851066,0.7815126050420168,260.33605283225813
scratch__physical_modis__d1__effect_features_minus_base,v5_prediction,2.25,scratch,physical_modis,1,effect_features_minus_base,257.63580147803447,186.87252182452235,-0.47393968342367665,269.5059757707142,256.6032834371419,279.64587731255017,0.7857142857142857,260.34521554098126
modis_pretrained__physical__d2__transition_features_minus_base,v5_prediction,1.75,modis_pretrained,physical,2,transition_features_minus_base,257.6555221969088,188.1521641992251,-2.4567787709019298,269.4180427739369,256.65518641106695,279.3374130844393,0.7857142857142857,260.34606839470536
modis_pretrained__physical_modis__d2__transition_minus_current,v5_prediction,-2.5,modis_pretrained,physical_modis,2,transition_minus_current,258.8755787423168,189.6587370508093,-15.534161267327015,265.24268576524565,258.4398809471958,273.45298206484426,0.7773109243697479,260.3584310492688
scratch__physical__d1__effect_features_minus_base,v5_prediction,-2.25,scratch,physical,1,effect_features_minus_base,258.0187081444053,188.70232971893967,-13.703056876565583,268.46745639039256,256.95476866131526,280.36204562207615,0.7815126050420168,260.3649103351296
modis_pretrained__physical_modis__d2__full_minus_base,v5_prediction,1.75,modis_pretrained,physical_modis,2,full_minus_base,257.5653519107863,188.8726623164411,-0.17353592817157962,269.3826271627878,256.9495837017535,274.74907640302797,0.7773109243697479,260.3657286715285
modis_pretrained__physical_modis__d1__pools_minus_base,v5_prediction,-1.5,modis_pretrained,physical_modis,1,pools_minus_base,257.90081530369895,189.51172567546215,-6.235507656712848,268.6692913767665,256.99204771756615,278.62345877289977,0.7773109243697479,260.36574242543264
modis_pretrained__physical_modis__d1__pools_minus_current,v5_prediction,-1.75,modis_pretrained,physical_modis,1,pools_minus_current,258.2725896882393,188.93296229712374,-19.33987602683311,267.42343256427034,257.50426221704777,277.41118373504037,0.773109243697479,260.3682185394492
scratch__physical__d2__full_minus_base,v5_prediction,1.75,scratch,physical,2,full_minus_base,258.16023488943335,186.9344071171992,34.98970428017372,267.66366663125746,257.5058530418703,275.8754618386329,0.7857142857142857,260.3724973629986
scratch__physical_modis__d2__full_minus_current,shadow_point_prediction,2.5,scratch,physical_modis,2,full_minus_current,258.7222539005639,190.82622705007748,-17.83922151240283,266.8234390669521,257.2258358545868,285.01205604188476,0.7815126050420168,260.3734456806667
modis_pretrained__physical__d2__full_minus_base,v5_prediction,-0.25,modis_pretrained,physical,2,full_minus_base,257.8320849585117,187.89085679649497,-9.769841214354654,268.9678358443209,256.87469052074675,279.0732806544422,0.7815126050420168,260.37667407052277
modis_pretrained__physical_modis__d2__pools_minus_base,v5_prediction,-0.5,modis_pretrained,physical_modis,2,pools_minus_base,257.71753833988225,188.0790650427247,-8.096406628270465,269.24015924275767,256.8407019603942,278.0817797216714,0.7773109243697479,260.3789844707291
modis_pretrained__physical_modis__d1__effect_features_minus_base,v5_prediction,2.0,modis_pretrained,physical_modis,1,effect_features_minus_base,257.8040312258503,186.46793375931205,-11.720981241440926,269.07677823048977,256.8691073589508,278.80492740094996,0.7857142857142857,260.3884870102853
modis_pretrained__physical_modis__d1__full_minus_current,v5_prediction,-1.75,modis_pretrained,physical_modis,1,full_minus_current,258.10101823577077,187.5204639216143,-20.729480988003978,268.1828335151274,257.18349560971933,278.92711996968154,0.7689075630252101,260.39209139909707
scratch__physical__d2__full_minus_current,shadow_point_prediction,2.0,scratch,physical,2,full_minus_current,258.7411378306102,189.27115545843276,0.7760055858217099,266.71721628686527,257.40964078682356,283.62515596156896,0.7605042016806722,260.4022831837273
modis_pretrained__physical_modis__d1__full_minus_base,v5_prediction,-2.0,modis_pretrained,physical_modis,1,full_minus_base,257.91654289985934,188.11912213677587,-7.307448567629215,268.9924163085313,256.78557436353015,280.9125696220968,0.7689075630252101,260.402769117945
scratch__physical_modis__d1__pools_minus_current,v5_prediction,0.5,scratch,physical_modis,1,pools_minus_current,257.71647377203976,188.1558728510835,-8.063023988105027,269.4328697051722,256.75564038436414,278.9889933548349,0.7815126050420168,260.40536440840395
modis_pretrained__physical__d2__transition_minus_current,v5_prediction,0.25,modis_pretrained,physical,2,transition_minus_current,257.8252203404685,188.2320580055945,-7.1898864980168256,269.1288716706548,256.8534413679887,279.21756220991574,0.7773109243697479,260.4081884298951
modis_pretrained__physical_modis__d2__effect_features_minus_base,v5_prediction,2.0,modis_pretrained,physical_modis,2,effect_features_minus_base,257.5578273901772,187.95012256327558,-4.533525671444375,269.89897911200063,256.61880312925683,278.59206712111813,0.7773109243697479,260.40835925540296
modis_pretrained__physical_modis__d1__transition_features_minus_base,v5_prediction,1.0,modis_pretrained,physical_modis,1,transition_features_minus_base,257.9187429818894,187.2337469025797,-12.424787597662617,268.8301705928452,256.9711720076607,279.0595114284321,0.7815126050420168,260.4097071410712
modis_pretrained__physical_modis__d2__effect_features_minus_base,v5_prediction,-0.75,modis_pretrained,physical_modis,2,effect_features_minus_base,257.9281084985698,188.1280015610281,-9.00298946060689,268.80178930993975,256.9847434799305,279.02449783891404,0.7815126050420168,260.4106874467525
modis_pretrained__physical__d1__current_minus_base,shadow_point_prediction,-1.5,modis_pretrained,physical,1,current_minus_base,258.26705636718987,189.0857889464328,8.812869714255063,267.72407273174053,257.4070998349909,278.46552710561724,0.7857142857142857,260.4163213252778
scratch__physical__d1__pools_minus_base,shadow_point_prediction,-2.5,scratch,physical,1,pools_minus_base,258.40100863883265,189.70306366831645,-8.770251232869514,267.9760989247111,256.90932302958583,284.6344200726258,0.773109243697479,260.4218598079906
scratch__physical_modis__d1__full_minus_base,v5_prediction,-1.5,scratch,physical_modis,1,full_minus_base,257.69489609209205,189.54458088619188,-10.320371111066759,269.61483584835713,256.6828299340543,279.49914622217267,0.7815126050420168,260.4218644916489
modis_pretrained__physical__d2__full_minus_current,shadow_point_prediction,1.5,modis_pretrained,physical,2,full_minus_current,258.2065792984855,188.93146900730832,11.4755925182204,267.99147063401017,257.29094954344856,279.0166227448866,0.7857142857142857,260.42389469360745
modis_pretrained__physical_modis__d2__pools_minus_current,v5_prediction,0.5,modis_pretrained,physical_modis,2,pools_minus_current,257.9281683876857,188.7142564403359,-6.696386028905232,269.00805295000663,256.834641052488,280.5603065492862,0.7815126050420168,260.4247576944665
modis_pretrained__physical__d1__full_minus_current,v5_prediction,-1.5,modis_pretrained,physical,1,full_minus_current,258.02653158950034,187.77608184070274,-23.501125428021812,268.49624600907555,257.14987058886044,278.40157782003996,0.7647058823529411,260.4247949442342
modis_pretrained__physical_modis__d1__effect_features_minus_base,v5_prediction,-2.0,modis_pretrained,physical_modis,1,effect_features_minus_base,257.8473468971598,190.4952248919699,-3.8471083402296644,269.08666624635975,256.92549330534945,278.70955150640856,0.773109243697479,260.4267133365072
scratch__physical__d2__pools_minus_base,v5_prediction,2.25,scratch,physical,2,pools_minus_base,258.08748842725896,185.56224406927387,20.924500028459605,268.1273499091049,257.41796854535403,275.9959434800354,0.7857142857142857,260.4300738272442
scratch__physical_modis__d1__transition_features_minus_base,v5_prediction,1.75,scratch,physical_modis,1,transition_features_minus_base,257.9708929153709,187.34125065048008,-2.7133433600096675,268.82093609390427,256.97447247094044,279.6262293528175,0.7857142857142857,260.4342985988966
scratch__physical_modis__d2__transition_minus_current,v5_prediction,-0.75,scratch,physical_modis,2,transition_minus_current,257.95688272784685,188.00904029170886,2.3238615587315086,268.62562504760433,257.21149084855756,276.80746804109725,0.7983193277310925,260.4377203379639
scratch__physical_modis__d1__full_minus_base,v5_prediction,2.75,scratch,physical_modis,1,full_minus_base,258.2025264703753,186.05560203014642,-3.1341132037442843,267.9650849356311,257.381744175641,277.9531427860837,0.7857142857142857,260.43797051300567
scratch__physical__d1__transition_features_minus_base,v5_prediction,-1.0,scratch,physical,1,transition_features_minus_base,257.8023691135788,189.4359961736618,-9.246159653870356,269.25306607387176,256.89643256430395,278.4900532960836,0.7815126050420168,260.4385592163333
modis_pretrained__physical_modis__d1__transition_features_minus_base,shadow_point_prediction,2.0,modis_pretrained,physical_modis,1,transition_features_minus_base,258.414328721742,188.11730590139038,-8.719393376375475,267.44684108777597,257.5343198195932,278.8425202074257,0.7899159663865546,260.4524545877133
modis_pretrained__physical__d1__full_minus_current,v5_prediction,0.5,modis_pretrained,physical,1,full_minus_current,257.79252205657605,189.30698720027016,-2.5450179117731255,269.3215125836761,256.92316486440603,278.07669375079917,0.7773109243697479,260.45743039030856
modis_pretrained__physical__d1__transition_features_minus_base,shadow_point_prediction,2.25,modis_pretrained,physical,1,transition_features_minus_base,258.31728961473823,188.55291236557312,-6.852898584527157,267.70188852474234,257.5105597129243,277.9099163263323,0.7815126050420168,260.4617568667858
modis_pretrained__physical_modis__d1__pools_minus_base,v5_prediction,3.0,modis_pretrained,physical_modis,1,pools_minus_base,257.61242918926223,186.12417945509642,-10.88111905908019,269.94937458256635,256.6862091605964,278.5117377808889,0.7983193277310925,260.46511053042184
scratch__physical__d1__full_minus_current,v5_prediction,0.75,scratch,physical,1,full_minus_current,257.964235546718,188.5213841412548,-9.034595493675635,268.9586286840735,256.9816523239256,279.4755890640258,0.773109243697479,260.4671880253588
scratch__physical__d2__pools_minus_current,v5_prediction,0.75,scratch,physical,2,pools_minus_current,257.98012062242634,188.9794296106533,-16.465919090085023,269.00220841558917,256.91576438370237,280.3258615107879,0.7815126050420168,260.46955351103605
scratch__physical_modis__d2__effect_features_minus_base,shadow_point_prediction,-1.75,scratch,physical_modis,2,effect_features_minus_base,258.40959750127473,188.04084904336233,-8.758310469091468,267.7054728164277,257.3768524712207,280.45662484397843,0.7857142857142857,260.47538007254946
modis_pretrained__physical_modis__d2__pools_minus_current,v5_prediction,-1.75,modis_pretrained,physical_modis,2,pools_minus_current,257.7318021756397,189.9260087476072,-11.590850457590523,269.1347076394955,257.3235049513511,271.82507908159783,0.773109243697479,260.4804542355315
modis_pretrained__physical_modis__d1__transition_minus_current,shadow_point_prediction,2.5,modis_pretrained,physical_modis,1,transition_minus_current,258.37656333567696,186.9488610457625,8.049460780888015,267.88445370300565,257.2850168297866,281.0098686955305,0.7815126050420168,260.4806493010366
scratch__physical_modis__d1__full_minus_current,v5_prediction,0.75,scratch,physical_modis,1,full_minus_current,257.9779778620778,188.77951072868177,-9.798155011415837,268.9826298354343,256.9877271454502,279.569692481141,0.773109243697479,260.48157817626003
scratch__physical_modis__d1__transition_minus_current,shadow_point_prediction,2.75,scratch,physical_modis,1,transition_minus_current,258.3754673034775,189.87865825463018,-3.5046650530240404,268.1058520017804,257.0909427335444,282.82281535618415,0.7563025210084033,260.4869323355699
modis_pretrained__physical__d1__effect_features_minus_base,shadow_point_prediction,2.5,modis_pretrained,physical,1,effect_features_minus_base,258.3579466399339,187.2346117378612,-1.3527154109388126,267.80078792681707,257.43469312581743,279.25686916807166,0.8151260504201681,260.4878435831256
modis_pretrained__physical_modis__d1__full_minus_base,v5_prediction,2.25,modis_pretrained,physical_modis,1,full_minus_base,257.9785468977174,189.1916518652292,-8.320215541942135,268.76484217302163,257.240818732886,276.7367628519149,0.7941176470588235,260.4906886753356
scratch__physical_modis__d1__pools_minus_base,v5_prediction,1.0,scratch,physical_modis,1,pools_minus_base,257.7223660924655,186.46515732784604,-3.9656386777797237,269.7255201867537,256.80982400804487,278.4785174909441,0.7857142857142857,260.4950190949324
modis_pretrained__physical_modis__d2__transition_minus_current,v5_prediction,0.5,modis_pretrained,physical_modis,2,transition_minus_current,257.77272294609503,188.46143711569258,-6.234021495536951,269.70221926783,256.7405177429828,279.7857611591292,0.7815126050420168,260.4970457257507
modis_pretrained__physical__d1__pools_minus_base,v5_prediction,-2.5,modis_pretrained,physical,1,pools_minus_base,257.93394099476205,190.76030589481095,-5.724556173763713,269.1575211061516,256.9815691257429,279.1263438313124,0.7689075630252101,260.50174305535467
scratch__physical_modis__d1__effect_features_minus_base,v5_prediction,-1.25,scratch,physical_modis,1,effect_features_minus_base,258.0282852637834,189.18360938908057,-11.84521429495286,268.87618708621534,257.0908013928733,279.0661474729369,0.7773109243697479,260.50588975166386
modis_pretrained__physical__d1__effect_features_minus_base,v5_prediction,1.0,modis_pretrained,physical,1,effect_features_minus_base,257.9087405756813,187.74226460701016,-8.549967850122487,269.2553387328761,256.991386673986,278.7249009023805,0.7815126050420168,260.51605163955617
scratch__physical_modis__d1__transition_minus_current,v5_prediction,0.75,scratch,physical_modis,1,transition_minus_current,257.9623896007498,188.9066028977943,-8.893160415463443,269.2359742848312,256.9319169120745,279.9663372524237,0.773109243697479,260.5231675996013
scratch__physical__d2__full_minus_base,v5_prediction,-0.25,scratch,physical,2,full_minus_base,257.88098456791425,188.48242756831857,-13.894580372408013,269.423281802516,256.9118014614462,279.24850828119213,0.7773109243697479,260.5242630999477
modis_pretrained__physical__d1__pools_minus_base,v5_prediction,1.75,modis_pretrained,physical,1,pools_minus_base,257.96918792426055,187.75219198648253,-9.2256868227854,269.0577303909574,257.1060716163484,278.1908968779334,0.7857142857142857,260.5255444639567
scratch__physical_modis__d1__pools_minus_current,shadow_point_prediction,2.25,scratch,physical_modis,1,pools_minus_current,257.9249149763863,187.01735019022004,-0.693314150434611,269.3864134530294,256.8750011307822,280.1235615085075,0.7815126050420168,260.527811134146
scratch__physical__d2__full_minus_current,v5_prediction,-1.0,scratch,physical,2,full_minus_current,257.7564856674875,188.07295003853622,-7.8910014651065685,269.7119500464389,256.8922956843424,277.98149485553125,0.7941176470588235,260.52930426643906
scratch__physical_modis__d1__pools_minus_base,shadow_point_prediction,2.25,scratch,physical_modis,1,pools_minus_base,258.1592092465433,184.66932845754596,9.153505991654207,268.7110878130728,257.0914590731599,280.5469273147931,0.8025210084033614,260.53024134482985
scratch__physical__d1__pools_minus_base,v5_prediction,-1.5,scratch,physical,1,pools_minus_base,258.167935110048,189.56733863875752,-13.383450872924504,268.8143255428996,256.97617925661586,281.75370967547667,0.773109243697479,260.5315937549029
scratch__physical_modis__d2__current_minus_base,shadow_point_prediction,1.5,scratch,physical_modis,2,current_minus_base,258.87442305628497,186.93917640325859,33.82748091838638,266.37220964347654,258.0117002791072,279.12874154460144,0.8025210084033614,260.5331890087884
modis_pretrained__physical__d1__transition_features_minus_base,v5_prediction,-0.75,modis_pretrained,physical,1,transition_features_minus_base,257.9235705546804,189.85130754871622,-5.312381183566523,269.2161148073636,257.0736462423973,277.99513412720006,0.773109243697479,260.53422553978044
modis_pretrained__physical_modis__d2__transition_features_minus_base,v5_prediction,1.5,modis_pretrained,physical_modis,2,transition_features_minus_base,257.5255583143122,188.52629067036818,-5.459865678424951,270.43888134000986,256.65716140479736,277.7880554873958,0.773109243697479,260.5367898433579
scratch__physical_modis__d2__full_minus_base,v5_prediction,2.0,scratch,physical_modis,2,full_minus_base,258.2022763410427,188.1920644008432,21.848755784228718,268.0872169778837,257.6673755108477,274.27879041289583,0.7857142857142857,260.5397862927042
scratch__physical__d2__pools_minus_current,v5_prediction,-0.75,scratch,physical,2,pools_minus_current,257.96766831045437,189.21484426663017,0.8978295084144337,269.14465443938377,257.09832297706924,278.2589046304925,0.773109243697479,260.54457850934045
modis_pretrained__physical_modis__d2__full_minus_current,shadow_point_prediction,1.75,modis_pretrained,physical_modis,2,full_minus_current,258.3028636369262,188.6774970333044,10.886140335675018,268.1487946213051,257.43100095486056,278.63593223074724,0.7941176470588235,260.5463807125045
scratch__physical__d2__pools_minus_base,v5_prediction,-0.25,scratch,physical,2,pools_minus_base,257.957094379241,188.8219481730447,-10.973883104090286,269.28688836315524,256.9899594561462,279.3063946398627,0.7773109243697479,260.5477591444459
modis_pretrained__physical_modis__d2__full_minus_base,v5_prediction,-0.75,modis_pretrained,physical_modis,2,full_minus_base,258.07158129478984,188.1326056072682,-11.045691446262603,269.1194674539726,256.96116863634643,280.87557611461006,0.7815126050420168,260.55594966997467
scratch__physical_modis__d2__transition_minus_current,shadow_point_prediction,2.0,scratch,physical_modis,2,transition_minus_current,258.4212817575939,192.16511369551893,-26.392324694898974,268.4522790300501,256.93294040153353,284.6281205211818,0.7689075630252101,260.5569457366928
modis_pretrained__physical__d2__transition_features_minus_base,shadow_point_prediction,-1.5,modis_pretrained,physical,2,transition_features_minus_base,258.44000554311515,188.02009771197487,-4.004135779806575,267.6907041565751,257.68020680858547,277.48292087030035,0.7647058823529411,260.5627305128477
modis_pretrained__physical_modis__d2__full_minus_current,v5_prediction,0.5,modis_pretrained,physical_modis,2,full_minus_current,257.9206469805089,188.86299780289968,-4.834316762722197,269.41222886878387,256.9992788914276,278.78071107874,0.773109243697479,260.5632004303073
scratch__physical__d2__current_minus_base,v5_prediction,-0.25,scratch,physical,2,current_minus_base,257.99724363790784,188.82358095300464,-13.867841203840195,269.2728701087733,256.9924411282955,279.74025262033916,0.7815126050420168,260.56494962822114
scratch__physical_modis__d2__current_minus_base,shadow_point_prediction,-1.5,scratch,physical_modis,2,current_minus_base,258.6492838055613,191.0442737113965,-32.70329644382804,267.7491831383829,257.21486687377626,284.4171511939462,0.7941176470588235,260.5656544058204
modis_pretrained__physical_modis__d2__transition_features_minus_base,shadow_point_prediction,-1.75,modis_pretrained,physical_modis,2,transition_features_minus_base,259.0803867274648,187.07985252045714,-2.1494500605329034,265.9320505408794,258.1704993425041,279.8647395019294,0.7899159663865546,260.5658308345783
modis_pretrained__physical__d1__full_minus_base,v5_prediction,-1.0,modis_pretrained,physical,1,full_minus_base,258.12306592521816,187.8630578222969,-12.761580230975706,268.9379287179278,257.0909687944918,280.15069400846954,0.7815126050420168,260.568757340714
scratch__physical__d1__current_minus_base,v5_prediction,-0.5,scratch,physical,1,current_minus_base,258.01096177371824,188.9371250149492,-11.898600261918993,269.2587691420156,257.00200783210016,279.7972785185428,0.7815126050420168,260.57067513038805
modis_pretrained__physical__d2__effect_features_minus_base,v5_prediction,-0.75,modis_pretrained,physical,2,effect_features_minus_base,258.00465999082826,188.12152681827354,-8.200284657524769,269.23167498181147,257.0743851282135,278.96422496165815,0.7857142857142857,260.5788450229204
modis_pretrained__physical_modis__d1__pools_minus_base,v5_prediction,-1.75,modis_pretrained,physical_modis,1,pools_minus_base,258.1290318541253,189.9646357819822,-5.977418134359106,268.8308239213657,257.22651269154863,278.79311313048174,0.773109243697479,260.5788500802912
modis_pretrained__physical_modis__d1__transition_minus_current,v5_prediction,0.75,modis_pretrained,physical_modis,1,transition_minus_current,257.9594848381222,188.10034938873665,-5.537834227752641,269.42203008869143,256.9822096809472,279.4152149510192,0.7815126050420168,260.5808023614708
scratch__physical_modis__d2__transition_features_minus_base,v5_prediction,-0.5,scratch,physical_modis,2,transition_features_minus_base,258.0681967962406,188.6899354594864,-12.133903451493163,269.07705142920435,257.11686675851297,279.2553180581926,0.7815126050420168,260.58257794504965
scratch__physical__d1__effect_features_minus_base,v5_prediction,1.5,scratch,physical,1,effect_features_minus_base,257.8764260534887,188.15549422329775,-3.8380367336817702,269.6274678577076,256.96713668259736,278.60372096172347,0.7773109243697479,260.5868641618206
modis_pretrained__physical__d1__transition_features_minus_base,v5_prediction,1.5,modis_pretrained,physical,1,transition_features_minus_base,258.0302636377721,187.36744718329373,-12.727372005372843,269.1546704675865,257.13519831586405,278.6085944152108,0.7773109243697479,260.5875990147487
modis_pretrained__physical_modis__d2__full_minus_current,v5_prediction,-3.0,modis_pretrained,physical_modis,2,full_minus_current,258.6377421120632,189.12947815651668,-25.482412959513905,267.19294311863837,257.9047691996558,277.3627153630717,0.7773109243697479,260.59329913560515
scratch__physical__d1__pools_minus_base,v5_prediction,0.75,scratch,physical,1,pools_minus_base,257.91707143038144,187.64530844632668,-4.984341749790693,269.5008953355997,257.0409050857363,278.2821114528425,0.7815126050420168,260.5939858205247
modis_pretrained__physical_modis__d2__transition_minus_current,shadow_point_prediction,1.75,modis_pretrained,physical_modis,2,transition_minus_current,258.1058120043347,187.9666582975259,5.98717377082337,269.3028128794106,256.8793057874063,282.0116046993081,0.7689075630252101,260.5984356688716
modis_pretrained__physical_modis__d1__effect_features_minus_base,v5_prediction,2.25,modis_pretrained,physical_modis,1,effect_features_minus_base,258.02058456125076,186.54833406364236,-12.213098297766631,269.30613712174363,257.08659651031235,279.02067848502526,0.7857142857142857,260.6084756886394
scratch__physical__d2__transition_minus_current,v5_prediction,-1.25,scratch,physical,2,transition_minus_current,258.1251102092815,188.79108655350026,5.419151414175637,268.76994378835866,257.4287615440509,276.37619541911437,0.7941176470588235,260.61223143774316
scratch__physical_modis__d1__pools_minus_base,v5_prediction,-1.25,scratch,physical_modis,1,pools_minus_base,258.2877798795024,190.17658990521133,-12.557052432154762,268.67259807469367,257.2096051671003,280.78493644508393,0.7815126050420168,260.6144407501997
modis_pretrained__physical_modis__d2__pools_minus_current,shadow_point_prediction,1.5,modis_pretrained,physical_modis,2,pools_minus_current,258.8247758263436,188.0576357145733,3.825068523069361,267.37865791192615,257.432912004154,284.2388889238367,0.7815126050420168,260.61528039219183
modis_pretrained__physical_modis__d1__full_minus_base,v5_prediction,-2.25,modis_pretrained,physical_modis,1,full_minus_base,258.14915361045684,188.3555048658977,-7.247874039728455,269.1732530355607,256.9926256453366,281.4011461599259,0.7647058823529411,260.6160464754528
modis_pretrained__physical_modis__d1__pools_minus_current,v5_prediction,0.75,modis_pretrained,physical_modis,1,pools_minus_current,257.8554409221797,188.99060577585624,-2.831545689693376,269.8108900037921,256.9461974522718,278.58135467355993,0.7773109243697479,260.6169923251058
modis_pretrained__physical_modis__d1__transition_features_minus_base,v5_prediction,-1.25,modis_pretrained,physical_modis,1,transition_features_minus_base,257.87602361917067,190.92383149534726,-1.9831162823011466,269.62901628675525,257.0899189458787,277.20998688901983,0.7689075630252101,260.6177456177438
modis_pretrained__physical__d2__transition_features_minus_base,v5_prediction,-0.5,modis_pretrained,physical,2,transition_features_minus_base,258.0525882542108,188.60168954290145,-9.306120796530543,269.20108679678725,257.16624532750154,278.5358632195588,0.7815126050420168,260.6181271581776
scratch__physical_modis__d2__pools_minus_current,v5_prediction,1.0,scratch,physical_modis,2,pools_minus_current,258.2899786397723,189.90432752872866,-20.55135899648582,268.75685453913985,257.13580929201476,281.52614847527866,0.7773109243697479,260.6181552776748
scratch__physical_modis__d1__transition_features_minus_base,v5_prediction,-1.5,scratch,physical_modis,1,transition_features_minus_base,257.9986001769943,189.49246581057596,-12.130360302971546,269.42439519615465,257.05649948907427,279.0845217269443,0.7857142857142857,260.61952375980434
modis_pretrained__physical_modis__d1__full_minus_current,shadow_point_prediction,-2.5,modis_pretrained,physical_modis,1,full_minus_current,258.70458154681535,188.80608645577854,-17.93138804439039,267.1764685308995,257.9086786121687,278.1861047268878,0.7815126050420168,260.6235775591747
scratch__physical__d1__effect_features_minus_base,v5_prediction,-2.5,scratch,physical,1,effect_features_minus_base,258.30439076618984,189.09044840000692,-14.360724886091171,268.6715579914875,257.2189922227776,280.8737661382296,0.7773109243697479,260.62483293666116
scratch__physical_modis__d1__effect_features_minus_base,v5_prediction,2.5,scratch,physical_modis,1,effect_features_minus_base,257.903898990474,186.99579450395547,0.33829421739983634,269.8454651154345,256.8520470626079,280.12106152898497,0.7857142857142857,260.6263275397476
modis_pretrained__physical_modis__d1__full_minus_current,shadow_point_prediction,2.0,modis_pretrained,physical_modis,1,full_minus_current,258.21113173138406,190.8159039159454,15.356876462614808,268.4864539474989,257.6063924710787,275.26807721627495,0.7899159663865546,260.62877747033644
modis_pretrained__physical__d1__transition_minus_current,v5_prediction,0.75,modis_pretrained,physical,1,transition_minus_current,258.05097498110024,187.98613914263456,-6.130319659616121,269.3616866989761,257.05504722643445,279.7047356152834,0.7899159663865546,260.6296709719028
modis_pretrained__physical__d2__full_minus_current,v5_prediction,0.5,modis_pretrained,physical,2,full_minus_current,258.0052204201895,189.17395334737944,-4.146211363854886,269.4484019410256,257.09210107737147,278.7795473929982,0.7815126050420168,260.637735964694
scratch__physical_modis__d1__full_minus_current,shadow_point_prediction,2.75,scratch,physical_modis,1,full_minus_current,258.6319646651391,189.52919548581698,-6.822978571516154,267.8783192425526,257.4316587960969,282.3200937818431,0.7815126050420168,260.6434768422319
scratch__physical__d1__full_minus_current,shadow_point_prediction,2.75,scratch,physical,1,full_minus_current,258.67389445498634,188.70797706326147,-4.023260339802081,267.6639471663307,257.56476820919517,281.49328362183553,0.7857142857142857,260.6441260713746
scratch__physical__d1__transition_features_minus_base,v5_prediction,2.0,scratch,physical,1,transition_features_minus_base,258.26595176391106,187.643737729221,-4.859815064765178,268.77789228525404,257.27533728017136,279.87406883512597,0.7899159663865546,260.64628327331184
modis_pretrained__physical_modis__d1__effect_features_minus_base,v5_prediction,-2.25,modis_pretrained,physical_modis,1,effect_features_minus_base,258.06927328943146,190.93877828760185,-3.3549912839039604,269.31725164051403,257.14995553685173,278.9134613098299,0.773109243697479,260.6514384390572
scratch__physical_modis__d1__full_minus_base,v5_prediction,-1.75,scratch,physical_modis,1,full_minus_base,257.9034646449019,190.06384562765865,-10.74309216443867,269.93408621413414,256.8775714477171,279.85822337422115,0.773109243697479,260.65464673791377
scratch__physical__d1__full_minus_base,v5_prediction,-1.0,scratch,physical,1,full_minus_base,258.02023902519994,189.37708752354447,-14.345754795882238,269.5932548879441,257.0065065292863,279.85599992045843,0.7815126050420168,260.66005986690755
scratch__physical_modis__d2__full_minus_base,shadow_point_prediction,-1.75,scratch,physical_modis,2,full_minus_base,258.3389355284455,189.43799773141168,-25.366608265901846,268.82117064930566,257.1815776928854,281.6078280266689,0.7899159663865546,260.67015484977054
scratch__physical_modis__d1__full_minus_base,v5_prediction,3.0,scratch,physical_modis,1,full_minus_base,258.47029288409124,186.0594712656406,-2.711392150372374,268.09177521774785,257.65813184258366,278.1320029708701,0.7899159663865546,260.6726232071285
scratch__physical_modis__d1__current_minus_base,shadow_point_prediction,-2.5,scratch,physical_modis,1,current_minus_base,258.5883064009896,190.98575819968215,-10.37881903170841,268.2678236086488,257.25941673628216,283.44156156515294,0.773109243697479,260.67596328672755
scratch__physical_modis__d2__full_minus_base,v5_prediction,-0.5,scratch,physical_modis,2,full_minus_base,258.04830423714697,188.79309382505653,-15.192244934601298,269.6235350267948,257.00859075062385,280.1497143198344,0.7815126050420168,260.6821835629281
scratch__physical_modis__d2__full_minus_current,v5_prediction,1.25,scratch,physical_modis,2,full_minus_current,258.46615777106877,190.7710864619795,-16.984701665676297,268.5456462515032,257.29236892172247,281.8970759426823,0.7773109243697479,260.6925826788408
modis_pretrained__physical__d2__pools_minus_base,v5_prediction,2.25,modis_pretrained,physical,2,pools_minus_base,258.4385871030691,190.82858526861747,-16.459224356489376,268.8106368574315,257.08352781665167,283.513870780289,0.7983193277310925,260.6928347200553
scratch__physical_modis__d2__pools_minus_current,v5_prediction,-0.75,scratch,physical_modis,2,pools_minus_current,258.0399755398077,188.75390526063276,1.7914408634025978,269.48524801254774,257.211735378289,277.86971592512873,0.7857142857142857,260.694233617613
scratch__physical_modis__d1__current_minus_base,v5_prediction,3.0,scratch,physical_modis,1,current_minus_base,258.7079811457923,187.1214872218627,5.345048731949795,267.5432426643258,257.82081066996125,279.22756413739756,0.8067226890756303,260.69500390646795
modis_pretrained__physical__d1__pools_minus_current,shadow_point_prediction,1.5,modis_pretrained,physical,1,pools_minus_current,258.61237714865933,188.71207949650014,7.577176544012113,267.8367484513957,257.7463045678798,278.8935052356315,0.7983193277310925,260.7019518291485
scratch__physical__d2__transition_features_minus_base,shadow_point_prediction,2.5,scratch,physical,2,transition_features_minus_base,258.65165311978194,187.34193824330333,34.99366395730628,267.8698856691102,257.6396606420912,280.4975460610021,0.7899159663865546,260.7032131376913
modis_pretrained__physical_modis__d2__effect_features_minus_base,shadow_point_prediction,-2.5,modis_pretrained,physical_modis,2,effect_features_minus_base,258.9181439289031,188.01278753213117,-3.5010566619594847,267.0716207178757,257.9133460506393,280.70174626985994,0.7941176470588235,260.7053136565803
scratch__physical_modis__d2__pools_minus_base,v5_prediction,1.75,scratch,physical_modis,2,pools_minus_base,258.32376883607833,186.8463598538082,8.6827754772347,268.6148532977588,257.57962946735347,277.17309851029034,0.7815126050420168,260.71050510931724
modis_pretrained__physical_modis__d1__full_minus_base,v5_prediction,2.5,modis_pretrained,physical_modis,1,full_minus_base,258.21838879127245,189.47690433845946,-8.379790069842894,268.9190638490495,257.5007959959727,276.7381651352606,0.7941176470588235,260.71415935689174
scratch__physical_modis__d2__full_minus_current,v5_prediction,-1.0,scratch,physical_modis,2,full_minus_current,258.00889296912743,187.78257507220977,-0.42351929096249485,269.69849104176615,257.14132095603395,278.2820377873194,0.7983193277310925,260.7143994840137
scratch__physical_modis__d2__transition_features_minus_base,shadow_point_prediction,-2.0,scratch,physical_modis,2,transition_features_minus_base,258.9868626415864,188.7296795301074,-16.837342405352302,266.8499345611255,258.0839665189868,279.6909386983191,0.7815126050420168,260.7269065908213
modis_pretrained__physical__d2__full_minus_current,v5_prediction,-2.5,modis_pretrained,physical,2,full_minus_current,258.60484827418765,188.95317140664088,-25.973211925737356,267.9757184428747,257.72671106915686,279.02013616684735,0.7689075630252101,260.72803151510175
modis_pretrained__physical__d1__current_minus_base,v5_prediction,2.75,modis_pretrained,physical,1,current_minus_base,258.13238285623993,190.4542240163975,-22.91047016529111,269.0333232178515,257.65998275291497,273.26960692545606,0.7815126050420168,260.7395179208116
scratch__physical_modis__d1__transition_features_minus_base,v5_prediction,2.0,scratch,physical_modis,1,transition_features_minus_base,258.29700296016443,187.60328167968464,-1.9889574413202924,269.0847943342313,257.2855068222167,280.1220940768465,0.7773109243697479,260.74107676919425
scratch__physical_modis__d1__pools_minus_current,v5_prediction,-3.0,scratch,physical_modis,1,pools_minus_current,258.93213185275914,190.34671720671116,-6.110169607216925,267.08000698086903,258.02021895697055,279.7323242259584,0.7773109243697479,260.74112241083947
modis_pretrained__physical__d1__pools_minus_base,v5_prediction,-2.75,modis_pretrained,physical,1,pools_minus_base,258.17715509066585,191.2751010619165,-5.518607312056554,269.3903470652542,257.2287643559454,279.3377263085846,0.7689075630252101,260.7433554006328
modis_pretrained__physical__d1__current_minus_base,v5_prediction,-0.5,modis_pretrained,physical,1,current_minus_base,258.13812165650336,189.16039918303792,-5.033785631843331,269.48391509498754,257.2169029981449,279.0057686040146,0.773109243697479,260.7442653515348
scratch__physical_modis__d2__current_minus_base,v5_prediction,1.25,scratch,physical_modis,2,current_minus_base,258.316238113184,187.44036031841026,19.937112443420716,268.70984094151896,257.66227182857585,276.0316090263151,0.7941176470588235,260.75114724911566
modis_pretrained__physical__d2__effect_features_minus_base,v5_prediction,2.0,modis_pretrained,physical,2,effect_features_minus_base,258.12586682804874,187.9255668439784,-6.674071812996697,269.68650378584164,257.0833034335805,280.2595460412408,0.7857142857142857,260.7553852188799
scratch__physical_modis__d2__transition_minus_current,v5_prediction,1.0,scratch,physical_modis,2,transition_minus_current,258.2704489820197,190.66796579345004,-21.261253256924373,269.4832036487921,256.99874669814307,282.5969695457887,0.773109243697479,260.7557120777436
scratch__physical__d1__transition_minus_current,v5_prediction,0.75,scratch,physical,1,transition_minus_current,258.2472599156479,188.69956926579778,-12.859291850184547,269.3518275039065,257.18683795745494,280.56583783739023,0.773109243697479,260.7582963231643
scratch__physical_modis__d1__pools_minus_base,shadow_point_prediction,-2.5,scratch,physical_modis,1,pools_minus_base,258.9121797599777,190.64226712441078,-8.983923045359768,267.7155124666888,257.528513372357,284.26017303438937,0.7815126050420168,260.7670963397503
modis_pretrained__physical__d1__pools_minus_base,v5_prediction,2.0,modis_pretrained,physical,1,pools_minus_base,258.2165112965922,187.97814169355695,-9.431635684492559,269.2789102672627,257.36722060054984,278.2928141771024,0.7899159663865546,260.76978836524927
scratch__physical_modis__d2__current_minus_base,v5_prediction,-0.5,scratch,physical_modis,2,current_minus_base,258.27305270833347,189.85863992105723,-18.872507684537702,269.386228487699,257.1496404184083,281.2127280832302,0.7815126050420168,260.77049358069354
modis_pretrained__physical__d1__pools_minus_current,v5_prediction,0.5,modis_pretrained,physical,1,pools_minus_current,258.18481489976455,188.9314393769189,-5.445683355257648,269.5020834216461,257.2716492705391,278.9672047241891,0.7773109243697479,260.7858406229286
scratch__physical_modis__d2__pools_minus_base,shadow_point_prediction,-1.5,scratch,physical_modis,2,pools_minus_base,258.55424014133655,189.57746751172363,-13.552325135352259,268.672271743343,257.3761081806146,282.0303985347193,0.773109243697479,260.78921505165766
modis_pretrained__physical__d1__transition_minus_current,shadow_point_prediction,2.5,modis_pretrained,physical,1,transition_minus_current,258.8573481719372,186.30927836555207,6.074509341343082,267.85490848461853,257.58943766591983,283.1786601152776,0.8151260504201681,260.7897606236032
modis_pretrained__physical_modis__d2__pools_minus_base,v5_prediction,2.25,modis_pretrained,physical_modis,2,pools_minus_base,258.5037216150359,189.63381760807448,-6.3784165223770355,268.8222692458366,257.34721441398824,281.77231056906425,0.7899159663865546,260.79423172247414
scratch__physical_modis__d1__current_minus_base,v5_prediction,-0.75,scratch,physical_modis,1,current_minus_base,258.224855567798,189.7664849198586,-11.06631817153157,269.546139550428,257.19042691696086,280.2806918630705,0.773109243697479,260.7965694007462
scratch__physical__d1__transition_features_minus_base,v5_prediction,-1.25,scratch,physical,1,transition_features_minus_base,258.1523050276348,190.1925835827815,-9.61168836962912,269.6492825189015,257.2536650075762,278.7749203438885,0.7815126050420168,260.80188939543683
scratch__physical_modis__d1__effect_features_minus_base,v5_prediction,-1.5,scratch,physical_modis,1,effect_features_minus_base,258.35193774189213,189.61175873340687,-12.657448195776373,269.12649424991054,257.4092210913836,279.459541545239,0.7815126050420168,260.8098977062696
modis_pretrained__physical_modis__d1__pools_minus_base,v5_prediction,-2.0,modis_pretrained,physical_modis,1,pools_minus_base,258.37935428329394,190.41980814443005,-5.719328612005367,269.01674115642373,257.48359478594045,278.97985343626317,0.773109243697479,260.81476112723806
modis_pretrained__physical__d1__full_minus_current,shadow_point_prediction,1.75,modis_pretrained,physical,1,full_minus_current,258.4488299947466,190.68718972262397,18.898686313996766,268.566110138345,257.79571375180274,276.15784044922015,0.7941176470588235,260.8148709699102
modis_pretrained__physical__d1__effect_features_minus_base,v5_prediction,1.25,modis_pretrained,physical,1,effect_features_minus_base,258.1998997871121,187.83903177531624,-8.741448614944282,269.57570358323227,257.28742054954466,278.97546972498793,0.7815126050420168,260.81573092675023
modis_pretrained__physical__d2__current_minus_base,v5_prediction,-0.25,modis_pretrained,physical,2,current_minus_base,258.23744187331476,188.57562837823207,-7.950924500864449,269.500391984464,257.2889806103123,279.40134913518915,0.7815126050420168,260.81606408535146
scratch__physical__d2__transition_minus_current,v5_prediction,0.75,scratch,physical,2,transition_minus_current,258.34075630967453,189.65392206557803,-15.705962513841854,269.4101015116459,257.19514467698826,281.4974887046271,0.7689075630252101,260.8216897019958
scratch__physical_modis__d1__transition_features_minus_base,shadow_point_prediction,3.0,scratch,physical_modis,1,transition_features_minus_base,259.07910335581954,188.03454952518112,9.254723261551668,267.26933904717515,257.87390152302163,282.83452469133175,0.8067226890756303,260.82536182045897
scratch__physical_modis__d2__pools_minus_current,shadow_point_prediction,-1.5,scratch,physical_modis,2,pools_minus_current,258.8754254270304,189.24277849474876,19.713063545754945,267.6140433859418,257.94252470472077,279.9002076193747,0.8067226890756303,260.82685473618085
scratch__physical__d2__full_minus_current,v5_prediction,1.0,scratch,physical,2,full_minus_current,258.56554359333944,190.00272663485484,-7.677088116564023,268.7104456461988,257.46625560293046,281.28363496182686,0.7689075630252101,260.826947108952
modis_pretrained__physical_modis__d2__effect_features_minus_base,v5_prediction,2.25,modis_pretrained,physical_modis,2,effect_features_minus_base,257.9378964716624,188.1414656864471,-4.12721078152051,270.4395844797959,256.9956751114197,279.022508979492,0.7773109243697479,260.82776313363513
modis_pretrained__physical_modis__d2__effect_features_minus_base,v5_prediction,-1.0,modis_pretrained,physical_modis,2,effect_features_minus_base,258.374800689831,188.46490203854583,-9.409304350530755,269.145029597339,257.4274570866663,279.53270464018806,0.7815126050420168,260.8305220159168
modis_pretrained__physical__d1__full_minus_base,shadow_point_prediction,-2.75,modis_pretrained,physical,1,full_minus_base,259.0783019176585,187.06427725408045,-13.126130223106966,267.2605280278271,257.9074854018229,282.5102392770691,0.8025210084033614,260.83115431624174
modis_pretrained__physical_modis__d2__full_minus_base,v5_prediction,2.0,modis_pretrained,physical_modis,2,full_minus_base,257.9966415303473,189.27818455622116,0.913679623637523,269.92266254044097,257.41666628125324,274.7061706577357,0.7773109243697479,260.8331529705972
modis_pretrained__physical_modis__d1__current_minus_base,shadow_point_prediction,-2.0,modis_pretrained,physical_modis,1,current_minus_base,258.49577517162874,191.0263315155125,15.833472685820887,268.5641135436395,257.80136193981104,276.7360804103823,0.773109243697479,260.83925645667705
scratch__physical__d1__full_minus_current,v5_prediction,1.0,scratch,physical,1,full_minus_current,258.36749202694,188.9233865974106,-9.451445727955749,269.2681496889998,257.36681120050235,280.084324901959,0.7689075630252101,260.8424862358455
modis_pretrained__physical_modis__d1__pools_minus_current,v5_prediction,-2.0,modis_pretrained,physical_modis,1,pools_minus_current,258.82650808757404,189.48258359014446,-20.99070906054709,267.6480240308229,258.10373704466906,277.43304671634087,0.7689075630252101,260.85119431266
modis_pretrained__physical__d1__transition_features_minus_base,shadow_point_prediction,-2.25,modis_pretrained,physical,1,transition_features_minus_base,258.58314323057135,192.1523801552083,7.977083059085489,268.21356971182405,258.0273158518372,274.97270570567144,0.773109243697479,260.851793006201
modis_pretrained__physical_modis__d1__transition_features_minus_base,v5_prediction,1.25,modis_pretrained,physical_modis,1,transition_features_minus_base,258.37282892491766,187.43189770625648,-13.584973299369446,269.22641537444827,257.4376926913932,279.40023144256094,0.7773109243697479,260.8524414789192
modis_pretrained__physical_modis__d1__full_minus_base,v5_prediction,-2.5,modis_pretrained,physical_modis,1,full_minus_base,258.40776890905954,188.6229203824194,-7.188299511827695,269.372555668747,257.2254897240976,281.9160237150037,0.773109243697479,260.8533958027409
scratch__physical_modis__d2__pools_minus_base,v5_prediction,-0.5,scratch,physical_modis,2,pools_minus_base,258.2376886645529,189.4023016284665,-12.488850581712438,269.7228687560678,257.21830681345915,280.1409263589591,0.7773109243697479,260.8541382246582
modis_pretrained__physical_modis__d1__effect_features_minus_base,v5_prediction,2.5,modis_pretrained,physical_modis,1,effect_features_minus_base,258.26271783813473,186.6350727943214,-12.705215354092335,269.56232104781554,257.3298672520021,279.2609147693223,0.7857142857142857,260.85440599402176
modis_pretrained__physical_modis__d1__full_minus_current,v5_prediction,0.75,modis_pretrained,physical_modis,1,full_minus_current,258.1390955325464,189.99274272157962,-2.2360007063344316,269.86200047982607,257.30899000748747,277.9941611135674,0.7815126050420168,260.8622953881016
scratch__physical_modis__d1__full_minus_current,v5_prediction,1.0,scratch,physical_modis,1,full_minus_current,258.388953658005,189.28425208618424,-10.469525084942685,269.30298839760167,257.3753944806145,280.23928934624814,0.773109243697479,260.8640725485565
scratch__physical_modis__d2__effect_features_minus_base,v5_prediction,-0.5,scratch,physical_modis,2,effect_features_minus_base,258.3014260060902,188.9442109523665,-10.447016992655477,269.5495276431765,257.3368243324154,279.6389659176366,0.7773109243697479,260.87230099694307
modis_pretrained__physical_modis__d2__transition_features_minus_base,v5_prediction,-0.75,modis_pretrained,physical_modis,2,transition_features_minus_base,258.5264388894129,188.6662021697072,-8.946134347040468,268.84908023049957,257.6013497397186,279.45230434395717,0.7857142857142857,260.87582693726097
scratch__physical__d1__effect_features_minus_base,v5_prediction,1.75,scratch,physical,1,effect_features_minus_base,258.14331026050905,188.3254536615013,-3.1803687241561804,269.9848672189288,257.23383720404877,278.8838171009068,0.773109243697479,260.8763312359989
modis_pretrained__physical_modis__d1__current_minus_base,v5_prediction,2.0,modis_pretrained,physical_modis,1,current_minus_base,258.66206030654536,187.78494539537587,-23.05542523937702,268.1986085533994,257.9898588594672,276.62568907169873,0.773109243697479,260.8781470064893
modis_pretrained__physical_modis__d1__current_minus_base,v5_prediction,-0.75,modis_pretrained,physical_modis,1,current_minus_base,258.17470515019386,189.93910656805983,-2.057277122632152,269.8970089375553,257.2843712634371,278.7070387669807,0.773109243697479,260.88269762534503
modis_pretrained__physical_modis__d2__pools_minus_current,shadow_point_prediction,-3.0,modis_pretrained,physical_modis,2,pools_minus_current,258.39753818259493,189.97195048342803,-5.963860334301224,268.5420109764535,258.2182483090438,267.8423835447206,0.7773109243697479,260.88883391267177
scratch__physical_modis__d2__transition_features_minus_base,v5_prediction,2.5,scratch,physical_modis,2,transition_features_minus_base,258.16743283407465,189.13816270590556,13.965248512454036,269.8181253123727,257.43116645783425,276.91495233982465,0.7689075630252101,260.89603935958905
modis_pretrained__physical__d1__full_minus_base,v5_prediction,-1.25,modis_pretrained,physical,1,full_minus_base,258.4900542661073,188.07184508936544,-14.00596409101081,269.1914779340682,257.4340152582988,280.7757363277712,0.7815126050420168,260.90140043114536
modis_pretrained__physical_modis__d1__effect_features_minus_base,v5_prediction,-2.5,modis_pretrained,physical_modis,1,effect_features_minus_base,258.31676514919883,191.39988386577616,-2.8628742275782564,269.5746587488059,257.400173159562,279.14188455894015,0.7689075630252101,260.9020905516914
scratch__physical_modis__d1__transition_minus_current,v5_prediction,1.0,scratch,physical_modis,1,transition_minus_current,258.3469845130394,189.4218140383272,-9.262865623672825,269.63249968120556,257.2824828988006,280.71085032824385,0.7647058823529411,260.90223790152123
modis_pretrained__physical__d1__full_minus_current,shadow_point_prediction,-2.25,modis_pretrained,physical,1,full_minus_current,258.7978198647847,189.61549812402288,-23.01352871850061,267.89537815674504,258.1297852884067,276.7127213784489,0.7773109243697479,260.9052007936803
scratch__physical__d1__current_minus_base,shadow_point_prediction,-2.25,scratch,physical,1,current_minus_base,258.848579058032,190.07951570983442,-17.953407382597472,268.3794980924324,257.5678656885169,283.28520312893534,0.7899159663865546,260.91113047425335
scratch__physical_modis__d1__full_minus_base,v5_prediction,-2.0,scratch,physical_modis,1,full_minus_base,258.1383252646371,190.59234204934438,-11.16581321781058,270.27764346472946,257.09833185891677,280.24660880978007,0.7689075630252101,260.9131564632301
scratch__physical__d1__effect_features_minus_base,v5_prediction,-2.75,scratch,physical,1,effect_features_minus_base,258.6242239313577,189.59974656962774,-15.018392895616762,268.91065897192226,257.515867987967,281.43378885289604,0.7815126050420168,260.9187437056512
scratch__physical__d2__pools_minus_current,shadow_point_prediction,-1.5,scratch,physical,2,pools_minus_current,259.1078208558753,190.35237593179156,17.925840835778622,267.45463267008205,258.0228411807112,281.7098894922632,0.7941176470588235,260.92327889063597
scratch__physical__d1__pools_minus_base,shadow_point_prediction,2.0,scratch,physical,1,pools_minus_base,258.72583851118634,186.4095179748225,8.02796701339811,268.4600673455722,257.78837271489755,279.79324504630455,0.8067226890756303,260.92502927071064
modis_pretrained__physical_modis__d2__pools_minus_base,v5_prediction,-0.75,modis_pretrained,physical_modis,2,pools_minus_base,258.21950797206523,188.50197349210094,-8.25258754698805,269.9093595123501,257.37237374587477,278.2715490824565,0.7773109243697479,260.93018730058884
modis_pretrained__physical_modis__d2__transition_minus_current,v5_prediction,-2.75,modis_pretrained,physical_modis,2,transition_minus_current,259.58579435085636,190.35890613144838,-16.309172914976187,265.36150666665975,259.19511787520304,273.43153239658807,0.7773109243697479,260.9320533108939
scratch__physical_modis__d1__pools_minus_current,v5_prediction,0.75,scratch,physical_modis,1,pools_minus_current,258.1858282667268,188.61338481797094,-8.20251358673989,270.1500440534691,257.20966271150974,279.63980594794845,0.7815126050420168,260.9328408246081
modis_pretrained__physical__d2__full_minus_base,shadow_point_prediction,-1.25,modis_pretrained,physical,2,full_minus_base,259.0563820069372,186.90675778166556,-9.366889880317629,267.64332980070577,258.0153412905229,281.21647741053187,0.7983193277310925,260.9428587762758
scratch__physical_modis__d1__effect_features_minus_base,v5_prediction,2.75,scratch,physical_modis,1,effect_features_minus_base,258.21113880392556,187.15028330436522,1.1505281182233493,270.22372911491317,257.13817028787213,280.6531353830063,0.7857142857142857,260.9460442526591
modis_pretrained__physical_modis__d1__full_minus_current,v5_prediction,-2.0,modis_pretrained,physical_modis,1,full_minus_current,258.6867124850067,187.85802712156482,-22.578829016170936,268.6152460073034,257.80172626910735,279.181276053159,0.7689075630252101,260.94759931160604
scratch__physical__d2__full_minus_current,shadow_point_prediction,-2.0,scratch,physical,2,full_minus_current,258.8171405213973,189.52676445395733,0.34817888873662006,268.33997211628645,257.8205833963236,280.5110881252185,0.8151260504201681,260.94870913885114
modis_pretrained__physical_modis__d2__current_minus_base,v5_prediction,3.0,modis_pretrained,physical_modis,2,current_minus_base,258.4137831733983,190.84966397835714,-12.43582633780467,268.99419591680595,257.9753080586972,273.02269208411553,0.7689075630252101,260.94926758057494
scratch__physical_modis__d1__transition_features_minus_base,v5_prediction,-1.75,scratch,physical_modis,1,transition_features_minus_base,258.3289322553803,190.01900842515892,-12.854746221660921,269.78029247616166,257.3803488649424,279.49806254347214,0.7857142857142857,260.9546264629662
modis_pretrained__physical_modis__d1__full_minus_base,v5_prediction,2.75,modis_pretrained,physical_modis,1,full_minus_base,258.48421436297826,189.81452947335228,-8.439364597743657,269.0918038404951,257.78637803535753,276.76722033115226,0.7941176470588235,260.96165265045227
scratch__physical_modis__d1__pools_minus_base,v5_prediction,1.25,scratch,physical_modis,1,pools_minus_base,258.14626608748404,186.39602677449741,-3.0110371495158303,270.3615621078918,257.22715564589936,278.99146342791664,0.7899159663865546,260.9703124821898
modis_pretrained__physical_modis__d1__transition_minus_current,v5_prediction,1.0,modis_pretrained,physical_modis,1,transition_minus_current,258.33484090362975,188.35546380785635,-4.789097373391754,269.8687664833169,257.3439278945103,279.94907776193725,0.7815126050420168,260.9705940462717
modis_pretrained__physical__d2__effect_features_minus_base,shadow_point_prediction,-2.5,modis_pretrained,physical,2,effect_features_minus_base,258.85278127210046,188.44917931687198,-0.8253739850190795,268.3609653689582,257.8514880544884,280.59731141588674,0.7815126050420168,260.9795039919119
scratch__physical__d1__transition_features_minus_base,shadow_point_prediction,3.0,scratch,physical,1,transition_features_minus_base,259.29474060004367,188.31138367519145,4.948436826384339,267.15626225124583,258.17269490241176,282.26879644747777,0.8151260504201681,260.97960958843623
scratch__physical__d1__transition_minus_current,shadow_point_prediction,2.5,scratch,physical,1,transition_minus_current,258.9945856986552,188.86778564601528,-16.355397960551674,268.248741634455,257.6945090247717,283.6123684985002,0.773109243697479,260.9831055141343
scratch__physical__d2__effect_features_minus_base,v5_prediction,-0.5,scratch,physical,2,effect_features_minus_base,258.38356133153826,188.6574191183803,-9.277844433189795,269.7501838007639,257.43551548133263,279.54931513741474,0.7773109243697479,260.9882054862933
scratch__physical__d1__pools_minus_current,v5_prediction,0.5,scratch,physical,1,pools_minus_current,258.3452111081637,188.84516135735745,-10.032131567889259,269.8795349706015,257.3927659599028,279.5560719865851,0.7815126050420168,260.9906807867079
modis_pretrained__physical_modis__d2__full_minus_base,shadow_point_prediction,3.0,modis_pretrained,physical_modis,2,full_minus_base,258.3036340729279,188.09943653958064,13.608678858988394,269.6941901704315,257.7394501575815,274.8023692439692,0.7857142857142857,261.0102271184672
modis_pretrained__physical__d1__pools_minus_base,v5_prediction,-3.0,modis_pretrained,physical,1,pools_minus_base,258.44735446717215,191.78989622902205,-5.312658450349396,269.64815587901273,257.5039560587452,279.56631416426023,0.773109243697479,261.01170521802555
modis_pretrained__physical__d2__pools_minus_current,v5_prediction,0.5,modis_pretrained,physical,2,pools_minus_current,258.522303778137,188.99235810508742,-10.045621892150065,269.55375854659775,257.4591150075339,280.8810203589938,0.7857142857142857,261.0143702776014
scratch__physical__d2__transition_features_minus_base,v5_prediction,2.5,scratch,physical,2,transition_features_minus_base,258.5938663818545,188.90809269831925,26.64752692919183,269.0636309417923,257.82230887175547,277.7833904645336,0.8025210084033614,261.0184181443142
modis_pretrained__physical__d2__transition_features_minus_base,v5_prediction,2.0,modis_pretrained,physical,2,transition_features_minus_base,258.29993099477963,188.63365608572678,-1.6957407680543062,270.17856675436616,257.3046189579395,279.9582591691164,0.7815126050420168,261.0207619254662
modis_pretrained__physical__d1__transition_minus_current,v5_prediction,1.0,modis_pretrained,physical,1,transition_minus_current,258.44417939682035,188.1888037032143,-5.5790779492097275,269.7789713982359,257.4261117518086,280.343154589862,0.7899159663865546,261.0233604859213
scratch__physical__d1__full_minus_base,v5_prediction,-1.25,scratch,physical,1,full_minus_base,258.37234843547634,189.96106106163936,-15.986182297143973,270.03149462512573,257.338039053055,280.43358174837897,0.7773109243697479,261.02855763728337
modis_pretrained__physical_modis__d2__current_minus_base,v5_prediction,-0.5,modis_pretrained,physical_modis,2,current_minus_base,258.4406408661302,189.09753705768924,-7.0087478663404,269.8366226958194,257.40062745280363,280.5627050409451,0.7773109243697479,261.02963297022086
modis_pretrained__physical_modis__d2__full_minus_base,shadow_point_prediction,-2.25,modis_pretrained,physical_modis,2,full_minus_base,259.28213861482044,187.74281039487008,-9.222847729002757,267.78392465251545,257.79589544972936,285.51779462614195,0.7857142857142857,261.0360243329714
modis_pretrained__physical_modis__d2__pools_minus_current,v5_prediction,0.75,modis_pretrained,physical_modis,2,pools_minus_current,258.58074949934803,189.46405368415765,-6.152556647940198,269.57969622474855,257.4096404584253,281.9917683302919,0.7815126050420168,261.0377089204675
modis_pretrained__physical__d2__transition_minus_current,shadow_point_prediction,1.25,modis_pretrained,physical,2,transition_minus_current,259.01026585663806,187.87500129483684,3.532883701371517,268.33791605628176,257.79826013391937,282.82574284893406,0.8109243697478992,261.0391769758693
modis_pretrained__physical__d1__pools_minus_base,v5_prediction,2.25,modis_pretrained,physical,1,pools_minus_base,258.49080761375996,188.2530197306333,-9.637584546199717,269.5251040244683,257.6561399221995,278.41213137541246,0.7899159663865546,261.04071479354695
scratch__physical__d1__transition_features_minus_base,v5_prediction,2.25,scratch,physical,1,transition_features_minus_base,258.6923390780705,187.9086805098318,-4.494286349006414,269.0956477771458,257.69515483121506,280.38730048118606,0.7941176470588235,261.0438701911255
modis_pretrained__physical_modis__d1__transition_minus_current,shadow_point_prediction,2.75,modis_pretrained,physical_modis,1,transition_minus_current,258.95287091629933,187.524046421112,8.7981976352489,268.44507796432185,257.85147678957117,281.70950003607766,0.7857142857142857,261.0505741466229
modis_pretrained__physical__d1__effect_features_minus_base,shadow_point_prediction,2.75,modis_pretrained,physical,1,effect_features_minus_base,258.91985175014446,187.69648265260895,-1.5441961757606106,268.36205217993717,258.00280691685896,279.7752953676262,0.819327731092437,261.05114064927125
scratch__physical_modis__d1__transition_minus_current,shadow_point_prediction,3.0,scratch,physical_modis,1,transition_minus_current,258.95197918629816,190.74528773527396,-3.8743702612334228,268.69237647559964,257.6337375946921,283.7294226305431,0.7563025210084033,261.057518110722
modis_pretrained__physical_modis__d2__full_minus_base,v5_prediction,-1.0,modis_pretrained,physical_modis,2,full_minus_base,258.602984749631,188.4202664945296,-12.132906998071705,269.6074726108717,257.42891150842286,282.0431196209431,0.7899159663865546,261.06058840463913
scratch__physical_modis__d2__transition_minus_current,v5_prediction,-1.0,scratch,physical_modis,2,transition_minus_current,258.63844797742115,188.68140661029133,5.693163675253775,269.02212832513857,257.94519802014133,276.8692988050996,0.8025210084033614,261.06105557503054
modis_pretrained__physical_modis__d2__pools_minus_base,shadow_point_prediction,2.75,modis_pretrained,physical_modis,2,pools_minus_base,259.1214775051206,187.40549965848925,2.2800823431725954,268.13700300663186,257.8683273585104,283.32153638528825,0.8025210084033614,261.06207134384584
modis_pretrained__physical__d1__transition_features_minus_base,v5_prediction,-1.0,modis_pretrained,physical,1,transition_features_minus_base,258.44388061447586,190.88041997007636,-4.488493314476932,269.76659780896904,257.6358287089777,278.0568764908062,0.7773109243697479,261.0725469367246
modis_pretrained__physical_modis__d1__pools_minus_base,v5_prediction,-2.25,modis_pretrained,physical_modis,1,pools_minus_base,258.6517184091851,190.87498050687782,-5.461239089651626,269.22699256471236,257.76321836408954,279.1836454049083,0.773109243697479,261.07341193679304
modis_pretrained__physical__d1__full_minus_current,v5_prediction,-1.75,modis_pretrained,physical,1,full_minus_current,258.6927234503583,188.31970451296488,-26.120638867552902,269.06868597331345,257.8612207227077,278.5859888410388,0.7689075630252101,261.0788383991844
scratch__physical__d1__pools_minus_base,v5_prediction,-1.75,scratch,physical,1,pools_minus_base,258.7504092699566,190.32307850501928,-14.316685219939373,269.32511122484163,257.4956471269102,282.9468947989547,0.773109243697479,261.08039422291625
modis_pretrained__physical__d2__pools_minus_current,v5_prediction,-2.5,modis_pretrained,physical,2,pools_minus_current,258.35874749178817,193.0769066066482,3.5238407157385496,269.5699268509897,258.0386742783079,270.89499498910635,0.7647058823529411,261.0815240282185
modis_pretrained__physical__d2__pools_minus_base,v5_prediction,-0.5,modis_pretrained,physical,2,pools_minus_base,258.4254643917375,188.80515143484712,-5.856227109578833,269.89551349977194,257.59217535130335,278.32842004190616,0.7815126050420168,261.08465440863756
scratch__physical__d2__transition_minus_current,shadow_point_prediction,-2.0,scratch,physical,2,transition_minus_current,259.59084027537153,189.59056301226272,21.68720616529666,266.3429459508813,258.81574819637865,278.8610179731159,0.7983193277310925,261.08509367450074
modis_pretrained__physical__d2__effect_features_minus_base,v5_prediction,-1.0,modis_pretrained,physical,2,effect_features_minus_base,258.5117027521238,188.5966277282213,-8.339031279754593,269.75963682547393,257.57880735306037,279.5209691056638,0.7815126050420168,261.09046242069553
scratch__physical_modis__d1__transition_features_minus_base,v5_prediction,2.25,scratch,physical_modis,1,transition_features_minus_base,258.6695003946021,187.93216856490918,-1.264571522630917,269.39265500123946,257.6413135531936,280.6817993331864,0.7815126050420168,261.09324233590934
modis_pretrained__physical_modis__d2__transition_minus_current,v5_prediction,0.75,modis_pretrained,physical_modis,2,transition_minus_current,258.3022092284263,189.17660168054778,-5.4590098478877795,270.5548645544994,257.2233857350705,280.806454307096,0.773109243697479,261.0956671866056
modis_pretrained__physical_modis__d1__transition_features_minus_base,shadow_point_prediction,-3.0,modis_pretrained,physical_modis,1,transition_features_minus_base,258.51063927333354,193.21817506347142,14.484320657761128,269.33612852583383,258.05047581102076,273.46808104702774,0.7521008403361344,261.10197072088044
modis_pretrained__physical_modis__d2__pools_minus_current,v5_prediction,-2.0,modis_pretrained,physical_modis,2,pools_minus_current,258.3413323403416,190.91308850337904,-12.134679838555558,269.73416025913866,257.9968556526729,271.33351448150523,0.773109243697479,261.1034201481237
modis_pretrained__physical_modis__d1__transition_features_minus_base,v5_prediction,-1.5,modis_pretrained,physical_modis,1,transition_features_minus_base,258.3207071923132,191.90519520057362,-0.8229305805943163,270.20102978029985,257.5789628876354,277.14080436708184,0.7689075630252101,261.10535176314045
scratch__physical_modis__d2__full_minus_current,shadow_point_prediction,-2.0,scratch,physical_modis,2,full_minus_current,259.18989191511224,188.36606723989905,15.283143237024767,267.91323501776077,258.13023062143833,281.54356251355944,0.8067226890756303,261.1058123673559
modis_pretrained__physical__d2__pools_minus_current,shadow_point_prediction,1.25,modis_pretrained,physical,2,pools_minus_current,259.2290743933986,188.71960245979201,-5.0918505160077565,267.9599351883913,258.02685847392604,282.96384539966965,0.7899159663865546,261.1112356122786
modis_pretrained__physical_modis__d1__full_minus_base,v5_prediction,-2.75,modis_pretrained,physical_modis,1,full_minus_base,258.6923108051397,188.92024953384887,-7.128724983926935,269.5902832536826,257.4841027153773,282.45705845874187,0.773109243697479,261.11475189483485
scratch__physical__d2__full_minus_current,v5_prediction,-1.25,scratch,physical,2,full_minus_current,258.3081715820819,188.5971684001156,-7.917740633674386,270.39504893476,257.4481716876119,278.50880797392074,0.7983193277310925,261.1148909466339
scratch__physical_modis__d1__pools_minus_base,v5_prediction,-1.5,scratch,physical_modis,1,pools_minus_base,258.83602789170715,190.87119973662072,-13.511653960418657,269.07713975877624,257.7125379269136,281.8027253488842,0.7815126050420168,261.11543336727607
modis_pretrained__physical__d1__full_minus_current,v5_prediction,0.75,modis_pretrained,physical,1,full_minus_current,258.4009325571254,190.34264115176862,0.07449552775796017,270.0976888935688,257.57835783802807,278.1800936837491,0.773109243697479,261.1194779614619
modis_pretrained__physical_modis__d1__effect_features_minus_base,v5_prediction,2.75,modis_pretrained,physical_modis,1,effect_features_minus_base,258.53035918385,186.73938639554117,-13.197332410418039,269.8452536077869,257.5988455690505,279.52557312295,0.7857142857142857,261.12620438613436
modis_pretrained__physical__d1__transition_features_minus_base,v5_prediction,1.75,modis_pretrained,physical,1,transition_features_minus_base,258.5740148932126,187.83972287031034,-13.551259874462433,269.6916505585207,257.71216109902,278.8063119391958,0.7689075630252101,261.1379603609915
modis_pretrained__physical__d1__effect_features_minus_base,v5_prediction,1.5,modis_pretrained,physical,1,effect_features_minus_base,258.5163517021547,188.02161424635344,-8.932929379766081,269.9199366300117,257.6089234736028,279.2502414594281,0.7857142857142857,261.140390876981
modis_pretrained__physical_modis__d2__pools_minus_base,shadow_point_prediction,-2.25,modis_pretrained,physical_modis,2,pools_minus_base,258.65732336435843,188.1764882320648,-0.8435360311790963,269.2818910774809,257.97233594059793,276.7841625229794,0.7773109243697479,261.14221843669895
modis_pretrained__physical_modis__d1__pools_minus_current,v5_prediction,1.0,modis_pretrained,physical_modis,1,pools_minus_current,258.3269221035422,189.65024598006625,-1.1807126559794001,270.5080658017832,257.4392218074181,278.83655245122856,0.773109243697479,261.15028295407143
scratch__physical_modis__d1__effect_features_minus_base,v5_prediction,-1.75,scratch,physical_modis,1,effect_features_minus_base,258.71452926050506,190.07907506944576,-13.469682096599886,269.41588761362453,257.76500256364875,279.9102301273224,0.7815126050420168,261.15248717457087
scratch__physical__d1__pools_minus_base,v5_prediction,1.0,scratch,physical,1,pools_minus_base,258.4444560689447,187.8089996084627,-4.051107402775826,270.16242861000904,257.5786144225734,278.71612290678104,0.7815126050420168,261.157488792618
scratch__physical__d2__effect_features_minus_base,shadow_point_prediction,-1.75,scratch,physical,2,effect_features_minus_base,259.02507565750267,188.14235413772147,-4.666206510961586,268.5536839521342,258.0338105288822,280.67321077093584,0.7773109243697479,261.15941144900546
modis_pretrained__physical_modis__d2__transition_features_minus_base,v5_prediction,1.75,modis_pretrained,physical_modis,2,transition_features_minus_base,258.077392887557,189.11955531820485,-5.072502493023227,271.2575466965452,257.230423980925,278.1218025431935,0.7773109243697479,261.1606891131461
scratch__physical__d1__current_minus_base,v5_prediction,-0.75,scratch,physical,1,current_minus_base,258.6185352687866,189.77826272254308,-13.955877997460842,269.85688530941803,257.5666788687862,280.8680247757551,0.7815126050420168,261.1651586789444
modis_pretrained__physical_modis__d2__current_minus_base,shadow_point_prediction,-1.5,modis_pretrained,physical_modis,2,current_minus_base,259.1390384739931,188.78219753440678,2.8879830107638527,268.50107384377515,257.88252011771624,283.37069539491733,0.7815126050420168,261.1654177273694
modis_pretrained__physical_modis__d1__effect_features_minus_base,v5_prediction,-2.75,modis_pretrained,physical_modis,1,effect_features_minus_base,258.5897490716472,191.8925687349814,-2.3707571712525524,269.8588108188898,257.67606942765525,279.39476112977394,0.7689075630252101,261.17859459745983
modis_pretrained__physical_modis__d2__full_minus_current,v5_prediction,0.75,modis_pretrained,physical_modis,2,full_minus_current,258.5080268101642,189.62699363866074,-3.3594527486656465,270.11895304344165,257.5985795790777,279.26356801955836,0.773109243697479,261.18339656071197
scratch__physical__d2__pools_minus_current,v5_prediction,1.0,scratch,physical,2,pools_minus_current,258.7381630209613,189.8619429841815,-19.359877189834936,269.6451193374507,257.6154540607427,281.6927220232602,0.7815126050420168,261.18422486002896
scratch__physical_modis__d1__full_minus_base,v5_prediction,-2.25,scratch,physical_modis,1,full_minus_base,258.3994062603016,191.12440956378478,-11.58853427118249,270.6454150346908,257.3450425910208,280.66418085773375,0.7689075630252101,261.1973175365787
scratch__physical__d1__effect_features_minus_base,v5_prediction,2.0,scratch,physical,1,effect_features_minus_base,258.44440897184506,188.6017510616511,-2.522700714630593,270.3767577536583,257.5334937662275,279.2132566193302,0.7773109243697479,261.199767365894
modis_pretrained__physical__d2__effect_features_minus_base,shadow_point_prediction,2.75,modis_pretrained,physical,2,effect_features_minus_base,258.9291661078111,186.20632466823724,2.088305081807234,269.2324208886877,257.7248980940923,282.6686340547742,0.8109243697478992,261.2039127996005
scratch__physical_modis__d2__transition_features_minus_base,shadow_point_prediction,2.75,scratch,physical_modis,2,transition_features_minus_base,258.7944860977448,187.61694247095062,24.48631487089743,269.2942405207193,257.94375862556353,278.91048037010137,0.7899159663865546,261.20674283544315
scratch__physical__d1__transition_features_minus_base,v5_prediction,-1.5,scratch,physical,1,transition_features_minus_base,258.56142003970234,191.09935114869793,-9.977217085387885,270.09966568040187,257.6700711844425,279.12100003966265,0.7815126050420168,261.2231442360623
scratch__physical__d1__transition_minus_current,v5_prediction,1.0,scratch,physical,1,transition_minus_current,258.74200734226406,189.16626470671522,-14.551040869967633,269.80758790104903,257.6378996240993,281.51548410801973,0.773109243697479,261.2323755524191
modis_pretrained__physical_modis__d1__full_minus_base,v5_prediction,3.0,modis_pretrained,physical_modis,1,full_minus_base,258.77594353825447,190.19755347045913,-8.498939125644416,269.2830265099088,258.09748047356504,276.8239197323137,0.7941176470588235,261.23309851499573
modis_pretrained__physical_modis__d1__pools_minus_current,shadow_point_prediction,2.25,modis_pretrained,physical_modis,1,pools_minus_current,258.75356213905053,189.91005998463973,15.41958954070493,269.41253606867247,258.0255575257361,277.4218866418479,0.7899159663865546,261.2363044681274
modis_pretrained__physical_modis__d1__pools_minus_current,shadow_point_prediction,-3.0,modis_pretrained,physical_modis,1,pools_minus_current,259.7354589581141,190.81940404928136,-19.247904167288517,266.2937794343148,259.2000969986744,275.8679809693528,0.7647058823529411,261.2411985873043
scratch__physical__d1__effect_features_minus_base,v5_prediction,-3.0,scratch,physical,1,effect_features_minus_base,258.9780811140615,190.16855875560444,-15.676060905142348,269.1846660680137,257.84524841198794,282.04182603944713,0.7815126050420168,261.2465191770312
scratch__physical__d2__transition_features_minus_base,v5_prediction,-0.5,scratch,physical,2,transition_features_minus_base,258.63784401811796,189.48720285645857,-14.670359134840721,270.0098887861006,257.7027058043677,279.676548878528,0.7815126050420168,261.24707065667604
scratch__physical_modis__d2__transition_features_minus_base,v5_prediction,-0.75,scratch,physical_modis,2,transition_features_minus_base,258.76351401755926,189.5649973675608,-14.308832781822096,269.6549527669108,257.80731473998696,280.0321803925142,0.7857142857142857,261.2473238855041
scratch__physical_modis__d2__full_minus_current,v5_prediction,1.5,scratch,physical_modis,2,full_minus_current,259.12086198601384,191.78002569682752,-18.8248330406445,268.9035936261134,257.87577877441277,283.24709797277046,0.7773109243697479,261.25527409313844
scratch__physical__d1__full_minus_current,v5_prediction,1.25,scratch,physical,1,full_minus_current,258.81114278706417,189.39404530910187,-9.868295962235862,269.60818838524733,257.7912338351566,280.7452615534836,0.7689075630252101,261.25542694863304
modis_pretrained__physical__d1__full_minus_base,v5_prediction,-1.5,modis_pretrained,physical,1,full_minus_base,258.8911234902625,188.29273156284006,-15.250347951045914,269.47392171004066,257.81133043773826,281.43190875355566,0.7815126050420168,261.26687478207594
scratch__physical_modis__d2__transition_minus_current,shadow_point_prediction,-1.75,scratch,physical_modis,2,transition_minus_current,259.925047956219,189.77200096360008,24.14720705293504,266.04935169096893,259.16911252533447,278.9782434470392,0.8067226890756303,261.26714003218535
scratch__physical_modis__d2__full_minus_base,v5_prediction,2.25,scratch,physical_modis,2,full_minus_base,258.9574777208191,188.8866965560288,25.55285585611172,268.6925524340135,258.46703843202846,274.39705135433474,0.773109243697479,261.26863657692
scratch__physical__d1__full_minus_current,shadow_point_prediction,3.0,scratch,physical,1,full_minus_current,259.3307475122249,189.4762001890585,-4.440110574082195,268.22626385455186,258.2030289154681,282.3615152945291,0.7857142857142857,261.27269694861747
scratch__physical_modis__d1__full_minus_current,shadow_point_prediction,3.0,scratch,physical_modis,1,full_minus_current,259.29459030114805,190.31507490734947,-7.494348645043002,268.4682761624088,258.0582596849968,283.3489529888776,0.7815126050420168,261.27892911242543
scratch__physical_modis__d2__full_minus_current,v5_prediction,-1.25,scratch,physical_modis,2,full_minus_current,258.56328809785,188.24051094963767,1.4166120840057053,270.3100925954385,257.6970957575284,278.84374537648665,0.7941176470588235,261.28344113716673
scratch__physical__d2__pools_minus_current,v5_prediction,-1.0,scratch,physical,2,pools_minus_current,258.72160845141923,190.30330606228233,3.7917876081643436,269.834578134363,257.8609176481504,278.94688049890175,0.7815126050420168,261.284678171338
scratch__physical_modis__d1__full_minus_current,v5_prediction,1.25,scratch,physical_modis,1,full_minus_current,258.8418757727235,189.86224275025396,-11.140895158469531,269.6552694999915,257.8024878422734,280.97561701975985,0.7689075630252101,261.285377221928
scratch__physical__d2__transition_minus_current,v5_prediction,-1.5,scratch,physical,2,transition_minus_current,258.8524280823489,189.6797221530926,8.059790655177826,269.2628376020535,258.1888580736912,276.7116302941491,0.7941176470588235,261.2891379601107
scratch__physical__d1__pools_minus_current,shadow_point_prediction,1.75,scratch,physical,1,pools_minus_current,258.92076772577417,187.47970316777426,-7.306211482409698,269.3880564826237,257.9314389003782,280.54419606275707,0.7941176470588235,261.29025770863757
modis_pretrained__physical__d2__full_minus_base,v5_prediction,-0.5,modis_pretrained,physical,2,full_minus_base,258.7780950153112,188.4316311643483,-11.755637637874013,269.83734600901136,257.79854328984186,280.29328795140583,0.7773109243697479,261.29801983236894
modis_pretrained__physical__d2__effect_features_minus_base,v5_prediction,2.25,modis_pretrained,physical,2,effect_features_minus_base,258.65466029078567,188.15592588749308,-6.535325190766873,270.2960296183149,257.58859344232326,281.0481292123943,0.7899159663865546,261.29848591055236
scratch__physical_modis__d1__effect_features_minus_base,v5_prediction,3.0,scratch,physical_modis,1,effect_features_minus_base,258.55738138181954,187.3354850875089,1.9627620190468624,270.6406051876532,257.4614870733606,281.24177599081173,0.7857142857142857,261.3042137561632
scratch__physical_modis__d1__transition_minus_current,v5_prediction,1.25,scratch,physical_modis,1,transition_minus_current,258.76302594315837,189.99136994399768,-9.632570831882209,270.0567900529956,257.6633835438734,281.49370825803567,0.7647058823529411,261.31155637079644
modis_pretrained__physical_modis__d2__effect_features_minus_base,v5_prediction,2.5,modis_pretrained,physical_modis,2,effect_features_minus_base,258.3862002142953,188.3350869936371,-3.720895891596645,271.0524088816807,257.44019034678706,279.5303885213614,0.7773109243697479,261.31624991426463
modis_pretrained__physical_modis__d2__effect_features_minus_base,v5_prediction,-1.25,modis_pretrained,physical_modis,2,effect_features_minus_base,258.8893820689599,188.955352346183,-9.815619240454621,269.5615357515467,257.9374723107835,280.11792600252943,0.7857142857142857,261.3194430500625
modis_pretrained__physical_modis__d2__transition_features_minus_base,shadow_point_prediction,2.5,modis_pretrained,physical_modis,2,transition_features_minus_base,258.33656050718844,188.38819201446776,4.4357240912964055,271.11208162766656,257.5385633279391,277.82813931329156,0.7899159663865546,261.33094149249564
modis_pretrained__physical__d2__full_minus_current,v5_prediction,0.75,modis_pretrained,physical,2,full_minus_current,258.6723682315084,190.09361770565633,-2.3272946503646805,270.21101558202827,257.77404874607055,279.31317313764015,0.7773109243697479,261.33245019777894
scratch__physical_modis__d2__pools_minus_current,v5_prediction,1.25,scratch,physical_modis,2,pools_minus_current,259.08799181202943,190.86192578218714,-23.74318754789845,269.29140522225066,257.86428426487225,283.015793200826,0.7773109243697479,261.33291827779544
scratch__physical_modis__d1__transition_features_minus_base,v5_prediction,-2.0,scratch,physical_modis,1,transition_features_minus_base,258.7056345282445,190.56463753381226,-13.579132140350298,270.17985279709825,257.7490519714298,279.975872357863,0.7815126050420168,261.3350434562543
modis_pretrained__physical_modis__d1__current_minus_base,shadow_point_prediction,2.75,modis_pretrained,physical_modis,1,current_minus_base,259.52332900570883,188.73679060425806,-20.4360558794657,267.2684224549853,259.0276194511174,275.0604189475391,0.773109243697479,261.3356749793801
scratch__physical_modis__d1__current_minus_base,v5_prediction,-1.0,scratch,physical_modis,1,current_minus_base,258.7786993886817,190.74009263734877,-12.160409298430327,270.0917648959183,257.70235674785414,281.2801128730531,0.7689075630252101,261.33788010528394
modis_pretrained__physical__d1__pools_minus_base,v5_prediction,2.5,modis_pretrained,physical,1,pools_minus_base,258.7919911090656,188.54658253881092,-9.843533407906877,269.79624318578067,257.97270790046696,278.54882611297256,0.7941176470588235,261.3382333260947
modis_pretrained__physical__d2__transition_minus_current,v5_prediction,0.5,modis_pretrained,physical,2,transition_minus_current,258.74368978468385,189.0460756256123,-6.5957282051983555,270.13509438510096,257.73274169474723,280.58292466778755,0.7773109243697479,261.338803912304
modis_pretrained__physical__d2__transition_features_minus_base,v5_prediction,-0.75,modis_pretrained,physical,2,transition_features_minus_base,258.7839427473259,189.39744064974067,-10.067158799378168,269.914121808678,257.92603692246024,278.98045454263917,0.7815126050420168,261.3520110564475
modis_pretrained__physical_modis__d1__pools_minus_base,v5_prediction,-2.5,modis_pretrained,physical_modis,1,pools_minus_base,258.9460546802467,191.34365476206952,-5.203149567297884,269.4615211849227,258.06530163486923,279.4044517250034,0.7773109243697479,261.3547330450713
modis_pretrained__physical__d1__transition_minus_current,shadow_point_prediction,2.75,modis_pretrained,physical,1,transition_minus_current,259.44636844310213,186.79439516139658,6.625751051749473,268.3864761423488,258.1434302561696,284.1124023939346,0.8151260504201681,261.35566082118066
scratch__physical__d2__full_minus_base,shadow_point_prediction,2.0,scratch,physical,2,full_minus_base,259.6370334027709,186.42597210409716,49.44637688986091,267.4152011330907,258.7770898401641,279.8912293690965,0.7941176470588235,261.3665894446991
scratch__physical_modis__d1__pools_minus_current,shadow_point_prediction,2.5,scratch,physical_modis,1,pools_minus_current,258.71560628382935,187.8799775899037,-0.8328037490694751,270.3995683510759,257.64953775037304,281.11186141680673,0.7815126050420168,261.3700796672769
scratch__physical_modis__d2__effect_features_minus_base,shadow_point_prediction,-2.0,scratch,physical_modis,2,effect_features_minus_base,259.3140145785029,188.9597132458468,-10.089796570001559,268.6160311713344,258.2689945454714,281.5259206813837,0.7815126050420168,261.3782637184529
modis_pretrained__physical_modis__d1__transition_minus_current,v5_prediction,1.25,modis_pretrained,physical_modis,1,transition_minus_current,258.7375414531107,188.62926823817756,-4.0403605190308705,270.3373843384247,257.73323804942646,280.50807859239944,0.7773109243697479,261.38642632351815
modis_pretrained__physical_modis__d1__transition_features_minus_base,v5_prediction,1.5,modis_pretrained,physical_modis,1,transition_features_minus_base,258.915735263758,187.73887546970303,-14.745159001076276,269.7188611652297,257.9989959698685,279.7676901363138,0.7689075630252101,261.38733191565353
modis_pretrained__physical_modis__d2__full_minus_base,v5_prediction,2.25,modis_pretrained,physical_modis,2,full_minus_base,258.5145992944172,189.73331680824916,2.0008951754466255,270.554734848201,257.9681359048731,274.76810334883015,0.773109243697479,261.3880173354772
modis_pretrained__physical_modis__d1__transition_features_minus_base,shadow_point_prediction,2.25,modis_pretrained,physical_modis,1,transition_features_minus_base,259.35045830280995,189.08045304875336,-9.879579078082307,268.3751064014202,258.5080900433469,279.3941524778607,0.7941176470588235,261.39602826259676
modis_pretrained__physical_modis__d1__full_minus_base,v5_prediction,-3.0,modis_pretrained,physical_modis,1,full_minus_base,259.00269384937,189.33471223610752,-7.069150456026175,269.8263911881339,257.7683935074924,283.02410038330623,0.773109243697479,261.4000430985916
scratch__physical_modis__d2__full_minus_current,shadow_point_prediction,2.75,scratch,physical_modis,2,full_minus_current,259.84175625177534,192.16732263002623,-19.67935288737103,267.69177914617137,258.24716659461217,286.9898045713476,0.7773109243697479,261.40561456108355
scratch__physical__d2__transition_minus_current,shadow_point_prediction,2.0,scratch,physical,2,transition_minus_current,259.42195755944783,191.85647183970096,-20.563021690738324,268.8891221988706,257.93089425076744,285.7050882980369,0.773109243697479,261.41598289213346
modis_pretrained__physical_modis__d2__pools_minus_base,v5_prediction,2.5,modis_pretrained,physical_modis,2,pools_minus_base,259.14657769508267,190.25722307507777,-6.222235603659451,269.4166465955051,257.97119969265833,282.6249795287019,0.7899159663865546,261.4202504195822
modis_pretrained__physical__d2__pools_minus_base,shadow_point_prediction,2.75,modis_pretrained,physical,2,pools_minus_base,259.3636694413754,190.09412592184145,-10.04090500963138,268.8937154761791,258.0653270368271,283.98443210375683,0.8109243697478992,261.42159534893926
modis_pretrained__physical_modis__d1__effect_features_minus_base,v5_prediction,3.0,modis_pretrained,physical_modis,1,effect_features_minus_base,258.82342946708104,186.8511360766453,-13.689449466743742,270.15485076032064,257.89344991836185,279.8145842481924,0.7857142857142857,261.4237899032112
modis_pretrained__physical_modis__d1__pools_minus_current,v5_prediction,-2.25,modis_pretrained,physical_modis,1,pools_minus_current,259.47207117208455,190.12255564572,-22.641542094261066,267.9567264148503,258.7986795926301,277.4801987878801,0.7689075630252101,261.4248870879124
scratch__physical_modis__d2__pools_minus_current,v5_prediction,-1.0,scratch,physical_modis,2,pools_minus_current,258.76750615893087,189.61249550514498,4.983269414815228,270.2256979419582,257.96480406628797,278.3310041721992,0.7899159663865546,261.431378581527
scratch__physical__d1__full_minus_base,v5_prediction,-1.5,scratch,physical,1,full_minus_base,258.76285170370505,190.59211500219828,-17.626609798405706,270.50678222176293,257.70762760679935,281.0526933618772,0.7773109243697479,261.4350283089931
modis_pretrained__physical__d1__transition_minus_current,v5_prediction,1.25,modis_pretrained,physical,1,transition_minus_current,258.8584397653837,188.4249723522306,-5.027836238803336,270.21351522624315,257.81730079809705,281.01064568304975,0.7899159663865546,261.4369238887769
modis_pretrained__physical__d2__full_minus_current,v5_prediction,-2.75,modis_pretrained,physical,2,full_minus_current,259.3699998801255,189.74850172982158,-27.792128639227563,268.49697956589233,258.5118342820938,279.59330420056904,0.773109243697479,261.43720340205925
scratch__physical__d2__transition_features_minus_base,shadow_point_prediction,-1.5,scratch,physical,2,transition_features_minus_base,259.25223989645275,189.7784543453566,-20.096850794737108,268.8181175109784,258.43147525974325,279.0444926613909,0.7647058823529411,261.4385181409068
scratch__physical_modis__d2__full_minus_base,v5_prediction,-0.75,scratch,physical_modis,2,full_minus_base,258.7732394238123,189.61942532942217,-18.8963450064843,270.5309620239116,257.681721874271,281.4245029625205,0.7857142857142857,261.43979068645183
modis_pretrained__physical__d1__full_minus_base,shadow_point_prediction,-3.0,modis_pretrained,physical,1,full_minus_base,259.7324524197425,187.62822581314927,-14.37051408314207,267.7764670335509,258.54604581430294,283.34300195335686,0.8025210084033614,261.4468544218347
scratch__physical__d1__pools_minus_base,shadow_point_prediction,-2.75,scratch,physical,1,pools_minus_base,259.43494602853093,191.0178002985208,-9.703485579884381,269.0670020092901,257.85748892724524,286.4233186012164,0.7773109243697479,261.44859574839927
scratch__physical_modis__d2__full_minus_base,shadow_point_prediction,2.5,scratch,physical_modis,2,full_minus_base,259.5887597217398,186.8990358144876,37.603092956109165,267.7191305774834,258.93546571987815,277.34059452412623,0.7941176470588235,261.4580289352103
scratch__physical_modis__d2__transition_minus_current,v5_prediction,1.25,scratch,physical_modis,2,transition_minus_current,259.040474124229,191.94497456680094,-24.63055537344664,270.1226108506795,257.66898613866533,284.28967014147884,0.7689075630252101,261.4681363094507
scratch__physical__d2__pools_minus_base,shadow_point_prediction,2.5,scratch,physical,2,pools_minus_base,259.57347405227654,184.62028170459197,32.46047536982907,267.9183726894354,258.8073696280454,278.73558725482116,0.7773109243697479,261.46817260550847
modis_pretrained__physical__d1__transition_features_minus_base,shadow_point_prediction,2.5,modis_pretrained,physical,1,transition_features_minus_base,259.3111727481761,189.52012815203418,-7.6767864536167485,268.7113969183302,258.5570547336231,278.3189817527335,0.773109243697479,261.47269928707635
modis_pretrained__physical__d1__current_minus_base,v5_prediction,3.0,modis_pretrained,physical,1,current_minus_base,258.85391273667165,191.54468880883763,-24.285599744787092,269.760960609222,258.44848900609134,272.9304318851633,0.773109243697479,261.47931877216416
modis_pretrained__physical_modis__d1__effect_features_minus_base,v5_prediction,-3.0,modis_pretrained,physical_modis,1,effect_features_minus_base,258.8881444166741,192.4213851733819,-1.8786401149268481,270.16962346339113,257.97756012215325,279.67202469101244,0.7689075630252101,261.4808681047232
scratch__physical__d2__current_minus_base,v5_prediction,2.0,scratch,physical,2,current_minus_base,259.520338584911,188.5003943798016,40.88632651320388,268.09891123591905,258.7839086015572,278.3209193280666,0.7983193277310925,261.48087425182456
modis_pretrained__physical__d2__current_minus_base,shadow_point_prediction,-1.0,modis_pretrained,physical,2,current_minus_base,259.4434602868757,188.26587067925473,-0.10542660283744715,268.6096336830866,258.4316452083421,281.3225569537758,0.7983193277310925,261.48204986629503
modis_pretrained__physical__d1__current_minus_base,shadow_point_prediction,-1.75,modis_pretrained,physical,1,current_minus_base,259.31387097443474,190.45299173190085,10.187999293751046,268.8052224479909,258.500064731047,279.02809955638463,0.7857142857142857,261.4832572819769
scratch__physical_modis__d1__current_minus_base,shadow_point_prediction,-2.75,scratch,physical_modis,1,current_minus_base,259.43387029388754,192.1083555013897,-11.472910158607167,269.0255011212723,258.0436691123969,284.8652627764109,0.773109243697479,261.4842277053611
scratch__physical__d2__full_minus_current,v5_prediction,1.25,scratch,physical,2,full_minus_current,259.3169480455531,191.1396757907691,-7.650348947996205,269.14576346347866,258.1605725917393,282.6227536630453,0.773109243697479,261.48505803658105
modis_pretrained__physical__d1__current_minus_base,v5_prediction,-0.75,modis_pretrained,physical,1,current_minus_base,258.8605159611442,190.18337953031684,-3.6586560523473484,270.2794079486229,257.95877542161696,279.54666338337836,0.773109243697479,261.4898038231321
modis_pretrained__physical__d1__effect_features_minus_base,v5_prediction,1.75,modis_pretrained,physical,1,effect_features_minus_base,258.8580035604199,188.23658511614568,-9.124410144587879,270.2879466791301,257.95579728526957,279.54914473783623,0.7899159663865546,261.4899377713099
scratch__physical_modis__d1__transition_features_minus_base,v5_prediction,2.5,scratch,physical_modis,1,transition_features_minus_base,259.08818514189977,188.3570031789532,-0.540185603941542,269.7443674343671,258.0416771841695,281.3049640564968,0.7815126050420168,261.49060372558404
modis_pretrained__physical_modis__d2__full_minus_current,shadow_point_prediction,2.0,modis_pretrained,physical_modis,2,full_minus_current,259.2360895449801,189.84040330993184,12.36100434973157,269.10121678841136,258.39145695401834,279.3009068691313,0.7899159663865546,261.49121320809746
scratch__physical_modis__d1__pools_minus_base,shadow_point_prediction,2.5,scratch,physical_modis,1,pools_minus_base,259.09047565660734,185.2902245514448,10.1081075199181,269.8051463212984,257.9866621300117,281.87717780008893,0.8067226890756303,261.49318994113116
modis_pretrained__physical__d2__full_minus_current,shadow_point_prediction,1.75,modis_pretrained,physical,2,full_minus_current,259.268444966165,190.52435377605167,13.294509231710606,269.08011112683494,258.3718844556619,279.9147690815294,0.773109243697479,261.49722137870674
scratch__physical__d1__transition_features_minus_base,v5_prediction,2.5,scratch,physical,1,transition_features_minus_base,259.17753572832527,188.242509092309,-4.128757633247649,269.4679049327187,258.1738880127557,280.9606950419207,0.7941176470588235,261.4992161005312
scratch__physical_modis__d2__pools_minus_base,shadow_point_prediction,2.25,scratch,physical_modis,2,pools_minus_base,259.62041075396235,184.8919154771187,21.733718296226304,268.03051798637307,258.7426684984703,280.0731438412004,0.7899159663865546,261.503501998192
scratch__physical_modis__d1__full_minus_base,v5_prediction,-2.5,scratch,physical_modis,1,full_minus_base,258.6866282427033,191.6630691724494,-12.0112553245544,271.0373023545236,257.6176275737747,281.1108094535995,0.7689075630252101,261.50704660342626
modis_pretrained__physical_modis__d1__full_minus_current,v5_prediction,1.0,modis_pretrained,physical_modis,1,full_minus_current,258.73230113366947,191.02770969899342,-0.3866526781674764,270.6257765263491,257.94935585831024,278.0623730911036,0.7689075630252101,261.5099336629996
modis_pretrained__physical__d2__transition_features_minus_base,shadow_point_prediction,2.75,modis_pretrained,physical,2,transition_features_minus_base,259.1193206416883,187.47525116937953,8.93351026860302,269.75925617126745,258.0510514926829,281.5558840453902,0.8109243697478992,261.51223723683177
modis_pretrained__physical__d1__pools_minus_current,v5_prediction,0.75,modis_pretrained,physical,1,pools_minus_current,258.90105880598924,189.7841519395915,-4.276502637468824,270.27240573477707,258.0071196894731,279.5032691215042,0.7815126050420168,261.52041075905714
modis_pretrained__physical_modis__d1__current_minus_base,v5_prediction,2.25,modis_pretrained,physical_modis,1,current_minus_base,259.3573727624713,188.26289114788037,-24.964347795444727,268.6551027194304,258.7474659178419,276.52373344920835,0.7689075630252101,261.5293285405537
scratch__physical_modis__d1__pools_minus_current,v5_prediction,1.0,scratch,physical_modis,1,pools_minus_current,258.72829388722226,189.13227005850393,-8.342003185374754,270.93836144020156,257.73518099280034,280.3826209452833,0.7773109243697479,261.5325325518616
scratch__physical_modis__d1__effect_features_minus_base,v5_prediction,-2.0,scratch,physical_modis,1,effect_features_minus_base,259.1158963526767,190.58277872375905,-14.281915997423402,269.74424137725646,258.157978772292,280.4179369675791,0.7815126050420168,261.53350321372545
modis_pretrained__physical_modis__d2__effect_features_minus_base,shadow_point_prediction,-2.75,modis_pretrained,physical_modis,2,effect_features_minus_base,259.77084868941324,188.70482510835956,-3.9073715518833496,267.8352064462271,258.7599929671087,281.65453092881216,0.7899159663865546,261.5342241980406
modis_pretrained__physical_modis__d1__current_minus_base,v5_prediction,-1.0,modis_pretrained,physical_modis,1,current_minus_base,258.78285650934174,190.97156180298384,-0.14835456656443677,270.65777281451244,257.92464693577796,278.9827410135633,0.7773109243697479,261.5370331922435
scratch__physical__d2__full_minus_current,shadow_point_prediction,2.25,scratch,physical,2,full_minus_current,259.96331838640833,190.73626791268816,0.8027447543895275,267.6815027817383,258.55732882493555,285.55796988005204,0.7521008403361344,261.5413670948726
scratch__physical_modis__d1__pools_minus_base,v5_prediction,1.5,scratch,physical_modis,1,pools_minus_base,258.6665619799938,186.4214262951033,-2.0564356212519366,271.0996095751897,257.7360294743564,279.6570102312394,0.7941176470588235,261.5421907523834
scratch__physical__d2__transition_minus_current,v5_prediction,1.0,scratch,physical,2,transition_minus_current,259.1212010560961,190.76006394749894,-18.34660175484405,270.06133720723,257.89310484361255,283.0911863355689,0.773109243697479,261.5492110407587
scratch__physical__d2__full_minus_base,v5_prediction,2.0,scratch,physical,2,full_minus_base,259.36843010509523,187.8922939022688,41.100239861746445,268.7184613297058,258.7559211166343,276.57040461360344,0.7857142857142857,261.5528106641326
scratch__physical__d1__effect_features_minus_base,v5_prediction,2.25,scratch,physical,1,effect_features_minus_base,258.77960275836864,188.8816532553777,-1.8650327051050055,270.802989721001,257.86599075475124,279.59186509503024,0.7773109243697479,261.55704649812236
modis_pretrained__physical_modis__d2__transition_features_minus_base,v5_prediction,-1.0,modis_pretrained,physical_modis,2,transition_features_minus_base,259.2975633201533,189.23813416096377,-9.333497532442191,269.31908855942237,258.3820641398722,280.1521186778804,0.7857142857142857,261.5740698349003
modis_pretrained__physical_modis__d2__pools_minus_base,v5_prediction,-1.0,modis_pretrained,physical_modis,2,pools_minus_base,258.81578836630166,189.06809939330168,-8.408768465705634,270.6817091917509,257.99863469720685,278.5489826759501,0.7815126050420168,261.57798015539026
modis_pretrained__physical_modis__d2__transition_minus_current,shadow_point_prediction,2.0,modis_pretrained,physical_modis,2,transition_minus_current,259.05315673138665,189.02968224887502,6.762185418472542,270.4208604556526,257.7999622866175,283.250256145726,0.773109243697479,261.58178405126085
scratch__physical_modis__d2__pools_minus_base,v5_prediction,2.0,scratch,physical_modis,2,pools_minus_base,259.22802897879285,187.38588395160517,11.035178372673272,269.39317708974824,258.4986488782679,277.93108404064077,0.7815126050420168,261.58697098140044
modis_pretrained__physical_modis__d2__transition_minus_current,v5_prediction,-3.0,modis_pretrained,physical_modis,2,transition_minus_current,260.388840273324,191.15426338786963,-17.08418456262536,265.55613395859405,260.04136522766976,273.48891182235656,0.7773109243697479,261.59379493322797
scratch__physical__d2__pools_minus_base,v5_prediction,2.5,scratch,physical,2,pools_minus_base,259.28237114974144,186.5378054648461,24.1143383417146,269.1811863635753,258.63784026673125,276.90846070482945,0.7815126050420168,261.5959422324473
modis_pretrained__physical__d2__pools_minus_base,shadow_point_prediction,-1.5,modis_pretrained,physical,2,pools_minus_base,259.3705305473389,188.73439747247892,6.345545281048554,269.04267515647564,258.6368669181288,278.13156330412505,0.7773109243697479,261.60515079232056
modis_pretrained__physical_modis__d1__full_minus_current,v5_prediction,-2.25,modis_pretrained,physical_modis,1,full_minus_current,259.3778804633703,188.44392745159993,-24.428177044337897,269.1559001135115,258.53183729693177,279.46444290500636,0.7689075630252101,261.61087458429597
scratch__physical_modis__d2__transition_features_minus_base,v5_prediction,2.75,scratch,physical_modis,2,transition_features_minus_base,258.8789747383921,189.92141437212686,16.14017784278297,270.51749459726545,258.17069325240215,277.30748261674233,0.773109243697479,261.611534331613
modis_pretrained__physical__d2__pools_minus_base,v5_prediction,2.5,modis_pretrained,physical,2,pools_minus_base,259.3881695683973,191.9370549053307,-17.423133197117608,269.70048409264297,257.99557774990035,284.8377902805158,0.7941176470588235,261.61810024483447
scratch__physical_modis__d2__effect_features_minus_base,v5_prediction,-0.75,scratch,physical_modis,2,effect_features_minus_base,259.0613184617577,189.8492103086764,-11.778503093565567,270.3316886464682,258.0802974418867,280.6042135190592,0.7857142857142857,261.63365575296757
modis_pretrained__physical__d1__effect_features_minus_base,shadow_point_prediction,3.0,modis_pretrained,physical,1,effect_features_minus_base,259.5060629950819,188.16912138117394,-1.7356769405824084,268.94648127080325,258.59536556939327,280.31709748099,0.819327731092437,261.63849320759005
scratch__physical__d2__current_minus_base,shadow_point_prediction,-1.25,scratch,physical,2,current_minus_base,259.5434723107624,190.70425239942492,-29.856889827745324,269.17183368692446,258.3165408359888,283.52326116324326,0.7815126050420168,261.64382978610956
modis_pretrained__physical_modis__d1__transition_minus_current,shadow_point_prediction,3.0,modis_pretrained,physical_modis,1,transition_minus_current,259.5556999107787,188.10940716453044,9.546934489609786,269.0272637715048,258.4447893955154,282.43337398239623,0.7815126050420168,261.64586324714435
modis_pretrained__physical_modis__d2__full_minus_base,v5_prediction,-1.25,modis_pretrained,physical_modis,2,full_minus_base,259.22044834897906,188.85969849055616,-13.220122549880807,270.18783775847197,257.9801643726016,283.30753361086164,0.7899159663865546,261.6522247072579
scratch__physical_modis__d2__pools_minus_current,shadow_point_prediction,2.25,scratch,physical_modis,2,pools_minus_current,259.91964437491237,190.86898019770143,-28.164364725434503,268.2209193546864,258.55045731248765,285.1940786032282,0.7647058823529411,261.6526663542497
modis_pretrained__physical_modis__d1__pools_minus_base,v5_prediction,-2.75,modis_pretrained,physical_modis,1,pools_minus_base,259.2622882626295,191.81253131224707,-4.945060044944143,269.72026368810486,258.3897567787892,279.6422320928071,0.773109243697479,261.6586492480383
scratch__physical__d2__pools_minus_current,shadow_point_prediction,2.0,scratch,physical,2,pools_minus_current,259.61365007612756,189.27291518200516,-22.58957256072011,269.01250134641776,258.4013120021442,283.46142495920276,0.7857142857142857,261.66027837520426
modis_pretrained__physical_modis__d1__full_minus_current,shadow_point_prediction,-2.75,modis_pretrained,physical_modis,1,full_minus_current,259.7468704418711,189.87356992386256,-19.780736072557342,268.1441147067917,259.0047074115019,278.6260795100199,0.7815126050420168,261.66064075050895
modis_pretrained__physical__d1__pools_minus_base,v5_prediction,2.75,modis_pretrained,physical,1,pools_minus_base,259.1199680270232,188.84738670103673,-10.049482269614035,270.09225262492413,258.31679307160914,278.7028728204225,0.7941176470588235,261.66224543764497
modis_pretrained__physical_modis__d1__full_minus_current,shadow_point_prediction,2.25,modis_pretrained,physical_modis,1,full_minus_current,259.2007396049995,192.18497971224957,17.206224490781764,269.5940368681109,258.66047947051453,275.3870981324645,0.7941176470588235,261.6639988871561
modis_pretrained__physical__d1__full_minus_base,v5_prediction,-1.75,modis_pretrained,physical,1,full_minus_base,259.3261154710421,188.52761432551318,-16.494731811081014,269.7851692948907,258.2227821495519,282.118994072058,0.7773109243697479,261.66504559663167
scratch__physical__d1__transition_minus_current,shadow_point_prediction,2.75,scratch,physical,1,transition_minus_current,259.6971261352952,189.72633153725474,-18.047146980334762,268.9339829294125,258.3619258147222,284.66235570169164,0.773109243697479,261.6725402536813
scratch__physical__d2__pools_minus_base,shadow_point_prediction,-1.25,scratch,physical,2,pools_minus_base,259.4918671471875,190.83617711314292,-15.387099328995781,269.3275008813096,258.4042796115182,282.1373239587139,0.773109243697479,261.6788786968007
modis_pretrained__physical_modis__d1__transition_features_minus_base,v5_prediction,-1.75,modis_pretrained,physical_modis,1,transition_features_minus_base,258.8542649180025,192.9283967995087,0.3372551211125158,270.8682074061155,258.1605400769984,277.0990197781763,0.7647058823529411,261.6843193297797
modis_pretrained__physical__d2__effect_features_minus_base,v5_prediction,-1.25,modis_pretrained,physical,2,effect_features_minus_base,259.10382766996014,189.12429361573228,-8.477777901984417,270.3811572319145,258.16623501412295,280.18869200368346,0.7815126050420168,261.68876189648944
scratch__physical__d1__transition_features_minus_base,v5_prediction,-1.75,scratch,physical,1,transition_features_minus_base,259.02943374484136,192.03953392270475,-10.342745801146648,270.60394509929125,258.1453612301362,279.52806502398914,0.7773109243697479,261.70204345477754
scratch__physical_modis__d2__current_minus_base,v5_prediction,1.5,scratch,physical_modis,2,current_minus_base,259.34706660991066,188.44452114498952,25.481343890271916,269.3953777009084,258.72184829895116,276.7192417752282,0.8025210084033614,261.70283980492025
scratch__physical__d1__full_minus_current,v5_prediction,1.5,scratch,physical,1,full_minus_current,259.2949804847141,189.94253070444276,-10.285146196515976,269.9786294615364,258.25470478659986,281.4580312755838,0.773109243697479,261.7058238043911
modis_pretrained__physical_modis__d2__transition_features_minus_base,shadow_point_prediction,-2.0,modis_pretrained,physical_modis,2,transition_features_minus_base,260.3089259788796,188.09885642039927,-2.5368132459346273,266.80139519058156,259.42036421945136,280.91016581288216,0.7815126050420168,261.709902841948
scratch__physical_modis__d1__pools_minus_base,v5_prediction,-1.75,scratch,physical_modis,1,pools_minus_base,259.47990349053896,191.6690063540319,-14.46625548868255,269.58515416528115,258.30511626822044,282.9685958508048,0.7815126050420168,261.7125193536449
modis_pretrained__physical__d1__transition_features_minus_base,v5_prediction,-1.25,modis_pretrained,physical,1,transition_features_minus_base,259.06923427320515,192.04140724908132,-3.6646054453873402,270.42433908890746,258.30874430250356,278.14458972861763,0.7689075630252101,261.71788798445533
scratch__physical_modis__d2__current_minus_base,v5_prediction,-0.75,scratch,physical_modis,2,current_minus_base,259.29176193601126,191.36623107878876,-24.416739131388905,270.26250202518685,258.05530864217206,283.34711540789067,0.7773109243697479,261.72533363484536
scratch__physical__d2__full_minus_base,shadow_point_prediction,-1.25,scratch,physical,2,full_minus_base,259.19324543931236,189.9716492424483,-29.990585670584416,270.30605489297153,258.22586027663255,280.59869124986125,0.7815126050420168,261.72960151205723
scratch__physical__d2__pools_minus_base,v5_prediction,-0.5,scratch,physical,2,pools_minus_base,259.12661194578305,190.49202439110238,-14.163721417345274,270.56661668088117,258.1272302200193,280.8634136605525,0.7773109243697479,261.73676769811664
scratch__physical__d1__pools_minus_base,v5_prediction,-2.0,scratch,physical,1,pools_minus_base,259.442107506371,191.28544503991156,-15.249919566954242,269.9519908649654,258.118022799865,284.2961329920793,0.773109243697479,261.73855716939306
modis_pretrained__physical__d1__pools_minus_current,shadow_point_prediction,1.75,modis_pretrained,physical,1,pools_minus_current,259.64691515160956,189.93990934592227,8.746357261800938,268.8559917563031,258.81703661888105,279.559796887658,0.7941176470588235,261.7417146696008
scratch__physical__d2__full_minus_base,v5_prediction,-0.5,scratch,physical,2,full_minus_base,259.020948360588,189.78133519622077,-20.00511595398073,270.90763073018235,258.01993892774425,280.76994563854646,0.7815126050420168,261.74236659477566
scratch__physical__d1__current_minus_base,shadow_point_prediction,-2.5,scratch,physical,1,current_minus_base,259.71169532116545,191.17557909095885,-20.01068511813932,269.1756246627014,258.37685617781176,284.6744773300043,0.7815126050420168,261.743967870711
scratch__physical__d1__transition_minus_current,v5_prediction,1.25,scratch,physical,1,transition_minus_current,259.27566503154543,189.65667201022734,-16.242789889750718,270.3013108508577,258.12697749339463,282.50594317438015,0.7773109243697479,261.7449046018358
scratch__physical_modis__d1__full_minus_current,v5_prediction,1.5,scratch,physical_modis,1,full_minus_current,259.3365244330169,190.4827569503857,-11.81226523199638,270.03934820853254,258.2687365365122,281.7781523699691,0.7689075630252101,261.74528340276964
scratch__physical_modis__d1__transition_minus_current,v5_prediction,1.5,scratch,physical_modis,1,transition_minus_current,259.2103624729655,190.661106539262,-10.002276040091592,270.50871475292536,258.0744623675081,282.3145920513161,0.7605042016806722,261.7509755165911
scratch__physical_modis__d1__pools_minus_base,shadow_point_prediction,-2.75,scratch,physical_modis,1,pools_minus_base,259.91959755175765,191.86005780907715,-9.938524573623662,268.70903923659665,258.46088507072113,285.9593955745124,0.7773109243697479,261.7522798527083
scratch__physical_modis__d1__transition_features_minus_base,v5_prediction,-2.25,scratch,physical_modis,1,transition_features_minus_base,259.12850476676385,191.14710592493225,-14.303518059039673,270.62288276054693,258.1624025959357,280.5176227593064,0.7815126050420168,261.76057372250256
scratch__physical_modis__d2__pools_minus_base,v5_prediction,-0.75,scratch,physical_modis,2,pools_minus_base,259.1231831445235,190.63111291273043,-14.841253477151009,270.74290930669247,258.056467353732,281.54441532418184,0.7815126050420168,261.7614357373679
scratch__physical_modis__d2__transition_features_minus_base,shadow_point_prediction,-2.25,scratch,physical_modis,2,transition_features_minus_base,260.0747393367844,189.88775257873908,-19.012271735681235,267.7126992086355,259.18972096629807,280.6270385808897,0.7815126050420168,261.7629747121256
modis_pretrained__physical__d2__transition_features_minus_base,shadow_point_prediction,-1.75,modis_pretrained,physical,2,transition_features_minus_base,259.63432785539646,189.31952730235218,-4.765173782654198,268.90188209746367,258.9168253972131,278.2057270547102,0.7689075630252101,261.7718408013674
modis_pretrained__physical_modis__d2__pools_minus_current,v5_prediction,1.0,modis_pretrained,physical_modis,2,pools_minus_current,259.35734149260674,190.29426605362403,-5.608727266975164,270.2668742617561,258.11053804660725,283.5109462205629,0.7815126050420168,261.77302382339417
modis_pretrained__physical_modis__d1__pools_minus_current,v5_prediction,1.25,modis_pretrained,physical_modis,1,pools_minus_current,258.8905805138423,190.41180259900082,0.4701203777345738,271.2867135397846,258.0304316935294,279.11665939895585,0.7689075630252101,261.7745765652496
modis_pretrained__physical_modis__d2__pools_minus_current,shadow_point_prediction,1.75,modis_pretrained,physical_modis,2,pools_minus_current,260.0415079828469,189.228274608406,4.368897904034394,268.4326188509859,258.5911471563498,286.01749372960006,0.7941176470588235,261.77669549325736
modis_pretrained__physical_modis__d2__transition_minus_current,v5_prediction,1.0,modis_pretrained,physical_modis,2,transition_minus_current,258.925916122842,189.9353285101117,-4.683998200238608,271.4790352576245,257.80210410844,281.8999288508123,0.773109243697479,261.78324290293716
modis_pretrained__physical__d1__transition_features_minus_base,v5_prediction,2.0,modis_pretrained,physical,1,transition_features_minus_base,259.22265129315696,188.46754894608193,-14.375147743552025,270.3359783385024,258.40049343039027,279.0297914888425,0.7773109243697479,261.7954435888016
scratch__physical__d2__effect_features_minus_base,v5_prediction,-0.75,scratch,physical,2,effect_features_minus_base,259.1928887724479,189.3914447844585,-10.024744254367048,270.6444268511614,258.23805848300594,280.4654906589032,0.7773109243697479,261.81706571976576
scratch__physical__d1__current_minus_base,v5_prediction,-1.0,scratch,physical,1,current_minus_base,259.2931004714716,190.77419349156796,-16.01315573300269,270.505110352419,258.19423463184586,282.04060028751724,0.7815126050420168,261.821386481802
modis_pretrained__physical_modis__d1__transition_minus_current,v5_prediction,1.5,modis_pretrained,physical_modis,1,transition_minus_current,259.1674590210714,188.95884140863492,-3.2916236646699857,270.82777006845924,258.15002307684534,281.0920674683759,0.7689075630252101,261.82817779686184
scratch__physical__d2__current_minus_base,v5_prediction,-0.5,scratch,physical,2,current_minus_base,259.28231751175525,190.51861979740718,-19.951637616845098,270.55803016168784,258.1962128818339,281.9035077031632,0.7773109243697479,261.8297195167581
scratch__physical__d1__pools_minus_base,v5_prediction,1.25,scratch,physical,1,pools_minus_base,259.08145298711395,188.06419654058766,-3.1178730557609575,270.9389802053636,258.22147480833206,279.31339813751293,0.7857142857142857,261.83084024698087
modis_pretrained__physical__d2__transition_features_minus_base,v5_prediction,2.25,modis_pretrained,physical,2,transition_features_minus_base,259.0798878348222,189.23867905619707,-0.9347027652066828,271.08358953060286,258.09310433878113,280.683761108231,0.7857142857142857,261.8341173847571
scratch__physical__d2__full_minus_current,v5_prediction,-1.5,scratch,physical,2,full_minus_current,259.00326012295926,189.27386777545186,-7.944479802242204,271.19999706912205,258.14223174809075,279.2438180021215,0.7983193277310925,261.83718726578286
scratch__physical_modis__d1__full_minus_base,v5_prediction,-2.75,scratch,physical_modis,1,full_minus_base,258.9999042434923,192.23682963911813,-12.43397637792631,271.4532009791001,257.9160033576995,281.5863563362534,0.7689075630252101,261.84225320594607
scratch__physical_modis__d2__full_minus_base,shadow_point_prediction,-2.0,scratch,physical_modis,2,full_minus_base,259.4745048712173,190.69552778113095,-29.070708337784843,270.1231001847942,258.29709290515353,282.98778902555165,0.7899159663865546,261.8423007080956
scratch__physical_modis__d2__transition_minus_current,shadow_point_prediction,2.25,scratch,physical_modis,2,transition_minus_current,259.7691858719001,193.82728195848082,-29.76162681142124,269.6487671561901,258.1963315997363,286.7390062639786,0.7689075630252101,261.84586762493166
modis_pretrained__physical_modis__d2__pools_minus_current,v5_prediction,-2.25,modis_pretrained,physical_modis,2,pools_minus_current,259.07521832223233,191.96112656379904,-12.67850921952059,270.4489493548212,258.79014631994335,270.94041036706193,0.7689075630252101,261.8473830798073
scratch__physical__d1__pools_minus_current,v5_prediction,0.75,scratch,physical,1,pools_minus_current,259.1610273462054,189.66822013634484,-11.156174956416239,270.8726530549349,258.1962515498168,280.5375536775885,0.7857142857142857,261.84773982429067
scratch__physical__d2__current_minus_base,shadow_point_prediction,2.0,scratch,physical,2,current_minus_base,260.62926746472493,188.29231887296288,49.23246354131835,266.5955846049133,259.5408307467701,283.3352047556736,0.7857142857142857,261.84873757028333
scratch__physical_modis__d2__transition_minus_current,v5_prediction,-1.25,scratch,physical_modis,2,transition_minus_current,259.4990263527,189.59848061222743,9.062465791776045,269.5475106405202,258.8527804091939,277.1553144531167,0.8067226890756303,261.84958593877855
modis_pretrained__physical__d1__effect_features_minus_base,v5_prediction,2.0,modis_pretrained,physical,1,effect_features_minus_base,259.22475572320894,188.4771005914875,-9.315890909409676,270.6796367505448,258.3279367657626,279.8721022427885,0.7941176470588235,261.8642712406813
modis_pretrained__physical__d1__transition_minus_current,v5_prediction,1.5,modis_pretrained,physical,1,transition_minus_current,259.2936551667149,188.7386273598038,-4.476594528396944,270.6652350561782,258.2285028328688,281.7070022399925,0.7941176470588235,261.8702620556192
modis_pretrained__physical_modis__d2__effect_features_minus_base,v5_prediction,2.75,modis_pretrained,physical_modis,2,effect_features_minus_base,258.90238416209286,188.62851484849224,-3.31458100167278,271.7369637104449,257.9519979627871,280.1152845381616,0.7773109243697479,261.8734324993544
modis_pretrained__physical__d1__full_minus_current,v5_prediction,-2.0,modis_pretrained,physical,1,full_minus_current,259.498175038356,189.3158090779548,-28.740152307083985,269.7895354309301,258.7199358014483,278.80220826080154,0.7689075630252101,261.8764553272726
modis_pretrained__physical_modis__d2__effect_features_minus_base,v5_prediction,-1.5,modis_pretrained,physical_modis,2,effect_features_minus_base,259.47144872464105,189.51528996509407,-10.221934130378484,270.05096877360944,258.5143893883672,280.77968036835915,0.7857142857142857,261.87706390281465
scratch__physical__d1__full_minus_base,v5_prediction,-1.75,scratch,physical,1,full_minus_base,259.191575295056,191.23690736662329,-19.267037299667443,271.0189227647304,258.11510873002993,281.71306095511676,0.7773109243697479,261.87929552121807
modis_pretrained__physical_modis__d2__full_minus_current,v5_prediction,1.0,modis_pretrained,physical_modis,2,full_minus_current,259.1789205171788,190.41799652067417,-1.8845887346090942,270.8967455879107,258.28464577210855,279.79637742780153,0.773109243697479,261.88480809859425
modis_pretrained__physical_modis__d1__current_minus_base,shadow_point_prediction,-2.25,modis_pretrained,physical_modis,1,current_minus_base,259.52686802322427,192.4345798277094,17.7423952418886,269.64818697675463,258.89676613399763,276.97049600091293,0.7689075630252101,261.89967228930016
modis_pretrained__physical__d1__transition_features_minus_base,shadow_point_prediction,-2.5,modis_pretrained,physical,1,transition_features_minus_base,259.60541795820444,193.62375086846924,8.80097092817508,269.2777401541354,259.1154111849311,275.05833186208855,0.7689075630252101,261.9009968138688
modis_pretrained__physical_modis__d2__transition_features_minus_base,v5_prediction,2.0,modis_pretrained,physical_modis,2,transition_features_minus_base,258.76022043877896,189.7751900163934,-4.685139307621502,272.20170076862,257.937207570812,278.5587650313272,0.7773109243697479,261.9148373042475
modis_pretrained__physical__d1__full_minus_current,v5_prediction,1.0,modis_pretrained,physical,1,full_minus_current,259.14907482858484,191.53970336456618,2.694008967289046,271.0205858548883,258.38125135174755,278.31544143854353,0.773109243697479,261.92499671595135
modis_pretrained__physical__d2__effect_features_minus_base,v5_prediction,2.5,modis_pretrained,physical,2,effect_features_minus_base,259.2683949600382,188.43478286480484,-6.396578568537048,270.9985583167869,258.1765244265971,281.9458925325665,0.7983193277310925,261.9279681658651
scratch__physical_modis__d2__full_minus_current,v5_prediction,1.75,scratch,physical_modis,2,full_minus_current,259.894233622518,192.8425794041236,-20.6649644156127,269.35810006894775,258.5691833887326,284.77967884227036,0.7773109243697479,261.9289376756791
scratch__physical_modis__d1__transition_features_minus_base,v5_prediction,2.75,scratch,physical_modis,1,transition_features_minus_base,259.55283368785246,188.84187516127156,0.18420031474783127,270.1397603533135,258.48635828090465,281.99116753496565,0.7815126050420168,261.9329465024808
modis_pretrained__physical__d2__effect_features_minus_base,shadow_point_prediction,-2.75,modis_pretrained,physical,2,effect_features_minus_base,259.79501127386374,189.54820204700718,-0.9641206072489041,269.3656570865087,258.77957075811787,281.7269375140497,0.7689075630252101,261.9338125980885
modis_pretrained__physical_modis__d2__current_minus_base,v5_prediction,-0.75,modis_pretrained,physical_modis,2,current_minus_base,259.3373431055225,190.0742029552189,-6.621099404092952,270.83075205724793,258.24309079451524,282.04148540270813,0.7857142857142857,261.937132265702
modis_pretrained__physical__d1__transition_minus_current,shadow_point_prediction,3.0,modis_pretrained,physical,1,transition_minus_current,260.0556080769915,187.30038775027327,7.176992762155865,268.93498174795315,258.71653803770573,285.07317359837907,0.8067226890756303,261.9406839849105
scratch__physical_modis__d1__current_minus_base,v5_prediction,-1.25,scratch,physical_modis,1,current_minus_base,259.40437174467684,191.71865758093483,-13.254500425329086,270.68772070778385,258.2815017498869,282.3915397853961,0.7689075630252101,261.94449148675614
scratch__physical__d1__effect_features_minus_base,v5_prediction,2.5,scratch,physical,1,effect_features_minus_base,259.14875932014735,189.16496881877404,-1.207364695579418,271.26340124052683,258.2311984497511,280.0194430870989,0.7899159663865546,261.94802958264313
modis_pretrained__physical__d2__pools_minus_current,v5_prediction,0.75,modis_pretrained,physical,2,pools_minus_current,259.5038171419162,189.866526249422,-11.17641044280745,270.4213314872712,258.3788411978373,282.5160641633708,0.7941176470588235,261.9519517422352
scratch__physical_modis__d1__effect_features_minus_base,v5_prediction,-2.25,scratch,physical_modis,1,effect_features_minus_base,259.55585913534975,191.10583915934217,-15.094149898246915,270.11141345731846,258.5879644820298,280.9823529874126,0.7815126050420168,261.9527740525119
scratch__physical_modis__d2__full_minus_current,v5_prediction,-1.5,scratch,physical_modis,2,full_minus_current,259.237119647658,188.85692481374903,3.2567434589739035,271.01675429946835,258.3663114788693,279.5967918318436,0.8025210084033614,261.9643262684134
modis_pretrained__physical_modis__d1__pools_minus_base,v5_prediction,-3.0,modis_pretrained,physical_modis,1,pools_minus_base,259.6003391333547,192.28140786242466,-4.686970522590402,270.0031504621836,258.73649008197333,279.8969432485223,0.773109243697479,261.9850797027166
modis_pretrained__physical_modis__d2__full_minus_base,shadow_point_prediction,-2.5,modis_pretrained,physical_modis,2,full_minus_base,260.2849664009962,188.64103544367364,-10.31006328081186,268.725666904077,258.73185132144414,287.1236255905143,0.7899159663865546,262.0068627568784
scratch__physical__d1__pools_minus_base,shadow_point_prediction,2.25,scratch,physical,1,pools_minus_base,259.7944066340289,187.23445600136782,8.961201360412977,269.60251519087876,258.84141031062427,281.0733249095568,0.7983193277310925,262.0081846923902
scratch__physical__d1__transition_features_minus_base,v5_prediction,2.75,scratch,physical,1,transition_features_minus_base,259.72121212194156,188.6669119501546,-3.7632289174888847,269.8944382346265,258.7112121866787,281.59388499799763,0.7941176470588235,262.0120186662971
modis_pretrained__physical__d1__pools_minus_base,v5_prediction,3.0,modis_pretrained,physical,1,pools_minus_base,259.4746367666914,189.1539225373548,-10.255431131321194,270.4130506686674,258.6882544740348,278.87424274271837,0.7983193277310925,262.01264466902126
modis_pretrained__physical_modis__d1__transition_features_minus_base,v5_prediction,1.75,modis_pretrained,physical_modis,1,transition_features_minus_base,259.5469046297431,188.21344401772348,-15.905344702783108,270.3069821881387,258.65425150589317,280.16178229878295,0.773109243697479,262.0137607383795
scratch__physical_modis__d2__transition_features_minus_base,v5_prediction,-1.0,scratch,physical_modis,2,transition_features_minus_base,259.5647538090671,190.4590140114088,-16.48376211215103,270.32969693021795,258.60588514763947,280.89618767962696,0.7899159663865546,262.01627242399786
modis_pretrained__physical__d2__pools_minus_current,v5_prediction,-2.75,modis_pretrained,physical,2,pools_minus_current,259.313713691461,194.37620323818075,4.6546292663959346,270.44013390244817,259.04245852298453,270.90023195752354,0.7563025210084033,262.0275049520887
modis_pretrained__physical_modis__d2__full_minus_base,v5_prediction,2.5,modis_pretrained,physical_modis,2,full_minus_base,259.1187054752531,190.2529673388224,3.0881107272557298,271.2782007546943,258.60354506654176,274.9348036275985,0.773109243697479,262.02978919293554
modis_pretrained__physical__d1__full_minus_current,shadow_point_prediction,2.0,modis_pretrained,physical,1,full_minus_current,259.6271086206776,192.2042113523756,21.518199753527853,269.882004651647,259.04671938732014,276.3970134885775,0.7899159663865546,262.04573532008055
scratch__physical__d2__transition_features_minus_base,shadow_point_prediction,2.75,scratch,physical,2,transition_features_minus_base,259.99320006211434,188.63236307916992,38.43682112930899,269.20573158814284,258.9941956274854,281.7641475336801,0.7983193277310925,262.04658183496423
scratch__physical__d2__transition_features_minus_base,v5_prediction,2.75,scratch,physical,2,transition_features_minus_base,259.64558598977936,189.831485422184,30.090684101194544,270.04756996100997,258.90232261924126,278.5343797284241,0.7941176470588235,262.0602661399525
modis_pretrained__physical__d2__pools_minus_base,v5_prediction,-0.75,modis_pretrained,physical,2,pools_minus_base,259.3727176165585,189.74430754199392,-4.892318268950602,270.9779341356657,258.58972412237813,278.72827476812597,0.7815126050420168,262.0782733727902
scratch__physical_modis__d2__current_minus_base,shadow_point_prediction,1.75,scratch,physical_modis,2,current_minus_base,260.55255415267004,188.05157531231364,39.371712365237585,267.5384151917322,259.68008974457143,280.98465417878134,0.8109243697478992,262.0809033104109
modis_pretrained__physical_modis__d2__pools_minus_base,shadow_point_prediction,3.0,modis_pretrained,physical_modis,2,pools_minus_base,260.14178059919965,188.3262060307904,2.43626326189018,269.1882513743375,258.8715056967209,284.5481400484955,0.7983193277310925,262.0858295673644
modis_pretrained__physical_modis__d1__pools_minus_current,v5_prediction,-2.5,modis_pretrained,physical_modis,1,pools_minus_current,260.2085968465347,190.7873039507197,-24.29237512797504,268.3492494391102,259.58770264306145,277.5526270609353,0.7647058823529411,262.08853644381026
modis_pretrained__physical__d1__full_minus_base,v5_prediction,-2.0,modis_pretrained,physical,1,full_minus_base,259.79485981105347,188.81775428100244,-17.739115671116114,270.1251211223774,258.6682252928648,282.83676699658895,0.7773109243697479,262.0957665093373
scratch__physical__d2__pools_minus_current,v5_prediction,1.25,scratch,physical,2,pools_minus_current,259.70894883838895,190.83233092051938,-22.25383528958485,270.47622161702714,258.51988280678506,283.34342607335066,0.7899159663865546,262.1035005251475
scratch__physical_modis__d2__current_minus_base,shadow_point_prediction,-1.75,scratch,physical_modis,2,current_minus_base,260.2915661829116,193.04932028743653,-38.24752789067924,269.1372384200682,258.7415887384825,287.105116076228,0.7941176470588235,262.1154898810935
scratch__physical__d2__transition_minus_current,v5_prediction,-1.75,scratch,physical,2,transition_minus_current,259.74456174800895,190.8294085684853,10.700429896180012,269.8817713934822,259.1093151912352,277.264208162398,0.7899159663865546,262.12005252018383
scratch__physical_modis__d2__full_minus_base,v5_prediction,2.5,scratch,physical_modis,2,full_minus_base,259.84437775907827,189.635646167917,29.25695592799472,269.4340698171384,259.3966117210075,274.64451258189445,0.7773109243697479,262.1298592640756
modis_pretrained__physical__d2__full_minus_current,v5_prediction,1.0,modis_pretrained,physical,2,full_minus_current,259.4476762018965,191.06670735931164,-0.5083779368744749,271.0695728848305,258.5665685939981,279.93070424441527,0.7815126050420168,262.13287347065545
modis_pretrained__physical_modis__d2__pools_minus_base,v5_prediction,2.75,modis_pretrained,physical_modis,2,pools_minus_base,259.88273635293876,190.94141057148747,-6.066054684941866,270.11474009826355,258.6898668825854,283.5613249532597,0.7941176470588235,262.14251992168164
modis_pretrained__physical__d1__full_minus_current,shadow_point_prediction,-2.5,modis_pretrained,physical,1,full_minus_current,260.0179101561741,190.95631881124328,-25.633042158031696,269.13100308782407,259.42164328981875,277.02063743136773,0.7773109243697479,262.14711667249776
scratch__physical__d2__full_minus_current,shadow_point_prediction,-2.25,scratch,physical,2,full_minus_current,260.0484180032464,190.81696231367567,0.3214397201688023,269.499884043554,259.0247240617324,282.07623227127414,0.8109243697478992,262.15536102794476
scratch__physical_modis__d2__pools_minus_base,shadow_point_prediction,-1.75,scratch,physical_modis,2,pools_minus_base,259.9122189952208,191.3333343116256,-15.90472803079083,270.15511255693923,258.6896798778259,283.8692570729972,0.773109243697479,262.1673076063017
modis_pretrained__physical_modis__d2__pools_minus_base,shadow_point_prediction,-2.5,modis_pretrained,physical_modis,2,pools_minus_base,259.6331718433865,189.26969005365646,-0.999716949896681,270.44246635273066,258.98035422562117,277.38035549271996,0.7815126050420168,262.1722910662812
modis_pretrained__physical__d2__effect_features_minus_base,shadow_point_prediction,3.0,modis_pretrained,physical,2,effect_features_minus_base,259.87836636406615,186.8604193196499,2.2270517040370588,270.3164144390207,258.63937914760425,283.9857173091137,0.8067226890756303,262.1781315786893
scratch__physical__d2__effect_features_minus_base,shadow_point_prediction,-2.0,scratch,physical,2,effect_features_minus_base,260.0380796335619,189.1593686353471,-5.4131063321388355,269.6158659364641,259.04398149936117,281.7600222738734,0.7773109243697479,262.18400167573725
scratch__physical__d1__full_minus_current,v5_prediction,1.75,scratch,physical,1,full_minus_current,259.8187806101732,190.55560902106419,-10.70199643079609,270.3793479569053,258.75699183428094,282.2222413456583,0.7773109243697479,262.1934752528831
modis_pretrained__physical__d2__current_minus_base,v5_prediction,-0.5,modis_pretrained,physical,2,current_minus_base,259.6121773106663,189.73302166281528,-8.117804210893603,270.9280201872294,258.6518302861897,280.96131924467915,0.7773109243697479,262.2010512736879
scratch__physical_modis__d1__full_minus_base,v5_prediction,-3.0,scratch,physical_modis,1,full_minus_base,259.3391398446351,192.8845085719573,-12.85669743129822,271.8930007224289,258.2400792383125,282.0906752548752,0.7689075630252101,262.2028399125029
scratch__physical_modis__d1__pools_minus_current,v5_prediction,1.25,scratch,physical_modis,1,pools_minus_current,259.34341185683843,189.79648995763952,-8.481492784009617,271.79720283879726,258.3317305765573,281.21670929332134,0.7773109243697479,262.20393928225786
scratch__physical_modis__d1__pools_minus_base,v5_prediction,1.75,scratch,physical_modis,1,pools_minus_base,259.2826734651168,186.51205764740962,-1.1018340929880432,271.93883205459525,258.33583414429717,280.47407156710415,0.7899159663865546,262.2100032822815
scratch__physical_modis__d2__full_minus_current,shadow_point_prediction,-2.25,scratch,physical_modis,2,full_minus_current,260.35906802035714,189.36313523625603,17.12327461199297,268.89848068320987,259.25973707105004,283.1602189548728,0.8025210084033614,262.21908844874355
scratch__physical_modis__d1__transition_minus_current,v5_prediction,1.75,scratch,physical_modis,1,transition_minus_current,259.68883237694337,191.3373092862673,-10.371981248300974,270.9881355244002,258.51555383897426,283.1731710115358,0.7605042016806722,262.2203385293153
scratch__physical_modis__d2__pools_minus_current,shadow_point_prediction,-1.75,scratch,physical_modis,2,pools_minus_current,260.32525402493377,190.8668952483722,22.90489209716758,268.85468229113803,259.38413241669656,281.49995782711085,0.8025210084033614,262.2223306894255
modis_pretrained__physical__d2__transition_features_minus_base,v5_prediction,-1.0,modis_pretrained,physical,2,transition_features_minus_base,259.65008653619833,190.1931917565799,-10.828196802225792,270.77208051971803,258.82301868115843,279.53080559883784,0.773109243697479,262.2238180683183
modis_pretrained__physical__d2__full_minus_base,shadow_point_prediction,-1.5,modis_pretrained,physical,2,full_minus_base,260.3785774050359,187.90439973605143,-11.352686303836988,268.821304904264,259.3258179314809,282.7164939721315,0.7941176470588235,262.2260694114542
scratch__physical_modis__d2__pools_minus_current,v5_prediction,1.5,scratch,physical_modis,2,pools_minus_current,260.07320200180067,191.88902390842765,-26.935016099311078,269.9840372428636,258.7738375022776,284.73864876317896,0.773109243697479,262.2260696871856
scratch__physical__d2__pools_minus_current,v5_prediction,-1.25,scratch,physical,2,pools_minus_current,259.6883328184496,191.5945909600305,6.6857457079142515,270.71229733478174,258.8299396517015,279.92715610132905,0.7899159663865546,262.22972565584564
scratch__physical_modis__d1__transition_features_minus_base,v5_prediction,-2.5,scratch,physical_modis,1,transition_features_minus_base,259.5973173555465,191.76016882923662,-15.027903977729045,271.1091692603268,258.6201700119584,281.12294408943734,0.7815126050420168,262.2309934958446
scratch__physical__d1__transition_features_minus_base,v5_prediction,-2.0,scratch,physical,1,transition_features_minus_base,259.5560275369429,192.9797166967116,-10.70827451690541,271.1618200832568,258.67920712046345,279.99584931117073,0.7815126050420168,262.2382705694015
scratch__physical_modis__d1__full_minus_current,v5_prediction,1.75,scratch,physical_modis,1,full_minus_current,259.8726613686844,191.1263382147282,-12.483635305523226,270.45508905399964,258.77384853804807,282.64633143468626,0.7689075630252101,262.2435650823541
modis_pretrained__physical_modis__d1__pools_minus_current,shadow_point_prediction,2.5,modis_pretrained,physical_modis,1,pools_minus_current,259.72863513253714,191.11819102396723,17.070422574418906,270.4802087174474,259.05308866528827,277.7736965823652,0.7899159663865546,262.2476419119525
modis_pretrained__physical__d2__full_minus_current,v5_prediction,-3.0,modis_pretrained,physical,2,full_minus_current,260.24244158545224,190.7145802923293,-29.611045352717767,269.11603290371653,259.4063730455784,280.25012572343724,0.7773109243697479,262.25182228004985
modis_pretrained__physical__d1__effect_features_minus_base,v5_prediction,2.25,modis_pretrained,physical,1,effect_features_minus_base,259.6165018152835,188.74414109623535,-9.507371674231475,271.0949042024018,258.72522979594936,280.2190308055033,0.7941176470588235,262.26328440722955
modis_pretrained__physical_modis__d1__full_minus_current,v5_prediction,1.25,modis_pretrained,physical_modis,1,full_minus_current,259.4309247427869,192.1394059764063,1.4626953499994788,271.49540055219,258.7000525814739,278.15994742292145,0.7689075630252101,262.26432565480945
modis_pretrained__physical__d2__transition_minus_current,shadow_point_prediction,1.5,modis_pretrained,physical,2,transition_minus_current,260.2617076286162,189.2470431481415,4.1270419941899865,269.5812435658349,258.9947932393939,284.64344881131245,0.8109243697478992,262.27486301561527
scratch__physical__d2__full_minus_current,v5_prediction,1.5,scratch,physical,2,full_minus_current,260.2100889654731,192.3221735205434,-7.623609779428387,269.70463439210835,258.989806117003,284.16063699118445,0.773109243697479,262.2786546100144
scratch__physical_modis__d1__pools_minus_current,shadow_point_prediction,2.75,scratch,physical_modis,1,pools_minus_current,259.57760916492487,188.90691997006132,-0.9722933477043392,271.4818368677596,258.4937977974096,282.1896134628474,0.7857142857142857,262.28271324875476
modis_pretrained__physical_modis__d1__current_minus_base,v5_prediction,2.5,modis_pretrained,physical_modis,1,current_minus_base,260.15888732556016,188.8651324950074,-26.873270351512453,269.2124196601744,259.6144612958987,276.43641541882414,0.7689075630252101,262.2861639017984
scratch__physical_modis__d2__transition_features_minus_base,shadow_point_prediction,3.0,scratch,physical_modis,2,transition_features_minus_base,259.8629944765199,188.57797658726884,26.661244201226364,270.40439554619223,259.03462467932894,279.76718640100256,0.7857142857142857,262.29125229464023
scratch__physical__d1__transition_minus_current,v5_prediction,1.5,scratch,physical,1,transition_minus_current,259.8479932500498,190.2091332134312,-17.9345389095338,270.8327887384082,258.65386049321376,283.5367873314096,0.7773109243697479,262.2956589329304
modis_pretrained__physical_modis__d1__transition_minus_current,v5_prediction,1.75,modis_pretrained,physical_modis,1,transition_minus_current,259.6244583998577,189.3311777887431,-2.5428868103091005,271.33980565181764,258.5941576410907,281.70088898315163,0.7689075630252101,262.2957200231559
modis_pretrained__physical_modis__d1__current_minus_base,v5_prediction,-1.25,modis_pretrained,physical_modis,1,current_minus_base,259.4979185867915,192.1250020685292,1.7605679895032804,271.5171387431662,258.67951314435106,279.2726972176939,0.773109243697479,262.2981222652751
modis_pretrained__physical_modis__d2__pools_minus_base,v5_prediction,-1.25,modis_pretrained,physical_modis,2,pools_minus_base,259.5057294145412,189.79839808746493,-8.564949384423219,271.5563281620723,258.7187315308061,278.91381890530727,0.7815126050420168,262.3216296304902
modis_pretrained__physical__d1__transition_minus_current,v5_prediction,1.75,modis_pretrained,physical,1,transition_minus_current,259.7497202692146,189.0713872700688,-3.925352817990553,271.13404504039937,258.65960211773165,282.4320107511033,0.7941176470588235,262.32327192414004
scratch__physical__d2__transition_features_minus_base,v5_prediction,-0.75,scratch,physical,2,transition_features_minus_base,259.69668472406505,190.79273036853937,-18.113516306843437,271.1472103482993,258.7656793306669,280.73591504194013,0.7857142857142857,262.3265647817741
scratch__physical_modis__d2__full_minus_base,v5_prediction,-1.0,scratch,physical_modis,2,full_minus_base,259.6301546233833,190.48505069373,-22.600445078367304,271.5718148206553,258.4875104161766,282.8190567831655,0.7857142857142857,262.32990862089963
modis_pretrained__physical_modis__d2__full_minus_base,v5_prediction,-1.5,modis_pretrained,physical_modis,2,full_minus_base,259.92335877038215,189.37693112900337,-14.30733810168991,270.85996920482563,258.61435507949267,284.6675272720471,0.7899159663865546,262.33026045627065
modis_pretrained__physical__d2__full_minus_base,v5_prediction,-0.75,modis_pretrained,physical,2,full_minus_base,259.8354387477579,189.0560787693657,-13.741434061393372,270.82159089627135,258.83402560119896,281.62442753529666,0.7815126050420168,262.33162349824653
modis_pretrained__physical__d1__pools_minus_current,v5_prediction,1.0,modis_pretrained,physical,1,pools_minus_current,259.6985265585742,190.71559580197422,-3.1073219196799995,271.1260426136544,258.8290025466879,280.06275250709547,0.7815126050420168,262.3380245693727
modis_pretrained__physical__d1__current_minus_base,v5_prediction,-1.0,modis_pretrained,physical,1,current_minus_base,259.6835860731357,191.28627879215583,-2.283526472851366,271.18076890227644,258.80920943355625,280.101414302505,0.773109243697479,262.339287620526
scratch__physical_modis__d2__transition_minus_current,v5_prediction,1.5,scratch,physical_modis,2,transition_minus_current,259.9886807766171,193.4063483287233,-27.999857489968907,270.8893290705666,258.511172080139,286.1894675789315,0.7689075630252101,262.34446567598496
scratch__physical_modis__d2__pools_minus_current,v5_prediction,-1.25,scratch,physical_modis,2,pools_minus_current,259.68292969246767,190.7191390820909,8.175097966227856,271.1225961343539,258.9010394056614,279.037468292912,0.7857142857142857,262.34737373123767
scratch__physical_modis__d2__effect_features_minus_base,shadow_point_prediction,-2.25,scratch,physical_modis,2,effect_features_minus_base,260.2889049157342,189.9285491939874,-11.42128267091165,269.60169216155225,259.23058197457334,282.6788098682991,0.7857142857142857,262.3525209918985
modis_pretrained__physical_modis__d1__transition_features_minus_base,v5_prediction,-2.0,modis_pretrained,physical_modis,1,transition_features_minus_base,259.4761485442214,194.08423944466628,1.497440822819346,271.629847938269,258.83347220993505,277.08464551719476,0.7647058823529411,262.35390430916175
scratch__physical_modis__d1__current_minus_base,shadow_point_prediction,-3.0,scratch,physical_modis,1,current_minus_base,260.3494334594653,193.24915814906979,-12.567001285505924,269.8326442125049,258.89264859387316,286.3958121703392,0.773109243697479,262.35603993132713
modis_pretrained__physical__d2__transition_minus_current,v5_prediction,0.75,modis_pretrained,physical,2,transition_minus_current,259.7530716497575,189.9538596067432,-6.001569912379884,271.2318257571227,258.7005616399639,282.06030561654194,0.7857142857142857,262.35963267415036
scratch__physical__d1__full_minus_base,v5_prediction,-2.0,scratch,physical,1,full_minus_base,259.65832989211077,191.88169973104831,-20.907464800929176,271.5677077548566,258.56030360483607,282.41439512254476,0.773109243697479,262.3611677859785
scratch__physical__d1__effect_features_minus_base,v5_prediction,2.75,scratch,physical,1,effect_features_minus_base,259.5517337429749,189.47222687977433,-0.5496966860538303,271.75781859151704,258.62897331523516,280.4957666533422,0.7857142857142857,262.37256484817544
modis_pretrained__physical__d2__effect_features_minus_base,v5_prediction,-1.5,modis_pretrained,physical,2,effect_features_minus_base,259.78045295450704,189.7792598601828,-8.616524524214244,271.09559271792807,258.8360956409326,280.96660242697004,0.773109243697479,262.37314856696867
modis_pretrained__physical_modis__d1__full_minus_current,v5_prediction,-2.5,modis_pretrained,physical_modis,1,full_minus_current,260.1736815791546,189.23967788778384,-26.27752507250485,269.8041451261523,259.37234577549225,279.7765324382787,0.7689075630252101,262.3809635149885
scratch__physical__d2__transition_minus_current,shadow_point_prediction,-2.25,scratch,physical,2,transition_minus_current,261.0161195745309,191.19267786623027,24.32784540629885,267.2744943920476,260.2476231352113,280.26235096795574,0.7941176470588235,262.38858916908015
scratch__physical__d1__transition_minus_current,shadow_point_prediction,3.0,scratch,physical,1,transition_minus_current,260.437447824092,190.59181326089336,-19.738896000117844,269.6563064523209,259.0667096632205,285.7519897516747,0.7857142857142857,262.3994779409313
modis_pretrained__physical_modis__d2__transition_features_minus_base,v5_prediction,-1.25,modis_pretrained,physical_modis,2,transition_features_minus_base,260.19784109412456,189.87151164680995,-9.720860717843914,269.9173135356064,259.29490305724204,280.95292140100474,0.7815126050420168,262.40197469527436
modis_pretrained__physical_modis__d2__current_minus_base,shadow_point_prediction,-1.75,modis_pretrained,physical_modis,2,current_minus_base,260.38362095575764,190.3076861511764,3.2756314730113005,269.76411841634564,259.07838970437666,285.1171694418913,0.7773109243697479,262.4024375080594
scratch__physical__d1__pools_minus_current,shadow_point_prediction,2.0,scratch,physical,1,pools_minus_current,259.9870849775038,188.53829371026185,-8.430254870936679,270.6585332330721,258.98616047429834,281.77767288310446,0.7941176470588235,262.40471591559447
scratch__physical_modis__d1__pools_minus_base,v5_prediction,-2.0,scratch,physical_modis,1,pools_minus_base,260.21869682478786,192.68373523241695,-15.420857016946446,270.1960576560454,258.98642537894887,284.2807260537055,0.7857142857142857,262.4049691711425
scratch__physical_modis__d1__effect_features_minus_base,v5_prediction,-2.5,scratch,physical_modis,1,effect_features_minus_base,260.0342217036059,191.69808774315,-15.906383799070428,270.51724578997494,259.05475675260243,281.603137201097,0.7815126050420168,262.4101114874473
scratch__physical_modis__d1__transition_features_minus_base,v5_prediction,3.0,scratch,physical_modis,1,transition_features_minus_base,260.0631996653988,189.33668286943478,0.9085862334372065,270.57864226903257,258.9750941907641,282.7399507880581,0.7857142857142857,262.42003394764856
scratch__physical__d2__pools_minus_current,shadow_point_prediction,-1.75,scratch,physical,2,pools_minus_current,260.68212750715685,192.0572059852447,20.81979893552853,268.7782322812336,259.5553530050692,283.7667207498185,0.7857142857142857,262.4244600751541
modis_pretrained__physical_modis__d1__transition_features_minus_base,shadow_point_prediction,2.5,modis_pretrained,physical_modis,1,transition_features_minus_base,260.37233656870586,190.04360019611633,-11.039764779789136,269.3970710356999,259.5719526195548,279.97183162701555,0.7941176470588235,262.4284241981666
scratch__physical__d2__transition_minus_current,v5_prediction,1.25,scratch,physical,2,transition_minus_current,260.0659495835943,191.9445279423538,-20.987240995846236,270.83749869480886,258.7490478496463,284.88768533743666,0.773109243697479,262.42961142791097
modis_pretrained__physical_modis__d2__effect_features_minus_base,shadow_point_prediction,-3.0,modis_pretrained,physical_modis,2,effect_features_minus_base,260.688949594581,189.52698418643388,-4.3136864418072145,268.670568932226,259.67147486450915,282.6813332390539,0.7941176470588235,262.42998574647424
scratch__physical_modis__d2__transition_features_minus_base,v5_prediction,3.0,scratch,physical_modis,2,transition_features_minus_base,259.696297607916,190.70466603834817,18.3151071731119,271.31278363550837,259.0168845320697,277.7897510835517,0.7773109243697479,262.4305658458525
modis_pretrained__physical_modis__d1__current_minus_base,shadow_point_prediction,3.0,modis_pretrained,physical_modis,1,current_minus_base,260.6578572262725,189.7116115598553,-22.344978435533417,268.22153135609585,260.23238524253884,275.1194334647581,0.773109243697479,262.4424077627949
scratch__physical_modis__d2__effect_features_minus_base,v5_prediction,-1.0,scratch,physical_modis,2,effect_features_minus_base,259.89271740253065,190.78472851779057,-13.109989194475657,271.1893141478906,258.89420897557835,281.654110508345,0.7815126050420168,262.4672394821326
modis_pretrained__physical__d1__transition_features_minus_base,v5_prediction,-1.5,modis_pretrained,physical,1,transition_features_minus_base,259.79887299059135,193.2809253182979,-2.840717576297747,271.18855821496334,259.09084303583717,278.25824928083006,0.773109243697479,262.4692868079958
modis_pretrained__physical_modis__d1__pools_minus_current,v5_prediction,1.5,modis_pretrained,physical_modis,1,pools_minus_current,259.54581560696715,191.32135294557696,2.1209534114485478,272.14613391122117,258.7188146475771,279.42160060595506,0.7689075630252101,262.48914494318313
modis_pretrained__physical_modis__d2__effect_features_minus_base,v5_prediction,3.0,modis_pretrained,physical_modis,2,effect_features_minus_base,259.4860432222281,189.09968049763015,-2.908266111748915,272.4927083641581,258.530696972065,280.7767157229863,0.7773109243697479,262.4988729451698
modis_pretrained__physical_modis__d2__effect_features_minus_base,v5_prediction,-1.75,modis_pretrained,physical_modis,2,effect_features_minus_base,260.1205476258235,190.15128445425532,-10.628249020302349,270.61293297521865,259.1577599465144,281.51742802685726,0.7815126050420168,262.502947043345
scratch__physical__d1__pools_minus_base,v5_prediction,-2.25,scratch,physical,1,pools_minus_base,260.2421588999713,192.33722518227987,-16.183153913969107,270.6941579054473,258.84223484053024,285.79921411636303,0.7815126050420168,262.50517763648
modis_pretrained__physical_modis__d2__full_minus_current,shadow_point_prediction,2.25,modis_pretrained,physical_modis,2,full_minus_current,260.25046399734737,191.0550813289666,13.83586836378812,270.1234013275144,259.435515789026,280.0150482938381,0.7899159663865546,262.51496127780877
modis_pretrained__physical__d2__pools_minus_current,shadow_point_prediction,1.5,modis_pretrained,physical,2,pools_minus_current,260.68548637244027,190.07615352179968,-6.222639066665141,269.2471027605515,259.4467367968422,284.8300693342741,0.7899159663865546,262.51620307556857
scratch__physical__d1__current_minus_base,v5_prediction,-1.25,scratch,physical,1,current_minus_base,260.03413602449797,191.81764737440238,-18.07043346854454,271.2030849630866,258.8840303064802,283.3137407075583,0.773109243697479,262.53884682964065
scratch__physical_modis__d2__full_minus_current,shadow_point_prediction,3.0,scratch,physical_modis,2,full_minus_current,261.0762284679544,193.5634501271726,-21.51948426233923,268.654600691454,259.3737883683719,289.1401280575331,0.773109243697479,262.54521149893367
scratch__physical_modis__d1__pools_minus_base,shadow_point_prediction,2.75,scratch,physical_modis,1,pools_minus_base,260.1149567290626,186.06942191205695,11.062709048181993,270.99832337161394,258.969601119276,283.3527184401848,0.7983193277310925,262.5494594872538
modis_pretrained__physical__d1__full_minus_base,v5_prediction,-2.25,modis_pretrained,physical,1,full_minus_base,260.29717416615233,189.18793648539267,-18.983499531151217,270.49366896751525,259.1475020977135,283.58499450998494,0.7815126050420168,262.5588798493834
modis_pretrained__physical__d1__transition_features_minus_base,v5_prediction,2.25,modis_pretrained,physical,1,transition_features_minus_base,259.97538777613755,189.2505764985481,-15.199035612641616,271.08688836659564,259.1987394687342,279.2789712196958,0.773109243697479,262.55910084690123
modis_pretrained__physical_modis__d2__transition_minus_current,v5_prediction,1.25,modis_pretrained,physical_modis,2,transition_minus_current,259.64316462858466,190.8891082283468,-3.9089865525894356,272.4740035836697,258.4762023524181,283.06534133323873,0.7689075630252101,262.5591337983143
modis_pretrained__physical_modis__d2__transition_features_minus_base,shadow_point_prediction,2.75,modis_pretrained,physical_modis,2,transition_features_minus_base,259.4813866725343,189.52520947540287,4.823087276698129,272.5659053360769,258.71515143806397,278.64152707140227,0.7815126050420168,262.56095752980235
scratch__physical__d1__pools_minus_base,shadow_point_prediction,-3.0,scratch,physical,1,pools_minus_base,260.57483080236403,192.40346511142417,-10.63671992689925,270.2704228400212,258.9046773490231,288.3599059931689,0.773109243697479,262.58119044844307
scratch__physical__d1__transition_features_minus_base,v5_prediction,3.0,scratch,physical,1,transition_features_minus_base,260.32300185986867,189.27926982727104,-3.39770020173012,270.3749908110389,259.30676536780794,282.2864679728839,0.7941176470588235,262.58193997464605
modis_pretrained__physical__d1__transition_features_minus_base,shadow_point_prediction,2.75,modis_pretrained,physical,1,transition_features_minus_base,260.40680492376816,190.6624239295012,-8.50067432270634,269.82574674163146,259.70952181137443,278.75337465455345,0.7647058823529411,262.58721960013554
scratch__physical__d1__pools_minus_base,v5_prediction,1.5,scratch,physical,1,pools_minus_base,259.8272560041552,188.39264956765956,-2.1846387087460877,271.8295643845281,258.9687597741289,280.0728926323702,0.7899159663865546,262.6132090417418
scratch__physical_modis__d1__current_minus_base,v5_prediction,-1.5,scratch,physical_modis,1,current_minus_base,260.10135428687914,192.715539689135,-14.348591552227843,271.3336753495378,258.92719680099657,283.6136558149302,0.773109243697479,262.6158951810732
modis_pretrained__physical_modis__d2__pools_minus_current,v5_prediction,1.25,modis_pretrained,physical_modis,2,pools_minus_current,260.2568342450021,191.22713327327855,-5.064897886010131,271.0687083964691,258.93675687793086,285.11643809772033,0.7899159663865546,262.62978344110104
scratch__physical__d1__current_minus_base,shadow_point_prediction,-2.75,scratch,physical,1,current_minus_base,260.64001471605985,192.33343173121435,-22.067962853681166,270.0209273697354,259.24662703597767,286.1613746970017,0.7773109243697479,262.63689595945823
scratch__physical_modis__d2__pools_minus_base,v5_prediction,2.25,scratch,physical_modis,2,pools_minus_base,260.30709678503484,188.08279738798072,13.387581268111843,270.348723797355,259.589566773355,278.9038479941346,0.7815126050420168,262.6381210351949
modis_pretrained__physical__d2__effect_features_minus_base,v5_prediction,2.75,modis_pretrained,physical,2,effect_features_minus_base,259.96646924318816,188.8182683259885,-6.257831946307223,271.7933687036658,258.84647707321795,282.9517967672922,0.7983193277310925,262.643196065815
scratch__physical_modis__d2__transition_minus_current,shadow_point_prediction,-2.0,scratch,physical_modis,2,transition_minus_current,261.4640150708993,191.39200470737893,27.516509169457308,266.93602211661977,260.72451570594626,280.37542120404515,0.7983193277310925,262.64714199109113
modis_pretrained__physical__d1__current_minus_base,shadow_point_prediction,-2.0,modis_pretrained,physical,1,current_minus_base,260.45885708827444,191.90429418014148,11.56312887324703,269.9907207772029,259.69695240752213,279.60446721915406,0.7899159663865546,262.65134684031847
modis_pretrained__physical_modis__d2__transition_minus_current,shadow_point_prediction,2.25,modis_pretrained,physical_modis,2,transition_minus_current,260.0919260282827,190.2213063968366,7.537197066121713,271.6084731899657,258.8146523110829,284.55927765687056,0.773109243697479,262.6517443894035
modis_pretrained__physical_modis__d2__full_minus_current,v5_prediction,1.25,modis_pretrained,physical_modis,2,full_minus_current,259.93268144721793,191.2506908742553,-0.4097247205525438,271.74499626406106,259.0566806418352,280.3788545266683,0.773109243697479,262.666759950083
modis_pretrained__physical__d2__full_minus_current,shadow_point_prediction,2.0,modis_pretrained,physical,2,full_minus_current,260.4354388230645,192.24762192118118,15.113425945200811,270.2627477923564,259.5601172689162,280.89467417335266,0.773109243697479,262.6734356768504
modis_pretrained__physical__d1__effect_features_minus_base,v5_prediction,2.5,modis_pretrained,physical,1,effect_features_minus_base,260.0331288748217,189.10008947427247,-9.698852439053272,271.5336408611792,259.1475575223368,280.5898415106804,0.7941176470588235,262.6868640332899
scratch__physical__d2__full_minus_current,v5_prediction,-1.75,scratch,physical,2,full_minus_current,259.8406004618652,190.04638282289767,-7.971218970810024,272.1257131610948,258.97337564014606,280.18489038875526,0.8109243697478992,262.6950724312428
modis_pretrained__physical__d2__pools_minus_base,v5_prediction,2.75,modis_pretrained,physical,2,pools_minus_base,260.4914435333411,193.12468234313485,-18.38704203774584,270.7512958165671,259.06393538214314,286.2975458368849,0.7941176470588235,262.69952956634813
modis_pretrained__physical_modis__d2__pools_minus_current,v5_prediction,-2.5,modis_pretrained,physical_modis,2,pools_minus_current,259.932406815102,193.12287979175193,-13.222338600485623,271.27816323004805,259.7019032947422,270.64619576982227,0.7647058823529411,262.71122003874854
scratch__physical_modis__d2__full_minus_current,v5_prediction,2.0,scratch,physical_modis,2,full_minus_current,260.78521694015245,193.9639896658356,-22.5050957905809,269.9086777852531,259.37115312154157,286.4918887849457,0.7773109243697479,262.7125661967749
scratch__physical_modis__d2__full_minus_base,shadow_point_prediction,2.75,scratch,physical_modis,2,full_minus_base,260.8648929373767,187.7900066619784,41.307193027992184,268.8970749932423,260.2435317135287,278.23787995119994,0.7941176470588235,262.7175981453811
scratch__physical__d1__full_minus_current,v5_prediction,2.0,scratch,physical,1,full_minus_current,260.3823019913475,191.27678376465386,-11.118846665076203,270.81020946668554,259.29784655322044,283.0374750923494,0.7773109243697479,262.7181650006503
scratch__physical_modis__d1__transition_minus_current,v5_prediction,2.0,scratch,physical_modis,1,transition_minus_current,260.1982639047803,192.07031680545236,-10.741686456510356,271.4949067051926,258.98648368176714,284.06910334589804,0.7647058823529411,262.7194795491301
scratch__physical__d2__effect_features_minus_base,v5_prediction,-1.0,scratch,physical,2,effect_features_minus_base,260.0791802993714,190.25653636525482,-10.771644075544298,271.62174720852346,259.1174028331786,281.4635786621913,0.7815126050420168,262.7243776601112
modis_pretrained__physical_modis__d1__transition_features_minus_base,v5_prediction,2.0,modis_pretrained,physical_modis,1,transition_features_minus_base,260.26569488465117,188.7039929209243,-17.065530404489937,270.9901555214613,259.4024726000581,280.58239570583055,0.773109243697479,262.7310044727054
scratch__physical_modis__d1__transition_features_minus_base,v5_prediction,-2.75,scratch,physical_modis,1,transition_features_minus_base,260.11182388210324,192.37945025343043,-15.752289896418425,271.63847998332096,259.1220996679464,281.79142667492147,0.7815126050420168,262.7460568538685
scratch__physical_modis__d2__full_minus_current,v5_prediction,-1.75,scratch,physical_modis,2,full_minus_current,260.0294591096974,189.6354579756966,5.096874833942105,271.8177347532665,259.14806644550754,280.5396363373279,0.8067226890756303,262.7561798545422
scratch__physical__d2__transition_minus_current,shadow_point_prediction,2.25,scratch,physical,2,transition_minus_current,260.8271570417584,193.44223684343734,-23.20366093174051,270.1273772296977,259.24712613811863,287.91301945426255,0.7689075630252101,262.7572043628333
modis_pretrained__physical_modis__d2__full_minus_base,v5_prediction,2.75,modis_pretrained,physical_modis,2,full_minus_base,259.8083591368686,190.9564309765239,4.175326279064833,272.09233124197453,259.32236921189775,275.20608111183736,0.7773109243697479,262.75785468190236
scratch__physical_modis__d1__full_minus_current,v5_prediction,2.0,scratch,physical_modis,1,full_minus_current,260.45003036874556,191.89647905213997,-13.155005379050074,270.9023462653405,259.3175114421452,283.5795513096698,0.773109243697479,262.7799796112442
modis_pretrained__physical__d2__transition_features_minus_base,v5_prediction,2.5,modis_pretrained,physical,2,transition_features_minus_base,259.9941728276813,189.88587625065713,-0.1736647623590594,272.1316694363183,259.0193013831445,281.5131097609624,0.7857142857142857,262.78482911870634
modis_pretrained__physical_modis__d1__transition_minus_current,v5_prediction,2.0,modis_pretrained,physical_modis,1,transition_minus_current,260.1083968447429,189.75859754800325,-1.7941499559482157,271.8733687650871,259.06550832609526,282.33438249061254,0.7689075630252101,262.788917695167
modis_pretrained__physical__d1__transition_minus_current,v5_prediction,2.0,modis_pretrained,physical,1,transition_minus_current,260.2265254512474,189.44121999415117,-3.374111107584161,271.6198566872137,259.1104788652218,283.1854511531427,0.7941176470588235,262.7958466137326
modis_pretrained__physical_modis__d2__transition_features_minus_base,v5_prediction,2.25,modis_pretrained,physical_modis,2,transition_features_minus_base,259.57300720752784,190.5477365174973,-4.297776122219778,273.2700428604255,258.77626334022386,279.0984581633829,0.773109243697479,262.79808015392626
scratch__physical__d1__pools_minus_current,v5_prediction,1.0,scratch,physical,1,pools_minus_current,260.07070583345495,190.5429881490568,-12.28021834494322,271.97121009206336,259.09120222222157,281.6416116144108,0.7857142857142857,262.80095599529875
modis_pretrained__physical_modis__d1__full_minus_current,shadow_point_prediction,-3.0,modis_pretrained,physical_modis,1,full_minus_current,260.89117070301666,191.00870330651554,-21.6300841007243,269.21719326618853,260.2065381785071,279.09464131110633,0.7815126050420168,262.80151821268225
scratch__physical_modis__d2__transition_minus_current,v5_prediction,-1.5,scratch,physical_modis,2,transition_minus_current,260.5368439667573,190.90764394036486,12.431767908298314,270.2010202126524,259.9327214223371,277.6648222041432,0.8067226890756303,262.80185739212607
modis_pretrained__physical_modis__d1__full_minus_current,shadow_point_prediction,2.5,modis_pretrained,physical_modis,1,full_minus_current,260.29300476379774,193.6081565927561,19.055572518948715,270.8053608394322,259.8180169540795,275.53572655236627,0.7941176470588235,262.8023468302768
scratch__physical__d2__full_minus_current,shadow_point_prediction,2.5,scratch,physical,2,full_minus_current,261.32307409198626,192.4064273663954,0.8294839229573453,268.7670177504061,259.83534024524255,287.6803579777708,0.7478991596638656,262.8121265449053
modis_pretrained__physical__d1__full_minus_current,v5_prediction,-2.25,modis_pretrained,physical,1,full_minus_current,260.44159431689957,190.5264562444626,-31.35966574661507,270.65760859591677,259.7235160746785,279.05016214001336,0.7689075630252101,262.8160783260986
modis_pretrained__physical__d2__transition_features_minus_base,shadow_point_prediction,3.0,modis_pretrained,physical,2,transition_features_minus_base,260.3899635326067,188.64459913672638,9.694548271450644,271.20243124136965,259.3358180258977,282.7423683345346,0.8109243697478992,262.8295440831202
scratch__physical_modis__d1__pools_minus_base,shadow_point_prediction,-3.0,scratch,physical_modis,1,pools_minus_base,261.01934111460184,193.1714789542422,-10.893126101887553,269.8029020240593,259.47854976696334,287.79777727645586,0.7773109243697479,262.8300335050566
scratch__physical__d1__effect_features_minus_base,v5_prediction,3.0,scratch,physical,1,effect_features_minus_base,259.98836877679054,189.81368969018874,0.1079713234717554,272.2860565305448,259.059158318764,281.0205879259189,0.7857142857142857,262.83048810072245
scratch__physical__d1__transition_features_minus_base,v5_prediction,-2.25,scratch,physical,1,transition_features_minus_base,260.14084567153765,193.95990266891596,-11.073803232664176,271.77296058172846,259.27124377902834,280.5240491462831,0.7773109243697479,262.831473925958
modis_pretrained__physical_modis__d1__pools_minus_current,v5_prediction,-2.75,modis_pretrained,physical_modis,1,pools_minus_current,261.0353151440249,191.53498069726027,-25.94320816168901,268.8252259337217,260.4692842674983,277.65031175474473,0.7605042016806722,262.84128512231746
scratch__physical_modis__d2__pools_minus_base,v5_prediction,-1.0,scratch,physical_modis,2,pools_minus_base,260.18369742349233,191.9706488984046,-17.19365637258958,271.93753712152164,259.06622771402084,283.1545249345913,0.7899159663865546,262.8427899206318
modis_pretrained__physical__d2__pools_minus_base,shadow_point_prediction,3.0,modis_pretrained,physical,2,pools_minus_base,260.7795190813237,191.77391317273367,-11.00481385025961,270.36567931990356,259.4658592724325,285.6082662829721,0.8067226890756303,262.84764418874585
modis_pretrained__physical__d1__pools_minus_current,shadow_point_prediction,2.0,modis_pretrained,physical,1,pools_minus_current,260.7602084690252,191.2763285529993,9.915537979589763,269.9572598285433,259.9705221059631,280.24893320650165,0.7983193277310925,262.8620497181392
scratch__physical__d2__transition_features_minus_base,shadow_point_prediction,-1.75,scratch,physical,2,transition_features_minus_base,260.6652855425652,191.53782502067398,-23.54000796673982,270.2669858776534,259.87678249519513,280.1363236284999,0.7689075630252101,262.8685848644947
modis_pretrained__physical__d1__full_minus_current,v5_prediction,1.25,modis_pretrained,physical,1,full_minus_current,260.03574281749883,192.8297925592855,5.313522406820132,272.0887104875882,259.3294027143811,278.4826904334841,0.7773109243697479,262.87239970924173
scratch__physical__d1__full_minus_base,v5_prediction,-2.25,scratch,physical,1,full_minus_base,260.1629108022824,192.54395094797286,-22.547892302190917,272.15291551623903,259.04301843183794,283.15639146090234,0.773109243697479,262.8804388881604
scratch__physical__d1__transition_minus_current,v5_prediction,1.75,scratch,physical,1,transition_minus_current,260.4587370757363,190.7720071950594,-19.626287929316884,271.4017997607534,259.21832403289403,284.6075777569623,0.773109243697479,262.88439948628
scratch__physical_modis__d2__transition_features_minus_base,v5_prediction,-1.25,scratch,physical_modis,2,transition_features_minus_base,260.47093868107675,191.37596006190847,-18.658691442479963,271.1005608216449,259.51157867765016,281.8465384858755,0.7857142857142857,262.8885042153621
scratch__physical_modis__d2__current_minus_base,v5_prediction,1.75,scratch,physical_modis,2,current_minus_base,260.6283403867199,189.63363949526658,31.025575337123115,270.27390141419414,260.0240255572486,277.76206225072934,0.8067226890756303,262.88865193622064
scratch__physical_modis__d2__transition_features_minus_base,shadow_point_prediction,-2.5,scratch,physical_modis,2,transition_features_minus_base,261.26516856529946,191.15703107157208,-21.187201066010168,268.67137660092885,260.3995919629456,281.6490816270713,0.7815126050420168,262.90032642361837
scratch__physical_modis__d1__effect_features_minus_base,v5_prediction,-2.75,scratch,physical_modis,1,effect_features_minus_base,260.55077255533655,192.3160586194418,-16.71861769989394,270.9615646652516,259.558135474254,282.2799177175451,0.7815126050420168,262.90531131254465
scratch__physical_modis__d2__current_minus_base,v5_prediction,-1.0,scratch,physical_modis,2,current_minus_base,260.56107657866494,193.0262657726943,-29.960970578240104,271.32991219959007,259.1983151996451,285.81237211508585,0.7815126050420168,262.9125951391413
scratch__physical__d2__current_minus_base,v5_prediction,2.25,scratch,physical,2,current_minus_base,261.13351079211856,189.83060510965518,46.97012292620879,269.1293478952521,260.38182713167936,280.18118465119943,0.7899159663865546,262.94454915279215
scratch__physical_modis__d1__pools_minus_current,v5_prediction,1.5,scratch,physical_modis,1,pools_minus_current,260.0306665857595,190.55324966530677,-8.620982382644483,272.7259019883705,258.99879075517316,282.14126150469446,0.773109243697479,262.9465064787656
modis_pretrained__physical_modis__d2__pools_minus_base,v5_prediction,3.0,modis_pretrained,physical_modis,2,pools_minus_base,260.71140722737215,191.67503201640298,-5.9098737662242815,270.91574799047146,259.50246421114747,284.580520890619,0.7857142857142857,262.9602566640908
modis_pretrained__physical_modis__d2__current_minus_base,v5_prediction,-1.0,modis_pretrained,physical_modis,2,current_minus_base,260.34961819101034,191.05086885274858,-6.233450941845504,271.9450904994115,259.20013922464096,283.6380507174754,0.7857142857142857,262.96111652651825
scratch__physical__d2__pools_minus_base,v5_prediction,2.75,scratch,physical,2,pools_minus_base,260.68509774218455,187.66931019686587,27.304176654969588,270.442282819831,260.064385435173,278.0431399270194,0.7815126050420168,262.9692159348433
modis_pretrained__physical__d2__effect_features_minus_base,shadow_point_prediction,-3.0,modis_pretrained,physical,2,effect_features_minus_base,260.8193446887606,190.70977087491514,-1.1028672294787287,270.46117721531084,259.7876686948496,282.9630383352586,0.7605042016806722,262.9718838219204
scratch__physical_modis__d1__pools_minus_base,v5_prediction,2.0,scratch,physical_modis,1,pools_minus_base,259.99391937681037,186.66385017424543,-0.14723256472414986,272.87829607282936,259.0258362600342,281.44132783852325,0.7899159663865546,262.9729927716211
scratch__physical_modis__d2__pools_minus_base,shadow_point_prediction,2.5,scratch,physical_modis,2,pools_minus_base,261.11393269224595,185.82916855236658,24.086121191664873,269.4316790420331,260.2329221373102,281.66448955286387,0.7773109243697479,262.9731166409588
modis_pretrained__physical_modis__d2__transition_features_minus_base,shadow_point_prediction,-2.25,modis_pretrained,physical_modis,2,transition_features_minus_base,261.6623980037057,189.44783632523644,-2.9241764313363516,267.797973495905,260.79757042378003,282.05404685105214,0.7857142857142857,262.9800849817741
scratch__physical__d2__full_minus_base,v5_prediction,2.25,scratch,physical,2,full_minus_base,260.8298399925128,189.05941800983604,47.210775443319164,270.05066870134675,260.2586335212028,277.5111437210576,0.7899159663865546,262.9922455518938
modis_pretrained__physical__d2__pools_minus_current,v5_prediction,1.0,modis_pretrained,physical,2,pools_minus_current,260.6296603339739,190.88092701609924,-12.30719899346483,271.4191371633935,259.4449844085079,284.26674726032184,0.7941176470588235,263.0308605599623
modis_pretrained__physical__d2__full_minus_current,v5_prediction,1.25,modis_pretrained,physical,2,full_minus_current,260.3301779745709,192.12418208679287,1.3105387766157308,272.0231654011335,259.4685478978376,280.6315868114558,0.7773109243697479,263.0380173120282
modis_pretrained__physical__d2__pools_minus_base,shadow_point_prediction,-1.75,modis_pretrained,physical,2,pools_minus_base,260.7871457321217,190.15646633820407,7.309454121676785,270.53125243431253,260.09387456932916,279.0968162000598,0.773109243697479,263.0498546169713
modis_pretrained__physical__d1__transition_features_minus_base,shadow_point_prediction,-2.75,modis_pretrained,physical,1,transition_features_minus_base,260.72909627417306,195.1360443595122,9.624858797264672,270.446092159359,260.30498888006275,275.1701968536308,0.7689075630252101,263.0523183969419
modis_pretrained__physical__d1__full_minus_base,v5_prediction,-2.5,modis_pretrained,physical,1,full_minus_base,260.83286458806964,189.61599984597555,-20.22788339118632,270.89069611535007,259.66044239690734,284.36343621265075,0.7815126050420168,263.05421692209916
modis_pretrained__physical_modis__d2__pools_minus_current,shadow_point_prediction,2.0,modis_pretrained,physical_modis,2,pools_minus_current,261.37725566138835,190.4511510472237,4.912727284999426,269.59949121156086,259.8725242519236,287.87861137619245,0.7983193277310925,263.05663169656526
modis_pretrained__physical_modis__d2__full_minus_base,shadow_point_prediction,-2.75,modis_pretrained,physical_modis,2,full_minus_base,261.3703780757562,189.55709593836005,-11.397278832620962,269.75751085714387,259.7485511953564,288.82026747384657,0.7815126050420168,263.0617045510032
modis_pretrained__physical_modis__d1__current_minus_base,shadow_point_prediction,-2.5,modis_pretrained,physical_modis,1,current_minus_base,260.6617331989957,193.88115567370025,19.651317797956317,270.8289099987497,260.0988828459513,277.2193471092973,0.7689075630252101,263.0628148106731
modis_pretrained__physical_modis__d2__full_minus_base,v5_prediction,-1.75,modis_pretrained,physical_modis,2,full_minus_base,260.7110248879229,189.95746637124876,-15.394553653499012,271.62318572379667,259.33084370797104,286.121737680048,0.7815126050420168,263.0940198019034
scratch__physical__d2__transition_minus_current,v5_prediction,-2.0,scratch,physical,2,transition_minus_current,260.7998198257938,192.10546316882386,13.341069137182199,270.6258803864096,260.18865960454826,278.0326343398769,0.7857142857142857,263.1035449106364
modis_pretrained__physical_modis__d1__transition_features_minus_base,v5_prediction,-2.25,modis_pretrained,physical_modis,1,transition_features_minus_base,260.18572473455794,195.33175190305047,2.6576265245261763,272.4851592601488,259.5964525749657,277.09768584981595,0.7605042016806722,263.1132653260576
modis_pretrained__physical__d2__pools_minus_current,v5_prediction,-3.0,modis_pretrained,physical,2,pools_minus_current,260.4133272040742,195.707713369346,5.785417817053319,271.4405465407141,260.18722397136673,271.03662338193647,0.7605042016806722,263.1136062300573
modis_pretrained__physical__d2__transition_features_minus_base,shadow_point_prediction,-2.0,modis_pretrained,physical,2,transition_features_minus_base,260.9593447875964,190.69492804403933,-5.526211785501822,270.2547126644081,260.2849979496346,279.0333171897781,0.7647058823529411,263.1146000473089
scratch__physical_modis__d2__full_minus_base,v5_prediction,2.75,scratch,physical_modis,2,full_minus_base,260.8616331776644,190.3845957798052,32.96105599987772,270.3106484049627,260.45463676955876,275.0208253360828,0.7773109243697479,263.12213788246254
modis_pretrained__physical_modis__d1__full_minus_current,v5_prediction,1.5,modis_pretrained,physical_modis,1,full_minus_current,260.23411734682753,193.32770719451065,3.3120433781664342,272.46985907525186,259.5593921079492,278.28685322349503,0.773109243697479,263.124371469214
scratch__physical__d2__pools_minus_base,v5_prediction,-0.75,scratch,physical,2,pools_minus_base,260.50434811322924,192.23256251704157,-17.353559730600264,272.05043981189345,259.4727374968041,282.63334806330516,0.7815126050420168,263.132968383789
modis_pretrained__physical__d1__effect_features_minus_base,v5_prediction,2.75,modis_pretrained,physical,1,effect_features_minus_base,260.474517511082,189.46435597402424,-9.890333203875068,271.99573315745636,259.5947945309507,280.984439807683,0.7899159663865546,263.1348906776428
modis_pretrained__physical__d2__current_minus_base,shadow_point_prediction,-1.25,modis_pretrained,physical,2,current_minus_base,261.1130462430588,189.96300709955,-0.2723063128666004,270.2438299027195,260.0964827839957,283.1147920556258,0.7983193277310925,263.1416012932082
modis_pretrained__physical__d2__effect_features_minus_base,v5_prediction,-1.75,modis_pretrained,physical,2,effect_features_minus_base,260.54092026373854,190.53573129940912,-8.755271146444068,271.9022108686467,259.5877389015608,281.8537880313651,0.7773109243697479,263.1429475744211
scratch__physical_modis__d2__full_minus_base,shadow_point_prediction,-2.25,scratch,physical_modis,2,full_minus_base,260.7385613444972,192.09115395803028,-32.77480840966784,271.5552524547977,259.54275210249443,284.48583136431097,0.7815126050420168,263.14378181157167
modis_pretrained__physical_modis__d1__current_minus_base,v5_prediction,2.75,modis_pretrained,physical_modis,1,current_minus_base,261.065625823648,189.60617796527998,-28.782192907580168,269.8699347394486,260.58857388896826,276.3637488549319,0.7689075630252101,263.14744006892823
scratch__physical_modis__d2__pools_minus_current,shadow_point_prediction,2.5,scratch,physical_modis,2,pools_minus_current,261.50182589042953,192.51846733746257,-31.356193276847133,269.539206054053,260.062794183421,287.45892576326526,0.7689075630252101,263.1514130045833
scratch__physical__d2__pools_minus_base,shadow_point_prediction,2.75,scratch,physical,2,pools_minus_base,261.2864701851144,185.70285973124115,35.65031368308406,269.52558303893795,260.53814265751873,280.2991072687693,0.7689075630252101,263.15916651667135
modis_pretrained__physical_modis__d2__pools_minus_base,v5_prediction,-1.5,modis_pretrained,physical_modis,2,pools_minus_base,260.2885863253399,190.7174743788418,-8.721130303140804,272.5322318076627,259.5318182776397,279.3657153416598,0.7815126050420168,263.16030568399555
modis_pretrained__physical_modis__d1__current_minus_base,v5_prediction,-1.5,modis_pretrained,physical_modis,1,current_minus_base,260.3190103749955,193.39976534613575,3.6694905455709974,272.47417377162446,259.54730590802967,279.5768630299614,0.773109243697479,263.16487510741126
scratch__physical_modis__d1__pools_minus_base,v5_prediction,-2.25,scratch,physical_modis,1,pools_minus_base,261.0516020252525,193.75475799514217,-16.37545854521034,270.9091541834937,259.7554476983323,285.7371010519922,0.7899159663865546,263.1919514830828
modis_pretrained__physical_modis__d2__effect_features_minus_base,v5_prediction,-2.0,modis_pretrained,physical_modis,2,effect_features_minus_base,260.8361783375356,190.87614431232413,-11.034563910226215,271.2469775506965,259.8670887043452,282.3305732528007,0.7773109243697479,263.1966057325282
scratch__physical__d1__pools_minus_base,shadow_point_prediction,2.5,scratch,physical,1,pools_minus_base,260.9684831448639,188.14394577169043,9.894435707427846,270.856811898469,259.9955014564963,282.50968403806354,0.7983193277310925,263.1973199111733
scratch__physical__d2__full_minus_base,shadow_point_prediction,2.25,scratch,physical,2,full_minus_base,261.48371148046687,187.6718703974581,55.55691247143363,269.17497874685773,260.6469481136772,281.54909653497833,0.7983193277310925,263.1973374553672
scratch__physical__d2__full_minus_current,v5_prediction,1.75,scratch,physical,2,full_minus_current,261.2435126486344,193.6079334901485,-7.5968706108605675,270.38629230437135,259.95229746222947,285.8940773762167,0.7689075630252101,263.20640376596737
scratch__physical__d2__full_minus_base,v5_prediction,-0.75,scratch,physical,2,full_minus_base,260.41514628731557,191.1717939561591,-26.11565153555345,272.662727889545,259.3848928064655,282.52632317760674,0.7899159663865546,263.21947831766045
scratch__physical__d2__pools_minus_current,v5_prediction,1.5,scratch,physical,2,pools_minus_current,260.89010319711224,191.9868349971835,-25.147793389334755,271.4937869742318,259.6264596148334,285.2730464065911,0.7857142857142857,263.2251132458224
modis_pretrained__physical__d2__pools_minus_base,v5_prediction,-1.0,modis_pretrained,physical,2,pools_minus_base,260.47368979484287,190.99905391248618,-3.9284094283223703,272.21905481431133,259.7402786207808,279.2730904342191,0.7815126050420168,263.2266782561945
modis_pretrained__physical__d2__transition_features_minus_base,v5_prediction,-1.25,modis_pretrained,physical,2,transition_features_minus_base,260.64967590217594,191.0755557054795,-11.589234805073415,271.77359040983316,259.85556578940486,280.1862931786953,0.773109243697479,263.2321270008975
modis_pretrained__physical__d1__pools_minus_current,v5_prediction,1.25,modis_pretrained,physical,1,pools_minus_current,260.57647242666064,191.66697854318107,-1.938141201891173,272.06220982275283,259.7362103540627,280.6455148195948,0.7815126050420168,263.2378412575342
scratch__physical_modis__d1__transition_minus_current,v5_prediction,2.25,scratch,physical_modis,1,transition_minus_current,260.73847557783,192.84491232056143,-11.111391664719738,272.0288754395222,259.48706918698934,285.00203678244657,0.7647058823529411,263.2482239455429
modis_pretrained__physical_modis__d1__full_minus_current,v5_prediction,-2.75,modis_pretrained,physical_modis,1,full_minus_current,261.0731590084345,190.2709238589383,-28.126873100671798,270.5592077006104,260.32156534836327,280.11744798140495,0.7647058823529411,263.2567727664607
scratch__physical__d2__transition_features_minus_base,v5_prediction,3.0,scratch,physical,2,transition_features_minus_base,260.85439855940405,190.98437864817657,33.533841273197254,271.19050582273854,260.140785964077,279.42260967918975,0.7899159663865546,263.2600222264059
scratch__physical__d2__pools_minus_current,shadow_point_prediction,2.25,scratch,physical,2,pools_minus_current,261.2566546053244,190.90269079320984,-25.48353066047002,270.54921120599863,259.9825229514678,285.7531910715477,0.7815126050420168,263.26126084202883
scratch__physical_modis__d1__pools_minus_current,shadow_point_prediction,3.0,scratch,physical_modis,1,pools_minus_current,260.5102157315206,190.0314382603486,-1.1117829463392033,272.63239592355956,259.4070763962815,283.3557969470158,0.7815126050420168,263.26497594572055
scratch__physical__d1__full_minus_current,v5_prediction,2.25,scratch,physical,1,full_minus_current,260.985287329068,192.05691721356928,-11.535696899356315,271.27107036190955,259.87700491704067,283.9032929696017,0.7773109243697479,263.27966248427157
scratch__physical__d2__effect_features_minus_base,shadow_point_prediction,-2.25,scratch,physical,2,effect_features_minus_base,261.1263171547345,190.3423692227709,-6.160006153316086,270.76017582178815,260.1292167131057,282.92711405082343,0.773109243697479,263.2855067110907
modis_pretrained__physical__d1__transition_minus_current,v5_prediction,2.25,modis_pretrained,physical,1,transition_minus_current,260.7239569260864,189.81105271823353,-2.8228693971777696,272.12257893908003,259.58100939808736,283.967097134045,0.7857142857142857,263.28787554733503
modis_pretrained__physical__d1__current_minus_base,v5_prediction,-1.25,modis_pretrained,physical,1,current_minus_base,260.6063781045073,192.53109834511434,-0.9083968933553827,272.186946195143,259.7667009854781,280.66993920042114,0.773109243697479,263.2916008474089
modis_pretrained__physical_modis__d1__pools_minus_current,v5_prediction,1.75,modis_pretrained,physical_modis,1,pools_minus_current,260.29193580355917,192.26237363867477,3.7717864451625216,273.08556432488956,259.50319099000745,279.75129486093545,0.7689075630252101,263.2931567305038
scratch__physical_modis__d2__transition_minus_current,shadow_point_prediction,2.5,scratch,physical_modis,2,transition_minus_current,261.28969645240676,195.87130471769223,-33.13092892794351,270.968752827372,259.62797057648464,289.04943156208,0.7689075630252101,263.2940290771675
modis_pretrained__physical_modis__d2__pools_minus_base,shadow_point_prediction,-2.75,modis_pretrained,physical_modis,2,pools_minus_base,260.6999620135543,190.5328140669287,-1.1558978686142658,271.70249297150445,260.07890066038624,278.0632167483993,0.7815126050420168,263.29532941474986
scratch__physical_modis__d2__pools_minus_current,v5_prediction,1.75,scratch,physical_modis,2,pools_minus_current,261.2434913267153,193.06564343084585,-30.126844650723708,270.8335377679748,259.86228692401767,286.690510778591,0.773109243697479,263.29570183635576
scratch__physical_modis__d1__transition_features_minus_base,v5_prediction,-3.0,scratch,physical_modis,1,transition_features_minus_base,260.67175377837293,193.01837067525324,-16.4766758151078,272.21056394912796,259.66791393883693,282.52262217467955,0.7815126050420168,263.3054963611777
modis_pretrained__physical_modis__d1__transition_minus_current,v5_prediction,2.25,modis_pretrained,physical_modis,1,transition_minus_current,260.6191242879295,190.19354753507815,-1.0454131015873307,272.42833292039717,259.5639338331607,282.9923823021015,0.7689075630252101,263.3076288323542
scratch__physical__d1__current_minus_base,v5_prediction,-1.5,scratch,physical,1,current_minus_base,260.8410754123437,192.8776366704901,-20.127711204086392,271.95042608729767,259.6353750137297,284.6860968346254,0.773109243697479,263.3169879814287
modis_pretrained__physical__d1__transition_features_minus_base,v5_prediction,-1.75,modis_pretrained,physical,1,transition_features_minus_base,260.6319209304553,194.65733254412922,-2.0168297072081556,272.05835789135506,259.9803758659142,278.3978233686789,0.773109243697479,263.32564390454496
modis_pretrained__physical_modis__d1__pools_minus_current,shadow_point_prediction,2.75,modis_pretrained,physical_modis,1,pools_minus_current,260.792418641648,192.3790921879535,18.721255608132875,271.6268433070008,260.17199396309263,278.15029138607144,0.7899159663865546,263.34591863834737
scratch__physical_modis__d2__full_minus_base,v5_prediction,-1.25,scratch,physical_modis,2,full_minus_base,260.61774798212014,191.40535904354624,-26.304545150250306,272.74456587537856,259.42487322789486,284.3316135598324,0.7815126050420168,263.3512337668784
scratch__physical_modis__d1__current_minus_base,v5_prediction,-1.75,scratch,physical_modis,1,current_minus_base,260.8690754423606,193.72552998936595,-15.4426826791266,272.0292726430955,259.638719854433,284.94503674376546,0.7647058823529411,263.35153584556247
scratch__physical_modis__d1__full_minus_current,v5_prediction,2.25,scratch,physical_modis,1,full_minus_current,261.0683578714767,192.67634078282774,-13.82637545257692,271.3809640182372,259.89939346194996,284.57717212656917,0.7773109243697479,263.3542683057851
modis_pretrained__physical_modis__d2__transition_features_minus_base,v5_prediction,-1.5,modis_pretrained,physical_modis,2,transition_features_minus_base,261.2259368892462,190.63460546400765,-10.108223903245639,270.64290493598435,260.338385189734,281.85385173048365,0.7815126050420168,263.3582909760527
scratch__physical__d2__current_minus_base,v5_prediction,-0.75,scratch,physical,2,current_minus_base,260.8496258396115,192.45851786825034,-26.03543402985,272.0664471658141,259.67027770377814,284.44676207723313,0.773109243697479,263.3589941372038
scratch__physical_modis__d2__effect_features_minus_base,v5_prediction,-1.25,scratch,physical_modis,2,effect_features_minus_base,260.7949389538877,191.73052574079352,-14.441475295385748,272.1216906410007,259.77788165376575,282.78771406176196,0.7815126050420168,263.37236255063544
scratch__physical__d2__pools_minus_current,v5_prediction,-1.5,scratch,physical,2,pools_minus_current,260.86547579268097,193.13270514038805,9.579703807664162,271.77599255135107,260.0031352801319,281.19667450894445,0.7815126050420168,263.3775198542112
scratch__physical__d1__pools_minus_base,v5_prediction,-2.5,scratch,physical,1,pools_minus_base,261.14956760845246,193.50630452592048,-17.116388260983978,271.55066708225155,259.66709421674017,287.45372487100036,0.7857142857142857,263.37922412897416
scratch__physical_modis__d2__transition_minus_current,v5_prediction,1.75,scratch,physical_modis,2,transition_minus_current,261.1131278004902,194.981197144596,-31.369159606491177,271.7822808487681,259.5234490004997,288.2922676874072,0.7689075630252101,263.38299636256204
scratch__physical__d2__pools_minus_base,shadow_point_prediction,-1.5,scratch,physical,2,pools_minus_base,261.1945869978126,192.99353206089097,-18.576937642250773,271.1125743913126,260.08550281280975,284.1301176686529,0.7773109243697479,263.3968127999369
scratch__physical_modis__d2__effect_features_minus_base,shadow_point_prediction,-2.5,scratch,physical_modis,2,effect_features_minus_base,261.33347982416467,190.961016873015,-12.75276877182174,270.66163529075624,260.2608355546999,283.9142740653379,0.7899159663865546,263.3973576234464
modis_pretrained__physical__d1__full_minus_current,shadow_point_prediction,2.25,modis_pretrained,physical,1,full_minus_current,260.94025533794195,193.7318519595523,24.137713193058936,271.340283336134,260.4348203582132,276.66815645451715,0.7899159663865546,263.41390359255774
modis_pretrained__physical_modis__d2__transition_minus_current,v5_prediction,1.5,modis_pretrained,physical_modis,2,transition_minus_current,260.45318194862875,191.86106378417446,-3.133974904940264,273.5389969777855,259.2450990242238,284.3018070898475,0.773109243697479,263.4226149748167
modis_pretrained__physical__d1__transition_features_minus_base,v5_prediction,2.5,modis_pretrained,physical,1,transition_features_minus_base,260.8313230723904,190.17538644327797,-16.022923481731205,271.9434977364284,260.1052346363989,279.55378240834176,0.7689075630252101,263.427844629402
scratch__physical__d1__full_minus_base,v5_prediction,-2.5,scratch,physical,1,full_minus_base,260.7050983931864,193.27345775819333,-24.18831980345265,272.7743116256381,259.56304483247743,283.9387311919283,0.773109243697479,263.43688831112206
scratch__physical_modis__d1__effect_features_minus_base,v5_prediction,-3.0,scratch,physical_modis,1,effect_features_minus_base,261.105285044247,192.94747952429057,-17.530851600717455,271.444181090797,260.0978639423464,283.012292817318,0.7857142857142857,263.4381537804094
scratch__physical_modis__d2__full_minus_current,shadow_point_prediction,-2.5,scratch,physical_modis,2,full_minus_current,261.64253033540933,190.5744621562109,18.963405986961167,269.9769419656245,260.4966979704727,284.9565431620495,0.8025210084033614,263.439675151729
scratch__physical_modis__d2__pools_minus_current,v5_prediction,-1.5,scratch,physical_modis,2,pools_minus_current,260.78426748260114,191.99228920327477,11.366926517640488,272.1743959589605,260.0186307049193,279.9872524093751,0.7983193277310925,263.4403904072705
modis_pretrained__physical__d2__effect_features_minus_base,v5_prediction,3.0,modis_pretrained,physical,2,effect_features_minus_base,260.7482057598615,189.2696714653401,-6.119085324077399,272.6796538283604,259.5977578618995,284.0646931023761,0.8067226890756303,263.4434558024957
scratch__physical__d2__transition_minus_current,v5_prediction,1.5,scratch,physical,2,transition_minus_current,261.1732188775165,193.2817775327351,-23.627880236848423,271.73751550315166,259.7611304940763,286.88317583145096,0.7689075630252101,263.46127093806524
modis_pretrained__physical__d2__transition_minus_current,v5_prediction,1.0,modis_pretrained,physical,2,transition_minus_current,260.85231056650633,190.9136500426218,-5.407411619561413,272.41797264865636,259.75583654075353,283.6479547159671,0.7857142857142857,263.4696075806056
modis_pretrained__physical__d2__full_minus_base,v5_prediction,-1.0,modis_pretrained,physical,2,full_minus_base,261.0027630936357,189.80739915253847,-15.72723048491273,271.91932462033463,259.9798282831658,283.06513158132816,0.7857142857142857,263.4761697726929
scratch__physical__d1__transition_features_minus_base,v5_prediction,-2.5,scratch,physical,1,transition_features_minus_base,260.78349643719133,194.99575539614693,-11.439331948422938,272.43700813358646,259.9210702913015,281.1123239736794,0.7773109243697479,263.4812678248177
scratch__physical__d2__full_minus_current,shadow_point_prediction,-2.5,scratch,physical,2,full_minus_current,261.4171356857237,192.18778556157676,0.2947005516009846,270.7785881396289,260.36078154343875,283.83805276941047,0.8067226890756303,263.4934102636288
scratch__physical__d1__pools_minus_base,v5_prediction,1.75,scratch,physical,1,pools_minus_base,260.6809312454148,188.8014131931038,-1.2514043617312218,272.83306447118537,259.81959618637205,280.9932910110183,0.8025210084033614,263.50363078709677
scratch__physical__d1__transition_minus_current,v5_prediction,2.0,scratch,physical,1,transition_minus_current,261.10762694065266,191.42901633443893,-21.31803694909997,272.00810837243534,259.8201304236084,285.7178653291584,0.773109243697479,263.5108731693373
modis_pretrained__physical__d1__full_minus_current,shadow_point_prediction,-2.75,modis_pretrained,physical,1,full_minus_current,261.37226164461384,192.30859305681795,-28.25255559756278,270.51020685837943,260.850299555162,277.3603080107244,0.7773109243697479,263.5262574256923
modis_pretrained__physical_modis__d2__full_minus_current,v5_prediction,1.5,modis_pretrained,physical_modis,2,full_minus_current,260.768591009264,192.1764061822899,1.0651392935040065,272.6630474900936,259.9137912888858,281.01069046374755,0.7773109243697479,263.52850519937687
scratch__physical__d2__current_minus_base,shadow_point_prediction,-1.5,scratch,physical,2,current_minus_base,261.4815873508217,192.88879617263598,-35.940686240750225,270.98486092592486,260.1722992994963,286.3064761703816,0.7857142857142857,263.5300837317661
modis_pretrained__physical_modis__d1__transition_features_minus_base,v5_prediction,2.25,modis_pretrained,physical_modis,1,transition_features_minus_base,261.0713823074076,189.275914512844,-18.225716106196767,271.7676643346843,260.2425254186566,281.02941127537935,0.773109243697479,263.538238592039
scratch__physical__d2__transition_features_minus_base,shadow_point_prediction,3.0,scratch,physical,2,transition_features_minus_base,261.48880439826536,189.93509401613395,41.879978301311716,270.69784641129456,260.50537306618503,283.1625006264484,0.7941176470588235,263.5452070685026
modis_pretrained__physical_modis__d1__transition_features_minus_base,shadow_point_prediction,2.75,modis_pretrained,physical_modis,1,transition_features_minus_base,261.4789581855836,191.04694722256951,-12.199950481495966,270.51167303417986,260.72433927446747,280.5753967704941,0.7899159663865546,263.5484821699536
scratch__physical__d2__transition_features_minus_base,v5_prediction,-1.0,scratch,physical,2,transition_features_minus_base,260.91252573449515,192.17721324978868,-21.556673478846147,272.44160324247093,259.98834535434526,281.9293199239335,0.7815126050420168,263.56375001645165
modis_pretrained__physical_modis__d2__full_minus_base,v5_prediction,3.0,modis_pretrained,physical_modis,2,full_minus_base,260.58288105517687,191.7604799474917,5.262541830873935,272.9963151706354,260.1240087700445,275.58162697008777,0.7815126050420168,263.5715215127584
modis_pretrained__physical__d1__full_minus_base,v5_prediction,-2.75,modis_pretrained,physical,1,full_minus_base,261.4017258842164,190.05309061860115,-21.472267251221425,271.31607754136616,260.20686392013454,285.1718446750958,0.7815126050420168,263.5815983074834
scratch__physical__d1__current_minus_base,shadow_point_prediction,-3.0,scratch,physical,1,current_minus_base,261.6328431870594,193.56629426486526,-24.12524058922301,270.9149458991052,260.1763825753135,287.74438185289057,0.7773109243697479,263.58925371213434
modis_pretrained__physical__d2__transition_minus_current,shadow_point_prediction,1.75,modis_pretrained,physical,2,transition_minus_current,261.6006566595543,190.7264265166225,4.721200287008457,270.91321674097594,260.27626295405815,286.5663848134174,0.8067226890756303,263.59769825353567
scratch__physical_modis__d2__full_minus_current,v5_prediction,2.25,scratch,physical_modis,2,full_minus_current,261.7926111051152,195.14392395901058,-24.3452271655491,270.55474026179775,260.2801144379016,288.38052826807365,0.7773109243697479,263.60501922748244
modis_pretrained__physical_modis__d2__pools_minus_current,v5_prediction,1.5,modis_pretrained,physical_modis,2,pools_minus_current,261.277958440811,192.27602215698113,-4.521068505045099,271.98418458093875,259.8875225282886,286.80679445578323,0.7899159663865546,263.6069059977124
modis_pretrained__physical__d1__effect_features_minus_base,v5_prediction,3.0,modis_pretrained,physical,1,effect_features_minus_base,260.9405420692788,189.83587157299922,-10.081813968696865,272.4810622669261,260.06680902852725,281.4027256277408,0.7941176470588235,263.60723885850274
scratch__physical__d1__pools_minus_current,shadow_point_prediction,2.25,scratch,physical,1,pools_minus_current,261.14507212552775,189.67913505758642,-9.55429825946366,272.032116517741,260.13017036847873,283.13110859963206,0.7983193277310925,263.6131077843188
scratch__physical__d2__full_minus_base,shadow_point_prediction,-1.5,scratch,physical,2,full_minus_base,260.97520488063776,191.71325029747484,-36.10112125215713,272.48631611444677,260.01697387372343,282.36044853730914,0.7689075630252101,263.6134249373614
modis_pretrained__physical_modis__d2__full_minus_current,shadow_point_prediction,2.5,modis_pretrained,physical_modis,2,full_minus_current,261.34504209535226,192.27459682091907,15.31073237784467,271.214559454474,260.56197770296944,280.7779813470804,0.7899159663865546,263.616655337037
modis_pretrained__physical__d2__full_minus_base,shadow_point_prediction,-1.75,modis_pretrained,physical,2,full_minus_base,261.80800680690146,188.9992511938358,-13.338482727356347,270.11197708736336,260.743972285503,284.3239075055026,0.7941176470588235,263.6179907466673
scratch__physical_modis__d2__full_minus_current,v5_prediction,-2.0,scratch,physical_modis,2,full_minus_current,260.93922694178195,190.57048776307752,6.937006208910306,272.71220288995295,260.0412699149441,281.67037294761707,0.8067226890756303,263.6579816721153
modis_pretrained__physical_modis__d1__pools_minus_current,v5_prediction,-3.0,modis_pretrained,physical_modis,1,pools_minus_current,261.95137212243264,192.4315396409497,-27.594041195402987,269.3842135358179,261.44178181858155,277.7732262234831,0.7647058823529411,263.6821848998162
scratch__physical__d2__full_minus_current,v5_prediction,-2.0,scratch,physical,2,full_minus_current,260.8188225344606,191.0051154460924,-7.997958139377841,273.1709694456186,259.9402605675804,281.3299572536221,0.8067226890756303,263.6872187705301
modis_pretrained__physical_modis__d2__pools_minus_current,v5_prediction,-2.75,modis_pretrained,physical_modis,2,pools_minus_current,260.91168254281155,194.38489796724411,-13.766167981450655,272.220756236053,260.73054098723156,270.4511934255429,0.773109243697479,263.6936655772269
scratch__physical_modis__d1__pools_minus_base,shadow_point_prediction,3.0,scratch,physical_modis,1,pools_minus_base,261.23155577645235,186.9115836119038,12.017310576445887,272.28931594903,260.0390531877757,284.97129236902236,0.7983193277310925,263.69787017242766
scratch__physical__d2__effect_features_minus_base,v5_prediction,-1.25,scratch,physical,2,effect_features_minus_base,261.0416519855173,191.19616906543038,-11.518543896721548,272.6812515990016,260.07277026072336,282.5427110759758,0.7773109243697479,263.7093314576899
scratch__physical_modis__d2__pools_minus_base,shadow_point_prediction,-2.0,scratch,physical_modis,2,pools_minus_base,261.4403186902218,193.41218384508588,-18.2571309262294,271.8083593703372,260.17037701405724,285.90780425937515,0.773109243697479,263.7148434412095
modis_pretrained__physical__d2__current_minus_base,v5_prediction,-0.75,modis_pretrained,physical,2,current_minus_base,261.12069741840236,190.9974216924304,-8.284683920922754,272.4948382570492,260.150060528097,282.64371802305044,0.7815126050420168,263.72157340548773
modis_pretrained__physical_modis__d2__current_minus_base,shadow_point_prediction,-2.0,modis_pretrained,physical_modis,2,current_minus_base,261.7403147172321,191.98531771146227,3.6632799352587484,271.1454871272359,260.38608454862094,286.97704770744787,0.7773109243697479,263.75305027758026
scratch__physical_modis__d1__pools_minus_current,v5_prediction,1.75,scratch,physical_modis,1,pools_minus_current,260.7894877717638,191.340650452973,-8.760471981279347,273.72374784265475,259.73578702464647,283.1553914394608,0.7689075630252101,263.7596276027072
scratch__physical__d2__current_minus_base,shadow_point_prediction,2.25,scratch,physical,2,current_minus_base,262.72478762248596,189.85310403516837,55.31625995432325,268.0301760092823,261.57873387213283,286.0915879926188,0.773109243697479,263.76462128159676
scratch__physical_modis__d2__pools_minus_current,shadow_point_prediction,-2.0,scratch,physical_modis,2,pools_minus_current,261.95533653485586,192.6089412599684,26.09672064858021,270.248606910275,261.0017618911124,283.3328753614402,0.7899159663865546,263.7902604677748
modis_pretrained__physical__d1__transition_minus_current,v5_prediction,2.5,modis_pretrained,physical,1,transition_minus_current,261.2418968700011,190.2262551526806,-2.271627686771378,272.64211825209475,260.0710663105098,284.77671644060507,0.7857142857142857,263.7992445756517
modis_pretrained__physical__d1__transition_features_minus_base,shadow_point_prediction,3.0,modis_pretrained,physical,1,transition_features_minus_base,261.6029077239349,191.8483679425865,-9.32456219179593,271.0436448846377,260.9657445820542,279.21297682016734,0.7689075630252101,263.8038012286404
scratch__physical_modis__d1__transition_minus_current,v5_prediction,2.5,scratch,physical_modis,1,transition_minus_current,261.30927649830403,193.65261290325438,-11.481096872929122,272.58988189784367,260.0171195337762,285.97160919211916,0.7647058823529411,263.806388607057
modis_pretrained__physical_modis__d2__transition_minus_current,shadow_point_prediction,2.5,modis_pretrained,physical_modis,2,transition_minus_current,261.2210292228268,191.46253148644823,8.312208713770886,272.8647427605648,259.9223489286641,285.93770277286023,0.773109243697479,263.8072875337206
modis_pretrained__physical_modis__d2__transition_features_minus_base,v5_prediction,2.5,modis_pretrained,physical_modis,2,transition_features_minus_base,260.51453680618266,191.40250101202338,-3.9104129368180556,274.461122767245,259.74614148891953,279.7402873561,0.773109243697479,263.8090844671325
scratch__physical_modis__d1__pools_minus_base,v5_prediction,2.25,scratch,physical_modis,1,pools_minus_base,260.7995213715717,186.9713677059271,0.8073689635397436,273.9169702245561,259.805185723156,282.55723659768773,0.7941176470588235,263.83029967271386
scratch__physical__d2__transition_minus_current,shadow_point_prediction,-2.5,scratch,physical,2,transition_minus_current,262.59869731318514,193.06903238800697,26.968484647301032,268.33048211993514,261.83309594496603,281.8707030490099,0.7815126050420168,263.84024317281785
scratch__physical__d1__pools_minus_current,v5_prediction,1.25,scratch,physical,1,pools_minus_current,261.0732654164997,191.52921412610823,-13.4042617334702,273.1739340305264,260.07663867102394,282.8668105180229,0.7857142857142857,263.84927588363746
modis_pretrained__physical_modis__d1__transition_minus_current,v5_prediction,2.5,modis_pretrained,physical_modis,1,transition_minus_current,261.1564835607462,190.63488199600056,-0.29667624722644576,273.0045676055538,260.08928518935767,283.6747178863278,0.7647058823529411,263.851704979101
scratch__physical_modis__d2__current_minus_base,shadow_point_prediction,2.0,scratch,physical_modis,2,current_minus_base,262.47268201774443,189.45826373108702,44.915943812088784,268.8952853575066,261.58274921263813,283.1784460049632,0.7983193277310925,263.8558496514084
scratch__physical_modis__d2__pools_minus_base,v5_prediction,2.5,scratch,physical_modis,2,pools_minus_base,261.5588087427883,188.99528342415712,15.739984163550414,271.47962207360365,260.85029580448753,280.08915257036284,0.7815126050420168,263.86188384091696
scratch__physical_modis__d2__transition_features_minus_base,v5_prediction,-1.5,scratch,physical_modis,2,transition_features_minus_base,261.48097754719083,192.29290611240816,-20.8336207728089,271.9667271156632,260.52326661153637,282.8823625925648,0.7815126050420168,263.8629872053953
modis_pretrained__physical__d2__transition_features_minus_base,v5_prediction,2.75,modis_pretrained,physical,2,transition_features_minus_base,261.04137454328276,190.66207884217093,0.587373240488564,273.3211607718055,260.0816451083534,282.4453903487852,0.7857142857142857,263.87138874168113
scratch__physical__d1__full_minus_current,v5_prediction,2.5,scratch,physical,1,full_minus_current,261.6274637600686,192.9042134261177,-11.952547133636429,271.76177802133833,260.4941879259049,284.81923366788357,0.7815126050420168,263.87772336684515
scratch__physical_modis__d2__current_minus_base,shadow_point_prediction,-2.0,scratch,physical_modis,2,current_minus_base,262.1765733358503,195.08798543090558,-43.791759337530436,270.71258280457835,260.4990547087104,290.10983149684665,0.7941176470588235,263.89119604624733
modis_pretrained__physical__d1__full_minus_current,v5_prediction,-2.5,modis_pretrained,physical,1,full_minus_current,261.52148816576675,191.8594193944179,-33.979179186146155,271.67149419818753,260.8691108280161,279.3297659690862,0.7605042016806722,263.8958953394343
modis_pretrained__physical_modis__d2__transition_features_minus_base,shadow_point_prediction,3.0,modis_pretrained,physical_modis,2,transition_features_minus_base,260.75234417290494,190.81854339100855,5.210450462099854,274.1390629971811,260.0194539724347,279.5557931264825,0.7815126050420168,263.91580132885645
scratch__physical_modis__d2__transition_minus_current,v5_prediction,-1.75,scratch,physical_modis,2,transition_minus_current,261.74979260860295,192.44379444289333,15.80107002482058,270.9817300538135,261.18317745907177,278.39659498813006,0.7941176470588235,263.9161231825228
modis_pretrained__physical__d1__current_minus_base,shadow_point_prediction,-2.25,modis_pretrained,physical,1,current_minus_base,261.70072615972316,193.35559662838213,12.938258452743012,271.2791997030168,260.99553251660404,280.1945449625798,0.7857142857142857,263.9190461347668
modis_pretrained__physical__d2__pools_minus_base,v5_prediction,3.0,modis_pretrained,physical,2,pools_minus_base,261.7464655538854,194.45323389281685,-19.35095087837407,271.961206217598,260.28679610686015,287.89107118115123,0.7941176470588235,263.9352333580572
modis_pretrained__physical_modis__d2__full_minus_base,v5_prediction,-2.0,modis_pretrained,physical_modis,2,full_minus_base,261.5826810649909,190.63254856510986,-16.481769205308115,272.4767219193476,260.1289254766496,287.6687359972838,0.7815126050420168,263.94275238149476
modis_pretrained__physical__d2__full_minus_current,shadow_point_prediction,2.25,modis_pretrained,physical,2,full_minus_current,261.7061545176031,193.99497907169408,16.932342658691017,271.538152481957,260.8540611093313,281.95548559112393,0.773109243697479,263.95113065662366
modis_pretrained__physical_modis__d2__effect_features_minus_base,v5_prediction,-2.25,modis_pretrained,physical_modis,2,effect_features_minus_base,261.61779488593896,191.60846345496225,-11.44087880015008,271.9525983445986,260.6418353216778,283.21846662771276,0.7815126050420168,263.95750585953857
modis_pretrained__physical__d1__full_minus_current,v5_prediction,1.5,modis_pretrained,physical,1,full_minus_current,261.05952505281795,194.3022545548994,7.933035846351218,273.3003600412232,260.4200134085205,278.6817832326334,0.773109243697479,263.9598558888449
modis_pretrained__physical_modis__d1__transition_features_minus_base,v5_prediction,-2.5,modis_pretrained,physical_modis,1,transition_features_minus_base,260.98227821664887,196.58539533162858,3.8178122262330065,273.433262354065,260.4480577811077,277.1381369061781,0.7605042016806722,263.9614691421176
scratch__physical_modis__d1__full_minus_current,v5_prediction,2.5,scratch,physical_modis,1,full_minus_current,261.72735358523335,193.48057369182067,-14.49774552610377,271.8907766979432,260.5191444641299,285.6385191061782,0.7773109243697479,263.96615708313493
modis_pretrained__physical__d2__effect_features_minus_base,v5_prediction,-2.0,modis_pretrained,physical,2,effect_features_minus_base,261.3844978132888,191.51783373597945,-8.894017768673892,272.800193985615,260.42043985270556,282.8492205602819,0.7689075630252101,263.99740736622454
scratch__physical__d1__full_minus_base,v5_prediction,-2.75,scratch,physical,1,full_minus_base,261.2846585538734,194.06483303036106,-25.828747304714387,273.43164936009515,260.12016027579574,284.76108180297376,0.773109243697479,264.0302816859094
modis_pretrained__physical_modis__d1__full_minus_current,shadow_point_prediction,2.75,modis_pretrained,physical_modis,1,full_minus_current,261.48664077073835,195.03782935488158,20.904920547115672,272.1190404710679,261.0766431251425,275.7139145946527,0.7941176470588235,264.0422412844218
modis_pretrained__physical__d2__full_minus_current,v5_prediction,1.5,modis_pretrained,physical,2,full_minus_current,261.3187875366406,193.410087457778,3.1294554901059386,273.07079751327336,260.47873885491674,281.41519806300715,0.7689075630252101,264.0467778603678
modis_pretrained__physical__d2__pools_minus_current,shadow_point_prediction,1.75,modis_pretrained,physical,2,pools_minus_current,262.2809024189925,191.55910668669105,-7.3534276173225255,270.6615257884955,261.00895949759934,286.8080842056517,0.7857142857142857,264.05807253102
modis_pretrained__physical__d1__pools_minus_current,shadow_point_prediction,2.25,modis_pretrained,physical,1,pools_minus_current,261.9512529721271,192.6336688127116,11.084718697378587,271.1395532076187,261.20524312532456,280.96074609304054,0.7983193277310925,264.0618255692994
scratch__physical_modis__d1__pools_minus_base,v5_prediction,-2.5,scratch,physical_modis,1,pools_minus_base,261.97772146451564,194.89555591744124,-17.330060073474232,271.72363917951475,260.61107023001614,287.33552751739455,0.7899159663865546,264.07253808464054
modis_pretrained__physical_modis__d1__full_minus_current,v5_prediction,1.75,modis_pretrained,physical_modis,1,full_minus_current,261.1409140772052,194.71608524578627,5.161391406333389,273.54803174391515,260.52550462254703,278.4430503876762,0.773109243697479,264.08884113021816
modis_pretrained__physical_modis__d2__pools_minus_base,v5_prediction,-1.75,modis_pretrained,physical_modis,2,pools_minus_base,261.1635235335953,191.7830671474058,-8.877311221858388,273.60833634698173,260.4369610335988,279.90425031758804,0.7815126050420168,264.09308611194274
scratch__physical_modis__d2__pools_minus_base,v5_prediction,-1.25,scratch,physical_modis,2,pools_minus_base,261.41710145443426,193.52996291696184,-19.546059268028156,273.3044628205037,260.2454806263166,284.96775290083565,0.7899159663865546,264.0960365889222
modis_pretrained__physical_modis__d2__current_minus_base,v5_prediction,-1.25,modis_pretrained,physical_modis,2,current_minus_base,261.4761238446375,192.13278108039188,-5.845802479598056,273.17816696874195,260.2705586460136,285.35042393489056,0.7857142857142857,264.10024332600767
scratch__physical_modis__d2__full_minus_base,shadow_point_prediction,3.0,scratch,physical_modis,2,full_minus_base,262.2674706978137,188.78111653649006,45.01129309987519,270.20703066508554,261.67747774681743,279.2593953411088,0.7857142857142857,264.1048624518826
modis_pretrained__physical_modis__d1__current_minus_base,v5_prediction,3.0,modis_pretrained,physical_modis,1,current_minus_base,262.07649609018733,190.54675485532397,-30.691115463647883,270.62691763413466,261.667360382231,276.3057453172447,0.7605042016806722,264.11181754918505
scratch__physical__d2__pools_minus_current,shadow_point_prediction,-2.0,scratch,physical,2,pools_minus_current,262.4596866393282,194.00108975029121,23.71375703527844,270.2852004595002,261.28421868010105,286.09639672926676,0.7689075630252101,264.1221981045644
modis_pretrained__physical_modis__d1__current_minus_base,v5_prediction,-1.75,modis_pretrained,physical_modis,1,current_minus_base,261.24513212374785,194.84082913657517,5.578413101638713,273.5278527109684,260.5261177216387,279.8951921250612,0.773109243697479,264.1360586700257
scratch__physical_modis__d2__transition_features_minus_base,shadow_point_prediction,-2.75,scratch,physical_modis,2,transition_features_minus_base,262.55675541491206,192.5568168025912,-23.362130396339097,269.7249440383133,261.712048229232,282.75613589456293,0.7815126050420168,264.1376257743424
modis_pretrained__physical__d1__full_minus_base,v5_prediction,-3.0,modis_pretrained,physical,1,full_minus_base,262.0035419931769,190.53882370091918,-22.716651111256528,271.76968010289306,260.78657260913116,286.00996579388686,0.7815126050420168,264.1408341745945
scratch__physical_modis__d1__current_minus_base,v5_prediction,-2.0,scratch,physical_modis,1,current_minus_base,261.706912673511,194.8038180994838,-16.53677380602536,272.77413280973843,260.4152958324372,286.3841586801813,0.7647058823529411,264.1508134972994
scratch__physical__d1__current_minus_base,v5_prediction,-1.75,scratch,physical,1,current_minus_base,261.7133090327874,193.99577007078707,-22.18498893962824,272.74672792441925,260.4475351329831,286.15624120786805,0.7689075630252101,264.1552202807443
scratch__physical__d1__transition_minus_current,v5_prediction,2.25,scratch,physical,1,transition_minus_current,261.7943791958727,192.16902823084484,-23.00978596888305,272.6514657520596,260.4590293149955,286.86719144041956,0.773109243697479,264.1748133647001
scratch__physical_modis__d2__transition_minus_current,shadow_point_prediction,-2.25,scratch,physical_modis,2,transition_minus_current,263.1722559071857,193.20499923968785,30.885811285979585,267.94999186274845,262.44583687857784,281.9860258331429,0.7899159663865546,264.1850851389244
modis_pretrained__physical_modis__d1__pools_minus_current,v5_prediction,2.0,modis_pretrained,physical_modis,1,pools_minus_current,261.1281620481204,193.24714942350926,5.422619478876498,274.10418213276915,260.3822254929161,280.10565475827383,0.7689075630252101,264.1856829304815
scratch__physical__d1__transition_features_minus_base,v5_prediction,-2.75,scratch,physical,1,transition_features_minus_base,261.4835534267304,196.03839516857812,-11.804860664181703,273.15357688145116,260.62825121640265,281.7602975098756,0.7773109243697479,264.18723373782865
modis_pretrained__physical_modis__d2__full_minus_base,shadow_point_prediction,-3.0,modis_pretrained,physical_modis,2,full_minus_base,262.53734935807324,190.57354049956564,-12.484494384430064,270.8784268536488,260.84504530727236,290.6061297399679,0.7773109243697479,264.1995427192669
scratch__physical__d2__full_minus_current,shadow_point_prediction,2.75,scratch,physical,2,full_minus_current,262.8182696182227,194.12677839874985,0.856223091525165,269.972298876545,261.24139501692343,289.98815787343653,0.7436974789915967,264.2125582824784
modis_pretrained__physical__d1__pools_minus_current,v5_prediction,1.5,modis_pretrained,physical,1,pools_minus_current,261.5340859386125,192.6739815251241,-0.7689604841023484,273.08005857725885,260.7275372895949,281.25141135489866,0.7815126050420168,264.2189419360197
modis_pretrained__physical_modis__d1__full_minus_current,v5_prediction,-3.0,modis_pretrained,physical_modis,1,full_minus_current,262.07524526029994,191.37318525795897,-29.976221128838763,271.42019637252315,261.3776247690015,280.4870844254497,0.7605042016806722,264.23707791553113
scratch__physical__d2__transition_minus_current,v5_prediction,-2.25,scratch,physical,2,transition_minus_current,262.01623139536883,193.50043100023305,15.981708378184386,271.4941353451606,261.42512790670764,279.01512545056795,0.7815126050420168,264.2379315106515
scratch__physical_modis__d2__full_minus_base,v5_prediction,3.0,scratch,physical_modis,2,full_minus_base,262.0077256511262,191.1335453916935,36.66515607176073,271.32097914123676,261.6395008261712,275.52546166105003,0.7689075630252101,264.2439828174151
scratch__physical__d2__transition_minus_current,shadow_point_prediction,2.5,scratch,physical,2,transition_minus_current,262.38999688814346,195.1271573734435,-25.8443001727427,271.4861720393383,260.715480439698,290.31191140793095,0.7605042016806722,264.2454115638308
modis_pretrained__physical__d2__pools_minus_current,v5_prediction,1.25,modis_pretrained,physical,2,pools_minus_current,261.897972032026,192.0376259596058,-13.437987544122214,272.5457452100743,260.65605206880855,286.13094705172165,0.7941176470588235,264.2494353357337
scratch__physical__d2__full_minus_current,v5_prediction,2.0,scratch,physical,2,full_minus_current,262.4155617496671,195.05449888273918,-7.570131442292748,271.1898112962785,261.04619295264916,287.81954151650274,0.7647058823529411,264.26678193706545
modis_pretrained__physical__d1__transition_features_minus_base,v5_prediction,-2.0,modis_pretrained,physical,1,transition_features_minus_base,261.56739007196205,196.12927922141742,-1.1929418381185644,273.0327290768683,260.9754141048119,278.56327303874383,0.773109243697479,264.2857308314011
modis_pretrained__physical__d1__transition_features_minus_base,shadow_point_prediction,-3.0,modis_pretrained,physical,1,transition_features_minus_base,261.95287323310873,196.66294170218072,10.448746666354262,271.7172818258176,261.5936082634853,275.30826869571314,0.7689075630252101,264.3041591388801
scratch__physical_modis__d2__current_minus_base,v5_prediction,2.0,scratch,physical_modis,2,current_minus_base,262.15638736002336,190.9369909838215,36.56980678397432,271.34353759748865,261.5655651477027,279.15608994435155,0.8025210084033614,264.3054693663095
modis_pretrained__physical_modis__d1__current_minus_base,shadow_point_prediction,-2.75,modis_pretrained,physical_modis,1,current_minus_base,261.8990216985589,195.4146968379863,21.56024035402403,272.10502446162405,261.4050702815177,277.4825948974847,0.7647058823529411,264.3270345350649
scratch__physical_modis__d2__current_minus_base,v5_prediction,-1.25,scratch,physical_modis,2,current_minus_base,262.07735540320317,194.88523533104296,-35.50520202509131,272.5862136257007,260.57458692811633,288.60001934901544,0.7815126050420168,264.32887784005584
modis_pretrained__physical__d1__transition_minus_current,v5_prediction,2.75,modis_pretrained,physical,1,transition_minus_current,261.78022355317506,190.7187269958872,-1.7203859763649865,273.1783786766125,260.5805186308237,285.6140711881663,0.7857142857142857,264.3298361034466
modis_pretrained__physical__d1__current_minus_base,v5_prediction,-1.5,modis_pretrained,physical,1,current_minus_base,261.62783686470954,193.81332700763056,0.4667326861406003,273.2967821451279,260.8295252352209,281.2521545487136,0.773109243697479,264.34549527744196
scratch__physical_modis__d2__effect_features_minus_base,v5_prediction,-1.5,scratch,physical_modis,2,effect_features_minus_base,261.7672508134186,192.73021839022584,-15.77296139629584,273.12805259509787,260.7305908575556,284.00402183550005,0.7815126050420168,264.3482862698727
scratch__physical__d1__pools_minus_base,v5_prediction,-2.75,scratch,physical,1,pools_minus_base,262.16321886725206,194.71421309618606,-18.049622607998845,272.520440293913,260.59130324470476,289.2570667975048,0.7857142857142857,264.3595453182805
modis_pretrained__physical_modis__d2__transition_minus_current,v5_prediction,1.75,modis_pretrained,physical_modis,2,transition_minus_current,261.3551055298339,192.8416988784212,-2.3589632572910917,274.6732009143017,260.10810433136044,285.6084033032691,0.773109243697479,264.3728790763325
modis_pretrained__physical_modis__d2__transition_features_minus_base,shadow_point_prediction,-2.5,modis_pretrained,physical_modis,2,transition_features_minus_base,263.1388750093158,191.01529264184686,-3.311539616738076,268.9203709343984,262.29995760087195,283.2951900060897,0.7815126050420168,264.3745196384755
modis_pretrained__physical__d2__transition_features_minus_base,v5_prediction,-1.5,modis_pretrained,physical,2,transition_features_minus_base,261.78118219767714,192.19840648061202,-12.350272807921039,272.9170711362248,261.0218545503343,280.94618138758375,0.773109243697479,264.37532252047833
scratch__physical_modis__d1__transition_minus_current,v5_prediction,2.75,scratch,physical_modis,1,transition_minus_current,261.9104666700264,194.51409350914795,-11.850802081138504,273.1777595036408,260.5764361156141,286.9774492135292,0.7647058823529411,264.3937822398269
modis_pretrained__physical__d1__transition_features_minus_base,v5_prediction,2.75,modis_pretrained,physical,1,transition_features_minus_base,261.7894449409208,191.1057545414589,-16.846811350820797,272.90481112423504,261.1181243051665,279.85414954605073,0.7647058823529411,264.4004563278108
modis_pretrained__physical_modis__d1__transition_minus_current,v5_prediction,2.75,modis_pretrained,physical_modis,1,transition_minus_current,261.72031062331314,191.09115338395026,0.45206060713443924,273.60193842661806,260.6414059658505,284.3812140718199,0.7647058823529411,264.4209914097737
modis_pretrained__physical_modis__d1__transition_features_minus_base,v5_prediction,2.5,modis_pretrained,physical_modis,1,transition_features_minus_base,261.9631651229074,190.13517605534452,-19.385901807903593,272.63870155355835,261.173139341079,281.5027032305724,0.773109243697479,264.434542785113
modis_pretrained__physical_modis__d2__transition_features_minus_base,v5_prediction,-1.75,modis_pretrained,physical_modis,2,transition_features_minus_base,262.38034820586773,191.62516857860348,-10.495587088647364,271.49484157200135,261.51083837326837,282.8539529056581,0.7857142857142857,264.4415940892513
scratch__physical__d2__transition_features_minus_base,shadow_point_prediction,-2.0,scratch,physical,2,transition_features_minus_base,262.2312006851954,193.46370735213745,-26.983165138742535,271.8702905227377,261.4760879152442,281.3622152742523,0.7647058823529411,264.4521949520932
modis_pretrained__physical_modis__d2__pools_minus_current,shadow_point_prediction,2.25,modis_pretrained,physical_modis,2,pools_minus_current,262.830204297022,191.818332052025,5.456556665964459,270.8778158169921,261.2755078899142,289.820652270031,0.7941176470588235,264.45343307523757
scratch__physical__d2__effect_features_minus_base,shadow_point_prediction,-2.5,scratch,physical,2,effect_features_minus_base,262.2888517898311,191.66495763487632,-6.906905974493336,271.9855770135459,261.28858064960394,284.17349697768816,0.7689075630252101,264.462965310703
modis_pretrained__physical_modis__d2__full_minus_current,v5_prediction,1.75,modis_pretrained,physical_modis,2,full_minus_current,261.68586197633596,193.2243923317891,2.540003307560559,273.6501967589512,260.8549945589542,281.6915531026752,0.7773109243697479,264.4692288176443
scratch__physical__d1__pools_minus_base,shadow_point_prediction,2.75,scratch,physical,1,pools_minus_base,262.2466509664676,189.1617264283892,10.827670054442713,272.22141139677643,261.2492095886406,284.0999520807088,0.7983193277310925,264.49098072958805
scratch__physical__d1__pools_minus_base,v5_prediction,2.0,scratch,physical,1,pools_minus_base,261.6414228269252,189.27905514289478,-0.31817001471635376,273.9482396010047,260.7729704237707,282.0730181997986,0.8025210084033614,264.50101391965643
scratch__physical_modis__d2__full_minus_base,v5_prediction,-1.5,scratch,physical_modis,2,full_minus_base,261.73454025486126,192.50348337720908,-30.008645222133307,274.0475218685191,260.4925385667288,285.96030080617345,0.7773109243697479,264.5022852362426
modis_pretrained__physical_modis__d2__pools_minus_base,shadow_point_prediction,-3.0,modis_pretrained,physical_modis,2,pools_minus_base,261.8565824019855,191.84814777943666,-1.3120787873318505,273.06059419515657,261.26677715618763,278.8321095375243,0.773109243697479,264.5101340388288
scratch__physical_modis__d2__effect_features_minus_base,shadow_point_prediction,-2.75,scratch,physical_modis,2,effect_features_minus_base,262.4469072424839,192.11196817109507,-14.084254872731831,271.7949915063211,261.3589334379613,285.23124026650765,0.7815126050420168,264.51193485731255
scratch__physical__d1__full_minus_current,v5_prediction,2.75,scratch,physical,1,full_minus_current,262.30854344489575,193.76484278032217,-12.369397367916543,272.28217107526416,261.14910225605445,285.7848152564852,0.7773109243697479,264.51209005527755
modis_pretrained__physical__d2__pools_minus_base,v5_prediction,-1.25,modis_pretrained,physical,2,pools_minus_base,261.72644104237605,192.47146963216048,-2.9645005876941393,273.616715962306,261.04166337526254,279.9620207446262,0.7773109243697479,264.5278153555802
modis_pretrained__physical_modis__d1__pools_minus_current,shadow_point_prediction,3.0,modis_pretrained,physical_modis,1,pools_minus_current,261.94383187831977,193.77224599785893,20.37208864184685,272.85144434697406,261.3804173164112,278.55157052742703,0.7815126050420168,264.5298813550062
scratch__physical_modis__d2__pools_minus_current,v5_prediction,2.0,scratch,physical_modis,2,pools_minus_current,262.59638532260254,194.35583445673913,-33.31867320213634,271.8384361499631,261.12712519963765,288.86673711958935,0.7773109243697479,264.53958299870146
scratch__physical__d2__pools_minus_current,v5_prediction,1.75,scratch,physical,2,pools_minus_current,262.27878397201397,193.28226358194118,-28.041751489084657,272.69572805357086,260.9321487616299,287.475966581925,0.7899159663865546,264.54636118980716
scratch__physical__d2__pools_minus_base,v5_prediction,3.0,scratch,physical,2,pools_minus_base,262.2923336091825,188.80380750572792,30.49401496822458,271.90775550428566,261.6942309674964,279.39727444824683,0.7941176470588235,264.54666342253677
scratch__physical_modis__d2__full_minus_base,shadow_point_prediction,-2.5,scratch,physical_modis,2,full_minus_base,262.129246158216,193.6406812945997,-36.47890848155084,273.11557889709763,260.91672907302717,286.1001001997675,0.7815126050420168,264.5727000716392
scratch__physical_modis__d2__transition_minus_current,v5_prediction,2.0,scratch,physical_modis,2,transition_minus_current,262.4115496083844,196.67785845340777,-34.738461723013444,272.80022659440436,260.70368321408927,290.5936635834599,0.7647058823529411,264.5817522563156
modis_pretrained__physical__d2__transition_features_minus_base,shadow_point_prediction,-2.25,modis_pretrained,physical,2,transition_features_minus_base,262.41307657635843,192.1780777103075,-6.2872497883494445,271.7470803102282,261.7823990132765,279.96476203691697,0.7605042016806722,264.5889081190554
scratch__physical_modis__d2__full_minus_current,v5_prediction,2.5,scratch,physical_modis,2,full_minus_current,262.91507798977807,196.4093520722093,-26.185358540517303,271.29560533814214,261.2943636219766,290.4421555410463,0.7773109243697479,264.6050312349187
scratch__physical_modis__d2__pools_minus_base,shadow_point_prediction,2.75,scratch,physical_modis,2,pools_minus_base,262.77523889787415,186.92695080730147,26.438524087103453,271.0046215782915,261.8882908795199,283.460246702736,0.7689075630252101,264.61084756338994
scratch__physical_modis__d1__full_minus_current,v5_prediction,2.75,scratch,physical_modis,1,full_minus_current,262.426711136922,194.28858700774148,-15.169115599630617,272.4316091753959,261.1763970356803,286.7628846727557,0.7773109243697479,264.61535712123003
scratch__physical__d2__transition_minus_current,v5_prediction,1.75,scratch,physical,2,transition_minus_current,262.4409518631445,194.83163485108616,-26.2685194778506,272.76016159229005,260.92727138500993,289.073536899403,0.7647058823529411,264.64233417589725
scratch__physical_modis__d1__pools_minus_current,v5_prediction,2.0,scratch,physical_modis,1,pools_minus_current,261.6192526845438,192.17853990298306,-8.89996157991421,274.78998712466074,260.5420935239505,284.25814035676467,0.7605042016806722,264.64264650442476
modis_pretrained__physical__d2__pools_minus_base,shadow_point_prediction,-2.0,modis_pretrained,physical,2,pools_minus_base,262.35214707646844,191.89370443711704,8.273362962305017,272.17471680234894,261.6987021601441,280.20379236065816,0.7647058823529411,264.6444282788575
scratch__physical__d1__full_minus_base,v5_prediction,-3.0,scratch,physical,1,full_minus_base,261.90134317974776,194.8603374827792,-27.46917480597612,274.12467016088306,260.7141285277731,285.62309770274743,0.773109243697479,264.6603712620379
modis_pretrained__physical__d2__transition_minus_current,v5_prediction,1.25,modis_pretrained,physical,2,transition_minus_current,262.04027570699094,192.0998134063964,-4.8132533267429425,273.69237251672394,260.89743167659367,285.3440313819306,0.7815126050420168,264.66758890182484
scratch__physical_modis__d2__full_minus_current,v5_prediction,-2.25,scratch,physical_modis,2,full_minus_current,261.96519971074986,191.5329647659026,8.777137583878506,273.69924213833605,261.0446517582087,282.9867493773653,0.7983193277310925,264.6685733295111
scratch__physical__d2__current_minus_base,v5_prediction,2.5,scratch,physical,2,current_minus_base,263.02296374061734,191.23972627082952,53.053919339213685,270.3866129660668,262.2476152767298,282.42849079208935,0.7815126050420168,264.67003893100787
scratch__physical__d2__full_minus_base,v5_prediction,2.5,scratch,physical,2,full_minus_base,262.5402360861703,190.62737895545848,53.32131102489188,271.6562074652607,262.00946987574605,278.6951901063067,0.7899159663865546,264.6865373783369
modis_pretrained__physical_modis__d2__pools_minus_current,v5_prediction,1.75,modis_pretrained,physical_modis,2,pools_minus_current,262.41929420950663,193.3713888366168,-3.9772391240800644,273.0121596092459,260.9618664206837,288.58052402109706,0.7815126050420168,264.7031536122357
scratch__physical_modis__d2__pools_minus_current,v5_prediction,-1.75,scratch,physical_modis,2,pools_minus_current,262.06917564267957,193.57289099599544,14.55875506905312,273.3793095155476,261.3153917238152,281.1778908179029,0.7941176470588235,264.7082631311805
scratch__physical__d2__pools_minus_current,v5_prediction,-1.75,scratch,physical,2,pools_minus_current,262.25020391839024,194.92846478846985,12.473661907414069,273.02349011383615,261.3777549406146,282.7515397585006,0.7815126050420168,264.7254132228078
modis_pretrained__physical__d2__full_minus_base,v5_prediction,-1.25,modis_pretrained,physical,2,full_minus_base,262.2785995836705,190.73440261125964,-17.713026908432088,273.1291788153759,261.2345233780463,284.6137362607836,0.7857142857142857,264.73022534019077
scratch__physical__d2__pools_minus_base,v5_prediction,-1.0,scratch,physical,2,pools_minus_base,262.0870192183789,194.0588852911871,-20.54339804385526,273.7350387937719,261.023310709679,284.6122256684751,0.7815126050420168,264.73309698505216
modis_pretrained__physical_modis__d1__transition_features_minus_base,shadow_point_prediction,3.0,modis_pretrained,physical_modis,1,transition_features_minus_base,262.6692520882293,192.2395779333013,-13.360136183202796,271.71777238779384,261.96357746573995,281.2046812267265,0.7857142857142857,264.75496350749813
scratch__physical_modis__d2__full_minus_current,shadow_point_prediction,-2.75,scratch,physical_modis,2,full_minus_current,263.03860593195736,192.0241870607185,20.803537361929372,271.1475066007371,261.8392748158699,286.9291607169042,0.7899159663865546,264.7659983201304
scratch__physical__d2__effect_features_minus_base,v5_prediction,-1.5,scratch,physical,2,effect_features_minus_base,262.0794645305344,192.28613893101038,-12.2654437178988,273.82198603573573,261.1033270111929,283.7019630828161,0.773109243697479,264.77106052699935
scratch__physical_modis__d1__pools_minus_base,v5_prediction,2.5,scratch,physical_modis,1,pools_minus_base,261.6986080654518,187.49609925362947,1.761970491803637,275.053730582565,260.67292183432914,283.8200444578586,0.7941176470588235,264.78096713694947
modis_pretrained__physical_modis__d2__effect_features_minus_base,v5_prediction,-2.5,modis_pretrained,physical_modis,2,effect_features_minus_base,262.46480775698274,192.37382058926946,-11.847193690073944,272.729239799149,261.48141637980746,284.18040752302056,0.7815126050420168,264.7850679232305
modis_pretrained__physical_modis__d2__pools_minus_current,v5_prediction,-3.0,modis_pretrained,physical_modis,2,pools_minus_current,262.01167659591016,195.7829669527353,-14.309997362415688,273.2755551598177,261.87437284504085,270.35561801401906,0.773109243697479,264.79332029916975
modis_pretrained__physical_modis__d2__full_minus_current,shadow_point_prediction,2.75,modis_pretrained,physical_modis,2,full_minus_current,262.51882060822516,193.5517451175011,16.78559639190122,272.37386222437084,261.7695727359703,281.5893094436328,0.7941176470588235,264.7952690441979
scratch__physical__d2__full_minus_current,v5_prediction,-2.25,scratch,physical,2,full_minus_current,261.93634794346633,192.06499873948118,-8.02469730794566,274.3343995265009,261.04131352604645,282.6765395834965,0.8025210084033614,264.81210223487
scratch__physical_modis__d2__pools_minus_current,shadow_point_prediction,2.75,scratch,physical_modis,2,pools_minus_current,263.2618407952416,194.23517661066464,-34.54802182825976,271.0096142124941,261.7476520328821,289.9427486663819,0.7689075630252101,264.82023695896487
modis_pretrained__physical_modis__d2__full_minus_base,v5_prediction,-2.25,modis_pretrained,physical_modis,2,full_minus_base,262.53749073149464,191.36978816233426,-17.568984757117214,273.41973193818166,261.00783383661815,289.3070337459083,0.7815126050420168,264.87563680944726
scratch__physical__d1__transition_minus_current,v5_prediction,2.5,scratch,physical,1,transition_minus_current,262.5186966960784,192.95207780704754,-24.70153498866614,273.3316102878775,261.1347581464854,288.0550888053794,0.773109243697479,264.8759404566299
modis_pretrained__physical__d1__transition_minus_current,v5_prediction,3.0,modis_pretrained,physical,1,transition_minus_current,262.3388114731365,191.2119588219552,-1.1691442659585949,273.7312619388518,261.1092319853,286.47891817146785,0.7857142857142857,264.8795292176062
modis_pretrained__physical_modis__d1__transition_features_minus_base,v5_prediction,-2.75,modis_pretrained,physical_modis,1,transition_features_minus_base,261.86501527668474,197.87486013217494,4.977997927939836,274.47319563965084,261.3867599788207,277.2059866866192,0.7563025210084033,264.89749654296025
scratch__physical_modis__d2__transition_minus_current,shadow_point_prediction,2.75,scratch,physical_modis,2,transition_minus_current,262.97981956066707,198.02511599050257,-36.50023104446578,272.4104407990494,261.22499358645996,291.5546526995292,0.7647058823529411,264.8987683767109
scratch__physical__d1__pools_minus_current,shadow_point_prediction,2.5,scratch,physical,1,pools_minus_current,262.39351550818907,190.82809264267277,-10.67834164799064,273.50725290422673,261.3622677888751,284.60279181486453,0.7983193277310925,264.91413792737
modis_pretrained__physical__d1__full_minus_current,shadow_point_prediction,2.5,modis_pretrained,physical,1,full_minus_current,262.3862452586742,195.3090865255788,26.757226632590022,272.93866397648264,261.9562840170828,276.97117545547206,0.7899159663865546,264.91685962772846
modis_pretrained__physical__d2__current_minus_base,shadow_point_prediction,-1.5,modis_pretrained,physical,2,current_minus_base,262.9120889967,191.72411567415426,-0.4391860228957537,272.01513524984153,261.89237449587097,285.0256994087137,0.7815126050420168,264.93292193477816
modis_pretrained__physical__d2__effect_features_minus_base,v5_prediction,-2.25,modis_pretrained,physical,2,effect_features_minus_base,262.31038376880366,192.73513008501328,-9.032764390903717,273.78864308272205,261.33340250565516,283.95176159189936,0.7689075630252101,264.9357032814961
scratch__physical_modis__d2__transition_features_minus_base,v5_prediction,-1.75,scratch,physical_modis,2,transition_features_minus_base,262.59367201983633,193.33837544410505,-23.008550103137832,272.92728845421306,261.63969810166395,284.0027247781115,0.7815126050420168,264.9385826488874
modis_pretrained__physical_modis__d2__transition_features_minus_base,v5_prediction,2.75,modis_pretrained,physical_modis,2,transition_features_minus_base,261.58341906792805,192.43160894206707,-3.5230497514163317,275.7733501600239,260.8452039804865,280.4835514579521,0.773109243697479,264.94634806909164
scratch__physical__d1__transition_features_minus_base,v5_prediction,-3.0,scratch,physical,1,transition_features_minus_base,262.2405568989898,197.1304086665089,-12.170389379940469,273.92225464611437,261.392317986961,282.46755891312284,0.773109243697479,264.94892160776374
scratch__physical__d2__full_minus_base,v5_prediction,-1.0,scratch,physical,2,full_minus_base,262.059520682599,192.6304677732374,-32.226187117126166,274.6833834694402,261.00277397385673,284.51328988366515,0.7773109243697479,264.9512997021237
scratch__physical__d2__transition_features_minus_base,v5_prediction,-1.25,scratch,physical,2,transition_features_minus_base,262.28318368471474,193.63759995173993,-24.99983065084886,273.8908405465061,261.36840340395304,283.2550693414194,0.7773109243697479,264.95640282997215
scratch__physical__d2__full_minus_current,shadow_point_prediction,-2.75,scratch,physical,2,full_minus_current,262.92114711464984,193.7675800684207,0.2679613830331649,272.1744101152321,261.8265516670184,285.79291230524353,0.7941176470588235,264.96081400288756
scratch__physical__d1__pools_minus_current,v5_prediction,1.5,scratch,physical,1,pools_minus_current,262.16764053313017,192.54226735097637,-14.528305121997182,274.47945554692916,261.15149649103273,284.2115837242303,0.7857142857142857,264.99155827605557
modis_pretrained__physical__d2__transition_minus_current,shadow_point_prediction,2.0,modis_pretrained,physical,2,transition_minus_current,263.025776569458,192.21778189170405,5.315358579826928,272.3325348920896,261.6413531118586,288.592447370945,0.8025210084033614,265.006360285716
scratch__physical_modis__d1__transition_minus_current,v5_prediction,3.0,scratch,physical_modis,1,transition_minus_current,262.54183732956244,195.38874435938445,-12.220507289347886,273.79233516652175,261.16481287142767,288.01917687831804,0.7563025210084033,265.0102056742686
scratch__physical_modis__d1__current_minus_base,v5_prediction,-2.25,scratch,physical_modis,1,current_minus_base,262.61419489188836,195.96412895874357,-17.630864932924112,273.5678534565201,261.25610066722163,287.92940610305527,0.7647058823529411,265.0130859768796
modis_pretrained__physical_modis__d1__transition_minus_current,v5_prediction,3.0,modis_pretrained,physical_modis,1,transition_minus_current,262.3104348009337,191.56917403364017,1.200797461495326,274.2203072525981,261.22013250540385,285.1116912514156,0.7689075630252101,265.01532733996737
modis_pretrained__physical__d1__full_minus_current,shadow_point_prediction,-3.0,modis_pretrained,physical,1,full_minus_current,262.8587990394734,193.69165940537047,-30.872069037093866,272.03080563101673,262.4119996670727,277.731616607535,0.7689075630252101,265.0401008442591
scratch__physical_modis__d1__pools_minus_base,v5_prediction,-2.75,scratch,physical_modis,1,pools_minus_base,262.99607040516105,196.09297320069976,-18.284661601738126,272.6386039769471,261.5520922491837,289.073649048008,0.7899159663865546,265.0457092591132
modis_pretrained__physical_modis__d2__transition_minus_current,shadow_point_prediction,2.75,modis_pretrained,physical_modis,2,transition_minus_current,262.4393003760872,192.73555994030718,9.087220361420055,274.1887254596554,261.1219294633548,287.38453282297763,0.7773109243697479,265.04731391879614
scratch__physical__d2__pools_minus_base,shadow_point_prediction,3.0,scratch,physical,2,pools_minus_base,263.19959434145,186.97813906506232,38.840151996339046,271.33394060139443,262.46821826783344,282.0758917864533,0.7689075630252101,265.05033688803195
scratch__physical__d1__current_minus_base,v5_prediction,-2.0,scratch,physical,1,current_minus_base,262.6501863808153,195.23577489878332,-24.24226667517009,273.59156296702275,261.31973770787636,287.7226748581957,0.7689075630252101,265.05291835913243
scratch__physical__d2__pools_minus_current,shadow_point_prediction,2.5,scratch,physical,2,pools_minus_current,263.10157464648717,192.5504798427591,-28.377488760219933,272.26571454259704,261.7581377631932,288.312156220034,0.773109243697479,265.05675039969117
modis_pretrained__physical__d2__transition_features_minus_base,v5_prediction,3.0,modis_pretrained,physical,2,transition_features_minus_base,262.2199005373021,191.72697905123812,1.3484112433361874,274.65022621353324,261.27836070752517,283.4795873353714,0.7815126050420168,265.0920969989156
modis_pretrained__physical__d1__full_minus_current,v5_prediction,-2.75,modis_pretrained,physical,1,full_minus_current,262.73617378382374,193.2904022245617,-36.598692625677245,272.8295666438722,262.153560134601,279.6409248107822,0.7563025210084033,265.1138685865302
modis_pretrained__physical__d2__full_minus_base,shadow_point_prediction,-2.0,modis_pretrained,physical,2,full_minus_base,263.342924014907,190.26050362113727,-15.324279150875705,271.51373919867933,262.2680646631714,286.0369074317127,0.7941176470588235,265.11691297291617
modis_pretrained__physical_modis__d2__pools_minus_base,v5_prediction,-2.0,modis_pretrained,physical_modis,2,pools_minus_base,262.12961900306055,192.97053998125088,-9.033492140575973,274.78346456502715,261.433143030118,280.5289248701882,0.7773109243697479,265.1189614003166
scratch__physical__d2__current_minus_base,v5_prediction,-1.0,scratch,physical,2,current_minus_base,262.69411699532577,194.61646966917962,-32.1192304428549,273.79443117416434,261.4091767585011,287.3599264662965,0.7689075630252101,265.1479604808293
modis_pretrained__physical_modis__d1__full_minus_current,v5_prediction,2.0,modis_pretrained,physical_modis,1,full_minus_current,262.1502398135184,196.15665110540473,7.010739434500344,274.7286974825186,261.59635842268267,278.62848965387434,0.7689075630252101,265.1563838830595
modis_pretrained__physical__d2__full_minus_current,v5_prediction,1.75,modis_pretrained,physical,2,full_minus_current,262.4123056424921,194.79499283250445,4.948372203596144,274.2113913808333,261.5957674596394,282.2808490357642,0.7773109243697479,265.1579425313642
modis_pretrained__physical_modis__d1__pools_minus_current,v5_prediction,2.25,modis_pretrained,physical_modis,1,pools_minus_current,262.0536317433541,194.36342814200313,7.073452512590471,275.2011080335925,261.3544401757498,280.4845868114105,0.7689075630252101,265.16570292401263
scratch__physical__d1__full_minus_current,v5_prediction,3.0,scratch,physical,1,full_minus_current,263.02822417795096,194.6254721345266,-12.786247602196656,272.83207966021297,261.84144092761994,286.7995363508318,0.7815126050420168,265.1824922359337
modis_pretrained__physical__d1__full_minus_current,v5_prediction,1.75,modis_pretrained,physical,1,full_minus_current,262.2188155319426,195.87813608014744,10.552549285882304,274.65363501821315,261.64997049190885,278.91265164398254,0.7773109243697479,265.1853091435018
scratch__physical_modis__d2__transition_minus_current,v5_prediction,-2.0,scratch,physical_modis,2,transition_minus_current,263.13545043848404,194.01727621877532,19.17037214134285,271.8885444249175,262.6019932470814,279.34888609691166,0.7941176470588235,265.1903596372417
modis_pretrained__physical_modis__d1__current_minus_base,v5_prediction,-2.0,modis_pretrained,physical_modis,1,current_minus_base,262.2751712192547,196.31990623247165,7.487335657706428,274.67706336661445,261.6138209634372,280.2276362359704,0.7689075630252101,265.21030669214025
modis_pretrained__physical_modis__d2__current_minus_base,shadow_point_prediction,-2.25,modis_pretrained,physical_modis,2,current_minus_base,263.20738614248205,193.7180068635766,4.050928397506196,272.6433814872719,261.8039773050609,288.94814034628934,0.7647058823529411,265.2155327693242
scratch__physical_modis__d2__pools_minus_base,v5_prediction,2.75,scratch,physical_modis,2,pools_minus_base,262.9806996551437,190.0744702990624,18.09238705898898,272.78369102571526,262.2784456602191,281.4843128150335,0.7815126050420168,265.25588399905547
scratch__physical__d2__full_minus_base,shadow_point_prediction,2.5,scratch,physical,2,full_minus_base,263.57355873329266,189.14983865726074,61.66744805300634,271.2036647086752,262.7611500273873,283.43961466133277,0.7941176470588235,265.277983050662
modis_pretrained__physical__d1__pools_minus_current,v5_prediction,1.75,modis_pretrained,physical,1,pools_minus_current,262.5704954349679,193.73972016435798,0.4002202336864761,274.1786791858548,261.8016690883756,281.8802929332798,0.7773109243697479,265.2803347860415
modis_pretrained__physical__d1__current_minus_base,shadow_point_prediction,-2.5,modis_pretrained,physical,1,current_minus_base,263.03810596591234,194.8747739098353,14.313388032238995,272.6691993468662,262.3934214297875,280.79824635436745,0.7857142857142857,265.28470817711957
scratch__physical_modis__d1__full_minus_current,v5_prediction,3.0,scratch,physical_modis,1,full_minus_current,263.16610874492306,195.12028811577096,-15.840485673157465,273.0032770955731,261.8707675748167,287.9495306152869,0.7773109243697479,265.30156554005896
scratch__physical__d2__pools_minus_base,shadow_point_prediction,-1.75,scratch,physical,2,pools_minus_base,263.0976459945252,195.36293049020236,-21.766775955505757,273.0952858931759,261.96746283164816,286.3276710698699,0.773109243697479,265.3145101784686
modis_pretrained__physical__d2__full_minus_current,shadow_point_prediction,2.5,modis_pretrained,physical,2,full_minus_current,263.0790890729658,195.80982233080363,18.75125937218122,272.9050245619324,262.2520228210727,283.09629382576435,0.7773109243697479,265.32880638223423
modis_pretrained__physical__d1__pools_minus_current,shadow_point_prediction,2.5,modis_pretrained,physical,1,pools_minus_current,263.2189932096862,194.06580110816915,12.25389941516741,272.40181688406506,262.51959917033577,281.695063643643,0.8025210084033614,265.3398506184433
modis_pretrained__physical__d1__transition_features_minus_base,v5_prediction,-2.25,modis_pretrained,physical,1,transition_features_minus_base,262.60418585898043,197.66013289924683,-0.3690539690289729,274.11055662373957,262.07386986685333,278.7545522170918,0.7647058823529411,265.34819955213845
modis_pretrained__physical_modis__d2__current_minus_base,v5_prediction,-1.5,modis_pretrained,physical_modis,2,current_minus_base,262.7153906318881,193.52012291404702,-5.4581540173506085,274.5283814925166,261.4530108022463,287.17653344798885,0.7773109243697479,265.35304338963476
modis_pretrained__physical__d2__current_minus_base,v5_prediction,-1.0,modis_pretrained,physical,2,current_minus_base,262.7606980165367,192.32695715570893,-8.451563630951906,274.1984601384017,261.78136242408704,284.4463731129528,0.7815126050420168,265.37530464889056
modis_pretrained__physical_modis__d1__full_minus_current,shadow_point_prediction,3.0,modis_pretrained,physical_modis,1,full_minus_current,262.7802662483903,196.50954795712852,22.754268575282627,273.53360103907363,262.4338965342615,275.9216049912017,0.7983193277310925,265.38200751752896
scratch__physical_modis__d2__effect_features_minus_base,v5_prediction,-1.75,scratch,physical_modis,2,effect_features_minus_base,262.80887504464397,193.8910006904552,-17.104447497205932,274.2075854151841,261.75156743638746,285.30197607032824,0.7773109243697479,265.3942257352149
modis_pretrained__physical_modis__d2__transition_minus_current,v5_prediction,2.0,modis_pretrained,physical_modis,2,transition_minus_current,262.34798748300256,193.86184444694828,-1.5839516096419197,275.8757617617029,261.064423397492,286.98417209451253,0.773109243697479,265.4090400313
modis_pretrained__physical_modis__d1__transition_features_minus_base,v5_prediction,2.75,modis_pretrained,physical_modis,1,transition_features_minus_base,262.94016733417436,191.14651366858848,-20.546087509610423,273.60237391182784,262.1929182084161,282.00213927029625,0.7647058823529411,265.41890669714815
scratch__physical_modis__d2__pools_minus_base,shadow_point_prediction,-2.25,scratch,physical_modis,2,pools_minus_base,263.13557542935774,195.69332559527143,-20.609533821667966,273.6289234575802,261.81528947463676,288.14180185002317,0.773109243697479,265.4288409477331
scratch__physical__d2__transition_minus_current,shadow_point_prediction,-2.75,scratch,physical,2,transition_minus_current,264.33574826984994,194.97625298002498,29.60912388830322,269.5094464102707,263.56944162645505,283.6825531236896,0.7478991596638656,265.4375961441064
scratch__physical__d1__pools_minus_base,v5_prediction,-3.0,scratch,physical,1,pools_minus_base,263.2818855584047,195.93109832897974,-18.982856955013716,273.6022731624435,261.61346490799406,291.20647492763777,0.7857142857142857,265.44487729681174
scratch__physical__d2__full_minus_current,v5_prediction,2.25,scratch,physical,2,full_minus_current,263.72438802963956,196.7200164624425,-7.54339227372493,272.1141118483188,262.26946101598224,289.93320371277025,0.7563025210084033,265.45808723089505
scratch__physical_modis__d2__transition_features_minus_base,shadow_point_prediction,-3.0,scratch,physical_modis,2,transition_features_minus_base,263.94801489450754,194.0021228867858,-25.53705972666803,270.8722942884205,263.12546354090415,283.94720705905104,0.7857142857142857,265.47344690458493
modis_pretrained__physical__d1__transition_features_minus_base,v5_prediction,3.0,modis_pretrained,physical,1,transition_features_minus_base,262.8486359289283,192.1568723228837,-17.67069921991039,273.9697263662134,262.23538377024863,280.1799904410202,0.7689075630252101,265.47559549857965
modis_pretrained__physical_modis__d2__full_minus_current,v5_prediction,2.0,modis_pretrained,physical_modis,2,full_minus_current,262.6836420266102,194.32829490813947,4.014867321617111,274.70569916446493,261.8792232844004,282.42108786197616,0.7899159663865546,265.4880516255214
modis_pretrained__physical__d1__current_minus_base,v5_prediction,-1.75,modis_pretrained,physical,1,current_minus_base,262.7468116211433,195.18557251857996,1.8418622656365833,274.5090194838076,261.99575648679803,281.8479755060157,0.773109243697479,265.4995998032231
scratch__physical_modis__d2__pools_minus_base,v5_prediction,-1.5,scratch,physical_modis,2,pools_minus_base,262.82096116289114,195.3780580039016,-21.898462163466725,274.84111563866736,261.5918305851582,286.98024915922076,0.7815126050420168,265.51871713740195
scratch__physical__d2__transition_minus_current,v5_prediction,-2.5,scratch,physical,2,transition_minus_current,263.3915637184686,194.97172816215632,18.62234761918657,272.48534952575903,262.8166816430669,280.20942979242346,0.7689075630252101,265.5212896514408
scratch__physical_modis__d2__pools_minus_current,shadow_point_prediction,-2.25,scratch,physical_modis,2,pools_minus_current,263.76233100626,194.41700472673253,29.28854919999284,271.7934588223186,262.79212582617737,285.3944677759501,0.7773109243697479,265.527561665254
scratch__physical_modis__d1__pools_minus_current,v5_prediction,2.25,scratch,physical_modis,1,pools_minus_current,262.5192886130755,193.0921257623078,-9.039451178549074,275.9238269671472,261.4170356307462,285.44848119584714,0.7647058823529411,265.5948599560111
scratch__physical__d1__pools_minus_base,v5_prediction,2.25,scratch,physical,1,pools_minus_base,262.7075591497363,190.02158210761746,0.6150643322985142,275.1737320471136,261.82773553907424,283.3102525446022,0.8025210084033614,265.6041464714151
modis_pretrained__physical__d2__pools_minus_current,v5_prediction,1.5,modis_pretrained,physical,2,pools_minus_current,263.3066934912232,193.2341771068887,-14.5687760947796,273.79956567556826,262.0103168790272,288.106460008477,0.7941176470588235,265.6058173842605
scratch__physical__d1__transition_minus_current,v5_prediction,2.75,scratch,physical,1,transition_minus_current,263.2802694011549,193.73965442636407,-26.393284008449225,274.0482680802841,261.8470426117538,289.28108226002814,0.773109243697479,265.6139623735869
modis_pretrained__physical_modis__d2__transition_features_minus_base,v5_prediction,-2.0,modis_pretrained,physical_modis,2,transition_features_minus_base,263.6594158624857,192.97173899812657,-10.882950274049087,272.47193831720074,262.8104134217882,283.95217706666625,0.7899159663865546,265.6502958659901
modis_pretrained__physical__d2__transition_features_minus_base,v5_prediction,-1.75,modis_pretrained,physical,2,transition_features_minus_base,263.0429030651987,193.5248437923842,-13.11131081076866,274.20074655067395,262.3198783994341,281.8096256906021,0.7647058823529411,265.65160777012636
scratch__physical__d2__current_minus_base,shadow_point_prediction,-1.75,scratch,physical,2,current_minus_base,263.69090182403573,195.08750164274306,-42.02448265375512,273.0143742219517,262.28797145887074,289.45250224377145,0.7815126050420168,265.6710373322235
modis_pretrained__physical_modis__d2__effect_features_minus_base,v5_prediction,-2.75,modis_pretrained,physical_modis,2,effect_features_minus_base,263.3765860123422,193.17370349188002,-12.25350857999781,273.576297064489,262.38520747815386,285.21564672410017,0.7815126050420168,265.67866914183185
modis_pretrained__physical_modis__d1__current_minus_base,shadow_point_prediction,-3.0,modis_pretrained,physical_modis,1,current_minus_base,263.2372892715192,197.02463100368442,23.469162910091747,273.47519499636763,262.812553695294,277.76019843203113,0.7647058823529411,265.690581808675
scratch__physical_modis__d2__effect_features_minus_base,shadow_point_prediction,-3.0,scratch,physical_modis,2,effect_features_minus_base,263.6283147817125,193.36323482876836,-15.41574097364192,273.00084649197856,262.5240141732034,286.6285850474883,0.7815126050420168,265.69537255715176
scratch__physical_modis__d2__full_minus_current,v5_prediction,2.75,scratch,physical_modis,2,full_minus_current,264.15115065040584,197.7361521242805,-28.0254899154855,272.13049872582104,262.4120809085664,292.67311498160205,0.7689075630252101,265.7112202337998
scratch__physical__d2__effect_features_minus_base,shadow_point_prediction,-2.75,scratch,physical,2,effect_features_minus_base,263.5247002594057,193.01101320093957,-7.6538057956705865,273.2909787053114,262.52109097274837,285.49813258579314,0.7647058823529411,265.7153675492178
modis_pretrained__physical__d2__pools_minus_current,shadow_point_prediction,2.0,modis_pretrained,physical,2,pools_minus_current,264.01280256138,193.2574074195794,-8.48421616797991,272.20122052956197,262.7111214314481,288.89559378712335,0.7857142857142857,265.7344867709425
scratch__physical__d2__full_minus_current,shadow_point_prediction,3.0,scratch,physical,2,full_minus_current,264.4466076227227,195.97712559296622,0.8829622600929827,271.2957499154898,262.7730692721223,292.47698060505394,0.7478991596638656,265.74050860826435
scratch__physical__d2__full_minus_base,shadow_point_prediction,-1.75,scratch,physical,2,full_minus_base,263.0017564236826,193.5540018339849,-42.21165683372985,274.92580964537785,262.0548047181835,284.3528585807248,0.7689075630252101,265.74603180273164
scratch__physical_modis__d2__full_minus_base,v5_prediction,-1.75,scratch,physical_modis,2,full_minus_base,262.9788854399094,193.69329982808142,-33.71274529401631,275.47883528170985,261.68905443781364,287.7031462855027,0.773109243697479,265.78141514983554
scratch__physical_modis__d2__full_minus_current,v5_prediction,-2.5,scratch,physical_modis,2,full_minus_current,263.1060180087803,192.51442338438045,10.617268958846706,274.77785491633614,262.1567735818601,284.4861886567332,0.7983193277310925,265.7866661289392
scratch__physical_modis__d1__pools_minus_base,v5_prediction,2.75,scratch,physical_modis,1,pools_minus_base,262.6902195746496,188.09787418731287,2.7165720200675305,276.2873664479946,261.62798004878573,285.2278002974613,0.7899159663865546,265.82394641151984
scratch__physical_modis__d2__current_minus_base,shadow_point_prediction,2.25,scratch,physical_modis,2,current_minus_base,264.62953898430925,191.23412726597783,50.460175258939984,270.4399503086072,263.71448046706547,285.70233381917336,0.7815126050420168,265.8533771860728
scratch__physical__d2__transition_minus_current,shadow_point_prediction,2.75,scratch,physical,2,transition_minus_current,264.107678633919,196.86576645508484,-28.484939413744886,272.9637065172082,262.33321684772375,292.8970721628275,0.7563025210084033,265.8780701581925
scratch__physical_modis__d2__transition_minus_current,shadow_point_prediction,-2.5,scratch,physical_modis,2,transition_minus_current,265.0464975469173,195.17604961757857,34.255113402501856,269.0898218859127,264.32993032464367,283.80642375793434,0.7857142857142857,265.8781868260977
scratch__physical__d1__pools_minus_base,shadow_point_prediction,3.0,scratch,physical,1,pools_minus_base,263.62739607809857,190.42375920725507,11.760904401457582,273.69466383252546,262.60098980856094,285.84156025084417,0.7941176470588235,265.88761144932084
scratch__physical_modis__d2__current_minus_base,shadow_point_prediction,-2.25,scratch,physical_modis,2,current_minus_base,264.29911190478145,197.2409492134645,-49.33599078438164,272.471967777066,262.4819210441262,293.4215667861399,0.7857142857142857,265.8880281576888
modis_pretrained__physical_modis__d2__transition_features_minus_base,shadow_point_prediction,-2.75,modis_pretrained,physical_modis,2,transition_features_minus_base,264.7362989479036,192.6405031413282,-3.6989028021398,270.16701937983464,263.92522435065496,284.63232294244773,0.7689075630252101,265.8912104065742
modis_pretrained__physical_modis__d2__full_minus_base,v5_prediction,-2.5,modis_pretrained,physical_modis,2,full_minus_base,263.5745502081598,192.16441665020187,-18.656200308926316,274.45129349020215,261.9667437180844,291.03508909888103,0.7773109243697479,265.89178440615154
scratch__physical__d2__effect_features_minus_base,v5_prediction,-1.75,scratch,physical,2,effect_features_minus_base,263.1917266880627,193.4115682607623,-13.01234353907605,275.0429398211866,262.20818725687155,284.94035680817706,0.773109243697479,265.9086451135459
modis_pretrained__physical_modis__d2__pools_minus_current,v5_prediction,2.0,modis_pretrained,physical_modis,2,pools_minus_current,263.6792805483261,194.50292860627852,-3.433409743115032,274.15136798631613,262.1586309359283,290.4360992858814,0.7773109243697479,265.91714000472416
modis_pretrained__physical_modis__d1__transition_features_minus_base,v5_prediction,-3.0,modis_pretrained,physical_modis,1,transition_features_minus_base,262.83306756145663,199.1763478821575,6.138183629646667,275.603919613263,262.41093935387113,277.3012150794639,0.7563025210084033,265.9202485225118
scratch__physical__d2__current_minus_base,shadow_point_prediction,2.5,scratch,physical,2,current_minus_base,265.0876792313281,191.72054636423053,61.40005636732815,269.68848631782134,263.8739913165301,289.2115994699312,0.773109243697479,265.9344590242519
scratch__physical_modis__d1__current_minus_base,v5_prediction,-2.5,scratch,physical_modis,1,current_minus_base,263.59020500578924,197.18826149469203,-18.724956059822873,274.4100106024583,262.16026544418264,289.57908010181666,0.7647058823529411,265.93767151455484
scratch__physical_modis__d2__transition_minus_current,v5_prediction,2.25,scratch,physical_modis,2,transition_minus_current,263.88137809690375,198.50570356257873,-38.107763839535714,273.9417729082239,262.04948294460235,293.08897705754896,0.7647058823529411,265.93850301165844
scratch__physical_modis__d2__current_minus_base,v5_prediction,2.25,scratch,physical_modis,2,current_minus_base,263.92692136637663,192.35391444763087,42.11403823082552,272.60203659808866,263.34253820962414,280.89609600416276,0.7983193277310925,265.9496043851165
modis_pretrained__physical__d2__transition_minus_current,v5_prediction,1.5,modis_pretrained,physical,2,transition_minus_current,263.31576619263853,193.3668823642396,-4.219095033924472,275.0537986631514,262.1241478772385,287.1466142874048,0.7857142857142857,265.95236973141675
scratch__physical_modis__d2__pools_minus_current,v5_prediction,2.25,scratch,physical_modis,2,pools_minus_current,264.12907804943575,195.81088585627694,-36.510501753548965,272.9970163418964,262.5655466644449,291.26229867658213,0.7773109243697479,265.9551797763032
modis_pretrained__physical__d2__effect_features_minus_base,v5_prediction,-2.5,modis_pretrained,physical,2,effect_features_minus_base,263.3177098855514,193.9815489257582,-9.171511013133541,274.8665821862035,262.32576366702824,285.1601687585089,0.7647058823529411,265.9569414060836
modis_pretrained__physical_modis__d2__pools_minus_current,shadow_point_prediction,2.5,modis_pretrained,physical_modis,2,pools_minus_current,264.39842173356425,193.31212445958815,6.000386046929491,272.2660228231833,262.79839062714495,291.84200092239297,0.7941176470588235,265.9653142293642
scratch__physical_modis__d2__current_minus_base,v5_prediction,-1.5,scratch,physical_modis,2,current_minus_base,263.8363405025795,196.9014449051144,-41.04943347194251,274.0288083661839,262.1795351212762,291.7008144530488,0.7815126050420168,265.97025612315474
scratch__physical__d2__transition_minus_current,v5_prediction,2.0,scratch,physical,2,transition_minus_current,263.86683573497294,196.50487142999515,-28.909158718852787,273.9040634224697,262.2451703273611,291.454375053963,0.7647058823529411,265.97072630494415
modis_pretrained__physical__d2__pools_minus_base,v5_prediction,-1.5,modis_pretrained,physical,2,pools_minus_base,263.12880351627007,194.16066473533039,-2.000591747065906,275.16853224602863,262.49149586488,280.7940049420944,0.7773109243697479,265.97940878586223
scratch__physical__d1__current_minus_base,v5_prediction,-2.25,scratch,physical,1,current_minus_base,263.65101832768477,196.53360983636102,-26.29954441071194,274.48448307481135,262.25117390232424,289.38383414930445,0.7689075630252101,266.0094234081263
scratch__physical__d2__pools_minus_current,shadow_point_prediction,-2.25,scratch,physical,2,pools_minus_current,264.4363994539153,196.02787578513974,26.60771513502835,271.9724891497499,263.2052823749435,288.692312136705,0.7605042016806722,266.01264260813105
modis_pretrained__physical_modis__d2__full_minus_current,shadow_point_prediction,3.0,modis_pretrained,physical_modis,2,full_minus_current,263.7707422137087,194.89901364016794,18.26046040595777,273.60044340891307,263.0569680825111,282.44861554237116,0.7941176470588235,266.0497239797104
scratch__physical__d2__pools_minus_current,v5_prediction,2.0,scratch,physical,2,pools_minus_current,263.87171472830573,194.79694556735475,-30.935709588834566,274.07961919740734,262.43350979800533,289.9459573219278,0.7815126050420168,266.06413961300603
scratch__physical__d2__full_minus_current,v5_prediction,-2.5,scratch,physical,2,full_minus_current,263.1914022255994,193.27633087391763,-8.051436476513478,275.6145068942391,262.27474561313204,284.22177318052974,0.8067226890756303,266.0680142396425
modis_pretrained__physical__d2__full_minus_base,v5_prediction,-1.5,modis_pretrained,physical,2,full_minus_base,263.6613729775684,191.72149594808434,-19.698823331951445,274.4496707061885,262.5965725232612,286.2684904736956,0.7815126050420168,266.09224729614664
scratch__physical_modis__d1__pools_minus_base,v5_prediction,-3.0,scratch,physical_modis,1,pools_minus_base,264.1055819826648,197.38656739388986,-19.23926313000202,273.65304070854813,262.57723328852455,290.9489620505475,0.7815126050420168,266.11035949060056
scratch__physical_modis__d2__transition_features_minus_base,v5_prediction,-2.0,scratch,physical_modis,2,transition_features_minus_base,263.8077231524541,194.5854653732103,-25.183479433466765,273.9812520095146,262.8595080862935,285.20662878480147,0.7815126050420168,266.1140516001791
scratch__physical_modis__d2__full_minus_base,shadow_point_prediction,-2.75,scratch,physical_modis,2,full_minus_base,263.64455548444914,195.2952816193885,-40.183008553433844,274.80189619973123,262.41703860783804,287.82863999156103,0.7815126050420168,266.1270114441169
scratch__physical_modis__d2__pools_minus_current,v5_prediction,-2.0,scratch,physical_modis,2,pools_minus_current,263.5349691036341,195.35940405422684,17.75058362046575,274.7353222673591,262.78878285774283,282.606339331725,0.7899159663865546,266.1485108330926
scratch__physical__d2__transition_features_minus_base,shadow_point_prediction,-2.25,scratch,physical,2,transition_features_minus_base,263.9472645601095,195.4547329765501,-30.426322310745242,273.62531670648565,263.22640790006625,282.72042372011657,0.7647058823529411,266.1865634316927
modis_pretrained__physical__d2__transition_features_minus_base,shadow_point_prediction,-2.5,modis_pretrained,physical,2,transition_features_minus_base,263.9933968488945,194.00362896680195,-7.048287791197068,273.37669983923973,263.40656563230317,280.9990288371271,0.7521008403361344,266.192514792333
scratch__physical_modis__d2__full_minus_current,shadow_point_prediction,-3.0,scratch,physical_modis,2,full_minus_current,264.5455119471219,193.51670935650205,22.643668736897574,272.408987263266,263.2855058705085,289.0744626131781,0.7815126050420168,266.19637925700454
modis_pretrained__physical_modis__d2__transition_features_minus_base,v5_prediction,3.0,modis_pretrained,physical_modis,2,transition_features_minus_base,262.77809992946794,193.57181551032562,-3.1356865660146074,277.2050045876121,262.0716384067689,281.32744650025586,0.7689075630252101,266.2082107133292
scratch__physical__d1__pools_minus_current,v5_prediction,1.75,scratch,physical,1,pools_minus_current,263.3526865538585,193.61154962891024,-15.652348510524162,275.8863153000053,262.31463188815553,285.6742425980175,0.7857142857142857,266.22658007396944
modis_pretrained__physical_modis__d1__pools_minus_current,v5_prediction,2.5,modis_pretrained,physical_modis,1,pools_minus_current,263.0674030170222,195.53276301844028,8.724285546304445,276.3754096213549,262.41822795288533,280.8879915731342,0.7689075630252101,266.2321109020711
modis_pretrained__physical_modis__d2__pools_minus_base,v5_prediction,-2.25,modis_pretrained,physical_modis,2,pools_minus_base,263.18586887191464,194.2791545396734,-9.18967305929356,276.05635188029083,262.5192699656061,281.2391650131172,0.7773109243697479,266.23683989743154
scratch__physical__d2__pools_minus_current,v5_prediction,-2.0,scratch,physical,2,pools_minus_current,263.8392487597557,196.8382594316445,15.367620007163978,274.4522836638077,262.95058777997446,284.5870748395274,0.7815126050420168,266.2703422408234
scratch__physical__d1__pools_minus_current,shadow_point_prediction,2.75,scratch,physical,1,pools_minus_current,263.7311305306926,192.03629920683824,-11.80238503651762,275.0823086535421,262.68118005956114,286.1908983376188,0.7941176470588235,266.30643744362214
modis_pretrained__physical_modis__d1__full_minus_current,v5_prediction,2.25,modis_pretrained,physical_modis,1,full_minus_current,263.2609152891921,197.61241867282294,8.8600874626673,276.01054101773235,262.76978043407166,278.84311268139766,0.773109243697479,266.32553800754704
modis_pretrained__physical__d2__full_minus_current,v5_prediction,2.0,modis_pretrained,physical,2,full_minus_current,263.60942673439797,196.39127742940025,6.76728891708635,275.4437921614582,262.8181429685379,283.2277874977079,0.7773109243697479,266.370197149698
modis_pretrained__physical_modis__d2__transition_minus_current,shadow_point_prediction,3.0,modis_pretrained,physical_modis,2,transition_minus_current,263.74550385944633,194.0929130224314,9.862232009069228,275.57944533434903,262.41218154517014,288.89874007544887,0.7773109243697479,266.37065864960294
modis_pretrained__physical_modis__d1__current_minus_base,v5_prediction,-2.25,modis_pretrained,physical_modis,1,current_minus_base,263.40790857873213,197.8033543972753,9.396258213774145,275.92061207099255,262.8080928880452,280.5741451892832,0.7689075630252101,266.3861305291255
modis_pretrained__physical__d2__pools_minus_base,shadow_point_prediction,-2.25,modis_pretrained,physical,2,pools_minus_base,264.0628963068954,193.85618132894214,9.237271802933247,273.9702809131609,263.4485357399296,281.45081955263703,0.7689075630252101,266.3861523167203
scratch__physical__d1__transition_minus_current,v5_prediction,3.0,scratch,physical,1,transition_minus_current,264.07877499216715,194.55834159533038,-28.08503302823231,274.8011534591222,262.5955971347338,290.5446895496263,0.7689075630252101,266.38857514454753
scratch__physical_modis__d2__pools_minus_base,shadow_point_prediction,3.0,scratch,physical_modis,2,pools_minus_base,264.6011690743793,188.2634870424716,28.79092698254202,272.74637359311464,263.7056641629843,285.45655756733913,0.773109243697479,266.4135939762144
modis_pretrained__physical__d1__pools_minus_current,v5_prediction,2.0,modis_pretrained,physical,1,pools_minus_current,263.6847717976504,194.8953511202855,1.5694009514753007,275.3571048588756,262.957193453707,282.5320060691232,0.773109243697479,266.42096047697083
modis_pretrained__physical__d1__full_minus_current,v5_prediction,-3.0,modis_pretrained,physical,1,full_minus_current,264.0837912040561,194.72815574226416,-39.21820606520833,274.12999857090125,263.573438656611,279.98353345942155,0.7563025210084033,266.4677549089061
modis_pretrained__physical_modis__d1__transition_features_minus_base,v5_prediction,3.0,modis_pretrained,physical_modis,1,transition_features_minus_base,264.00144281695964,192.19450551738183,-21.706273211317253,274.6577063438451,263.30035224754954,282.527580746549,0.7647058823529411,266.4902360563285
modis_pretrained__physical__d2__transition_minus_current,shadow_point_prediction,2.25,modis_pretrained,physical,2,transition_minus_current,264.53567468969584,193.7091372667856,5.909516872645398,273.837839879602,263.0886980701696,290.7194803840263,0.8025210084033614,266.4994718322908
scratch__physical__d2__transition_features_minus_base,v5_prediction,-1.5,scratch,physical,2,transition_features_minus_base,263.8062454389188,195.158838828514,-28.442987822851574,275.4924785788098,262.9033010040335,284.71131452570955,0.7773109243697479,266.50206761517023
scratch__physical_modis__d2__effect_features_minus_base,v5_prediction,-2.0,scratch,physical_modis,2,effect_features_minus_base,263.9189909714916,195.10351444518932,-18.435933598116023,275.35942851448044,262.84000060790083,286.6804677981423,0.7815126050420168,266.5093527663411
modis_pretrained__physical__d1__transition_features_minus_base,v5_prediction,-2.5,modis_pretrained,physical,1,transition_features_minus_base,263.7411133151202,199.23135314092167,0.45483390006061847,275.29062536668766,263.2735170913455,278.9716077730833,0.7647058823529411,266.51159227206836
modis_pretrained__physical_modis__d2__transition_minus_current,v5_prediction,2.25,modis_pretrained,physical_modis,2,transition_minus_current,263.43079933215597,194.9960192775622,-0.8089399619927478,277.1457897008135,262.1131601712507,288.4281236296883,0.773109243697479,266.53013713409405
scratch__physical__d2__pools_minus_base,v5_prediction,-1.25,scratch,physical,2,pools_minus_base,263.8709377501237,196.33432709028156,-23.733236357110247,275.61673216060063,262.77536880319127,286.7957214125194,0.7773109243697479,266.5334941160098
modis_pretrained__physical__d1__full_minus_current,v5_prediction,2.0,modis_pretrained,physical,1,full_minus_current,263.5118258013566,197.45713945238057,13.17206272541339,276.14645329057794,263.01589020436205,279.17521683549023,0.773109243697479,266.5464987744133
modis_pretrained__physical__d1__full_minus_current,shadow_point_prediction,2.75,modis_pretrained,physical,1,full_minus_current,263.9628952449141,196.99264650894878,29.37674007212111,274.6747007494375,263.6071959673553,277.30596599629615,0.7857142857142857,266.5519218016552
scratch__physical__d2__full_minus_current,shadow_point_prediction,-3.0,scratch,physical,2,full_minus_current,264.55814486773414,195.6826207507428,0.24122221446534714,273.6855580397701,263.419661476899,287.9368791667782,0.7857142857142857,266.55537731303434
modis_pretrained__physical_modis__d2__full_minus_current,v5_prediction,2.25,modis_pretrained,physical_modis,2,full_minus_current,263.7610174896128,195.5977320330889,5.489731335673663,275.82877001549247,262.98533285866074,283.1989185963576,0.7857142857142857,266.5840344633447
scratch__physical_modis__d1__pools_minus_current,v5_prediction,2.5,scratch,physical_modis,1,pools_minus_current,263.48887545463305,194.08460597121112,-9.17894077718394,277.1244376191031,262.35989268931615,286.72532304458844,0.7605042016806722,266.61552030442135
scratch__physical_modis__d2__transition_minus_current,v5_prediction,-2.25,scratch,physical_modis,2,transition_minus_current,264.6911050727058,195.7098746364626,22.539674257865116,272.9202063306886,264.18672003990537,280.5194497311367,0.7983193277310925,266.6222841290014
scratch__physical__d2__full_minus_base,v5_prediction,2.75,scratch,physical,2,full_minus_base,264.4947881077587,192.5519969936908,59.431846606464596,273.5302645494594,264.00334026413793,280.11945845513,0.773109243697479,266.6307952572787
modis_pretrained__physical_modis__d2__effect_features_minus_base,v5_prediction,-3.0,modis_pretrained,physical_modis,2,effect_features_minus_base,264.35245950586807,194.0462053186526,-12.659823469921674,274.4931182537478,263.3525454301033,286.32338917357566,0.7815126050420168,266.6376456738968
scratch__physical__d2__current_minus_base,v5_prediction,2.75,scratch,physical,2,current_minus_base,265.18279191544207,192.85861285781573,59.13771575221858,271.86755952871437,264.37533758706684,285.05368384089286,0.7647058823529411,266.6521202366663
scratch__physical_modis__d2__pools_minus_current,shadow_point_prediction,3.0,scratch,physical_modis,2,pools_minus_current,265.1961484573122,196.00150437275514,-37.7398503796724,272.62968247338733,263.60152882226436,292.6399716034758,0.7647058823529411,266.655877052569
scratch__physical_modis__d2__transition_minus_current,shadow_point_prediction,3.0,scratch,physical_modis,2,transition_minus_current,264.8363079346565,200.25325892430126,-39.86953316098805,273.97190982176664,262.98430663350695,294.24969428429085,0.7689075630252101,266.6572080811466
modis_pretrained__physical__d1__pools_minus_current,shadow_point_prediction,2.75,modis_pretrained,physical,1,pools_minus_current,264.56232664302354,195.5830030346293,13.423080132956235,273.7429446003559,263.91191864490736,282.4517103355834,0.7983193277310925,266.6948791328276
modis_pretrained__physical_modis__d2__current_minus_base,v5_prediction,-1.75,modis_pretrained,physical_modis,2,current_minus_base,264.06583098604955,195.10453950537627,-5.070505555103161,275.9940148920438,262.7460408994269,289.11422411385337,0.7773109243697479,266.7179294408924
modis_pretrained__physical__d2__full_minus_base,shadow_point_prediction,-2.25,modis_pretrained,physical,2,full_minus_base,264.9814959068384,191.6045841262446,-17.310075574395068,273.02488017256536,263.8962653603408,287.8536087416585,0.773109243697479,266.72103433664574
modis_pretrained__physical__d1__current_minus_base,shadow_point_prediction,-2.75,modis_pretrained,physical,1,current_minus_base,264.46954756371196,196.42480982729373,15.688517611734978,274.1591755689547,263.88810626517375,281.4154837168875,0.7857142857142857,266.7465942403881
modis_pretrained__physical__d1__current_minus_base,v5_prediction,-2.0,modis_pretrained,physical,1,current_minus_base,263.9620622219373,196.59005337258233,3.2169918451325663,275.82230805407573,263.26328958577244,282.4573159725317,0.773109243697479,266.7524305209307
scratch__physical__d2__full_minus_current,v5_prediction,2.5,scratch,physical,2,full_minus_current,265.1679661660527,198.42776704931222,-7.516653105157112,273.15796787640966,263.61990996707056,292.23098036987926,0.7605042016806722,266.7784525438964
modis_pretrained__physical_modis__d2__current_minus_base,shadow_point_prediction,-2.5,modis_pretrained,physical_modis,2,current_minus_base,264.78300054398807,195.547192525726,4.438576859753644,274.2558922302166,263.3303371314192,291.028187649658,0.7605042016806722,266.78805761240295
modis_pretrained__physical__d2__full_minus_current,shadow_point_prediction,2.75,modis_pretrained,physical,2,full_minus_current,264.552651054893,197.67678250396224,20.570176085671427,274.3619969634607,263.7522138052874,284.31613592588263,0.7815126050420168,266.8048782196335
scratch__physical__d1__pools_minus_base,v5_prediction,2.5,scratch,physical,1,pools_minus_base,263.87805971986336,190.9279611074689,1.5482986793133822,276.50807502400306,262.98261927845516,284.70294061500323,0.7899159663865546,266.81170343554624
scratch__physical_modis__d2__pools_minus_base,v5_prediction,3.0,scratch,physical_modis,2,pools_minus_base,264.57002573447494,191.27361201250991,20.444789954427552,274.2584604420021,263.8713453137442,283.08622599137243,0.7773109243697479,266.8174643061741
modis_pretrained__physical__d2__current_minus_base,shadow_point_prediction,-1.75,modis_pretrained,physical,2,current_minus_base,264.8379503629803,193.6044775218665,-0.606065732924907,273.92088989498563,263.816632130312,287.052909024084,0.7899159663865546,266.85335568781454
scratch__physical_modis__d2__full_minus_current,v5_prediction,3.0,scratch,physical_modis,2,full_minus_current,265.4992423641186,199.0798148350313,-29.865621290453703,273.05855793410706,263.6313447952385,295.0695657591397,0.773109243697479,266.92209686439566
scratch__physical_modis__d1__current_minus_base,v5_prediction,-2.75,scratch,physical_modis,1,current_minus_base,264.63418258029054,198.45577931431438,-19.81904718672163,275.3001597387923,263.126880603682,291.3314067247538,0.7647058823529411,266.9238513757639
scratch__physical__d2__full_minus_base,v5_prediction,-1.25,scratch,physical,2,full_minus_base,263.94939587592745,194.28699029454785,-38.336722698698885,276.96378519581816,262.8690282291859,286.7260519561822,0.7773109243697479,266.93290129421473
scratch__physical__d2__transition_minus_current,v5_prediction,-2.75,scratch,physical,2,transition_minus_current,264.9233417263424,196.66172863734812,21.262986860188757,273.5981865308966,264.3610247973023,281.6128525141712,0.7647058823529411,266.9514736952209
scratch__physical_modis__d1__pools_minus_base,v5_prediction,3.0,scratch,physical_modis,1,pools_minus_base,263.773312406674,188.80164882283526,3.6711735483314256,277.6165863761509,262.669199274153,286.77836953495057,0.7815126050420168,266.958102615913
modis_pretrained__physical_modis__d2__transition_features_minus_base,v5_prediction,-2.25,modis_pretrained,physical_modis,2,transition_features_minus_base,265.0613352577261,194.48515749699362,-11.270313459450811,273.5728541039247,264.2350989390031,285.14739047541536,0.7899159663865546,266.98265588959504
modis_pretrained__physical_modis__d2__full_minus_base,v5_prediction,-2.75,modis_pretrained,physical_modis,2,full_minus_base,264.6928927392671,193.10743280828933,-19.74341586073543,275.57041213419,263.00477490374544,292.8513131370379,0.773109243697479,266.9902431291174
scratch__physical_modis__d2__full_minus_current,v5_prediction,-2.75,scratch,physical_modis,2,full_minus_current,264.3601950290654,193.5682751181028,12.457400333814906,275.9469674068943,263.37604105547774,286.16581318572906,0.7983193277310925,267.01084963012573
scratch__physical__d1__current_minus_base,v5_prediction,-2.5,scratch,physical,1,current_minus_base,264.7150794777959,197.86435323334445,-28.356822146253784,275.42502057692803,263.241002474922,291.13809764509847,0.773109243697479,267.0240455018604
scratch__physical__d2__effect_features_minus_base,shadow_point_prediction,-3.0,scratch,physical,2,effect_features_minus_base,264.83283620340563,194.37762873677184,-8.400705616847837,274.6752402856728,263.8257223023596,286.8999369840791,0.7647058823529411,267.0416587487109
scratch__physical__d2__pools_minus_current,shadow_point_prediction,2.75,scratch,physical,2,pools_minus_current,265.1441953419609,194.23680693221837,-31.271446859969835,274.1586343237523,263.7238676411155,291.13127466818196,0.7773109243697479,267.0427231621974
modis_pretrained__physical__d2__transition_features_minus_base,v5_prediction,-2.0,modis_pretrained,physical,2,transition_features_minus_base,264.4329745859461,195.04095118320132,-13.872348813616284,275.6226578464967,263.7474647638328,282.77567747607696,0.7605042016806722,267.0590179455554
modis_pretrained__physical__d2__effect_features_minus_base,v5_prediction,-2.75,modis_pretrained,physical,2,effect_features_minus_base,264.40554535865584,195.29408616889606,-9.310257635363365,276.0329628930748,263.39659701139306,286.47310236263775,0.7605042016806722,267.06016265544486
modis_pretrained__physical__d2__pools_minus_current,v5_prediction,1.75,modis_pretrained,physical,2,pools_minus_current,264.853584257759,194.56601729500156,-15.699564645436986,275.1788596796022,263.5058293010747,290.19101280306177,0.7899159663865546,267.09796437404873
scratch__physical_modis__d2__pools_minus_base,v5_prediction,-1.75,scratch,physical_modis,2,pools_minus_base,264.3925613291782,197.5063006097436,-24.250865058905298,276.54466626465364,263.10261668095745,289.1878535370118,0.7815126050420168,267.10810140099187
scratch__physical__d2__effect_features_minus_base,v5_prediction,-2.0,scratch,physical,2,effect_features_minus_base,264.3774988092309,194.58197822610651,-13.759243360253299,276.34304966902414,263.3864166249475,286.2568651140886,0.773109243697479,267.1211159781084
modis_pretrained__physical__d2__current_minus_base,v5_prediction,-1.25,modis_pretrained,physical,2,current_minus_base,264.5297337041324,193.8530617667175,-8.61844334098106,276.03635289428377,263.54327328859534,286.36701351477114,0.7857142857142857,267.159773397786
scratch__physical__d2__transition_minus_current,shadow_point_prediction,-3.0,scratch,physical,2,transition_minus_current,266.224248756842,196.88893385720345,32.24976312930541,270.8097811407223,265.45372618888405,285.69402951126096,0.7394957983193278,267.1780012108226
scratch__physical_modis__d2__full_minus_base,v5_prediction,-2.0,scratch,physical_modis,2,full_minus_base,264.3489822897983,194.95740198400821,-37.416845365899306,277.03651664035505,263.01279814776,289.5580886554515,0.7773109243697479,267.1868198419279
scratch__physical__d2__current_minus_base,v5_prediction,-1.25,scratch,physical,2,current_minus_base,264.80999902596653,196.8864080659861,-38.2030268558598,275.7378542939637,263.4067755382723,290.63187764391427,0.7689075630252101,267.1911569710423
modis_pretrained__physical_modis__d2__pools_minus_current,v5_prediction,2.25,modis_pretrained,physical_modis,2,pools_minus_current,265.05622539038757,195.79895669540113,-2.8895803621499994,275.4004293477966,263.4764762262174,292.37196192235024,0.7773109243697479,267.2473390886973
scratch__physical_modis__d2__pools_minus_base,shadow_point_prediction,-2.5,scratch,physical_modis,2,pools_minus_base,264.994781160126,198.07909773231015,-22.96193671710654,275.61348919734013,263.62127337350563,290.56674176866466,0.7689075630252101,267.3060812227744
modis_pretrained__physical__d2__transition_minus_current,v5_prediction,1.75,modis_pretrained,physical,2,transition_minus_current,264.67751666310176,194.77117852416907,-3.6249367411060005,276.50096559974764,263.43472721603223,289.05371087193055,0.7857142857142857,267.3226815354958
modis_pretrained__physical_modis__d1__pools_minus_current,v5_prediction,2.75,modis_pretrained,physical_modis,1,pools_minus_current,264.16845927427846,196.70435812265907,10.375118580018421,277.6261050478471,263.5718668559267,281.3157637624057,0.7563025210084033,267.3837226130827
scratch__physical_modis__d2__transition_features_minus_base,v5_prediction,-2.25,scratch,physical_modis,2,transition_features_minus_base,265.1217385449484,196.02134715166738,-27.358408763795698,275.1275443629762,264.181225716298,286.4930214335956,0.7815126050420168,267.3880617922928
scratch__physical__d2__pools_minus_base,shadow_point_prediction,-2.0,scratch,physical,2,pools_minus_base,265.1967312548203,198.07023754088027,-24.956614268760745,275.27136480742655,264.04589110885684,288.7253087837358,0.773109243697479,267.427679606481
scratch__physical_modis__d2__pools_minus_current,shadow_point_prediction,-2.5,scratch,physical_modis,2,pools_minus_current,265.74262857028634,196.47220074737766,32.48037775140547,273.48668039748105,264.751665577262,287.6798188720827,0.7689075630252101,267.4309007788289
scratch__physical__d2__transition_minus_current,v5_prediction,2.25,scratch,physical,2,transition_minus_current,265.4483219323579,198.2876273177834,-31.549797959854974,275.1677087782831,263.7123285364372,294.02106316186973,0.7689075630252101,267.444170294859
modis_pretrained__physical_modis__d2__pools_minus_base,v5_prediction,-2.5,modis_pretrained,physical_modis,2,pools_minus_base,264.33119238941055,195.66018931060694,-9.345853978011144,277.4256526780633,263.694175538447,282.034324313914,0.7689075630252101,267.4455532488329
scratch__physical_modis__d2__transition_minus_current,v5_prediction,2.5,scratch,physical_modis,2,transition_minus_current,265.51976673140103,200.53435155049252,-41.47706595605798,275.2053817166123,263.5582195816821,295.7733001501282,0.7563025210084033,267.45078369027414
scratch__physical__d2__full_minus_current,v5_prediction,-2.75,scratch,physical,2,full_minus_current,264.5820282687625,194.56529022457283,-8.078175645081298,277.0096739986267,263.63856796892196,285.96243775237,0.8025210084033614,267.4530746262684
modis_pretrained__physical_modis__d2__transition_features_minus_base,shadow_point_prediction,-3.0,modis_pretrained,physical_modis,2,transition_features_minus_base,266.4524945416087,194.35942919247458,-4.086265987541524,271.53620749318486,265.6709451522818,286.0640996247827,0.7689075630252101,267.528035432171
scratch__physical_modis__d2__pools_minus_current,v5_prediction,2.5,scratch,physical_modis,2,pools_minus_current,265.83845963444804,197.3789420359668,-39.7023303049616,274.3073310527395,264.17447582976394,293.87183161922036,0.7773109243697479,267.5396815378499
modis_pretrained__physical__d2__pools_minus_current,shadow_point_prediction,2.25,modis_pretrained,physical,2,pools_minus_current,265.87851969088274,195.1251168171652,-9.615004718637296,273.864074116762,264.5506307825918,291.0902424140365,0.7857142857142857,267.54293607027984
scratch__physical__d1__pools_minus_current,v5_prediction,2.0,scratch,physical,1,pools_minus_current,264.62718536180853,194.7709856388042,-16.77639189905114,277.3929714162569,263.5648276396827,287.2529863646092,0.7773109243697479,267.5530424448891
modis_pretrained__physical__d2__full_minus_base,v5_prediction,-1.75,modis_pretrained,physical,2,full_minus_base,265.14941022949256,192.78187805006024,-21.684619755470806,275.8792116001134,264.06433572562617,288.0275646990248,0.7773109243697479,267.56059194618115
modis_pretrained__physical__d2__pools_minus_base,v5_prediction,-1.75,modis_pretrained,physical,2,pools_minus_base,264.67839914304795,196.01580087613675,-1.0366829064376748,276.87191164382574,264.08720610246155,281.7677758309114,0.7773109243697479,267.5789790080958
modis_pretrained__physical_modis__d2__pools_minus_current,shadow_point_prediction,2.75,modis_pretrained,physical_modis,2,pools_minus_current,266.07986987037344,195.096021070934,6.544215427894524,273.7624406452463,264.4393047066846,293.9410212072554,0.7815126050420168,267.59037127316947
modis_pretrained__physical_modis__d1__full_minus_current,v5_prediction,2.5,modis_pretrained,physical_modis,1,full_minus_current,264.47166362189387,199.07349008396992,10.709435490834258,277.39215970958924,264.0434769538746,279.0868521416737,0.773109243697479,267.5947409768129
scratch__physical__d2__full_minus_base,shadow_point_prediction,2.75,scratch,physical,2,full_minus_base,265.9008416597979,190.94145583879097,67.77798363457906,273.49527509846314,265.11371552880667,285.5581630366236,0.7857142857142857,267.6026684867164
modis_pretrained__physical__d1__pools_minus_current,v5_prediction,2.25,modis_pretrained,physical,1,pools_minus_current,264.87593232075466,196.1773296319946,2.738581669264127,276.6143156473375,264.1926108050708,283.20639314287513,0.7773109243697479,267.6396977734794
scratch__physical__d2__transition_minus_current,shadow_point_prediction,3.0,scratch,physical,2,transition_minus_current,265.9772023873449,198.67576417358723,-31.125578654747073,274.55806367709096,264.09742047887994,295.66361578652385,0.7563025210084033,267.65247223266516
modis_pretrained__physical_modis__d1__current_minus_base,v5_prediction,-2.5,modis_pretrained,physical_modis,1,current_minus_base,264.64202547885617,199.31350902993105,11.30518076984186,277.25722945749374,264.1064415732849,280.93466694165346,0.7605042016806722,267.66193049712274
modis_pretrained__physical__d2__full_minus_current,v5_prediction,2.25,modis_pretrained,physical,2,full_minus_current,264.90874627219796,198.06422270880273,8.586205630576556,276.7667734507727,264.14426780583915,284.25520107172383,0.7773109243697479,267.68213345025197
scratch__physical_modis__d2__effect_features_minus_base,v5_prediction,-2.25,scratch,physical_modis,2,effect_features_minus_base,265.09673815034415,196.3554508894489,-19.767419699026114,276.58267847458916,263.99504092682827,288.1383411153778,0.7815126050420168,267.69279892552646
scratch__physical_modis__d1__pools_minus_current,v5_prediction,2.75,scratch,physical_modis,1,pools_minus_current,264.5272484235127,195.2093922385138,-9.318430375818803,278.3909551987908,263.3699008463353,288.0875157536495,0.7647058823529411,267.7038382230379
scratch__physical_modis__d2__transition_minus_current,shadow_point_prediction,-2.75,scratch,physical_modis,2,transition_minus_current,267.0832453090756,197.22381744106232,37.62441551902412,270.3539202850225,266.3734222227141,285.832606640041,0.7773109243697479,267.72345828147195
modis_pretrained__physical_modis__d2__transition_minus_current,v5_prediction,2.5,modis_pretrained,physical_modis,2,transition_minus_current,264.60243704036725,196.30422532215346,-0.0339283143435758,278.48236167551323,263.25332192745265,289.93923922220796,0.773109243697479,267.73513942092507
modis_pretrained__physical_modis__d2__full_minus_current,v5_prediction,2.5,modis_pretrained,physical_modis,2,full_minus_current,264.91701726139183,196.98787117714497,6.964595349730214,277.01858751838034,264.1721080503139,284.0246485156005,0.7815126050420168,267.7561825228695
scratch__physical_modis__d2__pools_minus_current,v5_prediction,-2.25,scratch,physical_modis,2,pools_minus_current,265.17864831410566,197.36962035376138,20.94241217187838,276.2402090682695,264.435936675456,284.2690129943322,0.7773109243697479,267.7583605929842
modis_pretrained__physical__d1__transition_features_minus_base,v5_prediction,-2.75,modis_pretrained,physical,1,transition_features_minus_base,264.9768835487,200.81288109342913,1.27872176915021,276.57162658844726,264.5720127056692,279.21437959263613,0.7647058823529411,267.7743515978791
scratch__physical__d2__pools_minus_current,v5_prediction,2.25,scratch,physical,2,pools_minus_current,265.6652214379103,196.4924241570686,-33.82966768858448,275.6427199252608,264.1267403750904,292.6762570169445,0.7773109243697479,267.7749757940429
scratch__physical__d1__pools_minus_current,shadow_point_prediction,3.0,scratch,physical,1,pools_minus_current,265.1565676844533,193.30515916115073,-12.926428425044602,276.7555778046029,264.08556896328685,287.8935014971527,0.7899159663865546,267.7885705341991
scratch__physical_modis__d2__full_minus_base,shadow_point_prediction,-3.0,scratch,physical_modis,2,full_minus_base,265.28235374286146,197.0213335590242,-43.88710862531684,276.6119001268786,264.04155026151,289.669405084947,0.7773109243697479,267.8045394685279
scratch__physical_modis__d2__current_minus_base,v5_prediction,2.5,scratch,physical_modis,2,current_minus_base,265.9350991831667,193.94156245707165,47.65826967767672,274.04679649681617,265.35038195154806,282.97569828142633,0.7941176470588235,267.8168442036744
scratch__physical_modis__d2__current_minus_base,v5_prediction,-1.75,scratch,physical_modis,2,current_minus_base,265.8332140493386,198.9802133067011,-46.5936649187937,275.65477162861,264.00812296719096,295.10488645058376,0.7815126050420168,267.83233067361954
modis_pretrained__physical__d2__transition_features_minus_base,shadow_point_prediction,-2.75,modis_pretrained,physical,2,transition_features_minus_base,265.6980468438112,195.94455937124678,-7.809325794044692,275.1411324954927,265.1549156237621,282.134986800635,0.7563025210084033,267.92303545171933
scratch__physical_modis__d1__current_minus_base,v5_prediction,-3.0,scratch,physical_modis,1,current_minus_base,265.7453265883493,199.77232399935758,-20.913138313620387,276.23783691756967,264.1550001598343,293.18454535272974,0.7605042016806722,267.97087256352563
scratch__physical__d2__pools_minus_current,v5_prediction,-2.25,scratch,physical,2,pools_minus_current,265.62894355315797,198.89279891490816,18.261578106913888,276.05955823026574,264.7180012558115,286.6978889783405,0.7815126050420168,268.0088616480983
modis_pretrained__physical__d1__full_minus_current,v5_prediction,2.25,modis_pretrained,physical,1,full_minus_current,264.93659802936185,199.04844142650884,15.791576164944475,277.7765650795704,264.5141624972247,279.469389468537,0.7689075630252101,268.04098090887965
scratch__physical__d2__current_minus_base,shadow_point_prediction,-2.0,scratch,physical,2,current_minus_base,266.1646624984823,197.52032567801106,-48.10827906676002,275.25558503446274,264.65663155449175,292.949650784701,0.7815126050420168,268.0603853964798
scratch__physical_modis__d2__current_minus_base,shadow_point_prediction,2.5,scratch,physical_modis,2,current_minus_base,267.01738851217243,193.33685379107865,56.00440670579118,272.1692126409316,266.0695809713955,288.5476558348361,0.773109243697479,268.068392659168
scratch__physical__d2__transition_features_minus_base,shadow_point_prediction,-2.5,scratch,physical,2,transition_features_minus_base,265.81056911808963,197.55431586349727,-33.86947948274795,275.5291652018202,265.12457728461396,284.20905198363096,0.7605042016806722,268.0687201806534
modis_pretrained__physical__d2__transition_minus_current,shadow_point_prediction,2.5,modis_pretrained,physical,2,transition_minus_current,266.12890804158883,195.20223055952337,6.503675165463868,275.4277218663165,264.6168884957706,292.94528446563436,0.7983193277310925,268.0756066113162
scratch__physical__d2__pools_minus_current,shadow_point_prediction,-2.5,scratch,physical,2,pools_minus_current,266.60783622704434,198.1698203720937,29.501673234778263,273.8367651519069,265.3140644336397,291.5473553322095,0.7605042016806722,268.0916255099088
scratch__physical__d1__current_minus_base,v5_prediction,-2.75,scratch,physical,1,current_minus_base,265.8416105860947,199.19509663032787,-30.414099881795632,276.41268939685614,264.288353241879,292.98379294411376,0.773109243697479,268.0960659527311
scratch__physical_modis__d2__current_minus_base,shadow_point_prediction,-2.5,scratch,physical_modis,2,current_minus_base,266.65350976226824,199.45571462907603,-54.88022223123284,274.4118534450054,264.6844460791748,297.0300527715296,0.7857142857142857,268.10082976217916
modis_pretrained__physical__d1__current_minus_base,v5_prediction,-2.25,modis_pretrained,physical,1,current_minus_base,265.27226550970437,198.06987427581717,4.5921214246285516,277.2352117928557,264.62986225038134,283.08008864452904,0.7689075630252101,268.10240126566146
scratch__physical__d2__full_minus_base,shadow_point_prediction,-2.0,scratch,physical,2,full_minus_base,265.2672943272828,195.8517284234857,-48.32219241530257,277.6177017598755,264.3335555477116,286.57111052172166,0.7689075630252101,268.1214614905382
scratch__physical__d1__pools_minus_base,v5_prediction,2.75,scratch,physical,1,pools_minus_base,265.15154240588646,191.88400520212184,2.48153302632825,277.94970087179166,264.23623282040563,286.24881343016096,0.7899159663865546,268.1222546259925
modis_pretrained__physical__d1__pools_minus_current,shadow_point_prediction,3.0,modis_pretrained,physical,1,pools_minus_current,265.98010792353347,197.1422760993059,14.59226085074506,275.161783218216,265.3804702526817,283.2305072128686,0.7857142857142857,268.12561732949115
modis_pretrained__physical_modis__d2__full_minus_base,v5_prediction,-3.0,modis_pretrained,physical_modis,2,full_minus_base,265.8914926945423,194.12307114370162,-20.83063141254453,276.77602578481014,264.12099550221313,294.75407602395853,0.7689075630252101,268.170001669027
modis_pretrained__physical_modis__d2__current_minus_base,v5_prediction,-2.0,modis_pretrained,physical_modis,2,current_minus_base,265.5257486559037,196.79852540005484,-4.682857092855713,277.5732388800995,264.1480856811052,291.16126820900564,0.7689075630252101,268.19320546825304
scratch__physical__d2__transition_features_minus_base,v5_prediction,-1.75,scratch,physical,2,transition_features_minus_base,265.4790879740274,196.90401922895478,-31.886144994854284,277.2438760946776,264.5902569726615,286.2960641832283,0.7689075630252101,268.19807725384845
scratch__physical_modis__d2__transition_minus_current,v5_prediction,-2.5,scratch,physical_modis,2,transition_minus_current,266.41377857026373,197.52510167549192,25.908976374387386,274.0753059383748,265.93463630843377,281.90556688829,0.7941176470588235,268.209374846834
scratch__physical__d2__full_minus_current,v5_prediction,2.75,scratch,physical,2,full_minus_current,266.7441083988401,200.21835063232996,-7.489913936589295,274.3200145687915,265.09520618847023,294.7085650216837,0.7521008403361344,268.2258593887355
modis_pretrained__physical__d2__effect_features_minus_base,v5_prediction,-3.0,modis_pretrained,physical,2,effect_features_minus_base,265.5729008465425,196.82066406061463,-9.44900425759319,277.2866691413276,264.5449173419141,287.8891323128089,0.7605042016806722,268.2443470440817
modis_pretrained__physical__d2__pools_minus_base,shadow_point_prediction,-2.5,modis_pretrained,physical,2,pools_minus_base,265.91658047246085,195.99941607512238,10.201180643561479,275.9149753370955,265.34040462538644,282.83604532251314,0.7605042016806722,268.2721352268509
modis_pretrained__physical__d1__current_minus_base,shadow_point_prediction,-3.0,modis_pretrained,physical,1,current_minus_base,265.99353237961697,197.97484574475214,17.063647191230963,275.74750773138976,265.47696867217354,282.046168182715,0.7815126050420168,268.3028852906993
modis_pretrained__physical__d1__full_minus_current,shadow_point_prediction,3.0,modis_pretrained,physical,1,full_minus_current,265.6678790355119,198.84976824221053,31.996253511652196,276.545801227411,265.3835049239002,277.6724131558631,0.7773109243697479,268.3162660555837
scratch__physical_modis__d2__full_minus_current,v5_prediction,-3.0,scratch,physical_modis,2,full_minus_current,265.72612568131046,194.7370817220705,14.297531708783106,277.2054345661626,264.70071719489886,288.02247069041914,0.7941176470588235,268.3396007809206
scratch__physical__d2__current_minus_base,shadow_point_prediction,2.75,scratch,physical,2,current_minus_base,267.71086269726266,193.7990667878347,67.48385278033305,271.56641716774936,266.4194011508986,292.6836105718801,0.773109243697479,268.3518859282933
modis_pretrained__physical__d2__full_minus_current,shadow_point_prediction,3.0,modis_pretrained,physical,2,full_minus_current,266.1251689159125,199.63945573128845,22.38909279916163,275.9076423247492,265.3527609693527,285.6139992450491,0.7815126050420168,268.3776852814817
scratch__physical__d2__effect_features_minus_base,v5_prediction,-2.25,scratch,physical,2,effect_features_minus_base,265.63579647207655,195.79964685228407,-14.506143181430549,277.72120391004046,264.6370358138154,287.6504154663542,0.7689075630252101,268.40745816700223
modis_pretrained__physical__d2__full_minus_base,shadow_point_prediction,-2.5,modis_pretrained,physical,2,full_minus_base,266.7218121210126,193.02744046178026,-19.295871997914425,274.6435945454217,265.62666449075925,289.772061000868,0.7605042016806722,268.42847081955153
modis_pretrained__physical_modis__d2__transition_features_minus_base,v5_prediction,-2.5,modis_pretrained,physical_modis,2,transition_features_minus_base,266.5841682313805,196.12094578516073,-11.657676644852534,274.7961007672973,265.7827368308728,286.4383790215184,0.7773109243697479,268.43679351523275
modis_pretrained__physical_modis__d2__current_minus_base,shadow_point_prediction,-2.75,modis_pretrained,physical_modis,2,current_minus_base,266.4652324781519,197.37637818787536,4.8262253220010916,275.98101031049293,264.96333911055257,293.21487087472156,0.7605042016806722,268.46870359433734
scratch__physical__d2__transition_minus_current,v5_prediction,-3.0,scratch,physical,2,transition_minus_current,266.6088688975076,198.51545344892014,23.90362610119094,274.83116895155314,266.05562332529166,283.222284963447,0.7521008403361344,268.526132517965
scratch__physical__d2__pools_minus_base,v5_prediction,-1.5,scratch,physical,2,pools_minus_base,265.8520525122247,198.85044279033306,-26.923074670365235,277.6915132880839,264.7249589765919,289.1792003225106,0.773109243697479,268.53014432228133
modis_pretrained__physical__d2__transition_features_minus_base,v5_prediction,-2.25,modis_pretrained,physical,2,transition_features_minus_base,265.94938416741206,196.75234522016314,-14.633386816463906,277.1806776199151,265.3022924574942,283.8432890818385,0.7563025210084033,268.5954346030584
modis_pretrained__physical_modis__d1__pools_minus_current,v5_prediction,3.0,modis_pretrained,physical_modis,1,pools_minus_current,265.35571398701535,197.88931032223303,12.025951613732397,278.95216676863544,264.8135345611761,281.767792397352,0.7521008403361344,268.61928232596057
modis_pretrained__physical_modis__d2__pools_minus_current,v5_prediction,2.5,modis_pretrained,physical_modis,2,pools_minus_current,266.54831617657385,197.12644663350414,-2.345750981184967,276.7578563348309,264.91388861607777,294.38652804445456,0.7773109243697479,268.69209432601406
scratch__physical_modis__d2__full_minus_base,v5_prediction,-2.25,scratch,physical_modis,2,full_minus_base,265.8428865208338,196.40065697150158,-41.12094543778231,278.7184472445971,264.4619869235788,291.5229881275576,0.7689075630252101,268.7165518024609
modis_pretrained__physical__d2__pools_minus_current,v5_prediction,2.0,modis_pretrained,physical,2,pools_minus_current,266.5362386715744,196.08808904939025,-16.83035319609437,276.6817507235053,265.14043185366836,292.382273231239,0.7857142857142857,268.72366498008057
modis_pretrained__physical_modis__d2__pools_minus_base,v5_prediction,-2.75,modis_pretrained,physical_modis,2,pools_minus_base,265.5644370903577,197.18280403176604,-9.502034896728729,278.8899468420165,264.9566271235378,282.9136867502449,0.7689075630252101,268.74386203656746
scratch__physical_modis__d2__transition_features_minus_base,v5_prediction,-2.5,scratch,physical_modis,2,transition_features_minus_base,266.5342397282265,197.5361592311709,-29.533338094124634,276.3650166473139,265.6032831732421,287.86079685061145,0.7815126050420168,268.75919481925223
modis_pretrained__physical__d2__transition_minus_current,v5_prediction,2.0,modis_pretrained,physical,2,transition_minus_current,266.1242029515286,196.27394476874974,-3.0307784482875304,278.0325344802715,264.82785873450877,291.0632667679558,0.7815126050420168,268.77719977945935
scratch__physical__d2__full_minus_base,v5_prediction,3.0,scratch,physical,2,full_minus_base,266.68812786938673,194.58673513363672,65.54238218803731,275.66736364014884,266.23465251387586,281.7803061602851,0.7605042016806722,268.8195679731996
scratch__physical_modis__d1__pools_minus_current,v5_prediction,3.0,scratch,physical_modis,1,pools_minus_current,265.6336008573054,196.44619932506404,-9.457919974453665,279.72248447446816,264.4462559702034,289.5338546548103,0.7647058823529411,268.8589855398206
scratch__physical_modis__d2__pools_minus_base,v5_prediction,-2.0,scratch,physical_modis,2,pools_minus_base,266.12893024188486,199.66811974013496,-26.603267954343867,278.41205106706155,264.7749368601329,291.5861345656184,0.7689075630252101,268.8612121027411
scratch__physical__d2__current_minus_base,v5_prediction,3.0,scratch,physical,2,current_minus_base,267.60644887246104,194.59322261404708,65.22151216522349,273.5685549492777,266.75837392613676,288.04643204360053,0.7605042016806722,268.8849566550841
modis_pretrained__physical__d2__current_minus_base,shadow_point_prediction,-2.0,modis_pretrained,physical,2,current_minus_base,266.887884988991,195.5816664356431,-0.7729454429540602,275.9583083512864,265.86645100991245,289.19397512394346,0.7815126050420168,268.9001323347952
modis_pretrained__physical__d1__pools_minus_current,v5_prediction,2.5,modis_pretrained,physical,1,pools_minus_current,266.142944688366,197.57855178760252,3.9077623870529514,277.9492424786388,265.5063451862852,283.9032925748002,0.7773109243697479,268.935369260414
scratch__physical_modis__d2__effect_features_minus_base,v5_prediction,-2.5,scratch,physical_modis,2,effect_features_minus_base,266.3412193969549,197.6826230265038,-21.098905799936205,277.8763922687487,265.2158033001353,289.6743974895166,0.7773109243697479,268.9436585906985
modis_pretrained__physical_modis__d1__full_minus_current,v5_prediction,2.75,modis_pretrained,physical_modis,1,full_minus_current,265.7811171892621,200.5809035874725,12.558783519001214,278.8720706108592,265.41505422644235,279.35963182301856,0.773109243697479,268.96233980395647
scratch__physical__d2__full_minus_current,v5_prediction,-3.0,scratch,physical,2,full_minus_current,266.10610065529426,195.91639378273274,-8.104914813649117,278.5181717561321,265.1306090077065,287.894988488999,0.7983193277310925,268.96524551860676
scratch__physical__d1__pools_minus_current,v5_prediction,2.25,scratch,physical,1,pools_minus_current,265.98985111248686,196.01171696364634,-17.90043528757812,278.9978071263603,264.90079923565656,288.9459122350435,0.7773109243697479,268.9695771467476
modis_pretrained__physical_modis__d2__full_minus_current,v5_prediction,2.75,modis_pretrained,physical_modis,2,full_minus_current,266.15061685240283,198.44598390917938,8.439459363786764,278.2742955083972,265.43826996572227,284.8978611361168,0.7815126050420168,269.0034497947313
modis_pretrained__physical_modis__d2__transition_minus_current,v5_prediction,2.75,modis_pretrained,physical_modis,2,transition_minus_current,265.8617262585014,197.64184465582892,0.7410833333055981,279.8845243561196,264.4838243015535,291.51647441165784,0.7689075630252101,269.022950293669
modis_pretrained__physical_modis__d1__current_minus_base,v5_prediction,-2.75,modis_pretrained,physical_modis,1,current_minus_base,265.9761107341764,200.82374765334978,13.214103325909575,278.6855764156976,265.50623221712584,281.30914761728195,0.7563025210084033,269.03600752529405
scratch__physical__d2__transition_minus_current,v5_prediction,2.5,scratch,physical,2,transition_minus_current,267.1826473829951,200.13369818159416,-34.19043720085716,276.5494562220315,265.326069322617,296.7687791357956,0.7647058823529411,269.0602050776597
modis_pretrained__physical__d2__current_minus_base,v5_prediction,-1.5,modis_pretrained,physical,2,current_minus_base,266.42523415509567,195.53524853151092,-8.785323051010213,278.00585354890643,265.43319394377346,288.40328204557835,0.7857142857142857,269.0723789507178
modis_pretrained__physical__d2__full_minus_current,v5_prediction,2.5,modis_pretrained,physical,2,full_minus_current,266.30876838252647,199.8182476600307,10.405122344066767,278.17904288643456,265.5724477634288,285.3622205352173,0.7773109243697479,269.09225685372905
scratch__physical_modis__d2__transition_minus_current,v5_prediction,2.75,scratch,physical_modis,2,transition_minus_current,267.3236162859601,202.68609519298437,-44.84636807258024,276.5893800835716,265.2270497513068,298.64153619687465,0.7436974789915967,269.11591560169967
modis_pretrained__physical__d2__full_minus_base,v5_prediction,-2.0,modis_pretrained,physical,2,full_minus_base,266.7409496748957,194.04439740261833,-23.670416178990163,277.4161156952784,265.6360804205604,289.8890598718944,0.7773109243697479,269.13352386640753
modis_pretrained__physical__d1__transition_features_minus_base,v5_prediction,-3.0,modis_pretrained,physical,1,transition_features_minus_base,266.3101205701817,202.39596946736665,2.102609638239801,277.95216478662087,265.9669175317662,279.482800660714,0.7605042016806722,269.1348308646876
scratch__physical__d2__full_minus_base,v5_prediction,-1.5,scratch,physical,2,full_minus_base,266.07954078520305,196.3093334698024,-44.44725828027159,279.4975753875073,264.97849873110414,289.1594258157877,0.7773109243697479,269.15878892225436
scratch__physical__d2__pools_minus_current,shadow_point_prediction,3.0,scratch,physical,2,pools_minus_current,267.3799857913645,196.0186382408761,-34.165404959719744,276.22434371505017,265.87512995681607,294.20306797278255,0.7689075630252101,269.21486131364884
scratch__physical__d1__current_minus_base,v5_prediction,-3.0,scratch,physical,1,current_minus_base,267.0298210190096,200.5529472462508,-32.47137761733748,277.4469861942121,265.39233050090854,294.9192034261069,0.773109243697479,269.22473968328495
scratch__physical_modis__d2__pools_minus_current,v5_prediction,2.75,scratch,physical_modis,2,pools_minus_current,267.7211456594533,199.02084206087014,-42.894158856374226,275.76721738008735,265.9505968876454,296.68969004790904,0.7689075630252101,269.29002639665987
modis_pretrained__physical__d2__pools_minus_base,v5_prediction,-2.0,modis_pretrained,physical,2,pools_minus_base,266.3726583937935,198.00635145315255,-0.07277406580944344,278.7240754054366,265.8260566587614,282.8818691879138,0.7773109243697479,269.32386221294627
modis_pretrained__physical_modis__d2__pools_minus_current,shadow_point_prediction,3.0,modis_pretrained,physical_modis,2,pools_minus_current,267.8724164521607,196.98448776932048,7.088044808859556,275.365305138552,266.19623490652066,296.11606140187786,0.7773109243697479,269.3265932373485
scratch__physical_modis__d2__pools_minus_base,shadow_point_prediction,-2.75,scratch,physical_modis,2,pools_minus_base,267.01451120404744,200.52609327468028,-25.31433961254511,277.7585412701623,265.58497816456395,293.1778860733816,0.7647058823529411,269.3431354607053
modis_pretrained__physical__d2__pools_minus_current,shadow_point_prediction,2.5,modis_pretrained,physical,2,pools_minus_current,267.8752577671626,197.1010826395571,-10.745793269294682,275.64785768131907,266.5247287404877,293.3896257928356,0.7815126050420168,269.480775489033
scratch__physical__d2__current_minus_base,v5_prediction,-1.5,scratch,physical,2,current_minus_base,267.1908245827331,199.15634646279258,-44.286823268864694,277.89219657880574,265.6563639548697,294.25064715061797,0.7689075630252101,269.4825524247854
scratch__physical_modis__d2__pools_minus_current,shadow_point_prediction,-2.75,scratch,physical_modis,2,pools_minus_current,267.8923860132225,198.59639114199558,35.6722063028181,275.32553427833034,266.8765849069939,290.183642040779,0.7605042016806722,269.4967228029423
scratch__physical__d1__pools_minus_base,v5_prediction,3.0,scratch,physical,1,pools_minus_base,266.52653104431204,192.9065388625662,3.4147673733431163,279.49694952262536,265.58708008922457,287.9454038232276,0.7899159663865546,269.5342729251185
scratch__physical_modis__d2__pools_minus_current,v5_prediction,-2.5,scratch,physical_modis,2,pools_minus_current,266.9969280080988,199.43681062200588,24.134240723291015,277.89155130264817,266.25368619298047,286.16182911018313,0.7773109243697479,269.5347733779565
modis_pretrained__physical__d1__current_minus_base,v5_prediction,-2.5,modis_pretrained,physical,1,current_minus_base,266.67602195483596,199.6280155327601,5.967251004124534,278.7462159216115,266.0930778359185,283.71620506873234,0.7647058823529411,269.54783441680047
modis_pretrained__physical__d1__full_minus_current,v5_prediction,2.5,modis_pretrained,physical,1,full_minus_current,266.4910188610422,200.69958992090122,18.411089604475563,279.5415685654571,266.1409953050537,279.7950698482712,0.773109243697479,269.66615039814883
scratch__physical__d2__pools_minus_current,v5_prediction,2.5,scratch,physical,2,pools_minus_current,267.65527206806706,198.21070292975932,-36.72362578833439,277.38200061263325,266.00772077032167,295.6596542049154,0.7773109243697479,269.67506637977226
scratch__physical_modis__d2__transition_minus_current,shadow_point_prediction,-3.0,scratch,physical_modis,2,transition_minus_current,269.2788117696912,199.39574350032692,40.99371763554639,271.7405528291852,268.5727388925843,288.0602321082981,0.7689075630252101,269.71772881528796
scratch__physical__d2__pools_minus_base,shadow_point_prediction,-2.25,scratch,physical,2,pools_minus_base,267.48722791584015,200.99753550169055,-28.146452582015733,277.6362644012639,266.3162086667418,291.3180905853708,0.7773109243697479,269.73173222492153
modis_pretrained__physical__d2__transition_minus_current,shadow_point_prediction,2.75,modis_pretrained,physical,2,transition_minus_current,267.8039892824489,196.7762480417428,7.097833458282338,277.10072505927997,266.2244770451534,295.2676259382852,0.8025210084033614,269.7332951673328
scratch__physical__d2__effect_features_minus_base,v5_prediction,-2.5,scratch,physical,2,effect_features_minus_base,266.96559416754945,197.10044138008612,-15.2530430026078,279.176246747601,265.9590242681568,289.1198938451544,0.7647058823529411,269.7666148377142
modis_pretrained__physical_modis__d2__current_minus_base,v5_prediction,-2.25,modis_pretrained,physical_modis,2,current_minus_base,267.0933484563804,198.64613947145375,-4.295208630608265,279.2641264168708,265.65748186283093,293.31537621401145,0.7605042016806722,269.7770762981156
modis_pretrained__physical__d2__transition_features_minus_base,shadow_point_prediction,-3.0,modis_pretrained,physical,2,transition_features_minus_base,267.52464990849774,197.97737495636602,-8.570363796892314,277.0378024473538,267.0247655691721,283.37141297446584,0.7478991596638656,269.7779669583803
scratch__physical__d2__full_minus_current,v5_prediction,3.0,scratch,physical,2,full_minus_current,268.45047978381774,202.10473411657657,-7.463174768021477,275.59875689660936,266.6928923995632,297.3614632778571,0.7563025210084033,269.798152215952
scratch__physical_modis__d2__current_minus_base,v5_prediction,2.75,scratch,physical_modis,2,current_minus_base,268.1755822228043,195.61300260059693,53.20250112452793,275.67488883491876,267.5839643547943,285.3874730177585,0.7689075630252101,269.9025044088304
scratch__physical_modis__d2__current_minus_base,v5_prediction,-2.0,scratch,physical_modis,2,current_minus_base,268.06265980393863,201.14987483175997,-52.137896365644906,277.4608797288137,266.0549336449953,298.8018703615691,0.7815126050420168,269.91028324542157
scratch__physical__d2__pools_minus_current,v5_prediction,-2.5,scratch,physical,2,pools_minus_current,267.6152627493448,201.20495330785698,21.155536206663797,277.84221637463776,266.6759844925954,289.07795206925954,0.7773109243697479,269.9371815914807
scratch__physical_modis__d2__transition_minus_current,v5_prediction,-2.75,scratch,physical_modis,2,transition_minus_current,268.30025382002515,199.4004237359077,29.27827849090965,275.3522897932476,267.84277050703656,283.5040759125529,0.7899159663865546,269.9488919850836
modis_pretrained__physical_modis__d2__transition_features_minus_base,v5_prediction,-2.75,modis_pretrained,physical_modis,2,transition_features_minus_base,268.22585535695856,197.81165590900824,-12.04503983025426,276.1400526062136,267.45103825246747,287.823853954997,0.7815126050420168,270.01070039314953
scratch__physical__d2__transition_features_minus_base,v5_prediction,-2.0,scratch,physical,2,transition_features_minus_base,267.29889917584154,198.92238436847103,-35.329302166857,279.14221423995775,266.4262858105386,288.0071970475067,0.7605042016806722,270.0415746005449
scratch__physical__d2__transition_features_minus_base,shadow_point_prediction,-2.75,scratch,physical,2,transition_features_minus_base,267.81804116069924,199.7600728993148,-37.31263665475066,277.5787738123719,267.16727499117553,285.8260623296811,0.7605042016806722,270.09553278123644
modis_pretrained__physical_modis__d2__pools_minus_base,v5_prediction,-3.0,modis_pretrained,physical_modis,2,pools_minus_base,266.8843841538833,198.7936512316514,-9.658215815446313,280.4477464172875,266.3053315364515,283.87646981654586,0.7689075630252101,270.1304615653764
scratch__physical__d2__full_minus_base,shadow_point_prediction,3.0,scratch,physical,2,full_minus_base,268.45938531883974,193.05309285902297,73.88851921615178,276.0432618860254,267.6982290264184,287.8997077319128,0.7773109243697479,270.16506538753083
scratch__physical_modis__d2__transition_features_minus_base,v5_prediction,-2.75,scratch,physical_modis,2,transition_features_minus_base,268.04366974451204,199.13426487389395,-31.708267424453567,277.692449898277,267.12402475903576,289.3088007696044,0.7773109243697479,270.2259535365842
modis_pretrained__physical__d2__full_minus_base,shadow_point_prediction,-2.75,modis_pretrained,physical,2,full_minus_base,268.56189471515484,194.6037960188014,-21.281668421433785,276.36799211994037,267.45728182235246,291.7902572506198,0.7521008403361344,270.2372658431506
modis_pretrained__physical_modis__d2__pools_minus_current,v5_prediction,2.75,modis_pretrained,physical_modis,2,pools_minus_current,268.153630789485,198.53808358522258,-1.8019216002199343,278.2220628258462,266.469190439728,296.4781932885301,0.7773109243697479,270.24962871113604
modis_pretrained__physical_modis__d2__current_minus_base,shadow_point_prediction,-3.0,modis_pretrained,physical_modis,2,current_minus_base,268.2520761292099,199.22115183813213,5.213873784248539,277.8166380111868,266.7010738375271,295.50582277830705,0.7605042016806722,270.25546602678344
modis_pretrained__physical__d2__transition_features_minus_base,v5_prediction,-2.5,modis_pretrained,physical,2,transition_features_minus_base,267.58998397722195,198.6814209952023,-15.39442481931153,278.8725246261309,266.98190931853765,285.01131922452277,0.7563025210084033,270.2586004747781
scratch__physical_modis__d2__effect_features_minus_base,v5_prediction,-2.75,scratch,physical_modis,2,effect_features_minus_base,267.6515038461852,199.15088763031892,-22.430391900846296,279.2395905242914,266.50137002645033,291.2874000665661,0.773109243697479,270.26099206077805
modis_pretrained__physical__d2__pools_minus_base,shadow_point_prediction,-2.75,modis_pretrained,physical,2,pools_minus_base,267.91023266791154,198.3103958485897,11.16508948418971,278.00567052011735,267.37120297437275,284.35745000575906,0.7605042016806722,270.2993347075783
modis_pretrained__physical__d1__pools_minus_current,v5_prediction,2.75,modis_pretrained,physical,1,pools_minus_current,267.4847310255221,199.057753599995,5.076943104841776,279.3607712555121,266.8967551682498,284.6225390001479,0.7689075630252101,270.30674711870154
modis_pretrained__physical__d2__transition_minus_current,v5_prediction,2.25,modis_pretrained,physical,2,transition_minus_current,267.6544478138482,197.82896130571436,-2.4366201554690603,279.64711855268797,266.30218414782235,293.17317506061374,0.7815126050420168,270.31454958205165
modis_pretrained__physical_modis__d2__full_minus_current,v5_prediction,3.0,modis_pretrained,physical_modis,2,full_minus_current,267.4607425322111,199.9544888248175,9.914323377843315,279.5950062113202,266.7824830731851,285.8181212602122,0.7773109243697479,270.32474358723186
scratch__physical__d2__pools_minus_current,shadow_point_prediction,-2.75,scratch,physical,2,pools_minus_current,268.9692808767609,200.57730020810988,32.39563133452817,275.8744404091862,267.60581052656346,294.65399397357027,0.7521008403361344,270.35470317231784
scratch__physical_modis__d2__full_minus_base,v5_prediction,-2.5,scratch,physical_modis,2,full_minus_base,267.4585235423382,198.0861888584816,-44.82504550966531,280.5223922164149,266.034689435195,293.59563703441285,0.7689075630252101,270.36853218407157
modis_pretrained__physical_modis__d2__transition_minus_current,v5_prediction,3.0,modis_pretrained,physical_modis,2,transition_minus_current,267.2074277431769,199.01331035517032,1.5160949809547701,281.3512970965789,265.8034967910895,293.1587620019104,0.7689075630252101,270.3924123435055
modis_pretrained__physical_modis__d1__full_minus_current,v5_prediction,3.0,modis_pretrained,physical_modis,1,full_minus_current,267.18782476981136,202.08831709097512,14.40813154716817,280.44871767974746,266.88203850161943,279.6613667485783,0.7773109243697479,270.4266014302474
scratch__physical__d1__pools_minus_current,v5_prediction,2.5,scratch,physical,1,pools_minus_current,267.43933611592126,197.32664322431094,-19.0244786761051,280.6991384745352,266.32120113397644,290.7510257072471,0.7773109243697479,270.47475296008855
modis_pretrained__physical__d2__pools_minus_current,v5_prediction,2.25,modis_pretrained,physical,2,pools_minus_current,268.352102898984,197.79098111968992,-17.961141746751753,278.3062364926502,266.91177494637043,294.67786082978245,0.7857142857142857,270.48055430924717
scratch__physical_modis__d2__current_minus_base,shadow_point_prediction,2.75,scratch,physical_modis,2,current_minus_base,269.63009364687946,195.5295597953957,61.54863815264239,274.07957831163407,268.6419205485311,291.70500629223983,0.7647058823529411,270.495421538481
modis_pretrained__physical_modis__d1__current_minus_base,v5_prediction,-3.0,modis_pretrained,physical_modis,1,current_minus_base,267.4086681411125,202.33632651842981,15.123025881977288,280.2042501689509,267.0047132297833,281.6975315463892,0.7521008403361344,270.5065749202398
scratch__physical_modis__d2__current_minus_base,shadow_point_prediction,-2.75,scratch,physical_modis,2,current_minus_base,269.2336842796017,201.93697999166739,-60.42445367808404,276.5284411216602,267.1005620290731,300.9246143368837,0.7773109243697479,270.52409292748416
modis_pretrained__physical__d2__full_minus_current,v5_prediction,2.75,modis_pretrained,physical,2,full_minus_current,267.80791373850224,201.67347626643667,12.224039057556972,279.6792478623842,267.1009023545733,286.5479232663156,0.7857142857142857,270.59899442349047
scratch__physical__d2__current_minus_base,shadow_point_prediction,-2.25,scratch,physical,2,current_minus_base,268.89557098988956,200.111167753573,-54.192075479764924,277.70336788311437,267.2708619791733,296.7855097813817,0.7815126050420168,270.6913429605167
scratch__physical__d2__pools_minus_base,v5_prediction,-1.75,scratch,physical,2,pools_minus_base,268.02599081110407,201.5154937298212,-30.112912983620227,279.95508921868384,266.86779773445977,291.7577612264682,0.773109243697479,270.7187171438379
scratch__physical__d2__full_minus_base,shadow_point_prediction,-2.25,scratch,physical,2,full_minus_base,267.7657525446756,198.33943918611848,-54.43272799687528,280.5547273410806,266.84695519384417,289.01000416258915,0.7647058823529411,270.733296906069
scratch__physical_modis__d2__pools_minus_base,v5_prediction,-2.25,scratch,physical_modis,2,pools_minus_base,268.0268656367233,201.83273909778097,-28.95567084978244,280.4399972638097,266.60567314764637,294.17042869774093,0.773109243697479,270.77485042122566
modis_pretrained__physical__d2__full_minus_base,v5_prediction,-2.25,modis_pretrained,physical,2,full_minus_base,268.43415033424674,195.46374078120155,-25.65621260250953,279.05860910174965,267.3099907100414,291.85101620341806,0.7689075630252101,270.8092251200711
scratch__physical__d2__transition_minus_current,v5_prediction,2.75,scratch,physical,2,transition_minus_current,269.06685663312527,202.080986841479,-36.83107644185935,278.04754504683945,267.08355891849334,299.69254378252305,0.7521008403361344,270.8162043078958
scratch__physical_modis__d2__transition_minus_current,v5_prediction,3.0,scratch,physical_modis,2,transition_minus_current,269.2896017369365,204.96224543948628,-48.21567018910251,278.091970563311,267.052937850742,301.6884397083099,0.7436974789915967,270.9310279719815
scratch__physical__d2__current_minus_base,shadow_point_prediction,3.0,scratch,physical,2,current_minus_base,270.5867679855458,195.93361982762463,73.56764919333794,273.6594472960105,269.20729196705986,296.4952556255269,0.773109243697479,271.0100688085405
modis_pretrained__physical__d2__current_minus_base,shadow_point_prediction,-2.25,modis_pretrained,physical,2,current_minus_base,269.05905698360385,197.68679540542055,-0.9398251529832135,278.12449709926335,268.0389280360952,291.4463884316007,0.7857142857142857,271.0703847756415
modis_pretrained__physical__d1__current_minus_base,v5_prediction,-2.75,modis_pretrained,physical,1,current_minus_base,268.17186243801393,201.20015284448715,7.342380583620519,280.35373426912275,267.6504280645032,284.36557569655366,0.7563025210084033,271.0869718024135
modis_pretrained__physical__d2__current_minus_base,v5_prediction,-1.75,modis_pretrained,physical,2,current_minus_base,268.4445204603602,197.38111870069272,-8.952202761039366,280.1041859864042,267.44840618353794,290.5527476603692,0.7815126050420168,271.1104082726656
scratch__physical__d2__effect_features_minus_base,v5_prediction,-2.75,scratch,physical,2,effect_features_minus_base,268.36582901379154,198.52700206974524,-15.99994282378505,280.706982529616,267.351323884455,290.66414867015686,0.7605042016806722,271.1974911104135
scratch__physical_modis__d2__pools_minus_current,v5_prediction,3.0,scratch,physical_modis,2,pools_minus_current,269.77350779575704,200.742786241083,-46.08598740778686,277.3743136420799,267.8903836445965,299.7099980228111,0.7689075630252101,271.20292821954763
modis_pretrained__physical__d2__pools_minus_base,v5_prediction,-2.25,modis_pretrained,physical,2,pools_minus_base,268.20883978805364,200.19469794360742,0.8911347748187878,280.72207857302726,267.7051628269435,284.1346344025463,0.7689075630252101,271.2112302440195
modis_pretrained__physical__d1__full_minus_current,v5_prediction,2.75,modis_pretrained,physical,1,full_minus_current,268.1728338438452,202.4178092908633,21.030603044006654,281.4389258984256,267.8924575255842,280.1521480902646,0.7773109243697479,271.41926277792504
modis_pretrained__physical_modis__d2__current_minus_base,v5_prediction,-2.5,modis_pretrained,physical_modis,2,current_minus_base,268.76674620466474,200.54664342617187,-3.9075601683608174,281.0646622028413,267.2724748321515,295.57420733282385,0.7563025210084033,271.46765736108057
modis_pretrained__physical__d2__transition_minus_current,shadow_point_prediction,3.0,modis_pretrained,physical,2,transition_minus_current,269.55939257256335,198.49778806323033,7.691991751100808,278.855353396085,267.90998390085497,297.6842454422091,0.7941176470588235,271.47103061051666
scratch__physical_modis__d2__pools_minus_current,v5_prediction,-2.75,scratch,physical_modis,2,pools_minus_current,268.98626744250464,201.51269537692409,27.326069274703645,279.6867548513568,268.23859522511,288.2802544455995,0.7605042016806722,271.474471240369
scratch__physical_modis__d2__pools_minus_base,shadow_point_prediction,-3.0,scratch,physical_modis,2,pools_minus_base,269.19115236359283,203.04063910067268,-27.66674250798368,280.06039208631887,267.70287404272926,295.9703065420155,0.7563025210084033,271.5363927140585
modis_pretrained__physical__d2__pools_minus_current,shadow_point_prediction,2.75,modis_pretrained,physical,2,pools_minus_current,270.00010997912625,199.13973930097973,-11.876581819952065,277.5502396237328,268.6305097839141,295.7913014140327,0.7857142857142857,271.5452423414748
scratch__physical__d2__full_minus_base,v5_prediction,-1.75,scratch,physical,2,full_minus_base,268.4442357436382,198.58352161913163,-50.55779386184431,282.27793071141724,267.3254942583315,291.80789249716423,0.773109243697479,271.6229741142563
scratch__physical_modis__d2__effect_features_minus_base,v5_prediction,-3.0,scratch,physical_modis,2,effect_features_minus_base,269.0266300234143,200.6862306300375,-23.761878001756386,280.671260801339,267.85079383888785,292.9760779493738,0.7773109243697479,271.6438286717639
modis_pretrained__physical_modis__d2__transition_features_minus_base,v5_prediction,-3.0,modis_pretrained,physical_modis,2,transition_features_minus_base,269.9842285017292,199.50236603285575,-12.432403015655984,277.60295652590355,269.2375997348647,289.3024577877558,0.773109243697479,271.70225331605667
scratch__physical_modis__d2__pools_minus_current,shadow_point_prediction,-3.0,scratch,physical_modis,2,pools_minus_current,270.2075587230911,200.78996987963086,38.86403485423074,277.3071233687329,269.1628842188485,292.90033458917003,0.7394957983193278,271.72128125844085
modis_pretrained__physical__d1__pools_minus_current,v5_prediction,3.0,modis_pretrained,physical,1,pools_minus_current,268.9001719895185,200.61313011455323,6.246123822630601,280.8477469860158,268.3621445952891,285.36396344533597,0.7647058823529411,271.75255889008554
scratch__physical__d2__pools_minus_current,v5_prediction,2.75,scratch,physical,2,pools_minus_current,269.83751812190167,199.9694892714267,-39.6175838880843,279.2941698417802,268.07205904103165,298.888570000082,0.773109243697479,271.7603162816538
scratch__physical_modis__d2__transition_features_minus_base,v5_prediction,-3.0,scratch,physical_modis,2,transition_features_minus_base,269.6484008424674,200.90404059765305,-33.883196754782496,279.10856056257467,268.7417161406284,290.8358348759375,0.7773109243697479,271.7867695970345
scratch__physical_modis__d2__transition_minus_current,v5_prediction,-3.0,scratch,physical_modis,2,transition_minus_current,270.3471018302644,201.42263367475292,32.64758060743192,276.74947069705183,269.90792546074437,285.3114069341199,0.7815126050420168,271.83789995458125
modis_pretrained__physical_modis__d2__pools_minus_current,v5_prediction,3.0,modis_pretrained,physical_modis,2,pools_minus_current,269.8701487109122,200.19464384107982,-1.2580922192549018,279.79137242775255,268.1405511341594,298.64533768838913,0.7773109243697479,271.91805524593406
modis_pretrained__physical__d2__transition_minus_current,v5_prediction,2.5,modis_pretrained,physical,2,transition_minus_current,269.266826662319,199.4353265721437,-1.8424618626505902,281.3432885879561,267.85630348474064,295.38128530645776,0.7941176470588235,271.9333113493337
scratch__physical__d2__current_minus_base,v5_prediction,-1.75,scratch,physical,2,current_minus_base,269.82958061554194,201.51943676566722,-50.370619681869584,280.25259397237977,268.15075737081605,298.2036090926909,0.7689075630252101,272.0156281435699
scratch__physical__d2__transition_features_minus_base,v5_prediction,-2.25,scratch,physical,2,transition_features_minus_base,269.26269919887727,201.04887698873588,-38.77245933885971,281.1845169454617,268.408222711623,289.84247475485705,0.7647058823529411,272.0295345137098
modis_pretrained__physical__d2__transition_features_minus_base,v5_prediction,-2.75,modis_pretrained,physical,2,transition_features_minus_base,269.35250473326596,200.90973128562473,-16.155462822159155,280.69577901157857,268.7837498168119,286.278538769455,0.7521008403361344,272.04613457373057
scratch__physical__d2__pools_minus_current,v5_prediction,-2.75,scratch,physical,2,pools_minus_current,269.7938635251263,203.70650678515685,24.049494306413706,279.79690587517894,268.8201942207324,291.72067401793714,0.7689075630252101,272.051206786541
scratch__physical__d1__pools_minus_current,v5_prediction,2.75,scratch,physical,1,pools_minus_current,268.97423678552997,198.7803477969009,-20.148522064632083,282.49522202725103,267.82463306470703,292.6662509289561,0.7773109243697479,272.0670821657545
scratch__physical_modis__d2__full_minus_base,v5_prediction,-2.75,scratch,physical_modis,2,full_minus_base,269.1937015288577,199.91637144885763,-48.529145581548306,282.4460136970678,267.72883804902483,295.7737702066667,0.7647058823529411,272.14056370095204
modis_pretrained__physical__d2__full_minus_base,shadow_point_prediction,-3.0,modis_pretrained,physical,2,full_minus_base,270.4997077053084,196.25819994583603,-23.267464844953142,278.1961076722245,269.3860765176616,293.90614273041695,0.7478991596638656,272.14539990012577
scratch__physical_modis__d2__current_minus_base,v5_prediction,-2.25,scratch,physical_modis,2,current_minus_base,270.51892768875706,203.45724886327466,-57.682127812496105,279.44363973686916,268.3142373492834,302.78103693304837,0.7689075630252101,272.1989331159167
modis_pretrained__physical__d2__full_minus_current,v5_prediction,3.0,modis_pretrained,physical,2,full_minus_current,269.40452758289075,203.55937806731282,14.042955771047177,281.2659813011872,268.72777518920077,287.81133680706733,0.7899159663865546,272.2007029140424
scratch__physical_modis__d2__current_minus_base,v5_prediction,3.0,scratch,physical_modis,2,current_minus_base,270.64260121213675,197.49737334208788,58.74673257137913,277.48308660053146,270.03765483591246,288.1230788451056,0.7647058823529411,272.20148596517936
scratch__physical__d2__pools_minus_base,shadow_point_prediction,-2.5,scratch,physical,2,pools_minus_base,269.9642639636553,203.92483346250086,-31.336290895270725,280.1852034999547,268.7735710322373,294.1008553717991,0.7689075630252101,272.2218256148757
scratch__physical__d2__transition_features_minus_base,shadow_point_prediction,-3.0,scratch,physical,2,transition_features_minus_base,269.96646461658594,202.02202584447906,-40.755793826753376,279.7709390301797,269.35104929593246,287.56928907804416,0.7605042016806722,272.263729389821
modis_pretrained__physical__d2__pools_minus_current,v5_prediction,2.5,modis_pretrained,physical,2,pools_minus_current,270.29849224428006,199.62988247497285,-19.09193029740914,280.05020099332785,268.817333959695,297.0753571094646,0.7899159663865546,272.36612986039574
modis_pretrained__physical__d2__pools_minus_base,shadow_point_prediction,-3.0,modis_pretrained,physical,2,pools_minus_base,270.04075285039755,200.69282953506954,12.12899832481794,280.2390988100097,269.5377109984967,286.01286045761685,0.7563025210084033,272.4645788773254
modis_pretrained__physical__d2__full_minus_base,v5_prediction,-2.5,modis_pretrained,physical,2,full_minus_base,270.22710123460774,196.97946982678,-27.64200902602888,280.80483897565097,269.0841766771224,293.9114218657078,0.7647058823529411,272.58580453049717
scratch__physical__d2__effect_features_minus_base,v5_prediction,-3.0,scratch,physical,2,effect_features_minus_base,269.8354044717541,200.10086433812066,-16.7468426449623,282.3121800058519,268.81284271992945,292.2819947128239,0.7605042016806722,272.6989579173224
scratch__physical__d2__transition_minus_current,v5_prediction,3.0,scratch,physical,2,transition_minus_current,271.097824491897,204.05332170323436,-39.471715682861536,279.66010559947347,268.98182715240023,302.787257278279,0.7563025210084033,272.70939543391694
modis_pretrained__physical__d1__current_minus_base,v5_prediction,-3.0,modis_pretrained,physical,1,current_minus_base,269.75825511391093,202.78390217801532,8.717510163116502,282.056116653942,269.2993153005633,285.02810993809476,0.7521008403361344,272.71798554558177
scratch__physical__d2__pools_minus_current,shadow_point_prediction,-3.0,scratch,physical,2,pools_minus_current,271.5157758017696,203.31772696701415,35.28958943427808,278.08170313951587,270.0755404858412,298.00435966097893,0.7478991596638656,272.79719880722405
scratch__physical_modis__d2__pools_minus_base,v5_prediction,-2.5,scratch,physical_modis,2,pools_minus_base,270.0829614401317,204.1039624292167,-31.30807374522101,282.6250486020324,268.5915173850287,296.9358792420099,0.7689075630252101,272.84562221683115
scratch__physical__d2__pools_minus_base,v5_prediction,-2.0,scratch,physical,2,pools_minus_base,270.3881017446288,204.42114077912638,-33.302751296875215,282.402920184147,269.19931334659873,294.52628037353435,0.7689075630252101,273.0946092550008
scratch__physical_modis__d2__current_minus_base,shadow_point_prediction,3.0,scratch,physical_modis,2,current_minus_base,272.46118585872335,198.00907782719028,67.09286959949358,276.16728904165575,271.42501894632795,295.16437212890787,0.7521008403361344,273.1286699263576
scratch__physical_modis__d2__current_minus_base,shadow_point_prediction,-3.0,scratch,physical_modis,2,current_minus_base,272.03321120839746,204.50174827886119,-65.96868512493525,278.81770664443746,269.72394444814586,305.09429632208264,0.7815126050420168,273.1520183773446
modis_pretrained__physical__d2__pools_minus_base,v5_prediction,-2.5,modis_pretrained,physical,2,pools_minus_base,270.18404981596944,202.48003188822472,1.8550436154470191,282.8628307511303,269.7215126539045,285.5242461721257,0.7563025210084033,273.2381107592434
modis_pretrained__physical_modis__d2__current_minus_base,v5_prediction,-2.75,modis_pretrained,physical_modis,2,current_minus_base,270.5439787293036,202.48856356270502,-3.519911706113368,282.97275319338917,268.99122752128795,297.93537966420956,0.7647058823529411,273.26298454332107
modis_pretrained__physical__d2__current_minus_base,v5_prediction,-2.0,modis_pretrained,physical,2,current_minus_base,270.5848213136958,199.28456727599067,-9.11908247106852,282.3284776959772,269.58609017740105,292.81291751621103,0.773109243697479,273.27105262519245
modis_pretrained__physical__d1__full_minus_current,v5_prediction,3.0,modis_pretrained,physical,1,full_minus_current,269.9796622156906,204.25207343809518,23.65011648353774,283.46597939060473,269.76451984859,280.540504302834,0.7773109243697479,273.297455917644
modis_pretrained__physical__d2__current_minus_base,shadow_point_prediction,-2.5,modis_pretrained,physical,2,current_minus_base,271.3485561514789,199.9417154828282,-1.1067048630123668,280.4164719425452,270.33107934980336,293.8075880992446,0.7815126050420168,273.3611658988266
scratch__physical__d2__current_minus_base,shadow_point_prediction,-2.5,scratch,physical,2,current_minus_base,271.87587849957623,202.8615862864313,-60.27587189276982,280.35231201950853,270.12285649164494,300.94712794630465,0.7773109243697479,273.5567313775765
scratch__physical_modis__d2__pools_minus_current,v5_prediction,-3.0,scratch,physical_modis,2,pools_minus_current,271.142901515718,203.659706472392,30.517897826116275,281.62306860012916,270.3869901418866,290.6193554107739,0.7521008403361344,273.5739654433629
scratch__physical__d2__full_minus_base,shadow_point_prediction,-2.5,scratch,physical,2,full_minus_base,270.49067686380545,200.985549720769,-60.543263578448,283.7292739886832,269.58833644746636,291.6640045398997,0.7605042016806722,273.5747410409401
modis_pretrained__physical__d2__transition_minus_current,v5_prediction,2.75,modis_pretrained,physical,2,transition_minus_current,270.9598732568429,201.0691510726142,-1.2483035698321199,283.11957824480805,269.4887806205172,297.68541224614154,0.7941176470588235,273.6320263447528
modis_pretrained__physical__d2__pools_minus_current,shadow_point_prediction,3.0,modis_pretrained,physical,2,pools_minus_current,272.2500766350022,201.20609390053386,-13.00737037060945,279.56879887516703,270.86494222786234,298.29279849956794,0.7815126050420168,273.7334735932584
scratch__physical__d1__pools_minus_current,v5_prediction,3.0,scratch,physical,1,pools_minus_current,270.5930996007544,200.30929947786169,-21.272565453159064,284.384262512813,269.409646322876,294.68944101600397,0.7815126050420168,273.7450270092994
modis_pretrained__physical__d2__transition_features_minus_base,v5_prediction,-3.0,modis_pretrained,physical,2,transition_features_minus_base,271.2345696670839,203.22915005655108,-16.91650082500678,282.64789781020875,270.70515238735953,287.6436367771947,0.7478991596638656,273.955547382934
scratch__physical__d2__pools_minus_current,v5_prediction,3.0,scratch,physical,2,pools_minus_current,272.20733723161055,201.9703132881027,-42.51154198783421,281.3757028938758,270.31513583460105,302.3551386661385,0.7647058823529411,274.0263782979245
scratch__physical_modis__d2__full_minus_base,v5_prediction,-3.0,scratch,physical_modis,2,full_minus_base,271.0461246648063,201.7624803422441,-52.233245653431304,284.48688403874024,269.54224163403256,298.0550750728636,0.7647058823529411,274.03034375059633
scratch__physical__d2__transition_features_minus_base,v5_prediction,-2.5,scratch,physical,2,transition_features_minus_base,271.36736205606326,203.2339148784157,-42.215616510862425,283.36767146094746,270.5327487499522,291.79955488208503,0.7563025210084033,274.15878608075656
scratch__physical__d2__full_minus_base,v5_prediction,-2.0,scratch,physical,2,full_minus_base,271.0373417480172,201.16976295442734,-56.66832944341703,285.29764259045027,269.9038612698217,294.66565226870426,0.773109243697479,274.3190468390766
scratch__physical__d2__pools_minus_current,v5_prediction,-3.0,scratch,physical,2,pools_minus_current,272.16012836454865,206.34680581447827,26.94345240616362,281.92004842215044,271.1460021130773,294.61898678700976,0.7478991596638656,274.34657681608127
modis_pretrained__physical__d2__pools_minus_current,v5_prediction,2.75,modis_pretrained,physical,2,pools_minus_current,272.3726085032471,201.64406497915473,-20.22271884806652,281.9114268711451,270.85442726209357,299.5723153353207,0.7857142857142857,274.3777677849332
modis_pretrained__physical__d2__full_minus_base,v5_prediction,-2.75,modis_pretrained,physical,2,full_minus_base,272.1178306569327,198.5719558419115,-29.627805449548248,282.6528826714323,270.95668368054646,296.06822147247317,0.7563025210084033,274.461306916461
scratch__physical_modis__d2__current_minus_base,v5_prediction,-2.5,scratch,physical_modis,2,current_minus_base,273.1958997897664,205.8508488649943,-63.226359259347305,281.5993202231262,270.7800557994292,307.0314149904731,0.7647058823529411,274.692793900522
scratch__physical__d2__current_minus_base,v5_prediction,-2.0,scratch,physical,2,current_minus_base,272.7187802224254,204.03463767964138,-56.45441609487449,282.81388724247785,270.882395631303,302.4776614642374,0.7689075630252101,274.7834608296579
scratch__physical__d2__pools_minus_base,shadow_point_prediction,-2.75,scratch,physical,2,pools_minus_base,272.6227547844347,206.8661036220769,-34.52612920852571,282.91320777194346,271.4129130733021,297.06826423671765,0.7605042016806722,274.8929076035287
scratch__physical_modis__d2__pools_minus_base,v5_prediction,-2.75,scratch,physical_modis,2,pools_minus_base,272.29363485650305,206.66466408311138,-33.66047664065958,284.96359113980657,270.7289970659466,299.87747440239207,0.7689075630252101,275.0699644796898
modis_pretrained__physical_modis__d2__current_minus_base,v5_prediction,-3.0,modis_pretrained,physical_modis,2,current_minus_base,272.4230138467731,204.5105921648769,-3.13226324386592,284.9862390280034,270.8118293625512,300.39647995483523,0.7605042016806722,275.1610240210252
modis_pretrained__physical__d2__pools_minus_base,v5_prediction,-2.75,modis_pretrained,physical,2,pools_minus_base,272.29526298356717,204.91475764486933,2.818952456075252,285.14311683286434,271.8719865956246,287.04871706824275,0.7478991596638656,275.4014073489058
modis_pretrained__physical__d2__transition_minus_current,v5_prediction,3.0,modis_pretrained,physical,2,transition_minus_current,272.73208531128705,202.7985494828508,-0.6541452770136498,284.97448933354923,271.1981486657852,300.0833441557562,0.7899159663865546,275.40920215547715
modis_pretrained__physical__d2__current_minus_base,v5_prediction,-2.25,modis_pretrained,physical,2,current_minus_base,272.8432888584827,201.408277125529,-9.285962181097673,284.6757761744424,271.8433415924816,295.18124867402565,0.7689075630252101,275.55142387097237
scratch__physical__d2__pools_minus_base,v5_prediction,-2.25,scratch,physical,2,pools_minus_base,272.93349971986163,207.6063067030459,-36.4925896101302,285.0302590945451,271.71468884565877,297.4794542208478,0.7647058823529411,275.6529868449818
modis_pretrained__physical__d2__current_minus_base,shadow_point_prediction,-2.75,modis_pretrained,physical,2,current_minus_base,273.75341366941007,202.3964531529727,-1.27358457304152,282.8311749048572,272.73985741268274,296.2749731796522,0.7857142857142857,275.76946491409
scratch__physical__d2__transition_features_minus_base,v5_prediction,-2.75,scratch,physical,2,transition_features_minus_base,273.6096371270957,205.6454409268278,-45.65877368286513,285.6884487493796,272.79641583393186,293.876003993607,0.7521008403361344,276.4260347093757
modis_pretrained__physical__d2__full_minus_base,v5_prediction,-3.0,modis_pretrained,physical,2,full_minus_base,274.1043152250572,200.32900954674233,-31.613601873067598,284.60075682399514,272.9255015401534,298.31932429398876,0.7521008403361344,276.4337222035657
modis_pretrained__physical__d2__pools_minus_current,v5_prediction,3.0,modis_pretrained,physical,2,pools_minus_current,274.57155714003386,203.74509017343414,-21.353507398723906,283.8876077659397,273.02023484900155,302.16626979886956,0.7857142857142857,276.51273922375225
scratch__physical__d2__full_minus_base,shadow_point_prediction,-2.75,scratch,physical,2,full_minus_base,273.43529681258553,203.78604508087588,-66.65379916002071,287.13346371432704,272.5507133095764,294.52729669798913,0.7605042016806722,276.6386926622686
scratch__physical__d2__current_minus_base,shadow_point_prediction,-2.75,scratch,physical,2,current_minus_base,275.0974794481838,205.93552292942954,-66.35966830577472,283.1967726790735,273.204519307717,305.4211893495323,0.773109243697479,276.6490627207895
scratch__physical__d2__full_minus_base,v5_prediction,-2.25,scratch,physical,2,full_minus_base,273.8523704078548,203.90504085113628,-62.77886502498974,288.54919641257226,272.70705777512495,297.7266784284357,0.7647058823529411,277.24024875085166
scratch__physical_modis__d2__current_minus_base,v5_prediction,-2.75,scratch,physical_modis,2,current_minus_base,276.0871562629406,208.29664426032875,-68.7705907061985,283.9239825412784,273.44622310148384,311.5419042857192,0.7563025210084033,277.38612954216086
scratch__physical_modis__d2__pools_minus_base,v5_prediction,-3.0,scratch,physical_modis,2,pools_minus_base,274.6551533693313,209.4262637737505,-36.01287953609815,287.451878754178,273.0145008892887,302.9900838945198,0.773109243697479,277.44417159553234
modis_pretrained__physical__d2__pools_minus_base,v5_prediction,-3.0,modis_pretrained,physical,2,pools_minus_base,274.5393417079762,207.44044397782127,3.7828612967034836,287.5596174156149,274.15337658664066,288.7059107849352,0.7394957983193278,277.69791935455197
scratch__physical__d2__pools_minus_base,shadow_point_prediction,-3.0,scratch,physical,2,pools_minus_base,275.45744666744474,209.92666020284418,-37.715967521780705,285.81514992244206,274.22899294798356,300.2148420063265,0.7605042016806722,277.73975905132875
scratch__physical__d2__current_minus_base,v5_prediction,-2.25,scratch,physical,2,current_minus_base,275.85055423860547,206.8471760729247,-62.538212507879386,285.5706709139681,273.84343766626665,307.05939649432617,0.7773109243697479,277.77880426436144
modis_pretrained__physical__d2__current_minus_base,v5_prediction,-2.5,modis_pretrained,physical,2,current_minus_base,275.2170140351773,203.81669216518603,-9.452841891126827,287.1430648201105,274.21718823711024,297.65515934751573,0.7689075630252101,277.9485702818938
modis_pretrained__physical__d2__current_minus_base,shadow_point_prediction,-3.0,modis_pretrained,physical,2,current_minus_base,276.270617068473,205.03690957132665,-1.4404642830706733,285.3654905043552,275.262167341491,298.84591356340866,0.7815126050420168,278.292222995698
scratch__physical__d2__pools_minus_base,v5_prediction,-2.5,scratch,physical,2,pools_minus_base,275.65710740533797,210.92483924730192,-39.68242792338519,287.8321903337962,274.4089047547683,300.6118407422969,0.7521008403361344,278.3888274748101
scratch__physical__d2__transition_features_minus_base,v5_prediction,-3.0,scratch,physical,2,transition_features_minus_base,275.9861703030217,208.12438156849836,-49.10193085486784,288.1435234891371,275.19567106495305,296.06931055687375,0.7521008403361344,278.8278837900334
scratch__physical__d2__full_minus_base,shadow_point_prediction,-3.0,scratch,physical,2,full_minus_base,276.59259580483683,206.79688196008956,-72.76433474159343,290.759230692256,275.726855925552,297.59383961027123,0.7605042016806722,279.9178195568704
scratch__physical__d2__current_minus_base,shadow_point_prediction,-3.0,scratch,physical,2,current_minus_base,278.5520019035251,209.1647948032257,-72.44346471877962,286.23092100103594,276.507557964982,310.194174783884,0.773109243697479,279.960620693267
scratch__physical_modis__d2__current_minus_base,v5_prediction,-3.0,scratch,physical_modis,2,current_minus_base,279.1860397873199,210.93322201861463,-74.3148221530497,286.4135121206912,276.30644213872245,316.30137737767205,0.7647058823529411,280.27300845851335
scratch__physical__d2__full_minus_base,v5_prediction,-2.5,scratch,physical,2,full_minus_base,276.8825530301509,206.74255559974858,-68.88940060656246,292.02484794061337,275.7282271515756,300.9847693603469,0.7563025210084033,280.3795452881227
modis_pretrained__physical__d2__current_minus_base,v5_prediction,-2.75,modis_pretrained,physical,2,current_minus_base,277.70304129292737,206.35174708764796,-9.61972160115598,289.7272781762579,276.70460605688424,300.232039623804,0.7647058823529411,280.4594917047492
scratch__physical__d2__current_minus_base,v5_prediction,-2.5,scratch,physical,2,current_minus_base,279.21674043361725,209.84873547425187,-68.62200892088428,288.5173413079469,277.02584978684706,311.9352566601991,0.773109243697479,280.9941679905071
scratch__physical__d2__pools_minus_base,v5_prediction,-2.75,scratch,physical,2,pools_minus_base,278.5536974199098,214.28679888100893,-42.87226623664018,290.80366728615235,277.27678082267664,303.91789872181846,0.7436974789915967,281.2969607371622
modis_pretrained__physical__d2__current_minus_base,v5_prediction,-3.0,modis_pretrained,physical,2,current_minus_base,280.2983825529866,209.07264340112604,-9.786601311185132,292.42531640733665,279.3025343426784,302.90926159525105,0.7689075630252101,283.08115396399705
scratch__physical__d2__full_minus_base,v5_prediction,-2.75,scratch,physical,2,full_minus_base,280.12090747623915,209.64674348201925,-74.99993618813518,295.71669560723126,278.9602702427431,304.43359808594903,0.7605042016806722,283.72969520061315
scratch__physical__d2__pools_minus_base,v5_prediction,-3.0,scratch,physical,2,pools_minus_base,281.6179321687552,217.67030700493208,-46.06210454989517,293.93954811096285,280.31301614408846,307.3920246046956,0.7394957983193278,284.37210714814046
scratch__physical__d2__current_minus_base,v5_prediction,-2.75,scratch,physical,2,current_minus_base,282.8089685280368,213.02800089953686,-74.70580533388919,291.64814291309693,280.4214863529809,317.091674128299,0.7689075630252101,284.4218915805378
scratch__physical__d2__full_minus_base,v5_prediction,-3.0,scratch,physical,2,full_minus_base,283.560301658136,212.78154755923163,-81.1104717697079,299.61674767727123,282.3959143209142,308.0667587033643,0.7605042016806722,287.2833163286144
scratch__physical__d2__current_minus_base,v5_prediction,-3.0,scratch,physical,2,current_minus_base,286.6187396146669,216.5226607264309,-80.78960174689408,294.9572124461608,284.0221620016322,322.51519241258853,0.773109243697479,288.0542134192817
