candidate,architecture,encoder_variant,state_feature_set,state_model,residual_model,period,rows,rmse,mae,bias,equal_state_rmse,mean_year_rmse,max_year_rmse,direction_accuracy,selection_score
direct__modis_pretrained__extra,direct_anomaly,modis_pretrained,none,none,extra,development,238,368.11371267827445,296.1169496101206,156.72224061318548,404.9298908236066,364.0894990516392,418.3715600120491,0.6596638655462185,376.3117038079487
direct__modis_pretrained__extra,direct_anomaly,modis_pretrained,none,none,extra,late,238,576.4995576015059,460.3086130843938,410.5505404610237,651.1217284757068,556.5278177326528,706.9556343240773,0.46218487394957986,590.1621653528429
direct__modis_pretrained__extra,direct_anomaly,modis_pretrained,none,none,extra,four_year,476,483.66281921216324,378.21278134725725,283.63639053710455,542.1843421639959,460.30865839214607,706.9556343240773,0.5609243697478992,492.4546597451171
direct__modis_pretrained__ridge100,direct_anomaly,modis_pretrained,none,none,ridge100,development,238,569.1780975170041,475.1547033361593,-421.3739449195257,573.9970552242439,546.378420075039,705.8598571433711,0.680672268907563,564.6829175833227
direct__modis_pretrained__ridge100,direct_anomaly,modis_pretrained,none,none,ridge100,late,238,764.2124834788797,704.6019796097088,-685.4623806541847,778.2014604717122,756.7882499226241,863.0533179553922,0.5882352941176471,765.853669338024
direct__modis_pretrained__ridge100,direct_anomaly,modis_pretrained,none,none,ridge100,four_year,476,673.7894428521543,589.878341472934,-553.4181627868552,683.7653590547014,651.5833349988316,863.0533179553922,0.634453781512605,670.7318949394604
direct__modis_pretrained__ridge1000,direct_anomaly,modis_pretrained,none,none,ridge1000,development,238,460.15823582402834,380.11032681182303,-199.54603495711032,486.8256341310063,442.7168372989256,568.2054980166126,0.6680672268907563,462.46473576949717
direct__modis_pretrained__ridge1000,direct_anomaly,modis_pretrained,none,none,ridge1000,late,238,635.6873985317752,566.3379538608681,-529.639332412791,655.5296180629167,634.5229944675492,672.9812594314106,0.5714285714285714,640.3568523985041
direct__modis_pretrained__ridge1000,direct_anomaly,modis_pretrained,none,none,ridge1000,four_year,476,554.9072312777957,473.2241403363456,-364.59268368495066,577.3726172086662,538.6199158832375,672.9812594314106,0.6197478991596639,556.4517489118738
direct__modis_pretrained__xgb1,direct_anomaly,modis_pretrained,none,none,xgb1,development,238,432.2958574428596,350.62424024365407,-131.07589157801257,434.7682548620325,421.09658199959165,518.8584201089398,0.6722689075630253,430.11413793683585
direct__modis_pretrained__xgb1,direct_anomaly,modis_pretrained,none,none,xgb1,late,238,386.1214526598509,283.3590586151738,62.397386792025344,457.8537381653099,380.13634925998065,447.8573369628158,0.6512605042016807,402.5582481862481
direct__modis_pretrained__xgb1,direct_anomaly,modis_pretrained,none,none,xgb1,four_year,476,409.85941770710275,316.99164942941394,-34.33925239299362,446.4602339445953,400.61646562978615,518.8584201089398,0.6617647058823529,416.69888374714674
direct__modis_pretrained__xgb2,direct_anomaly,modis_pretrained,none,none,xgb2,development,238,609.7104686980339,504.58472745952196,-245.5971354408806,616.2994846873324,573.277936512815,780.8815567789004,0.680672268907563,602.2495896490537
direct__modis_pretrained__xgb2,direct_anomaly,modis_pretrained,none,none,xgb2,late,238,404.24401843134825,304.1957201768369,55.00111170926875,480.61009158973206,399.8141147699247,459.4957708148579,0.5882352941176471,422.22806080558837
direct__modis_pretrained__xgb2,direct_anomaly,modis_pretrained,none,none,xgb2,four_year,476,517.2813944447936,404.3902238181795,-95.29801186580592,552.6351033746238,486.54602564136985,780.8815567789004,0.634453781512605,518.4359794763952
direct__modis_pretrained__zero,direct_anomaly,modis_pretrained,none,none,zero,development,238,455.7449206057047,379.74795174588485,-310.9881792449219,395.6247260696044,451.31033047871614,514.7328679641566,0.6764705882352942,439.6062244399325
direct__modis_pretrained__zero,direct_anomaly,modis_pretrained,none,none,zero,late,238,418.0385311527437,302.6170260104326,77.8380381429338,501.9215586852145,406.0499900845574,505.4462630563056,0.592436974789916,436.0121527688149
direct__modis_pretrained__zero,direct_anomaly,modis_pretrained,none,none,zero,four_year,476,437.2983227650453,341.18248887815867,-116.57507055099408,451.90937971602494,428.68016028163674,514.7328679641566,0.634453781512605,438.7965463819381
direct__none__extra,direct_anomaly,none,none,none,extra,development,238,398.7947667454627,322.238637615545,194.9323211763635,443.763487940066,390.7772964277321,470.34092241473985,0.6512605042016807,408.0325794646809
direct__none__extra,direct_anomaly,none,none,none,extra,late,238,627.8476698784451,506.81061382498655,477.3563384613051,712.7063088996312,606.390587625818,769.1270365566218,0.4579831932773109,643.6980590705848
direct__none__extra,direct_anomaly,none,none,none,extra,four_year,476,525.9419942138871,414.52462572026576,336.14432981883436,593.6650216974508,498.583942026775,769.1270365566218,0.5546218487394958,536.033238038
direct__none__ridge100,direct_anomaly,none,none,none,ridge100,development,238,717.5453188309364,644.9463710553842,-634.0404326947672,733.0883683764453,707.043151605506,829.3594070417465,0.6218487394957983,718.805539410956
direct__none__ridge100,direct_anomaly,none,none,none,ridge100,late,238,782.768965556466,732.7076616572099,-716.9590934794082,790.6874231402113,777.510420496676,868.0907685718615,0.5840336134453782,783.4339436874549
direct__none__ridge100,direct_anomaly,none,none,none,ridge100,four_year,476,750.8656797372385,688.8270163562971,-675.4997630870877,762.4320156449841,742.276786051091,868.0907685718615,0.6029411764705882,751.6100402926379
direct__none__ridge1000,direct_anomaly,none,none,none,ridge1000,development,238,611.2989230430884,510.02764631954506,-482.7338967076921,626.7447363065712,577.191183280322,778.5284904469308,0.6932773109243697,606.6334414182675
direct__none__ridge1000,direct_anomaly,none,none,none,ridge1000,late,238,727.7033446089996,657.3319991262188,-634.0946133387764,759.4714809543509,724.2508642534956,795.0523005608834,0.5672268907563025,734.7822586064615
direct__none__ridge1000,direct_anomaly,none,none,none,ridge1000,four_year,476,672.0262387246364,583.6798227228818,-558.4142550232342,696.277923989763,650.7210237669087,795.0523005608834,0.6302521008403361,672.7628563014862
direct__none__xgb1,direct_anomaly,none,none,none,xgb1,development,238,431.68284647387026,352.01728899198577,-110.48568598916968,438.58017553933735,423.5144166690441,507.0944311058839,0.6764705882352942,431.3650712890305
direct__none__xgb1,direct_anomaly,none,none,none,xgb1,late,238,391.99773499942154,287.4615075907257,72.63142010324053,466.6335732505447,385.36586611114024,457.1667956391586,0.6428571428571429,408.99872734013206
direct__none__xgb1,direct_anomaly,none,none,none,xgb1,four_year,476,412.3180230019419,319.73939829135577,-18.927132942964572,452.82417231232665,404.44014139009215,507.0944311058839,0.6596638655462185,420.47508992657566
direct__none__xgb2,direct_anomaly,none,none,none,xgb2,development,238,617.0566242329081,506.25720812548127,-274.3615354461353,624.209472311979,572.4843754457163,802.7462207007226,0.6722689075630253,607.7017740558779
direct__none__xgb2,direct_anomaly,none,none,none,xgb2,late,238,414.8362351803355,312.58969074562526,67.34100843585291,494.084226464406,408.96761334513434,478.4988527514567,0.5378151260504201,433.1810775425529
direct__none__xgb2,direct_anomaly,none,none,none,xgb2,four_year,476,525.7603919697199,409.4234494355533,-103.5102635051412,562.9194827703734,490.72599439542535,802.7462207007226,0.6050420168067226,526.2915652763096
direct__none__zero,direct_anomaly,none,none,none,zero,development,238,455.7449206057047,379.74795174588485,-310.9881792449219,395.6247260696044,451.31033047871614,514.7328679641566,0.6764705882352942,439.6062244399325
direct__none__zero,direct_anomaly,none,none,none,zero,late,238,418.0385311527437,302.6170260104326,77.8380381429338,501.9215586852145,406.0499900845574,505.4462630563056,0.592436974789916,436.0121527688149
direct__none__zero,direct_anomaly,none,none,none,zero,four_year,476,437.2983227650453,341.18248887815867,-116.57507055099408,451.90937971602494,428.68016028163674,514.7328679641566,0.634453781512605,438.7965463819381
direct__scratch__extra,direct_anomaly,scratch,none,none,extra,development,238,364.84613424013304,292.94503690254413,157.60879970336816,401.090552258667,361.50060364263874,410.79578835653354,0.6554621848739496,373.0708560953929
direct__scratch__extra,direct_anomaly,scratch,none,none,extra,late,238,575.1237525990545,458.85576545730373,410.0494591680216,650.1808805431997,555.5789250523185,704.2375569622375,0.46218487394957986,589.0018276984067
direct__scratch__extra,direct_anomaly,scratch,none,none,extra,four_year,476,481.6015118713746,375.9004011799239,283.8291294356949,540.189230055123,458.5397643474786,704.2375569622375,0.5588235294117647,490.4830045363377
direct__scratch__ridge100,direct_anomaly,scratch,none,none,ridge100,development,238,520.8460086643462,434.2583655897208,-367.37085934943025,518.0517879672907,503.1936574067562,637.6433055550212,0.6722689075630253,515.7343656756848
direct__scratch__ridge100,direct_anomaly,scratch,none,none,ridge100,late,238,733.163972203928,674.1900006597282,-655.6868193634648,757.587173946635,727.3145737614519,819.7424966637849,0.5840336134453782,737.8074230289857
direct__scratch__ridge100,direct_anomaly,scratch,none,none,ridge100,four_year,476,635.9284452198307,554.2241831247245,-511.5288393564474,648.9668640017593,615.254115584104,819.7424966637849,0.6281512605042017,634.0194675063811
direct__scratch__ridge1000,direct_anomaly,scratch,none,none,ridge1000,development,238,450.8841062499078,372.90475029438005,-214.45018521673416,471.164054600896,432.33582343959654,560.3288429351305,0.6680672268907563,451.317022635077
direct__scratch__ridge1000,direct_anomaly,scratch,none,none,ridge1000,late,238,609.0224815368725,537.1830417853031,-495.78808214088247,633.2298492840096,607.7583927861969,646.9772532396705,0.5714285714285714,614.7583012859878
direct__scratch__ridge1000,direct_anomaly,scratch,none,none,ridge1000,four_year,476,535.8194006781148,455.0438960398416,-355.1191336788083,558.1109246252961,520.0471081128967,646.9772532396705,0.6197478991596639,537.4492085236056
direct__scratch__xgb1,direct_anomaly,scratch,none,none,xgb1,development,238,432.2958574428596,350.62424024365407,-131.07589157801257,434.7682548620325,421.09658199959165,518.8584201089398,0.6722689075630253,430.11413793683585
direct__scratch__xgb1,direct_anomaly,scratch,none,none,xgb1,late,238,386.1214526598509,283.3590586151738,62.397386792025344,457.8537381653099,380.13634925998065,447.8573369628158,0.6512605042016807,402.5582481862481
direct__scratch__xgb1,direct_anomaly,scratch,none,none,xgb1,four_year,476,409.85941770710275,316.99164942941394,-34.33925239299362,446.4602339445953,400.61646562978615,518.8584201089398,0.6617647058823529,416.69888374714674
direct__scratch__xgb2,direct_anomaly,scratch,none,none,xgb2,development,238,609.4024801469353,504.16427688522094,-246.04124097607465,615.9932752284519,572.858977977855,780.7146350079281,0.680672268907563,601.9143033750444
direct__scratch__xgb2,direct_anomaly,scratch,none,none,xgb2,late,238,405.10462619717913,304.92469274300413,54.42623089805781,481.9126340515146,400.7015572527798,460.2668171074417,0.5798319327731093,423.20586092466317
direct__scratch__xgb2,direct_anomaly,scratch,none,none,xgb2,four_year,476,517.4365376428264,404.5444848141125,-95.8075050390084,553.0314195347061,486.7802676153175,780.7146350079281,0.6302521008403361,518.671190608919
direct__scratch__zero,direct_anomaly,scratch,none,none,zero,development,238,455.7449206057047,379.74795174588485,-310.9881792449219,395.6247260696044,451.31033047871614,514.7328679641566,0.6764705882352942,439.6062244399325
direct__scratch__zero,direct_anomaly,scratch,none,none,zero,late,238,418.0385311527437,302.6170260104326,77.8380381429338,501.9215586852145,406.0499900845574,505.4462630563056,0.592436974789916,436.0121527688149
direct__scratch__zero,direct_anomaly,scratch,none,none,zero,four_year,476,437.2983227650453,341.18248887815867,-116.57507055099408,451.90937971602494,428.68016028163674,514.7328679641566,0.634453781512605,438.7965463819381
hier__modis_pretrained__encoder__extra__extra,hierarchy,modis_pretrained,encoder,extra,extra,development,238,370.48302258211373,295.62767995772333,84.23186174341107,412.33585867794596,367.83463386079285,412.053997877878,0.6764705882352942,380.28413442574157
hier__modis_pretrained__encoder__extra__extra,hierarchy,modis_pretrained,encoder,extra,extra,late,238,504.69679739695243,381.98237684577356,273.14604430993603,596.467693204384,484.61540190503786,625.5649302446498,0.46218487394957986,522.6191724758316
hier__modis_pretrained__encoder__extra__extra,hierarchy,modis_pretrained,encoder,extra,extra,four_year,476,442.70561738265724,338.8050284017484,178.68895302667354,512.7351018743685,426.2250178829154,625.5649302446498,0.569327731092437,456.09283863064957
hier__modis_pretrained__encoder__extra__ridge100,hierarchy,modis_pretrained,encoder,extra,ridge100,development,238,433.2414498146172,350.8913234249134,6.879149236322741,489.6417857955497,432.95751186296764,448.6402016481996,0.6848739495798319,447.270549321938
hier__modis_pretrained__encoder__extra__ridge100,hierarchy,modis_pretrained,encoder,extra,ridge100,late,238,484.5244909689175,385.14242948156186,315.42934948677924,536.6904528940959,476.75689969247867,563.1677841012411,0.5210084033613446,495.6240836311024
hier__modis_pretrained__encoder__extra__ridge100,hierarchy,modis_pretrained,encoder,extra,ridge100,four_year,476,459.5988121101708,368.01687645323767,161.15424936155102,513.7050323992966,454.85720577772315,563.1677841012411,0.6029411764705882,471.9399655993403
hier__modis_pretrained__encoder__extra__ridge1000,hierarchy,modis_pretrained,encoder,extra,ridge1000,development,238,358.3525898330245,287.7939167731569,18.030374550207288,393.1177268543103,358.2438742569843,367.0702663501299,0.7016806722689075,367.0166951943359
hier__modis_pretrained__encoder__extra__ridge1000,hierarchy,modis_pretrained,encoder,extra,ridge1000,late,238,476.830661034719,371.8954182310193,282.9528014808371,543.7770796952007,467.1108603593733,562.8966810069678,0.5126050420168067,491.13731553100297
hier__modis_pretrained__encoder__extra__ridge1000,hierarchy,modis_pretrained,encoder,extra,ridge1000,four_year,476,421.77248484392805,329.84466750208804,150.49158801552218,474.46552012182127,412.6773673081788,562.8966810069678,0.6071428571428571,432.6719642794641
hier__modis_pretrained__encoder__extra__xgb1,hierarchy,modis_pretrained,encoder,extra,xgb1,development,238,393.3814720370948,316.1135688774195,110.2070647873069,443.0586399847147,388.1296052308422,452.19513485030467,0.680672268907563,404.4877973224366
hier__modis_pretrained__encoder__extra__xgb1,hierarchy,modis_pretrained,encoder,extra,xgb1,late,238,522.6979194696752,396.553882616928,286.93972610673165,617.5352826323253,500.5714611130726,651.0418147946226,0.4495798319327731,540.875645671187
hier__modis_pretrained__encoder__extra__xgb1,hierarchy,modis_pretrained,encoder,extra,xgb1,four_year,476,462.5808564780857,356.33372574717373,198.57339544701924,537.424777881003,444.35053317195735,651.0418147946226,0.5651260504201681,476.73425600228296
hier__modis_pretrained__encoder__extra__xgb2,hierarchy,modis_pretrained,encoder,extra,xgb2,development,238,391.20148288188193,314.4077094951481,106.60002614911883,439.7412069158941,386.32026959679854,447.9258659955046,0.680672268907563,402.1161105691141
hier__modis_pretrained__encoder__extra__xgb2,hierarchy,modis_pretrained,encoder,extra,xgb2,late,238,518.2858357547731,392.9461463536446,283.1477723907556,612.1273860240875,496.8645752095813,644.3291521283314,0.4495798319327731,536.3909081858037
hier__modis_pretrained__encoder__extra__xgb2,hierarchy,modis_pretrained,encoder,extra,xgb2,four_year,476,459.1616315378534,353.67692792439635,194.87389926993717,532.9504037809379,441.5924224031899,644.3291521283314,0.5651260504201681,473.21652231495864
hier__modis_pretrained__encoder__extra__zero,hierarchy,modis_pretrained,encoder,extra,zero,development,238,393.96280708744075,316.5063016879169,111.58424109320019,444.02911713653845,388.5692023574841,453.53587340875964,0.680672268907563,405.130983417226
hier__modis_pretrained__encoder__extra__zero,hierarchy,modis_pretrained,encoder,extra,zero,late,238,524.6295510211039,398.23719046004544,289.2453685122355,619.8330549425754,502.2351674333796,653.8794960374202,0.4495798319327731,542.8318311045407
hier__modis_pretrained__encoder__extra__zero,hierarchy,modis_pretrained,encoder,extra,zero,four_year,476,463.9196369915921,357.37174607398117,200.41480480271778,539.1450977540738,445.40218489543184,653.8794960374202,0.5651260504201681,478.0966391581725
hier__modis_pretrained__encoder__ridge1000__extra,hierarchy,modis_pretrained,encoder,ridge1000,extra,development,238,435.67560049721715,346.4938503301937,100.63570268959803,506.25379868237695,428.56989432741824,506.93490274824563,0.6764705882352942,451.5437235010574
hier__modis_pretrained__encoder__ridge1000__extra,hierarchy,modis_pretrained,encoder,ridge1000,extra,late,238,601.1430906382467,475.5169488391895,435.00068441759913,707.3476152366494,590.6228084494983,702.5947404741382,0.47058823529411764,625.0641512406603
hier__modis_pretrained__encoder__ridge1000__extra,hierarchy,modis_pretrained,encoder,ridge1000,extra,four_year,476,524.9696392605548,411.0053995846916,267.8181935535986,615.0746123281759,509.5963513884583,702.5947404741382,0.5735294117647058,543.6525605594359
hier__modis_pretrained__encoder__ridge1000__ridge100,hierarchy,modis_pretrained,encoder,ridge1000,ridge100,development,238,504.02359306447767,405.38100045778634,24.71803636379933,588.9566958385526,501.52618502449843,551.6387393437376,0.6848739495798319,524.6325167480015
hier__modis_pretrained__encoder__ridge1000__ridge100,hierarchy,modis_pretrained,encoder,ridge1000,ridge100,late,238,610.3294023664399,513.9886153387478,480.7685005355329,683.9250379883244,609.9023288489241,632.7305713926387,0.49159663865546216,628.621542892532
hier__modis_pretrained__encoder__ridge1000__ridge100,hierarchy,modis_pretrained,encoder,ridge1000,ridge100,four_year,476,559.7060665021427,459.684807898267,252.74326844966612,638.2097802291955,555.7142569367113,632.7305713926387,0.5882352941176471,578.3340425425481
hier__modis_pretrained__encoder__ridge1000__ridge1000,hierarchy,modis_pretrained,encoder,ridge1000,ridge1000,development,238,422.1244724444153,339.05355403293873,34.32008021335596,483.7456562772579,420.295723675751,459.5458815907544,0.7016806722689075,437.07258121045993
hier__modis_pretrained__encoder__ridge1000__ridge1000,hierarchy,modis_pretrained,encoder,ridge1000,ridge1000,late,238,589.5761608075921,485.9244955096623,446.4850011410044,671.9367942912148,587.616505504144,635.6466195131503,0.47478991596638653,609.6764053526358
hier__modis_pretrained__encoder__ridge1000__ridge1000,hierarchy,modis_pretrained,encoder,ridge1000,ridge1000,four_year,476,512.7324446673409,412.48902477130054,240.40254067718016,585.4523530952239,503.95611458994756,635.6466195131503,0.5882352941176471,528.7183392549633
hier__modis_pretrained__encoder__ridge1000__xgb1,hierarchy,modis_pretrained,encoder,ridge1000,xgb1,development,238,461.6034300560635,367.09668790026774,127.08565201799861,541.5458018297268,450.39495419906063,551.4994143951822,0.6764705882352942,478.78690403522853
hier__modis_pretrained__encoder__ridge1000__xgb1,hierarchy,modis_pretrained,encoder,ridge1000,xgb1,late,238,620.1244497702136,492.2416878666775,449.20978274481047,729.0539175386135,608.2581526516043,728.9907204850929,0.46218487394957986,644.3902424326612
hier__modis_pretrained__encoder__ridge1000__xgb1,hierarchy,modis_pretrained,encoder,ridge1000,xgb1,four_year,476,546.6406771556309,429.6691878834727,288.14771738140456,642.1804536724087,529.3265534253325,728.9907204850929,0.569327731092437,566.1970903522507
hier__modis_pretrained__encoder__ridge1000__xgb2,hierarchy,modis_pretrained,encoder,ridge1000,xgb2,development,238,459.1481539314338,365.39947144232735,123.44028832934681,537.7892648272023,448.5070018166397,546.7846522774255,0.6764705882352942,476.14814362667744
hier__modis_pretrained__encoder__ridge1000__xgb2,hierarchy,modis_pretrained,encoder,ridge1000,xgb2,late,238,615.6576359048503,488.4171994944178,445.339616215526,723.5695349188089,604.2768169961705,722.1065801671368,0.4579831932773109,639.79040593117
hier__modis_pretrained__encoder__ridge1000__xgb2,hierarchy,modis_pretrained,encoder,ridge1000,xgb2,four_year,476,543.0705994189857,426.90833546837257,284.3899522724364,637.483397911665,526.3919094064051,722.1065801671368,0.5672268907563025,562.5041265390104
hier__modis_pretrained__encoder__ridge1000__zero,hierarchy,modis_pretrained,encoder,ridge1000,zero,development,238,462.2660133060199,367.4420986320815,128.47200102783233,542.6477118829813,450.8332192145496,553.0059920578426,0.6764705882352942,479.50323942739266
hier__modis_pretrained__encoder__ridge1000__zero,hierarchy,modis_pretrained,encoder,ridge1000,zero,late,238,622.4625178127174,494.45111740780595,451.6005344655285,731.8484913237188,610.5096513619483,731.9079696190802,0.46218487394957986,646.8207945777755
hier__modis_pretrained__encoder__ridge1000__zero,hierarchy,modis_pretrained,encoder,ridge1000,zero,four_year,476,548.24695764755,430.9466080199437,290.0362677466804,644.2316173025965,530.671435288249,731.9079696190802,0.569327731092437,567.8492419714863
hier__modis_pretrained__encoder__ridge100__extra,hierarchy,modis_pretrained,encoder,ridge100,extra,development,238,786.0934124714032,649.7944639600086,321.96400610411774,906.7930853518974,731.3687889167829,1019.5398279358592,0.680672268907563,802.5871748028717
hier__modis_pretrained__encoder__ridge100__extra,hierarchy,modis_pretrained,encoder,ridge100,extra,late,238,755.3664270522746,650.0224462411893,620.2153353546967,851.1532295219696,748.9334168300923,847.3060566895699,0.4789915966386555,777.7048751141529
hier__modis_pretrained__encoder__ridge100__extra,hierarchy,modis_pretrained,encoder,ridge100,extra,four_year,476,770.8830301182713,649.908455100599,471.08967072940726,879.4133043591311,740.1511028734376,1019.5398279358592,0.5798319327731093,790.3326168672778
hier__modis_pretrained__encoder__ridge100__ridge100,hierarchy,modis_pretrained,encoder,ridge100,ridge100,development,238,837.8798055529927,706.2084022953442,247.30422301239096,990.5416711223045,803.0255788245763,1042.1750891878114,0.6638655462184874,867.3317152632166
hier__modis_pretrained__encoder__ridge100__ridge100,hierarchy,modis_pretrained,encoder,ridge100,ridge100,late,238,815.296720149601,704.2657557676374,673.5179053186785,893.674617339284,789.3339119200381,993.4434839143629,0.5084033613445378,828.400492389631
hier__modis_pretrained__encoder__ridge100__ridge100,hierarchy,modis_pretrained,encoder,ridge100,ridge100,four_year,476,826.6653828606281,705.2370790314908,460.41106416553475,943.3523000200624,796.1797453723071,1042.1750891878114,0.5861344537815126,848.2157027784065
hier__modis_pretrained__encoder__ridge100__ridge1000,hierarchy,modis_pretrained,encoder,ridge100,ridge1000,development,238,752.7454127699976,632.3984171115756,252.3298612808939,875.1777696052967,716.2446726910459,947.8029273225111,0.680672268907563,774.2283169590844
hier__modis_pretrained__encoder__ridge100__ridge1000,hierarchy,modis_pretrained,encoder,ridge100,ridge1000,late,238,775.8862435455792,669.8190443897092,635.9719619219081,853.0794713877297,756.8796622819842,927.5625253561059,0.48739495798319327,790.4329051902181
hier__modis_pretrained__encoder__ridge100__ridge1000,hierarchy,modis_pretrained,encoder,ridge100,ridge1000,four_year,476,764.4034011467845,651.1087307506424,444.15091160140105,864.1992573806315,736.5621674865151,947.8029273225111,0.5840336134453782,782.3920567901789
hier__modis_pretrained__encoder__ridge100__xgb1,hierarchy,modis_pretrained,encoder,ridge100,xgb1,development,238,818.1732479591356,670.3844583875085,350.18708132636823,947.3540569155422,754.562290069862,1070.8583761672505,0.6722689075630253,834.5657107259187
hier__modis_pretrained__encoder__ridge100__xgb1,hierarchy,modis_pretrained,encoder,ridge100,xgb1,late,238,772.1092687838274,666.3595376353329,634.6616543636023,868.9054628197896,766.8388221872283,856.8996001563359,0.46218487394957986,794.9907056436682
hier__modis_pretrained__encoder__ridge100__xgb1,hierarchy,modis_pretrained,encoder,ridge100,xgb1,four_year,476,795.4747596931966,668.3719980114207,492.42436784498534,908.9764607712373,760.7005561285451,1070.8583761672505,0.5672268907563025,815.1566340715439
hier__modis_pretrained__encoder__ridge100__xgb2,hierarchy,modis_pretrained,encoder,ridge100,xgb2,development,238,815.0363814822935,668.7904866564522,346.36057274361116,943.0581467317193,752.5750754202201,1065.4888958181066,0.6722689075630253,831.4264962791315
hier__modis_pretrained__encoder__ridge100__xgb2,hierarchy,modis_pretrained,encoder,ridge100,xgb2,late,238,768.4925440015837,662.5095281208461,630.7897007283417,864.4789623037749,762.8742227892435,855.630410667647,0.46638655462184875,791.0845682740464
hier__modis_pretrained__encoder__ridge100__xgb2,hierarchy,modis_pretrained,encoder,ridge100,xgb2,four_year,476,792.1063985746412,665.6500073886492,488.5751367359765,904.6221709594774,757.7246491047318,1065.4888958181066,0.569327731092437,811.6399043033729
hier__modis_pretrained__encoder__ridge100__zero,hierarchy,modis_pretrained,encoder,ridge100,zero,development,238,818.999404474768,670.6133000964525,351.60926428551136,948.5747003258244,754.9067784797571,1072.5162561962436,0.6722689075630253,835.3700719387793
hier__modis_pretrained__encoder__ridge100__zero,hierarchy,modis_pretrained,encoder,ridge100,zero,late,238,774.5694545486441,668.8001458621981,637.1337976787177,871.8401157369299,769.3519359240047,859.1040312186003,0.46218487394957986,797.5827401895556
hier__modis_pretrained__encoder__ridge100__zero,hierarchy,modis_pretrained,encoder,ridge100,zero,four_year,476,797.0940548171867,669.7067229793253,494.37153098211456,911.0156830445925,762.129357201881,1072.5162561962436,0.5672268907563025,816.8332874702116
hier__modis_pretrained__encoder__ridge10__extra,hierarchy,modis_pretrained,encoder,ridge10,extra,development,238,854.5283084753472,748.3817422242169,140.8730401980997,1000.5317491934305,839.8167419982558,997.6979310144694,0.6680672268907563,887.3512770355951
hier__modis_pretrained__encoder__ridge10__extra,hierarchy,modis_pretrained,encoder,ridge10,extra,late,238,826.1283753989753,689.7224375185838,634.5884040301428,977.5578046882969,811.3906797958091,966.7395046379852,0.5210084033613446,860.3013088205141
hier__modis_pretrained__encoder__ridge10__extra,hierarchy,modis_pretrained,encoder,ridge10,extra,four_year,476,840.4483097207967,719.0520898714003,387.7307221141212,989.1114807368956,825.6037108970324,997.6979310144694,0.5945378151260504,873.9029527688804
hier__modis_pretrained__encoder__ridge10__ridge100,hierarchy,modis_pretrained,encoder,ridge10,ridge100,development,238,928.2116976660326,810.268578330174,72.5459901100804,1102.5267641974613,921.7468573945912,1031.1072092925872,0.6680672268907563,970.1742542310294
hier__modis_pretrained__encoder__ridge10__ridge100,hierarchy,modis_pretrained,encoder,ridge10,ridge100,late,238,893.4842076473782,744.9710003311372,689.2965908689337,1035.8068612602551,851.5299263816803,1122.1048952750973,0.5504201680672269,918.576300734173
hier__modis_pretrained__encoder__ridge10__ridge100,hierarchy,modis_pretrained,encoder,ridge10,ridge100,four_year,476,911.0134425460806,777.6197893306556,380.9212904895071,1069.6871317365526,886.6383918881356,1122.1048952750973,0.6092436974789915,944.5881021792123
hier__modis_pretrained__encoder__ridge10__ridge1000,hierarchy,modis_pretrained,encoder,ridge10,ridge1000,development,238,838.1339954566862,738.1821041108788,74.68013654057967,983.573780680785,832.1830895209984,931.8821359330602,0.6680672268907563,873.0062152787889
hier__modis_pretrained__encoder__ridge10__ridge1000,hierarchy,modis_pretrained,encoder,ridge10,ridge1000,late,238,850.9903080578252,712.1865540148606,651.1766317203158,987.5031168519452,819.8306116594595,1048.00219752069,0.5462184873949579,877.3285861567638
hier__modis_pretrained__encoder__ridge10__ridge1000,hierarchy,modis_pretrained,encoder,ridge10,ridge1000,four_year,476,844.5866144891655,725.1843290628698,362.92838413044774,985.5404070445309,826.0068505902289,1048.00219752069,0.6071428571428571,875.1801216532726
hier__modis_pretrained__encoder__ridge10__xgb1,hierarchy,modis_pretrained,encoder,ridge10,xgb1,development,238,881.3726046180085,766.2198890564157,168.52209970128757,1035.6704963441484,861.0530719696142,1049.2159679476017,0.6722689075630253,914.8671943874449
hier__modis_pretrained__encoder__ridge10__xgb1,hierarchy,modis_pretrained,encoder,ridge10,xgb1,late,238,840.6895995438997,705.2004761002452,648.9072605303155,992.9566241853031,827.778149182237,974.5512343092879,0.5042016806722689,875.5284931138349
hier__modis_pretrained__encoder__ridge10__xgb1,hierarchy,modis_pretrained,encoder,ridge10,xgb1,four_year,476,861.2713483427899,735.7101825783304,408.7146801158015,1014.538376433146,844.4156105759255,1049.2159679476017,0.5882352941176471,895.3741709236629
hier__modis_pretrained__encoder__ridge10__xgb2,hierarchy,modis_pretrained,encoder,ridge10,xgb2,development,238,879.0221215398492,765.2962081913042,164.84134287156326,1032.1252224999828,859.4875901364652,1043.7726208845675,0.6722689075630253,912.4142639290366
hier__modis_pretrained__encoder__ridge10__xgb2,hierarchy,modis_pretrained,encoder,ridge10,xgb2,late,238,837.4620317113912,701.8296158848816,645.0659828996157,988.8548440795221,824.0529955899681,973.315566308053,0.5084033613445378,871.9579757730683
hier__modis_pretrained__encoder__ridge10__xgb2,hierarchy,modis_pretrained,encoder,ridge10,xgb2,four_year,476,858.4936064743257,733.5629120380929,404.95366288558955,1010.7216178503791,841.7702928632166,1043.7726208845675,0.5903361344537815,892.3697809155618
hier__modis_pretrained__encoder__ridge10__zero,hierarchy,modis_pretrained,encoder,ridge10,zero,development,238,881.9195012263214,766.2449069396379,169.88290911116,1036.6139693949947,861.287779471582,1050.9331526716558,0.6722689075630253,915.4351878298048
hier__modis_pretrained__encoder__ridge10__zero,hierarchy,modis_pretrained,encoder,ridge10,zero,late,238,843.1269509574612,707.5370450841527,651.3953569358254,995.9469435900761,830.2831251103413,976.8879940193597,0.5042016806722689,878.120992653835
hier__modis_pretrained__encoder__ridge10__zero,hierarchy,modis_pretrained,encoder,ridge10,zero,four_year,476,862.7412885894904,736.8909760118953,410.6391330234926,1016.4838503368514,845.7854522909616,1050.9331526716558,0.5882352941176471,896.9379699516984
hier__modis_pretrained__encoder__xgb1__extra,hierarchy,modis_pretrained,encoder,xgb1,extra,development,238,375.3725085245037,304.20712782004875,-134.5387537500675,357.1942022786597,372.8506343437506,416.28938001442384,0.680672268907563,370.19746341785446
hier__modis_pretrained__encoder__xgb1__extra,hierarchy,modis_pretrained,encoder,xgb1,extra,late,238,506.7275314952244,367.48876936455224,275.66870525600257,615.3366021369183,488.4539645937677,623.3076469605238,0.4957983193277311,529.3114074302837
hier__modis_pretrained__encoder__xgb1__extra,hierarchy,modis_pretrained,encoder,xgb1,extra,four_year,476,445.91328267457015,335.84794859230044,70.56497575296751,503.10378256921103,430.6522994687591,623.3076469605238,0.5882352941176471,456.3956618467776
hier__modis_pretrained__encoder__xgb1__ridge100,hierarchy,modis_pretrained,encoder,xgb1,ridge100,development,238,449.03910225398005,366.8071079798449,-209.7545488261934,421.95618692067535,445.572284059224,501.26299272149987,0.6680672268907563,441.40166887196483
hier__modis_pretrained__encoder__xgb1__ridge100,hierarchy,modis_pretrained,encoder,xgb1,ridge100,late,238,494.86813636638533,387.3533291782536,318.79486867263734,573.0150089672508,490.8957903519928,553.4721070015981,0.5588235294117647,513.4117680130036
hier__modis_pretrained__encoder__xgb1__ridge100,hierarchy,modis_pretrained,encoder,xgb1,ridge100,four_year,476,472.5095701378966,377.08021857904924,54.52015992322199,503.1864585729501,468.2340372056084,553.4721070015981,0.6134453781512605,479.10990901358787
hier__modis_pretrained__encoder__xgb1__ridge1000,hierarchy,modis_pretrained,encoder,xgb1,ridge1000,development,238,399.75048150067437,327.6813410052599,-197.1750678822427,361.3306523855991,396.90935142669707,444.48470439501125,0.6890756302521008,389.4352417034112
hier__modis_pretrained__encoder__xgb1__ridge1000,hierarchy,modis_pretrained,encoder,xgb1,ridge1000,late,238,483.8812378732899,365.0942423589722,286.0317846564678,570.4451985589417,476.58852148949336,560.2810154793731,0.5336134453781513,503.69904894875367
hier__modis_pretrained__encoder__xgb1__ridge1000,hierarchy,modis_pretrained,encoder,xgb1,ridge1000,four_year,476,443.81386854502887,346.3877916821161,44.428358387112574,477.476473196509,436.7489364580952,560.2810154793731,0.6113445378151261,450.4632866861655
hier__modis_pretrained__encoder__xgb1__xgb1,hierarchy,modis_pretrained,encoder,xgb1,xgb1,development,238,379.2854075512001,305.7107865211613,-109.99380399070263,370.16806856358085,377.4396752273849,414.81228479008706,0.6470588235294118,376.5446397233415
hier__modis_pretrained__encoder__xgb1__xgb1,hierarchy,modis_pretrained,encoder,xgb1,xgb1,late,238,524.287842443998,380.87723628132215,289.4113270197945,636.4700724349967,503.99580779040434,648.4463787975146,0.5,547.2603912783493
hier__modis_pretrained__encoder__xgb1__xgb1,hierarchy,modis_pretrained,encoder,xgb1,xgb1,four_year,476,457.56702356915014,343.2940114012417,89.7087615145459,520.6335333463941,440.7177415088946,648.4463787975146,0.5735294117647058,469.12133049839724
hier__modis_pretrained__encoder__xgb1__xgb2,hierarchy,modis_pretrained,encoder,xgb1,xgb2,development,238,379.38237499312083,306.0257146550436,-113.40742944373129,368.84859296603054,377.3784984986878,416.32018986278825,0.6428571428571429,376.24796036274
hier__modis_pretrained__encoder__xgb1__xgb2,hierarchy,modis_pretrained,encoder,xgb1,xgb2,late,238,520.137725096309,377.6540462623961,285.65295936157656,631.1662641644151,500.461419657502,642.1710541315252,0.5042016806722689,542.9757835036338
hier__modis_pretrained__encoder__xgb1__xgb2,hierarchy,modis_pretrained,encoder,xgb1,xgb2,four_year,476,455.233038961247,341.8398804587198,86.12276495892263,516.9236585571823,438.9199590780949,642.1710541315252,0.5735294117647058,466.5774238894428
hier__modis_pretrained__encoder__xgb1__zero,hierarchy,modis_pretrained,encoder,xgb1,zero,development,238,379.25784352188924,305.6567221425834,-108.67023879404181,370.66768390763315,377.4710966243058,414.24177905090556,0.6470588235294118,376.6636168939294
hier__modis_pretrained__encoder__xgb1__zero,hierarchy,modis_pretrained,encoder,xgb1,zero,late,238,526.2804570425849,382.5801281757898,291.72251420605966,638.970978706868,505.82220214747707,651.1322819066903,0.5,549.3385237348787
hier__modis_pretrained__encoder__xgb1__zero,hierarchy,modis_pretrained,encoder,xgb1,zero,four_year,476,458.69795690509994,344.1184251591866,91.52613770600895,522.3401399103183,441.64664938589146,651.1322819066903,0.5735294117647058,470.34567577660243
hier__modis_pretrained__history__extra__extra,hierarchy,modis_pretrained,history,extra,extra,development,238,396.89633818696996,326.3491365304699,-266.7224483692563,372.8879894478391,393.88672355128165,442.6714780988029,0.680672268907563,390.14184734326517
hier__modis_pretrained__history__extra__extra,hierarchy,modis_pretrained,history,extra,extra,late,238,372.21298998824204,279.62543678834703,52.747371548324246,425.9949247653893,368.31887602347433,422.01911327427007,0.6260504201680672,384.68494519133696
hier__modis_pretrained__history__extra__extra,hierarchy,modis_pretrained,history,extra,extra,four_year,476,384.7526563795322,302.9872866594085,-106.98753841046603,400.3230749034594,381.102799787378,442.6714780988029,0.6533613445378151,387.7327968624754
hier__modis_pretrained__history__extra__ridge100,hierarchy,modis_pretrained,history,extra,ridge100,development,238,478.7329446365179,401.80156763558284,-340.3006826205293,452.5455292260703,470.1031015110208,560.5923618133916,0.6764705882352942,470.0286300025317
hier__modis_pretrained__history__extra__ridge100,hierarchy,modis_pretrained,history,extra,ridge100,late,238,348.41298872096144,257.0782773744497,94.6267031702617,379.1154791471874,346.6411382849002,381.73432790940586,0.7016806722689075,355.64564871850257
hier__modis_pretrained__history__extra__ridge100,hierarchy,modis_pretrained,history,extra,ridge100,four_year,476,418.67460096704224,329.4399225050163,-122.83698972513379,417.4482019074376,408.3721198979605,560.5923618133916,0.6890756302521008,415.7923809348706
hier__modis_pretrained__history__extra__ridge1000,hierarchy,modis_pretrained,history,extra,ridge1000,development,238,439.55169548269276,369.0986218414222,-327.4266305938549,410.65540853133604,436.76068140279364,486.2157133234922,0.6470588235294118,431.6298702248788
hier__modis_pretrained__history__extra__ridge1000,hierarchy,modis_pretrained,history,extra,ridge1000,late,238,345.633659863753,255.81475590854947,62.97721372138033,382.3711191344421,343.72348739838935,380.01110293732705,0.6764705882352942,354.34048156508436
hier__modis_pretrained__history__extra__ridge1000,hierarchy,modis_pretrained,history,extra,ridge1000,four_year,476,395.3911479993718,312.4566888749858,-132.22470843623728,396.76538237613687,390.2420844005915,486.2157133234922,0.6617647058823529,394.447440693868
hier__modis_pretrained__history__extra__xgb1,hierarchy,modis_pretrained,history,extra,xgb1,development,238,386.9675401215628,315.12286235389803,-243.29701638447818,360.8423685571124,383.24956875254065,436.76260603061866,0.7016806722689075,379.5067543881947
hier__modis_pretrained__history__extra__xgb1,hierarchy,modis_pretrained,history,extra,xgb1,late,238,384.4851590606038,286.86376266591765,65.67268111330199,442.628218881312,379.0436850807603,443.50082074668313,0.6176470588235294,397.66055552081997
hier__modis_pretrained__history__extra__xgb1,hierarchy,modis_pretrained,history,extra,xgb1,four_year,476,385.72834653781354,300.99331250990787,-88.8121676355881,403.81119046898,381.14662691665046,443.50082074668313,0.6596638655462185,389.1036276153144
hier__modis_pretrained__history__extra__xgb2,hierarchy,modis_pretrained,history,extra,xgb2,development,238,388.68870019645107,316.70656555169165,-246.57659197599895,362.43593223708297,384.9131230523153,438.95748781423794,0.7016806722689075,381.1816139205751
hier__modis_pretrained__history__extra__xgb2,hierarchy,modis_pretrained,history,extra,xgb2,late,238,381.77148007244585,284.9707784384665,62.1242637614724,438.7901805836372,376.66652004369155,438.8902749519358,0.6134453781512605,394.74991519305513
hier__modis_pretrained__history__extra__xgb2,hierarchy,modis_pretrained,history,extra,xgb2,four_year,476,385.24561558641557,300.83867199507904,-92.22616410726327,402.4280231005194,380.7898215480034,438.95748781423794,0.657563025210084,388.4272689553385
hier__modis_pretrained__history__extra__zero,hierarchy,modis_pretrained,history,extra,zero,development,238,386.2880268922876,314.5021255537356,-242.0270714412525,360.1546142034453,382.61388053942096,435.7651565250678,0.7016806722689075,378.83613713186037
hier__modis_pretrained__history__extra__zero,hierarchy,modis_pretrained,history,extra,zero,late,238,385.49897314411857,287.52927599208755,67.8541077545451,444.11427267584463,379.87198024510576,445.4977139159137,0.6092436974789915,398.7460498022969
hier__modis_pretrained__history__extra__zero,hierarchy,modis_pretrained,history,extra,zero,four_year,476,385.89370169484926,301.01570077291154,-87.08648184335372,404.3196961109037,381.24293039226336,445.4977139159137,0.6554621848739496,389.33750747321636
hier__modis_pretrained__history__ridge1000__extra,hierarchy,modis_pretrained,history,ridge1000,extra,development,238,376.8359947297989,305.2861079169648,-139.8133844897383,356.832791747558,374.10211614673767,419.41186806097625,0.6848739495798319,371.1517243384734
hier__modis_pretrained__history__ridge1000__extra,hierarchy,modis_pretrained,history,ridge1000,extra,late,238,504.1714668981051,365.9617319998962,273.1806105989458,611.55169822239,486.22510261666423,619.5443346111573,0.4957983193277311,526.529933658816
hier__modis_pretrained__history__ridge1000__extra,hierarchy,modis_pretrained,history,ridge1000,extra,four_year,476,445.08102349919625,335.6239199584305,66.68361305460375,500.6621220269441,430.16360938170095,619.5443346111573,0.5903361344537815,455.2469446017594
hier__modis_pretrained__history__ridge1000__ridge100,hierarchy,modis_pretrained,history,ridge1000,ridge100,development,238,451.25704889445626,368.896042012756,-214.90315424354065,422.89464209597855,447.4484965200906,505.95291634324707,0.6638655462184874,443.2143091012454
hier__modis_pretrained__history__ridge1000__ridge100,hierarchy,modis_pretrained,history,ridge1000,ridge100,late,238,492.3851939109309,385.3577580153737,316.3146493759414,569.1126964385822,488.5205047279454,550.0907543868392,0.5630252100840336,510.60089724709735
hier__modis_pretrained__history__ridge1000__ridge100,hierarchy,modis_pretrained,history,ridge1000,ridge100,four_year,476,472.26904586243995,377.12690001406486,50.7057475662004,501.3627127943799,467.984500624018,550.0907543868392,0.6134453781512605,478.47132628581943
hier__modis_pretrained__history__ridge1000__ridge1000,hierarchy,modis_pretrained,history,ridge1000,ridge1000,development,238,401.9407655916173,329.4220160199672,-202.36877575544278,362.15371763579634,398.8738596945211,448.43213949488285,0.6890756302521008,391.22727712838804
hier__modis_pretrained__history__ridge1000__ridge1000,hierarchy,modis_pretrained,history,ridge1000,ridge1000,late,238,481.450236361625,363.28677277128685,283.56282762193575,566.6800250508563,474.34758798583186,556.7411306010646,0.5336134453781513,500.9820214399846
hier__modis_pretrained__history__ridge1000__ridge1000,hierarchy,modis_pretrained,history,ridge1000,ridge1000,four_year,476,443.48095175387186,346.354394395627,40.59702593324648,475.5426195353406,436.61072384017643,556.7411306010646,0.6113445378151261,449.77881172081516
hier__modis_pretrained__history__ridge1000__xgb1,hierarchy,modis_pretrained,history,ridge1000,xgb1,development,238,380.3535051591575,306.46053310803416,-115.29756067563721,369.2158779714643,378.30879267806097,417.6946565041235,0.6512605042016807,377.0579202419601
hier__modis_pretrained__history__ridge1000__xgb1,hierarchy,modis_pretrained,history,ridge1000,xgb1,late,238,521.7182915732441,379.35800223034204,286.91535691926055,632.6665949182664,501.7711268416168,644.6546879331523,0.5,544.4685762265929
hier__modis_pretrained__history__ridge1000__xgb1,hierarchy,modis_pretrained,history,ridge1000,xgb1,four_year,476,456.54066886147274,342.9092676691881,85.80889812181162,517.9707447683281,440.03995975983895,644.6546879331523,0.5756302521008403,467.77301056277815
hier__modis_pretrained__history__ridge1000__xgb2,hierarchy,modis_pretrained,history,ridge1000,xgb2,development,238,380.50622976439104,306.7748093803224,-118.70613334948833,367.97199383960407,378.2961371422946,419.24761468254724,0.6470588235294118,376.82014762767017
hier__modis_pretrained__history__ridge1000__xgb2,hierarchy,modis_pretrained,history,ridge1000,xgb2,late,238,517.5810416406028,376.10084062730925,283.15990535585763,627.3775372189164,498.2451382434648,638.3947614413961,0.5042016806722689,540.1961896858967
hier__modis_pretrained__history__ridge1000__xgb2,hierarchy,modis_pretrained,history,ridge1000,xgb2,four_year,476,454.24394633020864,341.4378250038158,82.22688600318465,514.2985331775536,438.2706376928797,638.3947614413961,0.5756302521008403,465.26426588271266
hier__modis_pretrained__history__ridge1000__zero,hierarchy,modis_pretrained,history,ridge1000,zero,development,238,380.30267590043667,306.406671110704,-113.97608668236575,369.6829429295447,378.320241827584,417.1006482276063,0.6470588235294118,377.1521341395005
hier__modis_pretrained__history__ridge1000__zero,hierarchy,modis_pretrained,history,ridge1000,zero,late,238,523.7022758307442,381.05965335904506,289.224840683427,635.1556534569199,503.58841598027334,647.3339585225723,0.5,546.5371552746703
hier__modis_pretrained__history__ridge1000__zero,hierarchy,modis_pretrained,history,ridge1000,zero,four_year,476,457.65390799562357,343.73316223487456,87.62437700053063,519.6576673211586,440.95432890392874,647.3339585225723,0.5735294117647058,468.9799530540836
hier__modis_pretrained__history__ridge100__extra,hierarchy,modis_pretrained,history,ridge100,extra,development,238,385.5094043294613,311.43374583130503,-164.86220996929853,357.21649805480524,381.31203677648455,438.04502044405615,0.6932773109243697,377.3868358725531
hier__modis_pretrained__history__ridge100__extra,hierarchy,modis_pretrained,history,ridge100,extra,late,238,495.33640363107804,362.76277525190284,268.75341794717826,596.3500218322015,479.21555499253475,604.557505732768,0.49159663865546216,516.5595960217231
hier__modis_pretrained__history__ridge100__extra,hierarchy,modis_pretrained,history,ridge100,extra,four_year,476,443.8331069155535,337.0982605416039,51.94560398893986,491.54703489178206,430.26379588450965,604.557505732768,0.592436974789916,452.3692611518497
hier__modis_pretrained__history__ridge100__ridge100,hierarchy,modis_pretrained,history,ridge100,ridge100,development,238,463.3442235388518,379.5423394676201,-239.31892856409826,429.41310446122185,457.3457023601959,531.6610979352757,0.6596638655462185,453.3618134747803
hier__modis_pretrained__history__ridge100__ridge100,hierarchy,modis_pretrained,history,ridge100,ridge100,late,238,484.9169789194244,381.2077272434604,312.0377468510613,553.9051765930199,481.7412018120068,537.1477981798122,0.5630252100840336,501.3700840609689
hier__modis_pretrained__history__ridge100__ridge100,hierarchy,modis_pretrained,history,ridge100,ridge100,four_year,476,474.2532793408829,380.3750333555402,36.359409143481535,495.5837764392458,469.5434520861013,537.1477981798122,0.6113445378151261,478.4084468017782
hier__modis_pretrained__history__ridge100__ridge1000,hierarchy,modis_pretrained,history,ridge100,ridge1000,development,238,413.7869326185654,338.33889124044214,-227.03746112559034,368.08643116454465,409.1587288154638,470.8738828701602,0.6974789915966386,401.2047563042848
hier__modis_pretrained__history__ridge100__ridge1000,hierarchy,modis_pretrained,history,ridge100,ridge1000,late,238,473.7349279245026,359.43972726422044,279.27267808403843,551.8608462829396,467.7886444926611,542.6122104284834,0.5378151260504201,491.7798366561515
hier__modis_pretrained__history__ridge100__ridge1000,hierarchy,modis_pretrained,history,ridge100,ridge1000,four_year,476,444.7720807006184,348.88930925233126,26.11760847922404,469.0618373240213,438.4736866540625,542.6122104284834,0.6176470588235294,449.26992134483015
hier__modis_pretrained__history__ridge100__xgb1,hierarchy,modis_pretrained,history,ridge100,xgb1,development,238,387.24629091604385,310.5298227518314,-140.47955598375637,366.76475084793105,383.8264713279856,435.17751548621374,0.6722689075630253,381.2709510020011
hier__modis_pretrained__history__ridge100__xgb1,hierarchy,modis_pretrained,history,ridge100,xgb1,late,238,512.9428300396547,376.38963471267505,282.47442476617744,617.4320607142377,494.9447776143744,629.6296468512251,0.49159663865546216,534.5656246019804
hier__modis_pretrained__history__ridge100__xgb1,hierarchy,modis_pretrained,history,ridge100,xgb1,four_year,476,454.46123966589465,343.45972873225327,70.99743439121052,507.8083949987313,439.38562447118,629.6296468512251,0.5819327731092437,464.0291247004252
hier__modis_pretrained__history__ridge100__xgb2,hierarchy,modis_pretrained,history,ridge100,xgb2,development,238,387.6588356593073,311.09389703204664,-143.86335055000544,365.8904905266661,384.0309714105285,436.9420842528757,0.6680672268907563,381.3097833139523
hier__modis_pretrained__history__ridge100__xgb2,hierarchy,modis_pretrained,history,ridge100,xgb2,late,238,508.8396811415355,373.1163507380021,278.72703873645406,612.2004150168628,491.42761171878914,623.4000465094931,0.48739495798319327,530.3268472546807
hier__modis_pretrained__history__ridge100__xgb2,hierarchy,modis_pretrained,history,ridge100,xgb2,four_year,476,452.3257642280336,342.1051238850244,67.4318440932243,504.3139891003736,437.7292915646588,623.4000465094931,0.5777310924369747,461.6737022802749
hier__modis_pretrained__history__ridge100__zero,hierarchy,modis_pretrained,history,ridge100,zero,development,238,387.0850532020805,310.3903274170673,-139.16850085879946,367.07125854171346,383.7468814926151,434.47329825104856,0.6722689075630253,381.2470616096224
hier__modis_pretrained__history__ridge100__zero,hierarchy,modis_pretrained,history,ridge100,zero,late,238,514.9045488976653,378.11443940960027,284.77931111332464,619.8745983570213,496.74190584531414,632.2932741625435,0.49159663865546216,536.6064004994165
hier__modis_pretrained__history__ridge100__zero,hierarchy,modis_pretrained,history,ridge100,zero,four_year,476,455.50056689754274,344.25238341333386,72.80540512726262,509.4044692264075,440.2443936689647,632.2932741625435,0.5819327731092437,465.1624991726144
hier__modis_pretrained__history__ridge10__extra,hierarchy,modis_pretrained,history,ridge10,extra,development,238,395.6500727060797,315.5105354933841,-184.0144625433539,360.8801779982771,387.49671694809024,467.4046288641063,0.6974789915966386,384.9192600896316
hier__modis_pretrained__history__ridge10__extra,hierarchy,modis_pretrained,history,ridge10,extra,late,238,505.4733001725615,383.5520805526906,300.4739193514419,594.4976191108234,491.7911723013507,608.60170279327,0.47478991596638653,524.3088479393243
hier__modis_pretrained__history__ridge10__extra,hierarchy,modis_pretrained,history,ridge10,extra,four_year,476,453.8954930486018,349.53130802303735,58.229728404044,491.763114721156,439.64394462472046,608.60170279327,0.5861344537815126,459.79951136077
hier__modis_pretrained__history__ridge10__ridge100,hierarchy,modis_pretrained,history,ridge10,ridge100,development,238,476.7929419300378,387.6727865313076,-257.78818590233067,439.9941011547125,465.6584144299423,568.0974233322767,0.6638655462184874,464.80959986118256
hier__modis_pretrained__history__ridge10__ridge100,hierarchy,modis_pretrained,history,ridge10,ridge100,late,238,499.46565804663544,401.737290113489,344.26846989982397,551.8148593895585,497.15133875106983,545.1772686845704,0.5462184873949579,511.97437855847477
hier__modis_pretrained__history__ridge10__ridge100,hierarchy,modis_pretrained,history,ridge10,ridge100,four_year,476,488.2609205344305,394.70503832239837,43.240141998746665,499.04631453105713,481.4048765905061,568.0974233322767,0.6050420168067226,489.24325804760605
hier__modis_pretrained__history__ridge10__ridge1000,hierarchy,modis_pretrained,history,ridge10,ridge1000,development,238,425.7712373046067,343.77276124247936,-245.9329902609777,376.7559540635681,416.68139853592265,504.1900188543994,0.6974789915966386,411.24495680217603
hier__modis_pretrained__history__ridge10__ridge1000,hierarchy,modis_pretrained,history,ridge10,ridge1000,late,238,486.3703045781096,381.43243761686034,311.2253465226979,550.4154454097721,482.0996592142037,546.4113359218728,0.5084033613445378,501.31392844504876
hier__modis_pretrained__history__ridge10__ridge1000,hierarchy,modis_pretrained,history,ridge10,ridge1000,four_year,476,457.0761532235623,362.6025994296699,32.64617813086013,471.6472259369217,449.3905288750631,546.4113359218728,0.6029411764705882,458.7975153147774
hier__modis_pretrained__history__ridge10__xgb1,hierarchy,modis_pretrained,history,ridge10,xgb1,development,238,396.24537776917776,313.49202172082266,-159.71452488157144,367.894567393941,389.27704265695036,463.2620645444733,0.7058823529411765,387.4155913973117
hier__modis_pretrained__history__ridge10__xgb1,hierarchy,modis_pretrained,history,ridge10,xgb1,late,238,523.8139260830407,397.8695298344899,314.3131134656072,615.9242531620422,508.5150206176636,634.1872250414993,0.46638655462184875,543.0167814864468
hier__modis_pretrained__history__ridge10__xgb1,hierarchy,modis_pretrained,history,ridge10,xgb1,four_year,476,464.4305268616435,355.6807757776563,77.29929429201789,507.30124105465893,448.8960316373069,634.1872250414993,0.5861344537815126,471.2645816038132
hier__modis_pretrained__history__ridge10__xgb2,hierarchy,modis_pretrained,history,ridge10,xgb2,development,238,396.8792324402472,314.07031477605193,-163.0737461794241,367.38544950898677,389.6031495640771,465.25042970098053,0.7058823529411765,387.6867659883896
hier__modis_pretrained__history__ridge10__xgb2,hierarchy,modis_pretrained,history,ridge10,xgb2,late,238,519.5769650236122,394.40318306706365,310.5392221645915,610.6648793331495,504.8383141001732,627.7142645528261,0.46638655462184875,538.6642808701367
hier__modis_pretrained__history__ridge10__xgb2,hierarchy,modis_pretrained,history,ridge10,xgb2,four_year,476,462.3166380985588,354.23674892155776,73.73273799258374,503.92641494661217,447.2207318321251,627.7142645528261,0.5861344537815126,468.9451057439637
hier__modis_pretrained__history__ridge10__zero,hierarchy,modis_pretrained,history,ridge10,zero,development,238,395.9753534927202,313.308337946236,-158.41507980985165,368.02973482330975,389.1298316742158,462.4405039865143,0.7016806722689075,387.2775683707415
hier__modis_pretrained__history__ridge10__zero,hierarchy,modis_pretrained,history,ridge10,zero,late,238,525.8340569827378,399.5683150358368,316.63011373679336,618.3460982062923,510.3767830076688,636.9350496269145,0.46638655462184875,545.0977487948592
hier__modis_pretrained__history__ridge10__zero,hierarchy,modis_pretrained,history,ridge10,zero,four_year,476,465.45565635010274,356.4383264910364,79.10751696347087,508.82107998836943,449.75330734094234,636.9350496269145,0.5840336134453782,472.37142500737934
hier__modis_pretrained__history__xgb1__extra,hierarchy,modis_pretrained,history,xgb1,extra,development,238,375.3725085245037,304.20712782004875,-134.5387537500675,357.1942022786597,372.8506343437506,416.28938001442384,0.680672268907563,370.19746341785446
hier__modis_pretrained__history__xgb1__extra,hierarchy,modis_pretrained,history,xgb1,extra,late,238,506.7275314952244,367.48876936455224,275.66870525600257,615.3366021369183,488.4539645937677,623.3076469605238,0.4957983193277311,529.3114074302837
hier__modis_pretrained__history__xgb1__extra,hierarchy,modis_pretrained,history,xgb1,extra,four_year,476,445.91328267457015,335.84794859230044,70.56497575296751,503.10378256921103,430.6522994687591,623.3076469605238,0.5882352941176471,456.3956618467776
hier__modis_pretrained__history__xgb1__ridge100,hierarchy,modis_pretrained,history,xgb1,ridge100,development,238,449.03910225398005,366.8071079798449,-209.7545488261934,421.95618692067535,445.572284059224,501.26299272149987,0.6680672268907563,441.40166887196483
hier__modis_pretrained__history__xgb1__ridge100,hierarchy,modis_pretrained,history,xgb1,ridge100,late,238,494.86813636638533,387.3533291782536,318.79486867263734,573.0150089672508,490.8957903519928,553.4721070015981,0.5588235294117647,513.4117680130036
hier__modis_pretrained__history__xgb1__ridge100,hierarchy,modis_pretrained,history,xgb1,ridge100,four_year,476,472.5095701378966,377.08021857904924,54.52015992322199,503.1864585729501,468.2340372056084,553.4721070015981,0.6134453781512605,479.10990901358787
hier__modis_pretrained__history__xgb1__ridge1000,hierarchy,modis_pretrained,history,xgb1,ridge1000,development,238,399.75048150067437,327.6813410052599,-197.1750678822427,361.3306523855991,396.90935142669707,444.48470439501125,0.6890756302521008,389.4352417034112
hier__modis_pretrained__history__xgb1__ridge1000,hierarchy,modis_pretrained,history,xgb1,ridge1000,late,238,483.8812378732899,365.0942423589722,286.0317846564678,570.4451985589417,476.58852148949336,560.2810154793731,0.5336134453781513,503.69904894875367
hier__modis_pretrained__history__xgb1__ridge1000,hierarchy,modis_pretrained,history,xgb1,ridge1000,four_year,476,443.81386854502887,346.3877916821161,44.428358387112574,477.476473196509,436.7489364580952,560.2810154793731,0.6113445378151261,450.4632866861655
hier__modis_pretrained__history__xgb1__xgb1,hierarchy,modis_pretrained,history,xgb1,xgb1,development,238,379.2854075512001,305.7107865211613,-109.99380399070263,370.16806856358085,377.4396752273849,414.81228479008706,0.6470588235294118,376.5446397233415
hier__modis_pretrained__history__xgb1__xgb1,hierarchy,modis_pretrained,history,xgb1,xgb1,late,238,524.287842443998,380.87723628132215,289.4113270197945,636.4700724349967,503.99580779040434,648.4463787975146,0.5,547.2603912783493
hier__modis_pretrained__history__xgb1__xgb1,hierarchy,modis_pretrained,history,xgb1,xgb1,four_year,476,457.56702356915014,343.2940114012417,89.7087615145459,520.6335333463941,440.7177415088946,648.4463787975146,0.5735294117647058,469.12133049839724
hier__modis_pretrained__history__xgb1__xgb2,hierarchy,modis_pretrained,history,xgb1,xgb2,development,238,379.38237499312083,306.0257146550436,-113.40742944373129,368.84859296603054,377.3784984986878,416.32018986278825,0.6428571428571429,376.24796036274
hier__modis_pretrained__history__xgb1__xgb2,hierarchy,modis_pretrained,history,xgb1,xgb2,late,238,520.137725096309,377.6540462623961,285.65295936157656,631.1662641644151,500.461419657502,642.1710541315252,0.5042016806722689,542.9757835036338
hier__modis_pretrained__history__xgb1__xgb2,hierarchy,modis_pretrained,history,xgb1,xgb2,four_year,476,455.233038961247,341.8398804587198,86.12276495892263,516.9236585571823,438.9199590780949,642.1710541315252,0.5735294117647058,466.5774238894428
hier__modis_pretrained__history__xgb1__zero,hierarchy,modis_pretrained,history,xgb1,zero,development,238,379.25784352188924,305.6567221425834,-108.67023879404181,370.66768390763315,377.4710966243058,414.24177905090556,0.6470588235294118,376.6636168939294
hier__modis_pretrained__history__xgb1__zero,hierarchy,modis_pretrained,history,xgb1,zero,late,238,526.2804570425849,382.5801281757898,291.72251420605966,638.970978706868,505.82220214747707,651.1322819066903,0.5,549.3385237348787
hier__modis_pretrained__history__xgb1__zero,hierarchy,modis_pretrained,history,xgb1,zero,four_year,476,458.69795690509994,344.1184251591866,91.52613770600895,522.3401399103183,441.64664938589146,651.1322819066903,0.5735294117647058,470.34567577660243
hier__modis_pretrained__physical__extra__extra,hierarchy,modis_pretrained,physical,extra,extra,development,238,369.1815186739951,296.04788701334985,65.68937615086442,406.45372858844183,367.5372328207527,402.34206324558346,0.680672268907563,378.08849968929616
hier__modis_pretrained__physical__extra__extra,hierarchy,modis_pretrained,physical,extra,extra,late,238,496.42512827923645,376.7900530483989,261.9569341184225,584.9067224854242,477.67798676079235,612.8136554467934,0.47058823529411764,513.8587414511724
hier__modis_pretrained__physical__extra__extra,hierarchy,modis_pretrained,physical,extra,extra,four_year,476,437.454512902481,336.4189700308744,163.82315513464346,503.646953476385,422.60760979077247,612.8136554467934,0.5756302521008403,450.2908972680299
hier__modis_pretrained__physical__extra__ridge100,hierarchy,modis_pretrained,physical,extra,ridge100,development,238,435.9435752813854,355.266435371049,-11.20628956459429,488.2179168774449,435.9354579370537,438.59578542219754,0.680672268907563,449.0101313443173
hier__modis_pretrained__physical__extra__ridge100,hierarchy,modis_pretrained,physical,extra,ridge100,late,238,475.7587915329626,377.7919854963687,304.18464550852246,524.2429026940071,468.35154241810915,551.9772587706944,0.5210084033613446,486.02800704451033
hier__modis_pretrained__physical__extra__ridge100,hierarchy,modis_pretrained,physical,extra,ridge100,four_year,476,456.28567178359975,366.5292104337089,146.4891779719641,506.5507651683046,452.1435001775815,551.9772587706944,0.6008403361344538,467.8164022282714
hier__modis_pretrained__physical__extra__ridge1000,hierarchy,modis_pretrained,physical,extra,ridge1000,development,238,360.41169625738434,290.57711742038924,-0.2260679650856929,390.786577214489,360.4045284409082,362.6775613072885,0.7016806722689075,368.0036245425415
hier__modis_pretrained__physical__extra__ridge1000,hierarchy,modis_pretrained,physical,extra,ridge1000,late,238,468.4243301542705,365.62451705923684,271.76676471406904,532.0284206080788,459.39424207700415,550.9272056855966,0.5210084033613446,482.067830748406
hier__modis_pretrained__physical__extra__ridge1000,hierarchy,modis_pretrained,physical,extra,ridge1000,four_year,476,417.9222080002462,328.1008172398131,135.77034837449168,466.7806708003999,409.8993852589562,550.9272056855966,0.6113445378151261,428.13111801496217
hier__modis_pretrained__physical__extra__xgb1,hierarchy,modis_pretrained,physical,extra,xgb1,development,238,390.72741939217065,315.6196909413712,91.56044482766981,435.63509271256277,386.8467088971609,441.7788495827423,0.6764705882352942,400.9841600985162
hier__modis_pretrained__physical__extra__xgb1,hierarchy,modis_pretrained,physical,extra,xgb1,late,238,514.267283666656,391.2045293962845,275.7115646304675,605.7768826803418,493.48872782427384,638.1943412615577,0.453781512605042,531.9500444594819
hier__modis_pretrained__physical__extra__xgb1,hierarchy,modis_pretrained,physical,extra,xgb1,four_year,476,456.69396498899897,353.4121101688279,183.63600472906865,527.6094983946914,440.16771836071734,638.1943412615577,0.5651260504201681,470.29128668335164
hier__modis_pretrained__physical__extra__xgb2,hierarchy,modis_pretrained,physical,extra,xgb2,development,238,388.7611427240575,313.96980742363644,87.97306663013977,432.5328077786601,385.2194021881383,437.57623813081483,0.680672268907563,398.81862385372835
hier__modis_pretrained__physical__extra__xgb2,hierarchy,modis_pretrained,physical,extra,xgb2,late,238,509.8997666055052,387.65787897221213,271.9296785542059,600.4297465176561,489.8140723091965,631.5178003908172,0.453781512605042,527.5108380094657
hier__modis_pretrained__physical__extra__xgb2,hierarchy,modis_pretrained,physical,extra,xgb2,four_year,476,453.39441884327584,350.81384319792426,179.95137259217285,523.2592618903884,437.51673724866737,631.5178003908172,0.5672268907563025,466.89120920640187
hier__modis_pretrained__physical__extra__zero,hierarchy,modis_pretrained,physical,extra,zero,development,238,391.2280898037831,315.9701107344567,92.9301128408085,436.5223654976072,387.21661734959315,443.09782617559966,0.6764705882352942,401.54879061369166
hier__modis_pretrained__physical__extra__zero,hierarchy,modis_pretrained,physical,extra,zero,late,238,516.1586306877756,392.82375091017883,278.0102858299253,608.0199898642348,495.1064139708727,641.0151898494414,0.453781512605042,533.8609163026647
hier__modis_pretrained__physical__extra__zero,hierarchy,modis_pretrained,physical,extra,zero,four_year,476,457.97333453215185,354.39693082231776,185.47019933536689,529.2636789229595,441.16151566023296,641.0151898494414,0.5651260504201681,471.592965911874
hier__modis_pretrained__physical__ridge1000__extra,hierarchy,modis_pretrained,physical,ridge1000,extra,development,238,431.50576030115025,347.595617287581,-63.08276754221963,466.63830963990114,430.91663954435774,453.45706848596893,0.6932773109243697,440.1416174466399
hier__modis_pretrained__physical__ridge1000__extra,hierarchy,modis_pretrained,physical,ridge1000,extra,late,238,465.9855939129795,343.62570661224663,150.05825989517058,566.6504649971441,450.4280320968726,569.8313889833979,0.5336134453781513,487.2624212299939
hier__modis_pretrained__physical__ridge1000__extra,hierarchy,modis_pretrained,physical,ridge1000,extra,four_year,476,449.07671666849194,345.6106619499138,43.487746176475476,519.0587931559699,440.67233582061516,569.8313889833979,0.6134453781512605,464.47114057839224
hier__modis_pretrained__physical__ridge1000__ridge100,hierarchy,modis_pretrained,physical,ridge1000,ridge100,development,238,522.1605500398364,428.93362246846357,-135.66293861786679,569.1905621547995,519.3722574092305,573.2619433569563,0.6596638655462185,533.2209799109257
hier__modis_pretrained__physical__ridge1000__ridge100,hierarchy,modis_pretrained,physical,ridge1000,ridge100,late,238,426.46905010143996,317.66618033562105,190.3644513842599,493.4986110778538,417.4551556409884,504.67352367881995,0.6176470588235294,440.9729667304305
hier__modis_pretrained__physical__ridge1000__ridge100,hierarchy,modis_pretrained,physical,ridge1000,ridge100,four_year,476,476.72187421615604,373.29990140204234,27.350756383196565,532.6907053731403,468.41370652510943,573.2619433569563,0.6386554621848739,488.6370400826404
hier__modis_pretrained__physical__ridge1000__ridge1000,hierarchy,modis_pretrained,physical,ridge1000,ridge1000,development,238,442.84922687999483,360.15012026551176,-126.76199464311206,465.1655734290284,438.9635232920681,497.49952048373723,0.6722689075630253,447.4568876202716
hier__modis_pretrained__physical__ridge1000__ridge1000,hierarchy,modis_pretrained,physical,ridge1000,ridge1000,late,238,429.9496842842744,318.95636639085427,159.12269020474133,509.337208389066,420.392820660525,510.54051809775797,0.5840336134453782,447.4073494045349
hier__modis_pretrained__physical__ridge1000__ridge1000,hierarchy,modis_pretrained,physical,ridge1000,ridge1000,four_year,476,436.44711521807335,339.55324332818304,16.180347780814632,487.75167993207555,429.67817197629654,510.54051809775797,0.6281512605042017,447.58102058612974
hier__modis_pretrained__physical__ridge1000__xgb1,hierarchy,modis_pretrained,physical,ridge1000,xgb1,development,238,447.0812285978622,359.7381544665293,-37.52698296825531,492.3440489459323,447.08070663709987,447.7638738533536,0.7016806722689075,458.39680319468914
hier__modis_pretrained__physical__ridge1000__xgb1,hierarchy,modis_pretrained,physical,ridge1000,xgb1,late,238,481.8109558211853,354.23559188268166,163.50996793285756,586.6694886093578,463.8933786256232,594.0653050023514,0.5252100840336135,503.5461947193379
hier__modis_pretrained__physical__ridge1000__xgb1,hierarchy,modis_pretrained,physical,ridge1000,xgb1,four_year,476,464.77060046537906,356.9868731746055,62.9914924823011,541.564285841321,455.48704263136153,594.0653050023514,0.6134453781512605,481.6481323508601
hier__modis_pretrained__physical__ridge1000__xgb2,hierarchy,modis_pretrained,physical,ridge1000,xgb2,development,238,446.0342653129724,358.9076947637396,-41.026478050191386,489.8200963591957,446.0181960457005,449.8043061104148,0.6974789915966386,456.97670575771025
hier__modis_pretrained__physical__ridge1000__xgb2,hierarchy,modis_pretrained,physical,ridge1000,xgb2,late,238,478.0320603937788,351.4424349422628,159.8163412086262,581.7257894762679,460.7752160786172,588.057779739258,0.5252100840336135,499.64128158561067
hier__modis_pretrained__physical__ridge1000__xgb2,hierarchy,modis_pretrained,physical,ridge1000,xgb2,four_year,476,462.3100780848307,355.17506485300123,59.39493157921739,537.7400026681663,453.39670606215884,588.057779739258,0.6113445378151261,478.9392162249967
hier__modis_pretrained__physical__ridge1000__zero,hierarchy,modis_pretrained,physical,ridge1000,zero,development,238,447.2521231415067,359.76758409257377,-36.19286060616782,492.9851313929772,447.2518207345208,447.7719209571073,0.7016806722689075,458.6852996026278
hier__modis_pretrained__physical__ridge1000__zero,hierarchy,modis_pretrained,physical,ridge1000,zero,late,238,483.3214093482084,355.31572828106596,165.7552467123545,588.6448959167046,465.06783712902165,596.640978774542,0.5126050420168067,505.08888793553575
hier__modis_pretrained__physical__ridge1000__zero,hierarchy,modis_pretrained,physical,ridge1000,zero,four_year,476,465.6361489344034,357.5416561868198,64.78119305309336,542.9259402825302,456.15982893177124,596.640978774542,0.6071428571428571,482.5895167707771
hier__modis_pretrained__physical__ridge100__extra,hierarchy,modis_pretrained,physical,ridge100,extra,development,238,510.95260981912577,420.6968837483872,-66.75775691153953,580.1770858695378,510.24641761440296,537.1008919649477,0.6848739495798319,528.0821807805481
hier__modis_pretrained__physical__ridge100__extra,hierarchy,modis_pretrained,physical,ridge100,extra,late,238,479.2923314432193,388.2668874113202,-242.07370991308653,532.3134085570997,473.61682743382687,547.1575627564591,0.5672268907563025,491.12872471934134
hier__modis_pretrained__physical__ridge100__extra,hierarchy,modis_pretrained,physical,ridge100,extra,four_year,476,495.37546793379494,404.4818855798538,-154.41573341231296,556.7598296832067,491.9316225241149,547.1575627564591,0.6260504201680672,509.86059701872784
hier__modis_pretrained__physical__ridge100__ridge100,hierarchy,modis_pretrained,physical,ridge100,ridge100,development,238,605.939949061713,502.79284178485796,-136.85619257868413,693.4411091445749,602.326107391317,668.405470461302,0.6680672268907563,626.9117786648294
hier__modis_pretrained__physical__ridge100__ridge100,hierarchy,modis_pretrained,physical,ridge100,ridge100,late,238,420.5912295775314,333.1503232541167,-205.2434477265232,452.37290693843397,419.0318202587521,455.21629217940625,0.6386554621848739,428.1467965880622
hier__modis_pretrained__physical__ridge100__ridge100,hierarchy,modis_pretrained,physical,ridge100,ridge100,four_year,476,521.5650507206417,417.97158251948724,-171.04982015260367,585.4493226503841,510.67896382503454,668.405470461302,0.6533613445378151,534.8145969791756
hier__modis_pretrained__physical__ridge100__ridge1000,hierarchy,modis_pretrained,physical,ridge100,ridge1000,development,238,520.0935342762555,428.99535764070504,-130.299933109662,581.9905718517759,515.0901684807721,587.0582359163806,0.680672268907563,534.3169522212647
hier__modis_pretrained__physical__ridge100__ridge1000,hierarchy,modis_pretrained,physical,ridge100,ridge1000,late,238,448.55425595369655,359.14484828587075,-233.47504096668882,489.42570525158806,445.1200683919909,500.5190327224152,0.5840336134453782,457.913571387743
hier__modis_pretrained__physical__ridge100__ridge1000,hierarchy,modis_pretrained,physical,ridge100,ridge1000,four_year,476,485.6429783957248,394.0701029632878,-181.88748703817538,537.7037040440448,480.10511843638153,587.0582359163806,0.6323529411764706,497.27369481796893
hier__modis_pretrained__physical__ridge100__xgb1,hierarchy,modis_pretrained,physical,ridge100,xgb1,development,238,527.641802464303,435.25063784629924,-40.93362573356292,605.1542524465239,527.6401615566975,528.9560719642344,0.6722689075630253,547.0195047329569
hier__modis_pretrained__physical__ridge100__xgb1,hierarchy,modis_pretrained,physical,ridge100,xgb1,late,238,481.83916357780714,387.76480891893937,-229.86992195444853,539.4119516879794,477.128942614611,544.3372135105665,0.5546218487394958,495.05480536455116
hier__modis_pretrained__physical__ridge100__xgb1,hierarchy,modis_pretrained,physical,ridge100,xgb1,four_year,476,505.25976055151045,411.50772338261925,-135.40177384400573,573.2263614306071,502.38455208565426,544.3372135105665,0.6134453781512605,521.5326086548206
hier__modis_pretrained__physical__ridge100__xgb2,hierarchy,modis_pretrained,physical,ridge100,xgb2,development,238,526.5138343093826,434.4025853274007,-44.4412901747121,602.7965036325644,526.4922801287325,531.2563838236872,0.6764705882352942,545.5791130950155
hier__modis_pretrained__physical__ridge100__xgb2,hierarchy,modis_pretrained,physical,ridge100,xgb2,late,238,481.6144736931069,387.85336397661064,-233.20719537421695,538.179814667583,476.783322752798,544.8286342407304,0.5588235294117647,494.5480212016487
hier__modis_pretrained__physical__ridge100__xgb2,hierarchy,modis_pretrained,physical,ridge100,xgb2,four_year,476,504.5638309420605,411.12797465200566,-138.82424277446452,571.4022828565171,501.6378014407653,544.8286342407304,0.6176470588235294,520.5419365453508
hier__modis_pretrained__physical__ridge100__zero,hierarchy,modis_pretrained,physical,ridge100,zero,development,238,527.7823350992395,435.2665775533824,-39.60808097730004,605.6660699283958,527.7823337912129,527.819491652851,0.6722689075630253,547.2532684795219
hier__modis_pretrained__physical__ridge100__zero,hierarchy,modis_pretrained,physical,ridge100,zero,late,238,481.3315788431837,387.2358185787282,-227.84269694858844,539.1702196244752,476.75592599978825,542.9667696415701,0.5546218487394958,494.6473258276577
hier__modis_pretrained__physical__ridge100__zero,hierarchy,modis_pretrained,physical,ridge100,zero,four_year,476,505.09122049114944,411.2511980660553,-133.7253889629442,573.3829060899938,502.26912989550055,542.9667696415701,0.6134453781512605,521.4586192419483
hier__modis_pretrained__physical__ridge10__extra,hierarchy,modis_pretrained,physical,ridge10,extra,development,238,543.2314483846461,446.39706245057886,-199.21015779391018,605.8335739412512,528.0873098922614,655.4615602132548,0.6848739495798319,555.0959451507013
hier__modis_pretrained__physical__ridge10__extra,hierarchy,modis_pretrained,physical,ridge10,extra,late,238,824.8683179259459,739.7276212199174,-724.5247615309214,854.2118370917061,816.301058184488,934.8772966341224,0.5672268907563025,830.0623827820216
hier__modis_pretrained__physical__ridge10__extra,hierarchy,modis_pretrained,physical,ridge10,extra,four_year,476,698.3939248132317,593.0623418352482,-461.8674596624157,740.5106960544246,672.1941840383747,934.8772966341224,0.6260504201680672,702.3731824298156
hier__modis_pretrained__physical__ridge10__ridge100,hierarchy,modis_pretrained,physical,ridge10,ridge100,development,238,646.2644260810529,534.3790501666122,-266.4309028282933,727.0373951190285,625.3628450946317,788.393579598959,0.6680672268907563,661.2322730939414
hier__modis_pretrained__physical__ridge10__ridge100,hierarchy,modis_pretrained,physical,ridge10,ridge100,late,238,781.7296179292146,706.2402055528398,-691.9209804554403,808.9279043789592,779.6111296399338,837.1235812421918,0.5630252100840336,787.9995674693305
hier__modis_pretrained__physical__ridge10__ridge100,hierarchy,modis_pretrained,physical,ridge10,ridge100,four_year,476,717.202518109644,620.309627859726,-479.1759416418668,769.0733802389719,702.4869873672827,837.1235812421918,0.615546218487395,726.4913509563856
hier__modis_pretrained__physical__ridge10__ridge1000,hierarchy,modis_pretrained,physical,ridge10,ridge1000,development,238,566.697525126626,466.0302500020596,-260.6164079471118,623.9720375163015,541.987308503248,707.5042031274768,0.6638655462184874,574.8385990682004
hier__modis_pretrained__physical__ridge10__ridge1000,hierarchy,modis_pretrained,physical,ridge10,ridge1000,late,238,808.8662267314592,729.9991360418779,-716.643601905878,838.4195764326195,805.1063267484201,883.0061045173862,0.5630252100840336,815.3145891609895
hier__modis_pretrained__physical__ridge10__ridge1000,hierarchy,modis_pretrained,physical,ridge10,ridge1000,four_year,476,698.3590257637654,598.0146930219687,-488.63000492649485,739.0157270815344,673.546817625834,883.0061045173862,0.6134453781512605,702.3201490587248
hier__modis_pretrained__physical__ridge10__xgb1,hierarchy,modis_pretrained,physical,ridge10,xgb1,development,238,551.0457201908077,453.5927625441075,-174.25243832198086,619.377425108214,540.9822751901901,645.8133949526508,0.6722689075630253,565.6127851700049
hier__modis_pretrained__physical__ridge10__xgb1,hierarchy,modis_pretrained,physical,ridge10,xgb1,late,238,818.9301620581914,731.4992816495196,-713.8881275019647,850.3022143275167,810.0774651189465,930.165394716877,0.5672268907563025,824.5600008907115
hier__modis_pretrained__physical__ridge10__xgb1,hierarchy,modis_pretrained,physical,ridge10,xgb1,four_year,476,697.9605991992892,592.5460220968135,-444.0702829119728,743.8555808838029,675.5298701545682,930.165394716877,0.6197478991596639,703.8266623592374
hier__modis_pretrained__physical__ridge10__xgb2,hierarchy,modis_pretrained,physical,ridge10,xgb2,development,238,550.9857615999689,453.63770566144876,-177.6346339878355,618.3792896929766,540.2834361794864,648.3534046072812,0.6764705882352942,565.1585622681002
hier__modis_pretrained__physical__ridge10__xgb2,hierarchy,modis_pretrained,physical,ridge10,xgb2,late,238,820.7954890927834,733.7559716488433,-716.7829653710827,851.9605627958257,812.1754930253696,930.8186700060097,0.5672268907563025,826.4317585016905
hier__modis_pretrained__physical__ridge10__xgb2,hierarchy,modis_pretrained,physical,ridge10,xgb2,four_year,476,699.0316675233531,593.6968386551459,-447.2087996794591,744.3889260596809,676.229464602428,930.8186700060097,0.6218487394957983,704.6704314272038
hier__modis_pretrained__physical__ridge10__zero,hierarchy,modis_pretrained,physical,ridge10,zero,development,238,550.8260379432974,453.40590341589325,-172.97234613647962,619.4123486290399,541.0082086898594,644.5429478188126,0.6722689075630253,565.5181583013734
hier__modis_pretrained__physical__ridge10__zero,hierarchy,modis_pretrained,physical,ridge10,zero,late,238,817.5191265494026,730.0170613040234,-712.1240807418404,848.7907602554,808.6559140810627,928.7106303391884,0.5672268907563025,823.1212318588169
hier__modis_pretrained__physical__ridge10__zero,hierarchy,modis_pretrained,physical,ridge10,zero,four_year,476,697.0462130843296,591.7114823599583,-442.54821343916,743.0065317105507,674.8320613854611,928.7106303391884,0.6197478991596639,702.9827548161677
hier__modis_pretrained__physical__xgb1__extra,hierarchy,modis_pretrained,physical,xgb1,extra,development,238,375.3725085245037,304.20712782004875,-134.5387537500675,357.1942022786597,372.8506343437506,416.28938001442384,0.680672268907563,370.19746341785446
hier__modis_pretrained__physical__xgb1__extra,hierarchy,modis_pretrained,physical,xgb1,extra,late,238,506.7275314952244,367.48876936455224,275.66870525600257,615.3366021369183,488.4539645937677,623.3076469605238,0.4957983193277311,529.3114074302837
hier__modis_pretrained__physical__xgb1__extra,hierarchy,modis_pretrained,physical,xgb1,extra,four_year,476,445.91328267457015,335.84794859230044,70.56497575296751,503.10378256921103,430.6522994687591,623.3076469605238,0.5882352941176471,456.3956618467776
hier__modis_pretrained__physical__xgb1__ridge100,hierarchy,modis_pretrained,physical,xgb1,ridge100,development,238,449.03910225398005,366.8071079798449,-209.7545488261934,421.95618692067535,445.572284059224,501.26299272149987,0.6680672268907563,441.40166887196483
hier__modis_pretrained__physical__xgb1__ridge100,hierarchy,modis_pretrained,physical,xgb1,ridge100,late,238,494.86813636638533,387.3533291782536,318.79486867263734,573.0150089672508,490.8957903519928,553.4721070015981,0.5588235294117647,513.4117680130036
hier__modis_pretrained__physical__xgb1__ridge100,hierarchy,modis_pretrained,physical,xgb1,ridge100,four_year,476,472.5095701378966,377.08021857904924,54.52015992322199,503.1864585729501,468.2340372056084,553.4721070015981,0.6134453781512605,479.10990901358787
hier__modis_pretrained__physical__xgb1__ridge1000,hierarchy,modis_pretrained,physical,xgb1,ridge1000,development,238,399.75048150067437,327.6813410052599,-197.1750678822427,361.3306523855991,396.90935142669707,444.48470439501125,0.6890756302521008,389.4352417034112
hier__modis_pretrained__physical__xgb1__ridge1000,hierarchy,modis_pretrained,physical,xgb1,ridge1000,late,238,483.8812378732899,365.0942423589722,286.0317846564678,570.4451985589417,476.58852148949336,560.2810154793731,0.5336134453781513,503.69904894875367
hier__modis_pretrained__physical__xgb1__ridge1000,hierarchy,modis_pretrained,physical,xgb1,ridge1000,four_year,476,443.81386854502887,346.3877916821161,44.428358387112574,477.476473196509,436.7489364580952,560.2810154793731,0.6113445378151261,450.4632866861655
hier__modis_pretrained__physical__xgb1__xgb1,hierarchy,modis_pretrained,physical,xgb1,xgb1,development,238,379.2854075512001,305.7107865211613,-109.99380399070263,370.16806856358085,377.4396752273849,414.81228479008706,0.6470588235294118,376.5446397233415
hier__modis_pretrained__physical__xgb1__xgb1,hierarchy,modis_pretrained,physical,xgb1,xgb1,late,238,524.287842443998,380.87723628132215,289.4113270197945,636.4700724349967,503.99580779040434,648.4463787975146,0.5,547.2603912783493
hier__modis_pretrained__physical__xgb1__xgb1,hierarchy,modis_pretrained,physical,xgb1,xgb1,four_year,476,457.56702356915014,343.2940114012417,89.7087615145459,520.6335333463941,440.7177415088946,648.4463787975146,0.5735294117647058,469.12133049839724
hier__modis_pretrained__physical__xgb1__xgb2,hierarchy,modis_pretrained,physical,xgb1,xgb2,development,238,379.38237499312083,306.0257146550436,-113.40742944373129,368.84859296603054,377.3784984986878,416.32018986278825,0.6428571428571429,376.24796036274
hier__modis_pretrained__physical__xgb1__xgb2,hierarchy,modis_pretrained,physical,xgb1,xgb2,late,238,520.137725096309,377.6540462623961,285.65295936157656,631.1662641644151,500.461419657502,642.1710541315252,0.5042016806722689,542.9757835036338
hier__modis_pretrained__physical__xgb1__xgb2,hierarchy,modis_pretrained,physical,xgb1,xgb2,four_year,476,455.233038961247,341.8398804587198,86.12276495892263,516.9236585571823,438.9199590780949,642.1710541315252,0.5735294117647058,466.5774238894428
hier__modis_pretrained__physical__xgb1__zero,hierarchy,modis_pretrained,physical,xgb1,zero,development,238,379.25784352188924,305.6567221425834,-108.67023879404181,370.66768390763315,377.4710966243058,414.24177905090556,0.6470588235294118,376.6636168939294
hier__modis_pretrained__physical__xgb1__zero,hierarchy,modis_pretrained,physical,xgb1,zero,late,238,526.2804570425849,382.5801281757898,291.72251420605966,638.970978706868,505.82220214747707,651.1322819066903,0.5,549.3385237348787
hier__modis_pretrained__physical__xgb1__zero,hierarchy,modis_pretrained,physical,xgb1,zero,four_year,476,458.69795690509994,344.1184251591866,91.52613770600895,522.3401399103183,441.64664938589146,651.1322819066903,0.5735294117647058,470.34567577660243
hier__none__history__extra__extra,hierarchy,none,history,extra,extra,development,238,394.48376560420644,324.6265596854665,-263.0383443502535,371.0058390756741,391.59492964742753,439.248391218448,0.6848739495798319,387.8920749828786
hier__none__history__extra__extra,hierarchy,none,history,extra,extra,late,238,377.4907602672848,283.24718687686203,60.05157827993437,433.9713706912788,372.7111268239984,432.5917583233241,0.6218487394957983,390.4160045124617
hier__none__history__extra__extra,hierarchy,none,history,extra,extra,four_year,476,386.08076578123337,303.93687328116425,-101.49338303515958,403.7180223918127,382.15302823571295,439.248391218448,0.6533613445378151,389.5081455474981
hier__none__history__extra__ridge100,hierarchy,none,history,extra,ridge100,development,238,332.33749913344434,261.63520615903553,5.464955260965299,357.06497769819333,332.32300900916476,335.4263964111322,0.6512605042016807,338.5157462435617
hier__none__history__extra__ridge100,hierarchy,none,history,extra,ridge100,late,238,482.64072420087604,385.9483812362284,331.963867883594,554.5116998714725,480.6138468676563,524.7998045490175,0.542016806722689,500.10174878522025
hier__none__history__extra__ridge100,hierarchy,none,history,extra,ridge100,four_year,476,414.36112389280567,323.791793697632,168.71441157227963,466.3574935566926,406.46842793841057,524.7998045490175,0.5966386554621849,425.3870423201786
hier__none__history__extra__ridge1000,hierarchy,none,history,extra,ridge1000,development,238,380.5611224056107,311.64107352038684,-238.5289671889512,355.1964188995983,378.26999262288695,419.9662822383826,0.6890756302521008,373.6471640834267
hier__none__history__extra__ridge1000,hierarchy,none,history,extra,ridge1000,late,238,368.2677706057754,270.91186339292227,130.36975738886957,416.755405589468,364.94576771057336,414.29895906724425,0.6260504201680672,379.55917862789806
hier__none__history__extra__ridge1000,hierarchy,none,history,extra,ridge1000,four_year,476,374.4648973893056,291.2764684566546,-54.0796049000408,387.20121647997246,371.6078801667302,419.9662822383826,0.657563025210084,376.93472285632845
hier__none__history__extra__xgb1,hierarchy,none,history,extra,xgb1,development,238,386.9508463120548,315.10568256449517,-243.26994164311654,360.84170442386016,383.2281777250312,436.7736841580401,0.7016806722689075,379.4928936932502
hier__none__history__extra__xgb1,hierarchy,none,history,extra,xgb1,late,238,384.47199736450284,286.85590450405044,65.5956709596793,442.59225988688695,379.03531208945844,443.4631705568724,0.6176470588235294,397.64289167633774
hier__none__history__extra__xgb1,hierarchy,none,history,extra,xgb1,four_year,476,385.7134131833282,300.9807935342728,-88.83713534171861,403.79118623571895,381.1317449072448,443.4631705568724,0.6596638655462185,389.0874393774051
hier__none__history__extra__xgb2,hierarchy,none,history,extra,xgb2,development,238,388.6817868495781,316.52040804268074,-246.33098943702117,362.4760437667418,384.84177489164006,439.3425980673789,0.7016806722689075,381.17034808938445
hier__none__history__extra__xgb2,hierarchy,none,history,extra,xgb2,late,238,381.89591054830595,284.98010640003196,62.578728431185915,438.99169914622854,376.77400523462416,439.11047508156935,0.6176470588235294,394.88938136936616
hier__none__history__extra__xgb2,hierarchy,none,history,extra,xgb2,four_year,476,385.3037878882717,300.7502572213563,-91.87613050291762,402.55595525596294,380.8078900631321,439.3425980673789,0.6596638655462185,388.49285527390964
hier__none__history__extra__zero,hierarchy,none,history,extra,zero,development,238,386.2880268922876,314.5021255537356,-242.0270714412525,360.1546142034453,382.61388053942096,435.7651565250678,0.7016806722689075,378.83613713186037
hier__none__history__extra__zero,hierarchy,none,history,extra,zero,late,238,385.49897314411857,287.52927599208755,67.8541077545451,444.11427267584463,379.87198024510576,445.4977139159137,0.6092436974789915,398.7460498022969
hier__none__history__extra__zero,hierarchy,none,history,extra,zero,four_year,476,385.89370169484926,301.01570077291154,-87.08648184335372,404.3196961109037,381.24293039226336,445.4977139159137,0.6554621848739496,389.33750747321636
hier__none__history__ridge1000__extra,hierarchy,none,history,ridge1000,extra,development,238,375.8502040460642,304.27054495861967,-136.00208885980123,357.64722871469473,373.42266654259134,416.0710896516433,0.680672268907563,370.6925758373536
hier__none__history__ridge1000__extra,hierarchy,none,history,ridge1000,extra,late,238,512.5572009622613,372.285129352743,280.92122588344756,622.6669872490581,493.0209300034571,633.1824326951526,0.4957983193277311,535.2005797942595
hier__none__history__ridge1000__extra,hierarchy,none,history,ridge1000,extra,four_year,476,449.4320082836424,338.27783715568137,72.45956851182316,507.75275342292326,433.22179827302426,633.1824326951526,0.5882352941176471,459.95964206580805
hier__none__history__ridge1000__ridge100,hierarchy,none,history,ridge1000,ridge100,development,238,434.92314417909773,333.7998876719543,141.9525345830827,522.8467187372966,433.2322290612664,471.54641762423336,0.6050420168067226,456.4813090391896
hier__none__history__ridge1000__ridge100,hierarchy,none,history,ridge1000,ridge100,late,238,697.7146963183102,589.2867667383122,566.9662294429157,817.7425282047664,694.8840895929384,757.6686377648012,0.46638655462184875,727.0140026085813
hier__none__history__ridge1000__ridge100,hierarchy,none,history,ridge1000,ridge100,four_year,476,581.3621671562331,461.5433272051331,354.4593820129992,686.3204549367156,564.0581593271024,757.6686377648012,0.5357142857142857,603.2757371440711
hier__none__history__ridge1000__ridge1000,hierarchy,none,history,ridge1000,ridge1000,development,238,372.0969585528034,301.895546454812,-110.6164252137159,360.76277193905975,370.05936581387203,408.94654027643145,0.6764705882352942,368.75401371463465
hier__none__history__ridge1000__ridge1000,hierarchy,none,history,ridge1000,ridge1000,late,238,533.3564938356802,415.2671071124301,354.75367321464745,632.4088649028228,526.471176893607,611.8951162604511,0.48739495798319327,556.3982573669475
hier__none__history__ridge1000__ridge1000,hierarchy,none,history,ridge1000,ridge1000,four_year,476,459.850680156579,358.5813267836211,122.06862400046576,514.825577270997,448.26527135373954,611.8951162604511,0.5819327731092437,470.6980522344736
hier__none__history__ridge1000__xgb1,hierarchy,none,history,ridge1000,xgb1,development,238,380.3371165562351,306.4366918073804,-115.27030790357944,369.21149302645307,378.29056856230454,417.6932076505627,0.6512605042016807,377.04407367530695
hier__none__history__ridge1000__xgb1,hierarchy,none,history,ridge1000,xgb1,late,238,521.6685231429562,379.3180409593761,286.83366173061853,632.5977181412592,501.724580524045,644.5898783962862,0.5,544.4148362378041
hier__none__history__ridge1000__xgb1,hierarchy,none,history,ridge1000,xgb1,four_year,476,456.50540537241415,342.8773663833783,85.78167691351958,517.927118222415,440.00757454317477,644.5898783962862,0.5756302521008403,467.73637587760453
hier__none__history__ridge1000__xgb2,hierarchy,none,history,ridge1000,xgb2,development,238,380.59436610902327,306.7437452776498,-118.45270173720122,368.13639901218284,378.3583953292465,419.55300902820983,0.6470588235294118,376.920881639869
hier__none__history__ridge1000__xgb2,hierarchy,none,history,ridge1000,xgb2,late,238,517.8847941929303,376.4225747430341,283.6401678411859,627.6677213228353,498.545663095893,638.7486654336823,0.5042016806722689,540.4957432011472
hier__none__history__ridge1000__xgb2,hierarchy,none,history,ridge1000,xgb2,four_year,476,454.4539204199822,341.58316001034194,82.59373305199236,514.5343412583156,438.45202921256976,638.7486654336823,0.5756302521008403,465.4735528277124
hier__none__history__ridge1000__zero,hierarchy,none,history,ridge1000,zero,development,238,380.30267590043667,306.406671110704,-113.97608668236575,369.6829429295447,378.320241827584,417.1006482276063,0.6470588235294118,377.1521341395005
hier__none__history__ridge1000__zero,hierarchy,none,history,ridge1000,zero,late,238,523.7022758307442,381.05965335904506,289.224840683427,635.1556534569199,503.58841598027334,647.3339585225723,0.5,546.5371552746703
hier__none__history__ridge1000__zero,hierarchy,none,history,ridge1000,zero,four_year,476,457.65390799562357,343.73316223487456,87.62437700053063,519.6576673211586,440.95432890392874,647.3339585225723,0.5735294117647058,468.9799530540836
hier__none__history__ridge100__extra,hierarchy,none,history,ridge100,extra,development,238,384.2644556715184,310.2142817946101,-161.0808246823443,357.6821363453032,380.4306335875757,434.5758542509369,0.6890756302521008,376.66042031897894
hier__none__history__ridge100__extra,hierarchy,none,history,ridge100,extra,late,238,503.6417414373488,369.0825868894164,276.4766260624641,607.3416939166582,486.001665441897,618.1280629018581,0.48739495798319327,525.1567105583132
hier__none__history__ridge100__extra,hierarchy,none,history,ridge100,extra,four_year,476,447.9476395799924,339.6484343420132,57.697900690059896,498.3976544036378,433.21614951473634,618.1280629018581,0.5882352941176471,456.87727076958976
hier__none__history__ridge100__ridge100,hierarchy,none,history,ridge100,ridge100,development,238,424.31421049023646,328.68414379967544,115.10468429079586,501.9176111489476,422.9925420627331,456.4568302407249,0.6050420168067226,443.3846435480384
hier__none__history__ridge100__ridge100,hierarchy,none,history,ridge100,ridge100,late,238,688.6090979789432,584.2708408787464,562.2941532267002,799.0641554915188,686.2502862379586,743.1979328767235,0.46638655462184875,715.6331594218409
hier__none__history__ridge100__ridge100,hierarchy,none,history,ridge100,ridge100,four_year,476,571.9375136513281,456.47749233921087,338.69941875874815,667.2423896054717,554.6214141503458,743.1979328767235,0.5357142857142857,591.4347077646185
hier__none__history__ridge100__ridge1000,hierarchy,none,history,ridge100,ridge1000,development,238,378.4684592574457,306.8652414951462,-135.89231980385944,357.5801493236568,375.24310936016235,424.5481144856264,0.680672268907563,372.44004429967765
hier__none__history__ridge100__ridge1000,hierarchy,none,history,ridge100,ridge1000,late,238,524.8020223006381,410.7377019076213,350.32398263365707,615.9960276128412,518.9151288637966,597.3004058430148,0.49159663865546216,546.1288002694785
hier__none__history__ridge100__ridge1000,hierarchy,none,history,ridge100,ridge1000,four_year,476,457.52351702592523,358.8014717013837,107.21583141489882,503.64405547227943,447.0791191119795,597.3004058430148,0.5861344537815126,466.44255215902734
hier__none__history__ridge100__xgb1,hierarchy,none,history,ridge100,xgb1,development,238,387.2309610617131,310.5055427133211,-140.45225094262275,366.76191277618994,383.8084670503018,435.17847605629134,0.6680672268907563,381.25807548747946
hier__none__history__ridge100__xgb1,hierarchy,none,history,ridge100,xgb1,late,238,512.893536609157,376.3470402233924,282.39281054104475,617.3645210981953,494.8983866456034,629.5660026155441,0.49159663865546216,534.5124952405281
hier__none__history__ridge100__xgb1,hierarchy,none,history,ridge100,xgb1,four_year,476,454.4268902146013,343.42629146835674,70.97027979921099,507.76631070505925,439.3534268479526,629.5660026155441,0.5798319327731093,463.99337949555365
hier__none__history__ridge100__xgb2,hierarchy,none,history,ridge100,xgb2,development,238,387.7569810039842,311.0531923956034,-143.60819174993773,366.06109177779496,384.09225321186796,437.2770004610039,0.6722689075630253,381.41682674940785
hier__none__history__ridge100__xgb2,hierarchy,none,history,ridge100,xgb2,late,238,509.1545403384498,373.43099132598576,279.20822107496787,612.4959459322188,491.74355840453376,623.7534774064972,0.48739495798319327,530.637146253413
hier__none__history__ridge100__xgb2,hierarchy,none,history,ridge100,xgb2,four_year,476,452.54492719761106,342.2420918607946,67.80001466251507,504.5552530184155,437.9179058082008,623.7534774064972,0.5798319327731093,461.8907533054596
hier__none__history__ridge100__zero,hierarchy,none,history,ridge100,zero,development,238,387.0850532020805,310.3903274170673,-139.16850085879946,367.07125854171346,383.7468814926151,434.47329825104856,0.6722689075630253,381.2470616096224
hier__none__history__ridge100__zero,hierarchy,none,history,ridge100,zero,late,238,514.9045488976653,378.11443940960027,284.77931111332464,619.8745983570213,496.74190584531414,632.2932741625435,0.49159663865546216,536.6064004994165
hier__none__history__ridge100__zero,hierarchy,none,history,ridge100,zero,four_year,476,455.50056689754274,344.25238341333386,72.80540512726262,509.4044692264075,440.2443936689647,632.2932741625435,0.5819327731092437,465.1624991726144
hier__none__history__ridge10__extra,hierarchy,none,history,ridge10,extra,development,238,394.1604084318405,314.32969700081316,-180.26691831990644,361.017726241472,386.50314834607923,463.8190192505965,0.7016806722689075,383.96042286280806
hier__none__history__ridge10__extra,hierarchy,none,history,ridge10,extra,late,238,513.991786434327,389.95293107473384,308.24481382139317,605.5125790917808,498.9074154465184,622.515454563826,0.46638655462184875,533.1008918517383
hier__none__history__ridge10__extra,hierarchy,none,history,ridge10,extra,four_year,476,458.011999895803,352.14131403777344,63.98894775074337,498.48735294836854,442.7052818962988,622.515454563826,0.5840336134453782,464.3041586590683
hier__none__history__ridge10__ridge100,hierarchy,none,history,ridge10,ridge100,development,238,418.5009042363028,328.8886954539611,94.4848627449344,483.59806358983263,417.62775104778103,444.64752901459104,0.6008403361344538,434.5569057775548
hier__none__history__ridge10__ridge100,hierarchy,none,history,ridge10,ridge100,late,238,707.3013021244635,612.1973145183148,596.0178444318103,795.0569450671286,705.2256293173261,759.3730553036361,0.453781512605042,728.7212946583454
hier__none__history__ridge10__ridge100,hierarchy,none,history,ridge10,ridge100,four_year,476,581.1274123776835,470.54300498613793,345.25135358837235,658.0207568942302,561.4266901825536,759.3730553036361,0.5273109243697479,595.4255679580377
hier__none__history__ridge10__ridge1000,hierarchy,none,history,ridge10,ridge1000,development,238,386.2484273963304,309.5173958329851,-155.29562607585035,357.28827437067565,379.67362632756,450.6368924405195,0.6890756302521008,377.3646888727241
hier__none__history__ridge10__ridge1000,hierarchy,none,history,ridge10,ridge1000,late,238,538.4373406877631,433.47323736241344,382.59496351179877,613.1286009101348,533.9004764254476,603.6503948454027,0.47478991596638653,555.9759396777772
hier__none__history__ridge10__ridge1000,hierarchy,none,history,ridge10,ridge1000,four_year,476,468.56302538348484,371.49531659769923,113.64966871797421,501.7876006124477,456.7870513765038,603.6503948454027,0.5819327731092437,473.9251756889803
hier__none__history__ridge10__xgb1,hierarchy,none,history,ridge10,xgb1,development,238,396.2341492785245,313.4713781070733,-159.68679161293218,367.8954466218767,389.2620854366977,463.2656657281208,0.7058823529411765,387.4064576539058
hier__none__history__ridge10__xgb1,hierarchy,none,history,ridge10,xgb1,late,238,523.7618337580419,397.82798073353234,314.23089279217095,615.8568707325221,508.4649074505677,634.1227619319823,0.46638655462184875,542.9613614247934
hier__none__history__ridge10__xgb1,hierarchy,none,history,ridge10,xgb1,four_year,476,464.396360642535,355.6496794203029,77.2720505896194,507.2606553210906,448.8634964436327,634.1227619319823,0.5861344537815126,471.2292182624483
hier__none__history__ridge10__xgb2,hierarchy,none,history,ridge10,xgb2,development,238,397.0291756960015,314.06989546447215,-162.81198320675935,367.58912818765646,389.70456666290073,465.6158113894046,0.7058823529411765,387.83801156064004
hier__none__history__ridge10__xgb2,hierarchy,none,history,ridge10,xgb2,late,238,519.9490116967249,394.7845962345314,311.0283174429186,610.9902475118794,505.2202195463486,628.1002607488982,0.46638655462184875,539.0271226129195
hier__none__history__ridge10__xgb2,hierarchy,none,history,ridge10,xgb2,four_year,476,462.5900675102349,354.4272458495018,74.10816711807963,504.19780330560195,447.46239310462465,628.1002607488982,0.5861344537815126,469.2100828576741
hier__none__history__ridge10__zero,hierarchy,none,history,ridge10,zero,development,238,395.9753534927202,313.308337946236,-158.41507980985165,368.02973482330975,389.1298316742158,462.4405039865143,0.7016806722689075,387.2775683707415
hier__none__history__ridge10__zero,hierarchy,none,history,ridge10,zero,late,238,525.8340569827378,399.5683150358368,316.63011373679336,618.3460982062923,510.3767830076688,636.9350496269145,0.46638655462184875,545.0977487948592
hier__none__history__ridge10__zero,hierarchy,none,history,ridge10,zero,four_year,476,465.45565635010274,356.4383264910364,79.10751696347087,508.82107998836943,449.75330734094234,636.9350496269145,0.5840336134453782,472.37142500737934
hier__none__history__xgb1__extra,hierarchy,none,history,xgb1,extra,development,238,374.4421188401633,303.22292013521974,-130.7215308814752,358.08118521474825,372.2169604958075,412.9776606955524,0.6680672268907563,369.7955958477206
hier__none__history__xgb1__extra,hierarchy,none,history,xgb1,extra,late,238,515.1406826075894,373.87168975729276,283.41537535454967,626.4826749801086,495.26640560529916,636.9742400966231,0.4957983193277311,538.0076114501467
hier__none__history__xgb1__extra,hierarchy,none,history,xgb1,extra,four_year,476,450.32034333290125,338.5473049462563,76.34692223653722,510.24635092033304,433.7416830505533,636.9742400966231,0.5819327731092437,461.15718015917224
hier__none__history__xgb1__ridge100,hierarchy,none,history,xgb1,ridge100,development,238,437.4881163400401,335.2018499721644,147.60383917366588,527.4524866594908,435.736532864015,474.8456860944763,0.6134453781512605,459.5413130508965
hier__none__history__xgb1__ridge100,hierarchy,none,history,xgb1,ridge100,late,238,700.8390667372058,591.7852278001424,569.6143386063357,822.5353812078185,697.9329969560205,761.6897944372707,0.46638655462184875,730.5366279095626
hier__none__history__xgb1__ridge100,hierarchy,none,history,xgb1,ridge100,four_year,476,584.1965634115944,463.4935388861533,358.60908889000075,690.9307414719552,566.8347649100177,761.6897944372707,0.5399159663865546,606.5396583012905
hier__none__history__xgb1__ridge1000,hierarchy,none,history,xgb1,ridge1000,development,238,371.11919033126975,300.9482922967182,-105.29622627529628,361.84939361655563,369.2481073637725,406.46757324399687,0.6764705882352942,368.3339704107169
hier__none__history__xgb1__ridge1000,hierarchy,none,history,xgb1,ridge1000,late,238,536.0730020686709,417.34523161370385,357.2742742923604,636.5681377805672,529.0318740142475,615.6317575239302,0.4831932773109244,559.4365039830391
hier__none__history__xgb1__ridge1000,hierarchy,none,history,xgb1,ridge1000,four_year,476,461.03346786272164,359.14676195521105,125.98902400853208,517.7615173504536,449.13999068900995,615.6317575239302,0.5798319327731093,472.2421109412267
hier__none__history__xgb1__xgb1,hierarchy,none,history,xgb1,xgb1,development,238,379.26889840631,305.686934875558,-109.96655131386451,370.16342746758323,377.42147719440896,414.8103238030715,0.6470588235294118,376.530675368653
hier__none__history__xgb1__xgb1,hierarchy,none,history,xgb1,xgb1,late,238,524.2378116539496,380.83780186707645,289.32958409493796,636.4008371512269,503.9490165166252,648.3812564066448,0.5,547.2063692439378
hier__none__history__xgb1__xgb1,hierarchy,none,history,xgb1,xgb1,four_year,476,457.5315182946732,343.2623683713172,89.68151639053673,520.589564129618,440.68524685551705,648.3812564066448,0.5735294117647058,469.0844618936204
hier__none__history__xgb1__xgb2,hierarchy,none,history,xgb1,xgb2,development,238,379.46977665968234,305.99493302635807,-113.15419092541184,369.01251496964176,377.44198859954423,416.61923505932907,0.6428571428571429,376.3485142221377
hier__none__history__xgb1__xgb2,hierarchy,none,history,xgb1,xgb2,late,238,520.4408847707216,377.96156355609605,286.13329125732963,631.4560862784017,500.76071090038545,642.52609792935,0.5,543.2746416800576
hier__none__history__xgb1__xgb2,hierarchy,none,history,xgb1,xgb2,four_year,476,455.44265607158536,341.9782482912271,86.48955016595889,517.159078573632,439.10134974996487,642.52609792935,0.5714285714285714,466.7864351166919
hier__none__history__xgb1__zero,hierarchy,none,history,xgb1,zero,development,238,379.25784352188924,305.6567221425834,-108.67023879404181,370.66768390763315,377.4710966243058,414.24177905090556,0.6470588235294118,376.6636168939294
hier__none__history__xgb1__zero,hierarchy,none,history,xgb1,zero,late,238,526.2804570425849,382.5801281757898,291.72251420605966,638.970978706868,505.82220214747707,651.1322819066903,0.5,549.3385237348787
hier__none__history__xgb1__zero,hierarchy,none,history,xgb1,zero,four_year,476,458.69795690509994,344.1184251591866,91.52613770600895,522.3401399103183,441.64664938589146,651.1322819066903,0.5735294117647058,470.34567577660243
hier__none__physical__extra__extra,hierarchy,none,physical,extra,extra,development,238,370.64053981159356,296.98312755981317,69.71433306030572,409.77705241231024,368.66457241253113,406.88554570881337,0.680672268907563,379.93067611200706
hier__none__physical__extra__extra,hierarchy,none,physical,extra,extra,late,238,505.02219406697867,382.9307699993369,269.72209066743204,595.9036388699325,484.5529445908452,626.8760291153396,0.46638655462184875,522.6252428986837
hier__none__physical__extra__extra,hierarchy,none,physical,extra,extra,four_year,476,442.9570104717017,339.9569487795751,169.71821186386893,511.3796923530246,426.60875850168816,626.8760291153396,0.5735294117647058,455.975617949529
hier__none__physical__extra__ridge100,hierarchy,none,physical,extra,ridge100,development,238,552.2519881934903,433.79762589889594,361.8146184729499,645.797460922952,520.2937714728221,705.4333129820571,0.6260504201680672,567.6488021956886
hier__none__physical__extra__ridge100,hierarchy,none,physical,extra,ridge100,late,238,672.1613732917924,572.3755207747732,553.5093431446621,750.5973084387192,663.0084430893764,773.5557910345408,0.4495798319327731,689.4821245279202
hier__none__physical__extra__ridge100,hierarchy,none,physical,extra,ridge100,four_year,476,615.1354201349371,503.0865733368346,457.66198080880605,700.1609386312484,591.6511072810993,773.5557910345408,0.5378151260504201,630.5207215455555
hier__none__physical__extra__ridge1000,hierarchy,none,physical,extra,ridge1000,development,238,371.715321964194,295.8830091719705,95.72558238696264,412.67670512854596,368.36715042793253,418.14589155855265,0.6848739495798319,381.11862487121664
hier__none__physical__extra__ridge1000,hierarchy,none,physical,extra,ridge1000,late,238,514.2990846482538,407.0660342284221,342.28613236613967,585.618762428965,503.02512808668524,610.1198010793491,0.47058823529411764,529.3105149530395
hier__none__physical__extra__ridge1000,hierarchy,none,physical,extra,ridge1000,four_year,476,448.7069361247807,351.47452170019636,219.00585737655115,506.5823713200971,435.6961392573089,610.1198010793491,0.5777310924369747,459.92309570674183
hier__none__physical__extra__xgb1,hierarchy,none,physical,extra,xgb1,development,238,390.7541782851389,315.6516858272054,91.59228175920187,435.663329523468,386.87196920926,441.8165529955038,0.6764705882352942,401.01091382575146
hier__none__physical__extra__xgb1,hierarchy,none,physical,extra,xgb1,late,238,514.219806797379,391.1653728913824,275.6300359099026,605.7129217729987,493.44626951748194,638.1279504657431,0.453781512605042,531.8997012213097
hier__none__physical__extra__xgb1,hierarchy,none,physical,extra,xgb1,four_year,476,456.67868219899856,353.4085293592938,183.6111588345522,527.5844388788664,440.15911936337096,638.1279504657431,0.5651260504201681,470.27523066005864
hier__none__physical__extra__xgb2,hierarchy,none,physical,extra,xgb2,development,238,389.29082434059893,314.55643635465697,88.26531626207512,432.99620854537795,385.712601430356,438.3731655520053,0.680672268907563,399.32261466423296
hier__none__physical__extra__xgb2,hierarchy,none,physical,extra,xgb2,late,238,510.2726983703955,388.07795981192623,272.4174654716026,600.7836352349912,490.1940813715937,631.9261853229004,0.453781512605042,527.880778336844
hier__none__physical__extra__xgb2,hierarchy,none,physical,extra,xgb2,four_year,476,453.8312310859554,351.31719808329166,180.34139086683885,523.6538422378104,437.95334140097486,631.9261853229004,0.5672268907563025,467.31741145267404
hier__none__physical__extra__zero,hierarchy,none,physical,extra,zero,development,238,391.2280898037831,315.9701107344567,92.9301128408085,436.5223654976072,387.21661734959315,443.09782617559966,0.6764705882352942,401.54879061369166
hier__none__physical__extra__zero,hierarchy,none,physical,extra,zero,late,238,516.1586306877756,392.82375091017883,278.0102858299253,608.0199898642348,495.1064139708727,641.0151898494414,0.453781512605042,533.8609163026647
hier__none__physical__extra__zero,hierarchy,none,physical,extra,zero,four_year,476,457.97333453215185,354.39693082231776,185.47019933536689,529.2636789229595,441.16151566023296,641.0151898494414,0.5651260504201681,471.592965911874
hier__none__physical__ridge1000__extra,hierarchy,none,physical,ridge1000,extra,development,238,432.0910601889563,347.5545531815888,-59.16447663023895,469.5590283891879,431.6984137346733,450.1148160484564,0.7016806722689075,441.3598906254435
hier__none__physical__ridge1000__extra,hierarchy,none,physical,ridge1000,extra,late,238,473.52511352073776,348.99542007382126,157.65593019940945,576.95100264073,456.2710805253652,582.930996090801,0.5168067226890757,495.0680775518927
hier__none__physical__ridge1000__extra,hierarchy,none,physical,ridge1000,extra,four_year,476,453.28176525757345,348.274986627705,49.24572678458525,526.0029185232445,443.9847471300193,582.930996090801,0.6092436974789915,469.1377990421027
hier__none__physical__ridge1000__ridge100,hierarchy,none,physical,ridge1000,ridge100,development,238,545.0392787435719,411.9975982751205,224.89064278563762,662.331637209863,514.6313763390136,694.1372588630292,0.6638655462184874,566.7603927590051
hier__none__physical__ridge1000__ridge100,hierarchy,none,physical,ridge1000,ridge100,late,238,593.01942972345,475.3413856003408,433.5434504179469,698.2153948131521,580.2989373890364,702.4676211614377,0.46218487394957986,616.1382979122722
hier__none__physical__ridge1000__ridge100,hierarchy,none,physical,ridge1000,ridge100,four_year,476,569.5348362492143,443.66949193773064,329.2170466017923,680.5100789860439,547.465156864025,702.4676211614377,0.5630252100840336,591.7612270871243
hier__none__physical__ridge1000__ridge1000,hierarchy,none,physical,ridge1000,ridge1000,development,238,426.01514826903133,342.6217913612559,-34.00833058815745,465.95045127679197,426.008532695413,428.38269052209,0.6848739495798319,435.9973201275669
hier__none__physical__ridge1000__ridge1000,hierarchy,none,physical,ridge1000,ridge1000,late,238,464.5656675991743,344.33145431677826,228.01840238621253,554.5589650119658,451.0119855335118,562.409689356283,0.5084033613445378,483.67557143595656
hier__none__physical__ridge1000__ridge1000,hierarchy,none,physical,ridge1000,ridge1000,four_year,476,445.70739620660953,343.47662283901707,97.00503589902753,512.1745155316636,438.51025911446243,562.409689356283,0.5966386554621849,460.5248917648363
hier__none__physical__ridge1000__xgb1,hierarchy,none,physical,ridge1000,xgb1,development,238,447.0968547232524,359.7563938752493,-37.49627425416623,492.36987044968544,447.09633099496597,447.78066590195067,0.7016806722689075,458.41497772278905
hier__none__physical__ridge1000__xgb1,hierarchy,none,physical,ridge1000,xgb1,late,238,481.7783317302157,354.2204698574075,163.43073425054607,586.6157573986178,463.8701077856665,594.0042079580037,0.5210084033613446,503.51063216117893
hier__none__physical__ridge1000__xgb1,hierarchy,none,physical,ridge1000,xgb1,four_year,476,464.7612066578787,356.9884318663284,62.96722999818993,541.5469213997038,455.48321939031626,594.0042079580037,0.6113445378151261,481.6381385264443
hier__none__physical__ridge1000__xgb2,hierarchy,none,physical,ridge1000,xgb2,development,238,446.46586421886343,359.330439380618,-40.735372872301184,490.26560880536886,446.45045383951623,450.1599253903741,0.6974789915966386,457.411947770653
hier__none__physical__ridge1000__xgb2,hierarchy,none,physical,ridge1000,xgb2,late,238,478.2691902677385,351.60469855255593,160.28528620523858,582.012385498514,460.9892605005764,588.3875338895434,0.5252100840336135,499.88500663364186
hier__none__physical__ridge1000__xgb2,hierarchy,none,physical,ridge1000,xgb2,four_year,476,462.64089003894526,355.46756896658695,59.77495666646868,538.097939064521,453.7198571700463,588.3875338895434,0.6113445378151261,479.2748940781144
hier__none__physical__ridge1000__zero,hierarchy,none,physical,ridge1000,zero,development,238,447.2521231415067,359.76758409257377,-36.19286060616782,492.9851313929772,447.2518207345208,447.7719209571073,0.7016806722689075,458.6852996026278
hier__none__physical__ridge1000__zero,hierarchy,none,physical,ridge1000,zero,late,238,483.3214093482084,355.31572828106596,165.7552467123545,588.6448959167046,465.06783712902165,596.640978774542,0.5126050420168067,505.08888793553575
hier__none__physical__ridge1000__zero,hierarchy,none,physical,ridge1000,zero,four_year,476,465.6361489344034,357.5416561868198,64.78119305309336,542.9259402825302,456.15982893177124,596.640978774542,0.6071428571428571,482.5895167707771
hier__none__physical__ridge100__extra,hierarchy,none,physical,ridge100,extra,development,238,511.8954523173328,421.01446445207034,-62.812662090489034,583.2792977054905,511.3950832573334,534.0230067898136,0.680672268907563,529.6163213993724
hier__none__physical__ridge100__extra,hierarchy,none,physical,ridge100,extra,late,238,479.5686357729118,387.293869868496,-235.20698070116714,534.7236626529252,474.3435068010224,544.9431808286004,0.5588235294117647,492.05111024994284
hier__none__physical__ridge100__extra,hierarchy,none,physical,ridge100,extra,four_year,476,495.99547907226867,404.1541671602832,-149.00982139582806,559.5284329382956,492.86929502917786,544.9431808286004,0.6197478991596639,511.0971715280027
hier__none__physical__ridge100__ridge100,hierarchy,none,physical,ridge100,ridge100,development,238,619.8490158728109,481.3082189761352,221.480601123774,752.6932125274928,581.2340954007283,796.5936292556039,0.6848739495798319,643.4063349184607
hier__none__physical__ridge100__ridge100,hierarchy,none,physical,ridge100,ridge100,late,238,375.59579718850034,284.1392432375495,14.520017510996373,428.8836807292731,374.59168379101527,402.0375086151499,0.6554621848739496,388.66673972432227
hier__none__physical__ridge100__ridge100,hierarchy,none,physical,ridge100,ridge100,four_year,476,512.48658779726,382.72373110684225,118.00030931738512,612.5717442801483,477.9128895958718,796.5936292556039,0.6701680672268907,528.8644523676351
hier__none__physical__ridge100__ridge1000,hierarchy,none,physical,ridge100,ridge1000,development,238,503.4532347540228,413.11493591063237,-38.10156164763248,574.9793959164515,503.4471028642499,505.9318969970522,0.6848739495798319,521.3332420721867
hier__none__physical__ridge100__ridge1000,hierarchy,none,physical,ridge100,ridge1000,late,238,419.481386682216,332.24355200800375,-171.28443959831887,460.6741861824891,418.32885986308156,449.4029451833152,0.6050420168067226,429.4914548525007
hier__none__physical__ridge100__ridge1000,hierarchy,none,physical,ridge100,ridge1000,four_year,476,463.37338796974734,372.6792439593181,-104.69300062297569,520.971213956849,460.88798136366574,505.9318969970522,0.6449579831932774,477.15149281500237
hier__none__physical__ridge100__xgb1,hierarchy,none,physical,ridge100,xgb1,development,238,527.6672425155967,435.2876191907072,-40.901278558138486,605.1876879269363,527.6656063326734,528.9796525973168,0.6722689075630253,547.0469448227009
hier__none__physical__ridge100__xgb1,hierarchy,none,physical,ridge100,xgb1,late,238,481.8677443081776,387.7848277039624,-229.94156738447748,539.4237096938423,477.15380327296623,544.3904824502918,0.5546218487394958,495.078250395791
hier__none__physical__ridge100__xgb1,hierarchy,none,physical,ridge100,xgb1,four_year,476,505.2866720133556,411.5362234473347,-135.42142297130798,573.2495426069773,502.4097048028198,544.3904824502918,0.6134453781512605,521.5581478591271
hier__none__physical__ridge100__xgb2,hierarchy,none,physical,ridge100,xgb2,development,238,527.0309902654941,435.0446425610965,-44.131805503623696,603.2985685042436,527.0107092159907,531.6342437822901,0.6722689075630253,546.0928145628056
hier__none__physical__ridge100__xgb2,hierarchy,none,physical,ridge100,xgb2,late,238,481.51080435073055,387.72070495944365,-232.78092981088506,538.263250542944,476.6828074954718,544.698656712566,0.5588235294117647,494.4919166849693
hier__none__physical__ridge100__xgb2,hierarchy,none,physical,ridge100,xgb2,four_year,476,504.78427045952753,411.38267376027017,-138.45636765725436,571.7064323778094,501.84675835573125,544.698656712566,0.615546218487395,520.780432913149
hier__none__physical__ridge100__zero,hierarchy,none,physical,ridge100,zero,development,238,527.7823350992395,435.2665775533824,-39.60808097730004,605.6660699283958,527.7823337912129,527.819491652851,0.6722689075630253,547.2532684795219
hier__none__physical__ridge100__zero,hierarchy,none,physical,ridge100,zero,late,238,481.3315788431837,387.2358185787282,-227.84269694858844,539.1702196244752,476.75592599978825,542.9667696415701,0.5546218487394958,494.6473258276577
hier__none__physical__ridge100__zero,hierarchy,none,physical,ridge100,zero,four_year,476,505.09122049114944,411.2511980660553,-133.7253889629442,573.3829060899938,502.26912989550055,542.9667696415701,0.6134453781512605,521.4586192419483
hier__none__physical__ridge10__extra,hierarchy,none,physical,ridge10,extra,development,238,543.2177551339545,446.08691248021825,-195.38029122204762,607.716937403865,529.0017268066548,652.4630670243534,0.680672268907563,555.7885436196073
hier__none__physical__ridge10__extra,hierarchy,none,physical,ridge10,extra,late,238,821.1112020188849,734.9344904310976,-718.5506221508866,850.8142591567383,812.2089207542915,932.7919839433107,0.5672268907563025,826.3113959871998
hier__none__physical__ridge10__extra,hierarchy,none,physical,ridge10,extra,four_year,476,696.1713638083912,590.5107014556579,-456.9654566864671,739.3256317726183,670.6053237804731,932.7919839433107,0.6239495798319328,700.5684207924685
hier__none__physical__ridge10__ridge100,hierarchy,none,physical,ridge10,ridge100,development,238,579.7814203869781,460.9625230142986,79.7974459442024,697.3874969548739,569.5794824130685,677.8647936976687,0.680672268907563,606.6324550354747
hier__none__physical__ridge10__ridge100,hierarchy,none,physical,ridge10,ridge100,late,238,618.3742790661382,536.7643637383148,-500.5547760030397,630.8884538330901,616.4076246012863,665.6863151679582,0.5672268907563025,621.0111591416633
hier__none__physical__ridge10__ridge100,hierarchy,none,physical,ridge10,ridge100,four_year,476,599.3885402793867,498.8634433763067,-210.37866502941867,664.9697594962087,592.9935535071774,677.8647936976687,0.6239495798319328,614.1850983905398
hier__none__physical__ridge10__ridge1000,hierarchy,none,physical,ridge10,ridge1000,development,238,529.096013968456,434.75725628308044,-171.5349490303623,591.733981208226,518.6920258421878,623.1007147767574,0.680672268907563,542.1545087468314
hier__none__physical__ridge10__ridge1000,hierarchy,none,physical,ridge10,ridge1000,late,238,760.0046041500746,679.784415280518,-662.4185677349092,781.2026277866976,756.8283085035932,826.2394731451802,0.5672268907563025,764.51003614761
hier__none__physical__ridge10__ridge1000,hierarchy,none,physical,ridge10,ridge1000,four_year,476,654.8089760863927,557.2708357817993,-416.9767583826358,692.9742600477232,637.7601671728905,826.2394731451802,0.6239495798319328,660.0880948483498
hier__none__physical__ridge10__xgb1,hierarchy,none,physical,ridge10,xgb1,development,238,551.0640474419266,453.6112649574467,-174.22095428517372,619.4077648461188,540.9999993399576,645.8359907610524,0.6722689075630253,565.6339647674824
hier__none__physical__ridge10__xgb1,hierarchy,none,physical,ridge10,xgb1,late,238,818.9808035020741,731.5520043822397,-713.9504085313896,850.3496134675795,810.1278720219841,930.2211169528894,0.5672268907563025,824.6097731234279
hier__none__physical__ridge10__xgb1,hierarchy,none,physical,ridge10,xgb1,four_year,476,697.9975432936641,592.5816346698432,-444.0856814082817,743.8953032101111,675.5639356809709,930.2211169528894,0.6197478991596639,703.8635813696026
hier__none__physical__ridge10__xgb2,hierarchy,none,physical,ridge10,xgb2,development,238,551.3997786956693,454.05399649397935,-177.33138321770014,618.8083979247929,540.7090804295077,648.7618744086973,0.6764705882352942,565.5792589364098
hier__none__physical__ridge10__xgb2,hierarchy,none,physical,ridge10,xgb2,late,238,820.5282793229353,733.422224891493,-716.4142166260648,851.8692163789431,811.8952437296982,930.6082184955208,0.5672268907563025,826.205254688628
hier__none__physical__ridge10__xgb2,hierarchy,none,physical,ridge10,xgb2,four_year,476,699.0380437123183,593.7381106927362,-446.87279992188246,744.5149411382969,676.302162079603,930.6082184955208,0.6218487394957983,704.7232976606341
hier__none__physical__ridge10__zero,hierarchy,none,physical,ridge10,zero,development,238,550.8260379432974,453.40590341589325,-172.97234613647962,619.4123486290399,541.0082086898594,644.5429478188126,0.6722689075630253,565.5181583013734
hier__none__physical__ridge10__zero,hierarchy,none,physical,ridge10,zero,late,238,817.5191265494026,730.0170613040234,-712.1240807418404,848.7907602554,808.6559140810627,928.7106303391884,0.5672268907563025,823.1212318588169
hier__none__physical__ridge10__zero,hierarchy,none,physical,ridge10,zero,four_year,476,697.0462130843296,591.7114823599583,-442.54821343916,743.0065317105507,674.8320613854611,928.7106303391884,0.6197478991596639,702.9827548161677
hier__none__physical__xgb1__extra,hierarchy,none,physical,xgb1,extra,development,238,374.4421188401633,303.22292013521974,-130.7215308814752,358.08118521474825,372.2169604958075,412.9776606955524,0.6680672268907563,369.7955958477206
hier__none__physical__xgb1__extra,hierarchy,none,physical,xgb1,extra,late,238,515.1406826075894,373.87168975729276,283.41537535454967,626.4826749801086,495.26640560529916,636.9742400966231,0.4957983193277311,538.0076114501467
hier__none__physical__xgb1__extra,hierarchy,none,physical,xgb1,extra,four_year,476,450.32034333290125,338.5473049462563,76.34692223653722,510.24635092033304,433.7416830505533,636.9742400966231,0.5819327731092437,461.15718015917224
hier__none__physical__xgb1__ridge100,hierarchy,none,physical,xgb1,ridge100,development,238,437.4881163400401,335.2018499721644,147.60383917366588,527.4524866594908,435.736532864015,474.8456860944763,0.6134453781512605,459.5413130508965
hier__none__physical__xgb1__ridge100,hierarchy,none,physical,xgb1,ridge100,late,238,700.8390667372058,591.7852278001424,569.6143386063357,822.5353812078185,697.9329969560205,761.6897944372707,0.46638655462184875,730.5366279095626
hier__none__physical__xgb1__ridge100,hierarchy,none,physical,xgb1,ridge100,four_year,476,584.1965634115944,463.4935388861533,358.60908889000075,690.9307414719552,566.8347649100177,761.6897944372707,0.5399159663865546,606.5396583012905
hier__none__physical__xgb1__ridge1000,hierarchy,none,physical,xgb1,ridge1000,development,238,371.11919033126975,300.9482922967182,-105.29622627529628,361.84939361655563,369.2481073637725,406.46757324399687,0.6764705882352942,368.3339704107169
hier__none__physical__xgb1__ridge1000,hierarchy,none,physical,xgb1,ridge1000,late,238,536.0730020686709,417.34523161370385,357.2742742923604,636.5681377805672,529.0318740142475,615.6317575239302,0.4831932773109244,559.4365039830391
hier__none__physical__xgb1__ridge1000,hierarchy,none,physical,xgb1,ridge1000,four_year,476,461.03346786272164,359.14676195521105,125.98902400853208,517.7615173504536,449.13999068900995,615.6317575239302,0.5798319327731093,472.2421109412267
hier__none__physical__xgb1__xgb1,hierarchy,none,physical,xgb1,xgb1,development,238,379.26889840631,305.686934875558,-109.96655131386451,370.16342746758323,377.42147719440896,414.8103238030715,0.6470588235294118,376.530675368653
hier__none__physical__xgb1__xgb1,hierarchy,none,physical,xgb1,xgb1,late,238,524.2378116539496,380.83780186707645,289.32958409493796,636.4008371512269,503.9490165166252,648.3812564066448,0.5,547.2063692439378
hier__none__physical__xgb1__xgb1,hierarchy,none,physical,xgb1,xgb1,four_year,476,457.5315182946732,343.2623683713172,89.68151639053673,520.589564129618,440.68524685551705,648.3812564066448,0.5735294117647058,469.0844618936204
hier__none__physical__xgb1__xgb2,hierarchy,none,physical,xgb1,xgb2,development,238,379.46977665968234,305.99493302635807,-113.15419092541184,369.01251496964176,377.44198859954423,416.61923505932907,0.6428571428571429,376.3485142221377
hier__none__physical__xgb1__xgb2,hierarchy,none,physical,xgb1,xgb2,late,238,520.4408847707216,377.96156355609605,286.13329125732963,631.4560862784017,500.76071090038545,642.52609792935,0.5,543.2746416800576
hier__none__physical__xgb1__xgb2,hierarchy,none,physical,xgb1,xgb2,four_year,476,455.44265607158536,341.9782482912271,86.48955016595889,517.159078573632,439.10134974996487,642.52609792935,0.5714285714285714,466.7864351166919
hier__none__physical__xgb1__zero,hierarchy,none,physical,xgb1,zero,development,238,379.25784352188924,305.6567221425834,-108.67023879404181,370.66768390763315,377.4710966243058,414.24177905090556,0.6470588235294118,376.6636168939294
hier__none__physical__xgb1__zero,hierarchy,none,physical,xgb1,zero,late,238,526.2804570425849,382.5801281757898,291.72251420605966,638.970978706868,505.82220214747707,651.1322819066903,0.5,549.3385237348787
hier__none__physical__xgb1__zero,hierarchy,none,physical,xgb1,zero,four_year,476,458.69795690509994,344.1184251591866,91.52613770600895,522.3401399103183,441.64664938589146,651.1322819066903,0.5735294117647058,470.34567577660243
hier__scratch__encoder__extra__extra,hierarchy,scratch,encoder,extra,extra,development,238,372.20003959384786,297.0932884023892,86.14128955135868,414.618196073092,369.3533696665687,415.29853034332507,0.6764705882352942,382.09291123183914
hier__scratch__encoder__extra__extra,hierarchy,scratch,encoder,extra,extra,late,238,505.86208513142475,383.8502338472084,276.13218335099594,596.6608272719102,485.6852821695746,627.1287544734372,0.46638655462184875,523.5175699260836
hier__scratch__encoder__extra__extra,hierarchy,scratch,encoder,extra,extra,four_year,476,444.0885714849993,340.47176112479883,181.13673645117728,513.7666743355904,427.5193259180716,627.1287544734372,0.5714285714285714,457.3657858059152
hier__scratch__encoder__extra__ridge100,hierarchy,scratch,encoder,extra,ridge100,development,238,412.04333577585095,331.60463409568183,48.3086233287843,462.48454466590834,409.59496324009297,454.4466816646702,0.6848739495798319,424.0415448644258
hier__scratch__encoder__extra__ridge100,hierarchy,scratch,encoder,extra,ridge100,late,238,475.2408398313746,380.17801915967743,309.77384472430344,514.9191397069036,468.1850921309071,549.7729303790453,0.5294117647058824,483.39647787513996
hier__scratch__encoder__extra__ridge100,hierarchy,scratch,encoder,extra,ridge100,four_year,476,444.7659870094165,355.89132662767963,179.0412340265439,489.4045741977338,438.8900276855,549.7729303790453,0.6071428571428571,454.45664397551667
hier__scratch__encoder__extra__ridge1000,hierarchy,scratch,encoder,extra,ridge1000,development,238,348.31488835372966,277.9002843012537,32.609544626445995,381.11085882763945,347.9351547044238,364.19521527257115,0.7058823529411765,356.4189475598806
hier__scratch__encoder__extra__ridge1000,hierarchy,scratch,encoder,extra,ridge1000,late,238,470.0346184737447,368.20148379515246,276.70870613824053,531.8025593632527,461.1256131707256,552.206409399574,0.5210084033613446,483.24935237036686
hier__scratch__encoder__extra__ridge1000,hierarchy,scratch,encoder,extra,ridge1000,four_year,476,413.6760834352343,323.05088404820305,154.65912538234326,462.63346661349897,404.5303839375747,552.206409399574,0.6134453781512605,423.6290043553856
hier__scratch__encoder__extra__xgb1,hierarchy,scratch,encoder,extra,xgb1,development,238,396.03002498480544,318.429593399707,111.66456685229588,446.3157286266566,390.51587820039344,456.37276518149156,0.680672268907563,407.22291419916525
hier__scratch__encoder__extra__xgb1,hierarchy,scratch,encoder,extra,xgb1,late,238,518.9428662475984,394.3821596762558,285.20103394247644,611.7304473536109,497.56408433371746,644.9807740619233,0.4495798319327731,536.7950660456313
hier__scratch__encoder__extra__xgb1,hierarchy,scratch,encoder,extra,xgb1,four_year,476,461.59586172253455,356.40587653798144,198.43280039738616,535.4492832374474,444.03998126705545,644.9807740619233,0.5651260504201681,475.670246987393
hier__scratch__encoder__extra__xgb2,hierarchy,scratch,encoder,extra,xgb2,development,238,393.6117175443475,316.5008223373743,107.74106858774614,442.7484117708748,388.50894211916346,451.68319384927685,0.680672268907563,404.6201972446833
hier__scratch__encoder__extra__xgb2,hierarchy,scratch,encoder,extra,xgb2,late,238,514.5642430707085,390.8076136172815,281.18213600742143,606.4045281389672,493.8950646312667,638.2696655131671,0.4495798319327731,532.3570197279128
hier__scratch__encoder__extra__xgb2,hierarchy,scratch,encoder,extra,xgb2,four_year,476,458.0974483857897,353.65421797732796,194.46160229758377,530.9202425379332,441.2020033752151,638.2696655131671,0.5651260504201681,472.0792856711819
hier__scratch__encoder__extra__zero,hierarchy,scratch,encoder,extra,zero,development,238,396.61610244188796,318.82205655685567,113.04217226414524,447.2962686130087,390.95634127664573,457.72064260432427,0.680672268907563,407.87120369335753
hier__scratch__encoder__extra__zero,hierarchy,scratch,encoder,extra,zero,late,238,520.868869061724,396.07234966951995,287.5050582427049,614.019477247753,499.22675532929736,647.8101511749347,0.4495798319327731,538.7459926751246
hier__scratch__encoder__extra__zero,hierarchy,scratch,encoder,extra,zero,four_year,476,462.930184516971,357.4472031131878,200.27361525342505,537.1656496625247,445.09154830297155,647.8101511749347,0.5651260504201681,477.02939174985954
hier__scratch__encoder__ridge1000__extra,hierarchy,scratch,encoder,ridge1000,extra,development,238,410.80825874915496,328.80938156282997,17.77035118736597,466.2285128088772,410.0180728641145,435.4858050228745,0.6932773109243697,424.4657757928254
hier__scratch__encoder__ridge1000__extra,hierarchy,scratch,encoder,ridge1000,extra,late,238,540.9609242739251,407.6101484880487,337.6240129949223,650.5134205124198,530.3141166302294,637.1113979345723,0.5,565.6873464226248
hier__scratch__encoder__ridge1000__extra,hierarchy,scratch,encoder,ridge1000,extra,four_year,476,480.313515866362,368.20976502543937,177.69718209114416,565.9225814644374,470.1660947471719,637.1113979345723,0.5966386554621849,499.1789269860833
hier__scratch__encoder__ridge1000__ridge100,hierarchy,scratch,encoder,ridge1000,ridge100,development,238,461.33850060710415,375.39275906797434,-18.493456116273578,523.4111130705945,460.8228490789554,482.6291304943019,0.6722689075630253,476.7277408409396
hier__scratch__encoder__ridge1000__ridge100,hierarchy,scratch,encoder,ridge1000,ridge100,late,238,525.2827248381438,429.7538410054265,372.7556212825972,594.1728140343736,525.1017954537808,538.8874918308557,0.5546218487394958,542.4600147911106
hier__scratch__encoder__ridge1000__ridge100,hierarchy,scratch,encoder,ridge1000,ridge100,four_year,476,494.345604388163,402.57330003670046,177.13108258316183,559.9109421253191,492.9623222663681,538.8874918308557,0.6134453781512605,510.3911182920033
hier__scratch__encoder__ridge1000__ridge1000,hierarchy,scratch,encoder,ridge1000,ridge1000,development,238,394.5907682226027,318.86473157614904,-35.11960437651948,436.0380406184139,394.55972193397827,399.50948898763886,0.680672268907563,404.94482474939946
hier__scratch__encoder__ridge1000__ridge1000,hierarchy,scratch,encoder,ridge1000,ridge1000,late,238,516.0238210440447,405.69574326846697,339.27852578888434,597.8368740278602,514.1436042623476,558.154262982921,0.5252100840336135,536.0070300945742
hier__scratch__encoder__ridge1000__ridge1000,hierarchy,scratch,encoder,ridge1000,ridge1000,four_year,476,459.33781591079565,362.28023742230795,152.0794607061825,523.2294433677014,454.35166309816293,558.154262982921,0.6029411764705882,474.06418457186396
hier__scratch__encoder__ridge1000__xgb1,hierarchy,scratch,encoder,ridge1000,xgb1,development,238,432.4009080687263,345.7178014428393,43.24846998417417,497.0906832692181,429.78303042420555,477.29189336624574,0.6890756302521008,447.91888245771906
hier__scratch__encoder__ridge1000__xgb1,hierarchy,scratch,encoder,ridge1000,xgb1,late,238,554.1467628717027,418.3379796027369,346.78701493966537,665.705599191341,542.5477903659882,655.3331172936107,0.5084033613445378,579.1367288251836
hier__scratch__encoder__ridge1000__xgb1,hierarchy,scratch,encoder,ridge1000,xgb1,four_year,476,497.0156839073825,382.0278905227881,195.01774246191982,587.4789750228344,486.16541039509696,655.3331172936107,0.5987394957983193,516.9189383081741
hier__scratch__encoder__ridge1000__xgb2,hierarchy,scratch,encoder,ridge1000,xgb2,development,238,430.45125159646847,344.358929256496,39.36472573995234,493.76280469616313,428.155104045199,472.5565328624234,0.6890756302521008,445.70510298357476
hier__scratch__encoder__ridge1000__xgb2,hierarchy,scratch,encoder,ridge1000,xgb2,late,238,549.9906040048073,414.7628284986506,342.77241779139797,660.4029343661649,538.8221809783855,649.0960300055626,0.5042016806722689,574.8015808385412
hier__scratch__encoder__ridge1000__xgb2,hierarchy,scratch,encoder,ridge1000,xgb2,four_year,476,493.8511640639004,379.5608788775733,191.06857176567516,583.0667813470695,483.48864251179225,649.0960300055626,0.5966386554621849,513.5644379966657
hier__scratch__encoder__ridge1000__zero,hierarchy,scratch,encoder,ridge1000,zero,development,238,432.81228157524777,345.8805496094281,44.608449753508495,497.9345960867073,430.06896470181243,478.72239914053216,0.6890756302521008,448.4070309847539
hier__scratch__encoder__ridge1000__zero,hierarchy,scratch,encoder,ridge1000,zero,late,238,556.2737576137483,420.3563911722379,349.1252930477856,668.3412091643214,544.5900585537129,658.0015285829074,0.5084033613445378,581.3696957363827
hier__scratch__encoder__ridge1000__zero,hierarchy,scratch,encoder,ridge1000,zero,four_year,476,498.3808606337581,383.11847039083307,196.86687140064706,589.3296335020239,487.32951162776266,658.0015285829074,0.5987394957983193,518.3552165993257
hier__scratch__encoder__ridge100__extra,hierarchy,scratch,encoder,ridge100,extra,development,238,567.808557689602,465.1923702065597,23.582893007544715,675.1879090151779,566.3306731609814,607.2712010346642,0.680672268907563,594.2839243888409
hier__scratch__encoder__ridge100__extra,hierarchy,scratch,encoder,ridge100,extra,late,238,514.2603170995748,406.1797099891555,251.16849254018086,588.9484191753064,512.8685658507399,550.6773995481781,0.6470588235294118,532.584404806299
hier__scratch__encoder__ridge100__extra,hierarchy,scratch,encoder,ridge100,extra,four_year,476,541.6965164780466,435.6860400978576,137.3756927738628,633.5372731455429,539.5996195058606,607.2712010346642,0.6638655462184874,564.1324814018742
hier__scratch__encoder__ridge100__ridge100,hierarchy,scratch,encoder,ridge100,ridge100,development,238,620.8136441662922,512.8965684825972,-10.451792036988486,739.1777942475386,619.9837622347516,652.0729402902092,0.6848739495798319,650.1972112037186
hier__scratch__encoder__ridge100__ridge100,hierarchy,scratch,encoder,ridge100,ridge100,late,238,541.2863915351949,431.9309451038965,290.0649843483033,602.3407706058288,524.4016790056653,658.5427864904009,0.6890756302521008,552.3288081704709
hier__scratch__encoder__ridge100__ridge100,hierarchy,scratch,encoder,ridge100,ridge100,four_year,476,582.4090222705277,472.4137567932468,139.8065961556574,674.2396515493137,572.1927206202084,658.5427864904009,0.6869747899159664,602.8126041776444
hier__scratch__encoder__ridge100__ridge1000,hierarchy,scratch,encoder,ridge100,ridge1000,development,238,544.4416884730383,445.9750452922939,-30.343799959334692,641.3858852483081,544.4412745856868,545.1125978205858,0.6764705882352942,568.6776341950178
hier__scratch__encoder__ridge100__ridge1000,hierarchy,scratch,encoder,ridge100,ridge1000,late,238,522.6649770597824,419.61848910651577,256.1863824294727,578.7229117657708,514.7961954851214,605.1485909096341,0.6680672268907563,534.7122653426143
hier__scratch__encoder__ridge100__ridge1000,hierarchy,scratch,encoder,ridge100,ridge1000,four_year,476,533.6644218946377,432.79676719940477,112.92129123506898,610.8584379373049,529.618735035404,605.1485909096341,0.6722689075630253,551.951504190496
hier__scratch__encoder__ridge100__xgb1,hierarchy,scratch,encoder,ridge100,xgb1,development,238,591.2680373928777,486.2993278214877,49.74255017513588,706.7184600818267,587.343076155795,655.3578020191943,0.680672268907563,619.1494027558442
hier__scratch__encoder__ridge100__xgb1,hierarchy,scratch,encoder,ridge100,xgb1,late,238,523.7529441051241,413.8696591273825,259.9652909205417,599.8646692052137,522.6794085017375,556.1963055397842,0.634453781512605,542.5124914792998
hier__scratch__encoder__ridge100__xgb1,hierarchy,scratch,encoder,ridge100,xgb1,four_year,476,558.5315740856602,450.084493474435,154.85392054783878,655.4725788242819,555.0112423287662,655.3578020191943,0.657563025210084,581.8867423310921
hier__scratch__encoder__ridge100__xgb2,hierarchy,scratch,encoder,ridge100,xgb2,development,238,589.1503385822737,484.77481713451425,45.81300406489421,703.4277825206756,585.626465842326,649.9674633216529,0.680672268907563,616.8387313818872
hier__scratch__encoder__ridge100__xgb2,hierarchy,scratch,encoder,ridge100,xgb2,late,238,521.4545604149089,412.1329187854305,256.17285671194355,596.3647453455474,520.3166247003868,554.7472598659282,0.6428571428571429,539.897622718938
hier__scratch__encoder__ridge100__xgb2,hierarchy,scratch,encoder,ridge100,xgb2,four_year,476,556.333074708449,448.4538679599724,150.99293038841884,652.0972146517015,552.9715452713564,649.9674633216529,0.6617647058823529,579.4337273349889
hier__scratch__encoder__ridge100__zero,hierarchy,scratch,encoder,ridge100,zero,development,238,591.6521138056761,486.41956354222754,51.096067500212236,707.4589017271345,587.5686184287673,656.9612866901506,0.680672268907563,619.5829369418135
hier__scratch__encoder__ridge100__zero,hierarchy,scratch,encoder,ridge100,zero,late,238,525.4176222414889,415.40999881889684,262.241204215582,602.1455292601383,524.3366962828982,558.0221039995287,0.6302521008403361,544.3293675065036
hier__scratch__encoder__ridge100__zero,hierarchy,scratch,encoder,ridge100,zero,four_year,476,559.5158181555838,450.91478118056216,156.6686358578971,656.9160281348505,555.9526573558327,656.9612866901506,0.6554621848739496,582.9750804504628
hier__scratch__encoder__ridge10__extra,hierarchy,scratch,encoder,ridge10,extra,development,238,675.5247503885231,561.0859065058772,-97.33438905375652,797.0993527014557,674.5729526915286,710.4201267016116,0.680672268907563,705.6804515425076
hier__scratch__encoder__ridge10__extra,hierarchy,scratch,encoder,ridge10,extra,late,238,526.8292763342065,416.0365577049899,127.3317111219268,600.611678835259,526.8242574992541,529.1238472851578,0.6512605042016807,545.2736222507315
hier__scratch__encoder__ridge10__extra,hierarchy,scratch,encoder,ridge10,extra,four_year,476,605.7568715211988,488.5612321054336,14.998661034085137,705.7272018387798,600.6986050953914,710.4201267016116,0.6659663865546218,629.4848874941422
hier__scratch__encoder__ridge10__ridge100,hierarchy,scratch,encoder,ridge10,ridge100,development,238,734.3526165402233,613.7982840751272,-128.5393975398042,866.0040512444361,733.0757037003689,776.3628618847692,0.6638655462184874,766.9462470063129
hier__scratch__encoder__ridge10__ridge100,hierarchy,scratch,encoder,ridge10,ridge100,late,238,547.3505173761318,429.43942836210215,164.89337401470536,624.4460876771261,539.9500000870886,629.6527663647921,0.6890756302521008,564.7742806291196
hier__scratch__encoder__ridge10__ridge100,hierarchy,scratch,encoder,ridge10,ridge100,four_year,476,647.636608867732,521.6188562186146,18.176988237450544,754.9489827753413,636.5128518937288,776.3628618847692,0.6764705882352942,671.6837631011335
hier__scratch__encoder__ridge10__ridge1000,hierarchy,scratch,encoder,ridge10,ridge1000,development,238,660.6698119082193,548.8504062496919,-150.17019767354103,769.706386311983,656.3385790674236,731.8651968561048,0.680672268907563,686.8461472989613
hier__scratch__encoder__ridge10__ridge1000,hierarchy,scratch,encoder,ridge10,ridge1000,late,238,534.4369551572107,427.45097801059313,132.15017639118858,597.2893821950743,532.8825273027169,573.6142242128575,0.6722689075630253,549.7614549530531
hier__scratch__encoder__ridge10__ridge1000,hierarchy,scratch,encoder,ridge10,ridge1000,four_year,476,600.8774664624029,488.15069213014255,-9.010010641176205,688.9131030879095,594.6105531850702,731.8651968561048,0.6764705882352942,621.3196472994464
hier__scratch__encoder__ridge10__xgb1,hierarchy,scratch,encoder,ridge10,xgb1,development,238,694.4891956804248,578.5048059970765,-71.41111038965957,824.4728805354056,694.4417518535292,702.5593992617878,0.6764705882352942,726.9732559374461
hier__scratch__encoder__ridge10__xgb1,hierarchy,scratch,encoder,ridge10,xgb1,late,238,532.688676043605,420.5659923126945,135.77120611685731,608.724857364593,532.6872229156463,533.9314606362548,0.6512605042016807,551.6973580918623
hier__scratch__encoder__ridge10__xgb1,hierarchy,scratch,encoder,ridge10,xgb1,four_year,476,618.8992117065316,499.5353991548854,32.18004786359888,724.6728512618275,613.5644873845878,702.5593992617878,0.6638655462184874,644.0089405148696
hier__scratch__encoder__ridge10__xgb2,hierarchy,scratch,encoder,ridge10,xgb2,development,238,693.050847989483,577.4703569223346,-75.24629863879656,821.7834585321558,692.9477291464802,704.9027519267953,0.6764705882352942,725.2082209144005
hier__scratch__encoder__ridge10__xgb2,hierarchy,scratch,encoder,ridge10,xgb2,late,238,531.3610085520448,419.6064989824214,132.10059656309386,605.9079285756478,531.3596736105068,532.550752945396,0.6512605042016807,549.9974048225611
hier__scratch__encoder__ridge10__xgb2,hierarchy,scratch,encoder,ridge10,xgb2,four_year,476,617.5208495704367,498.53842795237796,28.42714896214865,721.9599956465399,612.1537013784935,704.9027519267953,0.6638655462184874,642.2888490414766
hier__scratch__encoder__ridge10__zero,hierarchy,scratch,encoder,ridge10,zero,development,238,694.6691092449081,578.5103611461473,-70.09715784990067,825.0209563336908,694.6370814963772,701.3076398920095,0.6764705882352942,727.249064079971
hier__scratch__encoder__ridge10__zero,hierarchy,scratch,encoder,ridge10,zero,late,238,533.8853238073239,421.6298606505511,137.98931071002184,610.7606878805909,533.8847671835609,534.6557057064375,0.6512605042016807,553.1040256696999
hier__scratch__encoder__ridge10__zero,hierarchy,scratch,encoder,ridge10,zero,four_year,476,619.5154196289086,500.07011089834924,33.946076430060586,725.8402703936075,614.260924339969,701.3076398920095,0.6638655462184874,644.7830084978484
hier__scratch__encoder__xgb1__extra,hierarchy,scratch,encoder,xgb1,extra,development,238,374.7033335143882,303.5882761354428,-134.07107439304193,356.7920569198354,372.2354168539454,415.17004840429524,0.680672268907563,369.6085352006393
hier__scratch__encoder__xgb1__extra,hierarchy,scratch,encoder,xgb1,extra,late,238,511.40215270246523,371.27151979413446,280.3557223014079,621.2645463959893,492.42632815744736,630.4425341844552,0.4957983193277311,534.1237949895917
hier__scratch__encoder__xgb1__extra,hierarchy,scratch,encoder,xgb1,extra,four_year,476,448.29384890689187,337.4298979647887,73.14232395418304,506.5916543379398,432.3308725056964,630.4425341844552,0.5882352941176471,458.877556164355
hier__scratch__encoder__xgb1__ridge100,hierarchy,scratch,encoder,xgb1,ridge100,development,238,421.32899987500093,342.2906028551837,-170.708788703005,398.23883446781844,419.30047008315694,460.5950450744578,0.6680672268907563,415.04932607524427
hier__scratch__encoder__xgb1__ridge100,hierarchy,scratch,encoder,xgb1,ridge100,late,238,481.3312224068128,382.0553676828926,314.0361485312462,549.3420973418654,477.9303217474469,535.0473351324149,0.542016806722689,497.48371597573447
hier__scratch__encoder__xgb1__ridge100,hierarchy,scratch,encoder,xgb1,ridge100,four_year,476,452.326138864042,362.1729852690381,71.66367991412059,479.77646315250087,448.6153959153019,535.0473351324149,0.6050420168067226,458.2610341989717
hier__scratch__encoder__xgb1__ridge1000,hierarchy,scratch,encoder,xgb1,ridge1000,development,238,391.45385778171396,321.389873457035,-184.01433555612527,357.53437260466137,389.30183467132855,430.29212978766,0.6680672268907563,382.4359807098545
hier__scratch__encoder__xgb1__ridge1000,hierarchy,scratch,encoder,xgb1,ridge1000,late,238,477.58671748306966,361.31651410267676,281.1710580818764,560.6087236625415,470.532275126459,552.3152243308726,0.5210084033613446,496.57860843878495
hier__scratch__encoder__xgb1__ridge1000,hierarchy,scratch,encoder,xgb1,ridge1000,four_year,476,436.64928460289485,341.3531937798559,48.578361262875575,470.16644320939827,429.91705489889375,552.3152243308726,0.5945378151260504,443.34551682852043
hier__scratch__encoder__xgb1__xgb1,hierarchy,scratch,encoder,xgb1,xgb1,development,238,379.2854075512001,305.7107865211613,-109.99380399070263,370.16806856358085,377.4396752273849,414.81228479008706,0.6470588235294118,376.5446397233415
hier__scratch__encoder__xgb1__xgb1,hierarchy,scratch,encoder,xgb1,xgb1,late,238,524.287842443998,380.87723628132215,289.4113270197945,636.4700724349967,503.99580779040434,648.4463787975146,0.5,547.2603912783493
hier__scratch__encoder__xgb1__xgb1,hierarchy,scratch,encoder,xgb1,xgb1,four_year,476,457.56702356915014,343.2940114012417,89.7087615145459,520.6335333463941,440.7177415088946,648.4463787975146,0.5735294117647058,469.12133049839724
hier__scratch__encoder__xgb1__xgb2,hierarchy,scratch,encoder,xgb1,xgb2,development,238,379.4467961555447,306.11237284443695,-113.6944729707211,368.8143938744472,377.45062422960245,416.3208876888444,0.6428571428571429,376.28965260378476
hier__scratch__encoder__xgb1__xgb2,hierarchy,scratch,encoder,xgb1,xgb2,late,238,520.0919902360546,377.60413437942606,285.41492446957847,631.1249537124494,500.39988811283916,642.1589452639021,0.5042016806722689,542.9272055743494
hier__scratch__encoder__xgb1__xgb2,hierarchy,scratch,encoder,xgb1,xgb2,four_year,476,455.23375831566347,341.8582536119315,85.8602257494287,516.8862371583893,438.9252561712208,642.1589452639021,0.5735294117647058,466.5697524902343
hier__scratch__encoder__xgb1__zero,hierarchy,scratch,encoder,xgb1,zero,development,238,379.25784352188924,305.6567221425834,-108.67023879404181,370.66768390763315,377.4710966243058,414.24177905090556,0.6470588235294118,376.6636168939294
hier__scratch__encoder__xgb1__zero,hierarchy,scratch,encoder,xgb1,zero,late,238,526.2804570425849,382.5801281757898,291.72251420605966,638.970978706868,505.82220214747707,651.1322819066903,0.5,549.3385237348787
hier__scratch__encoder__xgb1__zero,hierarchy,scratch,encoder,xgb1,zero,four_year,476,458.69795690509994,344.1184251591866,91.52613770600895,522.3401399103183,441.64664938589146,651.1322819066903,0.5735294117647058,470.34567577660243
hier__scratch__history__extra__extra,hierarchy,scratch,history,extra,extra,development,238,396.322720225695,325.9415407623824,-266.2511421033922,372.64856751198,393.4136413927564,441.3448977208167,0.6848739495798319,389.67691233903156
hier__scratch__history__extra__extra,hierarchy,scratch,history,extra,extra,late,238,374.8567473971436,281.74565406110435,57.1588040260963,429.80089817989017,370.54841750052015,427.21808625750225,0.6218487394957983,387.51570261867437
hier__scratch__history__extra__extra,hierarchy,scratch,history,extra,extra,four_year,476,385.7390825650549,303.84359741174325,-104.54616903864796,402.2410763118127,381.9810294466382,441.3448977208167,0.6533613445378151,388.92506772214017
hier__scratch__history__extra__ridge100,hierarchy,scratch,history,extra,ridge100,development,238,443.40367688202264,366.4755654525259,-302.2911015561992,414.75119211469894,438.46626405594884,504.4522925568072,0.6722689075630253,435.00620248367323
hier__scratch__history__extra__ridge100,hierarchy,scratch,history,extra,ridge100,late,238,337.9636905020899,255.12636205885218,90.35974632863812,359.9674195136846,337.07060971139776,361.6238206333724,0.6554621848739496,343.24135255731557
hier__scratch__history__extra__ridge100,hierarchy,scratch,history,extra,ridge100,four_year,476,394.2247308137134,310.80096375568905,-105.9656776137805,388.3265986717269,387.7684368836733,504.4522925568072,0.6638655462184874,391.13612429570674
hier__scratch__history__extra__ridge1000,hierarchy,scratch,history,extra,ridge1000,development,238,429.3560378215404,359.2963164363009,-314.53107764152156,402.90769486480764,427.9857180921251,462.2615451861578,0.6470588235294118,422.4013721500034
hier__scratch__history__extra__ridge1000,hierarchy,scratch,history,extra,ridge1000,late,238,342.41149850498334,254.88318228224557,58.46294424759918,376.44079216732945,340.9611405040887,372.44343671289863,0.6596638655462185,350.5562324203462
hier__scratch__history__extra__ridge1000,hierarchy,scratch,history,extra,ridge1000,four_year,476,388.3247619726562,307.08974935927324,-128.0340666969612,389.8988847052781,384.4734292981069,462.2615451861578,0.6533613445378151,387.75545948717433
hier__scratch__history__extra__xgb1,hierarchy,scratch,history,extra,xgb1,development,238,386.9675401215628,315.12286235389803,-243.29701638447818,360.8423685571124,383.24956875254065,436.76260603061866,0.7016806722689075,379.5067543881947
hier__scratch__history__extra__xgb1,hierarchy,scratch,history,extra,xgb1,late,238,384.4851590606038,286.86376266591765,65.67268111330199,442.628218881312,379.0436850807603,443.50082074668313,0.6176470588235294,397.66055552081997
hier__scratch__history__extra__xgb1,hierarchy,scratch,history,extra,xgb1,four_year,476,385.72834653781354,300.99331250990787,-88.8121676355881,403.81119046898,381.14662691665046,443.50082074668313,0.6596638655462185,389.1036276153144
hier__scratch__history__extra__xgb2,hierarchy,scratch,history,extra,xgb2,development,238,388.83657409654234,316.89873277666504,-246.85598635483785,362.5289980417387,385.08650147576645,438.95920083537203,0.7016806722689075,381.32216192764747
hier__scratch__history__extra__xgb2,hierarchy,scratch,history,extra,xgb2,late,238,381.8446059888803,285.06380460178724,61.89773289994443,438.9049875221601,376.7569809415646,438.8816977183898,0.6134453781512605,394.8377951103713
hier__scratch__history__extra__xgb2,hierarchy,scratch,history,extra,xgb2,four_year,476,385.35644829037125,300.98126868922617,-92.47912672744673,402.53252197367516,380.92174120866554,438.95920083537203,0.657563025210084,388.5417899407708
hier__scratch__history__extra__zero,hierarchy,scratch,history,extra,zero,development,238,386.2880268922876,314.5021255537356,-242.0270714412525,360.1546142034453,382.61388053942096,435.7651565250678,0.7016806722689075,378.83613713186037
hier__scratch__history__extra__zero,hierarchy,scratch,history,extra,zero,late,238,385.49897314411857,287.52927599208755,67.8541077545451,444.11427267584463,379.87198024510576,445.4977139159137,0.6092436974789915,398.7460498022969
hier__scratch__history__extra__zero,hierarchy,scratch,history,extra,zero,four_year,476,385.89370169484926,301.01570077291154,-87.08648184335372,404.3196961109037,381.24293039226336,445.4977139159137,0.6554621848739496,389.33750747321636
hier__scratch__history__ridge1000__extra,hierarchy,scratch,history,ridge1000,extra,development,238,376.16075666805006,304.6487496764269,-139.34688041237553,356.42526532626937,373.48433010005533,418.2768520963981,0.6890756302521008,370.5577771906062
hier__scratch__history__ridge1000__extra,hierarchy,scratch,history,ridge1000,extra,late,238,508.8301489759201,369.7021581946364,277.86416938753155,617.4598387216073,490.1865575683319,626.6609481555976,0.4957983193277311,531.3266735604449
hier__scratch__history__ridge1000__extra,hierarchy,scratch,history,ridge1000,extra,four_year,476,447.4399598627379,337.1754539355316,69.25864448757801,504.13074801930844,431.8354438341936,626.6609481555976,0.592436974789916,457.71152789474445
hier__scratch__history__ridge1000__ridge100,hierarchy,scratch,history,ridge1000,ridge100,development,238,423.14617815362095,343.67897792934207,-175.91741376915851,398.4630898463918,420.87663295352684,464.6436058865289,0.6680672268907563,416.4080197767902
hier__scratch__history__ridge1000__ridge100,hierarchy,scratch,history,ridge1000,ridge100,late,238,478.90379816136544,380.2071889971564,311.5650882378007,545.5071713177867,475.6094957917513,531.6849396696012,0.542016806722689,494.73106585806727
hier__scratch__history__ridge1000__ridge100,hierarchy,scratch,history,ridge1000,ridge100,four_year,476,451.8857908694396,361.94308346324925,67.82383723432109,477.67714406755255,448.24306437263914,531.6849396696012,0.6050420168067226,457.4229475447677
hier__scratch__history__ridge1000__ridge1000,hierarchy,scratch,history,ridge1000,ridge1000,development,238,393.44119324272725,322.89486131166274,-189.23394582781435,358.0238259826445,391.12097709840936,433.7865816745381,0.6680672268907563,384.0067973916271
hier__scratch__history__ridge1000__ridge1000,hierarchy,scratch,history,ridge1000,ridge1000,late,238,475.1932854491955,359.5656578942072,278.70762588017107,556.8959716406968,468.33260054423937,548.7890098816594,0.5168067226890757,493.9037857708318
hier__scratch__history__ridge1000__ridge1000,hierarchy,scratch,history,ridge1000,ridge1000,four_year,476,436.2365362256248,341.23025960293495,44.736840026178335,468.1421702863813,429.72678882132436,548.7890098816594,0.592436974789916,442.58550788973884
hier__scratch__history__ridge1000__xgb1,hierarchy,scratch,history,ridge1000,xgb1,development,238,380.3535051591575,306.46053310803416,-115.29756067563721,369.2158779714643,378.30879267806097,417.6946565041235,0.6512605042016807,377.0579202419601
hier__scratch__history__ridge1000__xgb1,hierarchy,scratch,history,ridge1000,xgb1,late,238,521.7182915732441,379.35800223034204,286.91535691926055,632.6665949182664,501.7711268416168,644.6546879331523,0.5,544.4685762265929
hier__scratch__history__ridge1000__xgb1,hierarchy,scratch,history,ridge1000,xgb1,four_year,476,456.54066886147274,342.9092676691881,85.80889812181162,517.9707447683281,440.03995975983895,644.6546879331523,0.5756302521008403,467.77301056277815
hier__scratch__history__ridge1000__xgb2,hierarchy,scratch,history,ridge1000,xgb2,development,238,380.57252589563103,306.8614670898991,-118.99299424906064,367.94044368775457,378.3708151421848,419.24836050904077,0.6470588235294118,376.8640776553003
hier__scratch__history__ridge1000__xgb2,hierarchy,scratch,history,ridge1000,xgb2,late,238,517.5369998475563,376.0569374561195,282.92207440241634,627.3388921785255,498.1862092071999,638.3826683884843,0.5042016806722689,540.1497752702096
hier__scratch__history__ridge1000__xgb2,hierarchy,scratch,history,ridge1000,xgb2,four_year,476,454.24662556687764,341.4592022730092,81.96454007667784,514.263675433586,438.27851217469237,638.3826683884843,0.5756302521008403,465.2588596855084
hier__scratch__history__ridge1000__zero,hierarchy,scratch,history,ridge1000,zero,development,238,380.30267590043667,306.406671110704,-113.97608668236575,369.6829429295447,378.320241827584,417.1006482276063,0.6470588235294118,377.1521341395005
hier__scratch__history__ridge1000__zero,hierarchy,scratch,history,ridge1000,zero,late,238,523.7022758307442,381.05965335904506,289.224840683427,635.1556534569199,503.58841598027334,647.3339585225723,0.5,546.5371552746703
hier__scratch__history__ridge1000__zero,hierarchy,scratch,history,ridge1000,zero,four_year,476,457.65390799562357,343.73316223487456,87.62437700053063,519.6576673211586,440.95432890392874,647.3339585225723,0.5735294117647058,468.9799530540836
hier__scratch__history__ridge100__extra,hierarchy,scratch,history,ridge100,extra,development,238,384.80180611469194,310.8436838670704,-164.40230729898187,356.7797755274246,380.68198969041345,436.8393820308429,0.6932773109243697,376.7663443618055
hier__scratch__history__ridge100__extra,hierarchy,scratch,history,ridge100,extra,late,238,499.95721677528786,366.66029018473535,273.42809233505164,602.1833607487664,483.1720886599395,611.632009824806,0.48739495798319327,521.3174707398205
hier__scratch__history__ridge100__extra,hierarchy,scratch,history,ridge100,extra,four_year,476,446.1107758140467,338.75198702590296,54.512892518034874,494.932625812887,431.92703917517645,611.632009824806,0.5903361344537815,454.7703041540392
hier__scratch__history__ridge100__ridge100,hierarchy,scratch,history,ridge100,ridge100,development,238,433.42385646558927,351.84986631833226,-200.62929239178388,401.6202503169075,429.5292149789135,487.5024228693009,0.6638655462184874,424.4992945567499
hier__scratch__history__ridge100__ridge100,hierarchy,scratch,history,ridge100,ridge100,late,238,471.94502239518846,376.3060631770509,307.3482785772509,530.7643872294881,469.2794907303801,519.3680497377031,0.5588235294117647,485.98348068756127
hier__scratch__history__ridge100__ridge100,hierarchy,scratch,history,ridge100,ridge100,four_year,476,453.0939988110076,364.07796474769157,53.35949309273351,470.6429964504462,449.4043528546468,519.3680497377031,0.6113445378151261,456.55883673177703
hier__scratch__history__ridge100__ridge1000,hierarchy,scratch,history,ridge100,ridge1000,development,238,404.2960887173742,331.6665867023533,-214.03731854451516,362.30158816458595,400.75383910678045,454.1550356602619,0.6764705882352942,392.91190117652866
hier__scratch__history__ridge100__ridge1000,hierarchy,scratch,history,ridge100,ridge1000,late,238,467.6943451922621,355.7350992992087,274.44417755205546,542.3450236046217,461.9812417907947,534.860132824167,0.5294117647058824,484.9287389449852
hier__scratch__history__ridge100__ridge1000,hierarchy,scratch,history,ridge100,ridge1000,four_year,476,437.14604417573406,343.70084300078105,30.203429503770167,461.19440879919557,431.3675404487875,534.860132824167,0.6029411764705882,441.7135093998628
hier__scratch__history__ridge100__xgb1,hierarchy,scratch,history,ridge100,xgb1,development,238,387.24629091604385,310.5298227518314,-140.47955598375637,366.76475084793105,383.8264713279856,435.17751548621374,0.6722689075630253,381.2709510020011
hier__scratch__history__ridge100__xgb1,hierarchy,scratch,history,ridge100,xgb1,late,238,512.9428300396547,376.38963471267505,282.47442476617744,617.4320607142377,494.9447776143744,629.6296468512251,0.49159663865546216,534.5656246019804
hier__scratch__history__ridge100__xgb1,hierarchy,scratch,history,ridge100,xgb1,four_year,476,454.46123966589465,343.45972873225327,70.99743439121052,507.8083949987313,439.38562447118,629.6296468512251,0.5819327731092437,464.0291247004252
hier__scratch__history__ridge100__xgb2,hierarchy,scratch,history,ridge100,xgb2,development,238,387.73081386262817,311.1954761145528,-144.14964524774786,365.87006244772965,384.11507134164873,436.9430562244371,0.6680672268907563,381.36169037865864
hier__scratch__history__ridge100__xgb2,hierarchy,scratch,history,ridge100,xgb2,late,238,508.8018913262032,373.0748806431248,278.4899305760657,612.1731402211359,491.3786203956464,623.3877717268806,0.48739495798319327,530.2888858172972
hier__scratch__history__ridge100__xgb2,hierarchy,scratch,history,ridge100,xgb2,four_year,476,452.3353560333845,342.1351783788388,67.17014266415892,504.2900237976715,437.74684586864754,623.3877717268806,0.5777310924369747,461.676895433272
hier__scratch__history__ridge100__zero,hierarchy,scratch,history,ridge100,zero,development,238,387.0850532020805,310.3903274170673,-139.16850085879946,367.07125854171346,383.7468814926151,434.47329825104856,0.6722689075630253,381.2470616096224
hier__scratch__history__ridge100__zero,hierarchy,scratch,history,ridge100,zero,late,238,514.9045488976653,378.11443940960027,284.77931111332464,619.8745983570213,496.74190584531414,632.2932741625435,0.49159663865546216,536.6064004994165
hier__scratch__history__ridge100__zero,hierarchy,scratch,history,ridge100,zero,four_year,476,455.50056689754274,344.25238341333386,72.80540512726262,509.4044692264075,440.2443936689647,632.2932741625435,0.5819327731092437,465.1624991726144
hier__scratch__history__ridge10__extra,hierarchy,scratch,history,ridge10,extra,development,238,394.8833067875527,314.9613786490763,-183.56531140397445,360.39076864854434,386.84106906589176,466.1304962515542,0.7058823529411765,384.2496128223854
hier__scratch__history__ridge10__extra,hierarchy,scratch,history,ridge10,extra,late,238,510.27558858200916,387.6441624724852,305.1827604790209,600.3776341790027,495.98016620696467,615.9170288974134,0.46638655462184875,529.2272443874965
hier__scratch__history__ridge10__extra,hierarchy,scratch,history,ridge10,extra,four_year,476,456.24226145885933,351.3027705607807,60.808724537523226,495.1438224139857,441.41061763642824,615.9170288974134,0.5861344537815126,462.25974074203316
hier__scratch__history__ridge10__ridge100,hierarchy,scratch,history,ridge10,ridge100,development,238,445.22340843394954,359.08756493578755,-219.39732705416918,408.5615748627269,437.2473223342215,521.1440596313112,0.6722689075630253,434.0639285162119
hier__scratch__history__ridge10__ridge100,hierarchy,scratch,history,ridge10,ridge100,late,238,489.05591075728216,398.5384310292405,339.8160994517725,530.5132993307251,486.9897390787855,531.8971758639237,0.5504201680672269,498.90371498101877
hier__scratch__history__ridge10__ridge100,hierarchy,scratch,history,ridge10,ridge100,four_year,476,467.6534867100737,378.81299798251405,60.2093861988017,473.4801586239296,462.11853070650346,531.8971758639237,0.6113445378151261,467.7264156876451
hier__scratch__history__ridge10__ridge1000,hierarchy,scratch,history,ridge10,ridge1000,development,238,414.9839694138454,335.95769503884605,-233.10858512379895,368.81072825759384,407.6476218443812,485.33360047046125,0.7058823529411765,401.6065722324165
hier__scratch__history__ridge10__ridge1000,hierarchy,scratch,history,ridge10,ridge1000,late,238,481.06619344767523,378.4928638537601,306.4619769359383,541.5746678745418,476.93071019456045,539.8733837280886,0.5168067226890757,495.1594412411132
hier__scratch__history__ridge10__ridge1000,hierarchy,scratch,history,ridge10,ridge1000,four_year,476,449.2417931074019,357.2252794463031,36.67669590606968,463.3165624933545,442.2891660194708,539.8733837280886,0.6113445378151261,451.0223286819073
hier__scratch__history__ridge10__xgb1,hierarchy,scratch,history,ridge10,xgb1,development,238,396.24537776917776,313.49202172082266,-159.71452488157144,367.894567393941,389.27704265695036,463.2620645444733,0.7058823529411765,387.4155913973117
hier__scratch__history__ridge10__xgb1,hierarchy,scratch,history,ridge10,xgb1,late,238,523.8139260830407,397.8695298344899,314.3131134656072,615.9242531620422,508.5150206176636,634.1872250414993,0.46638655462184875,543.0167814864468
hier__scratch__history__ridge10__xgb1,hierarchy,scratch,history,ridge10,xgb1,four_year,476,464.4305268616435,355.6807757776563,77.29929429201789,507.30124105465893,448.8960316373069,634.1872250414993,0.5861344537815126,471.2645816038132
hier__scratch__history__ridge10__xgb2,hierarchy,scratch,history,ridge10,xgb2,development,238,396.93693366434206,314.1473764830451,-163.36168636546267,367.36432289141027,389.6757872145346,465.25164424297367,0.7058823529411765,387.72849435865726
hier__scratch__history__ridge10__xgb2,hierarchy,scratch,history,ridge10,xgb2,late,238,519.5452062352567,394.3688915259098,310.3026586856308,610.6551469742011,504.7996819237128,627.7000580490682,0.46638655462184875,538.6363103421069
hier__scratch__history__ridge10__xgb2,hierarchy,scratch,history,ridge10,xgb2,four_year,476,462.3235612798063,354.2581340044774,73.47048616008404,503.91281699295337,447.23773456912375,627.7000580490682,0.5861344537815126,468.94941853042246
hier__scratch__history__ridge10__zero,hierarchy,scratch,history,ridge10,zero,development,238,395.9753534927202,313.308337946236,-158.41507980985165,368.02973482330975,389.1298316742158,462.4405039865143,0.7016806722689075,387.2775683707415
hier__scratch__history__ridge10__zero,hierarchy,scratch,history,ridge10,zero,late,238,525.8340569827378,399.5683150358368,316.63011373679336,618.3460982062923,510.3767830076688,636.9350496269145,0.46638655462184875,545.0977487948592
hier__scratch__history__ridge10__zero,hierarchy,scratch,history,ridge10,zero,four_year,476,465.45565635010274,356.4383264910364,79.10751696347087,508.82107998836943,449.75330734094234,636.9350496269145,0.5840336134453782,472.37142500737934
hier__scratch__history__xgb1__extra,hierarchy,scratch,history,xgb1,extra,development,238,374.7033335143882,303.5882761354428,-134.07107439304193,356.7920569198354,372.2354168539454,415.17004840429524,0.680672268907563,369.6085352006393
hier__scratch__history__xgb1__extra,hierarchy,scratch,history,xgb1,extra,late,238,511.40215270246523,371.27151979413446,280.3557223014079,621.2645463959893,492.42632815744736,630.4425341844552,0.4957983193277311,534.1237949895917
hier__scratch__history__xgb1__extra,hierarchy,scratch,history,xgb1,extra,four_year,476,448.29384890689187,337.4298979647887,73.14232395418304,506.5916543379398,432.3308725056964,630.4425341844552,0.5882352941176471,458.877556164355
hier__scratch__history__xgb1__ridge100,hierarchy,scratch,history,xgb1,ridge100,development,238,421.32899987500093,342.2906028551837,-170.708788703005,398.23883446781844,419.30047008315694,460.5950450744578,0.6680672268907563,415.04932607524427
hier__scratch__history__xgb1__ridge100,hierarchy,scratch,history,xgb1,ridge100,late,238,481.3312224068128,382.0553676828926,314.0361485312462,549.3420973418654,477.9303217474469,535.0473351324149,0.542016806722689,497.48371597573447
hier__scratch__history__xgb1__ridge100,hierarchy,scratch,history,xgb1,ridge100,four_year,476,452.326138864042,362.1729852690381,71.66367991412059,479.77646315250087,448.6153959153019,535.0473351324149,0.6050420168067226,458.2610341989717
hier__scratch__history__xgb1__ridge1000,hierarchy,scratch,history,xgb1,ridge1000,development,238,391.45385778171396,321.389873457035,-184.01433555612527,357.53437260466137,389.30183467132855,430.29212978766,0.6680672268907563,382.4359807098545
hier__scratch__history__xgb1__ridge1000,hierarchy,scratch,history,xgb1,ridge1000,late,238,477.58671748306966,361.31651410267676,281.1710580818764,560.6087236625415,470.532275126459,552.3152243308726,0.5210084033613446,496.57860843878495
hier__scratch__history__xgb1__ridge1000,hierarchy,scratch,history,xgb1,ridge1000,four_year,476,436.64928460289485,341.3531937798559,48.578361262875575,470.16644320939827,429.91705489889375,552.3152243308726,0.5945378151260504,443.34551682852043
hier__scratch__history__xgb1__xgb1,hierarchy,scratch,history,xgb1,xgb1,development,238,379.2854075512001,305.7107865211613,-109.99380399070263,370.16806856358085,377.4396752273849,414.81228479008706,0.6470588235294118,376.5446397233415
hier__scratch__history__xgb1__xgb1,hierarchy,scratch,history,xgb1,xgb1,late,238,524.287842443998,380.87723628132215,289.4113270197945,636.4700724349967,503.99580779040434,648.4463787975146,0.5,547.2603912783493
hier__scratch__history__xgb1__xgb1,hierarchy,scratch,history,xgb1,xgb1,four_year,476,457.56702356915014,343.2940114012417,89.7087615145459,520.6335333463941,440.7177415088946,648.4463787975146,0.5735294117647058,469.12133049839724
hier__scratch__history__xgb1__xgb2,hierarchy,scratch,history,xgb1,xgb2,development,238,379.4467961555447,306.11237284443695,-113.6944729707211,368.8143938744472,377.45062422960245,416.3208876888444,0.6428571428571429,376.28965260378476
hier__scratch__history__xgb1__xgb2,hierarchy,scratch,history,xgb1,xgb2,late,238,520.0919902360546,377.60413437942606,285.41492446957847,631.1249537124494,500.39988811283916,642.1589452639021,0.5042016806722689,542.9272055743494
hier__scratch__history__xgb1__xgb2,hierarchy,scratch,history,xgb1,xgb2,four_year,476,455.23375831566347,341.8582536119315,85.8602257494287,516.8862371583893,438.9252561712208,642.1589452639021,0.5735294117647058,466.5697524902343
hier__scratch__history__xgb1__zero,hierarchy,scratch,history,xgb1,zero,development,238,379.25784352188924,305.6567221425834,-108.67023879404181,370.66768390763315,377.4710966243058,414.24177905090556,0.6470588235294118,376.6636168939294
hier__scratch__history__xgb1__zero,hierarchy,scratch,history,xgb1,zero,late,238,526.2804570425849,382.5801281757898,291.72251420605966,638.970978706868,505.82220214747707,651.1322819066903,0.5,549.3385237348787
hier__scratch__history__xgb1__zero,hierarchy,scratch,history,xgb1,zero,four_year,476,458.69795690509994,344.1184251591866,91.52613770600895,522.3401399103183,441.64664938589146,651.1322819066903,0.5735294117647058,470.34567577660243
hier__scratch__physical__extra__extra,hierarchy,scratch,physical,extra,extra,development,238,368.3866068119127,295.23844255252794,66.159379481677,405.7291055691366,366.72515878052604,401.67297696410884,0.680672268907563,377.306869493372
hier__scratch__physical__extra__extra,hierarchy,scratch,physical,extra,extra,late,238,501.27245078787746,380.712646664818,266.66024049801644,590.8015885159189,481.7015030625678,620.4016539858744,0.47058823529411764,518.7619982885603
hier__scratch__physical__extra__extra,hierarchy,scratch,physical,extra,extra,four_year,476,439.87655199912615,337.9755446086729,166.40980998984674,506.7852721315334,424.2133309215469,620.4016539858744,0.5756302521008403,452.6879267628332
hier__scratch__physical__extra__ridge100,hierarchy,scratch,physical,extra,ridge100,development,238,410.51815172033236,333.04708968591876,28.562911365008052,456.02095277435177,409.3216215570237,440.64195070290793,0.6848739495798319,421.59471944301004
hier__scratch__physical__extra__ridge100,hierarchy,scratch,physical,extra,ridge100,late,238,469.7426018305543,374.8759686784589,300.20906130904416,507.7712145021377,462.6218557385756,544.1027158686403,0.5294117647058824,477.4695684754555
hier__scratch__physical__extra__ridge100,hierarchy,scratch,physical,extra,ridge100,four_year,476,441.12541576427924,353.9615291821888,164.38598633702608,482.5902587320861,435.9717386477996,544.1027158686403,0.6071428571428571,450.2032072271111
hier__scratch__physical__extra__ridge1000,hierarchy,scratch,physical,extra,ridge1000,development,238,347.34336851848616,278.4735300347567,12.858583853557542,375.26123917941305,347.30833947257634,352.24118718668086,0.7016806722689075,354.3140789222404
hier__scratch__physical__extra__ridge1000,hierarchy,scratch,physical,extra,ridge1000,late,238,465.1270651382057,364.29746484997526,267.21623304121215,525.6137911890191,456.4135433836984,546.0230525890136,0.5210084033613446,478.07036621228224
hier__scratch__physical__extra__ridge1000,hierarchy,scratch,physical,extra,ridge1000,four_year,476,410.481791543699,321.385497442366,140.03740844738485,456.667743068504,401.8609414281374,546.0230525890136,0.6113445378151261,419.87306689600985
hier__scratch__physical__extra__xgb1,hierarchy,scratch,physical,extra,xgb1,development,238,390.72741939217065,315.6196909413712,91.56044482766981,435.63509271256277,386.8467088971609,441.7788495827423,0.6764705882352942,400.9841600985162
hier__scratch__physical__extra__xgb1,hierarchy,scratch,physical,extra,xgb1,late,238,514.267283666656,391.2045293962845,275.7115646304675,605.7768826803418,493.48872782427384,638.1943412615577,0.453781512605042,531.9500444594819
hier__scratch__physical__extra__xgb1,hierarchy,scratch,physical,extra,xgb1,four_year,476,456.69396498899897,353.4121101688279,183.63600472906865,527.6094983946914,440.16771836071734,638.1943412615577,0.5651260504201681,470.29128668335164
hier__scratch__physical__extra__xgb2,hierarchy,scratch,physical,extra,xgb2,development,238,388.54040133304085,313.7575468913424,87.65864370170891,432.3105701968362,385.02333242548536,437.1834412828738,0.680672268907563,398.6036763221008
hier__scratch__physical__extra__xgb2,hierarchy,scratch,physical,extra,xgb2,late,238,509.92381804245855,387.7015543246398,271.69949024093364,600.4976087179829,489.85573256241446,631.5019873054847,0.453781512605042,527.5502443413286
hier__scratch__physical__extra__xgb2,hierarchy,scratch,physical,extra,xgb2,four_year,476,453.3133263400927,350.72955060799103,179.67906697132128,523.2063680709216,437.43953249394986,631.5019873054847,0.5672268907563025,466.81813831126425
hier__scratch__physical__extra__zero,hierarchy,scratch,physical,extra,zero,development,238,391.2280898037831,315.9701107344567,92.9301128408085,436.5223654976072,387.21661734959315,443.09782617559966,0.6764705882352942,401.54879061369166
hier__scratch__physical__extra__zero,hierarchy,scratch,physical,extra,zero,late,238,516.1586306877756,392.82375091017883,278.0102858299253,608.0199898642348,495.1064139708727,641.0151898494414,0.453781512605042,533.8609163026647
hier__scratch__physical__extra__zero,hierarchy,scratch,physical,extra,zero,four_year,476,457.97333453215185,354.39693082231776,185.47019933536689,529.2636789229595,441.16151566023296,641.0151898494414,0.5651260504201681,471.592965911874
hier__scratch__physical__ridge1000__extra,hierarchy,scratch,physical,ridge1000,extra,development,238,430.49240199134647,346.56915233505157,-62.65708516825577,465.7221339608941,429.9191608572606,452.1277920637963,0.6932773109243697,439.1565247002119
hier__scratch__physical__ridge1000__extra,hierarchy,scratch,physical,ridge1000,extra,late,238,470.10525382180845,346.6469776285803,154.65348124472362,572.0801127258729,453.7388555032468,576.7022674495272,0.5210084033613446,491.5073689681841
hier__scratch__physical__ridge1000__extra,hierarchy,scratch,physical,ridge1000,extra,four_year,476,450.7342109509472,346.60806498181597,45.99819803823393,521.618999576097,441.8290081802537,576.7022674495272,0.6071428571428571,466.2291074145613
hier__scratch__physical__ridge1000__ridge100,hierarchy,scratch,physical,ridge1000,ridge100,development,238,486.8548314495981,399.5188471626711,-97.77997546790591,528.0869711015924,486.0759001044296,513.6049074146323,0.6596638655462185,496.9681335263046
hier__scratch__physical__ridge1000__ridge100,hierarchy,scratch,physical,ridge1000,ridge100,late,238,416.75637494038784,317.7272346284773,186.08419144476946,475.1015543305971,409.4899698976011,486.97442386557407,0.5798319327731093,429.5260685272434
hier__scratch__physical__ridge1000__ridge100,hierarchy,scratch,physical,ridge1000,ridge100,four_year,476,453.16305175911555,358.6230408955742,44.1521079884318,502.29340826582796,447.7829350010153,513.6049074146323,0.6197478991596639,464.10061169626863
hier__scratch__physical__ridge1000__ridge1000,hierarchy,scratch,physical,ridge1000,ridge1000,development,238,424.6870100623887,344.4520702899632,-114.55095156788848,443.7592233250312,421.7328662798118,471.73732623235884,0.6638655462184874,428.7165274324051
hier__scratch__physical__ridge1000__ridge1000,hierarchy,scratch,physical,ridge1000,ridge1000,late,238,426.22026317611375,318.13131917655386,154.54474340679806,502.88510927288706,417.5714512798116,502.9985887595821,0.5672268907563025,443.2242717262315
hier__scratch__physical__ridge1000__ridge1000,hierarchy,scratch,physical,ridge1000,ridge1000,four_year,476,425.4543273123727,331.2916947332585,19.996895919454793,474.2444946514606,419.6521587798117,502.9985887595821,0.615546218487395,436.20132701400445
hier__scratch__physical__ridge1000__xgb1,hierarchy,scratch,physical,ridge1000,xgb1,development,238,447.0812285978622,359.7381544665293,-37.52698296825531,492.3440489459323,447.08070663709987,447.7638738533536,0.7016806722689075,458.39680319468914
hier__scratch__physical__ridge1000__xgb1,hierarchy,scratch,physical,ridge1000,xgb1,late,238,481.8109558211853,354.23559188268166,163.50996793285756,586.6694886093578,463.8933786256232,594.0653050023514,0.5252100840336135,503.5461947193379
hier__scratch__physical__ridge1000__xgb1,hierarchy,scratch,physical,ridge1000,xgb1,four_year,476,464.77060046537906,356.9868731746055,62.9914924823011,541.564285841321,455.48704263136153,594.0653050023514,0.6134453781512605,481.6481323508601
hier__scratch__physical__ridge1000__xgb2,hierarchy,scratch,physical,ridge1000,xgb2,development,238,445.91549824882645,358.79609449880945,-41.33229265210108,489.64420129856893,445.8983785387086,449.80575554249845,0.6974789915966386,456.8433940837326
hier__scratch__physical__ridge1000__xgb2,hierarchy,scratch,physical,ridge1000,xgb2,late,238,478.09757575382497,351.53379229924457,159.59065154770335,581.8323740562579,460.8735175564891,588.0462062785294,0.5252100840336135,499.72526078009923
hier__scratch__physical__ridge1000__xgb2,hierarchy,scratch,physical,ridge1000,xgb2,four_year,476,462.2866662149059,355.164943399027,59.12917944780112,537.7175631152728,453.38594804759884,588.0462062785294,0.6113445378151261,478.91921089817083
hier__scratch__physical__ridge1000__zero,hierarchy,scratch,physical,ridge1000,zero,development,238,447.2521231415067,359.76758409257377,-36.19286060616782,492.9851313929772,447.2518207345208,447.7719209571073,0.7016806722689075,458.6852996026278
hier__scratch__physical__ridge1000__zero,hierarchy,scratch,physical,ridge1000,zero,late,238,483.3214093482084,355.31572828106596,165.7552467123545,588.6448959167046,465.06783712902165,596.640978774542,0.5126050420168067,505.08888793553575
hier__scratch__physical__ridge1000__zero,hierarchy,scratch,physical,ridge1000,zero,four_year,476,465.6361489344034,357.5416561868198,64.78119305309336,542.9259402825302,456.15982893177124,596.640978774542,0.6071428571428571,482.5895167707771
hier__scratch__physical__ridge100__extra,hierarchy,scratch,physical,ridge100,extra,development,238,509.8884562605655,419.6319004413057,-66.35770174960805,579.1691434081555,509.1955171996749,535.7692465491322,0.6848739495798319,527.0353932822404
hier__scratch__physical__ridge100__extra,hierarchy,scratch,physical,ridge100,extra,late,238,479.1420677180563,387.6067763099309,-237.91927203471994,533.217601100468,473.68133763577146,545.8139338230762,0.5630252100840336,491.295768543088
hier__scratch__physical__ridge100__extra,hierarchy,scratch,physical,ridge100,extra,four_year,476,494.7541606115693,403.61933837561827,-152.138486892164,556.6677226135329,491.4384274177232,545.8139338230762,0.6239495798319328,509.40361781359866
hier__scratch__physical__ridge100__ridge100,hierarchy,scratch,physical,ridge100,ridge100,development,238,568.0306337896574,474.1768995678555,-100.09963585720901,646.6644679584244,566.8799931422864,603.0168759420155,0.6638655462184874,587.4014321700064
hier__scratch__physical__ridge100__ridge100,hierarchy,scratch,physical,ridge100,ridge100,late,238,417.1518433702812,324.3750766856784,-209.21207522862878,451.5874870058294,413.41563446366956,469.12177064475077,0.6260504201680672,424.8267020525153
hier__scratch__physical__ridge100__ridge100,hierarchy,scratch,physical,ridge100,ridge100,four_year,476,498.33445664066994,399.27598812676695,-154.65585554291886,557.721342849721,490.14781380297796,603.0168759420155,0.6449579831932774,511.13451748350974
hier__scratch__physical__ridge100__ridge1000,hierarchy,scratch,physical,ridge100,ridge1000,development,238,498.81005206693885,411.6643531091742,-118.78307994098047,555.684248832226,494.90147816378726,557.2231834864169,0.6722689075630253,512.0514577824727
hier__scratch__physical__ridge100__ridge1000,hierarchy,scratch,physical,ridge100,ridge1000,late,238,450.08521498577926,358.48467825298303,-237.62636875985731,492.2637997834949,445.6421173171802,508.7278052491968,0.5840336134453782,459.5190867680584
hier__scratch__physical__ridge100__ridge1000,hierarchy,scratch,physical,ridge100,ridge1000,four_year,476,475.0727148510096,385.0745156810786,-178.20472435041893,524.9326780538244,470.2717977404837,557.2231834864169,0.6281512605042017,486.3374763740818
hier__scratch__physical__ridge100__xgb1,hierarchy,scratch,physical,ridge100,xgb1,development,238,527.641802464303,435.25063784629924,-40.93362573356292,605.1542524465239,527.6401615566975,528.9560719642344,0.6722689075630253,547.0195047329569
hier__scratch__physical__ridge100__xgb1,hierarchy,scratch,physical,ridge100,xgb1,late,238,481.83916357780714,387.76480891893937,-229.86992195444853,539.4119516879794,477.128942614611,544.3372135105665,0.5546218487394958,495.05480536455116
hier__scratch__physical__ridge100__xgb1,hierarchy,scratch,physical,ridge100,xgb1,four_year,476,505.25976055151045,411.50772338261925,-135.40177384400573,573.2263614306071,502.38455208565426,544.3372135105665,0.6134453781512605,521.5326086548206
hier__scratch__physical__ridge100__xgb2,hierarchy,scratch,physical,ridge100,xgb2,development,238,526.3504860434243,434.2074897281805,-44.75443000585159,602.6016730566521,526.3273882418271,531.2583663076912,0.6764705882352942,545.407508346332
hier__scratch__physical__ridge100__xgb2,hierarchy,scratch,physical,ridge100,xgb2,late,238,481.8562040240736,388.03984515137756,-233.41044131971316,538.5365274801115,476.9973518697433,545.2536897860276,0.5588235294117647,494.8115718495005
hier__scratch__physical__ridge100__xgb2,hierarchy,scratch,physical,ridge100,xgb2,four_year,476,504.59401280367894,411.123667439779,-139.08243566278233,571.4675702964312,501.6623700557851,545.2536897860276,0.6176470588235294,520.5794914898936
hier__scratch__physical__ridge100__zero,hierarchy,scratch,physical,ridge100,zero,development,238,527.7823350992395,435.2665775533824,-39.60808097730004,605.6660699283958,527.7823337912129,527.819491652851,0.6722689075630253,547.2532684795219
hier__scratch__physical__ridge100__zero,hierarchy,scratch,physical,ridge100,zero,late,238,481.3315788431837,387.2358185787282,-227.84269694858844,539.1702196244752,476.75592599978825,542.9667696415701,0.5546218487394958,494.6473258276577
hier__scratch__physical__ridge100__zero,hierarchy,scratch,physical,ridge100,zero,four_year,476,505.09122049114944,411.2511980660553,-133.7253889629442,573.3829060899938,502.26912989550055,542.9667696415701,0.6134453781512605,521.4586192419483
hier__scratch__physical__ridge10__extra,hierarchy,scratch,physical,ridge10,extra,development,238,542.2168750918174,445.34340820289225,-198.8226701815394,604.9140103880516,527.1302950232424,654.1452221107505,0.6848739495798319,554.1195138987322
hier__scratch__physical__ridge10__extra,hierarchy,scratch,physical,ridge10,extra,late,238,822.4210231413614,736.6862682293879,-720.926335601557,851.8803673148432,813.6593499290036,933.3873816425288,0.5672268907563025,827.5954408816424
hier__scratch__physical__ridge10__extra,hierarchy,scratch,physical,ridge10,extra,four_year,476,696.5541899016971,591.0148382161401,-459.8745028915482,738.7899296079461,670.394822476123,933.3873816425288,0.6260504201680672,700.5732829718658
hier__scratch__physical__ridge10__ridge100,hierarchy,scratch,physical,ridge10,ridge100,development,238,604.0037914300582,504.3333535177902,-231.00483349792592,675.3899336088763,588.607793181059,724.1122059077628,0.6680672268907563,618.001327412513
hier__scratch__physical__ridge10__ridge100,hierarchy,scratch,physical,ridge10,ridge100,late,238,781.8741777991203,708.4113337644221,-695.8765042363091,815.7516511497053,778.5042126197843,851.0191824005136,0.5630252100840336,789.5010548419325
hier__scratch__physical__ridge10__ridge100,hierarchy,scratch,physical,ridge10,ridge100,four_year,476,698.6228631997866,606.3723436411061,-463.44066886711755,748.8665831687488,683.5560029004217,851.0191824005136,0.615546218487395,707.417078117186
hier__scratch__physical__ridge10__ridge1000,hierarchy,scratch,physical,ridge10,ridge1000,development,238,545.0560772941243,448.40724365393106,-249.5657565862615,597.3659823162992,522.6079883502127,677.4208363564496,0.6554621848739496,552.52153131369
hier__scratch__physical__ridge10__ridge1000,hierarchy,scratch,physical,ridge10,ridge1000,late,238,811.8951619127712,733.497409485548,-720.4099710702137,844.2317242565153,807.5762994977456,891.2080783075525,0.5630252100840336,818.8995868949507
hier__scratch__physical__ridge10__ridge1000,hierarchy,scratch,physical,ridge10,ridge1000,four_year,476,691.469406891087,590.9523265697396,-484.98786382823766,731.2910915189129,665.0921439239792,891.2080783075525,0.6092436974789915,694.8305123062665
hier__scratch__physical__ridge10__xgb1,hierarchy,scratch,physical,ridge10,xgb1,development,238,551.0457201908077,453.5927625441075,-174.25243832198086,619.377425108214,540.9822751901901,645.8133949526508,0.6722689075630253,565.6127851700049
hier__scratch__physical__ridge10__xgb1,hierarchy,scratch,physical,ridge10,xgb1,late,238,818.9301620581914,731.4992816495196,-713.8881275019647,850.3022143275167,810.0774651189465,930.165394716877,0.5672268907563025,824.5600008907115
hier__scratch__physical__ridge10__xgb1,hierarchy,scratch,physical,ridge10,xgb1,four_year,476,697.9605991992892,592.5460220968135,-444.0702829119728,743.8555808838029,675.5298701545682,930.165394716877,0.6197478991596639,703.8266623592374
hier__scratch__physical__ridge10__xgb2,hierarchy,scratch,physical,ridge10,xgb2,development,238,550.9027422759716,453.54233110080594,-177.93878219031666,618.25357063156,540.1769934316524,648.355767756037,0.6764705882352942,565.0590121537889
hier__scratch__physical__ridge10__xgb2,hierarchy,scratch,physical,ridge10,xgb2,late,238,821.0223913027852,733.93288795296,-716.9621489690226,852.303716113782,812.3773114147355,931.2085822112291,0.5672268907563025,826.6814525335219
hier__scratch__physical__ridge10__xgb2,hierarchy,scratch,physical,ridge10,xgb2,four_year,476,699.1321757964403,593.737609526883,-447.4504655796697,744.5331094384037,676.2771524231939,931.2085822112291,0.6218487394957983,704.7686533636195
hier__scratch__physical__ridge10__zero,hierarchy,scratch,physical,ridge10,zero,development,238,550.8260379432974,453.40590341589325,-172.97234613647962,619.4123486290399,541.0082086898594,644.5429478188126,0.6722689075630253,565.5181583013734
hier__scratch__physical__ridge10__zero,hierarchy,scratch,physical,ridge10,zero,late,238,817.5191265494026,730.0170613040234,-712.1240807418404,848.7907602554,808.6559140810627,928.7106303391884,0.5672268907563025,823.1212318588169
hier__scratch__physical__ridge10__zero,hierarchy,scratch,physical,ridge10,zero,four_year,476,697.0462130843296,591.7114823599583,-442.54821343916,743.0065317105507,674.8320613854611,928.7106303391884,0.6197478991596639,702.9827548161677
hier__scratch__physical__xgb1__extra,hierarchy,scratch,physical,xgb1,extra,development,238,374.7033335143882,303.5882761354428,-134.07107439304193,356.7920569198354,372.2354168539454,415.17004840429524,0.680672268907563,369.6085352006393
hier__scratch__physical__xgb1__extra,hierarchy,scratch,physical,xgb1,extra,late,238,511.40215270246523,371.27151979413446,280.3557223014079,621.2645463959893,492.42632815744736,630.4425341844552,0.4957983193277311,534.1237949895917
hier__scratch__physical__xgb1__extra,hierarchy,scratch,physical,xgb1,extra,four_year,476,448.29384890689187,337.4298979647887,73.14232395418304,506.5916543379398,432.3308725056964,630.4425341844552,0.5882352941176471,458.877556164355
hier__scratch__physical__xgb1__ridge100,hierarchy,scratch,physical,xgb1,ridge100,development,238,421.32899987500093,342.2906028551837,-170.708788703005,398.23883446781844,419.30047008315694,460.5950450744578,0.6680672268907563,415.04932607524427
hier__scratch__physical__xgb1__ridge100,hierarchy,scratch,physical,xgb1,ridge100,late,238,481.3312224068128,382.0553676828926,314.0361485312462,549.3420973418654,477.9303217474469,535.0473351324149,0.542016806722689,497.48371597573447
hier__scratch__physical__xgb1__ridge100,hierarchy,scratch,physical,xgb1,ridge100,four_year,476,452.326138864042,362.1729852690381,71.66367991412059,479.77646315250087,448.6153959153019,535.0473351324149,0.6050420168067226,458.2610341989717
hier__scratch__physical__xgb1__ridge1000,hierarchy,scratch,physical,xgb1,ridge1000,development,238,391.45385778171396,321.389873457035,-184.01433555612527,357.53437260466137,389.30183467132855,430.29212978766,0.6680672268907563,382.4359807098545
hier__scratch__physical__xgb1__ridge1000,hierarchy,scratch,physical,xgb1,ridge1000,late,238,477.58671748306966,361.31651410267676,281.1710580818764,560.6087236625415,470.532275126459,552.3152243308726,0.5210084033613446,496.57860843878495
hier__scratch__physical__xgb1__ridge1000,hierarchy,scratch,physical,xgb1,ridge1000,four_year,476,436.64928460289485,341.3531937798559,48.578361262875575,470.16644320939827,429.91705489889375,552.3152243308726,0.5945378151260504,443.34551682852043
hier__scratch__physical__xgb1__xgb1,hierarchy,scratch,physical,xgb1,xgb1,development,238,379.2854075512001,305.7107865211613,-109.99380399070263,370.16806856358085,377.4396752273849,414.81228479008706,0.6470588235294118,376.5446397233415
hier__scratch__physical__xgb1__xgb1,hierarchy,scratch,physical,xgb1,xgb1,late,238,524.287842443998,380.87723628132215,289.4113270197945,636.4700724349967,503.99580779040434,648.4463787975146,0.5,547.2603912783493
hier__scratch__physical__xgb1__xgb1,hierarchy,scratch,physical,xgb1,xgb1,four_year,476,457.56702356915014,343.2940114012417,89.7087615145459,520.6335333463941,440.7177415088946,648.4463787975146,0.5735294117647058,469.12133049839724
hier__scratch__physical__xgb1__xgb2,hierarchy,scratch,physical,xgb1,xgb2,development,238,379.4467961555447,306.11237284443695,-113.6944729707211,368.8143938744472,377.45062422960245,416.3208876888444,0.6428571428571429,376.28965260378476
hier__scratch__physical__xgb1__xgb2,hierarchy,scratch,physical,xgb1,xgb2,late,238,520.0919902360546,377.60413437942606,285.41492446957847,631.1249537124494,500.39988811283916,642.1589452639021,0.5042016806722689,542.9272055743494
hier__scratch__physical__xgb1__xgb2,hierarchy,scratch,physical,xgb1,xgb2,four_year,476,455.23375831566347,341.8582536119315,85.8602257494287,516.8862371583893,438.9252561712208,642.1589452639021,0.5735294117647058,466.5697524902343
hier__scratch__physical__xgb1__zero,hierarchy,scratch,physical,xgb1,zero,development,238,379.25784352188924,305.6567221425834,-108.67023879404181,370.66768390763315,377.4710966243058,414.24177905090556,0.6470588235294118,376.6636168939294
hier__scratch__physical__xgb1__zero,hierarchy,scratch,physical,xgb1,zero,late,238,526.2804570425849,382.5801281757898,291.72251420605966,638.970978706868,505.82220214747707,651.1322819066903,0.5,549.3385237348787
hier__scratch__physical__xgb1__zero,hierarchy,scratch,physical,xgb1,zero,four_year,476,458.69795690509994,344.1184251591866,91.52613770600895,522.3401399103183,441.64664938589146,651.1322819066903,0.5735294117647058,470.34567577660243
