candidate,architecture,encoder_variant,state_feature_set,state_model,residual_model,period,rows,rmse,mae,bias,equal_state_rmse,mean_year_rmse,max_year_rmse,direction_accuracy,selection_score
extra__direct__modis_pretrained__extra,direct_anomaly,modis_pretrained,none,none,extra,development,238,316.2434469558304,248.44884255703317,-26.43985668663183,331.3918101397359,314.9059084888546,343.96079691256494,0.7436974789915967,319.6961531350628
extra__direct__modis_pretrained__extra,direct_anomaly,modis_pretrained,none,none,extra,late,238,411.8821650970801,305.7329256541425,198.4082920644128,465.2550061009126,404.92058059877536,480.32775089848224,0.5336134453781513,423.484979223462
extra__direct__modis_pretrained__extra,direct_anomaly,modis_pretrained,none,none,extra,four_year,476,367.1898934254342,277.0908841055878,85.98421768889045,403.90763333319853,359.913244543815,480.32775089848224,0.6386554621848739,374.55016618197044
extra__direct__modis_pretrained__ridge100,direct_anomaly,modis_pretrained,none,none,ridge100,development,238,1277.9610947445717,1220.210224728043,-1220.210224728043,1342.1353752874775,1266.0825118725734,1439.9204617315709,0.5756302521008403,1291.0350191622986
extra__direct__modis_pretrained__ridge100,direct_anomaly,modis_pretrained,none,none,ridge100,late,238,1152.8865243202524,1108.0529685697736,-1102.798787388306,1186.3638160181779,1149.091780017346,1242.5552437654808,0.5630252100840336,1160.307161169007
extra__direct__modis_pretrained__ridge100,direct_anomaly,modis_pretrained,none,none,ridge100,four_year,476,1217.0316137307148,1164.1315966489085,-1161.5045060581747,1266.6464521632056,1207.5871459449595,1439.9204617315709,0.569327731092437,1227.0742063923985
extra__direct__modis_pretrained__ridge1000,direct_anomaly,modis_pretrained,none,none,ridge1000,development,238,666.9320988103129,567.5839269396317,-543.8536576726345,697.2974697903252,632.4426244389732,844.1375729291836,0.6554621848739496,665.9010729624811
extra__direct__modis_pretrained__ridge1000,direct_anomaly,modis_pretrained,none,none,ridge1000,late,238,711.8899537926602,658.6066775979083,-638.2835191439052,710.1261869326075,710.1711385785463,759.6105989413688,0.5798319327731093,711.0193082741187
extra__direct__modis_pretrained__ridge1000,direct_anomaly,modis_pretrained,none,none,ridge1000,four_year,476,689.777402766445,613.0953022687701,-591.0685884082699,703.7410613085733,671.3068815087597,844.1375729291836,0.6176470588235294,688.6506870875558
extra__direct__modis_pretrained__xgb1,direct_anomaly,modis_pretrained,none,none,xgb1,development,238,367.2228522758247,285.33957131137885,-192.67258256297995,363.03937979120883,357.1804648223644,442.4725440728545,0.7226890756302521,363.6663872913057
extra__direct__modis_pretrained__xgb1,direct_anomaly,modis_pretrained,none,none,xgb1,late,238,367.78707098001405,269.9277517800698,132.44499847274253,414.0278295268709,366.16449226162865,400.6738270399401,0.6218487394957983,378.9416159371319
extra__direct__modis_pretrained__xgb1,direct_anomaly,modis_pretrained,none,none,xgb1,four_year,476,367.5050699062872,277.6336615457243,-30.11379204511872,389.36912750108814,361.67247854199655,442.4725440728545,0.6722689075630253,371.51293646391474
extra__direct__modis_pretrained__xgb2,direct_anomaly,modis_pretrained,none,none,xgb2,development,238,440.27842122172126,348.20407387310433,-286.46586577163794,442.00815455121875,419.5864111551425,552.9743107841534,0.7184873949579832,435.53785203745093
extra__direct__modis_pretrained__xgb2,direct_anomaly,modis_pretrained,none,none,xgb2,late,238,338.84234811555103,251.1663051185963,24.81606886031507,367.21112001088574,338.77220100697826,345.6665973799593,0.6890756302521008,345.91700431224154
extra__direct__modis_pretrained__xgb2,direct_anomaly,modis_pretrained,none,none,xgb2,four_year,476,392.8480781866902,299.68518949585035,-130.82489845566144,406.33435453418355,379.17930608106036,552.9743107841534,0.7037815126050421,392.80245424715605
extra__direct__modis_pretrained__zero,direct_anomaly,modis_pretrained,none,none,zero,development,238,325.7531577977174,259.8786363069887,-146.74827759807533,313.2048860004267,324.966326486924,347.59388633721477,0.7142857142857143,322.4193820206964
extra__direct__modis_pretrained__zero,direct_anomaly,modis_pretrained,none,none,zero,late,238,369.41152716386847,267.32377380523803,115.02858881603136,424.36474946288524,366.6305932150159,411.8731011068988,0.6302521008403361,382.4545992514095
extra__direct__modis_pretrained__zero,direct_anomaly,modis_pretrained,none,none,zero,four_year,476,348.2671361302456,263.6012050561134,-15.859844391022008,372.9495550347511,345.79845985096995,411.8731011068988,0.6722689075630253,353.82057178655305
extra__direct__none__extra,direct_anomaly,none,none,none,extra,development,238,323.1170558997647,253.68503602897877,-42.31707744097323,338.09023451231195,320.8015538230857,359.4149566519675,0.7478991596638656,326.28147503373174
extra__direct__none__extra,direct_anomaly,none,none,none,extra,late,238,402.881956672513,298.9008825174275,179.27338866417514,455.05512854790516,396.78931007793034,466.5898431715445,0.5546218487394958,414.4020879927154
extra__direct__none__extra,direct_anomaly,none,none,none,extra,four_year,476,365.183859737533,276.29295927320317,68.47815561160095,400.8616823109566,358.79543195050803,466.5898431715445,0.6512605042016807,372.50620843413265
extra__direct__none__ridge100,direct_anomaly,none,none,none,ridge100,development,238,1008.2204933471222,963.2435783396745,-959.0652377344297,1052.3543522790114,1007.9354472190518,1031.9082952860738,0.5798319327731093,1019.1826965480768
extra__direct__none__ridge100,direct_anomaly,none,none,none,ridge100,late,238,947.2576143219723,901.330735467129,-891.4343360940549,963.2971544569386,943.9456670469585,1023.0883581449176,0.5798319327731093,950.4395125369605
extra__direct__none__ridge100,direct_anomaly,none,none,none,ridge100,four_year,476,978.2140744990508,932.2871569034016,-925.2497869142423,1008.8089736281623,975.9405571330051,1031.9082952860738,0.5798319327731093,985.2944199398173
extra__direct__none__ridge1000,direct_anomaly,none,none,none,ridge1000,development,238,674.5958561732623,600.9879591338124,-585.569375264536,696.4230866400982,658.8961137979493,803.5870961987077,0.6134453781512605,676.1277281961429
extra__direct__none__ridge1000,direct_anomaly,none,none,none,ridge1000,late,238,704.3948336631632,645.930131172617,-623.0658520575497,709.9001851625136,700.014499972422,778.447793411596,0.5798319327731093,704.6760881153156
extra__direct__none__ridge1000,direct_anomaly,none,none,none,ridge1000,four_year,476,689.6563096417998,623.4590451532147,-604.317613661043,703.1939236437886,679.4553068851856,803.5870961987077,0.5966386554621849,690.4904624531434
extra__direct__none__xgb1,direct_anomaly,none,none,none,xgb1,development,238,372.42117267738905,290.30930426909805,-206.3477387843025,367.48855221852045,362.17686312205683,448.9262128456628,0.726890756302521,368.6269401738388
extra__direct__none__xgb1,direct_anomaly,none,none,none,xgb1,late,238,365.9061946160133,268.2017800934214,130.5113474759056,411.3265199409012,364.46974386818556,396.8603144564134,0.6302521008403361,376.90216326027837
extra__direct__none__xgb1,direct_anomaly,none,none,none,xgb1,four_year,476,369.1780553586395,279.2555421812597,-37.91819565419843,390.02393645669804,363.3233034951212,448.9262128456628,0.6785714285714286,372.92583766727455
extra__direct__none__xgb2,direct_anomaly,none,none,none,xgb2,development,238,432.2625541523872,343.52574939352826,-284.42156713615043,432.054926958283,414.1543767979214,537.9569127229616,0.7184873949579832,427.68360301524467
extra__direct__none__xgb2,direct_anomaly,none,none,none,xgb2,late,238,338.5086327763637,250.77170291832135,24.63484227566388,367.21210778832926,338.4296298121956,345.7426407723481,0.6932773109243697,345.66475078831303
extra__direct__none__xgb2,direct_anomaly,none,none,none,xgb2,four_year,476,388.22610047913355,297.1487261559248,-129.89336243024326,400.9465001813053,376.2920033050585,537.9569127229616,0.7058823529411765,388.4226761111577
extra__direct__none__zero,direct_anomaly,none,none,none,zero,development,238,325.7531577977174,259.8786363069887,-146.74827759807533,313.2048860004267,324.966326486924,347.59388633721477,0.7142857142857143,322.4193820206964
extra__direct__none__zero,direct_anomaly,none,none,none,zero,late,238,369.41152716386847,267.32377380523803,115.02858881603136,424.36474946288524,366.6305932150159,411.8731011068988,0.6302521008403361,382.4545992514095
extra__direct__none__zero,direct_anomaly,none,none,none,zero,four_year,476,348.2671361302456,263.6012050561134,-15.859844391022008,372.9495550347511,345.79845985096995,411.8731011068988,0.6722689075630253,353.82057178655305
extra__direct__scratch__extra,direct_anomaly,scratch,none,none,extra,development,238,313.2901831851927,245.14714199101715,-32.13598020747419,326.6672316968779,311.7060411918218,343.1716218273968,0.7521008403361344,316.2384098147712
extra__direct__scratch__extra,direct_anomaly,scratch,none,none,extra,late,238,408.24681696132075,302.9552661768532,191.37972749754607,460.61584615112645,401.5863704167308,475.02920978563316,0.5294117647058824,419.6739626226247
extra__direct__scratch__extra,direct_anomaly,scratch,none,none,extra,four_year,476,363.8792398854747,274.05120408393515,79.62187364503592,399.2984084553931,356.6462058042763,475.02920978563316,0.6407563025210085,370.92577350765464
extra__direct__scratch__ridge100,direct_anomaly,scratch,none,none,ridge100,development,238,1230.4728184577102,1173.8620616135852,-1173.610656270066,1290.793517118334,1217.909214406634,1393.2959368991803,0.5798319327731093,1242.412092110097
extra__direct__scratch__ridge100,direct_anomaly,scratch,none,none,ridge100,late,238,1082.7153599463777,1035.7782548094444,-1029.7966060374024,1120.6465818004951,1078.7368952003367,1171.469098869567,0.5714285714285714,1091.2035492233967
extra__direct__scratch__ridge100,direct_anomaly,scratch,none,none,ridge100,four_year,476,1158.951230127281,1104.8201582115148,-1101.7036311537342,1208.7176397190233,1148.3230548034853,1393.2959368991803,0.5756302521008403,1168.7357886942677
extra__direct__scratch__ridge1000,direct_anomaly,scratch,none,none,ridge1000,development,238,667.3235540486284,571.5089908046097,-550.6037911191487,695.0721522196845,635.5283493950604,839.0583051835945,0.6512605042016807,666.3119024280004
extra__direct__scratch__ridge1000,direct_anomaly,scratch,none,none,ridge1000,late,238,672.2057197743324,615.885965825942,-592.5809465474399,670.9881719818632,670.7594921522209,714.8302691481264,0.5840336134453782,671.5397759206871
extra__direct__scratch__ridge1000,direct_anomaly,scratch,none,none,ridge1000,four_year,476,669.7690853889201,593.6974783152759,-571.5923688332944,683.1363054804168,653.1439207736406,839.0583051835945,0.6176470588235294,668.9545992579745
extra__direct__scratch__xgb1,direct_anomaly,scratch,none,none,xgb1,development,238,367.2228522758247,285.33957131137885,-192.67258256297995,363.03937979120883,357.1804648223644,442.4725440728545,0.7226890756302521,363.6663872913057
extra__direct__scratch__xgb1,direct_anomaly,scratch,none,none,xgb1,late,238,367.78707098001405,269.9277517800698,132.44499847274253,414.0278295268709,366.16449226162865,400.6738270399401,0.6218487394957983,378.9416159371319
extra__direct__scratch__xgb1,direct_anomaly,scratch,none,none,xgb1,four_year,476,367.5050699062872,277.6336615457243,-30.11379204511872,389.36912750108814,361.67247854199655,442.4725440728545,0.6722689075630253,371.51293646391474
extra__direct__scratch__xgb2,direct_anomaly,scratch,none,none,xgb2,development,238,439.9087362358994,347.987534788692,-286.2375870128506,441.7589232097568,419.3357779526823,552.2914154619089,0.7184873949579832,435.2280434085595
extra__direct__scratch__xgb2,direct_anomaly,scratch,none,none,xgb2,late,238,339.09177469486355,251.54337036641235,22.606604776402545,367.51209671557416,339.0190488871546,346.0415952459296,0.6890756302521008,346.17867374811397
extra__direct__scratch__xgb2,direct_anomaly,scratch,none,none,xgb2,four_year,476,392.7486014503287,299.7654525775522,-131.81549111822403,406.33489111059697,379.1774134199184,552.2914154619089,0.7037815126050421,392.7523768577932
extra__direct__scratch__zero,direct_anomaly,scratch,none,none,zero,development,238,325.7531577977174,259.8786363069887,-146.74827759807533,313.2048860004267,324.966326486924,347.59388633721477,0.7142857142857143,322.4193820206964
extra__direct__scratch__zero,direct_anomaly,scratch,none,none,zero,late,238,369.41152716386847,267.32377380523803,115.02858881603136,424.36474946288524,366.6305932150159,411.8731011068988,0.6302521008403361,382.4545992514095
extra__direct__scratch__zero,direct_anomaly,scratch,none,none,zero,four_year,476,348.2671361302456,263.6012050561134,-15.859844391022008,372.9495550347511,345.79845985096995,411.8731011068988,0.6722689075630253,353.82057178655305
extra__hier__modis_pretrained__encoder__extra__extra,hierarchy,modis_pretrained,encoder,extra,extra,development,238,306.0813343994548,235.22219838685197,-40.43130572460175,319.33394996929434,304.7522882826573,333.24484966690335,0.7605042016806722,309.0622267627153
extra__hier__modis_pretrained__encoder__extra__extra,hierarchy,modis_pretrained,encoder,extra,extra,late,238,389.27846133301557,294.80082775251327,87.1083618005232,446.52466687744305,387.3611395815114,425.94958344639053,0.6008403361344538,403.1106822812464
extra__hier__modis_pretrained__encoder__extra__extra,hierarchy,modis_pretrained,encoder,extra,extra,four_year,476,350.1596091252895,265.0115130696826,23.33852803796072,388.1742197345177,346.05671393208434,425.94958344639053,0.680672268907563,358.6375379792952
extra__hier__modis_pretrained__encoder__extra__ridge100,hierarchy,modis_pretrained,encoder,extra,ridge100,development,238,409.5979873811334,329.112493576722,-114.11272193867136,443.2735587239026,403.6728850027381,473.08983668056163,0.6848739495798319,416.53560462222686
extra__hier__modis_pretrained__encoder__extra__ridge100,hierarchy,modis_pretrained,encoder,extra,ridge100,late,238,344.5840099390265,260.742429043631,128.09306386612667,358.0582074938257,344.5839280682037,344.8214627943276,0.6596638655462185,347.9525388600206
extra__hier__modis_pretrained__encoder__extra__ridge100,hierarchy,modis_pretrained,encoder,extra,ridge100,four_year,476,378.48953167315887,294.9274613101765,6.990170963727653,402.9250102794841,374.1284065354709,473.08983668056163,0.6722689075630253,383.5081200403182
extra__hier__modis_pretrained__encoder__extra__ridge1000,hierarchy,modis_pretrained,encoder,extra,ridge1000,development,238,321.08461023001917,251.34545920653093,-64.68754659361322,335.0766543326997,318.9018049065023,356.2778099624001,0.7394957983193278,324.0369199248101
extra__hier__modis_pretrained__encoder__extra__ridge1000,hierarchy,modis_pretrained,encoder,extra,ridge1000,late,238,357.783794791616,269.64562925449604,128.8263562666527,391.29034320804544,357.0644334892075,379.7411650112003,0.6302521008403361,365.98059157012125
extra__hier__modis_pretrained__encoder__extra__ridge1000,hierarchy,modis_pretrained,encoder,extra,ridge1000,four_year,476,339.92982418585495,260.4955442305135,32.06940483651974,364.2694723461366,337.98311919785493,379.7411650112003,0.6848739495798319,345.52805997892534
extra__hier__modis_pretrained__encoder__extra__xgb1,hierarchy,modis_pretrained,encoder,extra,xgb1,development,238,322.15073169044416,253.32785819090728,5.38782533192525,342.89989180729685,322.0672605533622,329.4003096014198,0.726890756302521,327.31715393538684
extra__hier__modis_pretrained__encoder__extra__xgb1,hierarchy,modis_pretrained,encoder,extra,xgb1,late,238,402.39659655169015,307.0314553436806,100.61599004340752,463.13526711144965,399.4122408776225,448.32934170647127,0.5714285714285714,416.8351752731131
extra__hier__modis_pretrained__encoder__extra__xgb1,hierarchy,modis_pretrained,encoder,extra,xgb1,four_year,476,364.48876172323355,280.1796567672939,53.001907687666375,407.4767548240327,360.73975071549233,448.32934170647127,0.6491596638655462,374.29850724649805
extra__hier__modis_pretrained__encoder__extra__xgb2,hierarchy,modis_pretrained,encoder,extra,xgb2,development,238,319.44274692504047,251.41720241045607,-1.6258743882346622,340.13090880064243,319.26873586336137,329.81116742475405,0.7226890756302521,324.5712846285212
extra__hier__modis_pretrained__encoder__extra__xgb2,hierarchy,modis_pretrained,encoder,extra,xgb2,late,238,400.42807022062533,305.07112368668885,100.61606296865868,460.64253409121534,397.57814268628834,445.26734354702216,0.5672268907563025,414.76920430468857
extra__hier__modis_pretrained__encoder__extra__xgb2,hierarchy,modis_pretrained,encoder,extra,xgb2,four_year,476,362.20595521307314,278.2441630485725,49.495094290212,404.89540583682066,358.4234392748249,445.26734354702216,0.6449579831932774,371.93268888444794
extra__hier__modis_pretrained__encoder__extra__zero,hierarchy,modis_pretrained,encoder,extra,zero,development,238,321.2869576194501,252.25521129327785,7.933744415547825,342.2801562019122,321.2279820346695,327.3836862426705,0.726890756302521,326.52051336887047
extra__hier__modis_pretrained__encoder__extra__zero,hierarchy,modis_pretrained,encoder,extra,zero,late,238,404.0686339805158,308.26979215230654,104.05003796777771,465.2883938692631,400.82800490196814,451.9002229190845,0.5630252100840336,418.5634166830657
extra__hier__modis_pretrained__encoder__extra__zero,hierarchy,modis_pretrained,encoder,extra,zero,four_year,476,365.03203291166267,280.26250172279214,55.99189119166277,408.4415471025468,361.02799346831875,451.9002229190845,0.6449579831932774,374.8834015985477
extra__hier__modis_pretrained__encoder__ridge1000__extra,hierarchy,modis_pretrained,encoder,ridge1000,extra,development,238,323.3785579760103,249.6688029316837,1.9417806081459152,354.12507920827744,323.3246727556971,329.2278707080969,0.7226890756302521,331.0517169789988
extra__hier__modis_pretrained__encoder__ridge1000__extra,hierarchy,modis_pretrained,encoder,ridge1000,extra,late,238,433.1713265682197,318.3531653224984,245.9467874475814,502.9191191525101,425.60010351257625,506.234773791282,0.5210084033613446,448.7154689503814
extra__hier__modis_pretrained__encoder__ridge1000__extra,hierarchy,modis_pretrained,encoder,ridge1000,extra,four_year,476,382.2375504313483,284.01098412709104,123.94428402786366,434.9323005557333,374.4623881341367,506.234773791282,0.6218487394957983,393.4674473881417
extra__hier__modis_pretrained__encoder__ridge1000__ridge100,hierarchy,modis_pretrained,encoder,ridge1000,ridge100,development,238,432.56905126415967,346.96023541552535,-71.18843432905634,489.6973544016818,431.49412089201047,461.9704682323042,0.6848739495798319,446.5823944555029
extra__hier__modis_pretrained__encoder__ridge1000__ridge100,hierarchy,modis_pretrained,encoder,ridge1000,ridge100,late,238,444.08859292133053,349.7765083165531,291.73600517415156,486.2239115804105,442.44681962140305,480.5977065016955,0.6428571428571429,454.2119792611187
extra__hier__modis_pretrained__encoder__ridge1000__ridge100,hierarchy,modis_pretrained,encoder,ridge1000,ridge100,four_year,476,438.36666300850385,348.36837186603924,110.27378542254763,487.9637236007207,436.97047025670673,480.5977065016955,0.6638655462184874,450.4168799686088
extra__hier__modis_pretrained__encoder__ridge1000__ridge1000,hierarchy,modis_pretrained,encoder,ridge1000,ridge1000,development,238,338.49513734813564,266.35392266081186,-22.31278836733313,371.72833270322786,338.32401434337226,349.08595315191826,0.7100840336134454,346.76065543571787
extra__hier__modis_pretrained__encoder__ridge1000__ridge1000,hierarchy,modis_pretrained,encoder,ridge1000,ridge1000,late,238,438.5898324527073,339.87784458290196,291.02311330717686,490.36917128247285,438.38880073979556,451.66662122425925,0.5546218487394958,451.4844092319207
extra__hier__modis_pretrained__encoder__ridge1000__ridge1000,hierarchy,modis_pretrained,encoder,ridge1000,ridge1000,four_year,476,391.752472320997,303.11588362185694,134.35516246992188,435.1114095714917,388.3564075415839,451.66662122425925,0.6323529411764706,401.7431904387674
extra__hier__modis_pretrained__encoder__ridge1000__xgb1,hierarchy,modis_pretrained,encoder,ridge1000,xgb1,development,238,350.067326577816,273.97731022080114,48.504528654311386,393.4114545626548,349.31850267581683,372.2033628603285,0.7016806722689075,360.7161525985259
extra__hier__modis_pretrained__encoder__ridge1000__xgb1,hierarchy,modis_pretrained,encoder,ridge1000,xgb1,late,238,446.903049780941,331.9052992664932,259.60410349966315,519.1995367436348,437.04124085586886,530.4076678768739,0.4831932773109244,462.51171929034643
extra__hier__modis_pretrained__encoder__ridge1000__xgb1,hierarchy,modis_pretrained,encoder,ridge1000,xgb1,four_year,476,401.4159121415378,302.94130474364715,154.0543160769873,460.619545577426,393.17987176584285,530.4076678768739,0.592436974789916,414.15781040658607
extra__hier__modis_pretrained__encoder__ridge1000__xgb2,hierarchy,modis_pretrained,encoder,ridge1000,xgb2,development,238,346.85437874521233,271.77658059398755,41.4396450513929,389.9916456532029,346.29053115767147,366.0599035621005,0.6974789915966386,357.4977335753248
extra__hier__modis_pretrained__encoder__ridge1000__xgb2,hierarchy,modis_pretrained,encoder,ridge1000,xgb2,late,238,445.53128513572386,330.91303450342156,259.6624834355146,517.1886944575092,436.121130332873,527.206176920482,0.4957983193277311,461.09309876545746
extra__hier__modis_pretrained__encoder__ridge1000__xgb2,hierarchy,modis_pretrained,encoder,ridge1000,xgb2,four_year,476,399.25310649349797,301.3448075487046,150.55106424345377,458.0270894575758,391.20583074527224,527.206176920482,0.5966386554621849,411.93478329746097
extra__hier__modis_pretrained__encoder__ridge1000__zero,hierarchy,modis_pretrained,encoder,ridge1000,zero,development,238,349.70973353609577,273.18862280954085,51.084365580765244,393.38457875517116,348.87818567934085,372.9802454871343,0.6974789915966386,360.42055787667584
extra__hier__modis_pretrained__encoder__ridge1000__zero,hierarchy,modis_pretrained,encoder,ridge1000,zero,late,238,449.56510016888654,334.33685829048056,263.15214207969206,522.3802851038254,439.4706992872978,534.2033956375785,0.48739495798319327,465.2452961822241
extra__hier__modis_pretrained__encoder__ridge1000__zero,hierarchy,modis_pretrained,encoder,ridge1000,zero,four_year,476,402.74413528923554,303.76274055001073,157.11825383022864,462.40274062095335,394.17444248331935,534.2033956375785,0.592436974789916,415.51636342068593
extra__hier__modis_pretrained__encoder__ridge100__extra,hierarchy,modis_pretrained,encoder,ridge100,extra,development,238,422.70692013377874,323.17776846737485,4.124695571093766,502.33615539522407,422.6801667390622,427.4358974319539,0.6974789915966386,442.607540600461
extra__hier__modis_pretrained__encoder__ridge100__extra,hierarchy,modis_pretrained,encoder,ridge100,extra,late,238,432.1293343383321,331.50071512956515,284.53146519210736,492.44206364317034,431.943459545573,444.6166340291829,0.5588235294117647,447.1610479663519
extra__hier__modis_pretrained__encoder__ridge100__extra,hierarchy,modis_pretrained,encoder,ridge100,extra,four_year,476,427.4440910368716,327.33924179847,144.32808038160059,497.41371063853825,427.3118131423176,444.6166340291829,0.6281512605042017,444.90342646364974
extra__hier__modis_pretrained__encoder__ridge100__ridge100,hierarchy,modis_pretrained,encoder,ridge100,ridge100,development,238,552.0948448140151,435.07971334504646,-64.16671450627351,666.2445851667138,551.7285492060505,571.8363999414726,0.6596638655462185,580.5407060001986
extra__hier__modis_pretrained__encoder__ridge100__ridge100,hierarchy,modis_pretrained,encoder,ridge100,ridge100,late,238,493.47151588759687,393.1396823305746,335.01911120223974,542.6219991462017,478.47143889679967,599.215876252849,0.6596638655462185,502.0091174545488
extra__hier__modis_pretrained__encoder__ridge100__ridge100,hierarchy,modis_pretrained,encoder,ridge100,ridge100,four_year,476,523.6042659598058,414.10969783781053,135.42619834798307,607.5855829516477,515.099994051425,599.215876252849,0.6596638655462185,542.4735272306712
extra__hier__modis_pretrained__encoder__ridge100__ridge1000,hierarchy,modis_pretrained,encoder,ridge100,ridge1000,development,238,442.83259999964235,342.64193422880936,-19.284773381334468,527.8457184412418,442.8233646159749,445.6833248657954,0.6848739495798319,464.08357076412534
extra__hier__modis_pretrained__encoder__ridge100__ridge1000,hierarchy,modis_pretrained,encoder,ridge100,ridge1000,late,238,468.1313107377781,376.8898032923004,332.44229563877036,517.3509215806254,463.257324116626,530.6336979087312,0.6176470588235294,479.21771679320193
extra__hier__modis_pretrained__encoder__ridge100__ridge1000,hierarchy,modis_pretrained,encoder,ridge100,ridge1000,four_year,476,455.65756644409703,359.7658687605549,156.57876112871793,522.6246638540289,453.0403443663005,530.6336979087312,0.6512605042016807,471.7450352771308
extra__hier__modis_pretrained__encoder__ridge100__xgb1,hierarchy,modis_pretrained,encoder,ridge100,xgb1,development,238,458.7510985499725,354.6310422180433,51.92728230439489,550.7913124907508,456.70029676979993,500.0293788185037,0.6848739495798319,481.2484515901239
extra__hier__modis_pretrained__encoder__ridge100__xgb1,hierarchy,modis_pretrained,encoder,ridge100,xgb1,late,238,442.7141684703579,342.48620236228186,297.9116136968066,504.7120299396255,441.98273161151474,467.4208903818378,0.5210084033613446,458.03077462296403
extra__hier__modis_pretrained__encoder__ridge100__xgb1,hierarchy,modis_pretrained,encoder,ridge100,xgb1,four_year,476,450.80395150508997,348.55862229016265,174.91944800060077,528.2543436078217,449.34151419065734,500.0293788185037,0.6029411764705882,469.8009402021648
extra__hier__modis_pretrained__encoder__ridge100__xgb2,hierarchy,modis_pretrained,encoder,ridge100,xgb2,development,238,455.1307420690774,351.33518948396664,44.75509526854998,547.3397352514746,453.4079129971219,492.97123955017366,0.6890756302521008,477.75228309668785
extra__hier__modis_pretrained__encoder__ridge100__xgb2,hierarchy,modis_pretrained,encoder,ridge100,xgb2,late,238,442.1011496867244,342.0930889581575,298.0440514776279,503.43222701568845,441.5116584854775,464.33449739141884,0.5294117647058824,457.28654621865365
extra__hier__modis_pretrained__encoder__ridge100__xgb2,hierarchy,modis_pretrained,encoder,ridge100,xgb2,four_year,476,448.6632472861314,346.7141392210621,171.39957337308888,525.8444603602524,447.4597857412997,492.97123955017366,0.6092436974789915,467.65768516845367
extra__hier__modis_pretrained__encoder__ridge100__zero,hierarchy,modis_pretrained,encoder,ridge100,zero,development,238,458.04479929962974,353.325921606314,54.446127311872395,550.3053355224891,455.7989131213321,501.10221281186773,0.6890756302521008,480.54846181077016
extra__hier__modis_pretrained__encoder__ridge100__zero,hierarchy,modis_pretrained,encoder,ridge100,zero,late,238,445.46728073877784,345.3339711720564,301.46994307707,507.95846276146796,444.68719346927406,471.03862935465764,0.5252100840336135,460.8950544270744
extra__hier__modis_pretrained__encoder__ridge100__zero,hierarchy,modis_pretrained,encoder,ridge100,zero,four_year,476,451.7998098573301,349.32994638918524,177.9580351944712,529.5553616929551,450.24305329530307,501.10221281186773,0.6071428571428571,470.84950867572957
extra__hier__modis_pretrained__encoder__ridge10__extra,hierarchy,modis_pretrained,encoder,ridge10,extra,development,238,441.87988646991033,364.8279358249418,-271.19230107527693,473.3211678866111,441.8310360940282,448.40139458793163,0.6092436974789915,449.727994230115
extra__hier__modis_pretrained__encoder__ridge10__extra,hierarchy,modis_pretrained,encoder,ridge10,extra,late,238,340.6505690349685,261.9556588148401,5.053486661147864,349.12754634344816,340.23290322716866,357.0965251827249,0.6890756302521008,342.66539691013844
extra__hier__modis_pretrained__encoder__ridge10__extra,hierarchy,modis_pretrained,encoder,ridge10,extra,four_year,476,394.5254391357474,313.3917973198909,-133.06940720706453,415.88638567843384,391.0319696605984,448.40139458793163,0.6491596638655462,398.99230840263175
extra__hier__modis_pretrained__encoder__ridge10__ridge100,hierarchy,modis_pretrained,encoder,ridge10,ridge100,development,238,550.8418480585027,473.95555682873595,-340.108467330488,606.8258901971799,547.5310343240214,607.8345004314845,0.5882352941176471,564.0101551595517
extra__hier__modis_pretrained__encoder__ridge10__ridge100,hierarchy,modis_pretrained,encoder,ridge10,ridge100,late,238,436.38027020748575,346.35326175587005,57.680045276467126,471.28706069501663,430.6531249542061,501.1203243702131,0.7058823529411765,443.67518151604855
extra__hier__modis_pretrained__encoder__ridge10__ridge100,hierarchy,modis_pretrained,encoder,ridge10,ridge100,four_year,476,496.9177405762773,410.154409292303,-141.21421102701044,543.2997122179195,489.09207963911376,607.8345004314845,0.6470588235294118,506.55681825239697
extra__hier__modis_pretrained__encoder__ridge10__ridge1000,hierarchy,modis_pretrained,encoder,ridge10,ridge1000,development,238,464.0767751526182,391.38478830163064,-293.98551497664874,496.9010660072928,463.847447354731,478.43507288302817,0.6092436974789915,472.225515916815
extra__hier__modis_pretrained__encoder__ridge10__ridge1000,hierarchy,modis_pretrained,encoder,ridge10,ridge1000,late,238,385.26423635687536,300.28558143197955,52.877728477806954,404.0124354576023,381.5214060000475,435.0933070246816,0.6890756302521008,389.0155785428501
extra__hier__modis_pretrained__encoder__ridge10__ridge1000,hierarchy,modis_pretrained,encoder,ridge10,ridge1000,four_year,476,426.4948915589143,345.8351848668051,-120.55389324942091,452.8447401723725,422.6844266773893,478.43507288302817,0.6491596638655462,432.1297374918976
extra__hier__modis_pretrained__encoder__ridge10__xgb1,hierarchy,modis_pretrained,encoder,ridge10,xgb1,development,238,426.80833640194896,348.4833281880037,-228.32181859439763,466.5521754641984,426.48703143398916,443.04505187191535,0.634453781512605,436.66396992552137
extra__hier__modis_pretrained__encoder__ridge10__xgb1,hierarchy,modis_pretrained,encoder,ridge10,xgb1,late,238,335.813412451841,255.4719279477609,16.976689078961506,347.50649817866764,335.34561238551976,353.06476124575096,0.6932773109243697,338.6197338669673
extra__hier__modis_pretrained__encoder__ridge10__xgb1,hierarchy,modis_pretrained,encoder,ridge10,xgb1,four_year,476,384.01562728927416,301.9776280678822,-105.67256475771806,411.3585411212319,380.91632190975446,443.04505187191535,0.6638655462184874,390.0765294023837
extra__hier__modis_pretrained__encoder__ridge10__xgb2,hierarchy,modis_pretrained,encoder,ridge10,xgb2,development,238,430.3668705824881,352.841273078811,-234.72658181146917,468.36600575221627,430.15036847618785,443.7996832855077,0.634453781512605,439.8125288483451
extra__hier__modis_pretrained__encoder__ridge10__xgb2,hierarchy,modis_pretrained,encoder,ridge10,xgb2,late,238,336.25053386667196,255.83959453838773,17.187409114110586,347.58020838606114,335.75925585915763,353.92911085380814,0.6932773109243697,338.9601329946407
extra__hier__modis_pretrained__encoder__ridge10__xgb2,hierarchy,modis_pretrained,encoder,ridge10,xgb2,four_year,476,386.1865254126469,304.34043380859936,-108.76958634867928,412.4189111849642,382.95481216767274,443.7996832855077,0.6638655462184874,391.9366935444827
extra__hier__modis_pretrained__encoder__ridge10__zero,hierarchy,modis_pretrained,encoder,ridge10,zero,development,238,425.61794768569507,347.23636563812096,-225.8224426146261,464.661831445798,425.37022745124375,439.8894213083501,0.634453781512605,435.31698856710796
extra__hier__modis_pretrained__encoder__ridge10__zero,hierarchy,modis_pretrained,encoder,ridge10,zero,late,238,336.0173302055939,255.26423381635496,20.269103205357226,348.6907321525508,335.51771142711294,353.8346849000339,0.6932773109243697,339.0607759977129
extra__hier__modis_pretrained__encoder__ridge10__zero,hierarchy,modis_pretrained,encoder,ridge10,zero,four_year,476,383.443792224283,301.250299727238,-102.77666970463443,410.78938903752436,380.4439694391783,439.8894213083501,0.6638655462184874,389.5302357313172
extra__hier__modis_pretrained__encoder__xgb1__extra,hierarchy,modis_pretrained,encoder,xgb1,extra,development,238,311.7373197489803,244.636002397746,-106.75144190764105,304.4435921694687,311.5046036042395,323.5477949438967,0.6974789915966386,309.8557088179172
extra__hier__modis_pretrained__encoder__xgb1__extra,hierarchy,modis_pretrained,encoder,xgb1,extra,late,238,394.37045215719445,283.782686967781,187.10500540718712,457.1798983829791,390.222337596991,447.27127075975915,0.5630252100840336,409.03578507358975
extra__hier__modis_pretrained__encoder__xgb1__extra,hierarchy,modis_pretrained,encoder,xgb1,extra,four_year,476,355.4632259875471,264.2093446827635,40.17678174977303,388.3937179580283,350.86347060061524,447.27127075975915,0.6302521008403361,362.54591013343446
extra__hier__modis_pretrained__encoder__xgb1__ridge100,hierarchy,modis_pretrained,encoder,xgb1,ridge100,development,238,391.32707522521747,323.31982742936043,-182.29774112537908,380.1659349555492,388.4483907874625,435.8269460519894,0.6638655462184874,387.81711904836163
extra__hier__modis_pretrained__encoder__xgb1__ridge100,hierarchy,modis_pretrained,encoder,xgb1,ridge100,late,238,412.5691935408641,318.23810129432314,233.34869823391205,452.6035396810826,409.4376402262766,460.1738031172269,0.680672268907563,421.7948917472719
extra__hier__modis_pretrained__encoder__xgb1__ridge100,hierarchy,modis_pretrained,encoder,xgb1,ridge100,four_year,476,402.0884350881544,320.7789643618419,25.525478554266503,417.9569967308073,398.9430155068696,460.1738031172269,0.6722689075630253,405.2692206034964
extra__hier__modis_pretrained__encoder__xgb1__ridge1000,hierarchy,modis_pretrained,encoder,xgb1,ridge1000,development,238,324.72206735882315,257.2420112199564,-131.06084906607398,310.26265277873154,324.3543928741399,339.80265662888525,0.7100840336134454,321.01529509262946
extra__hier__modis_pretrained__encoder__xgb1__ridge1000,hierarchy,modis_pretrained,encoder,xgb1,ridge1000,late,238,400.8906653776545,303.2105433210946,232.1452780691455,447.95564741266685,400.86966644076716,404.97284991297585,0.6092436974789915,412.65166115218574
extra__hier__modis_pretrained__encoder__xgb1__ridge1000,hierarchy,modis_pretrained,encoder,xgb1,ridge1000,four_year,476,364.7997715300317,280.2262772705255,50.54221450153576,385.3097298007132,362.6120296574535,404.97284991297585,0.6596638655462185,369.38032562955755
extra__hier__modis_pretrained__encoder__xgb1__xgb1,hierarchy,modis_pretrained,encoder,xgb1,xgb1,development,238,304.63424035810016,238.33409464762568,-62.59525201826369,304.6669048333595,304.2069707539242,320.3358065233729,0.7142857142857143,304.53558907587103
extra__hier__modis_pretrained__encoder__xgb1__xgb1,hierarchy,modis_pretrained,encoder,xgb1,xgb1,late,238,405.78660026053706,293.675179714007,200.4507123251712,471.70152961165087,399.9684476299489,468.43746143541955,0.5462184873949579,420.8107944406685
extra__hier__modis_pretrained__encoder__xgb1__xgb1,hierarchy,modis_pretrained,encoder,xgb1,xgb1,four_year,476,358.79296631174475,266.0046371808163,68.92773015345377,397.0669061623686,352.0877091919366,468.43746143541955,0.6302521008403361,366.6851369944486
extra__hier__modis_pretrained__encoder__xgb1__xgb2,hierarchy,modis_pretrained,encoder,xgb1,xgb2,development,238,305.8778561952395,239.7481617679604,-69.30937543378403,304.5058054625646,305.4910698241025,320.86862386630713,0.7100840336134454,305.4381469192865
extra__hier__modis_pretrained__encoder__xgb1__xgb2,hierarchy,modis_pretrained,encoder,xgb1,xgb2,late,238,404.537258210044,292.67340639239035,200.52596099576212,469.83503884445344,399.03524669911235,465.52784156409245,0.5504201680672269,419.48620049091346
extra__hier__modis_pretrained__encoder__xgb1__xgb2,hierarchy,modis_pretrained,encoder,xgb1,xgb2,four_year,476,358.61654743660074,266.2107840801754,65.60829278098902,395.89692426588414,352.2631582616075,465.52784156409245,0.6302521008403361,366.34829435017326
extra__hier__modis_pretrained__encoder__xgb1__zero,hierarchy,modis_pretrained,encoder,xgb1,zero,development,238,304.35590558919375,238.18427990333356,-60.0045153429825,304.89014203149827,303.96728419166897,319.34282997578214,0.7142857142857143,304.3923093503887
extra__hier__modis_pretrained__encoder__xgb1__zero,hierarchy,modis_pretrained,encoder,xgb1,zero,late,238,408.070625209653,295.65526594805334,203.94234427813868,474.60818196830155,402.06337214601007,471.8249657170867,0.5462184873949579,423.20320113340443
extra__hier__modis_pretrained__encoder__xgb1__zero,hierarchy,modis_pretrained,encoder,xgb1,zero,four_year,476,359.9681599989194,266.91977292569345,71.96891446757809,398.8802609175112,353.0153281688395,471.8249657170867,0.6302521008403361,367.95797727104735
extra__hier__modis_pretrained__history__extra__extra,hierarchy,modis_pretrained,history,extra,extra,development,238,336.1129003661364,272.4858485192738,-182.06547844743994,324.4653013481845,336.08870905819305,340.12125616065936,0.7016806722689075,333.1949527846626
extra__hier__modis_pretrained__history__extra__extra,hierarchy,modis_pretrained,history,extra,extra,late,238,362.7380122018479,261.47310632260235,121.7326389110233,414.2827362818244,360.410039069564,401.44014062955677,0.6134453781512605,375.04219993877103
extra__hier__modis_pretrained__history__extra__extra,hierarchy,modis_pretrained,history,extra,extra,four_year,476,349.678957966221,266.9794774209381,-30.16641976820834,372.0940186029089,348.2493740638785,401.44014062955677,0.657563025210084,354.92532714980734
extra__hier__modis_pretrained__history__extra__ridge100,hierarchy,modis_pretrained,history,extra,ridge100,development,238,421.6767236476135,350.38394166348746,-256.26005571517055,408.25514715567743,416.8062947544523,480.7106914674368,0.6764705882352942,417.1037223013392
extra__hier__modis_pretrained__history__extra__ridge100,hierarchy,modis_pretrained,history,extra,ridge100,late,238,374.5220846695493,284.72970295638544,167.28050534931148,404.6940000371396,372.04850329480814,415.02178687098143,0.6932773109243697,381.4466681677616
extra__hier__modis_pretrained__history__extra__ridge100,hierarchy,modis_pretrained,history,extra,ridge100,four_year,476,398.7969728893456,317.5568223099365,-44.48977518292952,406.4784735045413,394.42739902463023,480.7106914674368,0.6848739495798319,399.6249545769657
extra__hier__modis_pretrained__history__extra__ridge1000,hierarchy,modis_pretrained,history,extra,ridge1000,development,238,352.7185179832302,286.4353123965712,-205.94471287618381,335.01575571041553,352.47471405617273,365.5868793733707,0.7016806722689075,348.2318764332622
extra__hier__modis_pretrained__history__extra__ridge1000,hierarchy,modis_pretrained,history,extra,ridge1000,late,238,362.0234530455567,267.92130561166334,166.06882779033344,398.68890017272184,361.9787693382276,367.66657237723985,0.6470588235294118,371.1786439005157
extra__hier__modis_pretrained__history__extra__ridge1000,hierarchy,modis_pretrained,history,extra,ridge1000,four_year,476,357.40126852273113,277.1783090041173,-19.93794254292517,368.2311744645986,357.22674169720017,367.66657237723985,0.6743697478991597,360.06511330181524
extra__hier__modis_pretrained__history__extra__xgb1,hierarchy,modis_pretrained,history,extra,xgb1,development,238,318.0399720491912,249.04127215057002,-138.75853749423393,308.06701457857514,317.5713196520229,334.83054198453374,0.7226890756302521,315.4295695822451
extra__hier__modis_pretrained__history__extra__xgb1,hierarchy,modis_pretrained,history,extra,xgb1,late,238,372.57706626883896,269.6685197744487,134.87730571591834,427.8220182360549,369.0861358633259,419.9692826112756,0.5630252100840336,385.51557165926465
extra__hier__modis_pretrained__history__extra__xgb1,hierarchy,modis_pretrained,history,extra,xgb1,four_year,476,346.3835259726891,259.3548959625094,-1.940615889157803,372.7847668286134,343.3287277576744,419.9692826112756,0.6428571428571429,352.2201366329165
extra__hier__modis_pretrained__history__extra__xgb2,hierarchy,modis_pretrained,history,extra,xgb2,development,238,320.6692261633902,251.60218806555326,-145.3587520504261,309.3891132018854,320.29337959969484,335.8144489196005,0.7184873949579832,317.75523628209015
extra__hier__modis_pretrained__history__extra__xgb2,hierarchy,modis_pretrained,history,extra,xgb2,late,238,371.26928622732703,268.39446188735604,134.94978720451238,425.95089122154445,367.97375763803615,417.33159982641286,0.5714285714285714,384.1158053285587
extra__hier__modis_pretrained__history__extra__xgb2,hierarchy,modis_pretrained,history,extra,xgb2,four_year,476,346.89309268417,259.9983249764546,-5.204482422956872,372.2605170443657,344.1335686188655,417.33159982641286,0.6449579831932774,352.54506775789287
extra__hier__modis_pretrained__history__extra__zero,hierarchy,modis_pretrained,history,extra,zero,development,238,317.01498450906047,248.30434193034648,-136.221911964941,307.03524006876756,316.60986495633756,332.63153202345507,0.7226890756302521,314.4187685108065
extra__hier__modis_pretrained__history__extra__zero,hierarchy,modis_pretrained,history,extra,zero,late,238,374.391072797336,271.07325215136694,138.3138602994413,430.33560130460637,370.7253462898557,422.98807687874427,0.5630252100840336,387.4607732972835
extra__hier__modis_pretrained__history__extra__zero,hierarchy,modis_pretrained,history,extra,zero,four_year,476,346.8913200078809,259.68879704085674,1.045974167250141,373.8043394573442,343.6676056230966,422.98807687874427,0.6428571428571429,352.8136462740507
extra__hier__modis_pretrained__history__ridge1000__extra,hierarchy,modis_pretrained,history,ridge1000,extra,development,238,316.34962905906923,249.60073444123623,-120.79791788559238,306.52381718046615,316.09652971055834,328.74847465008514,0.7100840336134454,313.8299012522907
extra__hier__modis_pretrained__history__ridge1000__extra,hierarchy,modis_pretrained,history,ridge1000,extra,late,238,390.6149886949786,280.8355165684572,179.94669551539667,452.2932789571163,386.6174564258953,442.3580321311142,0.5588235294117647,405.03517819324225
extra__hier__modis_pretrained__history__ridge1000__extra,hierarchy,modis_pretrained,history,ridge1000,extra,four_year,476,355.4273183078285,265.2181255048467,29.57438881490214,386.3457393893866,351.3569930682268,442.3580321311142,0.634453781512605,362.1393422683176
extra__hier__modis_pretrained__history__ridge1000__ridge100,hierarchy,modis_pretrained,history,ridge1000,ridge100,development,238,398.43424404348445,330.0579678423067,-195.95439441583383,385.25793299975595,395.03944173066134,446.94017682786773,0.6722689075630253,394.29146570434654
extra__hier__modis_pretrained__history__ridge1000__ridge100,hierarchy,modis_pretrained,history,ridge1000,ridge100,late,238,408.10124243440555,314.2306979915187,226.11418705481336,446.8358263576971,405.05501830613593,454.8250516748346,0.680672268907563,417.023332383161
extra__hier__modis_pretrained__history__ridge1000__ridge100,hierarchy,modis_pretrained,history,ridge1000,ridge100,four_year,476,403.2967089519876,322.14433291691273,15.079896319489759,417.1845698584803,400.04723001839864,454.8250516748346,0.6764705882352942,405.9563044452135
extra__hier__modis_pretrained__history__ridge1000__ridge1000,hierarchy,modis_pretrained,history,ridge1000,ridge1000,development,238,330.421099480717,262.8663925459248,-144.99347715738162,313.51716050487994,329.97440590804354,347.14980772807627,0.7100840336134454,326.08344134358936
extra__hier__modis_pretrained__history__ridge1000__ridge1000,hierarchy,modis_pretrained,history,ridge1000,ridge1000,late,238,396.3820896693901,298.9308117701822,224.9121755259001,442.1987862715249,396.36130851477594,400.4201412443882,0.6134453781512605,407.83106853127026
extra__hier__modis_pretrained__history__ridge1000__ridge1000,hierarchy,modis_pretrained,history,ridge1000,ridge1000,four_year,476,364.8950972490027,280.89860215805345,39.95934918425925,383.2967365573652,363.1678572114098,400.4201412443882,0.6617647058823529,369.0636970666951
extra__hier__modis_pretrained__history__ridge1000__xgb1,hierarchy,modis_pretrained,history,ridge1000,xgb1,development,238,307.6914620828616,241.1672093020837,-76.76003932320074,304.6838185077718,307.1744176458732,325.00453213254343,0.7142857142857143,306.81029007984205
extra__hier__modis_pretrained__history__ridge1000__xgb1,hierarchy,modis_pretrained,history,ridge1000,xgb1,late,238,401.8758752392193,290.32458015076253,193.26997575643585,466.73319150045256,396.25376572345124,463.2401244039524,0.5588235294117647,416.68467692558556
extra__hier__modis_pretrained__history__ridge1000__xgb1,hierarchy,modis_pretrained,history,ridge1000,xgb1,four_year,476,357.8954141491461,265.7458947264231,58.254968216617584,394.126947384136,351.7140916846622,463.2401244039524,0.6365546218487395,365.40796684177263
extra__hier__modis_pretrained__history__ridge1000__xgb2,hierarchy,modis_pretrained,history,ridge1000,xgb2,development,238,309.18185511197225,242.65956988523504,-83.45393718531768,304.74895436848453,308.71696130897976,325.665628826826,0.7184873949579832,307.9574064753522
extra__hier__modis_pretrained__history__ridge1000__xgb2,hierarchy,modis_pretrained,history,ridge1000,xgb2,late,238,400.6237799089053,289.3363270587054,193.34542265959152,464.86509009944496,395.30674857551764,460.3604768249535,0.5546218487394958,415.35484962319333
extra__hier__modis_pretrained__history__ridge1000__xgb2,hierarchy,modis_pretrained,history,ridge1000,xgb2,four_year,476,357.83573924286793,265.99794847197023,54.94574273713692,393.04673843059027,352.0118549422487,460.3604768249535,0.6365546218487395,365.1825179646437
extra__hier__modis_pretrained__history__ridge1000__zero,hierarchy,modis_pretrained,history,ridge1000,zero,development,238,307.2583516740384,241.001828075134,-74.1812064078366,304.7105658017439,306.7906734053162,323.73698229426464,0.7142857142857143,306.5044856387842
extra__hier__modis_pretrained__history__ridge1000__zero,hierarchy,modis_pretrained,history,ridge1000,zero,late,238,404.1130003319854,292.2380386971265,196.7555954655975,469.59925557882235,398.3019043611656,466.58740809064096,0.5504201680672269,419.03179015098965
extra__hier__modis_pretrained__history__ridge1000__zero,hierarchy,modis_pretrained,history,ridge1000,zero,four_year,476,358.9672768587454,266.61993338613024,61.287194528880455,395.83581808080663,352.5462888832409,466.58740809064096,0.6323529411764706,366.5791651703846
extra__hier__modis_pretrained__history__ridge100__extra,hierarchy,modis_pretrained,history,ridge100,extra,development,238,348.36522468160945,281.7210555386884,-189.845319686767,327.00334715649336,347.54740622301074,371.4038559824735,0.7016806722689075,342.82030068568076
extra__hier__modis_pretrained__history__ridge100__extra,hierarchy,modis_pretrained,history,ridge100,extra,late,238,378.6530886845661,270.8220775798547,156.2280071083119,436.19211609784793,375.17464758059384,426.38153562448,0.5756302521008403,392.1682352618935
extra__hier__modis_pretrained__history__ridge100__extra,hierarchy,modis_pretrained,history,ridge100,extra,four_year,476,363.82447095943814,276.27156655927155,-16.80865628922755,385.4833013228125,361.3610269018023,426.38153562448,0.6386554621848739,368.62331753587273
extra__hier__modis_pretrained__history__ridge100__ridge100,hierarchy,modis_pretrained,history,ridge100,ridge100,development,238,440.93858607746944,369.19221685099865,-262.8915099587693,419.20626825533526,433.96948133845973,512.0548574265993,0.6680672268907563,433.76323043718344
extra__hier__modis_pretrained__history__ridge100__ridge100,hierarchy,modis_pretrained,history,ridge100,ridge100,late,238,393.9788587024854,301.4992166862838,202.1754860699307,427.69397083951094,391.23690221841355,437.63762901285565,0.6848739495798319,401.72214761572377
extra__hier__modis_pretrained__history__ridge100__ridge100,hierarchy,modis_pretrained,history,ridge100,ridge100,four_year,476,418.11851059030556,335.3457167686412,-30.358011944419268,423.4713851236188,412.60319177843667,512.0548574265993,0.6764705882352942,418.0778995206666
extra__hier__modis_pretrained__history__ridge100__ridge1000,hierarchy,modis_pretrained,history,ridge100,ridge1000,development,238,367.07971594180214,297.5008471087192,-213.4411105263602,339.4456601137944,365.5988163113144,398.53850920119913,0.6974789915966386,359.80097707717823
extra__hier__modis_pretrained__history__ridge100__ridge1000,hierarchy,modis_pretrained,history,ridge100,ridge1000,late,238,381.9495413923944,285.1859179024428,200.9617184933745,422.89431582195454,381.92818797469954,385.9669254287781,0.6470588235294118,392.1803966453607
extra__hier__modis_pretrained__history__ridge100__ridge1000,hierarchy,modis_pretrained,history,ridge100,ridge1000,four_year,476,374.5884208206218,291.343382505581,-6.239696016492868,383.4468402038337,373.763502143007,398.53850920119913,0.6722689075630253,376.59679599702105
extra__hier__modis_pretrained__history__ridge100__xgb1,hierarchy,modis_pretrained,history,ridge100,xgb1,development,238,333.91666718544695,265.77659807863523,-146.33137455382212,316.87662678226906,332.26757588695773,365.4126907372845,0.7352941176470589,329.2443842600302
extra__hier__modis_pretrained__history__ridge100__xgb1,hierarchy,modis_pretrained,history,ridge100,xgb1,late,238,389.3491932537685,279.63601362422384,169.4754518506739,450.288176338785,384.4086323195461,446.2374094833911,0.5840336134453782,403.348798791467
extra__hier__modis_pretrained__history__ridge100__xgb1,hierarchy,modis_pretrained,history,ridge100,xgb1,four_year,476,362.69348967936884,272.7063058514296,11.57203864842587,389.3393367946644,358.3381041032519,446.2374094833911,0.6596638655462185,368.26610506416347
extra__hier__modis_pretrained__history__ridge100__xgb2,hierarchy,modis_pretrained,history,ridge100,xgb2,development,238,336.362444924761,268.1919902374297,-152.93209914772686,317.9178962006199,334.858559782656,366.63023421206327,0.7184873949579832,331.3753364581995
extra__hier__modis_pretrained__history__ridge100__xgb2,hierarchy,modis_pretrained,history,ridge100,xgb2,late,238,388.10260691596136,278.6508552494248,169.55292452526035,448.4263981526411,383.4297612310978,443.4735094254645,0.5756302521008403,402.0153433039154
extra__hier__modis_pretrained__history__ridge100__xgb2,hierarchy,modis_pretrained,history,ridge100,xgb2,four_year,476,363.15515131327,273.4214227434273,8.310412688766764,388.6888365291568,359.1441605068769,443.4735094254645,0.6470588235294118,368.53582491564345
extra__hier__modis_pretrained__history__ridge100__zero,hierarchy,modis_pretrained,history,ridge100,zero,development,238,332.78353429043875,264.96274173946136,-143.8153398485757,315.9800853488836,331.2699396395475,362.9733745645863,0.726890756302521,328.2042733923272
extra__hier__modis_pretrained__history__ridge100__zero,hierarchy,modis_pretrained,history,ridge100,zero,late,238,391.4197261799086,281.38822355468943,172.9410158520177,452.99766361856683,386.293472716972,449.4342280103372,0.5756302521008403,405.532647173839
extra__hier__modis_pretrained__history__ridge100__zero,hierarchy,modis_pretrained,history,ridge100,zero,four_year,476,363.2865829738213,273.1754826470754,14.562838001721005,390.54468219460364,358.78170617825975,449.4342280103372,0.6512605042016807,368.9748885801265
extra__hier__modis_pretrained__history__ridge10__extra,hierarchy,modis_pretrained,history,ridge10,extra,development,238,408.99471599982564,333.25529260957563,-276.497945354683,375.1931040309797,404.56142413043517,464.61749644067044,0.680672268907563,399.4359900402666
extra__hier__modis_pretrained__history__ridge10__extra,hierarchy,modis_pretrained,history,ridge10,extra,late,238,375.80358161563083,267.01676079964165,152.25124914062937,430.449135569526,372.25574965418946,423.7726284856322,0.5840336134453782,388.5780121137443
extra__hier__modis_pretrained__history__ridge10__extra,hierarchy,modis_pretrained,history,ridge10,extra,four_year,476,392.7499265887355,300.13602670460864,-62.12334810702681,403.7674600713595,388.4085868923123,464.61749644067044,0.6323529411764706,394.4189750352857
extra__hier__modis_pretrained__history__ridge10__ridge100,hierarchy,modis_pretrained,history,ridge10,ridge100,development,238,510.8621107089501,429.3026644777763,-346.37775900211767,481.11273053121164,495.6431645441986,619.4088689966682,0.6596638655462185,499.62002912332764
extra__hier__modis_pretrained__history__ridge10__ridge100,hierarchy,modis_pretrained,history,ridge10,ridge100,late,238,389.6153374375094,297.7931584200015,198.0873458331804,418.370539459594,387.20014419401434,430.5148010976405,0.6890756302521008,396.2003396321568
extra__hier__modis_pretrained__history__ridge10__ridge100,hierarchy,modis_pretrained,history,ridge10,ridge100,four_year,476,454.3017759840632,363.5479114488888,-74.14520658446864,450.8344306765567,441.4216543691065,619.4088689966682,0.6743697478991597,450.21490925344744
extra__hier__modis_pretrained__history__ridge10__ridge1000,hierarchy,modis_pretrained,history,ridge10,ridge1000,development,238,431.7895417918949,353.7802352857789,-299.23744786736586,393.26439392745834,425.65593005653403,498.1765313265286,0.6764705882352942,420.6248518919456
extra__hier__modis_pretrained__history__ridge10__ridge1000,hierarchy,modis_pretrained,history,ridge10,ridge1000,late,238,377.7736257203005,281.2045695561053,196.89118849871397,414.0504024481056,377.7657658632186,380.2026556099347,0.6386554621848739,386.8408549379813
extra__hier__modis_pretrained__history__ridge10__ridge1000,hierarchy,modis_pretrained,history,ridge10,ridge1000,four_year,476,405.6815997125802,317.4924024209421,-51.17312968432596,403.7911708411722,401.7108479598763,498.1765313265286,0.657563025210084,404.2163045565522
extra__hier__modis_pretrained__history__ridge10__xgb1,hierarchy,modis_pretrained,history,ridge10,xgb1,development,238,391.4919811152864,311.3672643338643,-233.49101655638043,359.553224948442,384.8041288433627,456.85795388181924,0.7016806722689075,381.8353290055944
extra__hier__modis_pretrained__history__ridge10__xgb1,hierarchy,modis_pretrained,history,ridge10,xgb1,late,238,386.6341636037321,276.3549858820339,165.5072352066371,444.5180889138457,381.61381299361165,443.71755038544876,0.5882352941176471,399.8500572787304
extra__hier__modis_pretrained__history__ridge10__xgb1,hierarchy,modis_pretrained,history,ridge10,xgb1,four_year,476,389.070654086844,293.86112510794914,-33.99189067487167,404.2739497806176,383.2089709184872,456.85795388181924,0.6449579831932774,391.4060572181982
extra__hier__modis_pretrained__history__ridge10__xgb2,hierarchy,modis_pretrained,history,ridge10,xgb2,development,238,394.4984561592481,314.204429178602,-239.9930545496193,361.38750823751,388.17170170628077,458.5404583137442,0.6932773109243697,384.6390305655718
extra__hier__modis_pretrained__history__ridge10__xgb2,hierarchy,modis_pretrained,history,ridge10,xgb2,late,238,385.3955934527367,275.265398904625,165.58622839142748,442.6596230244194,380.6433503560038,440.9791049509668,0.5882352941176471,398.52354007147414
extra__hier__modis_pretrained__history__ridge10__xgb2,hierarchy,modis_pretrained,history,ridge10,xgb2,four_year,476,389.97358587782406,294.73491404161354,-37.2034130790959,404.0720684273026,384.4075260311423,458.5404583137442,0.6407563025210085,392.1066915535233
extra__hier__modis_pretrained__history__ridge10__zero,hierarchy,modis_pretrained,history,ridge10,zero,development,238,389.69252055001664,310.32603808204124,-231.06612045267116,357.7398023630524,383.3218985657263,453.49726926365855,0.7058823529411765,380.111685507203
extra__hier__modis_pretrained__history__ridge10__zero,hierarchy,modis_pretrained,history,ridge10,zero,late,238,388.6760794855226,278.17744840993566,168.97022458470676,447.13829675174986,383.4643332208799,446.90091503060785,0.5840336134453782,401.9886972359187
extra__hier__modis_pretrained__history__ridge10__zero,hierarchy,modis_pretrained,history,ridge10,zero,four_year,476,389.1846318502707,294.25174324598845,-31.04794793398221,404.913831954906,383.3931158933031,453.49726926365855,0.6449579831932774,391.6690528871876
extra__hier__modis_pretrained__history__xgb1__extra,hierarchy,modis_pretrained,history,xgb1,extra,development,238,311.7373197489803,244.636002397746,-106.75144190764105,304.4435921694687,311.5046036042395,323.5477949438967,0.6974789915966386,309.8557088179172
extra__hier__modis_pretrained__history__xgb1__extra,hierarchy,modis_pretrained,history,xgb1,extra,late,238,394.37045215719445,283.782686967781,187.10500540718712,457.1798983829791,390.222337596991,447.27127075975915,0.5630252100840336,409.03578507358975
extra__hier__modis_pretrained__history__xgb1__extra,hierarchy,modis_pretrained,history,xgb1,extra,four_year,476,355.4632259875471,264.2093446827635,40.17678174977303,388.3937179580283,350.86347060061524,447.27127075975915,0.6302521008403361,362.54591013343446
extra__hier__modis_pretrained__history__xgb1__ridge100,hierarchy,modis_pretrained,history,xgb1,ridge100,development,238,391.32707522521747,323.31982742936043,-182.29774112537908,380.1659349555492,388.4483907874625,435.8269460519894,0.6638655462184874,387.81711904836163
extra__hier__modis_pretrained__history__xgb1__ridge100,hierarchy,modis_pretrained,history,xgb1,ridge100,late,238,412.5691935408641,318.23810129432314,233.34869823391205,452.6035396810826,409.4376402262766,460.1738031172269,0.680672268907563,421.7948917472719
extra__hier__modis_pretrained__history__xgb1__ridge100,hierarchy,modis_pretrained,history,xgb1,ridge100,four_year,476,402.0884350881544,320.7789643618419,25.525478554266503,417.9569967308073,398.9430155068696,460.1738031172269,0.6722689075630253,405.2692206034964
extra__hier__modis_pretrained__history__xgb1__ridge1000,hierarchy,modis_pretrained,history,xgb1,ridge1000,development,238,324.72206735882315,257.2420112199564,-131.06084906607398,310.26265277873154,324.3543928741399,339.80265662888525,0.7100840336134454,321.01529509262946
extra__hier__modis_pretrained__history__xgb1__ridge1000,hierarchy,modis_pretrained,history,xgb1,ridge1000,late,238,400.8906653776545,303.2105433210946,232.1452780691455,447.95564741266685,400.86966644076716,404.97284991297585,0.6092436974789915,412.65166115218574
extra__hier__modis_pretrained__history__xgb1__ridge1000,hierarchy,modis_pretrained,history,xgb1,ridge1000,four_year,476,364.7997715300317,280.2262772705255,50.54221450153576,385.3097298007132,362.6120296574535,404.97284991297585,0.6596638655462185,369.38032562955755
extra__hier__modis_pretrained__history__xgb1__xgb1,hierarchy,modis_pretrained,history,xgb1,xgb1,development,238,304.63424035810016,238.33409464762568,-62.59525201826369,304.6669048333595,304.2069707539242,320.3358065233729,0.7142857142857143,304.53558907587103
extra__hier__modis_pretrained__history__xgb1__xgb1,hierarchy,modis_pretrained,history,xgb1,xgb1,late,238,405.78660026053706,293.675179714007,200.4507123251712,471.70152961165087,399.9684476299489,468.43746143541955,0.5462184873949579,420.8107944406685
extra__hier__modis_pretrained__history__xgb1__xgb1,hierarchy,modis_pretrained,history,xgb1,xgb1,four_year,476,358.79296631174475,266.0046371808163,68.92773015345377,397.0669061623686,352.0877091919366,468.43746143541955,0.6302521008403361,366.6851369944486
extra__hier__modis_pretrained__history__xgb1__xgb2,hierarchy,modis_pretrained,history,xgb1,xgb2,development,238,305.8778561952395,239.7481617679604,-69.30937543378403,304.5058054625646,305.4910698241025,320.86862386630713,0.7100840336134454,305.4381469192865
extra__hier__modis_pretrained__history__xgb1__xgb2,hierarchy,modis_pretrained,history,xgb1,xgb2,late,238,404.537258210044,292.67340639239035,200.52596099576212,469.83503884445344,399.03524669911235,465.52784156409245,0.5504201680672269,419.48620049091346
extra__hier__modis_pretrained__history__xgb1__xgb2,hierarchy,modis_pretrained,history,xgb1,xgb2,four_year,476,358.61654743660074,266.2107840801754,65.60829278098902,395.89692426588414,352.2631582616075,465.52784156409245,0.6302521008403361,366.34829435017326
extra__hier__modis_pretrained__history__xgb1__zero,hierarchy,modis_pretrained,history,xgb1,zero,development,238,304.35590558919375,238.18427990333356,-60.0045153429825,304.89014203149827,303.96728419166897,319.34282997578214,0.7142857142857143,304.3923093503887
extra__hier__modis_pretrained__history__xgb1__zero,hierarchy,modis_pretrained,history,xgb1,zero,late,238,408.070625209653,295.65526594805334,203.94234427813868,474.60818196830155,402.06337214601007,471.8249657170867,0.5462184873949579,423.20320113340443
extra__hier__modis_pretrained__history__xgb1__zero,hierarchy,modis_pretrained,history,xgb1,zero,four_year,476,359.9681599989194,266.91977292569345,71.96891446757809,398.8802609175112,353.0153281688395,471.8249657170867,0.6302521008403361,367.95797727104735
extra__hier__modis_pretrained__physical__extra__extra,hierarchy,modis_pretrained,physical,extra,extra,development,238,306.1604000059751,235.74310916069865,-43.55233583640624,316.6871726229501,304.7631536008855,333.9797711166373,0.7689075630252101,308.4427815589464
extra__hier__modis_pretrained__physical__extra__extra,hierarchy,modis_pretrained,physical,extra,extra,late,238,390.5747663182654,294.688457028247,85.84386868695955,449.58394649045664,388.59283439133696,427.889871738631,0.5882352941176471,404.8315783795811
extra__hier__modis_pretrained__physical__extra__extra,hierarchy,modis_pretrained,physical,extra,extra,four_year,476,350.91511695592874,265.2157830944729,21.145766425276655,388.8550438440087,346.67799399611124,427.889871738631,0.6785714285714286,359.3408179379943
extra__hier__modis_pretrained__physical__extra__ridge100,hierarchy,modis_pretrained,physical,extra,ridge100,development,238,409.7350807970286,329.58335121724735,-117.18528534995801,439.8078154450567,403.44169332486115,474.9793514002849,0.6848739495798319,415.6799175909938
extra__hier__modis_pretrained__physical__extra__ridge100,hierarchy,modis_pretrained,physical,extra,ridge100,late,238,345.1991829465175,260.7218000648257,126.77839888740908,359.67508568821177,345.1986954325108,345.7788494085442,0.6680672268907563,348.8180367534394
extra__hier__modis_pretrained__physical__extra__ridge100,hierarchy,modis_pretrained,physical,extra,ridge100,four_year,476,378.84384140612,295.1525756410365,4.796556768725527,401.7443725750091,374.320194378686,474.9793514002849,0.6764705882352942,383.4380624414838
extra__hier__modis_pretrained__physical__extra__ridge1000,hierarchy,modis_pretrained,physical,extra,ridge1000,development,238,321.4064408698069,251.99475739159863,-67.78132116495935,332.3514766503617,319.07215381206805,357.7381711182851,0.7436974789915967,323.5591280505109
extra__hier__modis_pretrained__physical__extra__ridge1000,hierarchy,modis_pretrained,physical,extra,ridge1000,late,238,358.7803324785298,269.747728684917,127.53706132117354,393.6876816778441,358.0335321408784,381.17044714982,0.634453781512605,367.3204696939455
extra__hier__modis_pretrained__physical__extra__ridge1000,hierarchy,modis_pretrained,physical,extra,ridge1000,four_year,476,340.6063910190185,260.87124303825783,29.87787007810709,364.312705471928,338.55284297647324,381.17044714982,0.6890756302521008,346.0195826216095
extra__hier__modis_pretrained__physical__extra__xgb1,hierarchy,modis_pretrained,physical,extra,xgb1,development,238,321.85983854958886,253.82701136834686,2.2455514220404775,339.75714322043444,321.7586142244804,329.83015952320636,0.726890756302521,326.30885863602316
extra__hier__modis_pretrained__physical__extra__xgb1,hierarchy,modis_pretrained,physical,extra,xgb1,late,238,403.5995568879098,306.80568211452146,99.344126733031,466.1918434011058,400.5520793699827,450.0559583341628,0.5672268907563025,418.48575913672704
extra__hier__modis_pretrained__physical__extra__xgb1,hierarchy,modis_pretrained,physical,extra,xgb1,four_year,476,365.02490188429925,280.3163467414342,50.79483907753575,407.90302231230896,361.1553467972316,450.0559583341628,0.6470588235294118,374.7770432195348
extra__hier__modis_pretrained__physical__extra__xgb2,hierarchy,modis_pretrained,physical,extra,xgb2,development,238,319.16959630233544,251.8335247600036,-4.766319127877672,337.00890628620124,318.96662796162013,330.34737708411456,0.7310924369747899,323.57868171312305
extra__hier__modis_pretrained__physical__extra__xgb2,hierarchy,modis_pretrained,physical,extra,xgb2,late,238,401.644653617474,304.8132105929666,99.34529013109658,463.7030278026769,398.73207526993946,447.01416232536815,0.5714285714285714,416.4311025768911
extra__hier__modis_pretrained__physical__extra__xgb2,hierarchy,modis_pretrained,physical,extra,xgb2,four_year,476,362.7586380662054,278.3233676764851,47.28948550160946,405.3365890896057,358.84935161577977,447.01416232536815,0.6512605042016807,372.42580420944904
extra__hier__modis_pretrained__physical__extra__zero,hierarchy,modis_pretrained,physical,extra,zero,development,238,320.94175756295226,252.76223140219662,4.786465812033147,339.1227421953492,320.8681384811381,327.74196239843326,0.726890756302521,325.468598950598
extra__hier__modis_pretrained__physical__extra__zero,hierarchy,modis_pretrained,physical,extra,zero,late,238,405.25974954728156,308.01719106044106,102.77717736302337,468.34146974583587,401.9557505816342,453.59913522555985,0.5588235294117647,420.2041798555083
extra__hier__modis_pretrained__physical__extra__zero,hierarchy,modis_pretrained,physical,extra,zero,four_year,476,365.54006370760663,280.3897112313188,53.78182158752826,408.8691517819503,361.41194453138615,453.59913522555985,0.6428571428571429,375.3403059321374
extra__hier__modis_pretrained__physical__ridge1000__extra,hierarchy,modis_pretrained,physical,ridge1000,extra,development,238,338.94702991862425,267.0206824584955,-101.03250755936287,354.12705550890087,336.0274906447421,380.41909595086435,0.7394957983193278,342.01215149772287
extra__hier__modis_pretrained__physical__ridge1000__extra,hierarchy,modis_pretrained,physical,ridge1000,extra,late,238,377.8354006107447,284.45011503360746,64.98367532907578,433.414340491393,375.9018213213248,414.0778698595476,0.5966386554621849,391.2467407585518
extra__hier__modis_pretrained__physical__ridge1000__extra,hierarchy,modis_pretrained,physical,ridge1000,extra,four_year,476,358.9182908722671,275.73539874605143,-18.024416115143556,395.76126767724077,355.9646559830335,414.0778698595476,0.6680672268907563,367.3906263512021
extra__hier__modis_pretrained__physical__ridge1000__ridge100,hierarchy,modis_pretrained,physical,ridge1000,ridge100,development,238,460.36515010392554,374.49296984996107,-171.7710586044288,498.1995679338531,452.55658511589075,536.9876735753759,0.6932773109243697,467.87161331439876
extra__hier__modis_pretrained__physical__ridge1000__ridge100,hierarchy,modis_pretrained,physical,ridge1000,ridge100,late,238,341.38300116301286,255.51610887944088,106.64832071332565,362.34957299211715,341.34224705331656,346.61707971968883,0.6764705882352942,346.61445559286483
extra__hier__modis_pretrained__physical__ridge1000__ridge100,hierarchy,modis_pretrained,physical,ridge1000,ridge100,four_year,476,405.2643735349035,315.004539364701,-32.561368945551564,435.60304322688535,396.9494160846036,536.9876735753759,0.6848739495798319,410.770301595324
extra__hier__modis_pretrained__physical__ridge1000__ridge1000,hierarchy,modis_pretrained,physical,ridge1000,ridge1000,development,238,360.97422702492236,288.3811482156503,-124.51253538816923,376.7088907637421,356.94968440625286,410.7020367130746,0.7226890756302521,363.9017573049599
extra__hier__modis_pretrained__physical__ridge1000__ridge1000,hierarchy,modis_pretrained,physical,ridge1000,ridge1000,late,238,348.51749366744485,258.1039757418941,106.90915661770453,385.330740969317,347.9554167158203,367.7410521707976,0.6596638655462185,357.58028625500674
extra__hier__modis_pretrained__physical__ridge1000__ridge1000,hierarchy,modis_pretrained,physical,ridge1000,ridge1000,four_year,476,354.8005326718645,273.2425619787722,-8.80168938523236,381.044202367922,352.4525505610366,410.7020367130746,0.6911764705882353,360.7744545681719
extra__hier__modis_pretrained__physical__ridge1000__xgb1,hierarchy,modis_pretrained,physical,ridge1000,xgb1,development,238,351.6551562818179,279.01473443561036,-55.4524300763331,379.16101467843794,350.8586981609581,374.51293381522214,0.7226890756302521,358.3325063507579
extra__hier__modis_pretrained__physical__ridge1000__xgb1,hierarchy,modis_pretrained,physical,ridge1000,xgb1,late,238,388.9813273692971,292.9871472740296,78.27190711728672,448.9048417606614,386.063645490609,433.6171382380578,0.5588235294117647,403.2327854974661
extra__hier__modis_pretrained__physical__ridge1000__xgb1,hierarchy,modis_pretrained,physical,ridge1000,xgb1,four_year,476,370.78822930452503,286.00094085481993,11.409738520476795,415.4988760563301,368.4611718257836,433.6171382380578,0.6407563025210085,381.3841266227909
extra__hier__modis_pretrained__physical__ridge1000__xgb2,hierarchy,modis_pretrained,physical,ridge1000,xgb2,development,238,350.535063938491,278.69863670720645,-62.346150300437166,377.1896169730906,349.5762615229744,375.4851100111453,0.7142857142857143,356.95900159326175
extra__hier__modis_pretrained__physical__ridge1000__xgb2,hierarchy,modis_pretrained,physical,ridge1000,xgb2,late,238,387.11381968651756,291.2941408019993,78.28371164118575,446.5447633758938,384.3066550758879,430.8416339269432,0.5630252100840336,401.2697644562042
extra__hier__modis_pretrained__physical__ridge1000__xgb2,hierarchy,modis_pretrained,physical,ridge1000,xgb2,four_year,476,369.2776329827245,284.9963887546029,7.968780670374289,413.3244686990717,366.94145829943113,430.8416339269432,0.6386554621848739,379.705298240988
extra__hier__modis_pretrained__physical__ridge1000__zero,hierarchy,modis_pretrained,physical,ridge1000,zero,development,238,350.4374366429486,277.84271633535747,-52.9496221553885,378.2008668235113,349.76166321947227,371.51427094427277,0.7226890756302521,357.2093508322202
extra__hier__modis_pretrained__physical__ridge1000__zero,hierarchy,modis_pretrained,physical,ridge1000,zero,late,238,390.4315245757897,293.92664119793466,81.67900065683995,451.0629854966797,387.277984303117,436.80109261317875,0.5672268907563025,404.801004737844
extra__hier__modis_pretrained__physical__ridge1000__zero,hierarchy,modis_pretrained,physical,ridge1000,zero,four_year,476,370.97383491525113,285.88467876664606,14.364689250725718,416.22933134945765,368.5198237612946,436.80109261317875,0.6449579831932774,381.67420623531365
extra__hier__modis_pretrained__physical__ridge100__extra,hierarchy,modis_pretrained,physical,ridge100,extra,development,238,428.6501913400193,346.9182266381317,-188.79677160308967,468.7399276247728,418.3892029017637,511.61721066264,0.680672268907563,436.10737830164385
extra__hier__modis_pretrained__physical__ridge100__extra,hierarchy,modis_pretrained,physical,ridge100,extra,late,238,468.4201051035707,378.7238256852814,-262.374845870394,493.82875878268004,450.3218020140886,579.2701230424143,0.5798319327731093,470.24769275097754
extra__hier__modis_pretrained__physical__ridge100__extra,hierarchy,modis_pretrained,physical,ridge100,extra,four_year,476,448.97571281811855,362.8210261617066,-225.58580873674185,481.44779714446696,434.35550245792615,579.2701230424143,0.6302521008403361,453.43868130965757
extra__hier__modis_pretrained__physical__ridge100__ridge100,hierarchy,modis_pretrained,physical,ridge100,ridge100,development,238,565.0139120653583,465.56421321051727,-254.3089878555022,631.3595184772237,549.2516927151269,681.7782895814479,0.6764705882352942,577.6597588307668
extra__hier__modis_pretrained__physical__ridge100__ridge100,hierarchy,modis_pretrained,physical,ridge100,ridge100,late,238,397.4249519023482,318.7979423074385,-225.8840017478779,391.463441537239,393.7048503623564,447.9550411061533,0.6554621848739496,395.00454892607297
extra__hier__modis_pretrained__physical__ridge100__ridge100,hierarchy,modis_pretrained,physical,ridge100,ridge100,four_year,476,488.4604964692561,392.1810777589779,-240.09649480169003,525.2896665802456,471.47827153874164,681.7782895814479,0.6659663865546218,493.4222327643749
extra__hier__modis_pretrained__physical__ridge100__ridge1000,hierarchy,modis_pretrained,physical,ridge100,ridge1000,development,238,456.2127527352766,373.3211104995702,-211.05675951596294,498.0419380027207,444.29534534125673,547.8893696206138,0.6764705882352942,463.6906972036326
extra__hier__modis_pretrained__physical__ridge100__ridge1000,hierarchy,modis_pretrained,physical,ridge100,ridge1000,late,238,411.45658494721624,329.08380754732514,-224.80033343513216,421.5925281088123,402.4342600726976,488.12666123036274,0.6134453781512605,411.73498951898557
extra__hier__modis_pretrained__physical__ridge100__ridge1000,hierarchy,modis_pretrained,physical,ridge100,ridge1000,four_year,476,434.41143922249813,351.2024590234477,-217.92854647554756,461.40331152186457,423.3648027069772,547.8893696206138,0.6449579831932774,438.3977481684595
extra__hier__modis_pretrained__physical__ridge100__xgb1,hierarchy,modis_pretrained,physical,ridge100,xgb1,development,238,439.3964267715282,356.46203189807386,-143.28609508221734,492.31104791018714,433.7314623547235,504.06096130943,0.6722689075630253,451.20884095199176
extra__hier__modis_pretrained__physical__ridge100__xgb1,hierarchy,modis_pretrained,physical,ridge100,xgb1,late,238,469.2279617301481,377.2937384519277,-249.97913041347635,500.1084543131379,450.6811230597077,581.3004378147238,0.5882352941176471,472.3113752082854
extra__hier__modis_pretrained__physical__ridge100__xgb1,hierarchy,modis_pretrained,physical,ridge100,xgb1,four_year,476,454.5569820875136,366.87788517500076,-196.63261274784682,496.22506686477584,442.20629270721554,581.3004378147238,0.6302521008403361,461.8863309367547
extra__hier__modis_pretrained__physical__ridge100__xgb2,hierarchy,modis_pretrained,physical,ridge100,xgb2,development,238,439.253963666527,357.0341808799739,-150.0878075495906,491.1476530567467,433.27714199800556,505.4918414628288,0.6680672268907563,450.73318059695157
extra__hier__modis_pretrained__physical__ridge100__xgb2,hierarchy,modis_pretrained,physical,ridge100,xgb2,late,238,467.7419551733987,376.2661876322187,-250.00673898872944,498.3944488626732,449.34735205155164,579.2299676461441,0.592436974789916,470.8064278152556
extra__hier__modis_pretrained__physical__ridge100__xgb2,hierarchy,modis_pretrained,physical,ridge100,xgb2,four_year,476,453.7216003377998,366.65018425609634,-200.04727326916003,494.7843185471212,441.3122470247786,579.2299676461441,0.6302521008403361,460.8849415618748
extra__hier__modis_pretrained__physical__ridge100__zero,hierarchy,modis_pretrained,physical,ridge100,zero,development,238,437.63196370688615,355.0279522887099,-140.882323904857,490.63276366659125,432.34685068026994,500.1549354843531,0.6722689075630253,449.56088544015836
extra__hier__modis_pretrained__physical__ridge100__zero,hierarchy,modis_pretrained,physical,ridge100,zero,late,238,468.1672718971699,376.16876339925807,-246.83832462633285,499.6948161405308,449.88549147706044,579.437176275377,0.592436974789916,471.47871285298277
extra__hier__modis_pretrained__physical__ridge100__zero,hierarchy,modis_pretrained,physical,ridge100,zero,four_year,476,453.1568879171891,365.59835784398393,-193.86032426559493,495.1845201845652,441.11617107866516,579.437176275377,0.6323529411764706,460.65361677440217
extra__hier__modis_pretrained__physical__ridge10__extra,hierarchy,modis_pretrained,physical,ridge10,extra,development,238,557.157798069841,474.23207802133953,-392.9470555470054,589.0701284936063,535.4678102521883,689.4127229117503,0.634453781512605,559.7133837213692
extra__hier__modis_pretrained__physical__ridge10__extra,hierarchy,modis_pretrained,physical,ridge10,extra,late,238,803.5921214285883,724.7067326668164,-711.0671382300352,806.2365069564696,784.9199662725019,957.1434959334438,0.5714285714285714,799.585179021537
extra__hier__modis_pretrained__physical__ridge10__extra,hierarchy,modis_pretrained,physical,ridge10,extra,four_year,476,691.4423727152295,599.4694053440779,-552.0070968885202,706.0527322491017,660.1938882623451,957.1434959334438,0.6029411764705882,687.2828414854764
extra__hier__modis_pretrained__physical__ridge10__ridge100,hierarchy,modis_pretrained,physical,ridge10,ridge100,development,238,684.3687286336533,587.8555515040605,-453.87419548440107,736.9853615902485,653.3043360255335,857.1523216959334,0.6260504201680672,689.7567887207722
extra__hier__modis_pretrained__physical__ridge10__ridge100,hierarchy,modis_pretrained,physical,ridge10,ridge100,late,238,755.0309970028864,689.3877051315858,-678.2612871594583,747.9649887666702,752.5987462337293,813.1539574264175,0.5798319327731093,752.656432251543
extra__hier__modis_pretrained__physical__ridge10__ridge100,hierarchy,modis_pretrained,physical,ridge10,ridge100,four_year,476,720.566569848621,638.6216283178233,-566.0677413219297,742.4954705649841,702.9515411296314,857.1523216959334,0.6029411764705882,721.6450378479644
extra__hier__modis_pretrained__physical__ridge10__ridge1000,hierarchy,modis_pretrained,physical,ridge10,ridge1000,development,238,585.9186487334638,502.3278689965227,-413.7484873968127,618.1111067191283,562.2716960183385,727.0479163606842,0.6302521008403361,588.0550250510986
extra__hier__modis_pretrained__physical__ridge10__ridge1000,hierarchy,modis_pretrained,physical,ridge10,ridge1000,late,238,759.5872933424462,689.4838797189122,-677.6377060912428,757.1396832649064,751.8650735528777,859.9010276544132,0.5714285714285714,757.044835875669
extra__hier__modis_pretrained__physical__ridge10__ridge1000,hierarchy,modis_pretrained,physical,ridge10,ridge1000,four_year,476,678.3338113130407,595.9058743577175,-545.6930967440277,691.1301759524135,657.068384785608,859.9010276544132,0.6008403361344538,676.2165458410257
extra__hier__modis_pretrained__physical__ridge10__xgb1,hierarchy,modis_pretrained,physical,ridge10,xgb1,development,238,549.1361158200217,463.6687067848649,-349.59990863590787,590.0408834068342,527.1242229611754,681.0414970582606,0.6554621848739496,553.8593345020132
extra__hier__modis_pretrained__physical__ridge10__xgb1,hierarchy,modis_pretrained,physical,ridge10,xgb1,late,238,797.1474517919498,715.0485372125875,-700.2501882197009,802.9469521314384,775.8269075209387,958.9571056448308,0.5714285714285714,793.2671908090691
extra__hier__modis_pretrained__physical__ridge10__xgb1,hierarchy,modis_pretrained,physical,ridge10,xgb1,four_year,476,684.4686017620894,589.3586219987261,-524.9250484278044,704.582164133,651.475565241057,958.9571056448308,0.6134453781512605,681.2487332245589
extra__hier__modis_pretrained__physical__ridge10__xgb2,hierarchy,modis_pretrained,physical,ridge10,xgb2,development,238,551.777335761483,467.5418357348847,-356.0048322314221,591.2667959558673,530.2760806067314,682.8064270837641,0.6512605042016807,556.2743870213911
extra__hier__modis_pretrained__physical__ridge10__xgb2,hierarchy,modis_pretrained,physical,ridge10,xgb2,late,238,796.6039448662707,714.9998090912458,-700.2707342704131,802.5260938741253,775.7571028712766,956.8061634081049,0.5714285714285714,792.8727716194858
extra__hier__modis_pretrained__physical__ridge10__xgb2,hierarchy,modis_pretrained,physical,ridge10,xgb2,four_year,476,685.2138619571793,591.2708224130653,-528.1377832509176,704.8562106375947,653.016591739004,956.8061634081049,0.6113445378151261,682.0751315727393
extra__hier__modis_pretrained__physical__ridge10__zero,hierarchy,modis_pretrained,physical,ridge10,zero,development,238,546.9712602353937,462.23845081099165,-347.31946963467306,587.6413135967804,525.6281317321489,676.9312270582708,0.6554621848739496,551.8029914499291
extra__hier__modis_pretrained__physical__ridge10__zero,hierarchy,modis_pretrained,physical,ridge10,zero,late,238,794.9538629986922,712.5199216484041,-697.4948376032023,800.9418331104669,773.4614921865054,957.0615041722564,0.5714285714285714,791.0777628235892
extra__hier__modis_pretrained__physical__ridge10__zero,hierarchy,modis_pretrained,physical,ridge10,zero,four_year,476,682.3229454664552,587.3791862296979,-522.4071536189377,702.4350978816849,649.5448119593271,957.0615041722564,0.6134453781512605,679.1564501934805
extra__hier__modis_pretrained__physical__xgb1__extra,hierarchy,modis_pretrained,physical,xgb1,extra,development,238,311.7373197489803,244.636002397746,-106.75144190764105,304.4435921694687,311.5046036042395,323.5477949438967,0.6974789915966386,309.8557088179172
extra__hier__modis_pretrained__physical__xgb1__extra,hierarchy,modis_pretrained,physical,xgb1,extra,late,238,394.37045215719445,283.782686967781,187.10500540718712,457.1798983829791,390.222337596991,447.27127075975915,0.5630252100840336,409.03578507358975
extra__hier__modis_pretrained__physical__xgb1__extra,hierarchy,modis_pretrained,physical,xgb1,extra,four_year,476,355.4632259875471,264.2093446827635,40.17678174977303,388.3937179580283,350.86347060061524,447.27127075975915,0.6302521008403361,362.54591013343446
extra__hier__modis_pretrained__physical__xgb1__ridge100,hierarchy,modis_pretrained,physical,xgb1,ridge100,development,238,391.32707522521747,323.31982742936043,-182.29774112537908,380.1659349555492,388.4483907874625,435.8269460519894,0.6638655462184874,387.81711904836163
extra__hier__modis_pretrained__physical__xgb1__ridge100,hierarchy,modis_pretrained,physical,xgb1,ridge100,late,238,412.5691935408641,318.23810129432314,233.34869823391205,452.6035396810826,409.4376402262766,460.1738031172269,0.680672268907563,421.7948917472719
extra__hier__modis_pretrained__physical__xgb1__ridge100,hierarchy,modis_pretrained,physical,xgb1,ridge100,four_year,476,402.0884350881544,320.7789643618419,25.525478554266503,417.9569967308073,398.9430155068696,460.1738031172269,0.6722689075630253,405.2692206034964
extra__hier__modis_pretrained__physical__xgb1__ridge1000,hierarchy,modis_pretrained,physical,xgb1,ridge1000,development,238,324.72206735882315,257.2420112199564,-131.06084906607398,310.26265277873154,324.3543928741399,339.80265662888525,0.7100840336134454,321.01529509262946
extra__hier__modis_pretrained__physical__xgb1__ridge1000,hierarchy,modis_pretrained,physical,xgb1,ridge1000,late,238,400.8906653776545,303.2105433210946,232.1452780691455,447.95564741266685,400.86966644076716,404.97284991297585,0.6092436974789915,412.65166115218574
extra__hier__modis_pretrained__physical__xgb1__ridge1000,hierarchy,modis_pretrained,physical,xgb1,ridge1000,four_year,476,364.7997715300317,280.2262772705255,50.54221450153576,385.3097298007132,362.6120296574535,404.97284991297585,0.6596638655462185,369.38032562955755
extra__hier__modis_pretrained__physical__xgb1__xgb1,hierarchy,modis_pretrained,physical,xgb1,xgb1,development,238,304.63424035810016,238.33409464762568,-62.59525201826369,304.6669048333595,304.2069707539242,320.3358065233729,0.7142857142857143,304.53558907587103
extra__hier__modis_pretrained__physical__xgb1__xgb1,hierarchy,modis_pretrained,physical,xgb1,xgb1,late,238,405.78660026053706,293.675179714007,200.4507123251712,471.70152961165087,399.9684476299489,468.43746143541955,0.5462184873949579,420.8107944406685
extra__hier__modis_pretrained__physical__xgb1__xgb1,hierarchy,modis_pretrained,physical,xgb1,xgb1,four_year,476,358.79296631174475,266.0046371808163,68.92773015345377,397.0669061623686,352.0877091919366,468.43746143541955,0.6302521008403361,366.6851369944486
extra__hier__modis_pretrained__physical__xgb1__xgb2,hierarchy,modis_pretrained,physical,xgb1,xgb2,development,238,305.8778561952395,239.7481617679604,-69.30937543378403,304.5058054625646,305.4910698241025,320.86862386630713,0.7100840336134454,305.4381469192865
extra__hier__modis_pretrained__physical__xgb1__xgb2,hierarchy,modis_pretrained,physical,xgb1,xgb2,late,238,404.537258210044,292.67340639239035,200.52596099576212,469.83503884445344,399.03524669911235,465.52784156409245,0.5504201680672269,419.48620049091346
extra__hier__modis_pretrained__physical__xgb1__xgb2,hierarchy,modis_pretrained,physical,xgb1,xgb2,four_year,476,358.61654743660074,266.2107840801754,65.60829278098902,395.89692426588414,352.2631582616075,465.52784156409245,0.6302521008403361,366.34829435017326
extra__hier__modis_pretrained__physical__xgb1__zero,hierarchy,modis_pretrained,physical,xgb1,zero,development,238,304.35590558919375,238.18427990333356,-60.0045153429825,304.89014203149827,303.96728419166897,319.34282997578214,0.7142857142857143,304.3923093503887
extra__hier__modis_pretrained__physical__xgb1__zero,hierarchy,modis_pretrained,physical,xgb1,zero,late,238,408.070625209653,295.65526594805334,203.94234427813868,474.60818196830155,402.06337214601007,471.8249657170867,0.5462184873949579,423.20320113340443
extra__hier__modis_pretrained__physical__xgb1__zero,hierarchy,modis_pretrained,physical,xgb1,zero,four_year,476,359.9681599989194,266.91977292569345,71.96891446757809,398.8802609175112,353.0153281688395,471.8249657170867,0.6302521008403361,367.95797727104735
extra__hier__none__history__extra__extra,hierarchy,none,history,extra,extra,development,238,333.6165841242322,269.8738285482695,-178.48421201050346,322.5275844361405,333.58145450128114,338.4227782387068,0.7016806722689075,330.8355517964715
extra__hier__none__history__extra__extra,hierarchy,none,history,extra,extra,late,238,366.17055940960677,263.9237263699923,125.69605074435538,419.3997420520719,363.52399679311884,407.4692164865152,0.5966386554621849,378.81621441610105
extra__hier__none__history__extra__extra,hierarchy,none,history,extra,extra,four_year,476,350.2719684624115,266.8987774591309,-26.39408063307404,374.11240714226267,348.55272564719996,407.4692164865152,0.6491596638655462,355.80226742857144
extra__hier__none__history__extra__ridge100,hierarchy,none,history,extra,ridge100,development,238,315.1614306420389,243.7225052373967,-10.827340792353269,330.48228494116745,315.16040554733945,315.9642336217652,0.6848739495798319,318.99138794314615
extra__hier__none__history__extra__ridge100,hierarchy,none,history,extra,ridge100,late,238,483.0243280158013,382.9995398061179,339.7665649591796,552.0836145469027,480.9788567249093,525.3842712451637,0.5714285714285714,499.77778182585365
extra__hier__none__history__extra__ridge100,hierarchy,none,history,extra,ridge100,four_year,476,407.82301848930325,313.3610225217573,164.46961208341315,454.9806908601222,398.06963113612437,525.3842712451637,0.6281512605042017,417.17408974371324
extra__hier__none__history__extra__ridge1000,hierarchy,none,history,extra,ridge1000,development,238,327.2937562790257,260.45441787217953,-153.76969086187302,313.54619749557287,327.27976365462774,330.306180910273,0.6974789915966386,323.853368427063
extra__hier__none__history__extra__ridge1000,hierarchy,none,history,extra,ridge1000,late,238,382.1278501686676,284.5704682165558,201.44344442321017,429.71916236950943,382.12782557750563,382.2649165512631,0.634453781512605,394.02567207108757
extra__hier__none__history__extra__ridge1000,hierarchy,none,history,extra,ridge1000,four_year,476,355.768813117284,272.51244304436767,23.83687678066857,376.1447703155565,354.7037946160667,382.2649165512631,0.6659663865546218,360.59654779154783
extra__hier__none__history__extra__xgb1,hierarchy,none,history,extra,xgb1,development,238,317.98313903906995,248.99556757977265,-138.6747648583133,308.0183557714143,317.5168679229298,334.73067916719657,0.7226890756302521,315.375375443121
extra__hier__none__history__extra__xgb1,hierarchy,none,history,extra,xgb1,late,238,372.5265906770525,269.6442329629699,134.6973393909892,427.74710270615975,369.03903615179684,419.89422819372146,0.5630252100840336,385.4598300530154
extra__hier__none__history__extra__xgb1,hierarchy,none,history,extra,xgb1,four_year,476,346.33028850694586,259.3199002713713,-1.9887127336620216,372.7216732131629,343.2779520373633,419.89422819372146,0.6428571428571429,352.16505056610447
extra__hier__none__history__extra__xgb2,hierarchy,none,history,extra,xgb2,development,238,320.41741491967645,251.3503742904487,-145.03086805750493,309.32155766429105,320.02893261771453,335.8023936004675,0.7184873949579832,317.5463300303396
extra__hier__none__history__extra__xgb2,hierarchy,none,history,extra,xgb2,late,238,371.1581054329759,268.3935059284306,134.6314516710182,425.734907014983,367.9004653429699,416.9676318499349,0.5756302521008403,383.98789580597617
extra__hier__none__history__extra__xgb2,hierarchy,none,history,extra,xgb2,four_year,476,346.71721835842254,259.87194010943966,-5.199708193243359,372.10887995781525,343.9646989803422,416.9676318499349,0.6470588235294118,352.3770039137506
extra__hier__none__history__extra__zero,hierarchy,none,history,extra,zero,development,238,317.01498450906047,248.30434193034648,-136.221911964941,307.03524006876756,316.60986495633756,332.63153202345507,0.7226890756302521,314.4187685108065
extra__hier__none__history__extra__zero,hierarchy,none,history,extra,zero,late,238,374.391072797336,271.07325215136694,138.3138602994413,430.33560130460637,370.7253462898557,422.98807687874427,0.5630252100840336,387.4607732972835
extra__hier__none__history__extra__zero,hierarchy,none,history,extra,zero,four_year,476,346.8913200078809,259.68879704085674,1.045974167250141,373.8043394573442,343.6676056230966,422.98807687874427,0.6428571428571429,352.8136462740507
extra__hier__none__history__ridge1000__extra,hierarchy,none,history,ridge1000,extra,development,238,314.24319651357655,248.14112316504637,-117.171452497709,305.1754348179961,313.97247652315036,327.013586176476,0.7100840336134454,311.9085760920749
extra__hier__none__history__ridge1000__extra,hierarchy,none,history,ridge1000,extra,late,238,394.4872941758113,283.42699577059267,183.96681783178155,457.7686317819107,390.0330282094478,449.1470043227255,0.5672268907563025,409.19406208574526
extra__hier__none__history__ridge1000__extra,hierarchy,none,history,ridge1000,extra,four_year,476,356.6293677063229,265.78405946781953,33.397682667036285,389.02709819486586,352.0027523662991,449.1470043227255,0.6386554621848739,363.5721464934527
extra__hier__none__history__ridge1000__ridge100,hierarchy,none,history,ridge1000,ridge100,development,238,335.40852696725455,254.7422653314678,53.24446910674313,371.76193269708295,335.406949862023,336.43551517248505,0.6596638655462185,344.4964841234038
extra__hier__none__history__ridge1000__ridge100,hierarchy,none,history,ridge1000,ridge100,late,238,532.1131942411167,433.67465894928654,401.0739306419589,609.1101850716539,530.0733337335889,576.6212912617518,0.542016806722689,550.852476821869
extra__hier__none__history__ridge1000__ridge100,hierarchy,none,history,ridge1000,ridge100,four_year,476,444.7714758433976,344.20846214037715,227.15919987435103,504.59000790775417,432.74014179780596,576.6212912617518,0.6008403361344538,456.71827534808887
extra__hier__none__history__ridge1000__ridge1000,hierarchy,none,history,ridge1000,ridge1000,development,238,314.7543092612489,247.51298103418176,-91.98837554746561,308.5909747265186,314.51239167077983,326.8505716034902,0.6974789915966386,313.15299622994905
extra__hier__none__history__ridge1000__ridge1000,hierarchy,none,history,ridge1000,ridge1000,late,238,420.5287907142906,321.4076232696068,260.78684414107755,477.4763217399938,420.52510560219946,422.2856106100274,0.592436974789916,434.76475219269366
extra__hier__none__history__ridge1000__ridge1000,hierarchy,none,history,ridge1000,ridge1000,four_year,476,371.4261292761654,284.46030215189427,84.39923429680597,402.0025046594965,367.51874863648965,422.2856106100274,0.6449579831932774,378.0933779620792
extra__hier__none__history__ridge1000__xgb1,hierarchy,none,history,ridge1000,xgb1,development,238,307.64843551797804,241.1289681652103,-76.67507112011562,304.6602411888056,307.13258838775823,324.94081757809005,0.7142857142857143,306.77242515313
extra__hier__none__history__ridge1000__xgb1,hierarchy,none,history,ridge1000,xgb1,late,238,401.80168823684596,290.26091760059205,193.08742023490288,466.6374542172783,396.18093562991646,463.1530411170786,0.5588235294117647,416.6054415802216
extra__hier__none__history__ridge1000__xgb1,hierarchy,none,history,ridge1000,xgb1,four_year,476,357.8352669501981,265.69494288290116,58.20617455739363,394.06114769132193,351.65676200883735,463.1530411170786,0.6365546218487395,365.3471109001389
extra__hier__none__history__ridge1000__xgb2,hierarchy,none,history,ridge1000,xgb2,development,238,308.9315941560045,242.35693597070136,-83.12356050603915,304.60530952152874,308.4534575123903,325.6346802983942,0.7184873949579832,307.730488836482
extra__hier__none__history__ridge1000__xgb2,hierarchy,none,history,ridge1000,xgb2,late,238,400.4609084376286,289.26308096534444,193.02272472701438,464.5640605296884,395.1853458796086,459.97331998518547,0.5546218487394958,415.16780582113853
extra__hier__none__history__ridge1000__xgb2,hierarchy,none,history,ridge1000,xgb2,four_year,476,357.6364558140438,265.8100084680229,54.94958211048761,392.81303499536415,351.81940169599943,459.97331998518547,0.6365546218487395,364.9763370798628
extra__hier__none__history__ridge1000__zero,hierarchy,none,history,ridge1000,zero,development,238,307.2583516740384,241.001828075134,-74.1812064078366,304.7105658017439,306.7906734053162,323.73698229426464,0.7142857142857143,306.5044856387842
extra__hier__none__history__ridge1000__zero,hierarchy,none,history,ridge1000,zero,late,238,404.1130003319854,292.2380386971265,196.7555954655975,469.59925557882235,398.3019043611656,466.58740809064096,0.5504201680672269,419.03179015098965
extra__hier__none__history__ridge1000__zero,hierarchy,none,history,ridge1000,zero,four_year,476,358.9672768587454,266.61993338613024,61.287194528880455,395.83581808080663,352.5462888832409,466.58740809064096,0.6323529411764706,366.5791651703846
extra__hier__none__history__ridge100__extra,hierarchy,none,history,ridge100,extra,development,238,345.85755559009345,279.6469215499725,-186.2836159474303,325.3060607209938,345.0095296274052,369.2143478467441,0.7016806722689075,340.50767538214643
extra__hier__none__history__ridge100__extra,hierarchy,none,history,ridge100,extra,late,238,382.33640128152445,273.2544127869265,160.2228308567667,441.5116109615374,378.4508059142674,432.8209378595586,0.5756302521008403,396.1588048597134
extra__hier__none__history__ridge100__extra,hierarchy,none,history,ridge100,extra,four_year,476,364.5535437378585,276.4506671684495,-13.030392545331809,387.786368865425,361.73016777083626,432.8209378595586,0.6386554621848739,369.65590602799455
extra__hier__none__history__ridge100__ridge100,hierarchy,none,history,ridge100,ridge100,development,238,332.16878796863216,262.28760704088285,-18.629947775177854,350.5186119814892,332.15619437625844,335.0486393681874,0.680672268907563,336.75309557375294
extra__hier__none__history__ridge100__ridge100,hierarchy,none,history,ridge100,ridge100,late,238,511.55822882017833,412.7190207937854,376.09270324363405,583.3043401323381,509.5432873310385,554.9025180290641,0.5630252100840336,528.9910212759332
extra__hier__none__history__ridge100__ridge100,hierarchy,none,history,ridge100,ridge100,four_year,476,431.29336023998104,337.5033139173342,178.73137773422815,481.2001925200426,420.8497408536485,554.9025180290641,0.6218487394957983,441.1591634634133
extra__hier__none__history__ridge100__ridge1000,hierarchy,none,history,ridge100,ridge1000,development,238,340.9762669675305,273.7401064063373,-161.5031029486346,319.6982899057342,340.31316754535607,361.5678759733497,0.6932773109243697,335.4909978465378
extra__hier__none__history__ridge100__ridge1000,hierarchy,none,history,ridge100,ridge1000,late,238,404.37646998637615,305.33951645824226,236.61938684022783,456.30307399095324,404.37233764733503,406.20045806794315,0.6008403361344538,417.3570879027601
extra__hier__none__history__ridge100__ridge1000,hierarchy,none,history,ridge100,ridge1000,four_year,476,374.0221545000745,289.53981143228975,37.55814194579659,393.9666812702847,372.3427525963455,406.20045806794315,0.6470588235294118,378.5884357166948
extra__hier__none__history__ridge100__xgb1,hierarchy,none,history,ridge100,xgb1,development,238,333.8507548707465,265.72365324413846,-146.24886485794775,316.82450624484363,332.2062384551902,365.3021847208676,0.7352941176470589,329.18306361038174
extra__hier__none__history__ridge100__xgb1,hierarchy,none,history,ridge100,xgb1,late,238,389.2839997113246,279.58861850188146,169.2939042989482,450.2015286017826,384.3455909724797,446.1557772791225,0.5840336134453782,403.27877974922785
extra__hier__none__history__ridge100__xgb1,hierarchy,none,history,ridge100,xgb1,four_year,476,362.62815593870664,272.65613587300993,11.522519720500215,389.26802084981927,358.275914713835,446.1557772791225,0.6596638655462185,368.2000618602669
extra__hier__none__history__ridge100__xgb2,hierarchy,none,history,ridge100,xgb2,development,238,336.1117484625646,267.84245272423857,-152.60445816992748,317.80260966044335,334.579291544596,366.638691477822,0.7184873949579832,331.1513495325421
extra__hier__none__history__ridge100__xgb2,hierarchy,none,history,ridge100,xgb2,late,238,387.96777466581926,278.64597726417566,169.2327165786252,448.1675635691227,383.3376121390083,443.0977100197108,0.5756302521008403,401.8601812599424
extra__hier__none__history__ridge100__xgb2,hierarchy,none,history,ridge100,xgb2,four_year,476,362.9670106453961,273.2442149942071,8.31412920434886,388.49238328599944,358.9584518418021,443.0977100197108,0.6470588235294118,368.3462141046484
extra__hier__none__history__ridge100__zero,hierarchy,none,history,ridge100,zero,development,238,332.78353429043875,264.96274173946136,-143.8153398485757,315.9800853488836,331.2699396395475,362.9733745645863,0.726890756302521,328.2042733923272
extra__hier__none__history__ridge100__zero,hierarchy,none,history,ridge100,zero,late,238,391.4197261799086,281.38822355468943,172.9410158520177,452.99766361856683,386.293472716972,449.4342280103372,0.5756302521008403,405.532647173839
extra__hier__none__history__ridge100__zero,hierarchy,none,history,ridge100,zero,four_year,476,363.2865829738213,273.1754826470754,14.562838001721005,390.54468219460364,358.78170617825975,449.4342280103372,0.6512605042016807,368.9748885801265
extra__hier__none__history__ridge10__extra,hierarchy,none,history,ridge10,extra,development,238,406.30118283332916,331.01070851673796,-273.0172964599534,373.40457201739446,401.7945117326807,462.1420180047639,0.6848739495798319,396.9503623541834
extra__hier__none__history__ridge10__extra,hierarchy,none,history,ridge10,extra,late,238,379.4653029437508,269.49348351139605,156.24358218638926,435.69282395843373,375.5133490289769,430.1360626125624,0.5840336134453782,392.53419471872803
extra__hier__none__history__ridge10__extra,hierarchy,none,history,ridge10,extra,four_year,476,393.11230412565,300.252096014067,-58.38685713678207,405.7457401208103,388.6539303808288,462.1420180047639,0.634453781512605,395.15606968823477
extra__hier__none__history__ridge10__ridge100,hierarchy,none,history,ridge10,ridge100,development,238,359.9083904981724,294.7492646609671,-108.76410394842586,354.6146846616578,358.7438022990496,387.6736115449704,0.680672268907563,358.29381698926306
extra__hier__none__history__ridge10__ridge100,hierarchy,none,history,ridge10,ridge100,late,238,505.1543259246435,407.81955720241825,371.7502345994978,569.779095800568,503.42728348803126,545.162918624475,0.5630252100840336,520.8787577844715
extra__hier__none__history__ridge10__ridge100,hierarchy,none,history,ridge10,ridge100,four_year,476,438.58576273709906,351.2844109316927,131.49306532553598,474.5523114415311,431.08554289354043,545.162918624475,0.6218487394957983,445.7023449523174
extra__hier__none__history__ridge10__ridge1000,hierarchy,none,history,ridge10,ridge1000,development,238,396.65714199321656,320.87002340425096,-248.74767310813394,359.3343124875047,392.78151739437226,448.0948782360465,0.6974789915966386,386.3575284670775
extra__hier__none__history__ridge10__ridge1000,hierarchy,none,history,ridge10,ridge1000,late,238,399.5217476011242,300.64594910451376,232.48241367631775,446.24692640833683,399.5003891287347,403.631477634918,0.592436974789916,411.19770268483
extra__hier__none__history__ridge10__ridge1000,hierarchy,none,history,ridge10,ridge1000,four_year,476,398.09202146016645,310.75798625438233,-8.132629715908097,405.12804609145195,396.1409532615535,448.0948782360465,0.6449579831932774,399.36326056833457
extra__hier__none__history__ridge10__xgb1,hierarchy,none,history,ridge10,xgb1,development,238,391.4039521563317,311.3089942926239,-233.4122290912855,359.47135168968765,384.7276907172808,456.7114233166973,0.7016806722689075,381.75173667990794
extra__hier__none__history__ridge10__xgb1,hierarchy,none,history,ridge10,xgb1,late,238,386.57083332205787,276.3072987572821,165.32581877198035,444.4365528887985,381.55296177081493,443.6363455319252,0.5882352941176471,399.7827953259323
extra__hier__none__history__ridge10__xgb1,hierarchy,none,history,ridge10,xgb1,four_year,476,388.9948990275491,293.80814652495303,-34.043205159652565,404.1927153161527,383.14032624404786,456.7114233166973,0.6449579831932774,391.3307099038247
extra__hier__none__history__ridge10__xgb2,hierarchy,none,history,ridge10,xgb2,development,238,394.28121876553683,313.8500541636096,-239.66633879597063,361.30834298914436,387.89092098215195,458.5896684311349,0.6932773109243697,384.4404253755925
extra__hier__none__history__ridge10__xgb2,hierarchy,none,history,ridge10,xgb2,late,238,385.28333462611323,275.26088833247644,165.26792888480315,442.4339225616694,380.57769594476605,440.6098980532237,0.5882352941176471,398.39457193966547
extra__hier__none__history__ridge10__xgb2,hierarchy,none,history,ridge10,xgb2,four_year,476,389.8082396588447,294.55547124804303,-37.19920495558374,403.9130441981705,384.234308463459,458.5896684311349,0.6407563025210085,391.9409579948297
extra__hier__none__history__ridge10__zero,hierarchy,none,history,ridge10,zero,development,238,389.69252055001664,310.32603808204124,-231.06612045267116,357.7398023630524,383.3218985657263,453.49726926365855,0.7058823529411765,380.111685507203
extra__hier__none__history__ridge10__zero,hierarchy,none,history,ridge10,zero,late,238,388.6760794855226,278.17744840993566,168.97022458470676,447.13829675174986,383.4643332208799,446.90091503060785,0.5840336134453782,401.9886972359187
extra__hier__none__history__ridge10__zero,hierarchy,none,history,ridge10,zero,four_year,476,389.1846318502707,294.25174324598845,-31.04794793398221,404.913831954906,383.3931158933031,453.49726926365855,0.6449579831932774,391.6690528871876
extra__hier__none__history__xgb1__extra,hierarchy,none,history,xgb1,extra,development,238,309.741172076149,243.3579959089245,-103.11189221772926,303.19578138905536,309.49146738644276,321.9263093272546,0.6932773109243697,308.04239823194905
extra__hier__none__history__xgb1__extra,hierarchy,none,history,xgb1,extra,late,238,398.2916109908105,286.442813647977,191.1323599284636,462.6909804474503,393.673134167463,454.15181487746025,0.5714285714285714,413.23683414913353
extra__hier__none__history__xgb1__extra,hierarchy,none,history,xgb1,extra,four_year,476,356.77429914776764,264.90040477845076,44.010233855367176,391.1589352421485,351.5823007769529,454.15181487746025,0.6323529411764706,364.07245857865917
extra__hier__none__history__xgb1__ridge100,hierarchy,none,history,xgb1,ridge100,development,238,338.5250579738968,255.70922921854591,67.87293291655996,378.3291529384348,338.5244438192621,339.1692795266067,0.6512605042016807,348.47592817637263
extra__hier__none__history__xgb1__ridge100,hierarchy,none,history,xgb1,ridge100,late,238,538.3392030819399,440.0485513607587,408.61727283559185,616.5904136243556,536.287181167331,583.2462792261347,0.5294117647058824,557.3890002388916
extra__hier__none__history__xgb1__ridge100,hierarchy,none,history,xgb1,ridge100,four_year,476,449.671164547566,347.87889028965236,238.2451028760759,511.52550578469084,437.4058124932966,583.2462792261347,0.5903361344537815,462.0684118432798
extra__hier__none__history__xgb1__ridge1000,hierarchy,none,history,xgb1,ridge1000,development,238,311.5025665492804,243.66103115186945,-77.84642922316905,308.611438066498,311.2637766998905,323.4584592012731,0.6932773109243697,310.7200869662373
extra__hier__none__history__xgb1__ridge1000,hierarchy,none,history,xgb1,ridge1000,late,238,425.5058657911262,326.2581984532253,268.0837320164605,483.7235138095712,425.5024194112883,427.214989934194,0.5840336134453782,440.05941620077795
extra__hier__none__history__xgb1__ridge1000,hierarchy,none,history,xgb1,ridge1000,four_year,476,372.8867728878598,284.9596148025474,95.11865139664572,405.72740696048027,368.3830980555894,427.214989934194,0.6386554621848739,379.97101269794734
extra__hier__none__history__xgb1__xgb1,hierarchy,none,history,xgb1,xgb1,development,238,304.59626046315145,238.29628056458603,-62.50983083606874,304.64928999171775,304.1697547143742,320.2831716435497,0.7142857142857143,304.5028914080987
extra__hier__none__history__xgb1__xgb1,hierarchy,none,history,xgb1,xgb1,late,238,405.7097838142067,293.6069583622916,200.26784598680862,471.60331029739325,399.8927075942541,468.3489059659627,0.5462184873949579,420.72889638001516
extra__hier__none__history__xgb1__xgb1,hierarchy,none,history,xgb1,xgb1,four_year,476,358.7334041950278,265.9516194634388,68.87900757536994,397.0018086708908,352.0312311543142,468.3489059659627,0.6302521008403361,366.6249620538151
extra__hier__none__history__xgb1__xgb2,hierarchy,none,history,xgb1,xgb2,development,238,305.6309644952142,239.39018935593305,-68.97829507353312,304.35663539476553,305.2327460927204,320.82944994230877,0.7142857142857143,305.21282761947856
extra__hier__none__history__xgb1__xgb2,hierarchy,none,history,xgb1,xgb2,late,238,404.36712992422093,292.6099531067283,200.20259074435026,469.52286542300203,398.9061629180701,465.13794493496795,0.5504201680672269,419.29082204737847
extra__hier__none__history__xgb1__xgb2,hierarchy,none,history,xgb1,xgb2,four_year,476,358.4153053522036,266.00007123133065,65.61214783540858,395.6543205020316,352.06945450539524,465.13794493496795,0.6323529411764706,366.13859642795853
extra__hier__none__history__xgb1__zero,hierarchy,none,history,xgb1,zero,development,238,304.35590558919375,238.18427990333356,-60.0045153429825,304.89014203149827,303.96728419166897,319.34282997578214,0.7142857142857143,304.3923093503887
extra__hier__none__history__xgb1__zero,hierarchy,none,history,xgb1,zero,late,238,408.070625209653,295.65526594805334,203.94234427813868,474.60818196830155,402.06337214601007,471.8249657170867,0.5462184873949579,423.20320113340443
extra__hier__none__history__xgb1__zero,hierarchy,none,history,xgb1,zero,four_year,476,359.9681599989194,266.91977292569345,71.96891446757809,398.8802609175112,353.0153281688395,471.8249657170867,0.6302521008403361,367.95797727104735
extra__hier__none__physical__extra__extra,hierarchy,none,physical,extra,extra,development,238,305.5607013314069,235.2925883056332,-39.803580380142016,317.19979857729993,304.20797022185076,332.92822529806483,0.7563025210084033,308.13229286549114
extra__hier__none__physical__extra__extra,hierarchy,none,physical,extra,extra,late,238,394.87024853631453,298.14789789619323,89.90727067060946,455.5235422208199,392.5774674509791,435.0679985009227,0.5756302521008403,409.46037668610705
extra__hier__none__physical__extra__extra,hierarchy,none,physical,extra,extra,four_year,476,353.0508854097891,266.7202431009132,25.05184514523372,392.5031272072127,348.39271883641493,435.0679985009227,0.6659663865546218,361.7494042158014
extra__hier__none__physical__extra__ridge100,hierarchy,none,physical,extra,ridge100,development,238,367.4719493055422,283.2619889039982,133.98481873846717,416.0524462233697,364.41021600089397,411.747600810332,0.6638655462184874,378.851640208837
extra__hier__none__physical__extra__ridge100,hierarchy,none,physical,extra,ridge100,late,238,442.78715019505717,348.70039933503404,297.85345204503136,487.001465445473,441.1530970923471,479.15842966147903,0.542016806722689,453.4322157319836
extra__hier__none__physical__extra__ridge100,hierarchy,none,physical,extra,ridge100,four_year,476,406.8759601551037,315.9811941195161,215.91913539174928,452.91835100517187,402.7816565466205,479.15842966147903,0.6029411764705882,417.36298196549996
extra__hier__none__physical__extra__ridge1000,hierarchy,none,physical,extra,ridge1000,development,238,305.29492934020993,236.67372894294226,-14.643838296256662,318.0389210529832,304.84130771172534,321.47774343122217,0.7352941176470589,308.36752186128206
extra__hier__none__physical__extra__ridge1000,hierarchy,none,physical,extra,ridge1000,late,238,373.1670953237575,280.03744145159243,162.46848945121351,413.87397543518955,370.98198197641284,411.30629326901703,0.6176470588235294,382.7975370147793
extra__hier__none__physical__extra__ridge1000,hierarchy,none,physical,extra,ridge1000,four_year,476,340.92424005430746,258.3555851972674,73.91232557747843,369.0802235605923,337.9116448440691,411.30629326901703,0.6764705882352942,347.21008712831906
extra__hier__none__physical__extra__xgb1,hierarchy,none,physical,extra,xgb1,development,238,321.78705111756256,253.75643831114576,2.328656320163997,339.69078439383054,321.68627425507236,329.73905159131954,0.726890756302521,326.237790221007
extra__hier__none__physical__extra__xgb1,hierarchy,none,physical,extra,xgb1,late,238,403.5783082683594,306.80699086498623,99.16659620505939,466.1618270220108,400.54087279214457,449.9621245737214,0.5672268907563025,418.4648290877185
extra__hier__none__physical__extra__xgb1,hierarchy,none,physical,extra,xgb1,four_year,476,364.981066064863,280.28171458806594,50.74762626261168,407.8582339334311,361.11357352360847,449.9621245737214,0.6470588235294118,374.7334848966914
extra__hier__none__physical__extra__xgb2,hierarchy,none,physical,extra,xgb2,development,238,319.22642831265006,251.86665258727248,-4.409268110501881,336.92060167941304,319.02789213033,330.28473787547887,0.7310924369747899,323.6003376087608
extra__hier__none__physical__extra__xgb2,hierarchy,none,physical,extra,xgb2,late,238,401.67697767451955,304.8918427803415,99.03927434709571,463.7463555617573,398.82347755281296,446.6170769822071,0.5714285714285714,416.4809471159024
extra__hier__none__physical__extra__xgb2,hierarchy,none,physical,extra,xgb2,four_year,476,362.80153453850494,278.379247683807,47.315003118296914,405.32466871190405,358.9256848415714,446.6170769822071,0.6512605042016807,372.4633556576213
extra__hier__none__physical__extra__zero,hierarchy,none,physical,extra,zero,development,238,320.94175756295226,252.76223140219662,4.786465812033147,339.1227421953492,320.8681384811381,327.74196239843326,0.726890756302521,325.468598950598
extra__hier__none__physical__extra__zero,hierarchy,none,physical,extra,zero,late,238,405.25974954728156,308.01719106044106,102.77717736302337,468.34146974583587,401.9557505816342,453.59913522555985,0.5588235294117647,420.2041798555083
extra__hier__none__physical__extra__zero,hierarchy,none,physical,extra,zero,four_year,476,365.54006370760663,280.3897112313188,53.78182158752828,408.8691517819503,361.41194453138615,453.59913522555985,0.6428571428571429,375.3403059321374
extra__hier__none__physical__ridge1000__extra,hierarchy,none,physical,ridge1000,extra,development,238,338.25449561994213,266.4945947214466,-97.31542414132389,355.0419839959484,335.4399523005752,378.9846673379855,0.7394957983193278,341.74773188410194
extra__hier__none__physical__ridge1000__extra,hierarchy,none,physical,ridge1000,extra,late,238,381.65884146449946,287.0531330359714,68.99061919465923,439.0490297742197,379.4426581914982,420.51260356026876,0.5840336134453782,395.4523427236792
extra__hier__none__physical__ridge1000__extra,hierarchy,none,physical,ridge1000,extra,four_year,476,360.6102987125613,276.773863878709,-14.16240247333233,399.26110563481075,357.44130524603673,420.51260356026876,0.6617647058823529,369.48075207649254
extra__hier__none__physical__ridge1000__ridge100,hierarchy,none,physical,ridge1000,ridge100,development,238,383.87694471614304,296.44454041550387,75.01056988623132,446.43148284538364,380.21822418845767,433.0917589632057,0.680672268907563,398.6008991165319
extra__hier__none__physical__ridge1000__ridge100,hierarchy,none,physical,ridge1000,ridge100,late,238,434.85196581963805,337.7662899484242,277.051546451799,494.52222760041246,434.44844512056494,453.17758577162317,0.5462184873949579,449.66865109006335
extra__hier__none__physical__ridge1000__ridge100,hierarchy,none,physical,ridge1000,ridge100,four_year,476,410.15712895291995,317.105415181964,176.03105816901518,471.09091610134146,407.3333346545113,453.17758577162317,0.6134453781512605,424.6846271654232
extra__hier__none__physical__ridge1000__ridge1000,hierarchy,none,physical,ridge1000,ridge1000,development,238,335.91037001865914,266.93966363425784,-72.34556786033862,353.4079039666089,334.83559403819936,361.6852057888123,0.7310924369747899,340.01605951053165
extra__hier__none__physical__ridge1000__ridge1000,hierarchy,none,physical,ridge1000,ridge1000,late,238,363.4391268638081,268.9564265417477,141.8277920383537,408.91368743475596,361.93022540072093,395.01361816673744,0.6302521008403361,374.43054164077324
extra__hier__none__physical__ridge1000__ridge1000,hierarchy,none,physical,ridge1000,ridge1000,four_year,476,349.945549779962,267.94804508800274,34.74111208900754,382.16982505004313,348.38290971946014,395.01361816673744,0.680672268907563,357.61095858235683
extra__hier__none__physical__ridge1000__xgb1,hierarchy,none,physical,ridge1000,xgb1,development,238,351.56715645265416,278.93842547182,-55.37145752380944,379.07618007961264,350.77332873433875,374.3855574482185,0.7226890756302521,358.24595542981496
extra__hier__none__physical__ridge1000__xgb1,hierarchy,none,physical,ridge1000,xgb1,late,238,388.96600876473974,293.002031609403,78.09518371907728,448.8684945460851,386.0574058895604,433.5361941238318,0.5588235294117647,403.2144794912813
extra__hier__none__physical__ridge1000__xgb1,hierarchy,none,physical,ridge1000,xgb1,four_year,476,370.73846675963944,285.9702285406115,11.361863097633913,415.440534673628,368.4153673119496,433.5361941238318,0.6407563025210085,381.33320887621414
extra__hier__none__physical__ridge1000__xgb2,hierarchy,none,physical,ridge1000,xgb2,development,238,350.4096143279473,278.4726164263432,-62.00373893995872,376.9724540339045,349.44257712385024,375.45763250535447,0.7142857142857143,356.8085649534123
extra__hier__none__physical__ridge1000__xgb2,hierarchy,none,physical,ridge1000,xgb2,late,238,387.09762449330475,291.3158872880961,77.97278193240413,446.51315314967076,384.3401300963334,430.4620910899107,0.5630252100840336,401.2621330581534
extra__hier__none__physical__ridge1000__xgb2,hierarchy,none,physical,ridge1000,xgb2,four_year,476,369.20960760916034,284.8942518572197,7.984521496222702,413.2083173388488,366.8913536100918,430.4620910899107,0.6386554621848739,379.62972154181534
extra__hier__none__physical__ridge1000__zero,hierarchy,none,physical,ridge1000,zero,development,238,350.4374366429486,277.84271633535747,-52.9496221553885,378.2008668235113,349.76166321947227,371.51427094427277,0.7226890756302521,357.2093508322202
extra__hier__none__physical__ridge1000__zero,hierarchy,none,physical,ridge1000,zero,late,238,390.4315245757897,293.92664119793466,81.67900065683995,451.0629854966797,387.277984303117,436.80109261317875,0.5672268907563025,404.801004737844
extra__hier__none__physical__ridge1000__zero,hierarchy,none,physical,ridge1000,zero,four_year,476,370.97383491525113,285.88467876664606,14.364689250725718,416.22933134945765,368.5198237612946,436.80109261317875,0.6449579831932774,381.67420623531365
extra__hier__none__physical__ridge100__extra,hierarchy,none,physical,ridge100,extra,development,238,428.16367319473636,346.37092322514184,-185.1001831804348,470.09577483444434,418.14885565706754,510.21223358930456,0.6848739495798319,436.1429942202461
extra__hier__none__physical__ridge100__extra,hierarchy,none,physical,ridge100,extra,late,238,469.0305567758666,378.9523142398964,-258.6364415528381,496.00125303639476,450.86761682293894,580.1272597509729,0.5840336134453782,471.23249585276676
extra__hier__none__physical__ridge100__extra,hierarchy,none,physical,ridge100,extra,four_year,476,449.0622419181379,362.66161873251906,-221.86831236663647,483.2221438070023,434.50823624000327,580.1272597509729,0.634453781512605,453.9637159708203
extra__hier__none__physical__ridge100__ridge100,hierarchy,none,physical,ridge100,ridge100,development,238,447.23134517828794,348.6426784444234,-15.349169989551886,529.7465917013412,446.1046703796163,477.8300415433202,0.680672268907563,467.57848810938333
extra__hier__none__physical__ridge100__ridge100,hierarchy,none,physical,ridge100,ridge100,late,238,340.6673830136642,258.76479499289576,-69.17265585659584,351.322764063611,339.1624183810659,371.1486624132344,0.7142857142857143,342.9549871180013
extra__hier__none__physical__ridge100__ridge100,hierarchy,none,physical,ridge100,ridge100,four_year,476,397.5362511516148,303.7037367186595,-42.260912923073874,449.47699383198864,392.6335443803411,477.8300415433202,0.6974789915966386,409.29576012888987
extra__hier__none__physical__ridge100__ridge1000,hierarchy,none,physical,ridge100,ridge1000,development,238,420.86769179694306,341.3726236238466,-160.7316228513281,461.0276518346733,415.0359660457018,484.8554539197741,0.680672268907563,429.4497503685653
extra__hier__none__physical__ridge100__ridge1000,hierarchy,none,physical,ridge100,ridge1000,late,238,395.49941737795484,315.53970905105416,-192.71047742012095,405.0104437607784,387.8267855403023,465.3520947223889,0.634453781512605,395.9590160142476
extra__hier__none__physical__ridge100__ridge1000,hierarchy,none,physical,ridge100,ridge1000,four_year,476,408.38058422554104,328.4561663374504,-176.72105013572454,433.9239307248999,401.4313757930021,484.8554539197741,0.657563025210084,413.02911874224606
extra__hier__none__physical__ridge100__xgb1,hierarchy,none,physical,ridge100,xgb1,development,238,439.28815436995546,356.3727337112692,-143.20973394718254,492.19920616841944,433.6319005495614,503.89894400193054,0.6722689075630253,451.10185386447296
extra__hier__none__physical__ridge100__xgb1,hierarchy,none,physical,ridge100,xgb1,late,238,469.32980440937087,377.38479432630106,-250.14106743836078,500.1969869183977,450.76712432891,581.4555512502842,0.5882352941176471,472.40593001651234
extra__hier__none__physical__ridge100__xgb1,hierarchy,none,physical,ridge100,xgb1,four_year,476,454.55722845242497,366.87876401878515,-196.67540069277163,496.2142099310871,442.1995124392357,581.4555512502842,0.6302521008403361,461.88204481879313
extra__hier__none__physical__ridge100__xgb2,hierarchy,none,physical,ridge100,xgb2,development,238,439.06922251398964,356.802006059472,-149.75354261538652,490.89957836045636,433.0480004881407,505.5132434137162,0.6680672268907563,450.5215059691441
extra__hier__none__physical__ridge100__xgb2,hierarchy,none,physical,ridge100,xgb2,late,238,467.98606376872,376.39656032114476,-250.29130881450104,498.84113928538517,449.50731739019494,579.7153336350137,0.592436974789916,471.080146053255
extra__hier__none__physical__ridge100__xgb2,hierarchy,none,physical,ridge100,xgb2,four_year,476,453.7580511907088,366.59928319030837,-200.02242571494375,494.886289099837,441.27765893916785,579.7153336350137,0.6302521008403361,460.9200126051056
extra__hier__none__physical__ridge100__zero,hierarchy,none,physical,ridge100,zero,development,238,437.63196370688615,355.0279522887099,-140.882323904857,490.63276366659125,432.34685068026994,500.1549354843531,0.6722689075630253,449.56088544015836
extra__hier__none__physical__ridge100__zero,hierarchy,none,physical,ridge100,zero,late,238,468.1672718971699,376.16876339925807,-246.83832462633285,499.6948161405308,449.88549147706044,579.437176275377,0.592436974789916,471.47871285298277
extra__hier__none__physical__ridge100__zero,hierarchy,none,physical,ridge100,zero,four_year,476,453.1568879171891,365.59835784398393,-193.86032426559493,495.1845201845652,441.11617107866516,579.437176275377,0.6323529411764706,460.65361677440217
extra__hier__none__physical__ridge10__extra,hierarchy,none,physical,ridge10,extra,development,238,555.7816280038917,473.2363005361177,-389.4189860444993,589.3123951447327,534.08979622893,687.8470971638649,0.634453781512605,558.7413618453616
extra__hier__none__physical__ridge10__extra,hierarchy,none,physical,ridge10,extra,late,238,801.8658773410594,722.0917117164586,-707.8039094382264,804.9743390400837,782.4352532055252,957.8888361987277,0.5714285714285714,797.7853367319319
extra__hier__none__physical__ridge10__extra,hierarchy,none,physical,ridge10,extra,four_year,476,689.8848104106232,597.6640061262882,-548.6114477413629,705.4334786442452,658.2625247172276,957.8888361987277,0.6029411764705882,685.8664060456798
extra__hier__none__physical__ridge10__ridge100,hierarchy,none,physical,ridge10,ridge100,development,238,510.68871027364344,428.9238707048922,-227.8742484077467,569.4346831852833,505.8771804647615,575.8145602125076,0.6638655462184874,524.1723210493329
extra__hier__none__physical__ridge10__ridge100,hierarchy,none,physical,ridge10,ridge100,late,238,633.7599792223617,562.2956142526536,-540.535494591043,611.0896844593883,629.1694367885916,705.3109568355069,0.592436974789916,626.9447699231758
extra__hier__none__physical__ridge10__ridge100,hierarchy,none,physical,ridge10,ridge100,four_year,476,575.5235312586644,495.6097424787729,-384.2048714993948,590.6295204555047,567.5233086266767,705.3109568355069,0.6281512605042017,577.2999728998775
extra__hier__none__physical__ridge10__ridge1000,hierarchy,none,physical,ridge10,ridge1000,development,238,542.1068120951679,464.64307548493116,-366.1420551164613,569.8057027179748,524.3673114598729,661.9126435956105,0.6386554621848739,544.5966595920459
extra__hier__none__physical__ridge10__ridge1000,hierarchy,none,physical,ridge10,ridge1000,late,238,733.9192215537561,663.0806372763132,-649.3836863292204,724.8608096663089,725.5150842833704,836.263837068064,0.5798319327731093,729.5535842642979
extra__hier__none__physical__ridge10__ridge1000,hierarchy,none,physical,ridge10,ridge1000,four_year,476,645.1810674090092,563.861856380622,-507.7628707228409,651.959251886198,624.9411978716216,836.263837068064,0.6092436974789915,641.8156461439595
extra__hier__none__physical__ridge10__xgb1,hierarchy,none,physical,ridge10,xgb1,development,238,549.0276994816531,463.5857268502732,-349.5281553163851,589.9223756068149,527.0352019452989,680.8705382909985,0.6554621848739496,553.753244128855
extra__hier__none__physical__ridge10__xgb1,hierarchy,none,physical,ridge10,xgb1,late,238,797.2780853563498,715.180912862288,-700.3926566244905,803.0798183139659,775.9548557611471,959.1116389011237,0.5714285714285714,793.3977111969532
extra__hier__none__physical__ridge10__xgb1,hierarchy,none,physical,ridge10,xgb1,four_year,476,684.5011907175924,589.3833198562805,-524.9604059704378,704.6082613143208,651.495028853223,959.1116389011237,0.6134453781512605,681.2764179006822
extra__hier__none__physical__ridge10__xgb2,hierarchy,none,physical,ridge10,xgb2,development,238,551.5039350160291,466.9878387670672,-355.69248200286717,591.0765116783583,529.8490965237775,682.8736868715423,0.6554621848739496,555.9833695585485
extra__hier__none__physical__ridge10__xgb2,hierarchy,none,physical,ridge10,xgb2,late,238,796.8967000356492,715.239993533058,-700.5243174073755,803.0882511735756,776.0326365327701,957.1891919308711,0.5714285714285714,793.228571944411
extra__hier__none__physical__ridge10__xgb2,hierarchy,none,physical,ridge10,xgb2,four_year,476,685.2740112049603,591.1139161500627,-528.1083997051213,705.0965117737035,652.9408665282738,957.1891919308711,0.6134453781512605,682.1463501779745
extra__hier__none__physical__ridge10__zero,hierarchy,none,physical,ridge10,zero,development,238,546.9712602353937,462.23845081099165,-347.31946963467306,587.6413135967804,525.6281317321489,676.9312270582708,0.6554621848739496,551.8029914499291
extra__hier__none__physical__ridge10__zero,hierarchy,none,physical,ridge10,zero,late,238,794.9538629986922,712.5199216484041,-697.4948376032023,800.9418331104669,773.4614921865054,957.0615041722564,0.5714285714285714,791.0777628235892
extra__hier__none__physical__ridge10__zero,hierarchy,none,physical,ridge10,zero,four_year,476,682.3229454664552,587.3791862296979,-522.4071536189377,702.4350978816849,649.5448119593271,957.0615041722564,0.6134453781512605,679.1564501934805
extra__hier__none__physical__xgb1__extra,hierarchy,none,physical,xgb1,extra,development,238,309.741172076149,243.3579959089245,-103.11189221772926,303.19578138905536,309.49146738644276,321.9263093272546,0.6932773109243697,308.04239823194905
extra__hier__none__physical__xgb1__extra,hierarchy,none,physical,xgb1,extra,late,238,398.2916109908105,286.442813647977,191.1323599284636,462.6909804474503,393.673134167463,454.15181487746025,0.5714285714285714,413.23683414913353
extra__hier__none__physical__xgb1__extra,hierarchy,none,physical,xgb1,extra,four_year,476,356.77429914776764,264.90040477845076,44.010233855367176,391.1589352421485,351.5823007769529,454.15181487746025,0.6323529411764706,364.07245857865917
extra__hier__none__physical__xgb1__ridge100,hierarchy,none,physical,xgb1,ridge100,development,238,338.5250579738968,255.70922921854591,67.87293291655996,378.3291529384348,338.5244438192621,339.1692795266067,0.6512605042016807,348.47592817637263
extra__hier__none__physical__xgb1__ridge100,hierarchy,none,physical,xgb1,ridge100,late,238,538.3392030819399,440.0485513607587,408.61727283559185,616.5904136243556,536.287181167331,583.2462792261347,0.5294117647058824,557.3890002388916
extra__hier__none__physical__xgb1__ridge100,hierarchy,none,physical,xgb1,ridge100,four_year,476,449.671164547566,347.87889028965236,238.2451028760759,511.52550578469084,437.4058124932966,583.2462792261347,0.5903361344537815,462.0684118432798
extra__hier__none__physical__xgb1__ridge1000,hierarchy,none,physical,xgb1,ridge1000,development,238,311.5025665492804,243.66103115186945,-77.84642922316905,308.611438066498,311.2637766998905,323.4584592012731,0.6932773109243697,310.7200869662373
extra__hier__none__physical__xgb1__ridge1000,hierarchy,none,physical,xgb1,ridge1000,late,238,425.5058657911262,326.2581984532253,268.0837320164605,483.7235138095712,425.5024194112883,427.214989934194,0.5840336134453782,440.05941620077795
extra__hier__none__physical__xgb1__ridge1000,hierarchy,none,physical,xgb1,ridge1000,four_year,476,372.8867728878598,284.9596148025474,95.11865139664572,405.72740696048027,368.3830980555894,427.214989934194,0.6386554621848739,379.97101269794734
extra__hier__none__physical__xgb1__xgb1,hierarchy,none,physical,xgb1,xgb1,development,238,304.59626046315145,238.29628056458603,-62.50983083606874,304.64928999171775,304.1697547143742,320.2831716435497,0.7142857142857143,304.5028914080987
extra__hier__none__physical__xgb1__xgb1,hierarchy,none,physical,xgb1,xgb1,late,238,405.7097838142067,293.6069583622916,200.26784598680862,471.60331029739325,399.8927075942541,468.3489059659627,0.5462184873949579,420.72889638001516
extra__hier__none__physical__xgb1__xgb1,hierarchy,none,physical,xgb1,xgb1,four_year,476,358.7334041950278,265.9516194634388,68.87900757536994,397.0018086708908,352.0312311543142,468.3489059659627,0.6302521008403361,366.6249620538151
extra__hier__none__physical__xgb1__xgb2,hierarchy,none,physical,xgb1,xgb2,development,238,305.6309644952142,239.39018935593305,-68.97829507353312,304.35663539476553,305.2327460927204,320.82944994230877,0.7142857142857143,305.21282761947856
extra__hier__none__physical__xgb1__xgb2,hierarchy,none,physical,xgb1,xgb2,late,238,404.36712992422093,292.6099531067283,200.20259074435026,469.52286542300203,398.9061629180701,465.13794493496795,0.5504201680672269,419.29082204737847
extra__hier__none__physical__xgb1__xgb2,hierarchy,none,physical,xgb1,xgb2,four_year,476,358.4153053522036,266.00007123133065,65.61214783540858,395.6543205020316,352.06945450539524,465.13794493496795,0.6323529411764706,366.13859642795853
extra__hier__none__physical__xgb1__zero,hierarchy,none,physical,xgb1,zero,development,238,304.35590558919375,238.18427990333356,-60.0045153429825,304.89014203149827,303.96728419166897,319.34282997578214,0.7142857142857143,304.3923093503887
extra__hier__none__physical__xgb1__zero,hierarchy,none,physical,xgb1,zero,late,238,408.070625209653,295.65526594805334,203.94234427813868,474.60818196830155,402.06337214601007,471.8249657170867,0.5462184873949579,423.20320113340443
extra__hier__none__physical__xgb1__zero,hierarchy,none,physical,xgb1,zero,four_year,476,359.9681599989194,266.91977292569345,71.96891446757809,398.8802609175112,353.0153281688395,471.8249657170867,0.6302521008403361,367.95797727104735
extra__hier__scratch__encoder__extra__extra,hierarchy,scratch,encoder,extra,extra,development,238,306.47428258347185,235.70946027436312,-39.021284035789414,320.08021858336235,305.1771540399526,333.3443430571193,0.7521008403361344,309.5514844475647
extra__hier__scratch__encoder__extra__extra,hierarchy,scratch,encoder,extra,extra,late,238,388.1024029378334,293.82264982970656,88.53111147642925,444.71420455663855,386.1687672727436,424.8618977892834,0.5966386554621849,401.7719444262623
extra__hier__scratch__encoder__extra__extra,hierarchy,scratch,encoder,extra,extra,four_year,476,349.67839585194145,264.7660550520348,24.754913720319916,387.4416537124118,345.6729606563481,424.8618977892834,0.6743697478991597,358.1178515181607
extra__hier__scratch__encoder__extra__ridge100,hierarchy,scratch,encoder,extra,ridge100,development,238,372.86953610826464,304.45900135249195,-42.884070868147994,398.8622616380892,371.9674591280503,397.8884989878772,0.6848739495798319,379.1421982456672
extra__hier__scratch__encoder__extra__ridge100,hierarchy,scratch,encoder,extra,ridge100,late,238,365.80261441486863,282.4649395608869,168.24155534189183,371.99341895365245,365.63725295789425,376.63506920285437,0.6302521008403361,367.30897518532095
extra__hier__scratch__encoder__extra__ridge100,hierarchy,scratch,encoder,extra,ridge100,four_year,476,369.35297729295854,293.46197045668936,62.678742236871905,385.6619034231143,368.8023560429723,397.8884989878772,0.657563025210084,373.29255351300094
extra__hier__scratch__encoder__extra__ridge1000,hierarchy,scratch,encoder,extra,ridge1000,development,238,311.3778238793057,243.44908396725083,-32.37933103307637,324.4474397735711,310.4771331034652,334.1435444001762,0.7310924369747899,314.4200551589119
extra__hier__scratch__encoder__extra__ridge1000,hierarchy,scratch,encoder,extra,ridge1000,late,238,359.1333173522388,270.9995515021594,130.39834368788246,389.3942619563012,358.45245161370775,380.55628758275196,0.6134453781512605,366.5283370686216
extra__hier__scratch__encoder__extra__ridge1000,hierarchy,scratch,encoder,extra,ridge1000,four_year,476,336.10481165570644,257.2243177347052,49.009506327403045,358.39505606252266,334.46479235858646,380.55628758275196,0.6722689075630253,341.2673679331305
extra__hier__scratch__encoder__extra__xgb1,hierarchy,scratch,encoder,extra,xgb1,development,238,323.003093642262,254.25758690666396,7.255596385640221,344.0480400329949,322.9349025842728,329.57170869550845,0.726890756302521,328.24728247544795
extra__hier__scratch__encoder__extra__xgb1,hierarchy,scratch,encoder,extra,xgb1,late,238,400.4610687520981,305.29224492547735,100.97627550498764,460.42922316348796,397.51378442760586,446.00975102396836,0.5714285714285714,414.71628627382245
extra__hier__scratch__encoder__extra__xgb1,hierarchy,scratch,encoder,extra,xgb1,four_year,476,363.79944068713496,279.77491591607065,54.11593594531393,406.42596090399917,360.2243435059394,446.00975102396836,0.6491596638655462,373.5622964460521
extra__hier__scratch__encoder__extra__xgb2,hierarchy,scratch,encoder,extra,xgb2,development,238,320.2311365165504,252.27871069887624,0.23449725877615019,341.22968327819507,320.07824623170654,329.9725417557214,0.726890756302521,325.4425506357506
extra__hier__scratch__encoder__extra__xgb2,hierarchy,scratch,encoder,extra,xgb2,late,238,398.4610724988312,303.31213487665303,100.88984623542427,457.87978982030654,395.6564301086818,442.84981535039344,0.5672268907563025,412.61459123166264
extra__hier__scratch__encoder__extra__xgb2,hierarchy,scratch,encoder,extra,xgb2,four_year,476,361.4686757463227,277.7954227877646,50.562171747100194,403.78930067302764,357.8673381701941,442.84981535039344,0.6470588235294118,371.1484975839668
extra__hier__scratch__encoder__extra__zero,hierarchy,scratch,encoder,extra,zero,development,238,322.1478813098383,253.1774206461526,9.801879384451782,343.4441084805826,322.1015279443486,327.56624461894745,0.726890756302521,327.460349761152
extra__hier__scratch__encoder__extra__zero,hierarchy,scratch,encoder,extra,zero,late,238,402.134597312619,306.55680297174774,104.40998775038288,462.58564314383693,398.9336544575623,449.571325187134,0.5630252100840336,416.4471230566593
extra__hier__scratch__encoder__extra__zero,hierarchy,scratch,encoder,extra,zero,four_year,476,364.34289603901976,279.8671118089502,57.10593356741731,407.3937486589721,360.5175912009554,449.571325187134,0.6449579831932774,374.1492829844917
extra__hier__scratch__encoder__ridge1000__extra,hierarchy,scratch,encoder,ridge1000,extra,development,238,330.737382079846,257.2831978762392,-52.21114784987602,359.19527206643113,329.51252200960926,357.9504147567313,0.726890756302521,337.5456395589331
extra__hier__scratch__encoder__ridge1000__extra,hierarchy,scratch,encoder,ridge1000,extra,late,238,399.88452471144285,286.6780548054388,183.15615874736457,466.1882447643945,394.5762713952349,459.5162371754112,0.5588235294117647,415.1333913956288
extra__hier__scratch__encoder__ridge1000__extra,hierarchy,scratch,encoder,ridge1000,extra,four_year,476,366.9433532636383,271.980626340839,65.47250544874426,416.1446401381282,362.0443967024221,459.5162371754112,0.6428571428571429,378.0189358419567
extra__hier__scratch__encoder__ridge1000__ridge100,hierarchy,scratch,encoder,ridge1000,ridge100,development,238,406.53584192080365,328.87039257717794,-54.97604447531154,452.87210985980954,406.02591924967055,426.3813525223049,0.6764705882352942,417.99242823777183
extra__hier__scratch__encoder__ridge1000__ridge100,hierarchy,scratch,encoder,ridge1000,ridge100,late,238,426.0654922794302,335.430002868288,267.1982850823374,459.19142813326556,424.6210647283756,459.6746679704658,0.6470588235294118,433.9858693551254
extra__hier__scratch__encoder__ridge1000__ridge100,hierarchy,scratch,encoder,ridge1000,ridge100,four_year,476,416.415174121675,332.150197722733,106.11112030351292,456.0427148633905,415.32349198902307,459.6746679704658,0.6617647058823529,426.0491387739409
extra__hier__scratch__encoder__ridge1000__ridge1000,hierarchy,scratch,encoder,ridge1000,ridge1000,development,238,336.23339583349235,265.15196947475977,-45.51283791380717,364.6811340512344,335.5181795447555,357.4372960574065,0.726890756302521,343.1665263157437
extra__hier__scratch__encoder__ridge1000__ridge1000,hierarchy,scratch,encoder,ridge1000,ridge1000,late,238,399.6191484810052,300.6358895667241,227.57935352668164,445.2090414989896,399.55239828846805,406.85615448764725,0.6008403361344538,410.99993418736705
extra__hier__scratch__encoder__ridge1000__ridge1000,hierarchy,scratch,encoder,ridge1000,ridge1000,four_year,476,369.2887490206042,282.8939295207419,91.03325780643723,406.9419001315442,367.53528891661176,406.85615448764725,0.6638655462184874,378.26367177234107
extra__hier__scratch__encoder__ridge1000__xgb1,hierarchy,scratch,encoder,ridge1000,xgb1,development,238,350.22405456278887,275.86792467771477,-5.718914592069726,390.4489651114508,350.20796966144815,353.56451252659014,0.7100840336134454,360.27626097461916
extra__hier__scratch__encoder__ridge1000__xgb1,hierarchy,scratch,encoder,ridge1000,xgb1,late,238,410.83014251383736,295.9218347287132,195.47131190055904,480.3399673944968,403.737814712336,479.7455970063047,0.5462184873949579,426.4345167836269
extra__hier__scratch__encoder__ridge1000__xgb1,hierarchy,scratch,encoder,ridge1000,xgb1,four_year,476,381.7317738886424,285.894879703214,94.87619865424467,437.7081668378768,376.97289218689207,479.7455970063047,0.6281512605042017,394.5361517005134
extra__hier__scratch__encoder__ridge1000__xgb2,hierarchy,scratch,encoder,ridge1000,xgb2,development,238,348.01303413854237,274.3570566870115,-12.706094911793942,387.7641072276296,347.95966208343066,354.05437233897504,0.726890756302521,357.93745939703626
extra__hier__scratch__encoder__ridge1000__xgb2,hierarchy,scratch,encoder,ridge1000,xgb2,late,238,409.433657301863,294.6991497461294,195.44751815076714,478.2987750946642,402.6828796306918,476.7262330387672,0.5462184873949579,424.9622423322705
extra__hier__scratch__encoder__ridge1000__xgb2,hierarchy,scratch,encoder,ridge1000,xgb2,four_year,476,379.9664404009212,284.52810321657046,91.37071161948658,435.3910432651875,375.32127085706117,476.7262330387672,0.6365546218487395,392.6612987310228
extra__hier__scratch__encoder__ridge1000__zero,hierarchy,scratch,encoder,ridge1000,zero,development,238,349.36968729146724,274.8833104038332,-3.1813883794572932,389.8182496528988,349.36540081007684,351.0960408512081,0.7058823529411765,359.48075626147755
extra__hier__scratch__encoder__ridge1000__zero,hierarchy,scratch,encoder,ridge1000,zero,late,238,413.08963366627853,297.94972819946213,198.9619621456011,483.2326858638193,405.7795445555154,483.148832149875,0.5462184873949579,428.79787443797295
extra__hier__scratch__encoder__ridge1000__zero,hierarchy,scratch,encoder,ridge1000,zero,four_year,476,382.55863853838,286.4165193016477,97.89028688307188,439.0171388736494,377.5724726827961,483.148832149875,0.6260504201680672,395.4267221583014
extra__hier__scratch__encoder__ridge100__extra,hierarchy,scratch,encoder,ridge100,extra,development,238,472.1278927300953,371.9084895755711,-168.56314066570113,555.8774574881796,464.53768914616705,548.8554361304136,0.6680672268907563,491.16773302363436
extra__hier__scratch__encoder__ridge100__extra,hierarchy,scratch,encoder,ridge100,extra,late,238,342.05684055193757,253.13963176190694,35.579196907297415,373.43634191350696,341.8370764432776,354.0965763142503,0.7184873949579832,349.8467748651649
extra__hier__scratch__encoder__ridge100__extra,hierarchy,scratch,encoder,ridge100,extra,four_year,476,412.25455077059735,312.524060668739,-66.49197187920186,473.52637160208116,403.18738279472234,548.8554361304136,0.6932773109243697,425.30571398449956
extra__hier__scratch__encoder__ridge100__ridge100,hierarchy,scratch,encoder,ridge100,ridge100,development,238,556.0398584804005,444.09226180106293,-167.6167570261405,659.2927758884639,551.1859230787552,624.4962389880758,0.680672268907563,580.639603982005
extra__hier__scratch__encoder__ridge100__ridge100,hierarchy,scratch,encoder,ridge100,ridge100,late,238,378.01634456573896,289.2092267655492,119.55322830562402,406.9431577423151,372.0828252780692,438.79660115631845,0.6974789915966386,383.7646680379655
extra__hier__scratch__encoder__ridge100__ridge100,hierarchy,scratch,encoder,ridge100,ridge100,four_year,476,475.43489616231756,366.65074428330604,-24.031764360258247,547.8456433941968,461.63437417841226,624.4962389880758,0.6890756302521008,490.087452474311
extra__hier__scratch__encoder__ridge100__ridge1000,hierarchy,scratch,encoder,ridge100,ridge1000,development,238,476.06462444098264,377.5139334849763,-161.86868183672277,558.9365248213016,470.045330962672,545.5099815238855,0.6764705882352942,495.2777761664847
extra__hier__scratch__encoder__ridge100__ridge1000,hierarchy,scratch,encoder,ridge100,ridge1000,late,238,349.47274617430395,261.12540932249624,80.28998424062642,373.65468744783914,348.47059456221314,374.9176179120556,0.6932773109243697,355.26769358966504
extra__hier__scratch__encoder__ridge100__ridge1000,hierarchy,scratch,encoder,ridge100,ridge1000,four_year,476,417.59353860107996,319.31967140373627,-40.789348798048174,475.4092259470023,409.25796276244256,545.5099815238855,0.6848739495798319,429.96356647790117
extra__hier__scratch__encoder__ridge100__xgb1,hierarchy,scratch,encoder,ridge100,xgb1,development,238,488.14239319530117,382.6919922227532,-122.119362492991,585.3360287305375,484.7112504587243,542.486675279108,0.6638655462184874,511.5830163949661
extra__hier__scratch__encoder__ridge100__xgb1,hierarchy,scratch,encoder,ridge100,xgb1,late,238,344.1693555368273,253.45046636596322,47.05412320399189,380.5029284490516,343.7591862710649,360.55701782428497,0.7142857142857143,353.15020644844276
extra__hier__scratch__encoder__ridge100__xgb1,hierarchy,scratch,encoder,ridge100,xgb1,four_year,476,422.33608733156524,318.0712292943582,-37.532619644499555,493.6601792166047,414.2352183648946,542.486675279108,0.6890756302521008,438.1418930611574
extra__hier__scratch__encoder__ridge100__xgb2,hierarchy,scratch,encoder,ridge100,xgb2,development,238,487.6783608124702,382.9933493962879,-128.9588060467738,583.8491354252576,484.04353816413783,543.4744793167114,0.6680672268907563,510.812348803584
extra__hier__scratch__encoder__ridge100__xgb2,hierarchy,scratch,encoder,ridge100,xgb2,late,238,343.49274953522433,252.79914998740034,47.093674268648165,379.2481515942125,343.12242791166113,359.0682250781653,0.7184873949579832,352.33901964408057
extra__hier__scratch__encoder__ridge100__xgb2,hierarchy,scratch,encoder,ridge100,xgb2,four_year,476,421.79227860879945,317.8962496918441,-40.932565889062815,492.2951215604557,413.58298303789945,543.4744793167114,0.6932773109243697,437.3656654539885
extra__hier__scratch__encoder__ridge100__zero,hierarchy,scratch,encoder,ridge100,zero,development,238,486.7361513291223,381.2806757746927,-119.69760605142257,583.9597929367872,483.58871566079245,538.85204071667,0.6680672268907563,510.2552028139561
extra__hier__scratch__encoder__ridge100__zero,hierarchy,scratch,encoder,ridge100,zero,late,238,345.0048464628914,253.75706549029778,50.39813227387115,382.3850792710128,344.564751630017,361.9853146814226,0.7142857142857143,354.23988095670313
extra__hier__scratch__encoder__ridge100__zero,hierarchy,scratch,encoder,ridge100,zero,four_year,476,421.865159199933,317.5188706324953,-34.64973688877571,493.57238000919074,414.0767336454047,538.85204071667,0.6911764705882353,437.8448580136153
extra__hier__scratch__encoder__ridge10__extra,hierarchy,scratch,encoder,ridge10,extra,development,238,604.6361912767676,516.6217311005754,-399.55523204527066,678.7939473057688,593.9548900280854,707.1030778765914,0.6050420168067226,620.5053049718474
extra__hier__scratch__encoder__ridge10__extra,hierarchy,scratch,encoder,ridge10,extra,late,238,407.6596947845604,338.18121648157637,-155.8863395420109,375.8843324059618,406.81984552109145,432.9740046938924,0.6470588235294118,399.5058918740435
extra__hier__scratch__encoder__ridge10__extra,hierarchy,scratch,encoder,ridge10,extra,four_year,476,515.6410333524267,427.40147379107583,-277.72078579364074,548.6575681822053,500.3873677745884,707.1030778765914,0.6260504201680672,520.0817506654117
extra__hier__scratch__encoder__ridge10__ridge100,hierarchy,scratch,encoder,ridge10,ridge100,development,238,665.5283505053999,570.239057739882,-398.7810304820983,755.6367513034842,652.6508136023647,782.9385752325721,0.6134453781512605,684.8360664791621
extra__hier__scratch__encoder__ridge10__ridge100,hierarchy,scratch,encoder,ridge10,ridge100,late,238,415.62715441464024,334.76348271985813,-74.93706211409749,415.8707713169681,415.60069983356533,420.2900265082529,0.7100840336134454,415.6814449949535
extra__hier__scratch__encoder__ridge10__ridge100,hierarchy,scratch,encoder,ridge10,ridge100,four_year,476,554.830567296562,452.5012702298701,-236.8590462980979,609.8915470623665,534.125756717965,782.9385752325721,0.6617647058823529,563.4196095933639
extra__hier__scratch__encoder__ridge10__ridge1000,hierarchy,scratch,encoder,ridge10,ridge1000,development,238,604.5331905810901,518.8319966371154,-393.28541412360596,676.2625436898683,594.5735220536332,703.8562077219979,0.6092436974789915,619.9756117264204
extra__hier__scratch__encoder__ridge10__ridge1000,hierarchy,scratch,encoder,ridge10,ridge1000,late,238,403.1704197082838,331.1052658060808,-112.6156768514594,381.17679446139914,402.4314905494035,426.829907341053,0.6848739495798319,397.4872811068426
extra__hier__scratch__encoder__ridge10__ridge1000,hierarchy,scratch,encoder,ridge10,ridge1000,four_year,476,513.8125951365471,424.96863122159806,-252.95054548753268,548.9202021395089,498.50250630151834,703.8562077219979,0.6470588235294118,518.7619746785304
extra__hier__scratch__encoder__ridge10__xgb1,hierarchy,scratch,encoder,ridge10,xgb1,development,238,597.8181476650728,505.65238836399357,-355.9810555840816,683.9800853852246,587.0367443402451,700.06062886075,0.6134453781512605,616.6632812639039
extra__hier__scratch__encoder__ridge10__xgb1,hierarchy,scratch,encoder,ridge10,xgb1,late,238,401.5567413131488,331.5174914860095,-145.26028505316629,374.96924822924274,400.8955107823038,423.93039581850064,0.6470588235294118,394.74456040946103
extra__hier__scratch__encoder__ridge10__xgb1,hierarchy,scratch,encoder,ridge10,xgb1,four_year,476,509.2319482179677,418.58493992500155,-250.62067031862395,551.5572020748086,493.96612756127445,700.06062886075,0.6302521008403361,515.9968065180046
extra__hier__scratch__encoder__ridge10__xgb2,hierarchy,scratch,encoder,ridge10,xgb2,development,238,600.7500031942163,509.870694302317,-362.2940768428951,685.0200117906531,590.4261040557279,701.3205673414382,0.6134453781512605,619.2365305587034
extra__hier__scratch__encoder__ridge10__xgb2,hierarchy,scratch,encoder,ridge10,xgb2,late,238,401.28264102227723,331.39135383326584,-145.20455739339113,374.3787474128114,400.57364936896084,424.41708488162755,0.6470588235294118,394.37941970658164
extra__hier__scratch__encoder__ridge10__xgb2,hierarchy,scratch,encoder,ridge10,xgb2,four_year,476,510.8465152683655,420.6310240677915,-253.74931711814307,552.0017495751496,495.49987671234436,701.3205673414382,0.6302521008403361,517.2986642060563
extra__hier__scratch__encoder__ridge10__zero,hierarchy,scratch,encoder,ridge10,zero,development,238,596.1187456819645,504.39272300575914,-353.6499392648431,681.934335817202,585.8036752880329,696.2193126428549,0.6134453781512605,614.993875617291
extra__hier__scratch__encoder__ridge10__zero,hierarchy,scratch,encoder,ridge10,zero,late,238,400.6215722098991,330.42224917215555,-142.09272022954278,375.3037219196624,399.9624889715809,422.93315582279314,0.6470588235294118,394.12733882776035
extra__hier__scratch__encoder__ridge10__zero,hierarchy,scratch,encoder,ridge10,zero,four_year,476,507.86573179993644,417.4074860889573,-247.87132974719293,550.4031804292196,492.8830821298069,696.2193126428549,0.6302521008403361,514.7544315397248
extra__hier__scratch__encoder__xgb1__extra,hierarchy,scratch,encoder,xgb1,extra,development,238,311.8765587682128,244.87576668013534,-107.16115629609435,304.49427032292846,311.65880603070343,323.31112479646276,0.6974789915966386,309.9765484725144
extra__hier__scratch__encoder__xgb1__extra,hierarchy,scratch,encoder,xgb1,extra,late,238,395.21589756287045,284.7021863204277,188.17339826699498,458.10890859523715,391.04579569585366,448.3065270483433,0.5672268907563025,409.8966248542079
extra__hier__scratch__encoder__xgb1__extra,hierarchy,scratch,encoder,xgb1,extra,four_year,476,355.9933943175967,264.78897650028154,40.506120985450316,388.9604946481146,351.3523008632785,448.3065270483433,0.6323529411764706,363.07489603664663
extra__hier__scratch__encoder__xgb1__ridge100,hierarchy,scratch,encoder,xgb1,ridge100,development,238,350.97942802598936,282.0314847389061,-113.20278944563242,343.5547024064124,349.84788523257896,378.0084267000812,0.680672268907563,348.84036092274255
extra__hier__scratch__encoder__xgb1__ridge100,hierarchy,scratch,encoder,xgb1,ridge100,late,238,429.82343883500835,339.18021581269994,272.92139636995853,462.3455896668827,427.4074351428808,472.9164777227494,0.6512605042016807,437.34997561994504
extra__hier__scratch__encoder__xgb1__ridge100,hierarchy,scratch,encoder,xgb1,ridge100,four_year,476,392.3867654938191,310.6058502758031,79.85930346216306,407.30411109512266,388.6276601877298,472.9164777227494,0.6659663865546218,395.17632556762265
extra__hier__scratch__encoder__xgb1__ridge1000,hierarchy,scratch,encoder,xgb1,ridge1000,development,238,315.74808638041054,247.9167874224329,-100.6352815561503,308.10835047945824,315.44374797577274,329.30361507067585,0.7016806722689075,313.76206780401304
extra__hier__scratch__encoder__xgb1__ridge1000,hierarchy,scratch,encoder,xgb1,ridge1000,late,238,399.6420617760612,302.3665393064693,232.9871550231869,442.85189870603705,399.6340012233404,402.17223029974787,0.6176470588235294,410.442505870375
extra__hier__scratch__encoder__xgb1__ridge1000,hierarchy,scratch,encoder,xgb1,ridge1000,four_year,476,360.1462422360619,275.14166336445106,66.17593673351828,381.4764473874598,357.5388745995566,402.17223029974787,0.6596638655462185,364.826951614785
extra__hier__scratch__encoder__xgb1__xgb1,hierarchy,scratch,encoder,xgb1,xgb1,development,238,304.63424035810016,238.33409464762568,-62.59525201826369,304.6669048333595,304.2069707539242,320.3358065233729,0.7142857142857143,304.53558907587103
extra__hier__scratch__encoder__xgb1__xgb1,hierarchy,scratch,encoder,xgb1,xgb1,late,238,405.78660026053706,293.675179714007,200.4507123251712,471.70152961165087,399.9684476299489,468.43746143541955,0.5462184873949579,420.8107944406685
extra__hier__scratch__encoder__xgb1__xgb1,hierarchy,scratch,encoder,xgb1,xgb1,four_year,476,358.79296631174475,266.0046371808163,68.92773015345377,397.0669061623686,352.0877091919366,468.43746143541955,0.6302521008403361,366.6851369944486
extra__hier__scratch__encoder__xgb1__xgb2,hierarchy,scratch,encoder,xgb1,xgb2,development,238,305.8775055413513,239.74954706760815,-69.31169999862254,304.5033150415785,305.4905924141632,320.87065556887796,0.7100840336134454,305.43722963461107
extra__hier__scratch__encoder__xgb1__xgb2,hierarchy,scratch,encoder,xgb1,xgb2,late,238,404.4838217058657,292.6337421341398,200.43658556773158,469.7533695514347,398.9898402199823,465.429808785715,0.5504201680672269,419.42771329578704
extra__hier__scratch__encoder__xgb1__xgb2,hierarchy,scratch,encoder,xgb1,xgb2,four_year,476,358.5862590911578,266.191644600874,65.56244278455452,395.84750667159545,352.24021631707274,465.429808785715,0.6302521008403361,366.31506029274595
extra__hier__scratch__encoder__xgb1__zero,hierarchy,scratch,encoder,xgb1,zero,development,238,304.35590558919375,238.18427990333356,-60.0045153429825,304.89014203149827,303.96728419166897,319.34282997578214,0.7142857142857143,304.3923093503887
extra__hier__scratch__encoder__xgb1__zero,hierarchy,scratch,encoder,xgb1,zero,late,238,408.070625209653,295.65526594805334,203.94234427813868,474.60818196830155,402.06337214601007,471.8249657170867,0.5462184873949579,423.20320113340443
extra__hier__scratch__encoder__xgb1__zero,hierarchy,scratch,encoder,xgb1,zero,four_year,476,359.9681599989194,266.91977292569345,71.96891446757809,398.8802609175112,353.0153281688395,471.8249657170867,0.6302521008403361,367.95797727104735
extra__hier__scratch__history__extra__extra,hierarchy,scratch,history,extra,extra,development,238,336.3308034555991,272.7780170536721,-182.46749189573688,324.61768774799907,336.31101458562927,339.95941443672643,0.7016806722689075,333.39757731120665
extra__hier__scratch__history__extra__extra,hierarchy,scratch,history,extra,extra,late,238,363.43214239103963,262.1639893995873,122.78318825637518,415.08517978538464,361.0802925926804,402.3591543033094,0.6134453781512605,375.75743929003613
extra__hier__scratch__history__extra__extra,hierarchy,scratch,history,extra,extra,four_year,476,350.1437786653004,267.47100322662965,-29.842151819680847,372.60726621761046,348.6956535891548,402.3591543033094,0.657563025210084,355.3976192843415
extra__hier__scratch__history__extra__ridge100,hierarchy,scratch,history,extra,ridge100,development,238,370.64002908380274,300.65793289364564,-188.48920382529835,354.8162301050983,368.29721890417113,409.904786805879,0.7016806722689075,366.0983767942187
extra__hier__scratch__history__extra__ridge100,hierarchy,scratch,history,extra,ridge100,late,238,386.62649263159494,300.37397362317216,206.2107477093216,410.54147138566185,384.37868027868603,426.0088970908097,0.6470588235294118,392.04328423188446
extra__hier__scratch__history__extra__ridge100,hierarchy,scratch,history,extra,ridge100,four_year,476,378.71762301472774,300.5159532584089,8.86077194201164,383.6918404615208,376.3379495914286,426.0088970908097,0.6743697478991597,379.3662590206012
extra__hier__scratch__history__extra__ridge1000,hierarchy,scratch,history,extra,ridge1000,development,238,337.31239605795554,270.69341731310135,-176.10541671811725,322.75023268450997,337.23691776972214,344.37231036836283,0.7058823529411765,333.6529856425358
extra__hier__scratch__history__extra__ridge1000,hierarchy,scratch,history,extra,ridge1000,late,238,360.7155216503689,267.3433470506443,166.8940531972788,394.02591287751386,360.6810579111915,365.6672411771264,0.6512605042016807,369.03450352236075
extra__hier__scratch__history__extra__ridge1000,hierarchy,scratch,history,extra,ridge1000,four_year,476,349.2100657869535,269.0183821818728,-4.605681760419207,360.15561408706617,348.95898784045687,365.6672411771264,0.6785714285714286,351.88368337535746
extra__hier__scratch__history__extra__xgb1,hierarchy,scratch,history,extra,xgb1,development,238,318.0399720491912,249.04127215057002,-138.75853749423393,308.06701457857514,317.5713196520229,334.8305419845337,0.7226890756302521,315.4295695822451
extra__hier__scratch__history__extra__xgb1,hierarchy,scratch,history,extra,xgb1,late,238,372.57706626883896,269.6685197744487,134.87730571591834,427.8220182360549,369.0861358633259,419.9692826112756,0.5630252100840336,385.51557165926465
extra__hier__scratch__history__extra__xgb1,hierarchy,scratch,history,extra,xgb1,four_year,476,346.3835259726891,259.3548959625094,-1.940615889157803,372.7847668286134,343.3287277576744,419.9692826112756,0.6428571428571429,352.2201366329165
extra__hier__scratch__history__extra__xgb2,hierarchy,scratch,history,extra,xgb2,development,238,320.6701693599632,251.60253385763497,-145.3609838554464,309.38823147317044,320.2942970400063,335.81592069849256,0.7184873949579832,317.7557168082758
extra__hier__scratch__history__extra__xgb2,hierarchy,scratch,history,extra,xgb2,late,238,371.2282857674127,268.3750131198692,134.86180994981532,425.8814555201868,367.939020295997,417.24741205068415,0.5714285714285714,384.06926183775226
extra__hier__scratch__history__extra__xgb2,hierarchy,scratch,history,extra,xgb2,four_year,476,346.8715883948693,259.9887734887521,-5.249586952815524,372.22042658221284,344.1166586680016,417.24741205068415,0.6449579831932774,352.5200655099883
extra__hier__scratch__history__extra__zero,hierarchy,scratch,history,extra,zero,development,238,317.01498450906047,248.30434193034648,-136.221911964941,307.03524006876756,316.60986495633756,332.63153202345507,0.7226890756302521,314.4187685108065
extra__hier__scratch__history__extra__zero,hierarchy,scratch,history,extra,zero,late,238,374.391072797336,271.07325215136694,138.3138602994413,430.33560130460637,370.7253462898557,422.98807687874427,0.5630252100840336,387.4607732972835
extra__hier__scratch__history__extra__zero,hierarchy,scratch,history,extra,zero,four_year,476,346.8913200078809,259.68879704085674,1.045974167250141,373.8043394573442,343.6676056230966,422.98807687874427,0.6428571428571429,352.8136462740507
extra__hier__scratch__history__ridge1000__extra,hierarchy,scratch,history,ridge1000,extra,development,238,316.4997663713942,249.84225506821178,-121.2067116611262,306.59242541769333,316.2624389658807,328.5168998883248,0.7058823529411765,313.9635992815906
extra__hier__scratch__history__ridge1000__extra,hierarchy,scratch,history,ridge1000,extra,late,238,391.4454261979021,281.7367822532141,181.0131753217295,453.20825745702956,387.4257887956266,443.37916105632013,0.5588235294117647,405.88122466211513
extra__hier__scratch__history__ridge1000__extra,hierarchy,scratch,history,ridge1000,extra,four_year,476,355.9505750833986,265.78951866071293,29.90323183030166,386.90867136233913,351.84411388075364,443.37916105632013,0.6323529411764706,362.6634838524725
extra__hier__scratch__history__ridge1000__ridge100,hierarchy,scratch,history,ridge1000,ridge100,development,238,356.12892533012445,286.9045077500058,-127.11541749861034,345.80168572290955,354.67401566699925,386.8322815940438,0.6764705882352942,353.18338801253947
extra__hier__scratch__history__ridge1000__ridge100,hierarchy,scratch,history,ridge1000,ridge100,late,238,424.7861233341664,334.64779723572326,265.6111928263548,456.1178820100217,422.3892536642794,467.4510885825629,0.6512605042016807,432.01984558565846
extra__hier__scratch__history__ridge1000__ridge100,hierarchy,scratch,history,ridge1000,ridge100,four_year,476,391.9636858396827,310.7761524928645,69.24788766387223,404.73591892622653,388.53163466563933,467.4510885825629,0.6638655462184874,394.29873131780784
extra__hier__scratch__history__ridge1000__ridge1000,hierarchy,scratch,history,ridge1000,ridge1000,development,238,320.1178551965907,252.3736746391737,-114.68791800006957,309.58613669917685,319.77989024844,334.48577370918736,0.7016806722689075,317.4004343351995
extra__hier__scratch__history__ridge1000__ridge1000,hierarchy,scratch,history,ridge1000,ridge1000,late,238,395.11726938329167,298.02965421023936,225.75130050185763,437.13167397651733,395.10862198058055,397.72269954549523,0.6134453781512605,405.61870868092035
extra__hier__scratch__history__ridge1000__ridge1000,hierarchy,scratch,history,ridge1000,ridge1000,four_year,476,359.57829313000394,275.20166442470656,55.531691250894035,378.76620521756803,357.44425611451027,397.72269954549523,0.657563025210084,363.84176189802156
extra__hier__scratch__history__ridge1000__xgb1,hierarchy,scratch,history,ridge1000,xgb1,development,238,307.6914620828616,241.1672093020837,-76.76003932320074,304.6838185077718,307.1744176458732,325.00453213254343,0.7142857142857143,306.81029007984205
extra__hier__scratch__history__ridge1000__xgb1,hierarchy,scratch,history,ridge1000,xgb1,late,238,401.8758752392193,290.32458015076253,193.26997575643585,466.73319150045256,396.25376572345124,463.2401244039524,0.5588235294117647,416.68467692558556
extra__hier__scratch__history__ridge1000__xgb1,hierarchy,scratch,history,ridge1000,xgb1,four_year,476,357.8954141491461,265.7458947264231,58.254968216617584,394.126947384136,351.7140916846622,463.2401244039524,0.6365546218487395,365.40796684177263
extra__hier__scratch__history__ridge1000__xgb2,hierarchy,scratch,history,ridge1000,xgb2,development,238,309.1817176761705,242.65878511433658,-83.4562468142507,304.7466724755183,308.71670016685357,325.6676170528577,0.7184873949579832,307.9567019986782
extra__hier__scratch__history__ridge1000__xgb2,hierarchy,scratch,history,ridge1000,xgb2,late,238,400.5717137911238,289.29855444183397,193.2562115159025,464.784789890496,395.2625967548996,460.263962095418,0.5546218487394958,415.29770355691085
extra__hier__scratch__history__ridge1000__xgb2,hierarchy,scratch,history,ridge1000,xgb2,four_year,476,357.80653462083745,265.97866977808525,54.899982350825894,392.99836850708,351.98964846087665,460.263962095418,0.6365546218487395,365.1502715524079
extra__hier__scratch__history__ridge1000__zero,hierarchy,scratch,history,ridge1000,zero,development,238,307.2583516740384,241.001828075134,-74.1812064078366,304.7105658017439,306.7906734053162,323.73698229426464,0.7142857142857143,306.5044856387842
extra__hier__scratch__history__ridge1000__zero,hierarchy,scratch,history,ridge1000,zero,late,238,404.1130003319854,292.2380386971265,196.7555954655975,469.59925557882235,398.3019043611656,466.58740809064096,0.5504201680672269,419.03179015098965
extra__hier__scratch__history__ridge1000__zero,hierarchy,scratch,history,ridge1000,zero,four_year,476,358.9672768587454,266.61993338613024,61.287194528880455,395.83581808080663,352.5462888832409,466.58740809064096,0.6323529411764706,366.5791651703846
extra__hier__scratch__history__ridge100__extra,hierarchy,scratch,history,ridge100,extra,development,238,348.55135910475826,281.98133220151715,-190.25049993329142,327.1491012156448,347.76242483593364,371.20055202233124,0.7016806722689075,343.00356106527374
extra__hier__scratch__history__ridge100__extra,hierarchy,scratch,history,ridge100,extra,late,238,379.4267809442009,271.60881493189964,157.2878628389936,437.04675796384515,375.92709136139894,427.3421093837339,0.5756302521008403,392.95685280341144
extra__hier__scratch__history__ridge100__extra,hierarchy,scratch,history,ridge100,extra,four_year,476,364.3162994099034,276.7950735667084,-16.48131854714892,386.02875739568424,361.8447580986663,427.3421093837339,0.6386554621848739,369.12652857853936
extra__hier__scratch__history__ridge100__ridge100,hierarchy,scratch,history,ridge100,ridge100,development,238,391.0345041736508,319.48616935378635,-195.33410810070126,367.9499914785212,386.9190545075379,443.50199109910983,0.6974789915966386,384.23451358334023
extra__hier__scratch__history__ridge100__ridge100,hierarchy,scratch,history,ridge100,ridge100,late,238,408.6030597497586,319.5227580965624,241.4171012961283,435.08343147205994,406.26113751980404,449.94578674558664,0.6512605042016807,414.6376721228453
extra__hier__scratch__history__ridge100__ridge100,hierarchy,scratch,history,ridge100,ridge100,four_year,476,399.91526845770574,319.5044637251744,23.041496597713508,402.91735416245507,396.590096013671,449.94578674558664,0.6743697478991597,399.8344967728844
extra__hier__scratch__history__ridge100__ridge1000,hierarchy,scratch,history,ridge100,ridge1000,development,238,351.18846368518706,282.02843860135994,-183.74521872190127,327.51276645112534,350.1674080218138,376.92788979712105,0.6932773109243697,345.0142754608283
extra__hier__scratch__history__ridge100__ridge1000,hierarchy,scratch,history,ridge100,ridge1000,late,238,380.64380125929205,284.3535110533636,201.79309605508,417.9571259774715,380.6316027927745,383.6789610793839,0.6386554621848739,389.9690828222075
extra__hier__scratch__history__ridge100__ridge1000,hierarchy,scratch,history,ridge100,ridge1000,four_year,476,366.21239770294875,283.1909748273618,9.023938666589375,375.46822192018954,365.39950540729416,383.6789610793839,0.6659663865546218,368.32313068334525
extra__hier__scratch__history__ridge100__xgb1,hierarchy,scratch,history,ridge100,xgb1,development,238,333.91666718544695,265.77659807863523,-146.33137455382212,316.87662678226906,332.26757588695773,365.4126907372845,0.7352941176470589,329.2443842600302
extra__hier__scratch__history__ridge100__xgb1,hierarchy,scratch,history,ridge100,xgb1,late,238,389.3491932537685,279.63601362422384,169.4754518506739,450.288176338785,384.4086323195461,446.2374094833911,0.5840336134453782,403.348798791467
extra__hier__scratch__history__ridge100__xgb1,hierarchy,scratch,history,ridge100,xgb1,four_year,476,362.69348967936884,272.7063058514296,11.57203864842587,389.3393367946644,358.3381041032519,446.2374094833911,0.6596638655462185,368.26610506416347
extra__hier__scratch__history__ridge100__xgb2,hierarchy,scratch,history,ridge100,xgb2,development,238,336.3631337117141,268.1921562377958,-152.93434286692985,317.91650301361466,334.85914386499246,366.6319544169217,0.7184873949579832,331.37547857550885
extra__hier__scratch__history__ridge100__xgb2,hierarchy,scratch,history,ridge100,xgb2,late,238,388.05586724822746,278.6274174396469,169.4643001045086,448.35184085071114,383.3904955576197,443.3828619208223,0.5756302521008403,401.96351772619647
extra__hier__scratch__history__ridge100__xgb2,hierarchy,scratch,history,ridge100,xgb2,four_year,476,363.13049570790554,273.40978683872135,8.264978618789359,388.64525989816667,359.1248197113061,443.3828619208223,0.6470588235294118,368.50776775632096
extra__hier__scratch__history__ridge100__zero,hierarchy,scratch,history,ridge100,zero,development,238,332.78353429043875,264.96274173946136,-143.8153398485757,315.9800853488836,331.2699396395475,362.9733745645863,0.726890756302521,328.2042733923272
extra__hier__scratch__history__ridge100__zero,hierarchy,scratch,history,ridge100,zero,late,238,391.4197261799086,281.38822355468943,172.9410158520177,452.99766361856683,386.293472716972,449.4342280103372,0.5756302521008403,405.532647173839
extra__hier__scratch__history__ridge100__zero,hierarchy,scratch,history,ridge100,zero,four_year,476,363.2865829738213,273.1754826470754,14.562838001721005,390.54468219460364,358.78170617825975,449.4342280103372,0.6512605042016807,368.9748885801265
extra__hier__scratch__history__ridge10__extra,hierarchy,scratch,history,ridge10,extra,development,238,409.19068531142284,333.632371738042,-276.90107673056514,375.4080749836308,404.8229446628883,464.45012319835075,0.6764705882352942,399.6530975673412
extra__hier__scratch__history__ridge10__extra,hierarchy,scratch,history,ridge10,extra,late,238,376.5547538961694,267.82525685010995,153.3089967108036,431.25254509315823,372.98793094040883,424.69369517030424,0.5840336134453782,389.3374959564765
extra__hier__scratch__history__ridge10__extra,hierarchy,scratch,history,ridge10,extra,four_year,476,393.2114568698606,300.728814294076,-61.796040009880734,404.29567176278414,388.90543780164853,464.45012319835075,0.6302521008403361,394.9060058260385
extra__hier__scratch__history__ridge10__ridge100,hierarchy,scratch,history,ridge10,ridge100,development,238,455.6981329563116,376.0120749336101,-280.4915766841374,420.1266178610075,444.23198030784533,545.813159921189,0.6848739495798319,443.93871602036904
extra__hier__scratch__history__ridge10__ridge100,hierarchy,scratch,history,ridge10,ridge100,late,238,404.4180260355823,315.4593887632736,237.34440544162737,424.814934741984,402.359309876044,443.1137640938412,0.6638655462184874,409.0025741722982
extra__hier__scratch__history__ridge10__ridge100,hierarchy,scratch,history,ridge10,ridge100,four_year,476,430.821731208156,345.73573184844184,-21.573585621254967,422.4772797531041,423.29564509194466,545.813159921189,0.6743697478991597,426.8540968153402
extra__hier__scratch__history__ridge10__ridge1000,hierarchy,scratch,history,ridge10,ridge1000,development,238,411.1867552630169,333.7552719345636,-270.3600395608925,373.64560816308506,406.26426486002003,469.69844177968747,0.6974789915966386,400.5708458872847
extra__hier__scratch__history__ridge10__ridge1000,hierarchy,scratch,history,ridge10,ridge1000,late,238,376.7795146122089,280.5964692256761,197.75023922843505,409.3586946047761,376.776265477678,378.3410031892572,0.6386554621848739,384.92349732671795
extra__hier__scratch__history__ridge10__ridge1000,hierarchy,scratch,history,ridge10,ridge1000,four_year,476,394.35856167651536,307.17587058011986,-36.30490016622876,391.90916125301794,391.52026516884905,469.69844177968747,0.6680672268907563,393.03663744372443
extra__hier__scratch__history__ridge10__xgb1,hierarchy,scratch,history,ridge10,xgb1,development,238,391.4919811152864,311.3672643338643,-233.49101655638043,359.553224948442,384.8041288433627,456.85795388181924,0.7016806722689075,381.8353290055944
extra__hier__scratch__history__ridge10__xgb1,hierarchy,scratch,history,ridge10,xgb1,late,238,386.6341636037321,276.3549858820339,165.5072352066371,444.5180889138457,381.61381299361165,443.71755038544876,0.5882352941176471,399.8500572787304
extra__hier__scratch__history__ridge10__xgb1,hierarchy,scratch,history,ridge10,xgb1,four_year,476,389.070654086844,293.86112510794914,-33.99189067487167,404.2739497806176,383.2089709184872,456.85795388181924,0.6449579831932774,391.4060572181982
extra__hier__scratch__history__ridge10__xgb2,hierarchy,scratch,history,ridge10,xgb2,development,238,394.4996432800841,314.20462586083625,-239.99523508310455,361.38680703847467,388.1728843721375,458.54177228667555,0.6932773109243697,384.6397444926951
extra__hier__scratch__history__ridge10__xgb2,hierarchy,scratch,history,ridge10,xgb2,late,238,385.3514165669684,275.2384681973871,165.49780399509652,442.5898170119094,380.60694362092255,440.89018107304594,0.5882352941176471,398.4748984416922
extra__hier__scratch__history__ridge10__xgb2,hierarchy,scratch,history,ridge10,xgb2,four_year,476,389.9523578581638,294.7215470291116,-37.24871554400401,404.0335199114668,384.38991399653,458.54177228667555,0.6407563025210085,392.0820374060811
extra__hier__scratch__history__ridge10__zero,hierarchy,scratch,history,ridge10,zero,development,238,389.69252055001664,310.32603808204124,-231.06612045267116,357.7398023630524,383.3218985657263,453.49726926365855,0.7058823529411765,380.111685507203
extra__hier__scratch__history__ridge10__zero,hierarchy,scratch,history,ridge10,zero,late,238,388.6760794855226,278.17744840993566,168.97022458470676,447.13829675174986,383.4643332208799,446.90091503060785,0.5840336134453782,401.9886972359187
extra__hier__scratch__history__ridge10__zero,hierarchy,scratch,history,ridge10,zero,four_year,476,389.1846318502707,294.25174324598845,-31.04794793398221,404.913831954906,383.3931158933031,453.49726926365855,0.6449579831932774,391.6690528871876
extra__hier__scratch__history__xgb1__extra,hierarchy,scratch,history,xgb1,extra,development,238,311.8765587682128,244.87576668013534,-107.16115629609435,304.49427032292846,311.65880603070343,323.31112479646276,0.6974789915966386,309.9765484725144
extra__hier__scratch__history__xgb1__extra,hierarchy,scratch,history,xgb1,extra,late,238,395.21589756287045,284.7021863204277,188.17339826699498,458.10890859523715,391.04579569585366,448.3065270483433,0.5672268907563025,409.8966248542079
extra__hier__scratch__history__xgb1__extra,hierarchy,scratch,history,xgb1,extra,four_year,476,355.9933943175967,264.78897650028154,40.506120985450316,388.9604946481146,351.3523008632785,448.3065270483433,0.6323529411764706,363.07489603664663
extra__hier__scratch__history__xgb1__ridge100,hierarchy,scratch,history,xgb1,ridge100,development,238,350.97942802598936,282.0314847389061,-113.20278944563242,343.5547024064124,349.84788523257896,378.0084267000812,0.680672268907563,348.84036092274255
extra__hier__scratch__history__xgb1__ridge100,hierarchy,scratch,history,xgb1,ridge100,late,238,429.82343883500835,339.18021581269994,272.92139636995853,462.3455896668827,427.4074351428808,472.9164777227494,0.6512605042016807,437.34997561994504
extra__hier__scratch__history__xgb1__ridge100,hierarchy,scratch,history,xgb1,ridge100,four_year,476,392.3867654938191,310.6058502758031,79.85930346216306,407.30411109512266,388.6276601877298,472.9164777227494,0.6659663865546218,395.17632556762265
extra__hier__scratch__history__xgb1__ridge1000,hierarchy,scratch,history,xgb1,ridge1000,development,238,315.74808638041054,247.9167874224329,-100.6352815561503,308.10835047945824,315.44374797577274,329.30361507067585,0.7016806722689075,313.76206780401304
extra__hier__scratch__history__xgb1__ridge1000,hierarchy,scratch,history,xgb1,ridge1000,late,238,399.6420617760612,302.3665393064693,232.9871550231869,442.85189870603705,399.6340012233404,402.17223029974787,0.6176470588235294,410.442505870375
extra__hier__scratch__history__xgb1__ridge1000,hierarchy,scratch,history,xgb1,ridge1000,four_year,476,360.1462422360619,275.14166336445106,66.17593673351828,381.4764473874598,357.5388745995566,402.17223029974787,0.6596638655462185,364.826951614785
extra__hier__scratch__history__xgb1__xgb1,hierarchy,scratch,history,xgb1,xgb1,development,238,304.63424035810016,238.33409464762568,-62.59525201826369,304.6669048333595,304.2069707539242,320.3358065233729,0.7142857142857143,304.53558907587103
extra__hier__scratch__history__xgb1__xgb1,hierarchy,scratch,history,xgb1,xgb1,late,238,405.78660026053706,293.675179714007,200.4507123251712,471.70152961165087,399.9684476299489,468.43746143541955,0.5462184873949579,420.8107944406685
extra__hier__scratch__history__xgb1__xgb1,hierarchy,scratch,history,xgb1,xgb1,four_year,476,358.79296631174475,266.0046371808163,68.92773015345377,397.0669061623686,352.0877091919366,468.43746143541955,0.6302521008403361,366.6851369944486
extra__hier__scratch__history__xgb1__xgb2,hierarchy,scratch,history,xgb1,xgb2,development,238,305.8775055413513,239.74954706760815,-69.31169999862254,304.5033150415785,305.4905924141632,320.87065556887796,0.7100840336134454,305.43722963461107
extra__hier__scratch__history__xgb1__xgb2,hierarchy,scratch,history,xgb1,xgb2,late,238,404.4838217058657,292.6337421341398,200.43658556773158,469.7533695514347,398.9898402199823,465.429808785715,0.5504201680672269,419.42771329578704
extra__hier__scratch__history__xgb1__xgb2,hierarchy,scratch,history,xgb1,xgb2,four_year,476,358.5862590911578,266.191644600874,65.56244278455452,395.84750667159545,352.24021631707274,465.429808785715,0.6302521008403361,366.31506029274595
extra__hier__scratch__history__xgb1__zero,hierarchy,scratch,history,xgb1,zero,development,238,304.35590558919375,238.18427990333356,-60.0045153429825,304.89014203149827,303.96728419166897,319.34282997578214,0.7142857142857143,304.3923093503887
extra__hier__scratch__history__xgb1__zero,hierarchy,scratch,history,xgb1,zero,late,238,408.070625209653,295.65526594805334,203.94234427813868,474.60818196830155,402.06337214601007,471.8249657170867,0.5462184873949579,423.20320113340443
extra__hier__scratch__history__xgb1__zero,hierarchy,scratch,history,xgb1,zero,four_year,476,359.9681599989194,266.91977292569345,71.96891446757809,398.8802609175112,353.0153281688395,471.8249657170867,0.6302521008403361,367.95797727104735
extra__hier__scratch__physical__extra__extra,hierarchy,scratch,physical,extra,extra,development,238,306.1022535084903,235.66802819493287,-43.98100493697371,316.7258218417778,304.7045376754978,333.92327007334825,0.7605042016806722,308.40871663356404
extra__hier__scratch__physical__extra__extra,hierarchy,scratch,physical,extra,extra,late,238,391.26625723400133,295.3838225001031,86.89594842330155,450.41323324029906,389.2365391510341,429.0385571856665,0.5840336134453782,405.54557171483395
extra__hier__scratch__physical__extra__extra,hierarchy,scratch,physical,extra,extra,four_year,476,351.2747312666254,265.52592534751795,21.457471743163925,389.35030942541295,346.970538413266,429.0385571856665,0.6722689075630253,359.7175775929824
extra__hier__scratch__physical__extra__ridge100,hierarchy,scratch,physical,extra,ridge100,development,238,372.5366342234312,304.44670380041487,-47.80945694736063,394.7891321330731,371.42974908403085,400.126183250952,0.6848739495798319,377.82303741599156
extra__hier__scratch__physical__extra__ridge100,hierarchy,scratch,physical,extra,ridge100,late,238,366.2332088719762,282.5721359948789,166.3782108357543,373.95701211364155,366.04459197812366,377.79703701026637,0.6302521008403361,368.1170054589294
extra__hier__scratch__physical__extra__ridge100,hierarchy,scratch,physical,extra,ridge100,four_year,476,369.39836702345286,293.5094198976469,59.284376944196836,384.51417773558575,368.73717053107725,400.126183250952,0.657563025210084,373.0120205783922
extra__hier__scratch__physical__extra__ridge1000,hierarchy,scratch,physical,extra,ridge1000,development,238,311.17316179712816,243.46331568530965,-37.32525248287059,321.1994655865738,310.1538412286202,335.31991748125745,0.7310924369747899,313.42490760236257
extra__hier__scratch__physical__extra__ridge1000,hierarchy,scratch,physical,extra,ridge1000,late,238,361.12812540889007,271.82199983469945,128.65477039654795,393.526579173287,360.38177585132905,383.58734836272043,0.6134453781512605,369.04115146059905
extra__hier__scratch__physical__extra__ridge1000,hierarchy,scratch,physical,extra,ridge1000,four_year,476,337.077335031711,257.64265776000457,45.664758956838675,359.1881576617817,335.2678085399746,383.58734836272043,0.6722689075630253,342.1526590662946
extra__hier__scratch__physical__extra__xgb1,hierarchy,scratch,physical,extra,xgb1,development,238,321.85983854958886,253.82701136834686,2.2455514220404775,339.75714322043444,321.7586142244804,329.83015952320636,0.726890756302521,326.30885863602316
extra__hier__scratch__physical__extra__xgb1,hierarchy,scratch,physical,extra,xgb1,late,238,403.5995568879098,306.80568211452146,99.344126733031,466.1918434011058,400.5520793699827,450.0559583341628,0.5672268907563025,418.48575913672704
extra__hier__scratch__physical__extra__xgb1,hierarchy,scratch,physical,extra,xgb1,four_year,476,365.02490188429925,280.3163467414342,50.79483907753575,407.90302231230896,361.1553467972316,450.0559583341628,0.6470588235294118,374.7770432195348
extra__hier__scratch__physical__extra__xgb2,hierarchy,scratch,physical,extra,xgb2,development,238,319.16501558899125,251.83447386817542,-4.7689138613615425,337.00231430608704,318.96182744550407,330.34865354172166,0.7310924369747899,323.5735432323934
extra__hier__scratch__physical__extra__xgb2,hierarchy,scratch,physical,extra,xgb2,late,238,401.6007452680741,304.78202809420696,99.25678527651573,463.6369625148627,398.6960296663076,446.91049355625796,0.5714285714285714,416.3836206793296
extra__hier__scratch__physical__extra__xgb2,hierarchy,scratch,physical,extra,xgb2,four_year,476,362.73231574798626,278.3082509811912,47.24393570757709,405.29606021874116,358.82892855590586,446.91049355625796,0.6512605042016807,372.39740506765486
extra__hier__scratch__physical__extra__zero,hierarchy,scratch,physical,extra,zero,development,238,320.94175756295226,252.76223140219662,4.786465812033147,339.1227421953492,320.8681384811381,327.74196239843326,0.726890756302521,325.468598950598
extra__hier__scratch__physical__extra__zero,hierarchy,scratch,physical,extra,zero,late,238,405.25974954728156,308.01719106044106,102.77717736302337,468.34146974583587,401.9557505816342,453.59913522555985,0.5588235294117647,420.2041798555083
extra__hier__scratch__physical__extra__zero,hierarchy,scratch,physical,extra,zero,four_year,476,365.54006370760663,280.3897112313188,53.78182158752826,408.8691517819503,361.41194453138615,453.59913522555985,0.6428571428571429,375.3403059321374
extra__hier__scratch__physical__ridge1000__extra,hierarchy,scratch,physical,ridge1000,extra,development,238,339.0263869238319,267.18446559273644,-101.45054112176999,354.2911442533741,336.1253265211409,380.3820311169897,0.7436974789915967,342.1173111555447
extra__hier__scratch__physical__ridge1000__extra,hierarchy,scratch,physical,ridge1000,extra,late,238,378.4219975206563,284.962974606514,66.02527206644432,434.18151427697177,376.44352613473325,415.0890930056178,0.592436974789916,391.8672588632544
extra__hier__scratch__physical__ridge1000__extra,hierarchy,scratch,physical,ridge1000,extra,four_year,476,359.26459555469097,276.0737200996252,-17.712634527662843,396.25484365254727,356.28442632793707,415.0890930056178,0.6680672268907563,367.7671152724666
extra__hier__scratch__physical__ridge1000__ridge100,hierarchy,scratch,physical,ridge1000,ridge100,development,238,414.1279946070992,336.88034980269583,-103.90658942702571,445.44327710878514,411.68848381999555,456.5726481465248,0.6848739495798319,421.34693753574476
extra__hier__scratch__physical__ridge1000__ridge100,hierarchy,scratch,physical,ridge1000,ridge100,late,238,354.4088136152925,271.438418227989,145.54115895970816,370.54354835724484,354.40876100168975,354.60187611329815,0.634453781512605,358.4424841473799
extra__hier__scratch__physical__ridge1000__ridge100,hierarchy,scratch,physical,ridge1000,ridge100,four_year,476,385.4267784453337,304.1593840153424,20.81728476634122,409.7085759113371,383.04862241084265,456.5726481465248,0.6596638655462185,390.9026888032118
extra__hier__scratch__physical__ridge1000__ridge1000,hierarchy,scratch,physical,ridge1000,ridge1000,development,238,344.4012575128685,274.5679692378169,-94.73161817858944,359.0598862370224,342.1320388555087,381.6022068943935,0.7226890756302521,347.498610029567
extra__hier__scratch__physical__ridge1000__ridge1000,hierarchy,scratch,physical,ridge1000,ridge1000,late,238,348.8910252136902,258.7856196307002,107.85838496549128,383.11260047683123,348.35498410803734,367.68766425717513,0.6638655462184874,357.31240875306224
extra__hier__scratch__physical__ridge1000__ridge1000,hierarchy,scratch,physical,ridge1000,ridge1000,four_year,476,346.6534102321114,266.67679443425857,6.56338339345091,371.28107044977634,345.243511481773,381.6022068943935,0.6932773109243697,352.4578505989431
extra__hier__scratch__physical__ridge1000__xgb1,hierarchy,scratch,physical,ridge1000,xgb1,development,238,351.6551562818179,279.01473443561036,-55.4524300763331,379.16101467843794,350.8586981609581,374.51293381522214,0.7226890756302521,358.3325063507579
extra__hier__scratch__physical__ridge1000__xgb1,hierarchy,scratch,physical,ridge1000,xgb1,late,238,388.9813273692971,292.9871472740296,78.27190711728672,448.9048417606614,386.063645490609,433.6171382380578,0.5588235294117647,403.2327854974661
extra__hier__scratch__physical__ridge1000__xgb1,hierarchy,scratch,physical,ridge1000,xgb1,four_year,476,370.78822930452503,286.00094085481993,11.409738520476795,415.4988760563301,368.4611718257836,433.6171382380578,0.6407563025210085,381.3841266227909
extra__hier__scratch__physical__ridge1000__xgb2,hierarchy,scratch,physical,ridge1000,xgb2,development,238,350.5312675399296,278.7032806098336,-62.348715576368335,377.18302336299615,349.5720663187335,375.48615462607466,0.7142857142857143,356.9544061903972
extra__hier__scratch__physical__ridge1000__xgb2,hierarchy,scratch,physical,ridge1000,xgb2,late,238,387.0747553313292,291.2743305442088,78.19585025321969,446.47878199043663,384.2744591359686,430.75032675097015,0.5630252100840336,401.2256879472659
extra__hier__scratch__physical__ridge1000__xgb2,hierarchy,scratch,physical,ridge1000,xgb2,four_year,476,369.2553559110267,284.98880557702125,7.9235673384256655,413.2858187023324,366.923262727351,430.75032675097015,0.6386554621848739,379.67994831293424
extra__hier__scratch__physical__ridge1000__zero,hierarchy,scratch,physical,ridge1000,zero,development,238,350.4374366429486,277.84271633535747,-52.9496221553885,378.2008668235113,349.76166321947227,371.51427094427277,0.7226890756302521,357.2093508322202
extra__hier__scratch__physical__ridge1000__zero,hierarchy,scratch,physical,ridge1000,zero,late,238,390.4315245757897,293.92664119793466,81.67900065683995,451.0629854966797,387.277984303117,436.80109261317875,0.5672268907563025,404.801004737844
extra__hier__scratch__physical__ridge1000__zero,hierarchy,scratch,physical,ridge1000,zero,four_year,476,370.97383491525113,285.88467876664606,14.364689250725718,416.22933134945765,368.5198237612946,436.80109261317875,0.6449579831932774,381.67420623531365
extra__hier__scratch__physical__ridge100__extra,hierarchy,scratch,physical,ridge100,extra,development,238,428.8175530546884,347.1732954335176,-189.20499177234902,469.0175608215833,418.59963103015036,511.6525337749464,0.680672268907563,436.3130744902776
extra__hier__scratch__physical__ridge100__extra,hierarchy,scratch,physical,ridge100,extra,late,238,468.20801020708564,378.4002141584722,-261.4131361286026,493.8365181548784,450.2096172452442,578.778825697226,0.5840336134453782,470.1155389535735
extra__hier__scratch__physical__ridge100__extra,hierarchy,scratch,physical,ridge100,extra,four_year,476,448.94500477780616,362.7867547959949,-225.3090639504758,481.58694906650095,434.4046241376973,578.778825697226,0.6323529411764706,453.4703956899526
extra__hier__scratch__physical__ridge100__ridge100,hierarchy,scratch,physical,ridge100,ridge100,development,238,510.80023469566237,419.0167260658262,-188.96751018114696,568.7138933511444,502.31539612579587,595.0306730769464,0.6848739495798319,523.1574397170663
extra__hier__scratch__physical__ridge100__ridge100,hierarchy,scratch,physical,ridge100,ridge100,late,238,380.0196875914744,296.69732740242745,-190.08134122943542,379.84936100306254,373.9925039818112,441.4059293697611,0.680672268907563,378.4703100419556
extra__hier__scratch__physical__ridge100__ridge100,hierarchy,scratch,physical,ridge100,ridge100,four_year,476,450.18431931946805,357.85702673412686,-189.52442570529118,483.5912682964053,438.15395005380356,595.0306730769464,0.6827731092436975,455.52846424728625
extra__hier__scratch__physical__ridge100__ridge1000,hierarchy,scratch,physical,ridge100,ridge1000,development,238,433.23578733421715,352.5013508149959,-182.4438914672138,471.9828842722326,424.4699064432324,511.17945580875835,0.6848739495798319,440.73109134597485
extra__hier__scratch__physical__ridge100__ridge1000,hierarchy,scratch,physical,ridge100,ridge1000,late,238,412.08961564704515,328.65810565580273,-223.91847227176189,424.42538418827735,401.93560822385825,492.8510533684897,0.6134453781512605,412.63505592655645
extra__hier__scratch__physical__ridge100__ridge1000,hierarchy,scratch,physical,ridge100,ridge1000,four_year,476,422.7949259104397,340.5797282353993,-203.18118186948786,448.8344626860233,413.20275733354526,511.17945580875835,0.6491596638655462,426.906767960112
extra__hier__scratch__physical__ridge100__xgb1,hierarchy,scratch,physical,ridge100,xgb1,development,238,439.3964267715282,356.46203189807386,-143.28609508221734,492.31104791018714,433.7314623547235,504.06096130943,0.6722689075630253,451.20884095199176
extra__hier__scratch__physical__ridge100__xgb1,hierarchy,scratch,physical,ridge100,xgb1,late,238,469.2279617301481,377.2937384519277,-249.97913041347635,500.1084543131379,450.6811230597077,581.3004378147238,0.5882352941176471,472.3113752082854
extra__hier__scratch__physical__ridge100__xgb1,hierarchy,scratch,physical,ridge100,xgb1,four_year,476,454.5569820875136,366.87788517500076,-196.63261274784682,496.22506686477584,442.20629270721554,581.3004378147238,0.6302521008403361,461.8863309367547
extra__hier__scratch__physical__ridge100__xgb2,hierarchy,scratch,physical,ridge100,xgb2,development,238,439.25050050933896,357.03024250161894,-150.09040327989578,491.14124149532637,433.2728918562403,505.4920263029749,0.6680672268907563,450.7287835925611
extra__hier__scratch__physical__ridge100__xgb2,hierarchy,scratch,physical,ridge100,xgb2,late,238,467.7649758191313,376.28520478989657,-250.088170906089,498.40242743580063,449.3669561018232,579.2646518737441,0.592436974789916,470.8248337939716
extra__hier__scratch__physical__ridge100__xgb2,hierarchy,scratch,physical,ridge100,xgb2,four_year,476,453.7317901584466,366.6577236457578,-200.08928709299238,494.78515477501395,441.3199239790317,579.2646518737441,0.6302521008403361,460.8921647677347
extra__hier__scratch__physical__ridge100__zero,hierarchy,scratch,physical,ridge100,zero,development,238,437.63196370688615,355.0279522887099,-140.882323904857,490.63276366659125,432.34685068026994,500.1549354843531,0.6722689075630253,449.56088544015836
extra__hier__scratch__physical__ridge100__zero,hierarchy,scratch,physical,ridge100,zero,late,238,468.1672718971699,376.16876339925807,-246.83832462633285,499.6948161405308,449.88549147706044,579.437176275377,0.592436974789916,471.47871285298277
extra__hier__scratch__physical__ridge100__zero,hierarchy,scratch,physical,ridge100,zero,four_year,476,453.1568879171891,365.59835784398393,-193.86032426559493,495.1845201845652,441.11617107866516,579.437176275377,0.6323529411764706,460.65361677440217
extra__hier__scratch__physical__ridge10__extra,hierarchy,scratch,physical,ridge10,extra,development,238,557.4566227443399,474.727786853764,-393.32951234876225,589.4440569244898,535.8949231645555,689.4348774695524,0.634453781512605,560.0630563944313
extra__hier__scratch__physical__ridge10__extra,hierarchy,scratch,physical,ridge10,extra,late,238,802.9791404555593,723.9424092621857,-710.2240754972519,805.6981963640233,784.2861851019682,956.53797715346,0.5714285714285714,798.9856655942774
extra__hier__scratch__physical__ridge10__extra,hierarchy,scratch,physical,ridge10,extra,four_year,476,691.2066934891019,599.335098057975,-551.7767939230071,705.901508663865,660.0905541332618,956.53797715346,0.6029411764705882,687.1013624438326
extra__hier__scratch__physical__ridge10__ridge100,hierarchy,scratch,physical,ridge10,ridge100,development,238,621.6817247192403,532.3459619333283,-392.2125782378624,665.4246208066436,595.8831803607857,773.1158021125516,0.6428571428571429,626.1678126514774
extra__hier__scratch__physical__ridge10__ridge100,hierarchy,scratch,physical,ridge10,ridge100,late,238,726.716641447329,659.8924733963902,-647.3645476021479,727.541314208236,722.1916050698226,803.1629736093196,0.5840336134453782,725.7915505431793
extra__hier__scratch__physical__ridge10__ridge100,hierarchy,scratch,physical,ridge10,ridge100,four_year,476,676.2415410954783,596.1192176648592,-519.7885629200051,697.1751178346487,659.0373927153041,803.1629736093196,0.6134453781512605,677.1738981852274
extra__hier__scratch__physical__ridge10__ridge1000,hierarchy,scratch,physical,ridge10,ridge1000,development,238,558.7199723845911,477.6039017170184,-386.7766183028936,587.473402898846,537.6955021247462,689.5228861378259,0.634453781512605,560.6522124481936
extra__hier__scratch__physical__ridge10__ridge1000,hierarchy,scratch,physical,ridge10,ridge1000,late,238,759.4598621574,689.0958692669102,-677.0313869796084,760.7673122452218,750.908008739141,864.5585460874313,0.5672268907563025,757.6487613247907
extra__hier__scratch__physical__ridge10__ridge1000,hierarchy,scratch,physical,ridge10,ridge1000,four_year,476,666.6885666372176,583.3498854919643,-531.9040026412512,679.6660586252518,644.3017554319435,864.5585460874313,0.6008403361344538,664.3362368329076
extra__hier__scratch__physical__ridge10__xgb1,hierarchy,scratch,physical,ridge10,xgb1,development,238,549.1361158200217,463.6687067848649,-349.59990863590787,590.0408834068342,527.1242229611754,681.0414970582606,0.6554621848739496,553.8593345020132
extra__hier__scratch__physical__ridge10__xgb1,hierarchy,scratch,physical,ridge10,xgb1,late,238,797.1474517919498,715.0485372125875,-700.2501882197009,802.9469521314384,775.8269075209387,958.9571056448308,0.5714285714285714,793.2671908090691
extra__hier__scratch__physical__ridge10__xgb1,hierarchy,scratch,physical,ridge10,xgb1,four_year,476,684.4686017620894,589.3586219987261,-524.9250484278044,704.582164133,651.475565241057,958.9571056448308,0.6134453781512605,681.2487332245589
extra__hier__scratch__physical__ridge10__xgb2,hierarchy,scratch,physical,ridge10,xgb2,development,238,551.7768447390067,467.5446234877783,-356.00716085841873,591.2636306807048,530.2754543128196,682.8062018474285,0.6512605042016807,556.2731936178845
extra__hier__scratch__physical__ridge10__xgb2,hierarchy,scratch,physical,ridge10,xgb2,late,238,796.6587328014923,715.0623541583484,-700.342168540831,802.5846831792915,775.8210680282937,956.8371086222621,0.5714285714285714,792.9308042026424
extra__hier__scratch__physical__ridge10__xgb2,hierarchy,scratch,physical,ridge10,xgb2,four_year,476,685.2455118200387,591.3034888230634,-528.1746646996248,704.8882374673776,653.0482611705567,956.8371086222621,0.6113445378151261,682.1068805695029
extra__hier__scratch__physical__ridge10__zero,hierarchy,scratch,physical,ridge10,zero,development,238,546.9712602353937,462.23845081099165,-347.31946963467306,587.6413135967804,525.6281317321489,676.9312270582708,0.6554621848739496,551.8029914499291
extra__hier__scratch__physical__ridge10__zero,hierarchy,scratch,physical,ridge10,zero,late,238,794.9538629986922,712.5199216484041,-697.4948376032023,800.9418331104669,773.4614921865054,957.0615041722564,0.5714285714285714,791.0777628235892
extra__hier__scratch__physical__ridge10__zero,hierarchy,scratch,physical,ridge10,zero,four_year,476,682.3229454664552,587.3791862296979,-522.4071536189377,702.4350978816849,649.5448119593271,957.0615041722564,0.6134453781512605,679.1564501934805
extra__hier__scratch__physical__xgb1__extra,hierarchy,scratch,physical,xgb1,extra,development,238,311.8765587682128,244.87576668013534,-107.16115629609435,304.49427032292846,311.65880603070343,323.31112479646276,0.6974789915966386,309.9765484725144
extra__hier__scratch__physical__xgb1__extra,hierarchy,scratch,physical,xgb1,extra,late,238,395.21589756287045,284.7021863204277,188.17339826699498,458.10890859523715,391.04579569585366,448.3065270483433,0.5672268907563025,409.8966248542079
extra__hier__scratch__physical__xgb1__extra,hierarchy,scratch,physical,xgb1,extra,four_year,476,355.9933943175967,264.78897650028154,40.506120985450316,388.9604946481146,351.3523008632785,448.3065270483433,0.6323529411764706,363.07489603664663
extra__hier__scratch__physical__xgb1__ridge100,hierarchy,scratch,physical,xgb1,ridge100,development,238,350.97942802598936,282.0314847389061,-113.20278944563242,343.5547024064124,349.84788523257896,378.0084267000812,0.680672268907563,348.84036092274255
extra__hier__scratch__physical__xgb1__ridge100,hierarchy,scratch,physical,xgb1,ridge100,late,238,429.82343883500835,339.18021581269994,272.92139636995853,462.3455896668827,427.4074351428808,472.9164777227494,0.6512605042016807,437.34997561994504
extra__hier__scratch__physical__xgb1__ridge100,hierarchy,scratch,physical,xgb1,ridge100,four_year,476,392.3867654938191,310.6058502758031,79.85930346216306,407.30411109512266,388.6276601877298,472.9164777227494,0.6659663865546218,395.17632556762265
extra__hier__scratch__physical__xgb1__ridge1000,hierarchy,scratch,physical,xgb1,ridge1000,development,238,315.74808638041054,247.9167874224329,-100.6352815561503,308.10835047945824,315.44374797577274,329.30361507067585,0.7016806722689075,313.76206780401304
extra__hier__scratch__physical__xgb1__ridge1000,hierarchy,scratch,physical,xgb1,ridge1000,late,238,399.6420617760612,302.3665393064693,232.9871550231869,442.85189870603705,399.6340012233404,402.17223029974787,0.6176470588235294,410.442505870375
extra__hier__scratch__physical__xgb1__ridge1000,hierarchy,scratch,physical,xgb1,ridge1000,four_year,476,360.1462422360619,275.14166336445106,66.17593673351828,381.4764473874598,357.5388745995566,402.17223029974787,0.6596638655462185,364.826951614785
extra__hier__scratch__physical__xgb1__xgb1,hierarchy,scratch,physical,xgb1,xgb1,development,238,304.63424035810016,238.33409464762568,-62.59525201826369,304.6669048333595,304.2069707539242,320.3358065233729,0.7142857142857143,304.53558907587103
extra__hier__scratch__physical__xgb1__xgb1,hierarchy,scratch,physical,xgb1,xgb1,late,238,405.78660026053706,293.675179714007,200.4507123251712,471.70152961165087,399.9684476299489,468.43746143541955,0.5462184873949579,420.8107944406685
extra__hier__scratch__physical__xgb1__xgb1,hierarchy,scratch,physical,xgb1,xgb1,four_year,476,358.79296631174475,266.0046371808163,68.92773015345377,397.0669061623686,352.0877091919366,468.43746143541955,0.6302521008403361,366.6851369944486
extra__hier__scratch__physical__xgb1__xgb2,hierarchy,scratch,physical,xgb1,xgb2,development,238,305.8775055413513,239.74954706760815,-69.31169999862254,304.5033150415785,305.4905924141632,320.87065556887796,0.7100840336134454,305.43722963461107
extra__hier__scratch__physical__xgb1__xgb2,hierarchy,scratch,physical,xgb1,xgb2,late,238,404.4838217058657,292.6337421341398,200.43658556773158,469.7533695514347,398.9898402199823,465.429808785715,0.5504201680672269,419.42771329578704
extra__hier__scratch__physical__xgb1__xgb2,hierarchy,scratch,physical,xgb1,xgb2,four_year,476,358.5862590911578,266.191644600874,65.56244278455452,395.84750667159545,352.24021631707274,465.429808785715,0.6302521008403361,366.31506029274595
extra__hier__scratch__physical__xgb1__zero,hierarchy,scratch,physical,xgb1,zero,development,238,304.35590558919375,238.18427990333356,-60.0045153429825,304.89014203149827,303.96728419166897,319.34282997578214,0.7142857142857143,304.3923093503887
extra__hier__scratch__physical__xgb1__zero,hierarchy,scratch,physical,xgb1,zero,late,238,408.070625209653,295.65526594805334,203.94234427813868,474.60818196830155,402.06337214601007,471.8249657170867,0.5462184873949579,423.20320113340443
extra__hier__scratch__physical__xgb1__zero,hierarchy,scratch,physical,xgb1,zero,four_year,476,359.9681599989194,266.91977292569345,71.96891446757809,398.8802609175112,353.0153281688395,471.8249657170867,0.6302521008403361,367.95797727104735
weighted3__direct__modis_pretrained__extra,direct_anomaly,modis_pretrained,none,none,extra,development,238,309.63242900636726,234.19342900048272,117.26864798622566,333.83073417500606,309.6244261262508,311.85059736245563,0.6596638655462185,315.6800045784978
weighted3__direct__modis_pretrained__extra,direct_anomaly,modis_pretrained,none,none,extra,late,238,369.474986272146,274.36966782233094,52.92642863298572,432.14834934036327,366.753218213351,411.5175166100939,0.5756302521008403,384.46288502450153
weighted3__direct__modis_pretrained__extra,direct_anomaly,modis_pretrained,none,none,extra,four_year,476,340.8694813071313,254.28154841140682,85.0975383096057,386.1315546011645,338.1888221698009,411.5175166100939,0.6176470588235294,351.514834846307
weighted3__direct__modis_pretrained__ridge100,direct_anomaly,modis_pretrained,none,none,ridge100,development,238,1277.1526549834364,1223.178866300749,-1222.8670736444612,1354.5274124304078,1275.0398779794014,1348.4715720461525,0.5714285714285714,1295.9681500941706
weighted3__direct__modis_pretrained__ridge100,direct_anomaly,modis_pretrained,none,none,ridge100,late,238,1242.004315681029,1201.3032856616162,-1200.1111949328624,1251.4461213122765,1238.154393092635,1335.870405269296,0.5672268907563025,1243.4022864417425
weighted3__direct__modis_pretrained__ridge100,direct_anomaly,modis_pretrained,none,none,ridge100,four_year,476,1259.7010804753525,1212.2410759811823,-1211.4891342886617,1304.0057334177939,1256.5971355360182,1348.4715720461525,0.569327731092437,1270.0012574761292
weighted3__direct__modis_pretrained__ridge1000,direct_anomaly,modis_pretrained,none,none,ridge1000,development,238,589.1933025390916,504.89136227974063,-472.7362478751928,626.9247300949559,572.3475151912667,712.2298572195022,0.6260504201680672,594.4147125911014
weighted3__direct__modis_pretrained__ridge1000,direct_anomaly,modis_pretrained,none,none,ridge1000,late,238,810.1244271494322,762.569220991998,-751.6331159727183,788.952314778715,808.4013243133556,861.2112316471942,0.5714285714285714,804.4006233477337
weighted3__direct__modis_pretrained__ridge1000,direct_anomaly,modis_pretrained,none,none,ridge1000,four_year,476,708.3256084672914,633.7302916358693,-612.1846819239555,712.5589000915384,690.374419752311,861.2112316471942,0.5987394957983193,704.8961341946081
weighted3__direct__modis_pretrained__xgb1,direct_anomaly,modis_pretrained,none,none,xgb1,development,238,284.9500706377669,213.68971347007442,36.524516305001704,300.23071133447576,284.58433603099604,299.01688404808186,0.7016806722689075,288.6787971602514
weighted3__direct__modis_pretrained__xgb1,direct_anomaly,modis_pretrained,none,none,xgb1,late,238,349.32854732263434,259.1557216034992,38.09295614968866,402.518859552211,346.93283608239574,387.774496459607,0.6302521008403361,362.02719756996885
weighted3__direct__modis_pretrained__xgb1,direct_anomaly,modis_pretrained,none,none,xgb1,four_year,476,318.7687066910822,236.42271753678682,37.30873622734517,355.07739460828674,315.7585860566959,387.774496459607,0.6659663865546218,327.09334851178676
weighted3__direct__modis_pretrained__xgb2,direct_anomaly,modis_pretrained,none,none,xgb2,development,238,291.222928589284,221.56153870467892,-55.13070809803603,295.4963323994896,291.00011401955487,302.3899242341845,0.7352941176470589,292.2355758994031
weighted3__direct__modis_pretrained__xgb2,direct_anomaly,modis_pretrained,none,none,xgb2,late,238,355.99765847815667,278.34056484642315,-67.2074973175944,390.88165879047506,355.8871526409456,364.75661863673974,0.6512605042016807,364.69103209693355
weighted3__direct__modis_pretrained__xgb2,direct_anomaly,modis_pretrained,none,none,xgb2,four_year,476,325.2269415178034,249.95105177555104,-61.16910270781522,346.4870514466183,323.44363333025024,364.75661863673974,0.6932773109243697,330.09614195311883
weighted3__direct__modis_pretrained__zero,direct_anomaly,modis_pretrained,none,none,zero,development,238,296.8968959196488,223.87815126050435,34.60504201680658,314.0573889603716,296.17860422239175,316.8184009170931,0.7310924369747899,301.0074462555152
weighted3__direct__modis_pretrained__zero,direct_anomaly,modis_pretrained,none,none,zero,late,238,365.6750882547128,263.3847648254096,91.5242757138829,430.7112680413553,361.53350957954143,416.4133020462737,0.6050420168067226,380.8987385325806
weighted3__direct__modis_pretrained__zero,direct_anomaly,modis_pretrained,none,none,zero,four_year,476,333.06608726858906,243.63145804295698,63.06465886534474,376.9245547708442,328.85605690096656,416.4133020462737,0.6680672268907563,342.97819655224725
weighted3__direct__none__extra,direct_anomaly,none,none,none,extra,development,238,312.04218017450063,236.30222395456792,120.13400497158618,338.79220042674353,311.9935136495742,317.5043800649833,0.680672268907563,318.71751860632975
weighted3__direct__none__extra,direct_anomaly,none,none,none,extra,late,238,371.7854703937608,273.3878102344294,68.1648811080263,436.73880538038645,367.8879491382284,421.58052660269976,0.5714285714285714,387.0494238265341
weighted3__direct__none__extra,direct_anomaly,none,none,none,extra,four_year,476,343.2162279117681,254.84501709449867,94.14944303980623,390.845838659619,339.94073139390133,421.58052660269976,0.6260504201680672,354.30475646926413
weighted3__direct__none__ridge100,direct_anomaly,none,none,none,ridge100,development,238,893.0046346966991,843.1035439905028,-831.2496651694574,935.4276082693979,892.2502589422324,928.9483925092702,0.5756302521008403,903.4217841512572
weighted3__direct__none__ridge100,direct_anomaly,none,none,none,ridge100,late,238,963.09295880138,918.03883283483,-910.9541555954678,945.2879473420298,959.4852191041153,1042.7688406243406,0.5756302521008403,957.7397710122264
weighted3__direct__none__ridge100,direct_anomaly,none,none,none,ridge100,four_year,476,928.7102144594355,880.5711884126664,-871.1019103824625,940.3707018252734,925.867739023174,1042.7688406243406,0.5756302521008403,930.9147174418297
weighted3__direct__none__ridge1000,direct_anomaly,none,none,none,ridge1000,development,238,526.6076831488116,449.65423423362404,-410.6415618224091,551.8387126791588,516.4573534372103,619.3527082011244,0.6428571428571429,530.377858103498
weighted3__direct__none__ridge1000,direct_anomaly,none,none,none,ridge1000,late,238,733.5564560747099,679.4327527270259,-662.0238000037373,712.5365112504588,730.2285825972388,800.023219976593,0.5756302521008403,727.4695014992794
weighted3__direct__none__ridge1000,direct_anomaly,none,none,none,ridge1000,four_year,476,638.5220145775112,564.543493480325,-536.3326809130732,637.2731928601604,623.3429680172244,800.023219976593,0.6092436974789915,634.4150475081018
weighted3__direct__none__xgb1,direct_anomaly,none,none,none,xgb1,development,238,285.1528831404136,213.18035588407227,35.92940070786883,301.77383198849793,284.9419120514134,295.90884050814066,0.7100840336134454,289.25537758018464
weighted3__direct__none__xgb1,direct_anomaly,none,none,none,xgb1,late,238,360.84794914380245,264.10489061579125,68.7930138472212,421.1444179982447,356.4805210387393,412.4526616198995,0.6092436974789915,374.8302093311472
weighted3__direct__none__xgb1,direct_anomaly,none,none,none,xgb1,four_year,476,325.21024673630643,238.64262324993177,52.361207277545006,366.35369964291505,320.71121654507635,412.4526616198995,0.6596638655462185,334.371352415151
weighted3__direct__none__xgb2,direct_anomaly,none,none,none,xgb2,development,238,286.54265431390644,217.1913123423814,-39.06558841166389,293.2797660678688,286.2482945048215,299.2331562422395,0.726890756302521,288.1533423001258
weighted3__direct__none__xgb2,direct_anomaly,none,none,none,xgb2,late,238,356.14835040197187,278.3972082480561,-65.365469635136,392.21335384427215,356.03324965717104,365.0871235573457,0.6638655462184874,365.1358260763467
weighted3__direct__none__xgb2,direct_anomaly,none,none,none,xgb2,four_year,476,323.2246434256712,247.79426029521878,-52.215529023399945,346.29780256204054,321.14077208099627,365.0871235573457,0.6953781512605042,328.4719653735948
weighted3__direct__none__zero,direct_anomaly,none,none,none,zero,development,238,296.8968959196488,223.87815126050435,34.60504201680658,314.0573889603716,296.17860422239175,316.8184009170931,0.7310924369747899,301.0074462555152
weighted3__direct__none__zero,direct_anomaly,none,none,none,zero,late,238,365.6750882547128,263.3847648254096,91.5242757138829,430.7112680413553,361.53350957954143,416.4133020462737,0.6050420168067226,380.8987385325806
weighted3__direct__none__zero,direct_anomaly,none,none,none,zero,four_year,476,333.06608726858906,243.63145804295698,63.06465886534474,376.9245547708442,328.85605690096656,416.4133020462737,0.6680672268907563,342.97819655224725
weighted3__direct__scratch__extra,direct_anomaly,scratch,none,none,extra,development,238,311.1220228455946,235.1454340953437,119.16441753796225,336.23691015253047,311.114541291263,313.2721549410358,0.6680672268907563,317.3988742837456
weighted3__direct__scratch__extra,direct_anomaly,scratch,none,none,extra,late,238,371.892657857004,274.50283923006816,66.37021971899497,436.9504235071666,368.2953641862663,419.8964657912917,0.5714285714285714,387.2577758518602
weighted3__direct__scratch__extra,direct_anomaly,scratch,none,none,extra,four_year,476,342.8564291853671,254.82413666270594,92.7673186284786,389.85954672934014,339.70495273876463,419.8964657912917,0.6197478991596639,353.81933945970974
weighted3__direct__scratch__ridge100,direct_anomaly,scratch,none,none,ridge100,development,238,1225.7432777786435,1175.720262176097,-1174.4772888328546,1298.4343064294355,1224.3306188920355,1283.161891723571,0.5714285714285714,1243.5628702196896
weighted3__direct__scratch__ridge100,direct_anomaly,scratch,none,none,ridge100,late,238,1169.152604096322,1128.3818054928033,-1126.400813645655,1178.4391328394051,1165.8240926465296,1253.983021122929,0.5672268907563025,1170.6421084196447
weighted3__direct__scratch__ridge100,direct_anomaly,scratch,none,none,ridge100,four_year,476,1197.7821994596397,1152.05103383445,-1150.4390512392547,1239.8891962429907,1195.0773557692826,1283.161891723571,0.569327731092437,1207.6327377328882
weighted3__direct__scratch__ridge1000,direct_anomaly,scratch,none,none,ridge1000,development,238,593.9508707908559,510.49103491306784,-480.57447181260795,630.0707773789408,579.4891066462208,709.7581059959548,0.6218487394957983,599.3654064017182
weighted3__direct__scratch__ridge1000,direct_anomaly,scratch,none,none,ridge1000,late,238,766.876815326826,716.7956571459123,-703.2428777699222,743.4629851758092,765.3059858412744,814.3651126305879,0.5756302521008403,760.6306504176839
weighted3__direct__scratch__ridge1000,direct_anomaly,scratch,none,none,ridge1000,four_year,476,685.8854448080345,613.6433460294901,-591.9086747912651,689.1031834324335,672.3975462437475,814.3651126305879,0.5987394957983193,683.3179048230625
weighted3__direct__scratch__xgb1,direct_anomaly,scratch,none,none,xgb1,development,238,284.9500706377669,213.68971347007442,36.524516305001704,300.23071133447576,284.58433603099604,299.01688404808186,0.7016806722689075,288.6787971602514
weighted3__direct__scratch__xgb1,direct_anomaly,scratch,none,none,xgb1,late,238,349.32854732263434,259.1557216034992,38.09295614968866,402.518859552211,346.93283608239574,387.774496459607,0.6302521008403361,362.02719756996885
weighted3__direct__scratch__xgb1,direct_anomaly,scratch,none,none,xgb1,four_year,476,318.7687066910822,236.42271753678682,37.30873622734517,355.07739460828674,315.7585860566959,387.774496459607,0.6659663865546218,327.09334851178676
weighted3__direct__scratch__xgb2,direct_anomaly,scratch,none,none,xgb2,development,238,291.24825851546956,221.62614418215622,-55.572100542548455,295.53199870611354,291.0265002346704,302.38978538700235,0.7394957983193278,292.2637539929308
weighted3__direct__scratch__xgb2,direct_anomaly,scratch,none,none,xgb2,late,238,355.7851119548952,277.9666543049943,-66.17807398744905,390.7960712958538,355.6855834311048,364.1005479605554,0.6554621848739496,364.51296965918726
weighted3__direct__scratch__xgb2,direct_anomaly,scratch,none,none,xgb2,four_year,476,325.12197247883074,249.79639924357525,-60.87508726499877,346.45398799804883,323.35604183288757,364.1005479605554,0.6974789915966386,330.01349369714944
weighted3__direct__scratch__zero,direct_anomaly,scratch,none,none,zero,development,238,296.8968959196488,223.87815126050435,34.60504201680658,314.0573889603716,296.17860422239175,316.8184009170931,0.7310924369747899,301.0074462555152
weighted3__direct__scratch__zero,direct_anomaly,scratch,none,none,zero,late,238,365.6750882547128,263.3847648254096,91.5242757138829,430.7112680413553,361.53350957954143,416.4133020462737,0.6050420168067226,380.8987385325806
weighted3__direct__scratch__zero,direct_anomaly,scratch,none,none,zero,four_year,476,333.06608726858906,243.63145804295698,63.06465886534474,376.9245547708442,328.85605690096656,416.4133020462737,0.6680672268907563,342.97819655224725
weighted3__hier__modis_pretrained__encoder__extra__extra,hierarchy,modis_pretrained,encoder,extra,extra,development,238,340.3100272854153,265.1003764334435,176.72317251611796,358.0347299232955,340.1024745580912,351.98613857484077,0.6428571428571429,344.6893147630543
weighted3__hier__modis_pretrained__encoder__extra__extra,hierarchy,modis_pretrained,encoder,extra,extra,late,238,395.2708932411917,298.6612790798905,-2.061124011579706,472.31021123384676,395.27033089147477,395.93708469425076,0.5756302521008403,414.5305821519262
weighted3__hier__modis_pretrained__encoder__extra__extra,hierarchy,modis_pretrained,encoder,extra,extra,four_year,476,368.81566785773185,281.880827756667,87.33102425226915,419.085792807993,367.68640272478297,395.93708469425076,0.6092436974789915,381.1008828120599
weighted3__hier__modis_pretrained__encoder__extra__ridge100,hierarchy,modis_pretrained,encoder,extra,ridge100,development,238,386.24895456753416,306.0610801897728,126.25341647940904,430.54323654353306,384.0848033092157,424.91516911010143,0.6596638655462185,396.78148724695427
weighted3__hier__modis_pretrained__encoder__extra__ridge100,hierarchy,modis_pretrained,encoder,extra,ridge100,late,238,347.8551506526154,255.94502750861503,113.62623506199628,395.1601787407121,345.58950070578464,385.22664032862104,0.6890756302521008,359.11499518793187
weighted3__hier__modis_pretrained__encoder__extra__ridge100,hierarchy,modis_pretrained,encoder,extra,ridge100,four_year,476,367.55371086418563,281.00305384919386,119.93982577070264,413.23059264517934,364.8371520075002,424.91516911010143,0.6743697478991597,378.2937915952627
weighted3__hier__modis_pretrained__encoder__extra__ridge1000,hierarchy,modis_pretrained,encoder,extra,ridge1000,development,238,327.72108097790687,253.09799370068492,143.00146822316756,346.7077651673601,327.5033355298093,339.44787964739305,0.6428571428571429,332.4133156632458
weighted3__hier__modis_pretrained__encoder__extra__ridge1000,hierarchy,modis_pretrained,encoder,extra,ridge1000,late,238,352.4457250459613,260.0603457719144,58.368334209564914,411.3313666214654,350.9406946490458,383.4771041377793,0.6638655462184874,366.79087784060846
weighted3__hier__modis_pretrained__encoder__extra__ridge1000,hierarchy,modis_pretrained,encoder,extra,ridge1000,four_year,476,340.30801931522353,256.57916973629966,100.68490121636623,380.39437929208924,339.2220150894275,383.4771041377793,0.6533613445378151,350.05810825299096
weighted3__hier__modis_pretrained__encoder__extra__xgb1,hierarchy,modis_pretrained,encoder,extra,xgb1,development,238,366.5667169413805,290.6148614158894,207.64543887721757,385.4909369370814,365.13717182183854,397.4791526382842,0.6008403361344538,370.94038566042025
weighted3__hier__modis_pretrained__encoder__extra__xgb1,hierarchy,modis_pretrained,encoder,extra,xgb1,late,238,405.6332085941285,305.90491209041704,5.7551417872518185,486.54782179973313,405.6317648704746,406.7140044150054,0.5084033613445378,425.8615009646162
weighted3__hier__modis_pretrained__encoder__extra__xgb1,hierarchy,modis_pretrained,encoder,extra,xgb1,four_year,476,386.5937518141945,298.25988675315324,106.70029033223469,438.93737899539485,385.3844683461566,406.7140044150054,0.5546218487394958,399.3773377424851
weighted3__hier__modis_pretrained__encoder__extra__xgb2,hierarchy,modis_pretrained,encoder,extra,xgb2,development,238,357.6208601379591,281.8265749170341,198.09453409223957,378.6912320076768,356.36608052259,386.2976066911737,0.6218487394957983,362.5747582015462
weighted3__hier__modis_pretrained__encoder__extra__xgb2,hierarchy,modis_pretrained,encoder,extra,xgb2,late,238,399.9608202809399,300.8314573225806,4.562450188424307,479.60647958066056,399.9474894985756,403.2129762293764,0.5546218487394958,419.868902410279
weighted3__hier__modis_pretrained__encoder__extra__xgb2,hierarchy,modis_pretrained,encoder,extra,xgb2,four_year,476,379.3819561903386,291.3290161198074,101.32849214033193,432.10497824906315,378.1567850105828,403.2129762293764,0.5882352941176471,392.25641891008075
weighted3__hier__modis_pretrained__encoder__extra__zero,hierarchy,modis_pretrained,encoder,extra,zero,development,238,374.7387782738186,297.438757527574,211.71465009794562,392.00252541831367,373.2484059538042,406.63671820672215,0.5882352941176471,378.68212197993876
weighted3__hier__modis_pretrained__encoder__extra__zero,hierarchy,modis_pretrained,encoder,extra,zero,late,238,410.64243793718697,309.6874232445549,11.855071353696175,492.1222819905151,410.6246631525755,414.4453758911034,0.49159663865546216,431.00795525436615
weighted3__hier__modis_pretrained__encoder__extra__zero,hierarchy,modis_pretrained,encoder,extra,zero,four_year,476,393.100727407843,303.5630903860645,111.7848607258209,444.88780628709515,391.93653455318986,414.4453758911034,0.5399159663865546,405.75644891399276
weighted3__hier__modis_pretrained__encoder__ridge1000__extra,hierarchy,modis_pretrained,encoder,ridge1000,extra,development,238,355.1038262413922,272.6861352217697,181.55249975893992,378.2249777409274,354.541853737966,374.5118652383037,0.5462184873949579,360.74362099041946
weighted3__hier__modis_pretrained__encoder__ridge1000__extra,hierarchy,modis_pretrained,encoder,ridge1000,extra,late,238,388.1692422272702,280.2267810103438,130.59772494739357,463.74363876859763,380.74833284937563,456.28685046598116,0.5798319327731093,405.2076140181284
weighted3__hier__modis_pretrained__encoder__ridge1000__extra,hierarchy,modis_pretrained,encoder,ridge1000,extra,four_year,476,372.00409139051817,276.45645811605675,156.07511235316676,423.1502666225466,367.6450932936708,456.28685046598116,0.5630252100840336,383.70088567431344
weighted3__hier__modis_pretrained__encoder__ridge1000__ridge100,hierarchy,modis_pretrained,encoder,ridge1000,ridge100,development,238,386.4803403878715,296.9104890345126,129.73274691344753,441.7979480114809,384.88806644398977,419.9341762899044,0.6428571428571429,399.9116738078034
weighted3__hier__modis_pretrained__encoder__ridge1000__ridge100,hierarchy,modis_pretrained,encoder,ridge1000,ridge100,late,238,417.88048714663256,311.65896260211485,253.1164599285692,488.42482716147987,417.16829867946217,441.55501872931706,0.6176470588235294,435.3385250335518
weighted3__hier__modis_pretrained__encoder__ridge1000__ridge100,hierarchy,modis_pretrained,encoder,ridge1000,ridge100,four_year,476,402.4867420451461,304.2847258183137,191.42460342100836,465.69530739254645,401.028182561726,441.55501872931706,0.6302521008403361,417.9242435111412
weighted3__hier__modis_pretrained__encoder__ridge1000__ridge1000,hierarchy,modis_pretrained,encoder,ridge1000,ridge1000,development,238,338.1969067648222,258.13176434536274,147.45855998533472,363.629974302997,338.03112664712927,348.61909920878105,0.6218487394957983,344.51372861994264
weighted3__hier__modis_pretrained__encoder__ridge1000__ridge1000,hierarchy,modis_pretrained,encoder,ridge1000,ridge1000,late,238,386.5816806623175,277.7154881855157,194.7391464985526,456.9380597746577,381.9585041452411,441.5663638185418,0.592436974789916,403.01498131113345
weighted3__hier__modis_pretrained__encoder__ridge1000__ridge1000,hierarchy,modis_pretrained,encoder,ridge1000,ridge1000,four_year,476,363.19591377725874,267.9236262654392,171.09885324194366,412.92804983569897,359.9948153961852,441.5663638185418,0.6071428571428571,374.8286731966004
weighted3__hier__modis_pretrained__encoder__ridge1000__xgb1,hierarchy,modis_pretrained,encoder,ridge1000,xgb1,development,238,376.17944653920665,293.6942261217871,212.09752118790843,403.56376264142693,376.152183873776,380.6810430604638,0.5126050420168067,383.0187098984041
weighted3__hier__modis_pretrained__encoder__ridge1000__xgb1,hierarchy,modis_pretrained,encoder,ridge1000,xgb1,late,238,399.1261888175626,289.5118524361225,138.39932665100153,476.9739220092564,391.6425352315946,468.5700283494767,0.5252100840336135,416.717208718994
weighted3__hier__modis_pretrained__encoder__ridge1000__xgb1,hierarchy,modis_pretrained,encoder,ridge1000,xgb1,four_year,476,387.8225693526464,291.6030392789549,175.24842391945495,441.79623855019304,383.8973595526853,468.5700283494767,0.5189075630252101,400.3346842020428
weighted3__hier__modis_pretrained__encoder__ridge1000__xgb2,hierarchy,modis_pretrained,encoder,ridge1000,xgb2,development,238,368.752039898451,285.5426231716727,202.66280250579345,397.69859633123326,368.7283051815949,372.9120698950361,0.5252100840336135,375.98274532743255
weighted3__hier__modis_pretrained__encoder__ridge1000__xgb2,hierarchy,modis_pretrained,encoder,ridge1000,xgb2,late,238,394.8655384572124,285.25026778518753,137.3741529460105,472.8319634687333,387.28549930606056,464.28378167884904,0.5588235294117647,412.46213492230464
weighted3__hier__modis_pretrained__encoder__ridge1000__xgb2,hierarchy,modis_pretrained,encoder,ridge1000,xgb2,four_year,476,382.0319753570198,285.39644547843005,170.01847772590196,436.88341648632695,378.0069022438277,464.28378167884904,0.542016806722689,394.7385673610485
weighted3__hier__modis_pretrained__encoder__ridge1000__zero,hierarchy,modis_pretrained,encoder,ridge1000,zero,development,238,383.73450323023366,300.9891062227043,216.13706624865117,409.4628841136562,383.70308363096296,388.61353996865495,0.5126050420168067,390.1587435512716
weighted3__hier__modis_pretrained__encoder__ridge1000__zero,hierarchy,modis_pretrained,encoder,ridge1000,zero,late,238,405.7924728022004,296.4591423894338,144.58179017297851,483.1698051781695,398.17482586843664,476.43298216900877,0.5084033613445378,423.2323941627517
weighted3__hier__modis_pretrained__encoder__ridge1000__zero,hierarchy,modis_pretrained,encoder,ridge1000,zero,four_year,476,394.9175230046641,298.72412430606903,180.35942821081485,447.8353012562675,390.93895474969975,476.43298216900877,0.5105042016806722,407.1523255038238
weighted3__hier__modis_pretrained__encoder__ridge100__extra,hierarchy,modis_pretrained,encoder,ridge100,extra,development,238,455.3379257045644,357.94020878907685,243.37595080272962,514.4722614566338,453.80186504583656,491.1715568542493,0.5336134453781513,469.73749447789976
weighted3__hier__modis_pretrained__encoder__ridge100__extra,hierarchy,modis_pretrained,encoder,ridge100,extra,late,238,317.03892284853566,238.93444028837936,12.034004351602027,356.4349423100144,316.92916120181224,325.2709464349303,0.7100840336134454,326.86048730222444
weighted3__hier__modis_pretrained__encoder__ridge100__extra,hierarchy,modis_pretrained,encoder,ridge100,extra,four_year,476,392.33041252616084,298.43732453872815,127.70497757716582,442.5650098617412,385.3655131238244,491.1715568542493,0.6218487394957983,403.14783700947186
weighted3__hier__modis_pretrained__encoder__ridge100__ridge100,hierarchy,modis_pretrained,encoder,ridge100,ridge100,development,238,508.3455380011024,380.637796692879,194.01012918182397,613.0204230556908,499.63736881149987,593.3266728581814,0.6260504201680672,532.3372169673489
weighted3__hier__modis_pretrained__encoder__ridge100__ridge100,hierarchy,modis_pretrained,encoder,ridge100,ridge100,late,238,357.7383669642158,263.1741832741739,134.7900950053434,403.86124918912617,356.30373596180897,388.3097812951743,0.7521008403361344,368.9104297698417
weighted3__hier__modis_pretrained__encoder__ridge100__ridge100,hierarchy,modis_pretrained,encoder,ridge100,ridge100,four_year,476,439.5406267933911,321.90598998352647,164.40011209358366,519.0847462987039,427.9705523866544,593.3266728581814,0.6890756302521008,456.53413806803513
weighted3__hier__modis_pretrained__encoder__ridge100__ridge1000,hierarchy,modis_pretrained,encoder,ridge100,ridge1000,development,238,438.3867141285938,336.6065062114859,208.91676303911223,503.27888882033363,436.075341588487,481.033183873786,0.6008403361344538,454.031914666502
weighted3__hier__modis_pretrained__encoder__ridge100__ridge1000,hierarchy,modis_pretrained,encoder,ridge100,ridge1000,late,238,320.6720254085437,237.09266940916487,76.50022831693563,357.7061792408831,320.6717946888708,321.0564642046025,0.7142857142857143,329.9305061867103
weighted3__hier__modis_pretrained__encoder__ridge100__ridge1000,hierarchy,modis_pretrained,encoder,ridge100,ridge1000,four_year,476,384.0660483589269,286.84958781032543,142.70849567802398,436.6024224619812,378.37356813867893,481.033183873786,0.657563025210084,395.77702182962844
weighted3__hier__modis_pretrained__encoder__ridge100__xgb1,hierarchy,modis_pretrained,encoder,ridge100,xgb1,development,238,481.358830747603,384.62385764222313,274.7359456870055,542.9679401000242,477.8030313850715,536.2032637299516,0.5378151260504201,495.87215824507547
weighted3__hier__modis_pretrained__encoder__ridge100__xgb1,hierarchy,modis_pretrained,encoder,ridge100,xgb1,late,238,324.01668888858563,242.76746974852924,19.37644952610456,368.24927973525524,323.9410310043627,330.9426815349898,0.7100840336134454,335.0559221291973
weighted3__hier__modis_pretrained__encoder__ridge100__xgb1,hierarchy,modis_pretrained,encoder,ridge100,xgb1,four_year,476,410.300584094772,313.69566369537614,147.056197606555,463.9082430836931,400.8720311947171,536.2032637299516,0.6239495798319328,421.3453606169885
weighted3__hier__modis_pretrained__encoder__ridge100__xgb2,hierarchy,modis_pretrained,encoder,ridge100,xgb2,development,238,473.10861945854464,375.19522880151897,265.0436992944213,537.1645519916347,469.4415053099945,528.2329919237583,0.5336134453781513,488.20582405467957
weighted3__hier__modis_pretrained__encoder__ridge100__xgb2,hierarchy,modis_pretrained,encoder,ridge100,xgb2,late,238,321.5887483042028,241.1046221245311,18.56152386998675,364.5958433261619,321.47422145068435,330.05606149465336,0.7100840336134454,332.31189034631296
weighted3__hier__modis_pretrained__encoder__ridge100__xgb2,hierarchy,modis_pretrained,encoder,ridge100,xgb2,four_year,476,404.5065443486878,308.1499254630251,141.802611582204,459.06202461491455,395.4578633803394,528.2329919237583,0.6218487394957983,415.8832441731574
weighted3__hier__modis_pretrained__encoder__ridge100__zero,hierarchy,modis_pretrained,encoder,ridge100,zero,development,238,487.4088111083347,391.9879238201038,278.7690834017149,546.1898374676009,484.03533949176006,541.28164303301,0.5336134453781513,501.26069979400756
weighted3__hier__modis_pretrained__encoder__ridge100__zero,hierarchy,modis_pretrained,encoder,ridge100,zero,late,238,329.1368303362927,246.42313695415623,25.374242669692563,374.87618292754513,329.0368595156604,337.14846625495954,0.6848739495798319,340.5466757789477
weighted3__hier__modis_pretrained__encoder__ridge100__zero,hierarchy,modis_pretrained,encoder,ridge100,zero,four_year,476,415.8716161448517,319.20553038713007,152.07166303570372,468.4311534682608,406.5360995037102,541.28164303301,0.6092436974789915,426.6776213154186
weighted3__hier__modis_pretrained__encoder__ridge10__extra,hierarchy,modis_pretrained,encoder,ridge10,extra,development,238,406.8941209200074,314.11141210549164,111.67228934065518,449.95849488930935,405.5825095529718,438.2268595078896,0.5336134453781513,417.332311570574
weighted3__hier__modis_pretrained__encoder__ridge10__extra,hierarchy,modis_pretrained,encoder,ridge10,extra,late,238,498.6130360364932,434.1030061296991,-386.26942457190285,460.7863764598831,492.38803137824755,570.9309257798623,0.6554621848739496,487.6001199777793
weighted3__hier__modis_pretrained__encoder__ridge10__extra,hierarchy,modis_pretrained,encoder,ridge10,extra,four_year,476,455.0702063115069,374.10720911759535,-137.2985676156238,455.40461781479655,448.9852704656097,570.9309257798623,0.5945378151260504,453.632575225855
weighted3__hier__modis_pretrained__encoder__ridge10__ridge100,hierarchy,modis_pretrained,encoder,ridge10,ridge100,development,238,454.05128408380534,338.0419607339768,61.708647673341375,542.0457302039282,453.9404289482425,463.973152628183,0.6218487394957983,476.02218182994534
weighted3__hier__modis_pretrained__encoder__ridge10__ridge100,hierarchy,modis_pretrained,encoder,ridge10,ridge100,late,238,493.7035410009142,418.43701632499517,-267.49707482713154,473.64075520010863,481.32675643763116,591.1800219060303,0.6512605042016807,485.593648409892
weighted3__hier__modis_pretrained__encoder__ridge10__ridge100,hierarchy,modis_pretrained,encoder,ridge10,ridge100,four_year,476,474.2919749347409,378.2394885294859,-102.89421357689508,508.99368297594754,467.6335926929369,591.1800219060303,0.6365546218487395,481.3028063845916
weighted3__hier__modis_pretrained__encoder__ridge10__ridge1000,hierarchy,modis_pretrained,encoder,ridge10,ridge1000,development,238,394.0504241353326,300.46093162483544,77.78038753176783,442.9667205429251,393.312873786469,417.4110080516895,0.5966386554621849,406.0951106500148
weighted3__hier__modis_pretrained__encoder__ridge10__ridge1000,hierarchy,modis_pretrained,encoder,ridge10,ridge1000,late,238,486.73812067997346,416.75797296920365,-323.51638836467396,447.73954033846644,473.77760504556534,585.3517018618096,0.6596638655462185,473.74834668599465
weighted3__hier__modis_pretrained__encoder__ridge10__ridge1000,hierarchy,modis_pretrained,encoder,ridge10,ridge1000,four_year,476,442.826001316718,358.60945229701946,-122.86800041645306,445.35952414372764,433.5452394160172,585.3517018618096,0.6281512605042017,441.13919154829523
weighted3__hier__modis_pretrained__encoder__ridge10__xgb1,hierarchy,modis_pretrained,encoder,ridge10,xgb1,development,238,420.86590743065517,324.92522095402796,141.74688887083113,467.0624998332018,420.44500110938975,439.262893646919,0.5336134453781513,432.3098289509755
weighted3__hier__modis_pretrained__encoder__ridge10__xgb1,hierarchy,modis_pretrained,encoder,ridge10,xgb1,late,238,493.595317992485,428.25634890022314,-380.18957009293115,461.4649989086789,488.5409380207552,558.9972352687869,0.6554621848739496,484.299143228601
weighted3__hier__modis_pretrained__encoder__ridge10__xgb1,hierarchy,modis_pretrained,encoder,ridge10,xgb1,four_year,476,458.6744215571275,376.59078492712564,-119.22134061105,464.272185236326,454.4929695650725,558.9972352687869,0.5945378151260504,459.02849947891343
weighted3__hier__modis_pretrained__encoder__ridge10__xgb2,hierarchy,modis_pretrained,encoder,ridge10,xgb2,development,238,414.61986192023176,318.9612102842231,132.34816865340045,461.9356713270427,414.29594333297865,430.68195067428667,0.5336134453781513,426.3678346251212
weighted3__hier__modis_pretrained__encoder__ridge10__xgb2,hierarchy,modis_pretrained,encoder,ridge10,xgb2,late,238,495.42211188245057,430.13881898051244,-380.52432548232764,460.200043680435,489.54789320741617,565.6131888306347,0.6596638655462185,485.14804016318806
weighted3__hier__modis_pretrained__encoder__ridge10__xgb2,hierarchy,modis_pretrained,encoder,ridge10,xgb2,four_year,476,456.8110653436601,374.5500146323678,-124.08807841446354,461.06867419498366,451.92191827019747,565.6131888306347,0.5966386554621849,456.6531807881253
weighted3__hier__modis_pretrained__encoder__ridge10__zero,hierarchy,modis_pretrained,encoder,ridge10,zero,development,238,426.6858447110533,332.0958224133659,145.73244089205693,470.7707048653273,426.22466700683106,446.0575516104648,0.5210084033613446,437.5917653235663
weighted3__hier__modis_pretrained__encoder__ridge10__zero,hierarchy,modis_pretrained,encoder,ridge10,zero,late,238,490.89905938195375,424.07525875884653,-374.8262342309534,463.0977611851315,485.9381532577908,555.5513539491451,0.6596638655462185,482.70850830170747
weighted3__hier__modis_pretrained__encoder__ridge10__zero,hierarchy,modis_pretrained,encoder,ridge10,zero,four_year,476,459.9145010645305,378.0855405861062,-114.54689666944823,466.9499935614509,456.0814101323109,555.5513539491451,0.5903361344537815,460.71510145570574
weighted3__hier__modis_pretrained__encoder__xgb1__extra,hierarchy,modis_pretrained,encoder,xgb1,extra,development,238,322.4599391349589,242.5622281179608,108.055317824688,346.6915149027376,318.6640917805156,367.99571405893414,0.5798319327731093,327.5688712382928
weighted3__hier__modis_pretrained__encoder__xgb1__extra,hierarchy,modis_pretrained,encoder,xgb1,extra,late,238,383.8308332060934,272.2456930662041,161.9240220622305,456.39093331666334,375.9061057406482,453.4993282963879,0.5840336134453782,399.98967636737456
weighted3__hier__modis_pretrained__encoder__xgb1__extra,hierarchy,modis_pretrained,encoder,xgb1,extra,four_year,476,354.4760364725699,257.40396059208246,134.98966994345926,405.27008927332037,347.2850987605819,453.4993282963879,0.5819327731092437,365.3768152447605
weighted3__hier__modis_pretrained__encoder__xgb1__ridge100,hierarchy,modis_pretrained,encoder,xgb1,ridge100,development,238,337.47259835145525,263.3856488039018,55.18770498445731,366.0152966998286,337.344627033814,346.63748716939944,0.592436974789916,344.5762801091383
weighted3__hier__modis_pretrained__encoder__xgb1__ridge100,hierarchy,modis_pretrained,encoder,xgb1,ridge100,late,238,442.4686633253883,336.4504981003939,287.03602359779893,519.1768341366529,442.4507372810141,446.43358857661616,0.6176470588235294,461.6412245171109
weighted3__hier__modis_pretrained__encoder__xgb1__ridge100,hierarchy,modis_pretrained,encoder,xgb1,ridge100,four_year,476,393.4884195646922,299.9180734521479,171.11186429112814,449.1724515831426,389.897682157414,446.43358857661616,0.6050420168067226,406.5117432174853
weighted3__hier__modis_pretrained__encoder__xgb1__ridge1000,hierarchy,modis_pretrained,encoder,xgb1,ridge1000,development,238,312.70089361963727,234.7481141345767,74.61853482587414,333.87353935283335,310.04837498528934,350.6913822497759,0.6050420168067226,317.33092539434926
weighted3__hier__modis_pretrained__encoder__xgb1__ridge1000,hierarchy,modis_pretrained,encoder,xgb1,ridge1000,late,238,398.3136715526952,289.495922713928,227.4573422518559,470.3641220472571,396.0660263149611,438.3210111672232,0.5966386554621849,415.7643728669022
weighted3__hier__modis_pretrained__encoder__xgb1__ridge1000,hierarchy,modis_pretrained,encoder,xgb1,ridge1000,four_year,476,358.075152598102,262.1220184242523,151.037938538865,407.8688193459234,353.0572006501252,438.3210111672232,0.6008403361344538,369.26908129806316
weighted3__hier__modis_pretrained__encoder__xgb1__xgb1,hierarchy,modis_pretrained,encoder,xgb1,xgb1,development,238,334.23530868725965,252.93497493539203,137.80620953800837,363.9268523353863,331.19048961912847,376.2027230574915,0.5210084033613446,340.89698983225855
weighted3__hier__modis_pretrained__encoder__xgb1__xgb1,hierarchy,modis_pretrained,encoder,xgb1,xgb1,late,238,394.17037200355804,280.9390763484092,169.65383465252464,468.39257092988686,386.00765402297736,465.809741721864,0.5294117647058824,410.6852422399951
weighted3__hier__modis_pretrained__encoder__xgb1__xgb1,hierarchy,modis_pretrained,encoder,xgb1,xgb1,four_year,476,365.4336627478995,266.9370256419006,153.73002209526652,419.4248170727688,358.5990718210529,465.809741721864,0.5252100840336135,377.22280359740523
weighted3__hier__modis_pretrained__encoder__xgb1__xgb2,hierarchy,modis_pretrained,encoder,xgb1,xgb2,development,238,330.16170352640364,249.18054891319545,128.69214792282207,360.1931195899987,327.21376445484947,371.2353821755008,0.5756302521008403,336.93257277441387
weighted3__hier__modis_pretrained__encoder__xgb1__xgb2,hierarchy,modis_pretrained,encoder,xgb1,xgb2,late,238,390.7760910927711,277.34920714041135,168.71406408429473,465.56792967777767,382.74640564930985,461.5572065098497,0.5630252100840336,407.46662937815745
weighted3__hier__modis_pretrained__encoder__xgb1__xgb2,hierarchy,modis_pretrained,encoder,xgb1,xgb2,four_year,476,361.7407247222813,263.2648780268034,148.70310600355836,416.22865143117383,354.98008505207963,461.5572065098497,0.569327731092437,373.672546481954
weighted3__hier__modis_pretrained__encoder__xgb1__zero,hierarchy,modis_pretrained,encoder,xgb1,zero,development,238,341.56138233929653,260.40133913999784,141.7872988788676,371.03367726201833,338.6297698887548,383.2846335725692,0.5084033613445378,348.1965529573415
weighted3__hier__modis_pretrained__encoder__xgb1__zero,hierarchy,modis_pretrained,encoder,xgb1,zero,late,238,401.09594918863456,288.7609469385625,175.8379118447061,474.5079045973016,392.86982466717063,473.6860440882643,0.5252100840336135,417.39240691043534
weighted3__hier__modis_pretrained__encoder__xgb1__zero,hierarchy,modis_pretrained,encoder,xgb1,zero,four_year,476,372.51989098641616,274.58114303928016,158.81260536178686,425.9247240932941,365.74979727796267,473.6860440882643,0.5168067226890757,384.1785758360223
weighted3__hier__modis_pretrained__history__extra__extra,hierarchy,modis_pretrained,history,extra,extra,development,238,303.979546423151,234.48035736898834,-39.04906858272322,303.95883939367843,303.9787665395306,304.6673424105686,0.6932773109243697,303.9741746948778
weighted3__hier__modis_pretrained__history__extra__extra,hierarchy,modis_pretrained,history,extra,extra,late,238,345.9251005765318,248.2185576765719,76.09053928463833,405.9370187135072,342.9222781616181,388.40289325562753,0.7100840336134454,360.17737450704726
weighted3__hier__modis_pretrained__history__extra__extra,hierarchy,modis_pretrained,history,extra,extra,four_year,476,325.6284230933383,241.3494575227801,18.52073535095755,358.59157770893216,323.4505223505744,388.40289325562753,0.7016806722689075,333.3247365615458
weighted3__hier__modis_pretrained__history__extra__ridge100,hierarchy,modis_pretrained,history,extra,ridge100,development,238,339.9859707734837,272.8349534871536,-90.11422119170165,339.63142657631005,339.7821381446299,351.5532434730058,0.6386554621848739,339.84637656697686
weighted3__hier__modis_pretrained__history__extra__ridge100,hierarchy,modis_pretrained,history,extra,ridge100,late,238,389.7421712091559,287.6971183956428,199.48721775523626,448.8824332601267,389.5715785287694,401.10176592663237,0.6974789915966386,404.48458855180195
weighted3__hier__modis_pretrained__history__extra__ridge100,hierarchy,modis_pretrained,history,extra,ridge100,four_year,476,365.7112387811011,280.26603594139823,54.68649828176731,398.0232058610349,364.6768583366997,401.10176592663237,0.6680672268907563,373.5306354399842
weighted3__hier__modis_pretrained__history__extra__ridge1000,hierarchy,modis_pretrained,history,extra,ridge1000,development,238,308.58817907217724,242.518360390812,-71.38088941648894,302.7849760598164,308.57627304444804,311.2869882785501,0.7016806722689075,307.13440181215475
weighted3__hier__modis_pretrained__history__extra__ridge1000,hierarchy,modis_pretrained,history,extra,ridge1000,late,238,351.3445738124745,252.15926594111838,140.79637112612184,406.19071347656086,350.31323777230585,377.2138881167359,0.6890756302521008,364.79827471845397
weighted3__hier__modis_pretrained__history__extra__ridge1000,hierarchy,modis_pretrained,history,extra,ridge1000,four_year,476,330.6581874160622,247.33881316596518,34.70774085481644,358.23849419216606,329.444755408377,377.2138881167359,0.6953781512605042,337.2499061081669
weighted3__hier__modis_pretrained__history__extra__xgb1,hierarchy,modis_pretrained,history,extra,xgb1,development,238,300.8424174487607,231.43101173453312,-10.345332869508807,306.9196458825206,300.7519120219786,308.13077043899875,0.6722689075630253,302.3390982005052
weighted3__hier__modis_pretrained__history__extra__xgb1,hierarchy,modis_pretrained,history,extra,xgb1,late,238,354.6798999940232,255.038757871015,83.61570694993922,418.0849945162135,351.7599676518678,397.17754813924273,0.6848739495798319,369.8011905390319
weighted3__hier__modis_pretrained__history__extra__xgb1,hierarchy,modis_pretrained,history,extra,xgb1,four_year,476,328.86470743771264,243.23488480277408,36.63518704021522,366.73882509783044,326.2559398369232,397.17754813924273,0.6785714285714286,337.68104495254477
weighted3__hier__modis_pretrained__history__extra__xgb2,hierarchy,modis_pretrained,history,extra,xgb2,development,238,300.4760476138817,230.88623133391224,-19.153365485850237,304.3437416968834,300.4561597424028,303.91321954915423,0.6932773109243697,301.4379991667624
weighted3__hier__modis_pretrained__history__extra__xgb2,hierarchy,modis_pretrained,history,extra,xgb2,late,238,351.72619088568297,252.50194876433696,82.74195061899853,414.6058759665672,348.6571860249598,395.0196707308992,0.6932773109243697,366.67886094072327
weighted3__hier__modis_pretrained__history__extra__xgb2,hierarchy,modis_pretrained,history,extra,xgb2,four_year,476,327.10638066584056,241.69409004912458,31.794292566574157,363.67784198110274,324.5566728836813,395.0196707308992,0.6932773109243697,335.6118190491163
weighted3__hier__modis_pretrained__history__extra__zero,hierarchy,modis_pretrained,history,extra,zero,development,238,306.4625822416003,236.80768822907154,-6.469184607277208,314.08822834828123,306.36720419191954,314.0124975032503,0.6848739495798319,308.3451492558503
weighted3__hier__modis_pretrained__history__extra__zero,hierarchy,modis_pretrained,history,extra,zero,late,238,360.52212751092304,259.5493203520213,89.68733386508876,424.1449055569698,357.55778824503875,403.6948935976536,0.6554621848739496,375.6867372059637
weighted3__hier__modis_pretrained__history__extra__zero,hierarchy,modis_pretrained,history,extra,zero,four_year,476,334.58595214024746,248.17850429054644,41.60907462890578,373.1958708887954,331.96249621847915,403.6948935976536,0.6701680672268907,343.58256784694237
weighted3__hier__modis_pretrained__history__ridge1000__extra,hierarchy,modis_pretrained,history,ridge1000,extra,development,238,316.65808141234606,237.59751821681067,92.97648623435472,339.8073349289903,313.54885061252617,357.8146252393383,0.6218487394957983,321.66808709155214
weighted3__hier__modis_pretrained__history__ridge1000__extra,hierarchy,modis_pretrained,history,ridge1000,extra,late,238,381.61129534883116,270.6514610106782,158.21023459566317,453.52946255733787,373.98621522132817,449.8907049583607,0.5840336134453782,397.6845671190821
weighted3__hier__modis_pretrained__history__ridge1000__extra,hierarchy,modis_pretrained,history,ridge1000,extra,four_year,476,350.64192651589804,254.12448961374443,125.59336041500892,400.7230953408418,343.76753291692717,449.8907049583607,0.6029411764705882,361.44362032239127
weighted3__hier__modis_pretrained__history__ridge1000__ridge100,hierarchy,modis_pretrained,history,ridge1000,ridge100,development,238,335.74350284418165,263.1829824654826,40.43263691522659,361.8673891123037,335.60552167243054,345.23015283714653,0.592436974789916,342.2399791182744
weighted3__hier__modis_pretrained__history__ridge1000__ridge100,hierarchy,modis_pretrained,history,ridge1000,ridge100,late,238,439.60935109969654,333.66474958957724,283.23820880528916,515.3484579132926,439.58583718456464,444.1326295749945,0.6134453781512605,458.5382493243126
weighted3__hier__modis_pretrained__history__ridge1000__ridge100,hierarchy,modis_pretrained,history,ridge1000,ridge100,four_year,476,391.13941330194353,298.4238660275299,161.83542286025786,445.2707268486016,387.5956794284976,444.1326295749945,0.6029411764705882,403.78630822024655
weighted3__hier__modis_pretrained__history__ridge1000__ridge1000,hierarchy,modis_pretrained,history,ridge1000,ridge1000,development,238,308.7855396869209,232.0933509031305,59.69263836297785,328.1671206270785,306.6162325051539,343.1538225199375,0.6176470588235294,313.0886081265186
weighted3__hier__modis_pretrained__history__ridge1000__ridge1000,hierarchy,modis_pretrained,history,ridge1000,ridge1000,late,238,395.6747120993578,287.2125357419894,223.70139001871843,466.82746096948296,393.5113449439681,434.8308221345019,0.6008403361344538,412.9220575280417
weighted3__hier__modis_pretrained__history__ridge1000__ridge1000,hierarchy,modis_pretrained,history,ridge1000,ridge1000,four_year,476,354.8992725511372,259.65294332255996,141.6970141908481,403.49816441706497,350.063788724561,434.8308221345019,0.6092436974789915,365.8401245609751
weighted3__hier__modis_pretrained__history__ridge1000__xgb1,hierarchy,modis_pretrained,history,ridge1000,xgb1,development,238,327.3938585571779,247.00239685678574,122.64281595906,356.21498393395416,324.84419002217186,365.6239745948802,0.5714285714285714,333.9617227676205
weighted3__hier__modis_pretrained__history__ridge1000__xgb1,hierarchy,modis_pretrained,history,ridge1000,xgb1,late,238,391.92003120116914,279.25970475276074,165.93315211898488,465.56551944796354,384.0760611871077,462.09458513958015,0.5336134453781513,408.37041075935235
weighted3__hier__modis_pretrained__history__ridge1000__xgb1,hierarchy,modis_pretrained,history,ridge1000,xgb1,four_year,476,361.10112813288384,263.1310508047732,144.28798403902243,414.51198274472074,354.46012560463976,462.09458513958015,0.5525210084033614,372.793591153782
weighted3__hier__modis_pretrained__history__ridge1000__xgb2,hierarchy,modis_pretrained,history,ridge1000,xgb2,development,238,323.6948048067847,243.5562017236943,113.5638489191054,352.60442714549157,321.2573323467093,360.9064568310965,0.592436974789916,330.31284227644255
weighted3__hier__modis_pretrained__history__ridge1000__xgb2,hierarchy,modis_pretrained,history,ridge1000,xgb2,late,238,388.52537034777316,275.6581313508788,164.99491504595719,462.697768473788,380.7966350178087,457.9062074649963,0.5588235294117647,405.13628604678576
weighted3__hier__modis_pretrained__history__ridge1000__xgb2,hierarchy,modis_pretrained,history,ridge1000,xgb2,four_year,476,357.5823611860467,259.6071665372865,139.2793819825313,411.3508885326635,351.026983682259,457.9062074649963,0.5756302521008403,369.38564864675396
weighted3__hier__modis_pretrained__history__ridge1000__zero,hierarchy,modis_pretrained,history,ridge1000,zero,development,238,334.5671934025878,254.65634535363557,126.60805157536599,363.3265637568863,332.1190999386413,372.5184855432689,0.5294117647058824,341.1450126251758
weighted3__hier__modis_pretrained__history__ridge1000__zero,hierarchy,modis_pretrained,history,ridge1000,zero,late,238,398.8252785358914,287.18026290458033,172.11374385072483,471.6947800419848,390.91794033036933,469.94177677921033,0.5294117647058824,415.0658193610342
weighted3__hier__modis_pretrained__history__ridge1000__zero,hierarchy,modis_pretrained,history,ridge1000,zero,four_year,476,368.1010796646187,270.918304129108,149.36089771304538,421.01196981216765,361.5185201345053,469.94177677921033,0.5294117647058824,379.68316231897757
weighted3__hier__modis_pretrained__history__ridge100__extra,hierarchy,modis_pretrained,history,ridge100,extra,development,238,297.7951200182084,225.82106309254843,16.498201359581845,313.78689319428236,297.03640463745876,318.28041147964984,0.6722689075630253,301.6033844670395
weighted3__hier__modis_pretrained__history__ridge100__extra,hierarchy,modis_pretrained,history,ridge100,extra,late,238,376.5746401178318,266.8993863893436,153.68403320797046,446.4401000815724,369.7744512946051,441.01569461368433,0.5882352941176471,392.34095790296027
weighted3__hier__modis_pretrained__history__ridge100__extra,hierarchy,modis_pretrained,history,ridge100,extra,four_year,476,339.47782923670707,246.360224740946,85.09111728377614,385.85682403021224,333.4054279660319,441.01569461368433,0.6302521008403361,349.5544776174146
weighted3__hier__modis_pretrained__history__ridge100__ridge100,hierarchy,modis_pretrained,history,ridge100,ridge100,development,238,339.95354132095827,271.31731335620873,-34.16577893458449,352.6356483235826,339.5633809314637,355.8459049082355,0.6260504201680672,343.0265279742407
weighted3__hier__modis_pretrained__history__ridge100__ridge100,hierarchy,modis_pretrained,history,ridge100,ridge100,late,238,435.29136534295264,330.26013106512,278.74089151440984,507.8035151101147,435.20577201281736,443.83761705658156,0.6134453781512605,453.3980044522093
weighted3__hier__modis_pretrained__history__ridge100__ridge100,hierarchy,modis_pretrained,history,ridge100,ridge100,four_year,476,390.54256041998315,300.78872221066433,122.28755628991263,437.1591874974046,387.38457647214057,443.83761705658156,0.6197478991596639,401.40722120237785
weighted3__hier__modis_pretrained__history__ridge100__ridge1000,hierarchy,modis_pretrained,history,ridge100,ridge1000,development,238,300.7282257975144,233.91971035583273,-15.958781762183676,309.17166157840677,300.03624388656164,320.42541124976015,0.6680672268907563,302.6660892649993
weighted3__hier__modis_pretrained__history__ridge100__ridge1000,hierarchy,modis_pretrained,history,ridge100,ridge1000,late,238,390.9197831866821,283.7147849997923,219.19595657787346,459.13138594437623,389.16597249631167,426.15411570089134,0.6008403361344538,407.534231203513
weighted3__hier__modis_pretrained__history__ridge100__ridge1000,hierarchy,modis_pretrained,history,ridge100,ridge1000,four_year,476,348.7518764666674,258.81724767781253,101.61858740784487,391.4005275177568,344.60110819143665,426.15411570089134,0.634453781512605,358.37634716063206
weighted3__hier__modis_pretrained__history__ridge100__xgb1,hierarchy,modis_pretrained,history,ridge100,xgb1,development,238,303.0484279524405,227.51705614791902,45.772611516489924,325.7996284849984,302.32060295128315,323.31114166800296,0.680672268907563,308.5542718352906
weighted3__hier__modis_pretrained__history__ridge100__xgb1,hierarchy,modis_pretrained,history,ridge100,xgb1,late,238,386.8607102822549,275.50953077789654,161.39602602367577,458.5449364696834,379.88995164669484,452.9983218785814,0.5462184873949579,403.0390771702221
weighted3__hier__modis_pretrained__history__ridge100__xgb1,hierarchy,modis_pretrained,history,ridge100,xgb1,four_year,476,347.49068969149107,251.5132934629078,103.58431877008283,397.7492028168937,341.105277298989,452.9983218785814,0.6134453781512605,358.45896487471623
weighted3__hier__modis_pretrained__history__ridge100__xgb2,hierarchy,modis_pretrained,history,ridge100,xgb2,development,238,301.5091212123299,226.62914010437606,36.871902406415366,322.9565139418409,300.87393461734194,320.4347536725562,0.6680672268907563,306.7121727459607
weighted3__hier__modis_pretrained__history__ridge100__xgb2,hierarchy,modis_pretrained,history,ridge100,xgb2,late,238,383.4891480992003,271.7587055219324,160.46350940150384,455.61830110504815,376.60407754524635,448.9455973395145,0.5588235294117647,399.8001687121738
weighted3__hier__modis_pretrained__history__ridge100__xgb2,hierarchy,modis_pretrained,history,ridge100,xgb2,four_year,476,344.9432394496824,249.19392281315422,98.6677059039596,394.8980540590931,338.7390060812941,448.9455973395145,0.6134453781512605,355.880884759938
weighted3__hier__modis_pretrained__history__ridge100__zero,hierarchy,modis_pretrained,history,ridge100,zero,development,238,309.0880443097978,232.85102409015764,49.65113547880507,332.690953375263,308.4216489849997,328.7072491148739,0.6680672268907563,314.8221727449646
weighted3__hier__modis_pretrained__history__ridge100__zero,hierarchy,modis_pretrained,history,ridge100,zero,late,238,393.82950849044875,283.61697479068835,167.57772307769437,464.7504181485922,386.8178056233701,460.8020405018169,0.5168067226890757,409.80681018821497
weighted3__hier__modis_pretrained__history__ridge100__zero,hierarchy,modis_pretrained,history,ridge100,zero,four_year,476,354.00360230729575,258.23399944042296,108.61442927824973,404.1510989883813,347.6197273041849,460.8020405018169,0.592436974789916,364.9445077267894
weighted3__hier__modis_pretrained__history__ridge10__extra,hierarchy,modis_pretrained,history,ridge10,extra,development,238,315.3605987781176,254.48369993162137,-102.32243771986491,310.4246323516774,314.8250409468868,333.1962372738519,0.6974789915966386,313.9927177136999
weighted3__hier__modis_pretrained__history__ridge10__extra,hierarchy,modis_pretrained,history,ridge10,extra,late,238,382.3072328949938,272.3645610738218,172.47737455717578,450.5211245257606,375.25632634757176,448.34196009286916,0.542016806722689,397.59797916583
weighted3__hier__modis_pretrained__history__ridge10__extra,hierarchy,modis_pretrained,history,ridge10,extra,four_year,476,350.4362478294161,263.42413050272154,35.07746841865544,386.86737780189605,345.0406836472293,448.34196009286916,0.6197478991596639,358.1951392769894
weighted3__hier__modis_pretrained__history__ridge10__ridge100,hierarchy,modis_pretrained,history,ridge10,ridge100,development,238,388.7579087602086,314.36473045588036,-149.50880316761777,375.8591764276682,385.2543846795626,437.32904942915354,0.6638655462184874,384.65734465691196
weighted3__hier__modis_pretrained__history__ridge10__ridge100,hierarchy,modis_pretrained,history,ridge10,ridge100,late,238,444.1995502465389,341.437103378956,297.9553547990056,513.1562505739188,444.07187499937163,454.72130098248834,0.6008403361344538,461.40680651659204
weighted3__hier__modis_pretrained__history__ridge10__ridge100,hierarchy,modis_pretrained,history,ridge10,ridge100,four_year,476,417.4002587821658,327.9009169174182,74.2232758156939,449.7774216253899,414.6631298394671,454.72130098248834,0.6323529411764706,424.81026725729714
weighted3__hier__modis_pretrained__history__ridge10__ridge1000,hierarchy,modis_pretrained,history,ridge10,ridge1000,development,238,334.25334711561896,272.86416513905067,-133.36887080957737,317.90630701076304,332.93931812284035,362.5486157486298,0.6932773109243697,329.83807984121034
weighted3__hier__modis_pretrained__history__ridge10__ridge1000,hierarchy,modis_pretrained,history,ridge10,ridge1000,late,238,398.35926512233294,292.93972119013716,238.18220493796218,463.8920068673461,396.73927051816185,432.6287583596165,0.6092436974789915,414.3374519075435
weighted3__hier__modis_pretrained__history__ridge10__ridge1000,hierarchy,modis_pretrained,history,ridge10,ridge1000,four_year,476,367.7059995205406,282.90194316459394,52.406667064192405,397.65576449527003,364.8392943205011,432.6287583596165,0.6512605042016807,374.4767644642131
weighted3__hier__modis_pretrained__history__ridge10__xgb1,hierarchy,modis_pretrained,history,ridge10,xgb1,development,238,312.6604964600056,249.55584477148443,-73.56529228655398,315.14405834579946,312.0081539817015,332.19473109492213,0.680672268907563,313.11830131187804
weighted3__hier__modis_pretrained__history__ridge10__xgb1,hierarchy,modis_pretrained,history,ridge10,xgb1,late,238,393.1499212630467,281.5646073074084,180.25330055178108,462.84858925316166,385.9051980477474,461.03201555567,0.5294117647058824,408.76340745675066
weighted3__hier__modis_pretrained__history__ridge10__xgb1,hierarchy,modis_pretrained,history,ridge10,xgb1,four_year,476,355.192515852852,265.5602260394464,53.344004132613534,395.94481565257456,348.95667601472445,461.03201555567,0.6050420168067226,363.8216308432508
weighted3__hier__modis_pretrained__history__ridge10__xgb2,hierarchy,modis_pretrained,history,ridge10,xgb2,development,238,314.59414674337296,252.63377074715257,-82.19018115871442,313.86237482389987,313.9946934972153,333.4062782027654,0.6680672268907563,314.2613404519652
weighted3__hier__modis_pretrained__history__ridge10__xgb2,hierarchy,modis_pretrained,history,ridge10,xgb2,late,238,389.53936687921055,277.60274627639825,179.29485175443392,459.8250927839984,382.42525727819145,456.5322133914015,0.5336134453781513,405.3322709551527
weighted3__hier__modis_pretrained__history__ridge10__xgb2,hierarchy,modis_pretrained,history,ridge10,xgb2,four_year,476,354.0553597347786,265.1182585117754,48.552335297859756,393.6678208108398,348.20997538770337,456.5322133914015,0.6008403361344538,362.49712891702507
weighted3__hier__modis_pretrained__history__ridge10__zero,hierarchy,modis_pretrained,history,ridge10,zero,development,238,315.95015809808143,251.81092190317713,-69.83561073896269,320.7850527211716,315.42859884136493,333.5752634157682,0.6722689075630253,317.02849193967484
weighted3__hier__modis_pretrained__history__ridge10__zero,hierarchy,modis_pretrained,history,ridge10,zero,late,238,400.60237702077626,290.5456024437624,186.4820719879987,469.2412552821737,393.35175768595707,469.22440888561067,0.5168067226890757,415.94944175242085
weighted3__hier__modis_pretrained__history__ridge10__zero,hierarchy,modis_pretrained,history,ridge10,zero,four_year,476,360.7677694008285,271.17826217346976,58.323230624518004,401.92686256837516,354.39017826366097,469.22440888561067,0.5945378151260504,369.4631449084233
weighted3__hier__modis_pretrained__history__xgb1__extra,hierarchy,modis_pretrained,history,xgb1,extra,development,238,322.4599391349589,242.5622281179608,108.055317824688,346.6915149027376,318.6640917805156,367.99571405893414,0.5798319327731093,327.5688712382928
weighted3__hier__modis_pretrained__history__xgb1__extra,hierarchy,modis_pretrained,history,xgb1,extra,late,238,383.8308332060934,272.2456930662041,161.9240220622305,456.39093331666334,375.9061057406482,453.4993282963879,0.5840336134453782,399.98967636737456
weighted3__hier__modis_pretrained__history__xgb1__extra,hierarchy,modis_pretrained,history,xgb1,extra,four_year,476,354.4760364725699,257.40396059208246,134.98966994345926,405.27008927332037,347.2850987605819,453.4993282963879,0.5819327731092437,365.3768152447605
weighted3__hier__modis_pretrained__history__xgb1__ridge100,hierarchy,modis_pretrained,history,xgb1,ridge100,development,238,337.47259835145525,263.3856488039018,55.18770498445731,366.0152966998286,337.344627033814,346.63748716939944,0.592436974789916,344.5762801091383
weighted3__hier__modis_pretrained__history__xgb1__ridge100,hierarchy,modis_pretrained,history,xgb1,ridge100,late,238,442.4686633253883,336.4504981003939,287.03602359779893,519.1768341366529,442.4507372810141,446.43358857661616,0.6176470588235294,461.6412245171109
weighted3__hier__modis_pretrained__history__xgb1__ridge100,hierarchy,modis_pretrained,history,xgb1,ridge100,four_year,476,393.4884195646922,299.9180734521479,171.11186429112814,449.1724515831426,389.897682157414,446.43358857661616,0.6050420168067226,406.5117432174853
weighted3__hier__modis_pretrained__history__xgb1__ridge1000,hierarchy,modis_pretrained,history,xgb1,ridge1000,development,238,312.70089361963727,234.7481141345767,74.61853482587414,333.87353935283335,310.04837498528934,350.6913822497759,0.6050420168067226,317.33092539434926
weighted3__hier__modis_pretrained__history__xgb1__ridge1000,hierarchy,modis_pretrained,history,xgb1,ridge1000,late,238,398.3136715526952,289.495922713928,227.4573422518559,470.3641220472571,396.0660263149611,438.3210111672232,0.5966386554621849,415.7643728669022
weighted3__hier__modis_pretrained__history__xgb1__ridge1000,hierarchy,modis_pretrained,history,xgb1,ridge1000,four_year,476,358.075152598102,262.1220184242523,151.037938538865,407.8688193459234,353.0572006501252,438.3210111672232,0.6008403361344538,369.26908129806316
weighted3__hier__modis_pretrained__history__xgb1__xgb1,hierarchy,modis_pretrained,history,xgb1,xgb1,development,238,334.23530868725965,252.93497493539203,137.80620953800837,363.9268523353863,331.19048961912847,376.2027230574915,0.5210084033613446,340.89698983225855
weighted3__hier__modis_pretrained__history__xgb1__xgb1,hierarchy,modis_pretrained,history,xgb1,xgb1,late,238,394.17037200355804,280.9390763484092,169.65383465252464,468.39257092988686,386.00765402297736,465.809741721864,0.5294117647058824,410.6852422399951
weighted3__hier__modis_pretrained__history__xgb1__xgb1,hierarchy,modis_pretrained,history,xgb1,xgb1,four_year,476,365.4336627478995,266.9370256419006,153.73002209526652,419.4248170727688,358.5990718210529,465.809741721864,0.5252100840336135,377.22280359740523
weighted3__hier__modis_pretrained__history__xgb1__xgb2,hierarchy,modis_pretrained,history,xgb1,xgb2,development,238,330.16170352640364,249.18054891319545,128.69214792282207,360.1931195899987,327.21376445484947,371.2353821755008,0.5756302521008403,336.93257277441387
weighted3__hier__modis_pretrained__history__xgb1__xgb2,hierarchy,modis_pretrained,history,xgb1,xgb2,late,238,390.7760910927711,277.34920714041135,168.71406408429473,465.56792967777767,382.74640564930985,461.5572065098497,0.5630252100840336,407.46662937815745
weighted3__hier__modis_pretrained__history__xgb1__xgb2,hierarchy,modis_pretrained,history,xgb1,xgb2,four_year,476,361.7407247222813,263.2648780268034,148.70310600355836,416.22865143117383,354.98008505207963,461.5572065098497,0.569327731092437,373.672546481954
weighted3__hier__modis_pretrained__history__xgb1__zero,hierarchy,modis_pretrained,history,xgb1,zero,development,238,341.56138233929653,260.40133913999784,141.7872988788676,371.03367726201833,338.6297698887548,383.2846335725692,0.5084033613445378,348.1965529573415
weighted3__hier__modis_pretrained__history__xgb1__zero,hierarchy,modis_pretrained,history,xgb1,zero,late,238,401.09594918863456,288.7609469385625,175.8379118447061,474.5079045973016,392.86982466717063,473.6860440882643,0.5252100840336135,417.39240691043534
weighted3__hier__modis_pretrained__history__xgb1__zero,hierarchy,modis_pretrained,history,xgb1,zero,four_year,476,372.51989098641616,274.58114303928016,158.81260536178686,425.9247240932941,365.74979727796267,473.6860440882643,0.5168067226890757,384.1785758360223
weighted3__hier__modis_pretrained__physical__extra__extra,hierarchy,modis_pretrained,physical,extra,extra,development,238,336.1797910831916,261.4081862587816,162.60011683166343,354.5797757058235,335.8355633784833,351.04497832433424,0.6512605042016807,340.6937303126725
weighted3__hier__modis_pretrained__physical__extra__extra,hierarchy,modis_pretrained,physical,extra,extra,late,238,394.3283921497902,298.09379636999535,-4.107422154899731,471.43056462343117,394.32454895659845,396.0655100744407,0.5798319327731093,413.6029744699025
weighted3__hier__modis_pretrained__physical__extra__extra,hierarchy,modis_pretrained,physical,extra,extra,four_year,476,366.40942454321305,279.7509913143885,79.24634733838185,417.1172464672009,365.0800561675409,396.0655100744407,0.615546218487395,378.75403793029193
weighted3__hier__modis_pretrained__physical__extra__ridge100,hierarchy,modis_pretrained,physical,extra,ridge100,development,238,388.03547148168207,308.13804653084685,112.64059347648272,433.18645143355513,386.19083981155654,423.98187543716483,0.6638655462184874,398.8620585521189
weighted3__hier__modis_pretrained__physical__extra__ridge100,hierarchy,modis_pretrained,physical,extra,ridge100,late,238,346.59959348786856,255.69445569899676,111.56352144093782,393.35144322233043,344.5202097660353,382.4293546881086,0.6974789915966386,357.76770999102575
weighted3__hier__modis_pretrained__physical__extra__ridge100,hierarchy,modis_pretrained,physical,extra,ridge100,four_year,476,367.9013490964439,281.9162511149218,112.1020574587103,413.7486311703557,365.3555247887959,423.98187543716483,0.680672268907563,378.72671353800985
weighted3__hier__modis_pretrained__physical__extra__ridge1000,hierarchy,modis_pretrained,physical,extra,ridge1000,development,238,325.4049830970266,251.7319892047542,129.03120789739307,344.83675673245153,325.1293912973957,338.51901186562355,0.6428571428571429,330.19402855597514
weighted3__hier__modis_pretrained__physical__extra__ridge1000,hierarchy,modis_pretrained,physical,extra,ridge1000,late,238,351.5225543743811,259.85123818433004,56.32896956658612,410.18705694214134,350.2024879990289,380.638053266981,0.6638655462184874,365.8586634224831
weighted3__hier__modis_pretrained__physical__extra__ridge1000,hierarchy,modis_pretrained,physical,extra,ridge1000,four_year,476,338.715595491458,255.79161369454215,92.68008873198961,378.92335008324005,337.6659396482123,380.638053266981,0.6533613445378151,348.50512017859205
weighted3__hier__modis_pretrained__physical__extra__xgb1,hierarchy,modis_pretrained,physical,extra,xgb1,development,238,362.1297061787736,286.74176041680875,193.48165719018564,381.49296130406594,360.3252340111033,396.4313253527111,0.6470588235294118,366.5194019181791
weighted3__hier__modis_pretrained__physical__extra__xgb1,hierarchy,modis_pretrained,physical,extra,xgb1,late,238,404.6479474160305,305.13041380749434,3.7039624717780186,485.6896061671397,404.64531689503156,406.1043792398461,0.5210084033613446,424.90770447355806
weighted3__hier__modis_pretrained__physical__extra__xgb1,hierarchy,modis_pretrained,physical,extra,xgb1,four_year,476,383.97778936100684,295.9360871121516,98.59280983098186,436.7100142333221,382.48527545306746,406.1043792398461,0.5840336134453782,396.7877171021008
weighted3__hier__modis_pretrained__physical__extra__xgb2,hierarchy,modis_pretrained,physical,extra,xgb2,development,238,353.2768281280369,278.2905655895307,183.94625861212327,374.68119011511686,351.67596640530553,385.26959593682454,0.6470588235294118,358.22770319412405
weighted3__hier__modis_pretrained__physical__extra__xgb2,hierarchy,modis_pretrained,physical,extra,xgb2,late,238,398.9873886382363,300.20347009092353,2.5134625895532263,478.7045394433413,398.98666231451386,399.74796874631664,0.5588235294117647,418.91649475858196
weighted3__hier__modis_pretrained__physical__extra__xgb2,hierarchy,modis_pretrained,physical,extra,xgb2,four_year,476,376.8258573828006,289.24701784022716,93.22986060083826,429.85115465108487,375.3313143599097,399.74796874631664,0.6029411764705882,389.7085459441489
weighted3__hier__modis_pretrained__physical__extra__zero,hierarchy,modis_pretrained,physical,extra,zero,development,238,370.1606351568096,293.530190240503,197.53743134473746,387.8776042114622,368.27479453358376,405.59196927845636,0.6176470588235294,374.1184172646663
weighted3__hier__modis_pretrained__physical__extra__zero,hierarchy,modis_pretrained,physical,extra,zero,late,238,409.66361960036687,308.7401163137901,9.805187213811024,491.3138996100383,409.6617971826778,410.88374363512924,0.48739495798319327,430.07573399836247
weighted3__hier__modis_pretrained__physical__extra__zero,hierarchy,modis_pretrained,physical,extra,zero,four_year,476,390.4120752767304,301.13515327714657,103.67130927927428,442.6275995681056,388.96829585813083,410.88374363512924,0.5525210084033614,403.1050114949243
weighted3__hier__modis_pretrained__physical__ridge1000__extra,hierarchy,modis_pretrained,physical,ridge1000,extra,development,238,326.88070695295625,246.29134823995312,117.75013498762429,362.17036021651217,326.56800514496024,340.86257032567414,0.6638655462184874,335.6249448168462
weighted3__hier__modis_pretrained__physical__ridge1000__extra,hierarchy,modis_pretrained,physical,ridge1000,extra,late,238,376.5044144753511,284.50170814717285,32.340256148881615,443.8986968736092,375.2205471713204,406.28684884824816,0.6008403361344538,393.032018248908
weighted3__hier__modis_pretrained__physical__ridge1000__extra,hierarchy,modis_pretrained,physical,ridge1000,extra,four_year,476,352.56671049426336,265.396528193563,75.04519556825295,405.1008657763191,350.8942761581403,406.28684884824816,0.6323529411764706,365.2821407307465
weighted3__hier__modis_pretrained__physical__ridge1000__ridge100,hierarchy,modis_pretrained,physical,ridge1000,ridge100,development,238,393.37332017511767,307.62636455974985,68.91317087921524,453.3657210365902,391.78007338312784,427.1487477363833,0.6638655462184874,407.9731086924884
weighted3__hier__modis_pretrained__physical__ridge1000__ridge100,hierarchy,modis_pretrained,physical,ridge1000,ridge100,late,238,362.7204266243129,267.280272440521,150.9013802254681,418.79178140475875,361.12863547726863,395.0729505955558,0.6680672268907563,376.34031753266333
weighted3__hier__modis_pretrained__physical__ridge1000__ridge100,hierarchy,modis_pretrained,physical,ridge1000,ridge100,four_year,476,378.3574215712698,287.45331850013537,109.9072755523417,436.42126047157615,376.45435443019824,427.1487477363833,0.6659663865546218,392.3976145110785
weighted3__hier__modis_pretrained__physical__ridge1000__ridge1000,hierarchy,modis_pretrained,physical,ridge1000,ridge1000,development,238,321.52754551858516,245.94460377616144,84.6325179047102,355.53728387717877,321.299840188726,333.3984029920086,0.6764705882352942,329.9730537757688
weighted3__hier__modis_pretrained__physical__ridge1000__ridge1000,hierarchy,modis_pretrained,physical,ridge1000,ridge1000,late,238,350.77424534170643,259.171507224459,94.37183696963157,408.8511728525457,347.6969134865331,394.0588326334143,0.6554621848739496,364.5241442556229
weighted3__hier__modis_pretrained__physical__ridge1000__ridge1000,hierarchy,modis_pretrained,physical,ridge1000,ridge1000,four_year,476,336.4688200429941,252.55805550031025,89.50217743717089,383.1227230076962,334.49837683762956,394.0588326334143,0.6659663865546218,347.6396849828285
weighted3__hier__modis_pretrained__physical__ridge1000__xgb1,hierarchy,modis_pretrained,physical,ridge1000,xgb1,development,238,348.21915647062315,267.1681641281849,148.21846750713493,387.2282920775153,346.74264869961485,378.77570203344226,0.6596638655462185,357.6023134295941
weighted3__hier__modis_pretrained__physical__ridge1000__xgb1,hierarchy,modis_pretrained,physical,ridge1000,xgb1,late,238,386.36648799591694,291.04702210392213,40.03674396821876,457.5765094851245,385.0490991443642,416.92784275845025,0.542016806722689,403.8396461553306
weighted3__hier__modis_pretrained__physical__ridge1000__xgb1,hierarchy,modis_pretrained,physical,ridge1000,xgb1,four_year,476,367.78774040158777,279.1075931160535,94.12760573767684,423.8643723043137,365.8958739219895,416.92784275845025,0.6008403361344538,381.33393175736967
weighted3__hier__modis_pretrained__physical__ridge1000__xgb2,hierarchy,modis_pretrained,physical,ridge1000,xgb2,development,238,341.7897578110972,260.4785468923849,138.90332702571334,381.7943603975342,340.36757230161504,371.5148718647125,0.6722689075630253,351.43536208033595
weighted3__hier__modis_pretrained__physical__ridge1000__xgb2,hierarchy,modis_pretrained,physical,ridge1000,xgb2,late,238,381.61539394834216,286.665746554173,38.96892266694213,451.9805522128207,380.15331782949113,413.5264183983373,0.5756302521008403,398.841164484749
weighted3__hier__modis_pretrained__physical__ridge1000__xgb2,hierarchy,modis_pretrained,physical,ridge1000,xgb2,four_year,476,362.25029154088816,273.572146723279,88.93612484632773,418.36189669350176,360.2604450655531,413.5264183983373,0.6239495798319328,375.7807312102078
weighted3__hier__modis_pretrained__physical__ridge1000__zero,hierarchy,modis_pretrained,physical,ridge1000,zero,development,238,354.8427970799918,273.3454035977309,152.16576369688283,392.423444230448,353.34741045859494,385.8899696965752,0.6554621848739496,363.8641122122566
weighted3__hier__modis_pretrained__physical__ridge1000__zero,hierarchy,modis_pretrained,physical,ridge1000,zero,late,238,391.5008999805627,295.6427617518438,46.100844700072145,463.3741061303467,389.98365497272164,424.4177012018209,0.5336134453781513,409.0898902660484
weighted3__hier__modis_pretrained__physical__ridge1000__zero,hierarchy,modis_pretrained,physical,ridge1000,zero,four_year,476,373.6217106413537,284.4940826747874,99.1333041984775,429.36681393290365,371.6655327156583,424.4177012018209,0.5945378151260504,387.06894198281736
weighted3__hier__modis_pretrained__physical__ridge100__extra,hierarchy,modis_pretrained,physical,ridge100,extra,development,238,375.181732918392,279.5279029117569,37.893244979695815,444.82013227755994,374.7669572977981,392.4038627349205,0.6764705882352942,392.48763885303555
weighted3__hier__modis_pretrained__physical__ridge100__extra,hierarchy,modis_pretrained,physical,ridge100,extra,late,238,485.4579017394189,402.61411798360984,-298.89408082564455,513.3565964356322,467.9632545780946,597.1134257971707,0.5756302521008403,488.05891362314117
weighted3__hier__modis_pretrained__physical__ridge100__extra,hierarchy,modis_pretrained,physical,ridge100,extra,four_year,476,433.83793464661835,341.07101044768336,-130.50041792297438,480.31236980917043,421.3651059379464,597.1134257971707,0.6260504201680672,442.33833626008834
weighted3__hier__modis_pretrained__physical__ridge100__ridge100,hierarchy,modis_pretrained,physical,ridge100,ridge100,development,238,474.55814307279013,372.90821348752803,-6.645722691603768,568.7626652525496,474.27065044725225,490.7867420259232,0.6764705882352942,498.03740046134556
weighted3__hier__modis_pretrained__physical__ridge100__ridge100,hierarchy,modis_pretrained,physical,ridge100,ridge100,late,238,382.6625197784897,312.96358762209195,-190.79598766390023,370.51689246741176,381.2452375119058,414.1492329792276,0.6554621848739496,379.2717923840742
weighted3__hier__modis_pretrained__physical__ridge100__ridge100,hierarchy,modis_pretrained,physical,ridge100,ridge100,four_year,476,431.0661406326863,342.9359005548101,-98.720855177752,479.9863211534738,427.75794397957907,490.7867420259232,0.6659663865546218,442.4691365996064
weighted3__hier__modis_pretrained__physical__ridge100__ridge1000,hierarchy,modis_pretrained,physical,ridge100,ridge1000,development,238,380.7188448736523,292.3182301430759,5.762206934395372,447.59841865977893,380.66976134923976,386.78299586469944,0.6680672268907563,397.4264674390808
weighted3__hier__modis_pretrained__physical__ridge100__ridge1000,hierarchy,modis_pretrained,physical,ridge100,ridge1000,late,238,421.9438002883958,349.4557803142536,-242.26211037677464,424.0533845332577,415.89605535225576,487.0792116762558,0.6134453781512605,420.9592601155763
weighted3__hier__modis_pretrained__physical__ridge100__ridge1000,hierarchy,modis_pretrained,physical,ridge100,ridge1000,four_year,476,401.86030498404654,320.8870052286648,-118.24995172118966,435.9848720545506,398.2829083507478,487.0792116762558,0.6407563025210085,409.4970975933478
weighted3__hier__modis_pretrained__physical__ridge100__xgb1,hierarchy,modis_pretrained,physical,ridge100,xgb1,development,238,392.31796751723687,292.7615374504561,68.18370498992958,465.66039928208,390.48258469848975,428.3869206515499,0.6554621848739496,410.1947297537609
weighted3__hier__modis_pretrained__physical__ridge100__xgb1,hierarchy,modis_pretrained,physical,ridge100,xgb1,late,238,487.9162040779522,401.2953375059966,-291.7683424694695,523.085209418031,469.1644475115944,603.1306499395886,0.5714285714285714,492.02051627138246
weighted3__hier__modis_pretrained__physical__ridge100__xgb1,hierarchy,modis_pretrained,physical,ridge100,xgb1,four_year,476,442.70509926964564,347.0284374782263,-111.79231873976997,495.2058883794959,429.82351610504213,603.1306499395886,0.6134453781512605,452.60990075595737
weighted3__hier__modis_pretrained__physical__ridge100__xgb2,hierarchy,modis_pretrained,physical,ridge100,xgb2,development,238,388.03332973481696,288.5927253193765,58.99650031252353,461.46384913239683,386.27551480229454,423.16849041163596,0.6596638655462185,405.9515058510813
weighted3__hier__modis_pretrained__physical__ridge100__xgb2,hierarchy,modis_pretrained,physical,ridge100,xgb2,late,238,484.8535393457544,400.5566642830171,-292.7950495321571,516.292486626805,467.5026469255296,596.0492522238752,0.5714285714285714,488.3755530609609
weighted3__hier__modis_pretrained__physical__ridge100__xgb2,hierarchy,modis_pretrained,physical,ridge100,xgb2,four_year,476,439.1200403085665,344.5746948011968,-116.89927460981674,489.64620686949934,426.889080863912,596.0492522238752,0.615546218487395,448.6938420876361
weighted3__hier__modis_pretrained__physical__ridge100__zero,hierarchy,modis_pretrained,physical,ridge100,zero,development,238,396.2369532415951,296.5797593393008,71.99741706139565,468.21556214467694,394.3066622218432,433.3704464938666,0.6638655462184874,413.74903271242755
weighted3__hier__modis_pretrained__physical__ridge100__zero,hierarchy,modis_pretrained,physical,ridge100,zero,late,238,487.26932444732944,398.22964600954185,-286.1475774515126,526.0916910626339,468.96732821476974,601.258823082948,0.5672268907563025,492.39941704301566
weighted3__hier__modis_pretrained__physical__ridge100__zero,hierarchy,modis_pretrained,physical,ridge100,zero,four_year,476,444.0918360325591,347.4047026744213,-107.07508019505845,497.99512047790074,431.6369952183064,601.258823082948,0.615546218487395,454.4539469403313
weighted3__hier__modis_pretrained__physical__ridge10__extra,hierarchy,modis_pretrained,physical,ridge10,extra,development,238,427.5991090159872,352.34233692192583,-203.88034237377,482.58199950868135,422.4753469534671,488.47215935992887,0.6302521008403361,440.0638911235307
weighted3__hier__modis_pretrained__physical__ridge10__extra,hierarchy,modis_pretrained,physical,ridge10,extra,late,238,816.4628742056792,742.5324715714073,-734.2156850058976,809.1993937370066,803.5040525944563,948.3931909744053,0.5588235294117647,811.4072986857053
weighted3__hier__modis_pretrained__physical__ridge10__extra,hierarchy,modis_pretrained,physical,ridge10,extra,four_year,476,651.7102972132116,547.4374042466666,-469.04801368983385,666.216573298104,612.9896997739618,948.3931909744053,0.5945378151260504,645.6567168746221
weighted3__hier__modis_pretrained__physical__ridge10__ridge100,hierarchy,modis_pretrained,physical,ridge10,ridge100,development,238,530.8658563470005,441.41546742678673,-245.25987619267656,599.0554085763696,522.1552300327407,617.9282595582276,0.6596638655462185,545.7355878257779
weighted3__hier__modis_pretrained__physical__ridge10__ridge100,hierarchy,modis_pretrained,physical,ridge10,ridge100,late,238,716.5850784558519,649.186487710403,-636.8759166718079,669.6544729773376,715.5211891434724,754.5545409376823,0.592436974789916,704.5864547581284
weighted3__hier__modis_pretrained__physical__ridge10__ridge100,hierarchy,modis_pretrained,physical,ridge10,ridge100,four_year,476,630.6000047972619,545.3009775685948,-441.06789643224215,635.3363265716658,618.8382095881066,754.5545409376823,0.6260504201680672,628.8436364385741
weighted3__hier__modis_pretrained__physical__ridge10__ridge1000,hierarchy,modis_pretrained,physical,ridge10,ridge1000,development,238,449.061711800887,376.465417017344,-233.99303758268974,496.9808654986882,442.02286611187714,521.2201314673456,0.6470588235294118,459.28178880308485
weighted3__hier__modis_pretrained__physical__ridge10__ridge1000,hierarchy,modis_pretrained,physical,ridge10,ridge1000,late,238,760.2202215586806,691.8381158574743,-683.0637167357206,727.6128178293034,755.6944909125912,838.5233607050079,0.5630252100840336,750.936937964814
weighted3__hier__modis_pretrained__physical__ridge10__ridge1000,hierarchy,modis_pretrained,physical,ridge10,ridge1000,four_year,476,624.3361299301332,534.1517664374093,-458.5283771592052,623.0611500251497,598.8586785122341,838.5233607050079,0.6050420168067226,617.6480220994126
weighted3__hier__modis_pretrained__physical__ridge10__xgb1,hierarchy,modis_pretrained,physical,ridge10,xgb1,development,238,424.0497671884723,342.9690987858304,-175.35847214453207,485.31913916817433,419.6974931657768,480.2963321229739,0.6428571428571429,438.27904167772397
weighted3__hier__modis_pretrained__physical__ridge10__xgb1,hierarchy,modis_pretrained,physical,ridge10,xgb1,late,238,813.79460038663,736.8439062386147,-728.0502454634571,812.6613978843538,799.3083670027358,952.1736215828876,0.5588235294117647,809.8897414150874
weighted3__hier__modis_pretrained__physical__ridge10__xgb1,hierarchy,modis_pretrained,physical,ridge10,xgb1,four_year,476,648.8758959427574,539.9065025122225,-451.7043588039946,669.3105461795332,609.5029300842564,952.1736215828876,0.6008403361344538,644.1413170373262
weighted3__hier__modis_pretrained__physical__ridge10__xgb2,hierarchy,modis_pretrained,physical,ridge10,xgb2,development,238,425.8186516132181,348.0572083478522,-183.94079307754888,484.0026752895617,421.7245876102746,480.63041301526323,0.6302521008403361,439.34114153156816
weighted3__hier__modis_pretrained__physical__ridge10__xgb2,hierarchy,modis_pretrained,physical,ridge10,xgb2,late,238,812.9748704660747,737.459945517739,-728.8688241707556,807.8740003782426,799.6900875342682,946.059154993091,0.5588235294117647,808.378457211165
weighted3__hier__modis_pretrained__physical__ridge10__xgb2,hierarchy,modis_pretrained,physical,ridge10,xgb2,four_year,476,648.9413163264572,542.7585769327956,-456.4048086241522,665.9275449230936,610.7073375722714,946.059154993091,0.5945378151260504,643.6293787870699
weighted3__hier__modis_pretrained__physical__ridge10__zero,hierarchy,modis_pretrained,physical,ridge10,zero,development,238,424.603835909202,340.3796756218893,-171.75924472392407,486.6572375228184,420.48924987852797,479.4571072705122,0.6260504201680672,439.08853980493757
weighted3__hier__modis_pretrained__physical__ridge10__zero,hierarchy,modis_pretrained,physical,ridge10,zero,late,238,810.1409726277572,732.014172409048,-723.0689040929254,812.8076334482695,795.5027837377397,948.8120026247824,0.5588235294117647,807.1480906103809
weighted3__hier__modis_pretrained__physical__ridge10__zero,hierarchy,modis_pretrained,physical,ridge10,zero,four_year,476,646.7676603692614,536.1969240154687,-447.4140744084248,669.8848840752855,607.9960168081338,948.8120026247824,0.592436974789916,642.8540554054855
weighted3__hier__modis_pretrained__physical__xgb1__extra,hierarchy,modis_pretrained,physical,xgb1,extra,development,238,322.4599391349589,242.5622281179608,108.055317824688,346.6915149027376,318.6640917805156,367.99571405893414,0.5798319327731093,327.5688712382928
weighted3__hier__modis_pretrained__physical__xgb1__extra,hierarchy,modis_pretrained,physical,xgb1,extra,late,238,383.8308332060934,272.2456930662041,161.9240220622305,456.39093331666334,375.9061057406482,453.4993282963879,0.5840336134453782,399.98967636737456
weighted3__hier__modis_pretrained__physical__xgb1__extra,hierarchy,modis_pretrained,physical,xgb1,extra,four_year,476,354.4760364725699,257.40396059208246,134.98966994345926,405.27008927332037,347.2850987605819,453.4993282963879,0.5819327731092437,365.3768152447605
weighted3__hier__modis_pretrained__physical__xgb1__ridge100,hierarchy,modis_pretrained,physical,xgb1,ridge100,development,238,337.47259835145525,263.3856488039018,55.18770498445731,366.0152966998286,337.344627033814,346.63748716939944,0.592436974789916,344.5762801091383
weighted3__hier__modis_pretrained__physical__xgb1__ridge100,hierarchy,modis_pretrained,physical,xgb1,ridge100,late,238,442.4686633253883,336.4504981003939,287.03602359779893,519.1768341366529,442.4507372810141,446.43358857661616,0.6176470588235294,461.6412245171109
weighted3__hier__modis_pretrained__physical__xgb1__ridge100,hierarchy,modis_pretrained,physical,xgb1,ridge100,four_year,476,393.4884195646922,299.9180734521479,171.11186429112814,449.1724515831426,389.897682157414,446.43358857661616,0.6050420168067226,406.5117432174853
weighted3__hier__modis_pretrained__physical__xgb1__ridge1000,hierarchy,modis_pretrained,physical,xgb1,ridge1000,development,238,312.70089361963727,234.7481141345767,74.61853482587414,333.87353935283335,310.04837498528934,350.6913822497759,0.6050420168067226,317.33092539434926
weighted3__hier__modis_pretrained__physical__xgb1__ridge1000,hierarchy,modis_pretrained,physical,xgb1,ridge1000,late,238,398.3136715526952,289.495922713928,227.4573422518559,470.3641220472571,396.0660263149611,438.3210111672232,0.5966386554621849,415.7643728669022
weighted3__hier__modis_pretrained__physical__xgb1__ridge1000,hierarchy,modis_pretrained,physical,xgb1,ridge1000,four_year,476,358.075152598102,262.1220184242523,151.037938538865,407.8688193459234,353.0572006501252,438.3210111672232,0.6008403361344538,369.26908129806316
weighted3__hier__modis_pretrained__physical__xgb1__xgb1,hierarchy,modis_pretrained,physical,xgb1,xgb1,development,238,334.23530868725965,252.93497493539203,137.80620953800837,363.9268523353863,331.19048961912847,376.2027230574915,0.5210084033613446,340.89698983225855
weighted3__hier__modis_pretrained__physical__xgb1__xgb1,hierarchy,modis_pretrained,physical,xgb1,xgb1,late,238,394.17037200355804,280.9390763484092,169.65383465252464,468.39257092988686,386.00765402297736,465.809741721864,0.5294117647058824,410.6852422399951
weighted3__hier__modis_pretrained__physical__xgb1__xgb1,hierarchy,modis_pretrained,physical,xgb1,xgb1,four_year,476,365.4336627478995,266.9370256419006,153.73002209526652,419.4248170727688,358.5990718210529,465.809741721864,0.5252100840336135,377.22280359740523
weighted3__hier__modis_pretrained__physical__xgb1__xgb2,hierarchy,modis_pretrained,physical,xgb1,xgb2,development,238,330.16170352640364,249.18054891319545,128.69214792282207,360.1931195899987,327.21376445484947,371.2353821755008,0.5756302521008403,336.93257277441387
weighted3__hier__modis_pretrained__physical__xgb1__xgb2,hierarchy,modis_pretrained,physical,xgb1,xgb2,late,238,390.7760910927711,277.34920714041135,168.71406408429473,465.56792967777767,382.74640564930985,461.5572065098497,0.5630252100840336,407.46662937815745
weighted3__hier__modis_pretrained__physical__xgb1__xgb2,hierarchy,modis_pretrained,physical,xgb1,xgb2,four_year,476,361.7407247222813,263.2648780268034,148.70310600355836,416.22865143117383,354.98008505207963,461.5572065098497,0.569327731092437,373.672546481954
weighted3__hier__modis_pretrained__physical__xgb1__zero,hierarchy,modis_pretrained,physical,xgb1,zero,development,238,341.56138233929653,260.40133913999784,141.7872988788676,371.03367726201833,338.6297698887548,383.2846335725692,0.5084033613445378,348.1965529573415
weighted3__hier__modis_pretrained__physical__xgb1__zero,hierarchy,modis_pretrained,physical,xgb1,zero,late,238,401.09594918863456,288.7609469385625,175.8379118447061,474.5079045973016,392.86982466717063,473.6860440882643,0.5252100840336135,417.39240691043534
weighted3__hier__modis_pretrained__physical__xgb1__zero,hierarchy,modis_pretrained,physical,xgb1,zero,four_year,476,372.51989098641616,274.58114303928016,158.81260536178686,425.9247240932941,365.74979727796267,473.6860440882643,0.5168067226890757,384.1785758360223
weighted3__hier__none__history__extra__extra,hierarchy,none,history,extra,extra,development,238,304.4070577074559,234.63564830593012,-41.408167647155274,304.1872117162518,304.40568803337993,305.3188556165641,0.6932773109243697,304.3517537911359
weighted3__hier__none__history__extra__extra,hierarchy,none,history,extra,extra,late,238,345.3005638956568,248.14984561834783,75.6938908126275,405.11107106944354,342.28105257443315,387.845956559811,0.7058823529411765,359.4983128587976
weighted3__hier__none__history__extra__extra,hierarchy,none,history,extra,extra,four_year,476,325.4966483765762,241.39274696213894,17.142861582736113,358.2211884260474,323.34337030390657,387.845956559811,0.6995798319327731,333.1394638707766
weighted3__hier__none__history__extra__ridge100,hierarchy,none,history,extra,ridge100,development,238,317.53467531372166,248.90535433718114,-36.501242256564176,316.1212074364858,317.49172962187805,322.71395599565204,0.6512605042016807,317.17057192145177
weighted3__hier__none__history__extra__ridge100,hierarchy,none,history,extra,ridge100,late,238,377.90520282845984,276.66682896331935,165.65123290251452,443.1456342090719,377.8614258914247,383.6133949559072,0.6890756302521008,394.20436643935403
weighted3__hier__none__history__extra__ridge100,hierarchy,none,history,extra,ridge100,four_year,476,349.0276581815616,262.7860916502502,64.57499532297518,384.9095159317721,347.67657775665134,383.6133949559072,0.6701680672268907,357.6603525128867
weighted3__hier__none__history__extra__ridge1000,hierarchy,none,history,extra,ridge1000,development,238,314.14856012872514,247.44277763665306,-69.80908365016637,308.6170366766011,314.01097954385557,323.3073528614233,0.6764705882352942,312.73128411947675
weighted3__hier__none__history__extra__ridge1000,hierarchy,none,history,extra,ridge1000,late,238,341.1253957598878,244.66170205293014,109.41728978841584,394.6222529282305,339.65379976024076,371.3055286351438,0.6932773109243697,354.13171105206175
weighted3__hier__none__history__extra__ridge1000,hierarchy,none,history,extra,ridge1000,four_year,476,327.9145113160527,246.05223984479161,19.80410306912474,354.23946549841037,326.83238965204816,371.3055286351438,0.6848739495798319,334.22521944564096
weighted3__hier__none__history__extra__xgb1,hierarchy,none,history,extra,xgb1,development,238,300.7652681757752,231.36948834682926,-10.464283348213199,306.8004590168178,300.6731830185812,308.11519580550413,0.6722689075630253,302.2510445967373
weighted3__hier__none__history__extra__xgb1,hierarchy,none,history,extra,xgb1,late,238,354.61565302705634,255.04060782259012,83.52841219156183,417.97146512408585,351.7067354491426,397.0348019368322,0.6890756302521008,369.72737665683525
weighted3__hier__none__history__extra__xgb1,hierarchy,none,history,extra,xgb1,four_year,476,328.79477483124,243.20504808470972,36.53206442167431,366.62424040896764,326.18995923386194,397.0348019368322,0.680672268907563,337.6009373263274
weighted3__hier__none__history__extra__xgb2,hierarchy,none,history,extra,xgb2,development,238,300.2451990771944,230.74155894302262,-19.0501695732041,304.1487755070486,300.22407068356733,303.78594534341534,0.6932773109243697,301.21581108625116
weighted3__hier__none__history__extra__xgb2,hierarchy,none,history,extra,xgb2,late,238,352.0486318120007,252.75621660318618,82.6738556655964,414.98550536722774,348.9499551781719,395.55647770295843,0.6890756302521008,367.00818104235026
weighted3__hier__none__history__extra__xgb2,hierarchy,none,history,extra,xgb2,four_year,476,327.17382133172396,241.74888777310443,31.811843046196152,363.8127590583722,324.5870129308696,395.55647770295843,0.6911764705882353,335.6868536631724
weighted3__hier__none__history__extra__zero,hierarchy,none,history,extra,zero,development,238,306.4625822416003,236.80768822907154,-6.469184607277208,314.08822834828123,306.36720419191954,314.0124975032503,0.6848739495798319,308.3451492558503
weighted3__hier__none__history__extra__zero,hierarchy,none,history,extra,zero,late,238,360.52212751092304,259.5493203520213,89.68733386508876,424.1449055569698,357.55778824503875,403.6948935976536,0.6554621848739496,375.6867372059637
weighted3__hier__none__history__extra__zero,hierarchy,none,history,extra,zero,four_year,476,334.58595214024746,248.17850429054644,41.60907462890578,373.1958708887954,331.96249621847915,403.6948935976536,0.6701680672268907,343.58256784694237
weighted3__hier__none__history__ridge1000__extra,hierarchy,none,history,ridge1000,extra,development,238,315.95324154626826,237.51674188728083,90.54636836360325,338.4692413871846,312.6416004666054,358.26703746477574,0.6176470588235294,320.7543312365816
weighted3__hier__none__history__ridge1000__extra,hierarchy,none,history,ridge1000,extra,late,238,380.954950034639,270.25762687088746,157.80623381739915,452.76762686261844,373.3005113164977,449.2834186492375,0.592436974789916,396.99450956209853
weighted3__hier__none__history__ridge1000__extra,hierarchy,none,history,ridge1000,extra,four_year,476,349.96651611224814,253.88718437908418,124.1763010905012,399.72487494527,342.97105589155154,449.2834186492375,0.6050420168067226,360.65724076532945
weighted3__hier__none__history__ridge1000__ridge100,hierarchy,none,history,ridge1000,ridge100,development,238,334.4524019429784,255.2866506152475,95.61739908324084,368.9401720607561,332.8365909912277,365.67274275670945,0.5840336134453782,342.6703917344851
weighted3__hier__none__history__ridge1000__ridge100,hierarchy,none,history,ridge1000,ridge100,late,238,425.02597847579335,315.270169120712,248.9563612468208,508.41820390395077,424.7814093092203,439.1979513557107,0.6176470588235294,445.8128925411894
weighted3__hier__none__history__ridge1000__ridge100,hierarchy,none,history,ridge1000,ridge100,four_year,476,382.43005343770585,285.27840986797975,172.28688016503082,444.18797857502824,378.809000150224,439.1979513557107,0.6008403361344538,396.96427140016596
weighted3__hier__none__history__ridge1000__ridge1000,hierarchy,none,history,ridge1000,ridge1000,development,238,315.7173259288386,237.86292407844377,61.28082976560476,337.98349616143514,312.62996760205476,356.6746409326026,0.6218487394957983,320.5120289052918
weighted3__hier__none__history__ridge1000__ridge1000,hierarchy,none,history,ridge1000,ridge1000,late,238,380.8870669099027,273.44402758220366,191.80207504954825,451.67532913832986,377.9807110587021,424.9438860662192,0.6050420168067226,397.8575435042094
weighted3__hier__none__history__ridge1000__ridge1000,hierarchy,none,history,ridge1000,ridge1000,four_year,476,349.8230893115013,255.6534758303237,126.54145240757651,398.90064341244516,345.30533933037844,424.9438860662192,0.6134453781512605,360.9630403414566
weighted3__hier__none__history__ridge1000__xgb1,hierarchy,none,history,ridge1000,xgb1,development,238,327.27579218266925,246.8865108046954,122.52074524105548,356.07785161971475,324.7213544811056,365.53172194759463,0.5714285714285714,333.83769761653974
weighted3__hier__none__history__ridge1000__xgb1,hierarchy,none,history,ridge1000,xgb1,late,238,391.83890231376824,279.2618881961093,165.84427389998254,465.4296446161482,384.0088531578243,461.9506651900787,0.5378151260504201,408.27907560037727
weighted3__hier__none__history__ridge1000__xgb1,hierarchy,none,history,ridge1000,xgb1,four_year,476,361.0035799789612,263.0741995004023,144.18250957051902,414.37675520088334,354.36510381946493,461.9506651900787,0.5546218487394958,372.68725474456767
weighted3__hier__none__history__ridge1000__xgb2,hierarchy,none,history,ridge1000,xgb2,development,238,323.5481307513132,243.4168130720407,113.67358136278149,352.4730925968824,321.09482855748956,360.86295632716485,0.5966386554621849,330.16604566424957
weighted3__hier__none__history__ridge1000__xgb2,hierarchy,none,history,ridge1000,xgb2,late,238,388.84530273905364,275.909920034548,164.9263250652305,463.13173451403185,381.06970760531885,458.4424896919357,0.5588235294117647,405.4730118993645
weighted3__hier__none__history__ridge1000__xgb2,hierarchy,none,history,ridge1000,xgb2,four_year,476,357.6898533470688,259.66336655329434,139.299953214006,411.5387494020375,351.0822680814042,458.4424896919357,0.5777310924369747,369.5001810443948
weighted3__hier__none__history__ridge1000__zero,hierarchy,none,history,ridge1000,zero,development,238,334.5671934025878,254.65634535363557,126.60805157536599,363.3265637568863,332.1190999386413,372.5184855432689,0.5294117647058824,341.1450126251758
weighted3__hier__none__history__ridge1000__zero,hierarchy,none,history,ridge1000,zero,late,238,398.8252785358914,287.18026290458033,172.11374385072483,471.6947800419848,390.91794033036933,469.94177677921033,0.5294117647058824,415.0658193610342
weighted3__hier__none__history__ridge1000__zero,hierarchy,none,history,ridge1000,zero,four_year,476,368.1010796646187,270.918304129108,149.36089771304538,421.01196981216765,361.5185201345053,469.94177677921033,0.5294117647058824,379.68316231897757
weighted3__hier__none__history__ridge100__extra,hierarchy,none,history,ridge100,extra,development,238,297.47746186497045,225.35160873891218,14.094906085422327,312.9122132270248,296.6439443666583,318.89727194290884,0.6722689075630253,301.12777033090595
weighted3__hier__none__history__ridge100__extra,hierarchy,none,history,ridge100,extra,late,238,375.90293700143553,266.51367247890835,153.27911690184948,445.66182771418164,369.07231302643424,440.407057741916,0.5966386554621849,391.63500368587177
weighted3__hier__none__history__ridge100__extra,hierarchy,none,history,ridge100,extra,four_year,476,338.96597053681523,245.93264060891028,83.6870114936359,385.0509822531167,332.85812869654626,440.407057741916,0.634453781512605,348.9602630058233
weighted3__hier__none__history__ridge100__ridge100,hierarchy,none,history,ridge100,ridge100,development,238,319.302240598978,248.6600642104398,19.44627245537892,340.88610098859164,318.9570234695817,333.80081109108767,0.6386554621848739,324.61190141403233
weighted3__hier__none__history__ridge100__ridge100,hierarchy,none,history,ridge100,ridge100,late,238,420.12444404609414,311.2851412572832,244.41651209501012,500.50852335040577,419.9883006262015,430.68296388200537,0.6218487394957983,440.18642801719886
weighted3__hier__none__history__ridge100__ridge100,hierarchy,none,history,ridge100,ridge100,four_year,476,373.13433863460443,279.9726027338615,131.9313922751945,428.2009550395748,369.4726620478916,430.68296388200537,0.6302521008403361,385.98557358916884
weighted3__hier__none__history__ridge100__ridge1000,hierarchy,none,history,ridge100,ridge1000,development,238,304.8355352135169,235.0944900204118,-14.565961213802495,315.79121180127316,304.1322010339319,324.8278001595263,0.6680672268907563,307.39862081555975
weighted3__hier__none__history__ridge100__ridge1000,hierarchy,none,history,ridge100,ridge1000,late,238,376.0038020029349,270.04235203185505,187.29691428249487,444.05583809812987,373.5305218713725,416.5863966292074,0.6176470588235294,392.39849099384304
weighted3__hier__none__history__ridge100__ridge1000,hierarchy,none,history,ridge100,ridge1000,four_year,476,342.2744240003725,252.56842102613345,86.36547653434619,385.2983758076,338.83136145265223,416.5863966292074,0.6428571428571429,352.16964631524934
weighted3__hier__none__history__ridge100__xgb1,hierarchy,none,history,ridge100,xgb1,development,238,302.9637246382824,227.41970399853253,45.65366590974791,325.67865095321747,302.2315327498969,323.28192605617437,0.680672268907563,308.4594082449198
weighted3__hier__none__history__ridge100__xgb1,hierarchy,none,history,ridge100,xgb1,late,238,386.7808627518492,275.49883968636044,161.30729125802318,458.41105895525897,379.82349077443104,452.8546597845908,0.5462184873949579,402.94906880834714
weighted3__hier__none__history__ridge100__xgb1,hierarchy,none,history,ridge100,xgb1,four_year,476,347.40930776086424,251.45927184244647,103.48047858388557,397.62248594564517,341.027511762164,452.8546597845908,0.6134453781512605,358.36715330738446
weighted3__hier__none__history__ridge100__xgb2,hierarchy,none,history,ridge100,xgb2,development,238,301.32975275447353,226.48621228060196,36.98010180874314,322.7858070851358,300.68533933950806,320.381699443777,0.6680672268907563,306.53266298339776
weighted3__hier__none__history__ridge100__xgb2,hierarchy,none,history,ridge100,xgb2,late,238,383.79841783826544,272.0243885846116,160.39370439162926,456.0408932621282,376.8669957225461,449.47893048686836,0.5588235294117647,400.1261811653013
weighted3__hier__none__history__ridge100__xgb2,hierarchy,none,history,ridge100,xgb2,four_year,476,345.03684254745025,249.25530043260676,98.68690310018623,395.07212859357867,338.7761675310271,449.47893048686836,0.6134453781512605,355.98049530487657
weighted3__hier__none__history__ridge100__zero,hierarchy,none,history,ridge100,zero,development,238,309.0880443097978,232.85102409015764,49.65113547880507,332.690953375263,308.4216489849997,328.7072491148739,0.6680672268907563,314.8221727449646
weighted3__hier__none__history__ridge100__zero,hierarchy,none,history,ridge100,zero,late,238,393.82950849044875,283.61697479068835,167.57772307769437,464.7504181485922,386.8178056233701,460.8020405018169,0.5168067226890757,409.80681018821497
weighted3__hier__none__history__ridge100__zero,hierarchy,none,history,ridge100,zero,four_year,476,354.00360230729575,258.23399944042296,108.61442927824973,404.1510989883813,347.6197273041849,460.8020405018169,0.592436974789916,364.9445077267894
weighted3__hier__none__history__ridge10__extra,hierarchy,none,history,ridge10,extra,development,238,315.5385127457022,254.20935041992658,-104.69163782975008,310.20483560851915,314.9668021501227,333.95275930521865,0.6932773109243697,314.0621658125116
weighted3__hier__none__history__ridge10__extra,hierarchy,none,history,ridge10,extra,late,238,381.5936417592924,271.8830504000914,172.0673518148683,449.7271258124491,374.50521018286497,447.7141917152374,0.5462184873949579,396.8549048784747
weighted3__hier__none__history__ridge10__extra,hierarchy,none,history,ridge10,extra,four_year,476,350.12730574527376,263.046200410009,33.68785699255912,386.31692153362553,344.73600616649384,447.7141917152374,0.6197478991596639,357.8268847976667
weighted3__hier__none__history__ridge10__ridge100,hierarchy,none,history,ridge10,ridge100,development,238,340.9296594765021,280.48384275427475,-98.75702033972657,333.77231339490476,340.41957786759536,359.0621022463336,0.6554621848739496,339.01280255387604
weighted3__hier__none__history__ridge10__ridge100,hierarchy,none,history,ridge10,ridge100,late,238,427.1452739637013,319.7579257267848,263.39847254439405,505.0340837251232,427.03544812697777,436.721061815162,0.6050420168067226,446.5900199448759
weighted3__hier__none__history__ridge10__ridge100,hierarchy,none,history,ridge10,ridge100,four_year,476,386.44929666146965,300.1208842405298,82.32072610233372,428.05571069258104,383.72751299728657,436.721061815162,0.6302521008403361,396.17045425320174
weighted3__hier__none__history__ridge10__ridge1000,hierarchy,none,history,ridge10,ridge1000,development,238,332.64435818738536,273.3003157169014,-132.40633919260688,317.59157696543593,332.0467351992154,351.9774822358841,0.6764705882352942,328.7317571348555
weighted3__hier__none__history__ridge10__ridge1000,hierarchy,none,history,ridge10,ridge1000,late,238,381.93898066949174,276.0978702023534,206.1114724884308,448.1480291618111,379.52959222564306,422.36268200314447,0.592436974789916,397.8888956816094
weighted3__hier__none__history__ridge10__ridge1000,hierarchy,none,history,ridge10,ridge1000,four_year,476,358.1407921395913,274.6990929596275,36.85256664791196,388.39481574874804,355.78816371242925,422.36268200314447,0.634453781512605,365.11614093508996
weighted3__hier__none__history__ridge10__xgb1,hierarchy,none,history,ridge10,xgb1,development,238,312.6447292894412,249.56787469761707,-73.67869843926948,315.06862235913314,311.98510606798504,332.2833903357774,0.680672268907563,313.08579675150014
weighted3__hier__none__history__ridge10__xgb1,hierarchy,none,history,ridge10,xgb1,late,238,393.06958245198166,281.54560170453914,180.16444050887384,462.7146052230175,385.83790772587963,460.8899270903898,0.5294117647058824,408.6729194632151
weighted3__hier__none__history__ridge10__xgb1,hierarchy,none,history,ridge10,xgb1,four_year,476,355.141115193273,265.55673820107813,53.24287103480219,395.836483084856,348.91150689693234,460.8899270903898,0.6050420168067226,363.7575550920835
weighted3__hier__none__history__ridge10__xgb2,hierarchy,none,history,ridge10,xgb2,development,238,314.39698648368943,252.4965475966267,-82.08336285878887,313.6358928719694,313.7873753248806,333.3564375596363,0.6680672268907563,314.0543102910572
weighted3__hier__none__history__ridge10__xgb2,hierarchy,none,history,ridge10,xgb2,late,238,389.82068494126986,277.8378011175332,179.2221316318925,460.2376507347943,382.6557094073994,457.0517742630133,0.5336134453781513,405.63368250618333
weighted3__hier__none__history__ridge10__xgb2,hierarchy,none,history,ridge10,xgb2,four_year,476,354.122599898754,265.16717435707994,48.56938438655182,393.8185930422026,348.22154236614006,457.0517742630133,0.6008403361344538,362.5713338014627
weighted3__hier__none__history__ridge10__zero,hierarchy,none,history,ridge10,zero,development,238,315.95015809808143,251.81092190317713,-69.83561073896269,320.7850527211716,315.42859884136493,333.5752634157682,0.6722689075630253,317.02849193967484
weighted3__hier__none__history__ridge10__zero,hierarchy,none,history,ridge10,zero,late,238,400.60237702077626,290.5456024437624,186.4820719879987,469.2412552821737,393.35175768595707,469.22440888561067,0.5168067226890757,415.94944175242085
weighted3__hier__none__history__ridge10__zero,hierarchy,none,history,ridge10,zero,four_year,476,360.7677694008285,271.17826217346976,58.323230624518004,401.92686256837516,354.39017826366097,469.22440888561067,0.5945378151260504,369.4631449084233
weighted3__hier__none__history__xgb1__extra,hierarchy,none,history,xgb1,extra,development,238,321.67541532871644,242.38993348273078,105.61919999963244,345.2573146335263,317.64277063368957,368.41818881075153,0.6008403361344538,326.5627289811622
weighted3__hier__none__history__xgb1__extra,hierarchy,none,history,xgb1,extra,late,238,383.175673622341,271.8260979141053,161.51985695524442,455.6340605012738,375.22112496859376,452.89160992419187,0.5798319327731093,399.3016331786374
weighted3__hier__none__history__xgb1__extra,hierarchy,none,history,xgb1,extra,four_year,476,353.7645189125367,257.10801569841806,133.5695284774384,404.23075736318737,346.4319478011417,452.89160992419187,0.5903361344537815,364.5479357473506
weighted3__hier__none__history__xgb1__ridge100,hierarchy,none,history,xgb1,ridge100,development,238,339.6151866359111,259.59895255505944,110.6482368750324,376.2898250458237,337.5917684232936,374.6089655967431,0.5840336134453782,348.27799168523484
weighted3__hier__none__history__xgb1__ridge100,hierarchy,none,history,xgb1,ridge100,late,238,427.8294208824192,317.81223061145784,252.73793248924525,512.2164075579308,427.5647382071416,442.6115988247129,0.6134453781512605,448.8599968824777
weighted3__hier__none__history__xgb1__ridge100,hierarchy,none,history,xgb1,ridge100,four_year,476,386.2489406887292,288.7055915832586,181.6930846821388,449.42167315593986,382.5782533152176,442.6115988247129,0.5987394957983193,401.12445196215396
weighted3__hier__none__history__xgb1__ridge1000,hierarchy,none,history,xgb1,ridge1000,development,238,319.9996383618514,240.88929134658,76.23478750360178,344.1092880203334,316.1441886592108,365.66812760518945,0.6050420168067226,325.06318835081174
weighted3__hier__none__history__xgb1__ridge1000,hierarchy,none,history,xgb1,ridge1000,late,238,383.3682844952345,275.3885439236483,195.53568547932625,455.0651225524138,380.3592078397239,428.29786205901473,0.6008403361344538,400.54022484565166
weighted3__hier__none__history__xgb1__ridge1000,hierarchy,none,history,xgb1,ridge1000,four_year,476,353.1083474718027,258.1389176351142,135.88523649146404,403.42004651820673,348.2516982494674,428.29786205901473,0.6029411764705882,364.4721099278199
weighted3__hier__none__history__xgb1__xgb1,hierarchy,none,history,xgb1,xgb1,development,238,334.11237727152786,252.84291663104474,137.6835816244261,363.7879489733762,331.0629241588986,376.1009180461833,0.5210084033613446,340.7689069188326
weighted3__hier__none__history__xgb1__xgb1,hierarchy,none,history,xgb1,xgb1,late,238,394.0884641229803,280.94193871328525,169.5648713578787,468.25565240170556,385.9397251143872,465.6657944608738,0.5294117647058824,410.5930764405134
weighted3__hier__none__history__xgb1__xgb1,hierarchy,none,history,xgb1,xgb1,four_year,476,365.33327127490134,266.89242767216496,153.6242264911524,419.2881037093723,358.5013246366429,465.6657944608738,0.5252100840336135,377.1139927239545
weighted3__hier__none__history__xgb1__xgb2,hierarchy,none,history,xgb1,xgb2,development,238,330.0222449194438,249.0537448596291,128.80224408403177,360.0685786348109,327.0575311670879,371.19428964070767,0.5756302521008403,336.7926499101966
weighted3__hier__none__history__xgb1__xgb2,hierarchy,none,history,xgb1,xgb2,late,238,391.0967989905487,277.5675086856704,168.64557521434875,466.00499899906504,383.0195296539737,462.0938370129537,0.5588235294117647,407.804531658534
weighted3__hier__none__history__xgb1__xgb2,hierarchy,none,history,xgb1,xgb2,four_year,476,361.8503753779475,263.31062677264975,148.72390964919026,416.41928414292465,355.0385304105308,462.0938370129537,0.5672268907563025,373.78964132733756
weighted3__hier__none__history__xgb1__zero,hierarchy,none,history,xgb1,zero,development,238,341.56138233929653,260.40133913999784,141.7872988788676,371.03367726201833,338.6297698887548,383.2846335725692,0.5084033613445378,348.1965529573415
weighted3__hier__none__history__xgb1__zero,hierarchy,none,history,xgb1,zero,late,238,401.09594918863456,288.7609469385625,175.8379118447061,474.5079045973016,392.86982466717063,473.6860440882643,0.5252100840336135,417.39240691043534
weighted3__hier__none__history__xgb1__zero,hierarchy,none,history,xgb1,zero,four_year,476,372.51989098641616,274.58114303928016,158.81260536178686,425.9247240932941,365.74979727796267,473.6860440882643,0.5168067226890757,384.1785758360223
weighted3__hier__none__physical__extra__extra,hierarchy,none,physical,extra,extra,development,238,333.9330481478361,259.9364385670598,160.07606308605403,351.19087406947693,333.6951339416811,346.2982378827151,0.6512605042016807,338.1880260767075
weighted3__hier__none__physical__extra__extra,hierarchy,none,physical,extra,extra,late,238,393.77128667796876,298.0699506804171,-4.506422836818496,470.59664800655577,393.76727741784237,395.5441980584556,0.5840336134453782,412.97662469508396
weighted3__hier__none__physical__extra__extra,hierarchy,none,physical,extra,extra,four_year,476,365.0802013649385,279.0031946237384,77.78482012461777,415.2085230006059,363.73120567976173,395.5441980584556,0.6176470588235294,377.27503285256114
weighted3__hier__none__physical__extra__ridge100,hierarchy,none,physical,extra,ridge100,development,238,348.5728465128731,268.0383253801378,164.8427234636613,386.8919034254606,347.1732821670692,378.3781131301042,0.634453781512605,357.802719654569
weighted3__hier__none__physical__extra__ridge100,hierarchy,none,physical,extra,ridge100,late,238,348.7065922859091,256.77527979017975,78.98630855959706,402.7944476906955,346.42484792155153,386.2508726564046,0.6848739495798319,361.6581200460163
weighted3__hier__none__physical__extra__ridge100,hierarchy,none,physical,extra,ridge100,four_year,476,348.6397258128642,262.40680258515874,121.91451601162917,394.9232279992077,346.7990650443104,386.2508726564046,0.6596638655462185,359.7504361673116
weighted3__hier__none__physical__extra__ridge1000,hierarchy,none,physical,extra,ridge1000,development,238,312.697508107517,239.79490166570605,129.25183322069165,330.3529586464086,312.68885912583204,315.01457519540213,0.6512605042016807,317.10920849681867
weighted3__hier__none__physical__extra__ridge1000,hierarchy,none,physical,extra,ridge1000,late,238,352.07253535145634,264.3895488037713,25.852682514235013,410.44643799369186,351.4421257079502,372.5016230115375,0.6848739495798319,366.5084086011387
weighted3__hier__none__physical__extra__ridge1000,hierarchy,none,physical,extra,ridge1000,four_year,476,332.9675672835517,252.09222523473866,77.55225786746334,372.55828788804666,332.0654924168911,372.5016230115375,0.6680672268907563,342.6397287180103
weighted3__hier__none__physical__extra__xgb1,hierarchy,none,physical,extra,xgb1,development,238,362.03983064868925,286.6592601827624,193.36153660451018,381.43346077203057,360.24023661462735,396.29312692828864,0.6470588235294118,366.4383396710091
weighted3__hier__none__physical__extra__xgb1,hierarchy,none,physical,extra,xgb1,late,238,404.6271628291297,305.14452480309455,3.6199277800385956,485.6395078776046,404.62408269269747,406.202881047182,0.5210084033613446,424.8794790571403
weighted3__hier__none__physical__extra__xgb1,hierarchy,none,physical,extra,xgb1,four_year,476,383.9244586343013,295.9018924929284,98.49073219227438,436.65616714305673,382.43215965366244,406.202881047182,0.5840336134453782,396.7343110163304
weighted3__hier__none__physical__extra__xgb2,hierarchy,none,physical,extra,xgb2,development,238,353.2072395112693,278.26817060799755,184.06476449330933,374.4779175137073,351.6001900713595,385.25521027570574,0.6470588235294118,358.1231466519014
weighted3__hier__none__physical__extra__xgb2,hierarchy,none,physical,extra,xgb2,late,238,399.29873120689706,300.6072746287692,2.4506338668376095,479.00533021196867,399.2975346738925,400.27505540996566,0.5588235294117647,419.2250818249138
weighted3__hier__none__physical__extra__xgb2,hierarchy,none,physical,extra,xgb2,four_year,476,376.95810827372384,289.4377226183835,93.2576991800735,429.9301205294182,375.448862372626,400.27505540996566,0.6029411764705882,389.823799862373
weighted3__hier__none__physical__extra__zero,hierarchy,none,physical,extra,zero,development,238,370.1606351568096,293.530190240503,197.53743134473746,387.8776042114622,368.27479453358376,405.59196927845636,0.6176470588235294,374.1184172646663
weighted3__hier__none__physical__extra__zero,hierarchy,none,physical,extra,zero,late,238,409.66361960036687,308.7401163137901,9.805187213811024,491.3138996100383,409.6617971826778,410.88374363512924,0.48739495798319327,430.07573399836247
weighted3__hier__none__physical__extra__zero,hierarchy,none,physical,extra,zero,four_year,476,390.4120752767304,301.13515327714657,103.67130927927427,442.6275995681056,388.96829585813083,410.88374363512924,0.5525210084033614,403.1050114949243
weighted3__hier__none__physical__ridge1000__extra,hierarchy,none,physical,ridge1000,extra,development,238,324.5561348595661,245.1144952613988,115.22568263329269,358.55224584804483,324.34924434577056,335.9359767284773,0.6680672268907563,333.0034399782369
weighted3__hier__none__physical__ridge1000__extra,hierarchy,none,physical,ridge1000,extra,late,238,375.97168372735035,284.40199251979595,31.948270207880967,443.08804206816933,374.69027626779723,405.7048508278413,0.6008403361344538,392.43042144766684
weighted3__hier__none__physical__ridge1000__extra,hierarchy,none,physical,ridge1000,extra,four_year,476,351.2060589168128,264.7582438905974,73.58697642058684,403.04263175654296,349.5197603067839,405.7048508278413,0.634453781512605,363.7436274742381
weighted3__hier__none__physical__ridge1000__ridge100,hierarchy,none,physical,ridge1000,ridge100,development,238,348.48985226912816,261.72937497324,120.65054828961138,400.649551843055,346.5112268098702,383.5941990380699,0.6386554621848739,361.03512079779534
weighted3__hier__none__physical__ridge1000__ridge100,hierarchy,none,physical,ridge1000,ridge100,late,238,361.70949529649636,266.2896358132741,118.06977796800841,422.83024252137193,359.48295379440253,399.55495048657616,0.6596638655462185,376.4330467271918
weighted3__hier__none__physical__ridge1000__ridge100,hierarchy,none,physical,ridge1000,ridge100,four_year,476,355.1611860284038,264.00950539325703,119.36016312880989,411.8892310941881,352.99709030213637,399.55495048657616,0.6491596638655462,368.80217336328303
weighted3__hier__none__physical__ridge1000__ridge1000,hierarchy,none,physical,ridge1000,ridge1000,development,238,308.96621930808493,234.90500403503555,84.91122604393921,339.0385750345105,308.9299835837179,313.66178202568443,0.6680672268907563,316.4752493085996
weighted3__hier__none__physical__ridge1000__ridge1000,hierarchy,none,physical,ridge1000,ridge1000,late,238,348.02234014700986,261.5907529357278,63.62850124301483,403.87148330183214,345.70920790969524,385.7678250582208,0.6638655462184874,361.4063428763868
weighted3__hier__none__physical__ridge1000__ridge1000,hierarchy,none,physical,ridge1000,ridge1000,four_year,476,329.0742119301759,248.24787848538165,74.269863643477,372.8668196460054,327.31959574670657,385.7678250582208,0.6659663865546218,339.58370981326595
weighted3__hier__none__physical__ridge1000__xgb1,hierarchy,none,physical,ridge1000,xgb1,development,238,348.16085144123537,267.1166807379698,148.10085898819457,387.19854263543596,346.6885221894704,378.67362901072573,0.6638655462184874,357.5521919268443
weighted3__hier__none__physical__ridge1000__xgb1,hierarchy,none,physical,ridge1000,xgb1,late,238,386.32447775827865,291.04307926870086,39.95101994587309,457.492348135446,385.01601050538466,416.7850798925151,0.5462184873949579,403.78932853934697
weighted3__hier__none__physical__ridge1000__xgb1,hierarchy,none,physical,ridge1000,xgb1,four_year,476,367.7380729483233,279.07988000333535,94.02593946703384,423.8053562789701,365.85226634742753,416.7850798925151,0.6050420168067226,381.28344213076105
weighted3__hier__none__physical__ridge1000__xgb2,hierarchy,none,physical,ridge1000,xgb2,development,238,341.62088493777054,260.45361211495094,139.014216260277,381.5134920648726,340.20103118804064,371.3151341681893,0.6680672268907563,351.23907328211357
weighted3__hier__none__physical__ridge1000__xgb2,hierarchy,none,physical,ridge1000,xgb2,late,238,381.97905232038386,287.0548307957524,38.908988058333314,452.3554579353202,380.5014980726525,414.0664556332657,0.5756302521008403,399.2037651621851
weighted3__hier__none__physical__ridge1000__xgb2,hierarchy,none,physical,ridge1000,xgb2,four_year,476,362.3622672390463,273.75422145535174,88.96160215930517,418.4363780501206,360.3512646303466,414.0664556332657,0.6218487394957983,375.87804428963994
weighted3__hier__none__physical__ridge1000__zero,hierarchy,none,physical,ridge1000,zero,development,238,354.8427970799918,273.3454035977309,152.16576369688283,392.423444230448,353.34741045859494,385.8899696965752,0.6554621848739496,363.8641122122566
weighted3__hier__none__physical__ridge1000__zero,hierarchy,none,physical,ridge1000,zero,late,238,391.5008999805627,295.6427617518438,46.100844700072145,463.3741061303467,389.98365497272164,424.4177012018209,0.5336134453781513,409.0898902660484
weighted3__hier__none__physical__ridge1000__zero,hierarchy,none,physical,ridge1000,zero,four_year,476,373.6217106413537,284.4940826747874,99.1333041984775,429.36681393290365,371.6655327156583,424.4177012018209,0.5945378151260504,387.06894198281736
weighted3__hier__none__physical__ridge100__extra,hierarchy,none,physical,ridge100,extra,development,238,372.67831887750026,278.10819569355476,35.3440973239461,441.05681285000475,372.38939797717006,387.0613315770941,0.6764705882352942,389.70071214554383
weighted3__hier__none__physical__ridge100__extra,hierarchy,none,physical,ridge100,extra,late,238,485.35913551890275,402.5964940865799,-299.2455047323164,512.7492930286393,467.8340616176123,597.0810392303392,0.5756302521008403,487.82540642101424
weighted3__hier__none__physical__ridge100__extra,hierarchy,none,physical,ridge100,extra,four_year,476,432.7023340548421,340.3523448900674,-131.95070370418514,478.2483401240267,420.1117297973912,597.0810392303392,0.6260504201680672,440.9411845077755
weighted3__hier__none__physical__ridge100__ridge100,hierarchy,none,physical,ridge100,ridge100,development,238,401.9124196405199,303.5810039442627,41.46125060953719,482.77079225653745,399.1871681430913,445.91187093718855,0.6596638655462185,421.44569992016716
weighted3__hier__none__physical__ridge100__ridge100,hierarchy,none,physical,ridge100,ridge100,late,238,406.4325084144624,335.3633332821972,-220.77688650753532,391.48810078114957,403.509078265058,452.16920212181924,0.6596638655462185,401.9655489687831
weighted3__hier__none__physical__ridge100__ridge100,hierarchy,none,physical,ridge100,ridge100,four_year,476,404.17878281607597,319.47216861323,-89.65781794899907,439.505728579979,401.3481232040747,452.16920212181924,0.6596638655462185,412.3028543540514
weighted3__hier__none__physical__ridge100__ridge1000,hierarchy,none,physical,ridge100,ridge1000,development,238,359.0729403341705,272.9856646181304,5.148261793861774,418.77079150698626,359.0008827617978,366.19411961850165,0.6596638655462185,373.97938873428126
weighted3__hier__none__physical__ridge100__ridge1000,hierarchy,none,physical,ridge100,ridge1000,late,238,441.34020864780734,368.19355794393863,-270.41740828409837,440.07064949591717,433.44855211148956,516.5360508206425,0.6092436974789915,439.04990472575537
weighted3__hier__none__physical__ridge100__ridge1000,hierarchy,none,physical,ridge100,ridge1000,four_year,476,402.3148992080189,320.58961128103454,-132.63457324511828,429.5527629797916,396.2247174366437,516.5360508206425,0.634453781512605,407.6018197081183
weighted3__hier__none__physical__ridge100__xgb1,hierarchy,none,physical,ridge100,xgb1,development,238,392.3343536679938,292.79969306272386,68.0725122304781,465.71214227205985,390.5066664798875,428.33243154615394,0.6554621848739496,410.2218790219837
weighted3__hier__none__physical__ridge100__xgb1,hierarchy,none,physical,ridge100,xgb1,late,238,487.95003909592845,401.3111152747978,-291.8470868713266,523.1151178099615,469.1715026497401,603.2361950750876,0.5714285714285714,492.0466746628896
weighted3__hier__none__physical__ridge100__xgb1,hierarchy,none,physical,ridge100,xgb1,four_year,476,442.73100508198013,347.0554041687608,-111.88728732042426,495.24601257403435,429.8390845648138,603.2361950750876,0.6134453781512605,452.6367768257021
weighted3__hier__none__physical__ridge100__xgb2,hierarchy,none,physical,ridge100,xgb2,development,238,387.77101669895677,288.47628618036845,59.098862014923085,461.0602560115295,386.0160045401284,422.86713248240767,0.6596638655462185,405.6545734873929
weighted3__hier__none__physical__ridge100__xgb2,hierarchy,none,physical,ridge100,xgb2,late,238,485.1396968025848,400.760212236527,-292.8394190953794,516.400540200864,467.81456859145396,596.3060267795206,0.5714285714285714,488.6236255993719
weighted3__hier__none__physical__ridge100__xgb2,hierarchy,none,physical,ridge100,xgb2,four_year,476,439.1622062549592,344.61824920844776,-116.87027854022818,489.51306294784484,426.9152865657912,596.3060267795206,0.615546218487395,448.6881905058886
weighted3__hier__none__physical__ridge100__zero,hierarchy,none,physical,ridge100,zero,development,238,396.2369532415951,296.5797593393008,71.99741706139565,468.21556214467694,394.3066622218432,433.3704464938666,0.6638655462184874,413.74903271242755
weighted3__hier__none__physical__ridge100__zero,hierarchy,none,physical,ridge100,zero,late,238,487.26932444732944,398.22964600954185,-286.1475774515126,526.0916910626339,468.96732821476974,601.258823082948,0.5672268907563025,492.39941704301566
weighted3__hier__none__physical__ridge100__zero,hierarchy,none,physical,ridge100,zero,four_year,476,444.0918360325591,347.4047026744213,-107.07508019505845,497.99512047790074,431.6369952183064,601.258823082948,0.615546218487395,454.4539469403313
weighted3__hier__none__physical__ridge10__extra,hierarchy,none,physical,ridge10,extra,development,238,427.03630224597373,351.8567013765106,-206.29488438480345,481.2529633987028,421.6777806370932,489.11555012044835,0.6386554621848739,439.2508371319359
weighted3__hier__none__physical__ridge10__extra,hierarchy,none,physical,ridge10,extra,late,238,816.6060135555834,742.7047343181179,-734.5108236794828,808.911230155724,803.6525443261902,948.5247962351827,0.5588235294117647,811.4439503982703
weighted3__hier__none__physical__ridge10__extra,hierarchy,none,physical,ridge10,extra,four_year,476,651.6154482557394,547.2807178473142,-470.4028540321432,665.5605881706337,612.6651624816417,948.5247962351827,0.5987394957983193,645.3641617909385
weighted3__hier__none__physical__ridge10__ridge100,hierarchy,none,physical,ridge10,ridge100,development,238,450.02152622345574,378.4707620726372,-199.90121623305677,500.637856605213,447.8678928124242,491.84202898639967,0.6512605042016807,462.1372004661372
weighted3__hier__none__physical__ridge10__ridge100,hierarchy,none,physical,ridge10,ridge100,late,238,741.2677599495415,675.5131154446296,-663.5904189435097,687.5818743151419,738.9511918823971,797.5090944762896,0.5882352941176471,727.2671465241556
weighted3__hier__none__physical__ridge10__ridge100,hierarchy,none,physical,ridge10,ridge100,four_year,476,613.1872740057069,526.9919387586334,-431.7458175882833,601.4179484156527,593.4095423474107,797.5090944762896,0.6197478991596639,605.3005096936192
weighted3__hier__none__physical__ridge10__ridge1000,hierarchy,none,physical,ridge10,ridge1000,development,238,433.08330390524304,365.9369308734338,-234.5034184594612,472.1189006295783,428.24257741405467,492.81380174229963,0.6260504201680672,441.6320214635298
weighted3__hier__none__physical__ridge10__ridge1000,hierarchy,none,physical,ridge10,ridge1000,late,238,782.9861732486996,715.5940895158263,-708.0185139571124,748.8219397467137,777.5339184008803,869.7746536257027,0.5588235294117647,773.0820511612484
weighted3__hier__none__physical__ridge10__ridge1000,hierarchy,none,physical,ridge10,ridge1000,four_year,476,632.7039179664229,540.7655101946301,-471.26096620828673,625.9514972334969,602.8882479074675,869.7746536257027,0.592436974789916,623.5618952684525
weighted3__hier__none__physical__ridge10__xgb1,hierarchy,none,physical,ridge10,xgb1,development,238,424.11915639807205,343.07705057563214,-175.46343941966245,485.38675902338355,419.7523915241626,480.45649874565424,0.6428571428571429,438.34436583592253
weighted3__hier__none__physical__ridge10__xgb1,hierarchy,none,physical,ridge10,xgb1,late,238,813.8576329613267,736.9077462796129,-728.1200608326245,812.7532771074759,799.363978384305,952.2740068030772,0.5588235294117647,809.9581303536086
weighted3__hier__none__physical__ridge10__xgb1,hierarchy,none,physical,ridge10,xgb1,four_year,476,648.9380962592757,539.9923984276226,-451.7917501261434,669.390840721684,609.5581849542338,952.2740068030772,0.6008403361344538,644.2063045486173
weighted3__hier__none__physical__ridge10__xgb2,hierarchy,none,physical,ridge10,xgb2,development,238,425.4820469686213,347.802166025204,-183.85254708187094,483.57008605016404,421.36410604873504,480.41715361072323,0.6302521008403361,438.97457150903546
weighted3__hier__none__physical__ridge10__xgb2,hierarchy,none,physical,ridge10,xgb2,late,238,813.1083541645944,737.5341463817875,-728.8985060611789,807.7514221941095,799.7989750105636,946.3144867637815,0.5588235294117647,808.4417763834655
weighted3__hier__none__physical__ridge10__xgb2,hierarchy,none,physical,ridge10,xgb2,four_year,476,648.9145428732753,542.6681562034958,-456.3755265715249,665.696022287639,610.5815405296494,946.3144867637815,0.5945378151260504,643.5266621409597
weighted3__hier__none__physical__ridge10__zero,hierarchy,none,physical,ridge10,zero,development,238,424.603835909202,340.3796756218893,-171.75924472392407,486.6572375228184,420.48924987852797,479.4571072705122,0.6260504201680672,439.08853980493757
weighted3__hier__none__physical__ridge10__zero,hierarchy,none,physical,ridge10,zero,late,238,810.1409726277572,732.014172409048,-723.0689040929254,812.8076334482695,795.5027837377397,948.8120026247824,0.5588235294117647,807.1480906103809
weighted3__hier__none__physical__ridge10__zero,hierarchy,none,physical,ridge10,zero,four_year,476,646.7676603692614,536.1969240154687,-447.4140744084248,669.8848840752855,607.9960168081338,948.8120026247824,0.592436974789916,642.8540554054855
weighted3__hier__none__physical__xgb1__extra,hierarchy,none,physical,xgb1,extra,development,238,321.67541532871644,242.38993348273078,105.61919999963244,345.2573146335263,317.64277063368957,368.41818881075153,0.6008403361344538,326.5627289811622
weighted3__hier__none__physical__xgb1__extra,hierarchy,none,physical,xgb1,extra,late,238,383.175673622341,271.8260979141053,161.51985695524442,455.6340605012738,375.22112496859376,452.89160992419187,0.5798319327731093,399.3016331786374
weighted3__hier__none__physical__xgb1__extra,hierarchy,none,physical,xgb1,extra,four_year,476,353.7645189125367,257.10801569841806,133.5695284774384,404.23075736318737,346.4319478011417,452.89160992419187,0.5903361344537815,364.5479357473506
weighted3__hier__none__physical__xgb1__ridge100,hierarchy,none,physical,xgb1,ridge100,development,238,339.6151866359111,259.59895255505944,110.6482368750324,376.2898250458237,337.5917684232936,374.6089655967431,0.5840336134453782,348.27799168523484
weighted3__hier__none__physical__xgb1__ridge100,hierarchy,none,physical,xgb1,ridge100,late,238,427.8294208824192,317.81223061145784,252.73793248924525,512.2164075579308,427.5647382071416,442.6115988247129,0.6134453781512605,448.8599968824777
weighted3__hier__none__physical__xgb1__ridge100,hierarchy,none,physical,xgb1,ridge100,four_year,476,386.2489406887292,288.7055915832586,181.6930846821388,449.42167315593986,382.5782533152176,442.6115988247129,0.5987394957983193,401.12445196215396
weighted3__hier__none__physical__xgb1__ridge1000,hierarchy,none,physical,xgb1,ridge1000,development,238,319.9996383618514,240.88929134658,76.23478750360178,344.1092880203334,316.1441886592108,365.66812760518945,0.6050420168067226,325.06318835081174
weighted3__hier__none__physical__xgb1__ridge1000,hierarchy,none,physical,xgb1,ridge1000,late,238,383.3682844952345,275.3885439236483,195.53568547932625,455.0651225524138,380.3592078397239,428.29786205901473,0.6008403361344538,400.54022484565166
weighted3__hier__none__physical__xgb1__ridge1000,hierarchy,none,physical,xgb1,ridge1000,four_year,476,353.1083474718027,258.1389176351142,135.88523649146404,403.42004651820673,348.2516982494674,428.29786205901473,0.6029411764705882,364.4721099278199
weighted3__hier__none__physical__xgb1__xgb1,hierarchy,none,physical,xgb1,xgb1,development,238,334.11237727152786,252.84291663104474,137.6835816244261,363.7879489733762,331.0629241588986,376.1009180461833,0.5210084033613446,340.7689069188326
weighted3__hier__none__physical__xgb1__xgb1,hierarchy,none,physical,xgb1,xgb1,late,238,394.0884641229803,280.94193871328525,169.5648713578787,468.25565240170556,385.9397251143872,465.6657944608738,0.5294117647058824,410.5930764405134
weighted3__hier__none__physical__xgb1__xgb1,hierarchy,none,physical,xgb1,xgb1,four_year,476,365.33327127490134,266.89242767216496,153.6242264911524,419.2881037093723,358.5013246366429,465.6657944608738,0.5252100840336135,377.1139927239545
weighted3__hier__none__physical__xgb1__xgb2,hierarchy,none,physical,xgb1,xgb2,development,238,330.0222449194438,249.0537448596291,128.80224408403177,360.0685786348109,327.0575311670879,371.19428964070767,0.5756302521008403,336.7926499101966
weighted3__hier__none__physical__xgb1__xgb2,hierarchy,none,physical,xgb1,xgb2,late,238,391.0967989905487,277.5675086856704,168.64557521434875,466.00499899906504,383.0195296539737,462.0938370129537,0.5588235294117647,407.804531658534
weighted3__hier__none__physical__xgb1__xgb2,hierarchy,none,physical,xgb1,xgb2,four_year,476,361.8503753779475,263.31062677264975,148.72390964919026,416.41928414292465,355.0385304105308,462.0938370129537,0.5672268907563025,373.78964132733756
weighted3__hier__none__physical__xgb1__zero,hierarchy,none,physical,xgb1,zero,development,238,341.56138233929653,260.40133913999784,141.7872988788676,371.03367726201833,338.6297698887548,383.2846335725692,0.5084033613445378,348.1965529573415
weighted3__hier__none__physical__xgb1__zero,hierarchy,none,physical,xgb1,zero,late,238,401.09594918863456,288.7609469385625,175.8379118447061,474.5079045973016,392.86982466717063,473.6860440882643,0.5252100840336135,417.39240691043534
weighted3__hier__none__physical__xgb1__zero,hierarchy,none,physical,xgb1,zero,four_year,476,372.51989098641616,274.58114303928016,158.81260536178686,425.9247240932941,365.74979727796267,473.6860440882643,0.5168067226890757,384.1785758360223
weighted3__hier__scratch__encoder__extra__extra,hierarchy,scratch,encoder,extra,extra,development,238,342.5803224392753,266.98371839344793,181.52319517130707,360.4570929150082,342.35453489215365,354.79036061363183,0.6386554621848739,346.9930681714281
weighted3__hier__scratch__encoder__extra__extra,hierarchy,scratch,encoder,extra,extra,late,238,397.9782242160971,301.72381160480313,-9.314153889908214,475.3530970416466,397.9546866155206,402.2830062595423,0.5672268907563025,417.31605802234037
weighted3__hier__scratch__encoder__extra__extra,hierarchy,scratch,encoder,extra,extra,four_year,476,371.31384587219196,284.3537649991256,86.10452064069943,421.8352063897844,370.1546107538371,402.2830062595423,0.6029411764705882,383.65437722200136
weighted3__hier__scratch__encoder__extra__ridge100,hierarchy,scratch,encoder,extra,ridge100,development,238,388.7329799274419,303.77403322797204,199.80811935534254,428.63085266267984,384.23780574325156,443.18386855392765,0.6386554621848739,397.5836545652038
weighted3__hier__scratch__encoder__extra__ridge100,hierarchy,scratch,encoder,extra,ridge100,late,238,360.6999821069892,268.5050580506584,129.4746676322335,404.46754749513315,357.2529505332734,407.0003768712544,0.6512605042016807,370.78011556059624
weighted3__hier__scratch__encoder__extra__ridge100,hierarchy,scratch,encoder,extra,ridge100,four_year,476,374.97853723596717,286.13954563931526,164.64139349378803,416.7243722360523,370.7453781382625,443.18386855392765,0.6449579831932774,384.35670621156225
weighted3__hier__scratch__encoder__extra__ridge1000,hierarchy,scratch,encoder,extra,ridge1000,development,238,339.0433762766571,261.81488272971256,175.15133059388654,358.1943682453892,338.80571962267425,351.4980538460064,0.6386554621848739,343.77171010534437
weighted3__hier__scratch__encoder__extra__ridge1000,hierarchy,scratch,encoder,extra,ridge1000,late,238,356.25094890115344,263.7386731396898,52.670207593249835,414.3818161083767,355.00674495565113,384.7548479029902,0.6470588235294118,370.4726147165837
weighted3__hier__scratch__encoder__extra__ridge1000,hierarchy,scratch,encoder,extra,ridge1000,four_year,476,347.7536121955077,262.7767779347012,113.9107690935682,387.30833644784235,346.9062322891627,384.7548479029902,0.6428571428571429,357.4304482820051
weighted3__hier__scratch__encoder__extra__xgb1,hierarchy,scratch,encoder,extra,xgb1,development,238,369.18525729784164,292.7891132456232,212.34398940281116,388.4391571681675,367.6931200540222,400.85218625034236,0.5882352941176471,373.62569795446825
weighted3__hier__scratch__encoder__extra__xgb1,hierarchy,scratch,encoder,extra,xgb1,late,238,408.31790180155497,308.9516260968923,-0.671543378483516,489.6266198514385,408.30238290011437,411.86230561173045,0.5168067226890757,428.6412015886657
weighted3__hier__scratch__encoder__extra__xgb1,hierarchy,scratch,encoder,extra,xgb1,four_year,476,389.24366606131036,300.8703696712577,105.83622301216383,441.9384604719652,387.9977514770683,411.86230561173045,0.5525210084033614,402.1058860179135
weighted3__hier__scratch__encoder__extra__xgb2,hierarchy,scratch,encoder,extra,xgb2,development,238,360.2043119236523,283.97924021734866,202.8112759039166,381.64973686635426,358.8905351984688,389.62699682547503,0.6176470588235294,365.2372239780319
weighted3__hier__scratch__encoder__extra__xgb2,hierarchy,scratch,encoder,extra,xgb2,late,238,402.6439278547661,304.0009558300794,-1.9196593422958441,482.6445183718464,402.6415530665324,404.0244422467564,0.5504201680672269,422.64348178697776
weighted3__hier__scratch__encoder__extra__xgb2,hierarchy,scratch,encoder,extra,xgb2,four_year,476,382.01392577149977,293.99009802371404,100.44580828081038,435.0874927899841,380.7660441325006,404.0244422467564,0.5840336134453782,394.97034711637104
weighted3__hier__scratch__encoder__extra__zero,hierarchy,scratch,encoder,extra,zero,development,238,377.36204839314485,299.59111733468325,216.4160216692174,394.93344700133207,375.81230061166775,409.97705257089757,0.5882352941176471,381.3674610998224
weighted3__hier__scratch__encoder__extra__zero,hierarchy,scratch,encoder,extra,zero,late,238,413.2183532984386,312.56481147137987,5.423453208713695,495.14306956919995,413.21775667063474,413.9199494941118,0.48739495798319327,433.699383209178
weighted3__hier__scratch__encoder__extra__zero,hierarchy,scratch,encoder,extra,zero,four_year,476,395.69655234165447,306.07796440303156,110.91973743896554,447.8499117465379,394.5150286411512,413.9199494941118,0.5378151260504201,408.43951126774954
weighted3__hier__scratch__encoder__ridge1000__extra,hierarchy,scratch,encoder,ridge1000,extra,development,238,335.8617893325096,257.92073543336227,146.39726544810577,358.2175066956252,335.5585889999435,349.82655598904347,0.6008403361344538,341.374918590147
weighted3__hier__scratch__encoder__ridge1000__extra,hierarchy,scratch,encoder,ridge1000,extra,late,238,385.73959777466416,277.89371556367865,108.65523406113064,462.22361354819515,378.9214492040819,451.1265226022723,0.5630252100840336,403.15606457540133
weighted3__hier__scratch__encoder__ridge1000__extra,hierarchy,scratch,encoder,ridge1000,extra,four_year,476,361.66156750821256,267.9072254985204,127.52624975461819,413.50359794370684,357.24001910201264,451.1265226022723,0.5819327731092437,373.51668801553615
weighted3__hier__scratch__encoder__ridge1000__ridge100,hierarchy,scratch,encoder,ridge1000,ridge100,development,238,371.5970991599658,284.4525824703114,163.70213605156624,418.2957199970775,369.72416604006526,406.98601180862215,0.6470588235294118,382.8035210892686
weighted3__hier__scratch__encoder__ridge1000__ridge100,hierarchy,scratch,encoder,ridge1000,ridge100,late,238,420.0123409473733,318.3669022409661,254.00773050178825,484.25743894141283,417.5844153660257,462.6801201671158,0.6008403361344538,435.46663405054625
weighted3__hier__scratch__encoder__ridge1000__ridge100,hierarchy,scratch,encoder,ridge1000,ridge100,four_year,476,396.5443043672384,301.40974235563874,208.85493327667723,452.4801523481276,393.6542907030455,462.6801201671158,0.6239495798319328,409.8057629464125
weighted3__hier__scratch__encoder__ridge1000__ridge1000,hierarchy,scratch,encoder,ridge1000,ridge1000,development,238,329.3669687887337,252.25873294928408,139.83247431494598,352.111433635782,329.20159415588967,339.637615155274,0.634453781512605,335.0117413422847
weighted3__hier__scratch__encoder__ridge1000__ridge1000,hierarchy,scratch,encoder,ridge1000,ridge1000,late,238,381.3850824208442,273.5827974331161,174.09315322090032,449.7888730428879,375.9419034072522,440.1467813814868,0.5798319327731093,397.1252353229571
weighted3__hier__scratch__encoder__ridge1000__ridge1000,hierarchy,scratch,encoder,ridge1000,ridge1000,four_year,476,356.3265224637599,262.92076519120013,156.96281376792314,403.9136615727653,352.57174878157093,440.1467813814868,0.6071428571428571,367.284613820464
weighted3__hier__scratch__encoder__ridge1000__xgb1,hierarchy,scratch,encoder,ridge1000,xgb1,development,238,356.27144914214256,278.5583498434142,176.6958349554032,382.11926325769736,356.2647937509373,358.44245475403454,0.5672268907563025,362.73173882322993
weighted3__hier__scratch__encoder__ridge1000__xgb1,hierarchy,scratch,encoder,ridge1000,xgb1,late,238,396.4695733285242,286.0071859243643,117.25254408315641,475.6291182724083,389.59413122835684,463.1096771198472,0.5714285714285714,414.5405990394534
weighted3__hier__scratch__encoder__ridge1000__xgb1,hierarchy,scratch,encoder,ridge1000,xgb1,four_year,476,376.90679753033396,282.2827678838893,146.97418951927983,431.41522313265324,372.9294624896471,463.1096771198472,0.569327731092437,389.5395701707421
weighted3__hier__scratch__encoder__ridge1000__xgb2,hierarchy,scratch,encoder,ridge1000,xgb2,development,238,348.845515699018,270.55468900116927,167.31451147195878,376.05666375202276,348.8389555831053,350.9783225460441,0.5714285714285714,355.64666268329097
weighted3__hier__scratch__encoder__ridge1000__xgb2,hierarchy,scratch,encoder,ridge1000,xgb2,late,238,392.3968010657577,281.7752398742917,116.19548817803874,471.4817032964577,385.34191053084885,459.41526252112305,0.5714285714285714,410.40430398970545
weighted3__hier__scratch__encoder__ridge1000__xgb2,hierarchy,scratch,encoder,ridge1000,xgb2,four_year,476,371.26031521693346,276.1649644377305,141.75499982499875,426.44672052651015,367.0904330569771,459.41526252112305,0.5714285714285714,384.01444600433854
weighted3__hier__scratch__encoder__ridge1000__zero,hierarchy,scratch,encoder,ridge1000,zero,development,238,363.8219863962055,285.62293084797255,180.71729833463363,388.1139400643702,363.8144613948581,366.15443260196,0.5672268907563025,369.8930935629098
weighted3__hier__scratch__encoder__ridge1000__zero,hierarchy,scratch,encoder,ridge1000,zero,late,238,402.60598801934583,292.956991931759,123.39160278976803,481.5266944515677,395.576235373211,470.4830014026669,0.5378151260504201,420.5787264658676
weighted3__hier__scratch__encoder__ridge1000__zero,hierarchy,scratch,encoder,ridge1000,zero,four_year,476,383.7043258645349,289.2899613898657,152.05445056220083,437.32161388487475,379.6953483840345,470.4830014026669,0.5525210084033614,396.1064034994948
weighted3__hier__scratch__encoder__ridge100__extra,hierarchy,scratch,encoder,ridge100,extra,development,238,404.8140847904342,301.56700285773223,53.425735207517306,480.54966707315026,404.4318431675794,422.0195512840826,0.6470588235294118,423.6524199553995
weighted3__hier__scratch__encoder__ridge100__extra,hierarchy,scratch,encoder,ridge100,extra,late,238,357.45241247162227,282.44263063358363,-54.97600642542246,400.1971289116153,357.3391436079281,366.3371226774383,0.6470588235294118,368.110274365697
weighted3__hier__scratch__encoder__ridge100__extra,hierarchy,scratch,encoder,ridge100,extra,four_year,476,381.868217076585,292.00481674565793,-0.7751356089525611,442.2022865800309,380.88549338775374,422.0195512840826,0.6470588235294118,396.70605353023865
weighted3__hier__scratch__encoder__ridge100__ridge100,hierarchy,scratch,encoder,ridge100,ridge100,development,238,445.10967139211795,331.63690049205036,71.59437485724655,540.1678889045211,443.65097970631757,479.6569204998008,0.6428571428571429,468.50955284876864
weighted3__hier__scratch__encoder__ridge100__ridge100,hierarchy,scratch,encoder,ridge100,ridge100,late,238,346.6090616806524,260.8408254980677,85.95848389667833,387.9906786033921,346.37425549285143,359.13030389802714,0.6932773109243697,356.8957643643871
weighted3__hier__scratch__encoder__ridge100__ridge100,hierarchy,scratch,encoder,ridge100,ridge100,four_year,476,398.9113066873021,296.23886299505904,78.77642937696244,470.275512272693,395.0126175995845,479.6569204998008,0.6680672268907563,415.7776858117204
weighted3__hier__scratch__encoder__ridge100__ridge1000,hierarchy,scratch,encoder,ridge100,ridge1000,development,238,393.7013430129987,293.7053815945869,46.406672761261845,464.93563727114434,393.5922922595082,402.85808764602433,0.6470588235294118,411.48265388916246
weighted3__hier__scratch__encoder__ridge100__ridge1000,hierarchy,scratch,encoder,ridge100,ridge1000,late,238,336.3491461383574,257.52665073216264,8.964757456344289,371.23574273247965,335.4057090694525,360.58026828346635,0.6638655462184874,344.83493601966177
weighted3__hier__scratch__encoder__ridge100__ridge1000,hierarchy,scratch,encoder,ridge100,ridge1000,four_year,476,366.14989799141074,275.6160161633748,27.685715108803073,420.7024622502588,364.4990006644804,402.85808764602433,0.6554621848739496,379.37531472439014
weighted3__hier__scratch__encoder__ridge100__xgb1,hierarchy,scratch,encoder,ridge100,xgb1,development,238,418.9470080757477,312.13466740771736,83.37720003620605,498.0480441880757,418.94676715109216,419.3960657924662,0.6134453781512605,438.7222068726658
weighted3__hier__scratch__encoder__ridge100__xgb1,hierarchy,scratch,encoder,ridge100,xgb1,late,238,362.8685626137664,283.7964101521165,-46.899286327146,411.88341093770276,362.8036661701291,369.66613998752564,0.6260504201680672,375.1060505838411
weighted3__hier__scratch__encoder__ridge100__xgb1,hierarchy,scratch,encoder,ridge100,xgb1,four_year,476,391.91210067373623,297.965538779917,18.238956854530024,457.0009838748949,390.87521666061065,419.3960657924662,0.6197478991596639,407.92510047074455
weighted3__hier__scratch__encoder__ridge100__xgb2,hierarchy,scratch,encoder,ridge100,xgb2,development,238,414.0595447910087,306.7849637262787,74.1258078266051,493.60078195719336,414.05884524509116,414.8199673371228,0.634453781512605,433.94467919607547
weighted3__hier__scratch__encoder__ridge100__xgb2,hierarchy,scratch,encoder,ridge100,xgb2,late,238,360.5832268193964,283.2783577609203,-47.7716414469845,407.6038583288005,360.4455429651872,370.4091778450737,0.6260504201680672,372.30396373319513
weighted3__hier__scratch__encoder__ridge100__xgb2,hierarchy,scratch,encoder,ridge100,xgb2,four_year,476,388.243203479485,295.0316607435995,13.177083189810295,452.649222507494,387.2521941051392,414.8199673371228,0.6302521008403361,404.09695589290084
weighted3__hier__scratch__encoder__ridge100__zero,hierarchy,scratch,encoder,ridge100,zero,development,238,423.252472024508,318.0052037245905,87.25053591144663,500.53587427396593,423.2522477715397,423.68794399152046,0.5882352941176471,442.5732665236304
weighted3__hier__scratch__encoder__ridge100__zero,hierarchy,scratch,encoder,ridge100,zero,late,238,365.6269970263464,284.08189081687306,-41.039288293502366,417.0267851553189,365.53762825203546,373.6211476823739,0.6260504201680672,378.4546018650118
weighted3__hier__scratch__encoder__ridge100__zero,hierarchy,scratch,encoder,ridge100,zero,four_year,476,395.490680060454,301.0435472707317,23.105623808972155,460.6774907525784,394.3949380117876,423.68794399152046,0.6071428571428571,411.51344722131853
weighted3__hier__scratch__encoder__ridge10__extra,hierarchy,scratch,encoder,ridge10,extra,development,238,489.97786183060526,388.04790899879526,-204.74246423376601,575.4279383507675,485.9214719671505,548.8391019715418,0.5882352941176471,510.32628349478216
weighted3__hier__scratch__encoder__ridge10__extra,hierarchy,scratch,encoder,ridge10,extra,late,238,423.45385466418685,360.63041197632504,-211.69436882177226,395.9619061900582,422.97705102675025,443.066384880122,0.6554621848739496,416.4616666362955
weighted3__hier__scratch__encoder__ridge10__extra,hierarchy,scratch,encoder,ridge10,extra,four_year,476,457.92546998067814,374.3391604875601,-208.2184165277692,493.9145388568144,454.4492614969504,548.8391019715418,0.6218487394957983,466.0536850787803
weighted3__hier__scratch__encoder__ridge10__ridge100,hierarchy,scratch,encoder,ridge10,ridge100,development,238,504.9375834249658,405.0694628012295,-188.37267605498744,596.9736588754649,502.6452486627444,550.7047654290637,0.634453781512605,527.3735185970353
weighted3__hier__scratch__encoder__ridge10__ridge100,hierarchy,scratch,encoder,ridge10,ridge100,late,238,393.7062112069896,320.4734624899655,-73.59822058577774,388.7006485447501,392.98358171604025,416.82651032380596,0.6932773109243697,392.27416316869244
weighted3__hier__scratch__encoder__ridge10__ridge100,hierarchy,scratch,encoder,ridge10,ridge100,four_year,476,452.7507834880062,362.7714626455975,-130.98544832038257,503.719040522725,447.8144151893923,550.7047654290637,0.6638655462184874,464.25875567203246
weighted3__hier__scratch__encoder__ridge10__ridge1000,hierarchy,scratch,encoder,ridge10,ridge1000,development,238,481.679645320083,387.74080066366895,-211.66372538635738,558.6222811202559,478.49726268550614,533.7751996781142,0.5966386554621849,500.119708611482
weighted3__hier__scratch__encoder__ridge10__ridge1000,hierarchy,scratch,encoder,ridge10,ridge1000,late,238,403.98619272981836,337.5166464474542,-148.1985157450198,375.5738452585312,401.74293630029194,444.2571345069322,0.6596638655462185,396.322291754615
weighted3__hier__scratch__encoder__ridge10__ridge1000,hierarchy,scratch,encoder,ridge10,ridge1000,four_year,476,444.5335333987836,362.6287235555616,-179.9311205656886,475.98033898800765,440.12009949289904,533.7751996781142,0.6281512605042017,451.2918763196185
weighted3__hier__scratch__encoder__ridge10__xgb1,hierarchy,scratch,encoder,ridge10,xgb1,development,238,483.54810084944245,376.0778560358741,-176.84375711842114,574.6240565172825,479.39319523698305,542.6461018546116,0.6092436974789915,505.2783633632876
weighted3__hier__scratch__encoder__ridge10__xgb1,hierarchy,scratch,encoder,ridge10,xgb1,late,238,421.68895277599955,357.0886549324897,-204.35492079906692,402.48550689177597,421.4345961248854,436.078846954955,0.6512605042016807,416.8245021421651
weighted3__hier__scratch__encoder__ridge10__xgb1,hierarchy,scratch,encoder,ridge10,xgb1,four_year,476,453.6740783472325,366.58325548418196,-190.59933895874403,496.0783151813365,450.4138956809342,542.6461018546116,0.6302521008403361,463.46009188918396
weighted3__hier__scratch__encoder__ridge10__xgb2,hierarchy,scratch,encoder,ridge10,xgb2,development,238,484.49081695424974,379.9889468349057,-185.47111876441,573.0406635657093,480.9388137580208,539.4982633287277,0.6092436974789915,505.7402778080574
weighted3__hier__scratch__encoder__ridge10__xgb2,hierarchy,scratch,encoder,ridge10,xgb2,late,238,422.5839325806805,358.51972611306536,-204.89072614711841,400.24511065697664,422.13887380953224,441.5283372929022,0.6470588235294118,416.88796240696746
weighted3__hier__scratch__encoder__ridge10__xgb2,hierarchy,scratch,encoder,ridge10,xgb2,four_year,476,454.592417330266,369.25433647398546,-195.1809224557642,494.2528455682597,451.53884378377654,539.4982633287277,0.6281512605042017,463.7441310031421
weighted3__hier__scratch__encoder__ridge10__zero,hierarchy,scratch,encoder,ridge10,zero,development,238,484.4721408968078,374.84623454724004,-173.18704911898595,575.6745990380966,480.28714237733936,543.8285947698188,0.6092436974789915,506.22650580226286
weighted3__hier__scratch__encoder__ridge10__zero,hierarchy,scratch,encoder,ridge10,zero,late,238,420.0993439151872,354.1610920804113,-198.88785581194028,405.4264676312719,419.845776787212,434.43969579182584,0.6470588235294118,416.3677330622146
weighted3__hier__scratch__encoder__ridge10__zero,hierarchy,scratch,encoder,ridge10,zero,four_year,476,453.42955024077725,364.5036633138257,-186.03745246546308,497.8814440374556,450.0664595822757,543.8285947698188,0.6281512605042017,463.70175102532147
weighted3__hier__scratch__encoder__xgb1__extra,hierarchy,scratch,encoder,xgb1,extra,development,238,322.45343661084155,242.615014420857,108.18827334441089,346.6819894071013,318.6148381363338,368.2213266383415,0.5798319327731093,327.5509251912796
weighted3__hier__scratch__encoder__xgb1__extra,hierarchy,scratch,encoder,xgb1,extra,late,238,383.49772919702997,272.0044000707462,161.07263459696944,456.0224569781791,375.59956489487035,453.03001852948734,0.5798319327731093,399.65437006677735
weighted3__hier__scratch__encoder__xgb1__extra,hierarchy,scratch,encoder,xgb1,extra,four_year,476,354.292765295469,257.30970724580163,134.63045397069018,405.05856554804564,347.107201515602,453.03001852948734,0.5798319327731093,365.18782441364635
weighted3__hier__scratch__encoder__xgb1__ridge100,hierarchy,scratch,encoder,xgb1,ridge100,development,238,347.2300266074405,266.93923582771686,124.53859040590291,389.58581453224383,346.3795391936716,370.6675239965232,0.5756302521008403,357.60635173519904
weighted3__hier__scratch__encoder__xgb1__ridge100,hierarchy,scratch,encoder,xgb1,ridge100,late,238,453.34436380290913,354.0386791613894,309.7825138997846,521.890465858194,453.1137273342596,467.5727139211107,0.5840336134453782,470.423230199568
weighted3__hier__scratch__encoder__xgb1__ridge100,hierarchy,scratch,encoder,xgb1,ridge100,four_year,476,403.7881892587178,310.48895749455306,217.16055215284374,460.5142588663432,399.7466332639655,467.5727139211107,0.5798319327731093,416.9593176619361
weighted3__hier__scratch__encoder__xgb1__ridge1000,hierarchy,scratch,encoder,xgb1,ridge1000,development,238,326.05904176993687,244.85160208268815,102.27347044438642,354.5375288340673,321.71942327880345,374.7393384530427,0.5756302521008403,332.0937589131861
weighted3__hier__scratch__encoder__xgb1__ridge1000,hierarchy,scratch,encoder,xgb1,ridge1000,late,238,398.86103164005084,290.57878965949766,228.24237193586237,468.1201993098404,396.21832824898615,442.05672831426256,0.5966386554621849,415.51514770973205
weighted3__hier__scratch__encoder__xgb1__ridge1000,hierarchy,scratch,encoder,xgb1,ridge1000,four_year,476,364.2832835039889,267.71519587109293,165.2579211901244,415.2308877923533,358.96887576389474,442.05672831426256,0.5861344537815126,375.69158264105647
weighted3__hier__scratch__encoder__xgb1__xgb1,hierarchy,scratch,encoder,xgb1,xgb1,development,238,334.23530868725965,252.93497493539203,137.80620953800837,363.9268523353863,331.19048961912847,376.2027230574915,0.5210084033613446,340.89698983225855
weighted3__hier__scratch__encoder__xgb1__xgb1,hierarchy,scratch,encoder,xgb1,xgb1,late,238,394.17037200355804,280.9390763484092,169.65383465252464,468.39257092988686,386.00765402297736,465.809741721864,0.5294117647058824,410.6852422399951
weighted3__hier__scratch__encoder__xgb1__xgb1,hierarchy,scratch,encoder,xgb1,xgb1,four_year,476,365.4336627478995,266.9370256419006,153.73002209526652,419.4248170727688,358.5990718210529,465.809741721864,0.5252100840336135,377.22280359740523
weighted3__hier__scratch__encoder__xgb1__xgb2,hierarchy,scratch,encoder,xgb1,xgb2,development,238,330.175154903513,249.19472560663104,128.7187801781531,360.21663355246284,327.2257416648954,371.2592165154899,0.5756302521008403,336.94817125609603
weighted3__hier__scratch__encoder__xgb1__xgb2,hierarchy,scratch,encoder,xgb1,xgb2,late,238,390.7960238373591,277.3772048608889,168.6657905936986,465.5946619418902,382.7605239366431,461.6015891427667,0.5630252100840336,407.48680838831285
weighted3__hier__scratch__encoder__xgb1__xgb2,hierarchy,scratch,encoder,xgb1,xgb2,four_year,476,361.7576296103847,263.28596523376,148.69228538592583,416.25377614902925,354.9931328007692,461.6015891427667,0.569327731092437,373.69054204264194
weighted3__hier__scratch__encoder__xgb1__zero,hierarchy,scratch,encoder,xgb1,zero,development,238,341.56138233929653,260.40133913999784,141.7872988788676,371.03367726201833,338.6297698887548,383.2846335725692,0.5084033613445378,348.1965529573415
weighted3__hier__scratch__encoder__xgb1__zero,hierarchy,scratch,encoder,xgb1,zero,late,238,401.09594918863456,288.7609469385625,175.8379118447061,474.5079045973016,392.86982466717063,473.6860440882643,0.5252100840336135,417.39240691043534
weighted3__hier__scratch__encoder__xgb1__zero,hierarchy,scratch,encoder,xgb1,zero,four_year,476,372.51989098641616,274.58114303928016,158.81260536178686,425.9247240932941,365.74979727796267,473.6860440882643,0.5168067226890757,384.1785758360223
weighted3__hier__scratch__history__extra__extra,hierarchy,scratch,history,extra,extra,development,238,303.9143080462508,234.49159216784463,-38.921829652564384,303.96755184868647,303.91325946108907,304.7116071097915,0.7058823529411765,303.92735685056925
weighted3__hier__scratch__history__extra__extra,hierarchy,scratch,history,extra,extra,late,238,345.80662298971004,248.15346195844793,75.26072197499217,405.7422838676171,342.8125267508906,388.21948663830597,0.7100840336134454,360.04201414948193
weighted3__hier__scratch__history__extra__extra,hierarchy,scratch,history,extra,extra,four_year,476,325.5350419991517,241.32252706314628,18.169446161213887,358.4850579138508,323.3628931059898,388.21948663830597,0.707983193277311,333.229508754536
weighted3__hier__scratch__history__extra__ridge100,hierarchy,scratch,history,extra,ridge100,development,238,316.69872897004433,249.15024954524546,-23.29477224861546,323.751262616891,316.6086964788533,324.159739135528,0.6470588235294118,318.43935425895825
weighted3__hier__scratch__history__extra__ridge100,hierarchy,scratch,history,extra,ridge100,late,238,393.85609235840326,297.5343811037562,221.4280356583644,447.62957535315235,393.8555746029165,394.4941997179774,0.6512605042016807,407.2993336682188
weighted3__hier__scratch__history__extra__ridge100,hierarchy,scratch,history,extra,ridge100,four_year,476,357.3658534464874,273.3423153245008,99.06663170487448,390.63225466983306,355.2321355408849,394.4941997179774,0.6491596638655462,365.1490242759232
weighted3__hier__scratch__history__extra__ridge1000,hierarchy,scratch,history,extra,ridge1000,development,238,307.7702104283841,239.7905251517439,-44.73486597132203,306.64549033462345,307.7585480178924,310.4378294608207,0.6890756302521008,307.486114802321
weighted3__hier__scratch__history__extra__ridge1000,hierarchy,scratch,history,extra,ridge1000,late,238,351.19665507235584,252.81280964587685,141.49776074597952,404.0422345347205,350.00275624994947,378.9364935033654,0.680672268907563,364.1095752323454
weighted3__hier__scratch__history__extra__ridge1000,hierarchy,scratch,history,extra,ridge1000,four_year,476,330.19811701548446,246.30166739881034,48.38144738732875,358.6652924596773,328.88065213392093,378.9364935033654,0.6848739495798319,336.98554465614177
weighted3__hier__scratch__history__extra__xgb1,hierarchy,scratch,history,extra,xgb1,development,238,300.8424174487607,231.43101173453312,-10.345332869508807,306.9196458825206,300.7519120219786,308.13077043899875,0.6722689075630253,302.3390982005052
weighted3__hier__scratch__history__extra__xgb1,hierarchy,scratch,history,extra,xgb1,late,238,354.6798999940232,255.038757871015,83.61570694993922,418.0849945162135,351.7599676518678,397.17754813924273,0.6848739495798319,369.8011905390319
weighted3__hier__scratch__history__extra__xgb1,hierarchy,scratch,history,extra,xgb1,four_year,476,328.86470743771264,243.23488480277408,36.63518704021522,366.73882509783044,326.2559398369232,397.17754813924273,0.6785714285714286,337.68104495254477
weighted3__hier__scratch__history__extra__xgb2,hierarchy,scratch,history,extra,xgb2,development,238,300.47396084522484,230.88072184360303,-19.127801207669215,304.3442663421784,300.454045235868,303.9135029131176,0.6932773109243697,301.436558317124
weighted3__hier__scratch__history__extra__xgb2,hierarchy,scratch,history,extra,xgb2,late,238,351.74829439201557,252.53911994646117,82.69384568830498,414.634634208805,348.6782682284263,395.04989611572006,0.6932773109243697,366.70237280531563
weighted3__hier__scratch__history__extra__xgb2,hierarchy,scratch,history,extra,xgb2,four_year,476,327.11730598801233,241.7099208950321,31.78302224031788,363.69445441251116,324.5661567321472,395.04989611572006,0.6932773109243697,335.62380578017076
weighted3__hier__scratch__history__extra__zero,hierarchy,scratch,history,extra,zero,development,238,306.4625822416003,236.80768822907154,-6.469184607277208,314.08822834828123,306.36720419191954,314.0124975032503,0.6848739495798319,308.3451492558503
weighted3__hier__scratch__history__extra__zero,hierarchy,scratch,history,extra,zero,late,238,360.52212751092304,259.5493203520213,89.68733386508876,424.1449055569698,357.55778824503875,403.6948935976536,0.6554621848739496,375.6867372059637
weighted3__hier__scratch__history__extra__zero,hierarchy,scratch,history,extra,zero,four_year,476,334.58595214024746,248.17850429054644,41.60907462890578,373.1958708887954,331.96249621847915,403.6948935976536,0.6701680672268907,343.58256784694237
weighted3__hier__scratch__history__ridge1000__extra,hierarchy,scratch,history,ridge1000,extra,development,238,316.6389938621421,237.66783118921836,93.1084924380225,339.79382959773443,313.4926950806371,358.0188959640314,0.6092436974789915,321.64112810066393
weighted3__hier__scratch__history__ridge1000__extra,hierarchy,scratch,history,ridge1000,extra,late,238,381.2863289804038,270.4075419857861,157.35975449173634,453.16823729481257,373.6871135979404,449.4314585894491,0.5840336134453782,397.35700221339016
weighted3__hier__scratch__history__ridge1000__extra,hierarchy,scratch,history,ridge1000,extra,four_year,476,350.45650022604974,254.03768658750226,125.23412346487939,400.51298226498335,343.58990433928875,449.4314585894491,0.5966386554621849,361.2539717640929
weighted3__hier__scratch__history__ridge1000__ridge100,hierarchy,scratch,history,ridge1000,ridge100,development,238,342.17823272460583,263.62667460643206,109.51469275666867,382.33554095040495,341.4352220559866,363.97257083781125,0.5798319327731093,352.03180711390087
weighted3__hier__scratch__history__ridge1000__ridge100,hierarchy,scratch,history,ridge1000,ridge100,late,238,450.2689790366971,350.98169777039107,305.95390506650267,517.9280311488008,450.0627685085241,463.6884018953497,0.5840336134453782,467.13218943267975
weighted3__hier__scratch__history__ridge1000__ridge100,hierarchy,scratch,history,ridge1000,ridge100,four_year,476,399.8925458378063,307.3041861884115,207.73429891158565,455.2086946245161,395.74899528225535,463.6884018953497,0.5819327731092437,412.685695395596
weighted3__hier__scratch__history__ridge1000__ridge1000,hierarchy,scratch,history,ridge1000,ridge1000,development,238,320.8026835070125,240.7018491101254,87.23871330682817,347.61697182374735,317.14614203317865,365.4440336928701,0.5798319327731093,326.5921202177377
weighted3__hier__scratch__history__ridge1000__ridge1000,hierarchy,scratch,history,ridge1000,ridge1000,late,238,396.20891269180015,288.3018749246464,224.48405838146854,464.59696852214825,393.66294175558824,438.5070136576231,0.6008403361344538,412.6694339153342
weighted3__hier__scratch__history__ridge1000__ridge1000,hierarchy,scratch,history,ridge1000,ridge1000,four_year,476,360.48291515806886,264.50186201738586,155.86138584414834,410.2973935207741,355.40454189438344,438.5070136576231,0.5903361344537815,371.6669414328238
weighted3__hier__scratch__history__ridge1000__xgb1,hierarchy,scratch,history,ridge1000,xgb1,development,238,327.3938585571779,247.00239685678574,122.64281595906,356.21498393395416,324.84419002217186,365.6239745948802,0.5714285714285714,333.9617227676205
weighted3__hier__scratch__history__ridge1000__xgb1,hierarchy,scratch,history,ridge1000,xgb1,late,238,391.92003120116914,279.25970475276074,165.93315211898488,465.56551944796354,384.0760611871077,462.09458513958015,0.5336134453781513,408.37041075935235
weighted3__hier__scratch__history__ridge1000__xgb1,hierarchy,scratch,history,ridge1000,xgb1,four_year,476,361.10112813288384,263.1310508047732,144.28798403902243,414.51198274472074,354.46012560463976,462.09458513958015,0.5525210084033614,372.793591153782
weighted3__hier__scratch__history__ridge1000__xgb2,hierarchy,scratch,history,ridge1000,xgb2,development,238,323.70718640689614,243.56516203783517,113.59039154578345,352.6265452698155,321.2684114751743,360.9288491894397,0.592436974789916,330.32733238969547
weighted3__hier__scratch__history__ridge1000__xgb2,hierarchy,scratch,history,ridge1000,xgb2,late,238,388.54536067078965,275.6879846092642,164.9466440278499,462.7245942336606,380.81107649307944,457.9500505527336,0.5588235294117647,405.1565980170798
weighted3__hier__scratch__history__ridge1000__xgb2,hierarchy,scratch,history,ridge1000,xgb2,four_year,476,357.5988253827626,259.6265733235497,139.2685177868167,411.3754553553427,351.03974398412686,457.9500505527336,0.5756302521008403,369.4032125262487
weighted3__hier__scratch__history__ridge1000__zero,hierarchy,scratch,history,ridge1000,zero,development,238,334.5671934025878,254.65634535363557,126.60805157536599,363.3265637568863,332.1190999386413,372.5184855432689,0.5294117647058824,341.1450126251758
weighted3__hier__scratch__history__ridge1000__zero,hierarchy,scratch,history,ridge1000,zero,late,238,398.8252785358914,287.18026290458033,172.11374385072483,471.6947800419848,390.91794033036933,469.94177677921033,0.5294117647058824,415.0658193610342
weighted3__hier__scratch__history__ridge1000__zero,hierarchy,scratch,history,ridge1000,zero,four_year,476,368.1010796646187,270.918304129108,149.36089771304538,421.01196981216765,361.5185201345053,469.94177677921033,0.5294117647058824,379.68316231897757
weighted3__hier__scratch__history__ridge100__extra,hierarchy,scratch,history,ridge100,extra,development,238,297.6981190404927,225.7074782136634,16.624776369931652,313.7380002758801,296.9267944834079,318.3428818491101,0.6722689075630253,301.5152582100684
weighted3__hier__scratch__history__ridge100__extra,hierarchy,scratch,history,ridge100,extra,late,238,376.2648635965742,266.680165869692,152.8351714653083,446.0951974106427,369.4874423154462,440.58088468911626,0.5882352941176471,392.02809172980926
weighted3__hier__scratch__history__ridge100__extra,hierarchy,scratch,history,ridge100,extra,four_year,476,339.2634799514943,246.1938220416777,84.72997391761999,385.63743203295786,333.20711839942703,440.58088468911626,0.6302521008403361,349.34287758384335
weighted3__hier__scratch__history__ridge100__ridge100,hierarchy,scratch,history,ridge100,ridge100,development,238,328.756447631617,259.4554007849945,33.50171629363547,355.6472801631528,328.30809847165455,345.47184914819627,0.6176470588235294,335.36706847451035
weighted3__hier__scratch__history__ridge100__ridge100,hierarchy,scratch,history,ridge100,ridge100,late,238,445.4464767709947,346.90011452067426,301.3936288029434,509.9597000732202,445.35901607298,454.1857068571542,0.5798319327731093,461.5529174220474
weighted3__hier__scratch__history__ridge100__ridge100,hierarchy,scratch,history,ridge100,ridge100,four_year,476,391.4737318946524,303.1777576528344,167.44767254828946,439.62704852307303,386.83355727231725,454.1857068571542,0.5987394957983193,402.3520173961738
weighted3__hier__scratch__history__ridge100__ridge1000,hierarchy,scratch,history,ridge100,ridge1000,development,238,305.0533380296827,234.12198043404962,11.013933163368876,321.3352014518409,303.80126306942867,331.4116162086339,0.6512605042016807,308.8107851451587
weighted3__hier__scratch__history__ridge100__ridge1000,hierarchy,scratch,history,ridge100,ridge1000,late,238,391.4235380451008,284.57573887456135,219.9741353228044,456.9086744400185,389.33564319246096,429.71067354114666,0.5966386554621849,407.2728484306703
weighted3__hier__scratch__history__ridge100__ridge1000,hierarchy,scratch,history,ridge100,ridge1000,four_year,476,350.9059170053965,259.3488596543055,115.49403424308663,394.9821821744811,346.5684531309448,429.71067354114666,0.6239495798319328,360.84061732905474
weighted3__hier__scratch__history__ridge100__xgb1,hierarchy,scratch,history,ridge100,xgb1,development,238,303.0484279524405,227.51705614791902,45.772611516489924,325.7996284849984,302.32060295128315,323.31114166800296,0.680672268907563,308.5542718352906
weighted3__hier__scratch__history__ridge100__xgb1,hierarchy,scratch,history,ridge100,xgb1,late,238,386.8607102822549,275.50953077789654,161.39602602367577,458.5449364696834,379.88995164669484,452.9983218785814,0.5462184873949579,403.0390771702221
weighted3__hier__scratch__history__ridge100__xgb1,hierarchy,scratch,history,ridge100,xgb1,four_year,476,347.49068969149107,251.5132934629078,103.58431877008283,397.7492028168937,341.105277298989,452.9983218785814,0.6134453781512605,358.45896487471623
weighted3__hier__scratch__history__ridge100__xgb2,hierarchy,scratch,history,ridge100,xgb2,development,238,301.51524502245525,226.63129445840514,36.89798808295638,322.9703562094958,300.8795914265934,320.4477912394902,0.6680672268907563,306.7201094202499
weighted3__hier__scratch__history__ridge100__xgb2,hierarchy,scratch,history,ridge100,xgb2,late,238,383.50723207934914,271.7939388713575,160.41505005827503,455.64403754797013,376.6168001236697,448.9879471490664,0.5630252100840336,399.8188254575845
weighted3__hier__scratch__history__ridge100__xgb2,hierarchy,scratch,history,ridge100,xgb2,four_year,476,344.95596823226225,249.21261666488132,98.6565190706157,394.91856118895237,338.74819577513153,448.9879471490664,0.615546218487395,355.8946733571521
weighted3__hier__scratch__history__ridge100__zero,hierarchy,scratch,history,ridge100,zero,development,238,309.0880443097978,232.85102409015764,49.65113547880507,332.690953375263,308.4216489849997,328.7072491148739,0.6680672268907563,314.8221727449646
weighted3__hier__scratch__history__ridge100__zero,hierarchy,scratch,history,ridge100,zero,late,238,393.82950849044875,283.61697479068835,167.57772307769437,464.7504181485922,386.8178056233701,460.8020405018169,0.5168067226890757,409.80681018821497
weighted3__hier__scratch__history__ridge100__zero,hierarchy,scratch,history,ridge100,zero,four_year,476,354.00360230729575,258.23399944042296,108.61442927824973,404.1510989883813,347.6197273041849,460.8020405018169,0.592436974789916,364.9445077267894
weighted3__hier__scratch__history__ridge10__extra,hierarchy,scratch,history,ridge10,extra,development,238,315.1426175169898,254.28070183985142,-102.20561278969258,310.29721440256054,314.6055254931764,332.99662944650373,0.6932773109243697,313.79699373242914
weighted3__hier__scratch__history__ridge10__extra,hierarchy,scratch,history,ridge10,extra,late,238,381.96191551344356,272.043217852643,171.62434715473273,450.1615494742536,374.935379692178,447.8625074141809,0.542016806722689,397.25519004832967
weighted3__hier__scratch__history__ridge10__extra,hierarchy,scratch,history,ridge10,extra,four_year,476,350.14980671004145,263.1619598462472,34.70936718252007,386.6068945912951,344.7704525926772,447.8625074141809,0.6176470588235294,357.9192401510138
weighted3__hier__scratch__history__ridge10__ridge100,hierarchy,scratch,history,ridge10,ridge100,development,238,354.53059945717774,286.53994043290663,-84.14570254076219,351.6992510274144,352.57248850954386,389.78251803994476,0.6470588235294118,353.3332346128284
weighted3__hier__scratch__history__ridge10__ridge100,hierarchy,scratch,history,ridge10,ridge100,late,238,455.93646216112023,359.49044911437954,320.8015422621499,516.1145533196706,455.8708866823159,463.60342853333503,0.5798319327731093,470.9645910810567
weighted3__hier__scratch__history__ridge10__ridge100,hierarchy,scratch,history,ridge10,ridge100,four_year,476,408.39319502133264,323.01519477364315,118.32791986069385,441.6257438836686,404.2216875959299,463.60342853333503,0.6134453781512605,415.6584553805659
weighted3__hier__scratch__history__ridge10__ridge1000,hierarchy,scratch,history,ridge10,ridge1000,development,238,326.84101883637516,266.95763760660196,-107.3330171913514,317.05205417503896,325.6381653853606,353.65310494368083,0.6848739495798319,324.09306430828747
weighted3__hier__scratch__history__ridge10__ridge1000,hierarchy,scratch,history,ridge10,ridge1000,late,238,399.18577774158314,294.13475470602384,238.9936053103633,461.83721381025225,397.23396207660255,436.6606601893906,0.5798319327731093,414.3606828425053
weighted3__hier__scratch__history__ridge10__ridge1000,hierarchy,scratch,history,ridge10,ridge1000,four_year,476,364.81114069142154,280.54619615631293,65.83029405950596,396.1159029353836,361.4360637309816,436.6606601893906,0.6323529411764706,371.793562012302
weighted3__hier__scratch__history__ridge10__xgb1,hierarchy,scratch,history,ridge10,xgb1,development,238,312.6604964600056,249.55584477148443,-73.56529228655398,315.14405834579946,312.0081539817015,332.19473109492213,0.680672268907563,313.11830131187804
weighted3__hier__scratch__history__ridge10__xgb1,hierarchy,scratch,history,ridge10,xgb1,late,238,393.1499212630467,281.5646073074084,180.25330055178108,462.84858925316166,385.9051980477474,461.03201555567,0.5294117647058824,408.76340745675066
weighted3__hier__scratch__history__ridge10__xgb1,hierarchy,scratch,history,ridge10,xgb1,four_year,476,355.192515852852,265.5602260394464,53.344004132613534,395.94481565257456,348.95667601472445,461.03201555567,0.6050420168067226,363.8216308432508
weighted3__hier__scratch__history__ridge10__xgb2,hierarchy,scratch,history,ridge10,xgb2,development,238,314.5899358721865,252.62736734518222,-82.16480127946953,313.8612038248569,313.99053757951424,333.40110332588165,0.6680672268907563,314.257903287186
weighted3__hier__scratch__history__ridge10__xgb2,hierarchy,scratch,history,ridge10,xgb2,late,238,389.5538322867336,277.625020338831,179.24603733180666,459.8492572537259,382.4330527792374,456.575809615179,0.5336134453781513,405.34749365160764
weighted3__hier__scratch__history__ridge10__xgb2,hierarchy,scratch,history,ridge10,xgb2,four_year,476,354.06144664545656,265.1261938420066,48.54061802616858,393.68146683784323,348.2117951793758,456.575809615179,0.6008403361344538,362.504038827033
weighted3__hier__scratch__history__ridge10__zero,hierarchy,scratch,history,ridge10,zero,development,238,315.95015809808143,251.81092190317713,-69.83561073896269,320.7850527211716,315.42859884136493,333.5752634157682,0.6722689075630253,317.02849193967484
weighted3__hier__scratch__history__ridge10__zero,hierarchy,scratch,history,ridge10,zero,late,238,400.60237702077626,290.5456024437624,186.4820719879987,469.2412552821737,393.35175768595707,469.22440888561067,0.5168067226890757,415.94944175242085
weighted3__hier__scratch__history__ridge10__zero,hierarchy,scratch,history,ridge10,zero,four_year,476,360.7677694008285,271.17826217346976,58.323230624518004,401.92686256837516,354.39017826366097,469.22440888561067,0.5945378151260504,369.4631449084233
weighted3__hier__scratch__history__xgb1__extra,hierarchy,scratch,history,xgb1,extra,development,238,322.45343661084155,242.615014420857,108.18827334441089,346.6819894071013,318.6148381363338,368.2213266383415,0.5798319327731093,327.5509251912796
weighted3__hier__scratch__history__xgb1__extra,hierarchy,scratch,history,xgb1,extra,late,238,383.49772919702997,272.0044000707462,161.07263459696944,456.0224569781791,375.59956489487035,453.03001852948734,0.5798319327731093,399.65437006677735
weighted3__hier__scratch__history__xgb1__extra,hierarchy,scratch,history,xgb1,extra,four_year,476,354.292765295469,257.30970724580163,134.63045397069018,405.05856554804564,347.107201515602,453.03001852948734,0.5798319327731093,365.18782441364635
weighted3__hier__scratch__history__xgb1__ridge100,hierarchy,scratch,history,xgb1,ridge100,development,238,347.2300266074405,266.93923582771686,124.53859040590291,389.58581453224383,346.3795391936716,370.6675239965232,0.5756302521008403,357.60635173519904
weighted3__hier__scratch__history__xgb1__ridge100,hierarchy,scratch,history,xgb1,ridge100,late,238,453.34436380290913,354.0386791613894,309.7825138997846,521.890465858194,453.1137273342596,467.5727139211107,0.5840336134453782,470.423230199568
weighted3__hier__scratch__history__xgb1__ridge100,hierarchy,scratch,history,xgb1,ridge100,four_year,476,403.7881892587178,310.48895749455306,217.16055215284374,460.5142588663432,399.7466332639655,467.5727139211107,0.5798319327731093,416.9593176619361
weighted3__hier__scratch__history__xgb1__ridge1000,hierarchy,scratch,history,xgb1,ridge1000,development,238,326.05904176993687,244.85160208268815,102.27347044438642,354.5375288340673,321.71942327880345,374.7393384530427,0.5756302521008403,332.0937589131861
weighted3__hier__scratch__history__xgb1__ridge1000,hierarchy,scratch,history,xgb1,ridge1000,late,238,398.86103164005084,290.57878965949766,228.24237193586237,468.1201993098404,396.21832824898615,442.05672831426256,0.5966386554621849,415.51514770973205
weighted3__hier__scratch__history__xgb1__ridge1000,hierarchy,scratch,history,xgb1,ridge1000,four_year,476,364.2832835039889,267.71519587109293,165.2579211901244,415.2308877923533,358.96887576389474,442.05672831426256,0.5861344537815126,375.69158264105647
weighted3__hier__scratch__history__xgb1__xgb1,hierarchy,scratch,history,xgb1,xgb1,development,238,334.23530868725965,252.93497493539203,137.80620953800837,363.9268523353863,331.19048961912847,376.2027230574915,0.5210084033613446,340.89698983225855
weighted3__hier__scratch__history__xgb1__xgb1,hierarchy,scratch,history,xgb1,xgb1,late,238,394.17037200355804,280.9390763484092,169.65383465252464,468.39257092988686,386.00765402297736,465.809741721864,0.5294117647058824,410.6852422399951
weighted3__hier__scratch__history__xgb1__xgb1,hierarchy,scratch,history,xgb1,xgb1,four_year,476,365.4336627478995,266.9370256419006,153.73002209526652,419.4248170727688,358.5990718210529,465.809741721864,0.5252100840336135,377.22280359740523
weighted3__hier__scratch__history__xgb1__xgb2,hierarchy,scratch,history,xgb1,xgb2,development,238,330.175154903513,249.19472560663104,128.7187801781531,360.21663355246284,327.2257416648954,371.2592165154899,0.5756302521008403,336.94817125609603
weighted3__hier__scratch__history__xgb1__xgb2,hierarchy,scratch,history,xgb1,xgb2,late,238,390.7960238373591,277.3772048608889,168.6657905936986,465.5946619418902,382.7605239366431,461.6015891427667,0.5630252100840336,407.48680838831285
weighted3__hier__scratch__history__xgb1__xgb2,hierarchy,scratch,history,xgb1,xgb2,four_year,476,361.7576296103847,263.28596523376,148.69228538592583,416.25377614902925,354.9931328007692,461.6015891427667,0.569327731092437,373.69054204264194
weighted3__hier__scratch__history__xgb1__zero,hierarchy,scratch,history,xgb1,zero,development,238,341.56138233929653,260.40133913999784,141.7872988788676,371.03367726201833,338.6297698887548,383.2846335725692,0.5084033613445378,348.1965529573415
weighted3__hier__scratch__history__xgb1__zero,hierarchy,scratch,history,xgb1,zero,late,238,401.09594918863456,288.7609469385625,175.8379118447061,474.5079045973016,392.86982466717063,473.6860440882643,0.5252100840336135,417.39240691043534
weighted3__hier__scratch__history__xgb1__zero,hierarchy,scratch,history,xgb1,zero,four_year,476,372.51989098641616,274.58114303928016,158.81260536178686,425.9247240932941,365.74979727796267,473.6860440882643,0.5168067226890757,384.1785758360223
weighted3__hier__scratch__physical__extra__extra,hierarchy,scratch,physical,extra,extra,development,238,336.0697709674622,261.34292747428185,162.73074417540633,354.3223446135679,335.7347361561376,350.7373324744797,0.6512605042016807,340.54915567615745
weighted3__hier__scratch__physical__extra__extra,hierarchy,scratch,physical,extra,extra,late,238,394.2785628951024,297.9782360377299,-4.931418721214088,471.3604340735692,394.27337682559187,396.2956243801996,0.5798319327731093,413.54773417234145
weighted3__hier__scratch__physical__extra__extra,hierarchy,scratch,physical,extra,extra,four_year,476,366.3321417216552,279.6605817560059,78.89966272709613,416.9682138379852,365.00405649086474,396.2956243801996,0.615546218487395,378.6591384430401
weighted3__hier__scratch__physical__extra__ridge100,hierarchy,scratch,physical,extra,ridge100,development,238,383.79311004006763,300.1959057374092,181.13486737162904,422.70090138427196,379.20121085573896,438.39236728783493,0.6470588235294118,392.37208308003653
weighted3__hier__scratch__physical__extra__ridge100,hierarchy,scratch,physical,extra,ridge100,late,238,360.39899040226476,268.0238872051104,134.19721761192702,404.110330639164,357.1355244774878,405.5261169429814,0.6764705882352942,370.5109589802953
weighted3__hier__scratch__physical__extra__ridge100,hierarchy,scratch,physical,extra,ridge100,four_year,476,372.2798568262854,284.10989647125984,157.666042491778,413.51010348017525,368.1683676666134,438.39236728783493,0.6617647058823529,381.5595461998399
weighted3__hier__scratch__physical__extra__ridge1000,hierarchy,scratch,physical,extra,ridge1000,development,238,332.3611070036623,256.75012964513473,156.3657450050927,350.7633701218843,332.0068436542693,347.3483303954379,0.634453781512605,336.87310694586955
weighted3__hier__scratch__physical__extra__ridge1000,hierarchy,scratch,physical,extra,ridge1000,late,238,354.4036612575289,262.17686673532717,57.26043617207515,412.2286280086577,353.0799715901623,383.6820756784675,0.6512605042016807,368.52898052846945
weighted3__hier__scratch__physical__extra__ridge1000,hierarchy,scratch,physical,extra,ridge1000,four_year,476,343.5592092794495,259.46349819023095,106.8130905885839,382.7318797599452,342.5434076222158,383.6820756784675,0.6428571428571429,353.098426485265
weighted3__hier__scratch__physical__extra__xgb1,hierarchy,scratch,physical,extra,xgb1,development,238,362.1297061787736,286.74176041680875,193.48165719018564,381.49296130406594,360.3252340111033,396.4313253527111,0.6470588235294118,366.5194019181791
weighted3__hier__scratch__physical__extra__xgb1,hierarchy,scratch,physical,extra,xgb1,late,238,404.6479474160305,305.13041380749434,3.7039624717780186,485.6896061671398,404.64531689503156,406.1043792398461,0.5210084033613446,424.90770447355806
weighted3__hier__scratch__physical__extra__xgb1,hierarchy,scratch,physical,extra,xgb1,four_year,476,383.97778936100684,295.9360871121516,98.59280983098186,436.7100142333221,382.48527545306746,406.1043792398461,0.5840336134453782,396.7877171021008
weighted3__hier__scratch__physical__extra__xgb2,hierarchy,scratch,physical,extra,xgb2,development,238,353.27732105352356,278.29166836310435,183.9720632516765,374.6812001120608,351.67597335652096,385.2747134295934,0.6470588235294118,358.2279538939072
weighted3__hier__scratch__physical__extra__xgb2,hierarchy,scratch,physical,extra,xgb2,late,238,399.0463614680425,300.2877107069219,2.4693614212981996,478.7695626627864,399.0456751467061,399.78577486508004,0.5546218487394958,418.9769901863944
weighted3__hier__scratch__physical__extra__xgb2,hierarchy,scratch,physical,extra,xgb2,four_year,476,376.8573099806066,289.2896895350131,93.22071233648738,429.8873665564795,375.3608242516135,399.78577486508004,0.6008403361344538,389.7407026923265
weighted3__hier__scratch__physical__extra__zero,hierarchy,scratch,physical,extra,zero,development,238,370.1606351568096,293.530190240503,197.53743134473746,387.8776042114622,368.27479453358376,405.59196927845636,0.6176470588235294,374.1184172646663
weighted3__hier__scratch__physical__extra__zero,hierarchy,scratch,physical,extra,zero,late,238,409.66361960036687,308.7401163137901,9.805187213811024,491.3138996100383,409.6617971826778,410.88374363512924,0.48739495798319327,430.07573399836247
weighted3__hier__scratch__physical__extra__zero,hierarchy,scratch,physical,extra,zero,four_year,476,390.4120752767304,301.13515327714657,103.67130927927427,442.6275995681056,388.96829585813083,410.88374363512924,0.5525210084033614,403.1050114949243
weighted3__hier__scratch__physical__ridge1000__extra,hierarchy,scratch,physical,ridge1000,extra,development,238,326.6714287511393,246.20423112768168,117.87319224929551,361.82683703133,326.36946434690316,340.4120817747958,0.6638655462184874,335.3847897201279
weighted3__hier__scratch__physical__ridge1000__extra,hierarchy,scratch,physical,ridge1000,extra,late,238,376.3866712162908,284.31939804755694,31.51034376212542,443.72520368356317,375.123134202748,405.938073034219,0.6008403361344538,392.90542007972317
weighted3__hier__scratch__physical__ridge1000__extra,hierarchy,scratch,physical,ridge1000,extra,four_year,476,352.40683068833306,265.2618145876193,74.69176800571046,404.85226711735004,350.74629927482556,405.938073034219,0.6323529411764706,365.1030569422104
weighted3__hier__scratch__physical__ridge1000__ridge100,hierarchy,scratch,physical,ridge1000,ridge100,development,238,378.97355883465303,290.8671826748281,136.48621708613578,435.2765529695996,374.7253060951117,431.3106687583222,0.6386554621848739,391.98724418350434
weighted3__hier__scratch__physical__ridge1000__ridge100,hierarchy,scratch,physical,ridge1000,ridge100,late,238,373.72119436944797,278.0530052980484,173.36610190399418,425.305693400262,370.6546922727998,418.43157179713415,0.634453781512605,385.85069360298945
weighted3__hier__scratch__physical__ridge1000__ridge100,hierarchy,scratch,physical,ridge1000,ridge100,four_year,476,376.3565393458236,284.46009398643815,154.92615949506498,430.32000325558556,372.68999918395576,431.3106687583222,0.6365546218487395,388.93077028279714
weighted3__hier__scratch__physical__ridge1000__ridge1000,hierarchy,scratch,physical,ridge1000,ridge1000,development,238,324.17632772662904,246.03710748712996,111.62795737550836,357.81845547050733,323.8630401971992,338.11164197246603,0.6596638655462185,332.5085377802411
weighted3__hier__scratch__physical__ridge1000__ridge1000,hierarchy,scratch,physical,ridge1000,ridge1000,late,238,352.425357314837,260.02985655947515,95.20815081985283,408.95662496594076,349.16193782283585,397.01142741564814,0.6428571428571429,365.7423193546127
weighted3__hier__scratch__physical__ridge1000__ridge1000,hierarchy,scratch,physical,ridge1000,ridge1000,four_year,476,338.59557287183577,253.03348202330258,103.41805409768062,384.2392276816831,336.5124890100175,397.01142741564814,0.6512605042016807,349.48571560884307
weighted3__hier__scratch__physical__ridge1000__xgb1,hierarchy,scratch,physical,ridge1000,xgb1,development,238,348.21915647062315,267.1681641281849,148.21846750713493,387.2282920775153,346.74264869961485,378.77570203344226,0.6596638655462185,357.6023134295941
weighted3__hier__scratch__physical__ridge1000__xgb1,hierarchy,scratch,physical,ridge1000,xgb1,late,238,386.36648799591694,291.04702210392213,40.03674396821876,457.5765094851245,385.0490991443642,416.92784275845025,0.542016806722689,403.8396461553306
weighted3__hier__scratch__physical__ridge1000__xgb1,hierarchy,scratch,physical,ridge1000,xgb1,four_year,476,367.78774040158777,279.1075931160535,94.12760573767684,423.8643723043137,365.8958739219895,416.92784275845025,0.6008403361344538,381.33393175736967
weighted3__hier__scratch__physical__ridge1000__xgb2,hierarchy,scratch,physical,ridge1000,xgb2,development,238,341.7880746734954,260.4779536654017,138.9289501118959,381.7922697178803,340.3652366832579,371.5195886515575,0.6722689075630253,351.43341393703224
weighted3__hier__scratch__physical__ridge1000__xgb2,hierarchy,scratch,physical,ridge1000,xgb2,late,238,381.66905964788845,286.73999366040283,38.924001179711766,452.036687257208,380.2085842341017,413.56579585623007,0.5756302521008403,398.8958476967716
weighted3__hier__scratch__physical__ridge1000__xgb2,hierarchy,scratch,physical,ridge1000,xgb2,four_year,476,362.2777657278447,273.6089736629023,88.92647564580382,418.39126654532447,360.2869104586798,413.56579585623007,0.6239495798319328,375.80842711492346
weighted3__hier__scratch__physical__ridge1000__zero,hierarchy,scratch,physical,ridge1000,zero,development,238,354.8427970799918,273.3454035977309,152.16576369688283,392.423444230448,353.34741045859494,385.8899696965752,0.6554621848739496,363.8641122122566
weighted3__hier__scratch__physical__ridge1000__zero,hierarchy,scratch,physical,ridge1000,zero,late,238,391.5008999805627,295.6427617518438,46.100844700072145,463.3741061303467,389.98365497272164,424.4177012018209,0.5336134453781513,409.0898902660484
weighted3__hier__scratch__physical__ridge1000__zero,hierarchy,scratch,physical,ridge1000,zero,four_year,476,373.6217106413537,284.4940826747874,99.1333041984775,429.36681393290365,371.6655327156583,424.4177012018209,0.5945378151260504,387.06894198281736
weighted3__hier__scratch__physical__ridge100__extra,hierarchy,scratch,physical,ridge100,extra,development,238,374.8064850929915,279.2284197096042,38.00202331078563,444.309759177883,374.39986755697305,391.85381957604,0.6764705882352942,392.08064923020976
weighted3__hier__scratch__physical__ridge100__extra,hierarchy,scratch,physical,ridge100,extra,late,238,485.863929447438,403.16101796214843,-299.6552503886381,513.6817526727027,468.4174115338316,597.4479757814161,0.5756302521008403,488.45675577535263
weighted3__hier__scratch__physical__ridge100__extra,hierarchy,scratch,physical,ridge100,extra,four_year,476,433.90301866077624,341.19471883587636,-130.82661353892624,480.24998965622484,421.40863954540237,597.4479757814161,0.6260504201680672,442.3661666307949
weighted3__hier__scratch__physical__ridge100__ridge100,hierarchy,scratch,physical,ridge100,ridge100,development,238,437.05014112132454,338.6999359188874,58.143542414740125,522.7013136462151,433.3113277561131,490.3562144016663,0.6764705882352942,457.5282309112443
weighted3__hier__scratch__physical__ridge100__ridge100,hierarchy,scratch,physical,ridge100,ridge100,late,238,373.79298334845885,299.0410164504733,-170.41145939845256,369.4368218749867,370.992634237889,416.6616581137411,0.6722689075630253,372.00385570244833
weighted3__hier__scratch__physical__ridge100__ridge100,hierarchy,scratch,physical,ridge100,ridge100,four_year,476,406.65342753671143,318.8704761846804,-56.13395849185624,452.603705599374,402.15198099700103,490.3562144016663,0.6743697478991597,417.0156354174495
weighted3__hier__scratch__physical__ridge100__ridge1000,hierarchy,scratch,physical,ridge100,ridge1000,development,238,370.92406386256437,281.8597281645502,31.690223606390287,434.42993419596803,370.4179634499633,389.78787583751534,0.6764705882352942,386.674006342765
weighted3__hier__scratch__physical__ridge100__ridge1000,hierarchy,scratch,physical,ridge100,ridge1000,late,238,422.5950862761162,349.04277774737074,-241.57488397557887,426.78353845437465,415.9733484034904,490.4903287684144,0.6092436974789915,421.9867648525244
weighted3__hier__scratch__physical__ridge100__ridge1000,hierarchy,scratch,physical,ridge100,ridge1000,four_year,476,397.599841610279,315.4512529559604,-104.9423301845943,430.62370837028345,393.19565592672683,490.4903287684144,0.6428571428571429,404.75476187939205
weighted3__hier__scratch__physical__ridge100__xgb1,hierarchy,scratch,physical,ridge100,xgb1,development,238,392.31796751723687,292.7615374504561,68.18370498992958,465.66039928208,390.48258469848975,428.3869206515499,0.6554621848739496,410.1947297537609
weighted3__hier__scratch__physical__ridge100__xgb1,hierarchy,scratch,physical,ridge100,xgb1,late,238,487.9162040779522,401.2953375059966,-291.7683424694695,523.085209418031,469.1644475115944,603.1306499395886,0.5714285714285714,492.02051627138246
weighted3__hier__scratch__physical__ridge100__xgb1,hierarchy,scratch,physical,ridge100,xgb1,four_year,476,442.70509926964564,347.0284374782263,-111.79231873976997,495.2058883794959,429.82351610504213,603.1306499395886,0.6134453781512605,452.60990075595737
weighted3__hier__scratch__physical__ridge100__xgb2,hierarchy,scratch,physical,ridge100,xgb2,development,238,388.0190576411866,288.5838054733432,59.02093103449729,461.44382942149605,386.2590735343455,423.1740732653981,0.6596638655462185,405.93525455955364
weighted3__hier__scratch__physical__ridge100__xgb2,hierarchy,scratch,physical,ridge100,xgb2,late,238,484.922262795145,400.61636282480487,-292.83530971186,516.3596955788564,467.555980474492,596.1678231519844,0.5714285714285714,488.44005041090963
weighted3__hier__scratch__physical__ridge100__xgb2,hierarchy,scratch,physical,ridge100,xgb2,four_year,476,439.151676557837,344.60008414907406,-116.90718933868139,489.67220818087276,426.90752700441874,596.1678231519844,0.615546218487395,448.72077207524137
weighted3__hier__scratch__physical__ridge100__zero,hierarchy,scratch,physical,ridge100,zero,development,238,396.2369532415951,296.5797593393008,71.99741706139565,468.21556214467694,394.3066622218432,433.3704464938666,0.6638655462184874,413.74903271242755
weighted3__hier__scratch__physical__ridge100__zero,hierarchy,scratch,physical,ridge100,zero,late,238,487.26932444732944,398.22964600954185,-286.1475774515126,526.0916910626339,468.96732821476974,601.258823082948,0.5672268907563025,492.39941704301566
weighted3__hier__scratch__physical__ridge100__zero,hierarchy,scratch,physical,ridge100,zero,four_year,476,444.0918360325591,347.4047026744213,-107.07508019505845,497.99512047790074,431.6369952183064,601.258823082948,0.615546218487395,454.4539469403313
weighted3__hier__scratch__physical__ridge10__extra,hierarchy,scratch,physical,ridge10,extra,development,238,427.21650563394337,351.95814689152087,-203.78324663272423,482.1682836809535,422.07867175090837,488.1357496386419,0.6302521008403361,439.66999167493714
weighted3__hier__scratch__physical__ridge10__extra,hierarchy,scratch,physical,ridge10,extra,late,238,817.0332777124502,743.1660793672999,-734.8810104357599,809.7581495057962,804.1355807804616,948.7362191345829,0.5588235294117647,811.9900714277895
weighted3__hier__scratch__physical__ridge10__extra,hierarchy,scratch,physical,ridge10,extra,four_year,476,651.9422212035462,547.5621131294105,-469.3321285342421,666.4062253906726,613.107126265685,948.7362191345829,0.5945378151260504,645.8494485158625
weighted3__hier__scratch__physical__ridge10__ridge100,hierarchy,scratch,physical,ridge10,ridge100,development,238,469.3509506121085,388.00126571367133,-184.34074650093675,528.6818817678519,465.56792424221715,525.0391169096171,0.6638655462184874,483.2379268085715
weighted3__hier__scratch__physical__ridge10__ridge100,hierarchy,scratch,physical,ridge10,ridge100,late,238,699.0854949216663,632.730316863687,-619.7292070631634,660.4996289621938,696.2947656827627,758.6977182784356,0.5756302521008403,688.7413461220723
weighted3__hier__scratch__physical__ridge10__ridge100,hierarchy,scratch,physical,ridge10,ridge100,four_year,476,595.4035791168714,510.3657912886792,-402.03497678205,598.2325183274446,580.9313449624899,758.6977182784356,0.6197478991596639,592.4927553809193
weighted3__hier__scratch__physical__ridge10__ridge1000,hierarchy,scratch,physical,ridge10,ridge1000,development,238,427.5442701719894,356.95775672711807,-209.6263128588568,471.75740124818776,422.45992461762773,488.1996770431383,0.6386554621848739,437.32646655244855
weighted3__hier__scratch__physical__ridge10__ridge1000,hierarchy,scratch,physical,ridge10,ridge1000,late,238,759.8997621523101,691.9594506129257,-682.663994648285,730.2388955372921,754.8533724157678,842.2835426756949,0.5630252100840336,751.22294806442
weighted3__hier__scratch__physical__ridge10__ridge1000,hierarchy,scratch,physical,ridge10,ridge1000,four_year,476,616.5394356714081,524.4586036700217,-446.1451537535709,614.7372976271929,588.6566485166977,842.2835426756949,0.6008403361344538,609.1182043716767
weighted3__hier__scratch__physical__ridge10__xgb1,hierarchy,scratch,physical,ridge10,xgb1,development,238,424.0497671884723,342.9690987858304,-175.35847214453207,485.31913916817433,419.6974931657768,480.2963321229739,0.6428571428571429,438.27904167772397
weighted3__hier__scratch__physical__ridge10__xgb1,hierarchy,scratch,physical,ridge10,xgb1,late,238,813.79460038663,736.8439062386147,-728.0502454634571,812.6613978843538,799.3083670027358,952.1736215828876,0.5588235294117647,809.8897414150874
weighted3__hier__scratch__physical__ridge10__xgb1,hierarchy,scratch,physical,ridge10,xgb1,four_year,476,648.8758959427574,539.9065025122225,-451.7043588039946,669.3105461795332,609.5029300842564,952.1736215828876,0.6008403361344538,644.1413170373262
weighted3__hier__scratch__physical__ridge10__xgb2,hierarchy,scratch,physical,ridge10,xgb2,development,238,425.7937212632781,348.04029750209236,-183.91771554410775,483.9678178751673,421.70254017092356,480.5859901430569,0.6302521008403361,439.31445014316176
weighted3__hier__scratch__physical__ridge10__xgb2,hierarchy,scratch,physical,ridge10,xgb2,late,238,813.0241145612514,737.495459881695,-728.9049103675386,807.917532924632,799.7250570792489,946.1765641991794,0.5588235294117647,808.4227047815959
weighted3__hier__scratch__physical__ridge10__xgb2,hierarchy,scratch,physical,ridge10,xgb2,four_year,476,648.9639835635476,542.7678786918937,-456.41131295582323,665.9412844785473,610.7137986250862,946.1765641991794,0.5945378151260504,643.6457625576822
weighted3__hier__scratch__physical__ridge10__zero,hierarchy,scratch,physical,ridge10,zero,development,238,424.603835909202,340.3796756218893,-171.75924472392407,486.6572375228184,420.48924987852797,479.4571072705122,0.6260504201680672,439.08853980493757
weighted3__hier__scratch__physical__ridge10__zero,hierarchy,scratch,physical,ridge10,zero,late,238,810.1409726277572,732.014172409048,-723.0689040929254,812.8076334482695,795.5027837377397,948.8120026247824,0.5588235294117647,807.1480906103809
weighted3__hier__scratch__physical__ridge10__zero,hierarchy,scratch,physical,ridge10,zero,four_year,476,646.7676603692614,536.1969240154687,-447.4140744084248,669.8848840752855,607.9960168081338,948.8120026247824,0.592436974789916,642.8540554054855
weighted3__hier__scratch__physical__xgb1__extra,hierarchy,scratch,physical,xgb1,extra,development,238,322.45343661084155,242.615014420857,108.18827334441089,346.6819894071013,318.6148381363338,368.2213266383415,0.5798319327731093,327.5509251912796
weighted3__hier__scratch__physical__xgb1__extra,hierarchy,scratch,physical,xgb1,extra,late,238,383.49772919702997,272.0044000707462,161.07263459696944,456.0224569781791,375.59956489487035,453.03001852948734,0.5798319327731093,399.65437006677735
weighted3__hier__scratch__physical__xgb1__extra,hierarchy,scratch,physical,xgb1,extra,four_year,476,354.292765295469,257.30970724580163,134.63045397069018,405.05856554804564,347.107201515602,453.03001852948734,0.5798319327731093,365.18782441364635
weighted3__hier__scratch__physical__xgb1__ridge100,hierarchy,scratch,physical,xgb1,ridge100,development,238,347.2300266074405,266.93923582771686,124.53859040590291,389.58581453224383,346.3795391936716,370.6675239965232,0.5756302521008403,357.60635173519904
weighted3__hier__scratch__physical__xgb1__ridge100,hierarchy,scratch,physical,xgb1,ridge100,late,238,453.34436380290913,354.0386791613894,309.7825138997846,521.890465858194,453.1137273342596,467.5727139211107,0.5840336134453782,470.423230199568
weighted3__hier__scratch__physical__xgb1__ridge100,hierarchy,scratch,physical,xgb1,ridge100,four_year,476,403.7881892587178,310.48895749455306,217.16055215284374,460.5142588663432,399.7466332639655,467.5727139211107,0.5798319327731093,416.9593176619361
weighted3__hier__scratch__physical__xgb1__ridge1000,hierarchy,scratch,physical,xgb1,ridge1000,development,238,326.05904176993687,244.85160208268815,102.27347044438642,354.5375288340673,321.71942327880345,374.7393384530427,0.5756302521008403,332.0937589131861
weighted3__hier__scratch__physical__xgb1__ridge1000,hierarchy,scratch,physical,xgb1,ridge1000,late,238,398.86103164005084,290.57878965949766,228.24237193586237,468.1201993098404,396.21832824898615,442.05672831426256,0.5966386554621849,415.51514770973205
weighted3__hier__scratch__physical__xgb1__ridge1000,hierarchy,scratch,physical,xgb1,ridge1000,four_year,476,364.2832835039889,267.71519587109293,165.2579211901244,415.2308877923533,358.96887576389474,442.05672831426256,0.5861344537815126,375.69158264105647
weighted3__hier__scratch__physical__xgb1__xgb1,hierarchy,scratch,physical,xgb1,xgb1,development,238,334.23530868725965,252.93497493539203,137.80620953800837,363.9268523353863,331.19048961912847,376.2027230574915,0.5210084033613446,340.89698983225855
weighted3__hier__scratch__physical__xgb1__xgb1,hierarchy,scratch,physical,xgb1,xgb1,late,238,394.17037200355804,280.9390763484092,169.65383465252464,468.39257092988686,386.00765402297736,465.809741721864,0.5294117647058824,410.6852422399951
weighted3__hier__scratch__physical__xgb1__xgb1,hierarchy,scratch,physical,xgb1,xgb1,four_year,476,365.4336627478995,266.9370256419006,153.73002209526652,419.4248170727688,358.5990718210529,465.809741721864,0.5252100840336135,377.22280359740523
weighted3__hier__scratch__physical__xgb1__xgb2,hierarchy,scratch,physical,xgb1,xgb2,development,238,330.175154903513,249.19472560663104,128.7187801781531,360.21663355246284,327.2257416648954,371.2592165154899,0.5756302521008403,336.94817125609603
weighted3__hier__scratch__physical__xgb1__xgb2,hierarchy,scratch,physical,xgb1,xgb2,late,238,390.7960238373591,277.3772048608889,168.6657905936986,465.5946619418902,382.7605239366431,461.6015891427667,0.5630252100840336,407.48680838831285
weighted3__hier__scratch__physical__xgb1__xgb2,hierarchy,scratch,physical,xgb1,xgb2,four_year,476,361.7576296103847,263.28596523376,148.69228538592583,416.25377614902925,354.9931328007692,461.6015891427667,0.569327731092437,373.69054204264194
weighted3__hier__scratch__physical__xgb1__zero,hierarchy,scratch,physical,xgb1,zero,development,238,341.56138233929653,260.40133913999784,141.7872988788676,371.03367726201833,338.6297698887548,383.2846335725692,0.5084033613445378,348.1965529573415
weighted3__hier__scratch__physical__xgb1__zero,hierarchy,scratch,physical,xgb1,zero,late,238,401.09594918863456,288.7609469385625,175.8379118447061,474.5079045973016,392.86982466717063,473.6860440882643,0.5252100840336135,417.39240691043534
weighted3__hier__scratch__physical__xgb1__zero,hierarchy,scratch,physical,xgb1,zero,four_year,476,372.51989098641616,274.58114303928016,158.81260536178686,425.9247240932941,365.74979727796267,473.6860440882643,0.5168067226890757,384.1785758360223
xgb1__direct__modis_pretrained__extra,direct_anomaly,modis_pretrained,none,none,extra,development,238,421.92320841101406,343.40998407063574,293.0945675065334,452.77879327830135,421.57107121570004,438.8055050587688,0.5882352941176471,429.54907032900735
xgb1__direct__modis_pretrained__extra,direct_anomaly,modis_pretrained,none,none,extra,late,238,457.52944276920374,355.4831525530653,286.25602488359885,505.6718895361714,449.8019387563389,533.5360828776994,0.5294117647058824,467.6331784577295
xgb1__direct__modis_pretrained__extra,direct_anomaly,modis_pretrained,none,none,extra,four_year,476,440.08657375370024,349.44656831185046,289.6752961950661,479.95452675729433,435.68650498601954,533.5360828776994,0.5588235294117647,448.9535448126786
xgb1__direct__modis_pretrained__ridge100,direct_anomaly,modis_pretrained,none,none,ridge100,development,238,1114.96947465978,1044.0283405769676,-1042.4476657786229,1185.9864351500253,1104.9077270986947,1254.359538799664,0.5840336134453782,1130.2082778920699
xgb1__direct__modis_pretrained__ridge100,direct_anomaly,modis_pretrained,none,none,ridge100,late,238,1157.3348594806318,1101.0809470410386,-1095.0640872019756,1191.263022568443,1151.5145409630118,1267.4379593037359,0.5756302521008403,1164.3618206231795
xgb1__direct__modis_pretrained__ridge100,direct_anomaly,modis_pretrained,none,none,ridge100,four_year,476,1136.3496175016207,1072.554643809003,-1068.755876490299,1188.6276568586916,1128.2111340308534,1267.4379593037359,0.5798319327731093,1147.3845064731968
xgb1__direct__modis_pretrained__ridge1000,direct_anomaly,modis_pretrained,none,none,ridge1000,development,238,557.9850263808147,449.11896276716334,-385.43473300550687,601.1796534967237,523.6385801013112,716.3817436498045,0.6974789915966386,560.197071589916
xgb1__direct__modis_pretrained__ridge1000,direct_anomaly,modis_pretrained,none,none,ridge1000,late,238,737.4715249299915,681.7389409833149,-664.1664516692565,731.3242198755249,736.5217250232924,773.938280868007,0.5882352941176471,735.6972486897
xgb1__direct__modis_pretrained__ridge1000,direct_anomaly,modis_pretrained,none,none,ridge1000,four_year,476,653.9157207728551,565.4289518752391,-524.8005923373818,669.4221726067138,630.0801525623018,773.938280868007,0.6428571428571429,651.8334416786815
xgb1__direct__modis_pretrained__xgb1,direct_anomaly,modis_pretrained,none,none,xgb1,development,238,335.6755496729892,254.95802188432418,119.77273936692869,368.48698419849205,335.67545815187447,335.9233347191509,0.7184873949579832,343.8783854240862
xgb1__direct__modis_pretrained__xgb1,direct_anomaly,modis_pretrained,none,none,xgb1,late,238,410.9545421198113,302.7102564690289,205.3961076270697,444.21379983020535,409.5668354613661,443.31061976404976,0.6008403361344538,418.9224298827985
xgb1__direct__modis_pretrained__xgb1,direct_anomaly,modis_pretrained,none,none,xgb1,four_year,476,375.20774934505766,278.83413917667656,162.5844234969992,408.1106207165463,372.62114680662035,443.31061976404976,0.6596638655462185,382.7868165533205
xgb1__direct__modis_pretrained__xgb2,direct_anomaly,modis_pretrained,none,none,xgb2,development,238,332.9432735537419,263.3506238460014,70.1759285339627,362.36098392834833,332.8462756286003,340.8824566153415,0.7100840336134454,340.27345166610814
xgb1__direct__modis_pretrained__xgb2,direct_anomaly,modis_pretrained,none,none,xgb2,late,238,397.2918105057206,289.5388735855733,130.74781747913815,441.3828481415715,395.19682449982224,435.9430218704983,0.6176470588235294,407.7908234132087
xgb1__direct__modis_pretrained__xgb2,direct_anomaly,modis_pretrained,none,none,xgb2,four_year,476,366.5324038196318,276.44474871578734,100.46187300655042,403.8095475017191,364.0215500642113,435.9430218704983,0.6638655462184874,375.22397630129853
xgb1__direct__modis_pretrained__zero,direct_anomaly,modis_pretrained,none,none,zero,development,238,322.187391588637,254.08115111278886,-129.59886669511553,349.31723286014625,320.7423968687421,351.22239276086833,0.7310924369747899,328.6086032265406
xgb1__direct__modis_pretrained__zero,direct_anomaly,modis_pretrained,none,none,zero,late,238,361.905517888368,271.6756096489159,148.4437262389849,392.29656467743786,361.52892685876986,378.0346507869737,0.6260504201680672,369.40913182823596
xgb1__direct__modis_pretrained__zero,direct_anomaly,modis_pretrained,none,none,zero,four_year,476,342.62247385186043,262.8783803808524,9.422429771934677,371.4290806000446,341.13566186375596,378.0346507869737,0.6785714285714286,349.45242254188037
xgb1__direct__none__extra,direct_anomaly,none,none,none,extra,development,238,466.3171757130178,388.74462985665247,355.7808134421818,507.36376433599037,465.9830819079432,483.6317572276526,0.5252100840336135,476.4952994174923
xgb1__direct__none__extra,direct_anomaly,none,none,none,extra,late,238,504.67258812701886,400.2724633398192,347.99228551638055,560.9411609659429,494.6804248361267,594.6088917050463,0.4831932773109244,516.2416905140268
xgb1__direct__none__extra,direct_anomaly,none,none,none,extra,four_year,476,485.87350698087516,394.5085465982358,351.88654947928114,534.8237912747554,480.33175337203494,594.6088917050463,0.5042016806722689,496.72563965213516
xgb1__direct__none__ridge100,direct_anomaly,none,none,none,ridge100,development,238,466.9743080396758,386.44232914808816,-330.5418515851189,484.40605624095593,464.9978787601508,507.9161396486597,0.6680672268907563,470.8381377701146
xgb1__direct__none__ridge100,direct_anomaly,none,none,none,ridge100,late,238,631.5602541656418,558.0182894315087,-516.6542257282257,638.2513269181572,623.8877325124731,722.032787722682,0.6428571428571429,631.3148919404784
xgb1__direct__none__ridge100,direct_anomaly,none,none,none,ridge100,four_year,476,555.3977669251578,472.2303092897984,-423.5980386566723,566.5747892536804,544.442805636312,722.032787722682,0.6554621848739496,555.453282185077
xgb1__direct__none__ridge1000,direct_anomaly,none,none,none,ridge1000,development,238,411.06231178603883,324.5842452773887,-170.4970488246937,450.7062100733338,399.3864054678384,496.66293551677666,0.7226890756302521,418.0543097783125
xgb1__direct__none__ridge1000,direct_anomaly,none,none,none,ridge1000,late,238,559.3090234225277,489.94092103820196,-447.2721862212203,555.2296890377916,557.1954833518995,605.7730194576417,0.5966386554621849,557.7608048086867
xgb1__direct__none__ridge1000,direct_anomaly,none,none,none,ridge1000,four_year,476,490.8150404443329,407.2625831577954,-308.884617522957,505.6758326179287,478.290944409869,605.7730194576417,0.6596638655462185,491.3992144791159
xgb1__direct__none__xgb1,direct_anomaly,none,none,none,xgb1,development,238,333.2277482084503,251.79900143674587,117.8301973057541,366.0181341342047,333.21179917889475,336.47202371691014,0.7226890756302521,341.42135743250003
xgb1__direct__none__xgb1,direct_anomaly,none,none,none,xgb1,late,238,408.7313697909493,301.4541246132072,200.97937816704874,442.4760185169614,407.3661943074287,440.7445763333448,0.6008403361344538,416.8262381015722
xgb1__direct__none__xgb1,direct_anomaly,none,none,none,xgb1,four_year,476,372.89547116267056,276.6265630249765,159.40478773640143,406.0506750873018,370.28899674316176,440.7445763333448,0.6617647058823529,380.53265353895114
xgb1__direct__none__xgb2,direct_anomaly,none,none,none,xgb2,development,238,330.94861466306406,260.0649132065731,71.44520342798248,360.9929758559477,330.8400533880435,339.31617405718123,0.7058823529411765,338.4325646425298
xgb1__direct__none__xgb2,direct_anomaly,none,none,none,xgb2,late,238,399.63717116779225,290.6104358563641,137.56167426714862,443.87545649535997,397.3761791662329,439.82663040342544,0.6134453781512605,410.1314944992944
xgb1__direct__none__xgb2,direct_anomaly,none,none,none,xgb2,four_year,476,366.90383898672724,275.3376745314686,104.50343884756555,404.56232492429217,364.10811627713815,439.82663040342544,0.6596638655462185,375.6195297937212
xgb1__direct__none__zero,direct_anomaly,none,none,none,zero,development,238,322.187391588637,254.08115111278886,-129.59886669511553,349.31723286014625,320.7423968687421,351.22239276086833,0.7310924369747899,328.6086032265406
xgb1__direct__none__zero,direct_anomaly,none,none,none,zero,late,238,361.905517888368,271.6756096489159,148.4437262389849,392.29656467743786,361.52892685876986,378.0346507869737,0.6260504201680672,369.40913182823596
xgb1__direct__none__zero,direct_anomaly,none,none,none,zero,four_year,476,342.62247385186043,262.8783803808524,9.422429771934677,371.4290806000446,341.13566186375596,378.0346507869737,0.6785714285714286,349.45242254188037
xgb1__direct__scratch__extra,direct_anomaly,scratch,none,none,extra,development,238,430.0949611593567,352.00127846242475,304.4483992263298,459.22301290132464,429.45219498841243,452.95725474802936,0.5840336134453782,437.2162825521126
xgb1__direct__scratch__extra,direct_anomaly,scratch,none,none,extra,late,238,457.6812338273142,355.42553579236824,285.2511142139027,507.1029447602422,449.7989663956514,534.374386152791,0.5252100840336135,468.0660947026305
xgb1__direct__scratch__extra,direct_anomaly,scratch,none,none,extra,four_year,476,444.10234598139715,353.7134071273965,294.8497567201162,483.7557090943111,439.6255806920319,534.374386152791,0.5546218487394958,452.89649543728433
xgb1__direct__scratch__ridge100,direct_anomaly,scratch,none,none,ridge100,development,238,1055.3747381401765,993.9562010155096,-990.1044889328464,1115.1602881448023,1048.901470183103,1165.6128396043025,0.5882352941176471,1068.7028086520645
xgb1__direct__scratch__ridge100,direct_anomaly,scratch,none,none,ridge100,late,238,1075.8604909862015,1018.9748783109973,-1012.2879240361641,1111.8470784230353,1069.3321544511477,1187.6729315397622,0.5840336134453782,1083.2250537116465
xgb1__direct__scratch__ridge100,direct_anomaly,scratch,none,none,ridge100,four_year,476,1065.6668414587923,1006.4655396632535,-1001.1962064845053,1113.5049155825577,1059.1168123171256,1187.6729315397622,0.5861344537815126,1075.988852704317
xgb1__direct__scratch__ridge1000,direct_anomaly,scratch,none,none,ridge1000,development,238,552.1204913654884,448.3014935353539,-395.5301365170571,588.7100416347471,523.0522391173661,699.8385285743773,0.6890756302521008,554.0008158707725
xgb1__direct__scratch__ridge1000,direct_anomaly,scratch,none,none,ridge1000,late,238,696.8193221296178,637.7270813573944,-617.4388281648794,689.6003638855867,696.1596457690566,726.4732614537872,0.592436974789916,694.8496634784698
xgb1__direct__scratch__ridge1000,direct_anomaly,scratch,none,none,ridge1000,four_year,476,628.6470411442531,543.0142874463742,-506.4844823409682,641.142798053881,609.6059424432115,726.4732614537872,0.6407563025210085,627.0107056963997
xgb1__direct__scratch__xgb1,direct_anomaly,scratch,none,none,xgb1,development,238,335.6755496729892,254.95802188432418,119.77273936692869,368.48698419849205,335.67545815187447,335.9233347191509,0.7184873949579832,343.8783854240862
xgb1__direct__scratch__xgb1,direct_anomaly,scratch,none,none,xgb1,late,238,410.9545421198113,302.7102564690289,205.3961076270697,444.21379983020535,409.5668354613661,443.31061976404976,0.6008403361344538,418.9224298827985
xgb1__direct__scratch__xgb1,direct_anomaly,scratch,none,none,xgb1,four_year,476,375.20774934505766,278.83413917667656,162.5844234969992,408.1106207165463,372.62114680662035,443.31061976404976,0.6596638655462185,382.7868165533205
xgb1__direct__scratch__xgb2,direct_anomaly,scratch,none,none,xgb2,development,238,332.5085828473326,263.0136498882818,72.00591541337494,362.08086974750614,332.41805570784953,340.1765289181199,0.7142857142857143,339.8790227875052
xgb1__direct__scratch__xgb2,direct_anomaly,scratch,none,none,xgb2,late,238,396.8247741096378,289.11498272264595,130.89009168087264,440.80459586427764,394.7321104636252,435.4317703651223,0.6134453781512605,407.29656363679464
xgb1__direct__scratch__xgb2,direct_anomaly,scratch,none,none,xgb2,four_year,476,366.0818617565657,276.0643163054639,101.44800354712379,403.3678519491728,363.57508308573733,435.4317703651223,0.6638655462184874,374.77666463701036
xgb1__direct__scratch__zero,direct_anomaly,scratch,none,none,zero,development,238,322.187391588637,254.08115111278886,-129.59886669511553,349.31723286014625,320.7423968687421,351.22239276086833,0.7310924369747899,328.6086032265406
xgb1__direct__scratch__zero,direct_anomaly,scratch,none,none,zero,late,238,361.905517888368,271.6756096489159,148.4437262389849,392.29656467743786,361.52892685876986,378.0346507869737,0.6260504201680672,369.40913182823596
xgb1__direct__scratch__zero,direct_anomaly,scratch,none,none,zero,four_year,476,342.62247385186043,262.8783803808524,9.422429771934677,371.4290806000446,341.13566186375596,378.0346507869737,0.6785714285714286,349.45242254188037
xgb1__hier__modis_pretrained__encoder__extra__extra,hierarchy,modis_pretrained,encoder,extra,extra,development,238,396.1517943046233,318.46029990634935,203.75264034164465,434.67771256807976,387.7795123287216,468.793671269437,0.6722689075630253,403.69020337651193
xgb1__hier__modis_pretrained__encoder__extra__extra,hierarchy,modis_pretrained,encoder,extra,extra,late,238,500.7720701517363,394.5919852913061,332.52981516447903,557.3926629894369,486.2819759685427,605.8750614383355,0.46638655462184875,511.30469481536306
xgb1__hier__modis_pretrained__encoder__extra__extra,hierarchy,modis_pretrained,encoder,extra,extra,four_year,476,451.5024420614069,356.52614259882773,268.14122775306186,499.81561328047474,437.03074414863215,605.8750614383355,0.569327731092437,459.9628103879802
xgb1__hier__modis_pretrained__encoder__extra__ridge100,hierarchy,modis_pretrained,encoder,extra,ridge100,development,238,445.6512695589536,366.39048655610253,87.3110053652719,505.4682408876388,445.15951680739533,466.08936762658146,0.6764705882352942,460.48257420323534
xgb1__hier__modis_pretrained__encoder__extra__ridge100,hierarchy,modis_pretrained,encoder,extra,ridge100,late,238,534.2802278194358,443.2460073936135,408.892990847358,544.1328784613381,533.0826038146871,568.8359162338398,0.5336134453781513,536.4439844787242
xgb1__hier__modis_pretrained__encoder__extra__ridge100,hierarchy,modis_pretrained,encoder,extra,ridge100,four_year,476,491.9656572863066,404.81824697485797,248.1019981063149,525.1565157020646,489.1210603110412,568.8359162338398,0.6050420168067226,499.55222264642975
xgb1__hier__modis_pretrained__encoder__extra__ridge1000,hierarchy,modis_pretrained,encoder,extra,ridge1000,development,238,390.96788577448007,316.2088382199388,148.54806599402812,429.85445440632475,387.1563669338915,441.61584957481335,0.6932773109243697,399.7366482222941
xgb1__hier__modis_pretrained__encoder__extra__ridge1000,hierarchy,modis_pretrained,encoder,extra,ridge1000,late,238,517.3720565108106,426.09491005997876,392.3307333368761,544.2688238122795,513.6495981067043,575.6006693084726,0.4831932773109244,523.1656337351512
xgb1__hier__modis_pretrained__encoder__extra__ridge1000,hierarchy,modis_pretrained,encoder,extra,ridge1000,four_year,476,458.546471235573,371.1518741399588,270.43939966545213,490.40972897515064,450.4029825202979,575.6006693084726,0.5882352941176471,464.4764134916486
xgb1__hier__modis_pretrained__encoder__extra__xgb1,hierarchy,modis_pretrained,encoder,extra,xgb1,development,238,416.6479964068612,333.4234704804931,220.60477647762053,456.6358133311541,407.4661834344769,494.45389674614574,0.6848739495798319,424.3494973948383
xgb1__hier__modis_pretrained__encoder__extra__xgb1,hierarchy,modis_pretrained,encoder,extra,xgb1,late,238,506.9995013733732,405.1904067227505,341.6926183336619,555.6478230427259,492.6101595626148,612.5423282603597,0.46638655462184875,515.5642463380218
xgb1__hier__modis_pretrained__encoder__extra__xgb1,hierarchy,modis_pretrained,encoder,extra,xgb1,four_year,476,464.0280418803916,369.3069386016218,281.1486974056412,508.5571596530351,450.0381714985458,612.5423282603597,0.5756302521008403,471.662853728091
xgb1__hier__modis_pretrained__encoder__extra__xgb2,hierarchy,modis_pretrained,encoder,extra,xgb2,development,238,415.83899493366755,333.1556074805833,218.19241372981747,455.5652967477661,406.5064753036247,494.11101424805554,0.6848739495798319,423.43744047968147
xgb1__hier__modis_pretrained__encoder__extra__xgb2,hierarchy,modis_pretrained,encoder,extra,xgb2,late,238,505.4938050145647,403.46467598478586,340.09325868934366,554.2252976779469,491.12669238101955,610.7868734730697,0.46638655462184875,514.0849000220239
xgb1__hier__modis_pretrained__encoder__extra__xgb2,hierarchy,modis_pretrained,encoder,extra,xgb2,four_year,476,462.8423363390311,368.3101417326845,279.1428362095806,507.29942843802263,448.8165838423221,610.7868734730697,0.5756302521008403,470.4501712396017
xgb1__hier__modis_pretrained__encoder__extra__zero,hierarchy,modis_pretrained,encoder,extra,zero,development,238,416.4298360626562,333.1621112594343,221.88486455870594,456.50475772669574,407.33133058546866,493.9049725710196,0.6848739495798319,424.17394010936914
xgb1__hier__modis_pretrained__encoder__extra__zero,hierarchy,modis_pretrained,encoder,extra,zero,late,238,508.86895102630825,407.0830242232772,343.9587222309693,557.5480040626522,494.3974098901266,614.8914363501526,0.46218487394957986,517.4208290013488
xgb1__hier__modis_pretrained__encoder__extra__zero,hierarchy,modis_pretrained,encoder,extra,zero,four_year,476,464.9523726586337,370.1225677413558,282.92179339483766,509.5372266387199,450.86437023779763,614.8914363501526,0.5735294117647058,472.57658554844625
xgb1__hier__modis_pretrained__encoder__ridge1000__extra,hierarchy,modis_pretrained,encoder,ridge1000,extra,development,238,392.00346697270646,313.1273591196565,213.93549590975297,434.7765127412412,386.92074671374127,449.8417597467704,0.6722689075630253,401.4260483500988
xgb1__hier__modis_pretrained__encoder__ridge1000__extra,hierarchy,modis_pretrained,encoder,ridge1000,extra,late,238,519.3121328550565,414.696245102979,376.0448026577405,583.9509637807059,510.3597835964947,606.3701091756054,0.453781512605042,533.2337532718284
xgb1__hier__modis_pretrained__encoder__ridge1000__extra,hierarchy,modis_pretrained,encoder,ridge1000,extra,four_year,476,460.0824977376827,363.91180211131774,294.9901492837467,514.795757622307,448.640265155118,606.3701091756054,0.5630252100840336,470.90025456319756
xgb1__hier__modis_pretrained__encoder__ridge1000__ridge100,hierarchy,modis_pretrained,encoder,ridge1000,ridge100,development,238,434.62422235622415,354.6209465824337,96.71365725024509,495.20058863853257,434.2797304004004,451.58089862997656,0.6554621848739496,449.68219093784535
xgb1__hier__modis_pretrained__encoder__ridge1000__ridge100,hierarchy,modis_pretrained,encoder,ridge1000,ridge100,late,238,570.280011350713,481.4622933659371,454.4612540739794,599.1382246137157,570.27456024211,572.768009025908,0.5294117647058824,577.493201889313
xgb1__hier__modis_pretrained__encoder__ridge1000__ridge100,hierarchy,modis_pretrained,encoder,ridge1000,ridge100,four_year,476,507.0096182543887,418.04161997418544,275.58745566211223,549.6318018370227,502.2771453212552,572.768009025908,0.592436974789916,516.4820459167639
xgb1__hier__modis_pretrained__encoder__ridge1000__ridge1000,hierarchy,modis_pretrained,encoder,ridge1000,ridge1000,development,238,384.0457431092285,307.1331621569782,158.49362721581156,425.7254611607319,381.70879853285976,424.01158712794165,0.6848739495798319,393.88143647801223
xgb1__hier__modis_pretrained__encoder__ridge1000__ridge1000,hierarchy,modis_pretrained,encoder,ridge1000,ridge1000,late,238,547.042244983599,462.01636399087084,437.14311638789275,587.7531020544637,546.3032119991617,574.7288756870121,0.4831932773109244,557.0352010052059
xgb1__hier__modis_pretrained__encoder__ridge1000__ridge1000,hierarchy,modis_pretrained,encoder,ridge1000,ridge1000,four_year,476,472.6237142786085,384.57476307392454,297.81837180185215,513.1743744845229,464.0060052660108,574.7288756870121,0.5840336134453782,480.60695207693766
xgb1__hier__modis_pretrained__encoder__ridge1000__xgb1,hierarchy,modis_pretrained,encoder,ridge1000,xgb1,development,238,411.9374703770648,329.43180603907115,230.7363199379861,455.9225940960058,406.29239885343213,474.2553750579713,0.6890756302521008,421.5224834258919
xgb1__hier__modis_pretrained__encoder__ridge1000__xgb1,hierarchy,modis_pretrained,encoder,ridge1000,xgb1,late,238,524.2656592677242,424.2419688767609,385.1093177030038,580.3746359631004,515.095040629932,612.724854753847,0.46218487394957986,536.0002487821203
xgb1__hier__modis_pretrained__encoder__ridge1000__xgb1,hierarchy,modis_pretrained,encoder,ridge1000,xgb1,four_year,476,471.45888526364456,376.83688745791596,307.92281882049497,521.8716939423582,460.69371974168206,612.724854753847,0.5756302521008403,481.37079605283236
xgb1__hier__modis_pretrained__encoder__ridge1000__xgb2,hierarchy,modis_pretrained,encoder,ridge1000,xgb2,development,238,410.7734011319367,328.64029333233236,228.2892609712883,454.56741412108295,404.9536139451276,473.8546852740956,0.6974789915966386,420.26695758252094
xgb1__hier__modis_pretrained__encoder__ridge1000__xgb2,hierarchy,modis_pretrained,encoder,ridge1000,xgb2,late,238,522.9169604364087,422.8456558645892,383.51926917511895,579.2234672148854,513.8071349267299,610.9893123587972,0.46218487394957986,534.7161307536081
xgb1__hier__modis_pretrained__encoder__ridge1000__xgb2,hierarchy,modis_pretrained,encoder,ridge1000,xgb2,four_year,476,470.2004543753395,375.7429745984608,305.9042650732036,520.6396829637372,459.38037443592873,610.9893123587972,0.5798319327731093,480.10524153758627
xgb1__hier__modis_pretrained__encoder__ridge1000__zero,hierarchy,modis_pretrained,encoder,ridge1000,zero,development,238,411.9618334438428,329.5050413083651,232.0395575313692,455.9988787306095,406.41928934907776,473.7684798371829,0.6890756302521008,421.58545874184324
xgb1__hier__modis_pretrained__encoder__ridge1000__zero,hierarchy,modis_pretrained,encoder,ridge1000,zero,late,238,526.1550558827968,426.1276593757388,387.38510475117744,582.2829824581855,516.9234867660118,615.0522371947105,0.46218487394957986,537.8791452474477
xgb1__hier__modis_pretrained__encoder__ridge1000__zero,hierarchy,modis_pretrained,encoder,ridge1000,zero,four_year,476,472.5207376642011,377.8163503420519,309.71233114127335,522.9667527979062,461.67138805754485,615.0522371947105,0.5756302521008403,482.41990404596334
xgb1__hier__modis_pretrained__encoder__ridge100__extra,hierarchy,modis_pretrained,encoder,ridge100,extra,development,238,562.7014043306004,446.8005973916171,281.67463071529056,661.2619125556147,534.2376811357435,710.9379088954537,0.6764705882352942,580.2256005881397
xgb1__hier__modis_pretrained__encoder__ridge100__extra,hierarchy,modis_pretrained,encoder,ridge100,extra,late,238,484.2915156082867,384.7781531019321,330.9088340300999,561.4342729054736,484.1384401255117,496.3139435240458,0.5378151260504201,503.5389360618897
xgb1__hier__modis_pretrained__encoder__ridge100__extra,hierarchy,modis_pretrained,encoder,ridge100,extra,four_year,476,524.9624474787703,415.78937524677457,306.29173237269526,613.3823276675026,509.1880606306276,710.9379088954537,0.6071428571428571,543.1238208139177
xgb1__hier__modis_pretrained__encoder__ridge100__ridge100,hierarchy,modis_pretrained,encoder,ridge100,ridge100,development,238,617.1878320396753,492.48390887459766,167.8750536878745,744.0818210833488,608.536645877752,711.5122286228374,0.680672268907563,646.7485327601129
xgb1__hier__modis_pretrained__encoder__ridge100__ridge100,hierarchy,modis_pretrained,encoder,ridge100,ridge100,late,238,568.3632991752017,466.15688837592774,412.3022231231251,629.3374352298409,555.4964786580399,675.7483062858879,0.6260504201680672,580.3901280595711
xgb1__hier__modis_pretrained__encoder__ridge100__ridge100,hierarchy,modis_pretrained,encoder,ridge100,ridge100,four_year,476,593.2780376295563,479.3203986252628,290.08863840549986,689.1020838193667,582.016562267896,711.5122286228374,0.6533613445378151,614.4186803365938
xgb1__hier__modis_pretrained__encoder__ridge100__ridge1000,hierarchy,modis_pretrained,encoder,ridge100,ridge1000,development,238,557.8709147851496,446.88568318180546,226.65789710321897,659.2809977514902,540.6488413847192,678.1944260924093,0.6764705882352942,578.9179171766272
xgb1__hier__modis_pretrained__encoder__ridge100__ridge1000,hierarchy,modis_pretrained,encoder,ridge100,ridge1000,late,238,531.3938246020591,439.20350835776503,393.6298963939288,594.8373917240054,524.1227726197836,611.7282293365575,0.5756302521008403,545.4369533869768
xgb1__hier__modis_pretrained__encoder__ridge100__ridge1000,hierarchy,modis_pretrained,encoder,ridge100,ridge1000,four_year,476,544.7932426106364,443.0445957697852,310.14389674857387,627.8865170511382,532.3858070022515,678.1944260924093,0.6260504201680672,562.4647023186657
xgb1__hier__modis_pretrained__encoder__ridge100__xgb1,hierarchy,modis_pretrained,encoder,ridge100,xgb1,development,238,585.0102287895104,463.6843108525682,299.40203860680475,684.5506401369538,556.1788575598232,737.5680694545916,0.6722689075630253,602.6874888189495
xgb1__hier__modis_pretrained__encoder__ridge100__xgb1,hierarchy,modis_pretrained,encoder,ridge100,xgb1,late,238,484.0430784528438,388.7243077043459,339.36983772866756,553.9780130911264,483.89576503953185,495.8368862143704,0.5378151260504201,501.4899837590865
xgb1__hier__modis_pretrained__encoder__ridge100__xgb1,hierarchy,modis_pretrained,encoder,ridge100,xgb1,four_year,476,536.9053313138459,426.20430927845706,319.38593816773613,622.6962413168661,520.0373112996775,737.5680694545916,0.6050420168067226,554.1360538110589
xgb1__hier__modis_pretrained__encoder__ridge100__xgb2,hierarchy,modis_pretrained,encoder,ridge100,xgb2,development,238,584.4148917331119,463.7459336922462,296.9998975607348,683.6873623823816,555.5247727214462,736.9992683736184,0.680672268907563,602.0104796425128
xgb1__hier__modis_pretrained__encoder__ridge100__xgb2,hierarchy,modis_pretrained,encoder,ridge100,xgb2,late,238,483.27692167979745,387.9287852471652,337.8537094135614,553.5029410315358,483.1194406609945,495.4559346406035,0.5378151260504201,500.79405626303134
xgb1__hier__modis_pretrained__encoder__ridge100__xgb2,hierarchy,modis_pretrained,encoder,ridge100,xgb2,four_year,476,536.2356518862421,425.8373594697057,317.42680348714816,622.0104159947557,519.3221066912204,736.9992683736184,0.6092436974789915,553.450956614615
xgb1__hier__modis_pretrained__encoder__ridge100__zero,hierarchy,modis_pretrained,encoder,ridge100,zero,development,238,584.6027310611274,463.1336165603134,300.6454119073028,684.2304223235515,555.7411518113513,737.1581448068295,0.6722689075630253,602.2942590642895
xgb1__hier__modis_pretrained__encoder__ridge100__zero,hierarchy,modis_pretrained,encoder,ridge100,zero,late,238,485.59116252574665,390.23718649040285,341.5923880845737,555.5725089104945,485.45093159963017,497.120127465556,0.5336134453781513,503.05144139040453
xgb1__hier__modis_pretrained__encoder__ridge100__zero,hierarchy,modis_pretrained,encoder,ridge100,zero,four_year,476,537.3821407002818,426.68540152535815,321.1188999959382,623.2303280048907,520.5960417054907,737.1581448068295,0.6029411764705882,554.6476627777363
xgb1__hier__modis_pretrained__encoder__ridge10__extra,hierarchy,modis_pretrained,encoder,ridge10,extra,development,238,441.17460486379,332.0082026058401,57.86651670573498,539.1092277470487,439.2806098276219,480.1165964839257,0.6932773109243697,465.18476182556265
xgb1__hier__modis_pretrained__encoder__ridge10__extra,hierarchy,modis_pretrained,encoder,ridge10,extra,late,238,392.39945661004344,317.98723224293843,-49.02664648127316,396.56062352706545,392.31005400001084,400.6859168430851,0.6932773109243697,393.41739768679076
xgb1__hier__modis_pretrained__encoder__ridge10__extra,hierarchy,modis_pretrained,encoder,ridge10,extra,four_year,476,417.4999194757878,324.9977174243893,4.419935112230923,473.2330755421657,415.79533191381637,480.1165964839257,0.6932773109243697,431.0070616018894
xgb1__hier__modis_pretrained__encoder__ridge10__ridge100,hierarchy,modis_pretrained,encoder,ridge10,ridge100,development,238,546.5418580415408,425.55224945740827,-50.674520463965386,669.4381220982729,545.5423439786747,578.5810109879994,0.6638655462184874,577.0160455400072
xgb1__hier__modis_pretrained__encoder__ridge10__ridge100,hierarchy,modis_pretrained,encoder,ridge10,ridge100,late,238,468.9146760041569,376.7172073455776,29.809313976339666,509.34812755196873,465.4303378551017,522.4879751718482,0.7016806722689075,478.15195435384607
xgb1__hier__modis_pretrained__encoder__ridge10__ridge100,hierarchy,modis_pretrained,encoder,ridge10,ridge100,four_year,476,509.209669961001,401.1347284014929,-10.432603243812869,594.8037131521451,505.48634091688814,578.5810109879994,0.6827731092436975,529.6773484977589
xgb1__hier__modis_pretrained__encoder__ridge10__ridge1000,hierarchy,modis_pretrained,encoder,ridge10,ridge1000,development,238,460.0558519951709,351.1534403087937,5.416400450980841,562.1419940146274,460.0551587565061,460.85381796325197,0.6722689075630253,485.57721419036875
xgb1__hier__modis_pretrained__encoder__ridge10__ridge1000,hierarchy,modis_pretrained,encoder,ridge10,ridge1000,late,238,423.5260107382829,336.28879952955305,10.830935632636399,447.3392427568593,421.2092475427742,465.44782297569304,0.7016806722689075,428.9001279440498
xgb1__hier__modis_pretrained__encoder__ridge10__ridge1000,hierarchy,modis_pretrained,encoder,ridge10,ridge1000,four_year,476,442.16833261037965,343.7211199191734,8.123668041808612,507.99410407258745,440.63220314964013,465.44782297569304,0.6869747899159664,458.24074311074673
xgb1__hier__modis_pretrained__encoder__ridge10__xgb1,hierarchy,modis_pretrained,encoder,ridge10,xgb1,development,238,455.7286351588581,342.62129921860344,74.3115854176025,558.2774523337811,453.97569454790545,493.90885950514945,0.7058823529411765,480.92760429985066
xgb1__hier__modis_pretrained__encoder__ridge10__xgb1,hierarchy,modis_pretrained,encoder,ridge10,xgb1,late,238,380.71142185782463,302.8564597134983,-41.92203854111551,385.63234700543745,380.461189228015,394.262284264679,0.6890756302521008,381.87909498727544
xgb1__hier__modis_pretrained__encoder__ridge10__xgb1,hierarchy,modis_pretrained,encoder,ridge10,xgb1,four_year,476,419.8986637492206,322.7388794660509,16.19477343824352,479.7843374065161,417.21844188796024,493.90885950514945,0.6974789915966386,434.2000266982294
xgb1__hier__modis_pretrained__encoder__ridge10__xgb2,hierarchy,modis_pretrained,encoder,ridge10,xgb2,development,238,455.52604986833774,342.9007626801224,71.97203203199106,557.940360361263,453.84818909367027,492.9097221543091,0.6974789915966386,480.7101622979022
xgb1__hier__modis_pretrained__encoder__ridge10__xgb2,hierarchy,modis_pretrained,encoder,ridge10,xgb2,late,238,381.681195460897,304.16676734697444,-43.22653122807104,386.6119758107588,381.4558740135278,394.568888504296,0.6890756302521008,382.8575601865202
xgb1__hier__modis_pretrained__encoder__ridge10__xgb2,hierarchy,modis_pretrained,encoder,ridge10,xgb2,four_year,476,420.22881688260674,323.5337650135485,14.372750401960019,479.98242965777126,417.65203155359904,492.9097221543091,0.6932773109243697,434.5230237441459
xgb1__hier__modis_pretrained__encoder__ridge10__zero,hierarchy,modis_pretrained,encoder,ridge10,zero,development,238,455.1095947961084,341.8317503040095,75.5384707819726,557.539313919783,453.2912869755163,493.93304416634317,0.7058823529411765,480.262447621879
xgb1__hier__modis_pretrained__encoder__ridge10__zero,hierarchy,modis_pretrained,encoder,ridge10,zero,late,238,380.23980367083357,302.13438800263737,-39.9330682186913,385.56750302855824,379.9591980067053,394.5645444844627,0.6890756302521008,381.50157709423263
xgb1__hier__modis_pretrained__encoder__ridge10__zero,hierarchy,modis_pretrained,encoder,ridge10,zero,four_year,476,419.34893082677104,321.9830691533234,17.80270128164066,479.32889854348423,416.6252424911108,493.93304416634317,0.6974789915966386,433.6630006720343
xgb1__hier__modis_pretrained__encoder__xgb1__extra,hierarchy,modis_pretrained,encoder,xgb1,extra,development,238,312.4354047595458,237.53746947005868,141.52462609626545,335.4959218161483,311.5281987451423,335.32028847825205,0.6890756302521008,317.97373252009555
xgb1__hier__modis_pretrained__encoder__xgb1__extra,hierarchy,modis_pretrained,encoder,xgb1,extra,late,238,527.4492934350864,438.26798986092035,409.6625738166446,573.0624610977661,523.609575413473,587.1372833879818,0.46218487394957986,537.8926558453529
xgb1__hier__modis_pretrained__encoder__xgb1__extra,hierarchy,modis_pretrained,encoder,xgb1,extra,four_year,476,433.4850858405818,337.9027296654895,275.5935999564551,469.5519661734449,417.5688870793076,587.1372833879818,0.5756302521008403,438.522756233479
xgb1__hier__modis_pretrained__encoder__xgb1__ridge100,hierarchy,modis_pretrained,encoder,xgb1,ridge100,development,238,334.5781462893336,269.9637581912192,22.11185845482493,345.87280806244604,333.2088379127895,363.4479898720475,0.6722689075630253,337.0594846384757
xgb1__hier__modis_pretrained__encoder__xgb1__ridge100,hierarchy,modis_pretrained,encoder,xgb1,ridge100,late,238,597.1002851479028,510.3730781576001,490.3291500118536,610.9819677972976,595.9573345925596,632.8843689852466,0.5504201680672269,600.2849681714157
xgb1__hier__modis_pretrained__encoder__xgb1__ridge100,hierarchy,modis_pretrained,encoder,xgb1,ridge100,four_year,476,483.9789698417244,390.1684181744097,256.2205042333393,496.45088595472345,464.58308625267455,632.8843689852466,0.6113445378151261,482.2479779727117
xgb1__hier__modis_pretrained__encoder__xgb1__ridge1000,hierarchy,modis_pretrained,encoder,xgb1,ridge1000,development,238,298.7335505946313,226.56502096105976,85.83295837967289,309.6938660069236,298.03600654299163,318.43877730534064,0.7016806722689075,301.29924343479445
xgb1__hier__modis_pretrained__encoder__xgb1__ridge1000,hierarchy,modis_pretrained,encoder,xgb1,ridge1000,late,238,567.9909289887162,491.6939261098349,472.2728280351044,590.7006814341214,567.9485599677021,574.8860410724266,0.49159663865546216,573.657774844814
xgb1__hier__modis_pretrained__encoder__xgb1__ridge1000,hierarchy,modis_pretrained,encoder,xgb1,ridge1000,four_year,476,453.79259010275825,359.12947353544735,279.0528932073886,471.61296933452206,432.9922832553468,574.8860410724266,0.5966386554621849,453.0476081988464
xgb1__hier__modis_pretrained__encoder__xgb1__xgb1,hierarchy,modis_pretrained,encoder,xgb1,xgb1,development,238,323.26848939976276,246.312518328126,157.36964110402346,346.62899372821437,322.68450179976315,342.1068738753662,0.6890756302521008,328.96261858187574
xgb1__hier__modis_pretrained__encoder__xgb1__xgb1,hierarchy,modis_pretrained,encoder,xgb1,xgb1,late,238,533.783054590277,447.55839135862317,418.89398337838526,569.9996934409583,529.6918054935667,595.6534652717448,0.4579831932773109,541.8144020287697
xgb1__hier__modis_pretrained__encoder__xgb1__xgb1,hierarchy,modis_pretrained,encoder,xgb1,xgb1,four_year,476,441.26345056356706,346.93545484337454,288.13181224120433,471.72624996698084,426.1881536466649,595.6534652717448,0.5735294117647058,445.11032618519494
xgb1__hier__modis_pretrained__encoder__xgb1__xgb2,hierarchy,modis_pretrained,encoder,xgb1,xgb2,development,238,321.53670734774727,245.14579247298866,154.90328540660636,344.61742137686394,321.0247170115537,339.16266727289116,0.6974789915966386,327.17888827097806
xgb1__hier__modis_pretrained__encoder__xgb1__xgb2,hierarchy,modis_pretrained,encoder,xgb1,xgb2,late,238,532.4070978966316,446.2276681227522,417.29331477365673,568.9343817404476,528.3599817158979,593.8813340515261,0.4579831932773109,540.5271398124022
xgb1__hier__modis_pretrained__encoder__xgb1__xgb2,hierarchy,modis_pretrained,encoder,xgb1,xgb2,four_year,476,439.79721012231556,345.68673029787044,286.09830009013154,470.34428764620094,424.6923493637258,593.8813340515261,0.5777310924369747,443.65776431363946
xgb1__hier__modis_pretrained__encoder__xgb1__zero,hierarchy,modis_pretrained,encoder,xgb1,zero,development,238,323.9199472191204,246.61757123403748,158.71574631916167,347.4650759485243,323.2763337716778,343.68574899065294,0.6848739495798319,329.6453260396107
xgb1__hier__modis_pretrained__encoder__xgb1__zero,hierarchy,modis_pretrained,encoder,xgb1,zero,late,238,535.7520286786809,449.48235264097184,421.18611068117156,571.91542067007,531.6218438710785,598.0180135831694,0.4579831932773109,543.7603304746276
xgb1__hier__modis_pretrained__encoder__xgb1__zero,hierarchy,modis_pretrained,encoder,xgb1,zero,four_year,476,442.6931038765794,348.04996193750463,289.9509285001666,473.1908850581005,427.4490888213781,598.0180135831694,0.5714285714285714,446.50654540815935
xgb1__hier__modis_pretrained__history__extra__extra,hierarchy,modis_pretrained,history,extra,extra,development,238,273.2039447553883,209.75857533628536,-12.826704683967408,279.5826754161909,272.5512512128761,291.424801281715,0.7142857142857143,274.6354540349609
xgb1__hier__modis_pretrained__history__extra__extra,hierarchy,modis_pretrained,history,extra,extra,late,238,399.99613247098796,304.8321947285556,231.94392918610455,438.9641618241581,398.30307407832527,435.06674053726647,0.5714285714285714,409.3148752111148
xgb1__hier__modis_pretrained__history__extra__extra,hierarchy,modis_pretrained,history,extra,extra,four_year,476,342.5181027490762,257.29538503242054,109.55861225106858,368.00544001336505,335.4271626456007,435.06674053726647,0.6428571428571429,347.1172020392795
xgb1__hier__modis_pretrained__history__extra__ridge100,hierarchy,modis_pretrained,history,extra,ridge100,development,238,350.50332984397437,278.15056626195764,-128.0061780189504,354.09836216585376,346.1501361579108,401.21979631278816,0.7100840336134454,350.31378950292833
xgb1__hier__modis_pretrained__history__extra__ridge100,hierarchy,modis_pretrained,history,extra,ridge100,late,238,457.83764618475743,369.9128619089885,309.61833222110323,468.90239994965356,456.10952147433557,495.85137201569466,0.6386554621848739,460.17180344837595
xgb1__hier__modis_pretrained__history__extra__ridge100,hierarchy,modis_pretrained,history,extra,ridge100,four_year,476,407.7179751345978,324.031714085473,90.80607710107643,415.4847234057379,401.1298288161232,495.85137201569466,0.6743697478991597,408.0126256227642
xgb1__hier__modis_pretrained__history__extra__ridge1000,hierarchy,modis_pretrained,history,extra,ridge1000,development,238,287.90117797243465,221.94823768513302,-66.59762309373198,289.0265109811557,287.0195087320145,309.5337239115069,0.7142857142857143,287.96209391450986
xgb1__hier__modis_pretrained__history__extra__ridge1000,hierarchy,modis_pretrained,history,extra,ridge1000,late,238,427.4439592356785,344.0316781152003,292.1380984475837,446.12892625617064,427.0316807612202,445.80085531205714,0.5882352941176471,432.012131372187
xgb1__hier__modis_pretrained__history__extra__ridge1000,hierarchy,modis_pretrained,history,extra,ridge1000,four_year,476,364.41420565407975,282.98995790016664,112.77023767692583,375.87720261571053,357.02559474661734,445.80085531205714,0.6512605042016807,365.43280216762184
xgb1__hier__modis_pretrained__history__extra__xgb1,hierarchy,modis_pretrained,history,extra,xgb1,development,238,275.08414884038734,207.57825399135527,2.2877369711495246,286.5877150424477,274.1208622547728,297.121771365942,0.7394957983193278,277.7192187444988
xgb1__hier__modis_pretrained__history__extra__xgb1,hierarchy,modis_pretrained,history,extra,xgb1,late,238,403.1376079215231,312.39457383521443,240.64270917963793,435.3467986007645,401.42415392770283,438.5533818231984,0.5798319327731093,410.76154209287836
xgb1__hier__modis_pretrained__history__extra__xgb1,hierarchy,modis_pretrained,history,extra,xgb1,four_year,476,345.1023180622872,259.9864139132848,121.46522307539375,368.55077904217336,337.7725080912378,438.5533818231984,0.6596638655462185,349.1319808144964
xgb1__hier__modis_pretrained__history__extra__xgb2,hierarchy,modis_pretrained,history,extra,xgb2,development,238,274.38241999504004,207.19732275614325,-0.09005059174488955,285.58827540412835,273.4306471806879,296.26469160310046,0.7478991596638656,276.9459406437241
xgb1__hier__modis_pretrained__history__extra__xgb2,hierarchy,modis_pretrained,history,extra,xgb2,late,238,402.09401717932326,311.22752429319803,239.12208953327396,434.42420918802253,400.3943584296503,437.32613863470726,0.5798319327731093,409.75165049407985
xgb1__hier__modis_pretrained__history__extra__xgb2,hierarchy,modis_pretrained,history,extra,xgb2,four_year,476,344.2130961001778,259.21242352467067,119.51601947076455,367.61736668507854,336.9125028051691,437.32613863470726,0.6638655462184874,348.2390154226508
xgb1__hier__modis_pretrained__history__extra__zero,hierarchy,modis_pretrained,history,extra,zero,development,238,275.1696952614062,207.58886405248265,3.59067280099542,286.68578132449795,274.2015214374536,297.2641932610051,0.7352941176470589,277.806673321191
xgb1__hier__modis_pretrained__history__extra__zero,hierarchy,modis_pretrained,history,extra,zero,late,238,404.64476664676,313.92127792837545,242.83569659701558,436.9328090181996,402.898593187092,440.45003500325936,0.5798319327731093,412.2802338747029
xgb1__hier__modis_pretrained__history__extra__zero,hierarchy,modis_pretrained,history,extra,zero,four_year,476,346.0171587977004,260.75507099042903,123.21318469900551,369.5260591691554,338.55005731227277,440.45003500325936,0.657563025210084,350.0276085192072
xgb1__hier__modis_pretrained__history__ridge1000__extra,hierarchy,modis_pretrained,history,ridge1000,extra,development,238,309.9413579150954,235.42828675370916,134.72444256366217,333.8461386380376,309.1187424590359,331.68527535174053,0.680672268907563,315.71189923181606
xgb1__hier__modis_pretrained__history__ridge1000__extra,hierarchy,modis_pretrained,history,ridge1000,extra,late,238,527.4007602992743,437.687352201856,408.79414805717033,575.0051423789524,523.5593510407193,587.0980628790426,0.46218487394957986,538.3415035045551
xgb1__hier__modis_pretrained__history__ridge1000__extra,hierarchy,modis_pretrained,history,ridge1000,extra,four_year,476,432.5593643134465,336.55781947778263,271.75929531041623,470.1511236005755,416.33904674987764,587.0980628790426,0.5714285714285714,437.90222474433654
xgb1__hier__modis_pretrained__history__ridge1000__ridge100,hierarchy,modis_pretrained,history,ridge1000,ridge100,development,238,334.86553643300084,270.0107007216155,15.532207801054598,346.3764789796784,333.51366088511793,363.5730270389139,0.6554621848739496,337.4053031826995
xgb1__hier__modis_pretrained__history__ridge1000__ridge100,hierarchy,modis_pretrained,history,ridge1000,ridge100,late,238,596.7607921767526,509.95335488274486,489.4208379023128,612.8187371773965,595.581072014724,633.0861348358625,0.5504201680672269,600.4803483864064
xgb1__hier__modis_pretrained__history__ridge1000__ridge100,hierarchy,modis_pretrained,history,ridge1000,ridge100,four_year,476,483.86897532802556,389.98202780218014,252.4765228516837,497.75670252948805,464.547366449921,633.0861348358625,0.6029411764705882,482.5105049088651
xgb1__hier__modis_pretrained__history__ridge1000__ridge1000,hierarchy,modis_pretrained,history,ridge1000,ridge1000,development,238,297.1081815720392,225.63138402826587,79.10644050280418,308.6108837887857,296.46432271889,316.0136682801531,0.6974789915966386,299.82289241293853
xgb1__hier__modis_pretrained__history__ridge1000__ridge1000,hierarchy,modis_pretrained,history,ridge1000,ridge1000,late,238,567.6720039490742,491.1220990821155,471.37025892399237,592.5089764499371,567.6264940439111,574.8144928596897,0.49159663865546216,573.8698695979991
xgb1__hier__modis_pretrained__history__ridge1000__ridge1000,hierarchy,modis_pretrained,history,ridge1000,ridge1000,four_year,476,453.05892311298845,358.3767415551906,275.2383497133983,472.39155621509974,432.04540838140053,574.8144928596897,0.5945378151260504,452.63870270561927
xgb1__hier__modis_pretrained__history__ridge1000__xgb1,hierarchy,modis_pretrained,history,ridge1000,xgb1,development,238,320.26864489726273,243.42688336145628,150.5244407814076,344.76437570676416,319.7491640774293,337.9831152705779,0.6932773109243697,326.26270739467975
xgb1__hier__modis_pretrained__history__ridge1000__xgb1,hierarchy,modis_pretrained,history,ridge1000,xgb1,late,238,533.5324603360535,446.8502312946876,418.00385685068886,571.7827923669489,529.443263041333,595.3729032071071,0.4579831932773109,542.0727440200973
xgb1__hier__modis_pretrained__history__ridge1000__xgb1,hierarchy,modis_pretrained,history,ridge1000,xgb1,four_year,476,440.0164151123067,345.13855732807195,284.26414881604825,472.12182559346917,424.59621355938117,595.3729032071071,0.5756302521008403,444.1877173443659
xgb1__hier__modis_pretrained__history__ridge1000__xgb2,hierarchy,modis_pretrained,history,ridge1000,xgb2,development,238,318.59692271218324,242.34602713070092,148.06433806692814,342.7860212689365,318.1415759471703,335.16910705193607,0.6890756302521008,324.5303606601183
xgb1__hier__modis_pretrained__history__ridge1000__xgb2,hierarchy,modis_pretrained,history,ridge1000,xgb2,late,238,532.1680788614441,445.5370965359314,416.40474425147494,570.7266132922886,528.1237147248328,593.6081106090717,0.4579831932773109,540.7966214350024
xgb1__hier__modis_pretrained__history__ridge1000__xgb2,hierarchy,modis_pretrained,history,ridge1000,xgb2,four_year,476,438.5811574388217,343.94156183331614,282.23454115920157,470.7606204311663,423.1326453360015,593.6081106090717,0.5735294117647058,442.76389516120275
xgb1__hier__modis_pretrained__history__ridge1000__zero,hierarchy,modis_pretrained,history,ridge1000,zero,development,238,320.89077571132964,243.72974375428112,151.86769015692857,345.5815639064375,320.3175856115766,339.4887693149678,0.6974789915966386,326.92017523516836
xgb1__hier__modis_pretrained__history__ridge1000__zero,hierarchy,modis_pretrained,history,ridge1000,zero,late,238,535.4939094569211,448.7732829809132,420.2948336140191,573.6944358717138,531.3655703859773,597.7309052667878,0.46218487394957986,544.0119562928833
xgb1__hier__modis_pretrained__history__ridge1000__zero,hierarchy,modis_pretrained,history,ridge1000,zero,four_year,476,441.4321108630839,346.25151336759717,286.08126188547385,473.5778304894472,425.841577998777,597.7309052667878,0.5798319327731093,445.570907553598
xgb1__hier__modis_pretrained__history__ridge100__extra,hierarchy,modis_pretrained,history,ridge100,extra,development,238,304.02162797084054,233.02096908779933,100.71631286822979,332.7301990545582,303.59534541428525,319.68933549819513,0.680672268907563,311.0922001026311
xgb1__hier__modis_pretrained__history__ridge100__extra,hierarchy,modis_pretrained,history,ridge100,extra,late,238,537.7836906552405,444.5371323621447,415.1845279189956,599.0401274917642,533.8328310652896,598.9005374301929,0.4579831932773109,552.1100849668837
xgb1__hier__modis_pretrained__history__ridge100__extra,hierarchy,modis_pretrained,history,ridge100,extra,four_year,476,436.829742696632,338.779050724972,257.9504203936127,484.5402252178012,418.71408823978743,598.9005374301929,0.569327731092437,444.2284497127132
xgb1__hier__modis_pretrained__history__ridge100__ridge100,hierarchy,modis_pretrained,history,ridge100,ridge100,development,238,342.5044369971397,276.3744674717468,-17.32579235451043,354.38776849193414,341.3645277869051,369.28492412275466,0.6890756302521008,345.1902925682797
xgb1__hier__modis_pretrained__history__ridge100__ridge100,hierarchy,modis_pretrained,history,ridge100,ridge100,late,238,605.7975448117907,517.9383240101097,495.7591862194136,636.7525608021455,604.408923349774,645.403053114419,0.5294117647058824,613.1891434438752
xgb1__hier__modis_pretrained__history__ridge100__ridge100,hierarchy,modis_pretrained,history,ridge100,ridge100,four_year,476,492.08736757953926,397.15639574092825,239.21669693245158,515.288518281158,472.88672556833956,645.403053114419,0.6092436974789915,493.08749475214404
xgb1__hier__modis_pretrained__history__ridge100__ridge1000,hierarchy,modis_pretrained,history,ridge100,ridge1000,development,238,295.18483910550714,227.81159241101477,45.44105349629619,309.09801731261047,294.7941990892831,309.97541844255886,0.7058823529411765,298.56547365322695
xgb1__hier__modis_pretrained__history__ridge100__ridge1000,hierarchy,modis_pretrained,history,ridge100,ridge1000,late,238,576.9006406082925,498.41719932874673,477.7000565172086,616.2894210153028,576.8446067022278,584.8850577350038,0.4789915966386555,586.7338272335289
xgb1__hier__modis_pretrained__history__ridge100__ridge1000,hierarchy,modis_pretrained,history,ridge100,ridge1000,four_year,476,458.22943945800904,363.11439586988075,261.5705550067524,487.5214019722436,435.81940289575545,584.8850577350038,0.592436974789916,459.9499209460043
xgb1__hier__modis_pretrained__history__ridge100__xgb1,hierarchy,modis_pretrained,history,ridge100,xgb1,development,238,311.2101856014736,237.58638328264186,116.2646398112481,342.18403303997536,311.00075729906,322.4160357238207,0.6932773109243697,318.90129038549566
xgb1__hier__modis_pretrained__history__ridge100__xgb1,hierarchy,modis_pretrained,history,ridge100,xgb1,late,238,542.7343607148766,452.86998811882,424.28457590744244,594.8200113410045,538.5439693639065,605.8565191770992,0.4579831932773109,554.708175533666
xgb1__hier__modis_pretrained__history__ridge100__xgb1,hierarchy,modis_pretrained,history,ridge100,xgb1,four_year,476,442.3869154499766,345.22818570073093,270.2746078593453,485.23229404029547,424.77236333148323,605.8565191770992,0.5756302521008403,448.694622067933
xgb1__hier__modis_pretrained__history__ridge100__xgb2,hierarchy,modis_pretrained,history,ridge100,xgb2,development,238,309.9167611660152,236.99040033698932,113.84015097250462,340.38994084710725,309.731760758605,320.43854501005995,0.6932773109243697,317.48880598443566
xgb1__hier__modis_pretrained__history__ridge100__xgb2,hierarchy,modis_pretrained,history,ridge100,xgb2,late,238,541.4334833082465,451.61858685639265,422.6905857906107,593.8193223820622,537.2944913888975,604.1139973018207,0.4579831932773109,553.4951950968632
xgb1__hier__modis_pretrained__history__ridge100__xgb2,hierarchy,modis_pretrained,history,ridge100,xgb2,four_year,476,441.13411549036545,344.304493596691,268.26536838155766,483.9869313649846,423.51312607375127,604.1139973018207,0.5756302521008403,447.44207210486667
xgb1__hier__modis_pretrained__history__ridge100__zero,hierarchy,modis_pretrained,history,ridge100,zero,development,238,311.6582870655884,237.61982531399883,117.5919278120358,342.9155634638608,311.42518472012915,323.47683268587036,0.6932773109243697,319.4143305787917
xgb1__hier__modis_pretrained__history__ridge100__zero,hierarchy,modis_pretrained,history,ridge100,zero,late,238,544.6649513220342,454.80662714593416,426.57452481155053,596.7176426719559,540.4338700090061,608.1918315022695,0.4579831932773109,556.6203538312576
xgb1__hier__modis_pretrained__history__ridge100__zero,hierarchy,modis_pretrained,history,ridge100,zero,four_year,476,443.72896969619336,346.2132262299665,272.08322631179317,486.6533821631743,425.92952736456766,608.1918315022695,0.5756302521008403,450.01021223003215
xgb1__hier__modis_pretrained__history__ridge10__extra,hierarchy,modis_pretrained,history,ridge10,extra,development,238,330.36874830073793,261.1288256443134,53.95599026502141,365.09537887524334,330.0700135412502,344.116223516728,0.6638655462184874,338.9757222544923
xgb1__hier__modis_pretrained__history__ridge10__extra,hierarchy,modis_pretrained,history,ridge10,extra,late,238,580.4333716877421,477.8666945705052,448.8745885891512,668.489851944934,574.9355990278672,654.6347579899794,0.4579831932773109,601.0730485870714
xgb1__hier__modis_pretrained__history__ridge10__extra,hierarchy,modis_pretrained,history,ridge10,extra,four_year,476,472.2533265222156,369.49776010740936,251.41528942708638,538.5969354858127,452.50280628455874,654.6347579899794,0.5609243697478992,483.9015987037007
xgb1__hier__modis_pretrained__history__ridge10__ridge100,hierarchy,modis_pretrained,history,ridge10,ridge100,development,238,381.1348623873491,306.7025509564653,-62.43022489188298,389.7868749837838,380.26005471868496,406.068466377798,0.6848739495798319,383.07916361929176
xgb1__hier__modis_pretrained__history__ridge10__ridge100,hierarchy,modis_pretrained,history,ridge10,ridge100,late,238,643.6044731885727,551.3807796927863,529.3660000909812,702.4967576183748,642.6075458035637,678.4162037602796,0.5,658.0783124497709
xgb1__hier__modis_pretrained__history__ridge10__ridge100,hierarchy,modis_pretrained,history,ridge10,ridge100,four_year,476,528.9094918959971,429.0416653246258,233.4678875995491,568.0825214587901,511.4338002611243,678.4162037602796,0.592436974789916,534.3338263779772
xgb1__hier__modis_pretrained__history__ridge10__ridge1000,hierarchy,modis_pretrained,history,ridge10,ridge1000,development,238,324.6111523570585,257.36559608298984,-0.9653843586230942,339.04805697783473,324.2300648316533,339.95473633344807,0.6974789915966386,328.1251066309012
xgb1__hier__modis_pretrained__history__ridge10__ridge1000,hierarchy,modis_pretrained,history,ridge10,ridge1000,late,238,616.405484178281,531.5852205720713,511.3461252598497,683.7209135083696,616.4012297273223,618.6914078220891,0.47478991596638653,633.2332778980635
xgb1__hier__modis_pretrained__history__ridge10__ridge1000,hierarchy,modis_pretrained,history,ridge10,ridge1000,four_year,476,492.6094402057468,394.4754083275306,255.1903704506133,539.6424151737724,470.3156472794878,618.6914078220891,0.5861344537815126,498.79423571618844
xgb1__hier__modis_pretrained__history__ridge10__xgb1,hierarchy,modis_pretrained,history,ridge10,xgb1,development,238,331.59054338149804,260.1041146198127,69.0529654894323,371.063716138288,331.5134835968647,338.66181581553275,0.6722689075630253,341.43957162453717
xgb1__hier__modis_pretrained__history__ridge10__xgb1,hierarchy,modis_pretrained,history,ridge10,xgb1,late,238,583.819535463258,485.95413060375745,457.860525247457,662.9219854308783,578.0306801412901,660.0415501764998,0.453781512605042,602.1479341246711
xgb1__hier__modis_pretrained__history__ridge10__xgb1,hierarchy,modis_pretrained,history,ridge10,xgb1,four_year,476,474.7618026171501,373.0291226117851,263.4567453684447,537.1935592512133,454.77208186907734,660.0415501764998,0.5630252100840336,485.3723115886477
xgb1__hier__modis_pretrained__history__ridge10__xgb2,hierarchy,modis_pretrained,history,ridge10,xgb2,development,238,331.01367532045145,260.0022973848344,66.69304538425656,369.5582296766864,330.93088895931464,338.3335899360532,0.6722689075630253,340.629117319226
xgb1__hier__modis_pretrained__history__ridge10__xgb2,hierarchy,modis_pretrained,history,ridge10,xgb2,late,238,582.5813958492696,484.70698755097743,456.2631907938639,661.9665322292337,576.86640886644,658.2680618669823,0.46218487394957986,600.9989331985532
xgb1__hier__modis_pretrained__history__ridge10__xgb2,hierarchy,modis_pretrained,history,ridge10,xgb2,four_year,476,473.7990798000966,372.3546424679059,261.4781180890602,536.0844032954902,453.8986489128773,658.2680618669823,0.5672268907563025,484.39530295214024
xgb1__hier__modis_pretrained__history__ridge10__zero,hierarchy,modis_pretrained,history,ridge10,zero,development,238,331.7523097213034,259.99555765812545,70.35265737788454,371.7356958470806,331.6729244594016,338.930071692832,0.6722689075630253,341.72830993727223
xgb1__hier__modis_pretrained__history__ridge10__zero,hierarchy,modis_pretrained,history,ridge10,zero,late,238,585.7348540670324,487.9043657257554,460.1623241850531,664.8291084374074,579.896435919859,662.391544116482,0.453781512605042,604.0488131228328
xgb1__hier__modis_pretrained__history__ridge10__zero,hierarchy,modis_pretrained,history,ridge10,zero,four_year,476,475.9962784908866,373.9499616919405,265.25749078146885,538.602437328588,455.7846801896303,662.391544116482,0.5630252100840336,486.5949186249979
xgb1__hier__modis_pretrained__history__xgb1__extra,hierarchy,modis_pretrained,history,xgb1,extra,development,238,312.4354047595458,237.53746947005868,141.52462609626545,335.4959218161483,311.5281987451423,335.32028847825205,0.6890756302521008,317.97373252009555
xgb1__hier__modis_pretrained__history__xgb1__extra,hierarchy,modis_pretrained,history,xgb1,extra,late,238,527.4492934350864,438.26798986092035,409.6625738166446,573.0624610977661,523.609575413473,587.1372833879818,0.46218487394957986,537.8926558453529
xgb1__hier__modis_pretrained__history__xgb1__extra,hierarchy,modis_pretrained,history,xgb1,extra,four_year,476,433.4850858405818,337.9027296654895,275.5935999564551,469.5519661734449,417.5688870793076,587.1372833879818,0.5756302521008403,438.522756233479
xgb1__hier__modis_pretrained__history__xgb1__ridge100,hierarchy,modis_pretrained,history,xgb1,ridge100,development,238,334.5781462893336,269.9637581912192,22.11185845482493,345.87280806244604,333.2088379127895,363.4479898720475,0.6722689075630253,337.0594846384757
xgb1__hier__modis_pretrained__history__xgb1__ridge100,hierarchy,modis_pretrained,history,xgb1,ridge100,late,238,597.1002851479028,510.3730781576001,490.3291500118536,610.9819677972976,595.9573345925596,632.8843689852466,0.5504201680672269,600.2849681714157
xgb1__hier__modis_pretrained__history__xgb1__ridge100,hierarchy,modis_pretrained,history,xgb1,ridge100,four_year,476,483.9789698417244,390.1684181744097,256.2205042333393,496.45088595472345,464.58308625267455,632.8843689852466,0.6113445378151261,482.2479779727117
xgb1__hier__modis_pretrained__history__xgb1__ridge1000,hierarchy,modis_pretrained,history,xgb1,ridge1000,development,238,298.7335505946313,226.56502096105976,85.83295837967289,309.6938660069236,298.03600654299163,318.43877730534064,0.7016806722689075,301.29924343479445
xgb1__hier__modis_pretrained__history__xgb1__ridge1000,hierarchy,modis_pretrained,history,xgb1,ridge1000,late,238,567.9909289887162,491.6939261098349,472.2728280351044,590.7006814341214,567.9485599677021,574.8860410724266,0.49159663865546216,573.657774844814
xgb1__hier__modis_pretrained__history__xgb1__ridge1000,hierarchy,modis_pretrained,history,xgb1,ridge1000,four_year,476,453.79259010275825,359.12947353544735,279.0528932073886,471.61296933452206,432.9922832553468,574.8860410724266,0.5966386554621849,453.0476081988464
xgb1__hier__modis_pretrained__history__xgb1__xgb1,hierarchy,modis_pretrained,history,xgb1,xgb1,development,238,323.26848939976276,246.312518328126,157.36964110402346,346.62899372821437,322.68450179976315,342.1068738753662,0.6890756302521008,328.96261858187574
xgb1__hier__modis_pretrained__history__xgb1__xgb1,hierarchy,modis_pretrained,history,xgb1,xgb1,late,238,533.783054590277,447.55839135862317,418.89398337838526,569.9996934409583,529.6918054935667,595.6534652717448,0.4579831932773109,541.8144020287697
xgb1__hier__modis_pretrained__history__xgb1__xgb1,hierarchy,modis_pretrained,history,xgb1,xgb1,four_year,476,441.26345056356706,346.93545484337454,288.13181224120433,471.72624996698084,426.1881536466649,595.6534652717448,0.5735294117647058,445.11032618519494
xgb1__hier__modis_pretrained__history__xgb1__xgb2,hierarchy,modis_pretrained,history,xgb1,xgb2,development,238,321.53670734774727,245.14579247298866,154.90328540660636,344.61742137686394,321.0247170115537,339.16266727289116,0.6974789915966386,327.17888827097806
xgb1__hier__modis_pretrained__history__xgb1__xgb2,hierarchy,modis_pretrained,history,xgb1,xgb2,late,238,532.4070978966316,446.2276681227522,417.29331477365673,568.9343817404476,528.3599817158979,593.8813340515261,0.4579831932773109,540.5271398124022
xgb1__hier__modis_pretrained__history__xgb1__xgb2,hierarchy,modis_pretrained,history,xgb1,xgb2,four_year,476,439.79721012231556,345.68673029787044,286.09830009013154,470.34428764620094,424.6923493637258,593.8813340515261,0.5777310924369747,443.65776431363946
xgb1__hier__modis_pretrained__history__xgb1__zero,hierarchy,modis_pretrained,history,xgb1,zero,development,238,323.9199472191204,246.61757123403748,158.71574631916167,347.4650759485243,323.2763337716778,343.68574899065294,0.6848739495798319,329.6453260396107
xgb1__hier__modis_pretrained__history__xgb1__zero,hierarchy,modis_pretrained,history,xgb1,zero,late,238,535.7520286786809,449.48235264097184,421.18611068117156,571.91542067007,531.6218438710785,598.0180135831694,0.4579831932773109,543.7603304746276
xgb1__hier__modis_pretrained__history__xgb1__zero,hierarchy,modis_pretrained,history,xgb1,zero,four_year,476,442.6931038765794,348.04996193750463,289.9509285001666,473.1908850581005,427.4490888213781,598.0180135831694,0.5714285714285714,446.50654540815935
xgb1__hier__modis_pretrained__physical__extra__extra,hierarchy,modis_pretrained,physical,extra,extra,development,238,386.66935453694447,310.3690842177106,195.77847080447236,423.99076949026175,379.11892927437975,455.1585715924832,0.6764705882352942,394.1121019596326
xgb1__hier__modis_pretrained__physical__extra__extra,hierarchy,modis_pretrained,physical,extra,extra,late,238,497.3213377187261,389.5676833298132,329.1437476733532,557.6181123720922,483.9840694831284,598.3865757358044,0.47478991596638653,509.06121432316826
xgb1__hier__modis_pretrained__physical__extra__extra,hierarchy,modis_pretrained,physical,extra,extra,four_year,476,445.4445547362547,349.96838377376184,262.46110923891274,495.3312688788986,431.5514993787541,598.3865757358044,0.5756302521008403,454.4429694325405
xgb1__hier__modis_pretrained__physical__extra__ridge100,hierarchy,modis_pretrained,physical,extra,ridge100,development,238,436.6982026008528,359.0364056838458,79.28290474147202,493.59669458768474,436.34413171254414,453.9259084953793,0.6764705882352942,450.8343078754836
xgb1__hier__modis_pretrained__physical__extra__ridge100,hierarchy,modis_pretrained,physical,extra,ridge100,late,238,531.8433296598694,441.5100503216208,405.60521800739974,545.9464683306676,531.1112105229283,559.0076146024177,0.5336134453781513,535.1860845433337
xgb1__hier__modis_pretrained__physical__extra__ridge100,hierarchy,modis_pretrained,physical,extra,ridge100,four_year,476,486.6018122954907,400.2732280027333,242.4440613744359,520.4302274035476,483.7276711177362,559.0076146024177,0.6050420168067226,494.3403807780663
xgb1__hier__modis_pretrained__physical__extra__ridge1000,hierarchy,modis_pretrained,physical,extra,ridge1000,development,238,381.46031326404,307.995065413291,140.57797029285754,418.3547366896578,378.0963126071101,428.6447941709116,0.7016806722689075,389.842918956212
xgb1__hier__modis_pretrained__physical__extra__ridge1000,hierarchy,modis_pretrained,physical,extra,ridge1000,late,238,514.5701833765042,423.33065019286965,389.00606134004346,545.3918354857451,511.62274878804226,566.6194445314861,0.4789915966386555,521.538737756699
xgb1__hier__modis_pretrained__physical__extra__ridge1000,hierarchy,modis_pretrained,physical,extra,ridge1000,four_year,476,452.93180734831856,365.6628578030803,264.7920158164505,486.04163398066163,444.8595306975762,566.6194445314861,0.5903361344537815,459.19119484371873
xgb1__hier__modis_pretrained__physical__extra__xgb1,hierarchy,modis_pretrained,physical,extra,xgb1,development,238,406.5097008076216,325.18370152210565,212.53390499786906,445.3688029833941,398.12044726295585,480.2803299420713,0.6890756302521008,414.12716296539827
xgb1__hier__modis_pretrained__physical__extra__xgb1,hierarchy,modis_pretrained,physical,extra,xgb1,late,238,502.9289108447471,400.03252614283406,338.23593410470545,555.422083188152,489.7515330881632,604.1234055100022,0.47058823529411764,512.7578594914523
xgb1__hier__modis_pretrained__physical__extra__xgb1,hierarchy,modis_pretrained,physical,extra,xgb1,four_year,476,457.26776959139903,362.6081138324699,275.3849195512872,503.4118895913801,443.93599017555954,604.1234055100022,0.5798319327731093,465.4708547374344
xgb1__hier__modis_pretrained__physical__extra__xgb2,hierarchy,modis_pretrained,physical,extra,xgb2,development,238,405.6966000628906,324.9249186964078,210.12341111140438,444.27197763715236,397.16638806268514,479.9226053265836,0.6974789915966386,413.2078914564047
xgb1__hier__modis_pretrained__physical__extra__xgb2,hierarchy,modis_pretrained,physical,extra,xgb2,late,238,501.45708799374387,398.31737045426877,336.64208088580097,554.0299219900728,488.3011173512043,602.4117211211026,0.46638655462184875,511.3113038321912
xgb1__hier__modis_pretrained__physical__extra__xgb2,hierarchy,modis_pretrained,physical,extra,xgb2,four_year,476,456.09699757932765,361.62114457533835,273.3827459986027,502.15871224840487,442.7337527069447,602.4117211211026,0.5819327731092437,464.27161502850123
xgb1__hier__modis_pretrained__physical__extra__zero,hierarchy,modis_pretrained,physical,extra,zero,development,238,406.30994995019165,324.93734922837416,213.81579987015573,445.2714866634357,398.0021328513752,479.7461092305771,0.6890756302521008,413.9733798537985
xgb1__hier__modis_pretrained__physical__extra__zero,hierarchy,modis_pretrained,physical,extra,zero,late,238,504.7799745516419,401.9497894771515,340.4980915444109,557.314394948714,491.5276506503661,606.4336616092706,0.46638655462184875,514.600498675591
xgb1__hier__modis_pretrained__physical__extra__zero,hierarchy,modis_pretrained,physical,extra,zero,four_year,476,458.19788199907885,363.44356935276284,277.1569457072833,504.41353652163093,444.7648917508707,606.4336616092706,0.5777310924369747,466.3935480676648
xgb1__hier__modis_pretrained__physical__ridge1000__extra,hierarchy,modis_pretrained,physical,ridge1000,extra,development,238,380.06028462845853,303.6846446995373,183.19485302164478,422.1119066741347,373.7903492928182,442.54058367363984,0.680672268907563,389.00570630596746
xgb1__hier__modis_pretrained__physical__ridge1000__extra,hierarchy,modis_pretrained,physical,ridge1000,extra,late,238,439.6174857186478,341.02552285947957,260.84029370143713,487.83642277999235,431.41563039549624,515.9383350377525,0.48739495798319327,449.62175615319603
xgb1__hier__modis_pretrained__physical__ridge1000__extra,hierarchy,modis_pretrained,physical,ridge1000,extra,four_year,476,410.9193069821923,322.35508377950845,222.0175733615409,456.15942232231305,402.6029898441572,515.9383350377525,0.5840336134453782,420.15025653271374
xgb1__hier__modis_pretrained__physical__ridge1000__ridge100,hierarchy,modis_pretrained,physical,ridge1000,ridge100,development,238,432.4866865240669,354.83271271961945,66.91634235848005,491.01449523501674,432.31813676489264,444.3913569110701,0.6764705882352942,447.07650126201077
xgb1__hier__modis_pretrained__physical__ridge1000__ridge100,hierarchy,modis_pretrained,physical,ridge1000,ridge100,late,238,474.87782688526016,385.5900883616211,336.76206130362345,484.38470600994606,474.68165954183456,488.3298301839753,0.5966386554621849,477.20550483057525
xgb1__hier__modis_pretrained__physical__ridge1000__ridge100,hierarchy,modis_pretrained,physical,ridge1000,ridge100,four_year,476,454.177104491097,370.2114005406203,201.83920183105175,487.7108661631603,453.4998981533636,488.3298301839753,0.6365546218487395,462.39124332467946
xgb1__hier__modis_pretrained__physical__ridge1000__ridge1000,hierarchy,modis_pretrained,physical,ridge1000,ridge1000,development,238,375.7860885539692,301.9208378274506,128.10006140523888,416.45831823841854,373.21185263744565,417.1219585541608,0.7058823529411765,385.31058699595064
xgb1__hier__modis_pretrained__physical__ridge1000__ridge1000,hierarchy,modis_pretrained,physical,ridge1000,ridge1000,late,238,454.55108192873746,367.29753386252617,320.09542199536315,478.21428441302305,453.1961588056477,488.2664842445704,0.542016806722689,460.1281517690364
xgb1__hier__modis_pretrained__physical__ridge1000__ridge1000,hierarchy,modis_pretrained,physical,ridge1000,ridge1000,four_year,476,417.03229517225486,334.60918584498836,224.09774170030104,448.40073184966565,413.20400572154665,488.2664842445704,0.6239495798319328,423.9173319789305
xgb1__hier__modis_pretrained__physical__ridge1000__xgb1,hierarchy,modis_pretrained,physical,ridge1000,xgb1,development,238,399.0847170931895,317.78732475272625,199.8479769941291,443.19630319499686,392.00051145006256,466.861786086823,0.6932773109243697,408.34156220785957
xgb1__hier__modis_pretrained__physical__ridge1000__xgb1,hierarchy,modis_pretrained,physical,ridge1000,xgb1,late,238,444.5531536614115,349.6483271434363,269.75792743629347,485.7162184094275,436.28709941296984,521.6163049414637,0.5084033613445378,452.7774062863051
xgb1__hier__modis_pretrained__physical__ridge1000__xgb1,hierarchy,modis_pretrained,physical,ridge1000,xgb1,four_year,476,422.43112920786126,333.7178259480813,234.80295221521126,464.94258139670654,414.14380543151617,521.6163049414637,0.6008403361344538,430.98716131098627
xgb1__hier__modis_pretrained__physical__ridge1000__xgb2,hierarchy,modis_pretrained,physical,ridge1000,xgb2,development,238,398.2795418338163,317.6134950350995,197.44063509107497,442.0862611633593,391.0792789167051,466.4688739901938,0.6974789915966386,407.43115593692426
xgb1__hier__modis_pretrained__physical__ridge1000__xgb2,hierarchy,modis_pretrained,physical,ridge1000,xgb2,late,238,443.2631550719146,348.20449171318256,268.2034352685684,484.4748470558095,435.0299133406845,520.0663710697356,0.5084033613445378,451.5077676350808
xgb1__hier__modis_pretrained__physical__ridge1000__xgb2,hierarchy,modis_pretrained,physical,ridge1000,xgb2,four_year,476,421.3720553665507,332.908993374141,232.82203517982165,463.7651020393557,413.0545961286948,520.0663710697356,0.6029411764705882,429.89095222528795
xgb1__hier__modis_pretrained__physical__ridge1000__zero,hierarchy,modis_pretrained,physical,ridge1000,zero,development,238,398.8979480736642,317.5519125654783,201.13056934092526,443.1184112292944,391.8802826549395,466.37469213420457,0.6932773109243697,408.1986475078906
xgb1__hier__modis_pretrained__physical__ridge1000__zero,hierarchy,modis_pretrained,physical,ridge1000,zero,late,238,446.21335642027657,351.26582027049017,271.978355235782,487.46538723485315,437.8599102081005,523.7962731774685,0.5084033613445378,454.4380025708767
xgb1__hier__modis_pretrained__physical__ridge1000__zero,hierarchy,modis_pretrained,physical,ridge1000,zero,four_year,476,423.2173982867602,334.4088664179842,236.55446228835362,465.81993845390485,414.87009643152,523.7962731774685,0.6008403361344538,431.7812078647363
xgb1__hier__modis_pretrained__physical__ridge100__extra,hierarchy,modis_pretrained,physical,ridge100,extra,development,238,437.67774604070667,344.45447629424774,149.11990790822512,517.1135291629686,424.2420485728191,531.8547504346863,0.6890756302521008,454.1777674543003
xgb1__hier__modis_pretrained__physical__ridge100__extra,hierarchy,modis_pretrained,physical,ridge100,extra,late,238,386.0023196962537,305.39409786911153,-162.08529692592862,395.8235428976421,380.6887580251147,444.5155574449865,0.6596638655462185,387.129235078816
xgb1__hier__modis_pretrained__physical__ridge100__extra,hierarchy,modis_pretrained,physical,ridge100,extra,four_year,476,412.6497305161862,324.92428708167967,-6.482694508851743,460.47946705332146,402.46540329896686,531.8547504346863,0.6743697478991597,422.06108284616516
xgb1__hier__modis_pretrained__physical__ridge100__ridge100,hierarchy,modis_pretrained,physical,ridge100,ridge100,development,238,514.0623877150716,416.02863956533946,36.46280453387446,611.0092240608135,513.0581096188803,545.1753108920539,0.6848739495798319,538.0480272774593
xgb1__hier__modis_pretrained__physical__ridge100__ridge100,hierarchy,modis_pretrained,physical,ridge100,ridge100,late,238,343.5685687612573,260.88946646743443,-93.98021147349363,330.2226603022739,343.125465848806,360.56897830182544,0.7226890756302521,340.12131591839864
xgb1__hier__modis_pretrained__physical__ridge100__ridge100,hierarchy,modis_pretrained,physical,ridge100,ridge100,four_year,476,437.2067588132527,338.4590530163869,-28.75870346980958,491.1106175112224,428.09178773384315,545.1753108920539,0.7037815126050421,448.40398071789275
xgb1__hier__modis_pretrained__physical__ridge100__ridge1000,hierarchy,modis_pretrained,physical,ridge100,ridge1000,development,238,441.34715612093504,351.70032591316124,94.93842365975082,519.9163308361578,435.84371994416165,505.32439352518173,0.7100840336134454,459.61359075554736
xgb1__hier__modis_pretrained__physical__ridge100__ridge1000,hierarchy,modis_pretrained,physical,ridge100,ridge1000,late,238,341.04302779737344,261.8965634706962,-108.88585918683822,339.51596919301505,338.6495355875008,378.9836260764412,0.7100840336134454,340.06289009381567
xgb1__hier__modis_pretrained__physical__ridge100__ridge1000,hierarchy,modis_pretrained,physical,ridge100,ridge1000,four_year,476,394.39679196542477,306.79844469192875,-6.973717763543689,439.0809062161582,387.2466277658312,505.32439352518173,0.7100840336134454,403.7802794782097
xgb1__hier__modis_pretrained__physical__ridge100__xgb1,hierarchy,modis_pretrained,physical,ridge100,xgb1,development,238,454.90528234619063,357.87313264635975,165.7601793462595,538.1715828979098,440.55390983747213,553.9164628846926,0.6932773109243697,472.13401435694084
xgb1__hier__modis_pretrained__physical__ridge100__xgb1,hierarchy,modis_pretrained,physical,ridge100,xgb1,late,238,381.09729505182577,299.943259176,-154.3770718337328,395.39617530121825,374.3405186131224,445.7850734810541,0.6638655462184874,382.982821004498
xgb1__hier__modis_pretrained__physical__ridge100__xgb1,hierarchy,modis_pretrained,physical,ridge100,xgb1,four_year,476,419.6271941868673,328.9081959111799,5.691553756263358,472.2111752604303,407.4472142252973,553.9164628846926,0.6785714285714286,429.72819446486557
xgb1__hier__modis_pretrained__physical__ridge100__xgb2,hierarchy,modis_pretrained,physical,ridge100,xgb2,development,238,454.6723480253834,358.1597349689142,163.41589890206217,537.5399351769637,440.4609149149136,553.2488863091745,0.6932773109243697,471.83638653566106
xgb1__hier__modis_pretrained__physical__ridge100__xgb2,hierarchy,modis_pretrained,physical,ridge100,xgb2,late,238,381.19886583603153,299.9580757170805,-155.7521588479336,394.78871023908226,374.55878866223884,445.39867255932796,0.6680672268907563,382.936307643346
xgb1__hier__modis_pretrained__physical__ridge100__xgb2,hierarchy,modis_pretrained,physical,ridge100,xgb2,four_year,476,419.54708875976735,329.0589053429973,3.831870027064281,471.59691879946183,407.5098517885762,553.2488863091745,0.680672268907563,429.5502370268932
xgb1__hier__modis_pretrained__physical__ridge100__zero,hierarchy,modis_pretrained,physical,ridge100,zero,development,238,454.37927356613665,357.1304000782095,166.99996689223264,537.7708153618173,439.90951657195893,553.664259224366,0.6932773109243697,471.60971976651234
xgb1__hier__modis_pretrained__physical__ridge100__zero,hierarchy,modis_pretrained,physical,ridge100,zero,late,238,380.65117181945044,299.5536758732304,-152.38655941899336,395.48134435844713,373.9316382640551,445.1386920767261,0.6596638655462185,382.6788315653507
xgb1__hier__modis_pretrained__physical__ridge100__zero,hierarchy,modis_pretrained,physical,ridge100,zero,four_year,476,419.13949876742157,328.34203797572,7.306703736619629,472.01850789480625,406.920577418007,553.664259224366,0.6764705882352942,429.3045207119141
xgb1__hier__modis_pretrained__physical__ridge10__extra,hierarchy,modis_pretrained,physical,ridge10,extra,development,238,395.4026489582095,303.39298978259006,20.70184910112901,467.28468662604723,393.0100914869315,436.4419092315623,0.680672268907563,412.77501900734944
xgb1__hier__modis_pretrained__physical__ridge10__extra,hierarchy,modis_pretrained,physical,ridge10,extra,late,238,701.5262798222492,633.413995794124,-619.4181326155164,691.7498612359475,695.9580789261514,784.1707404814265,0.5714285714285714,697.6901249516493
xgb1__hier__modis_pretrained__physical__ridge10__extra,hierarchy,modis_pretrained,physical,ridge10,extra,four_year,476,569.4218015164215,468.4034927883571,-299.3581417571937,590.2850366031464,544.4840852065415,784.1707404814265,0.6260504201680672,568.4031812106327
xgb1__hier__modis_pretrained__physical__ridge10__ridge100,hierarchy,modis_pretrained,physical,ridge10,ridge100,development,238,501.4286247658687,404.0360143253616,-88.97548114088656,588.3064838588972,500.7094423866448,527.5556719067387,0.6722689075630253,522.9682939443198
xgb1__hier__modis_pretrained__physical__ridge10__ridge100,hierarchy,modis_pretrained,physical,ridge10,ridge100,late,238,648.0216334882656,578.6951267855646,-557.9298457590302,641.7688661332015,648.0196840326478,649.6092044091233,0.5966386554621849,646.4579542855952
xgb1__hier__modis_pretrained__physical__ridge10__ridge100,hierarchy,modis_pretrained,physical,ridge10,ridge100,four_year,476,579.3801442936193,491.3655705554631,-323.4526634499584,615.6183056441362,574.3645632096463,649.6092044091233,0.634453781512605,587.1857893602553
xgb1__hier__modis_pretrained__physical__ridge10__ridge1000,hierarchy,modis_pretrained,physical,ridge10,ridge1000,development,238,413.0890042957603,326.2501126446716,-32.15082535964786,483.50174666579767,413.0380731887452,419.5246413562282,0.6764705882352942,430.67945711151583
xgb1__hier__modis_pretrained__physical__ridge10__ridge1000,hierarchy,modis_pretrained,physical,ridge10,ridge1000,late,238,653.7408347239716,586.6476154809707,-571.749942731663,647.6535619311039,652.7140171216106,689.3403851993348,0.5798319327731093,651.9623121251644
xgb1__hier__modis_pretrained__physical__ridge10__ridge1000,hierarchy,modis_pretrained,physical,ridge10,ridge1000,four_year,476,546.8178876260623,456.44886406282114,-301.95038404565537,571.5020014448434,532.876045155178,689.3403851993348,0.6281512605042017,549.5034554630365
xgb1__hier__modis_pretrained__physical__ridge10__xgb1,hierarchy,modis_pretrained,physical,ridge10,xgb1,development,238,405.1209567913095,309.87267285909996,36.493973307529174,483.8210727675049,402.53709381140897,448.21945077086343,0.6932773109243697,424.15002004038325
xgb1__hier__modis_pretrained__physical__ridge10__xgb1,hierarchy,modis_pretrained,physical,ridge10,xgb1,late,238,695.1157688534814,625.6765240820704,-612.8624169127861,693.8764006687973,688.5096487770359,784.1150652014697,0.5672268907563025,693.1543967881989
xgb1__hier__modis_pretrained__physical__ridge10__xgb1,hierarchy,modis_pretrained,physical,ridge10,xgb1,four_year,476,568.9063726749212,467.7745984705851,-288.18422180262854,598.1418267681105,545.5233712942224,784.1150652014697,0.6302521008403361,570.3694858530439
xgb1__hier__modis_pretrained__physical__ridge10__xgb2,hierarchy,modis_pretrained,physical,ridge10,xgb2,development,238,405.2770921244768,310.6093016294547,34.195828010797335,483.5975062837786,402.8411999625637,447.20885725471095,0.6932773109243697,424.24822262382395
xgb1__hier__modis_pretrained__physical__ridge10__xgb2,hierarchy,modis_pretrained,physical,ridge10,xgb2,late,238,695.9089851144831,626.9030037977649,-614.0416364855564,694.0407115041061,689.4497801158286,784.0453205038694,0.5672268907563025,693.8271154622253
xgb1__hier__modis_pretrained__physical__ridge10__xgb2,hierarchy,modis_pretrained,physical,ridge10,xgb2,four_year,476,569.4465896657656,468.7561527136098,-289.92290423737956,598.1467450839364,546.1454900391961,784.0453205038694,0.6302521008403361,570.7963536136659
xgb1__hier__modis_pretrained__physical__ridge10__zero,hierarchy,modis_pretrained,physical,ridge10,zero,development,238,404.4711176771545,309.0102885906987,37.7238388420462,483.200233638254,401.78364026366694,448.3324474608752,0.6974789915966386,423.4815273140575
xgb1__hier__modis_pretrained__physical__ridge10__zero,hierarchy,modis_pretrained,physical,ridge10,zero,late,238,693.7391512726779,624.0191660855264,-611.1229448865977,692.7997779432161,687.0567719253422,783.1140577503313,0.5672268907563025,691.8337131034785
xgb1__hier__modis_pretrained__physical__ridge10__zero,hierarchy,modis_pretrained,physical,ridge10,zero,four_year,476,567.833996447704,466.51472733811255,-286.6995530222757,597.2662714846005,544.4202060945047,783.1140577503313,0.6323529411764706,569.3386176186282
xgb1__hier__modis_pretrained__physical__xgb1__extra,hierarchy,modis_pretrained,physical,xgb1,extra,development,238,312.4354047595458,237.53746947005868,141.52462609626545,335.4959218161483,311.5281987451423,335.32028847825205,0.6890756302521008,317.97373252009555
xgb1__hier__modis_pretrained__physical__xgb1__extra,hierarchy,modis_pretrained,physical,xgb1,extra,late,238,527.4492934350864,438.26798986092035,409.6625738166446,573.0624610977661,523.609575413473,587.1372833879818,0.46218487394957986,537.8926558453529
xgb1__hier__modis_pretrained__physical__xgb1__extra,hierarchy,modis_pretrained,physical,xgb1,extra,four_year,476,433.4850858405818,337.9027296654895,275.5935999564551,469.5519661734449,417.5688870793076,587.1372833879818,0.5756302521008403,438.522756233479
xgb1__hier__modis_pretrained__physical__xgb1__ridge100,hierarchy,modis_pretrained,physical,xgb1,ridge100,development,238,334.5781462893336,269.9637581912192,22.11185845482493,345.87280806244604,333.2088379127895,363.4479898720475,0.6722689075630253,337.0594846384757
xgb1__hier__modis_pretrained__physical__xgb1__ridge100,hierarchy,modis_pretrained,physical,xgb1,ridge100,late,238,597.1002851479028,510.3730781576001,490.3291500118536,610.9819677972976,595.9573345925596,632.8843689852466,0.5504201680672269,600.2849681714157
xgb1__hier__modis_pretrained__physical__xgb1__ridge100,hierarchy,modis_pretrained,physical,xgb1,ridge100,four_year,476,483.9789698417244,390.1684181744097,256.2205042333393,496.45088595472345,464.58308625267455,632.8843689852466,0.6113445378151261,482.2479779727117
xgb1__hier__modis_pretrained__physical__xgb1__ridge1000,hierarchy,modis_pretrained,physical,xgb1,ridge1000,development,238,298.7335505946313,226.56502096105976,85.83295837967289,309.6938660069236,298.03600654299163,318.43877730534064,0.7016806722689075,301.29924343479445
xgb1__hier__modis_pretrained__physical__xgb1__ridge1000,hierarchy,modis_pretrained,physical,xgb1,ridge1000,late,238,567.9909289887162,491.6939261098349,472.2728280351044,590.7006814341214,567.9485599677021,574.8860410724266,0.49159663865546216,573.657774844814
xgb1__hier__modis_pretrained__physical__xgb1__ridge1000,hierarchy,modis_pretrained,physical,xgb1,ridge1000,four_year,476,453.79259010275825,359.12947353544735,279.0528932073886,471.61296933452206,432.9922832553468,574.8860410724266,0.5966386554621849,453.0476081988464
xgb1__hier__modis_pretrained__physical__xgb1__xgb1,hierarchy,modis_pretrained,physical,xgb1,xgb1,development,238,323.26848939976276,246.312518328126,157.36964110402346,346.62899372821437,322.68450179976315,342.1068738753662,0.6890756302521008,328.96261858187574
xgb1__hier__modis_pretrained__physical__xgb1__xgb1,hierarchy,modis_pretrained,physical,xgb1,xgb1,late,238,533.783054590277,447.55839135862317,418.89398337838526,569.9996934409583,529.6918054935667,595.6534652717448,0.4579831932773109,541.8144020287697
xgb1__hier__modis_pretrained__physical__xgb1__xgb1,hierarchy,modis_pretrained,physical,xgb1,xgb1,four_year,476,441.26345056356706,346.93545484337454,288.13181224120433,471.72624996698084,426.1881536466649,595.6534652717448,0.5735294117647058,445.11032618519494
xgb1__hier__modis_pretrained__physical__xgb1__xgb2,hierarchy,modis_pretrained,physical,xgb1,xgb2,development,238,321.53670734774727,245.14579247298866,154.90328540660636,344.61742137686394,321.0247170115537,339.16266727289116,0.6974789915966386,327.17888827097806
xgb1__hier__modis_pretrained__physical__xgb1__xgb2,hierarchy,modis_pretrained,physical,xgb1,xgb2,late,238,532.4070978966316,446.2276681227522,417.29331477365673,568.9343817404476,528.3599817158979,593.8813340515261,0.4579831932773109,540.5271398124022
xgb1__hier__modis_pretrained__physical__xgb1__xgb2,hierarchy,modis_pretrained,physical,xgb1,xgb2,four_year,476,439.79721012231556,345.68673029787044,286.09830009013154,470.34428764620094,424.6923493637258,593.8813340515261,0.5777310924369747,443.65776431363946
xgb1__hier__modis_pretrained__physical__xgb1__zero,hierarchy,modis_pretrained,physical,xgb1,zero,development,238,323.9199472191204,246.61757123403748,158.71574631916167,347.4650759485243,323.2763337716778,343.68574899065294,0.6848739495798319,329.6453260396107
xgb1__hier__modis_pretrained__physical__xgb1__zero,hierarchy,modis_pretrained,physical,xgb1,zero,late,238,535.7520286786809,449.48235264097184,421.18611068117156,571.91542067007,531.6218438710785,598.0180135831694,0.4579831932773109,543.7603304746276
xgb1__hier__modis_pretrained__physical__xgb1__zero,hierarchy,modis_pretrained,physical,xgb1,zero,four_year,476,442.6931038765794,348.04996193750463,289.9509285001666,473.1908850581005,427.4490888213781,598.0180135831694,0.5714285714285714,446.50654540815935
xgb1__hier__none__history__extra__extra,hierarchy,none,history,extra,extra,development,238,273.12161181164515,209.43057694490133,-10.63607181812848,279.3848478511042,272.4645308950616,291.3984750886258,0.7184873949579832,274.52315059236406
xgb1__hier__none__history__extra__extra,hierarchy,none,history,extra,extra,late,238,401.42268279901003,306.66434825241026,234.78797162983147,439.70578182519074,399.76301072931835,436.22813815519623,0.5714285714285714,410.5785395381323
xgb1__hier__none__history__extra__extra,hierarchy,none,history,extra,extra,four_year,476,343.31879143453943,258.0474625986558,112.07594990585147,368.37281915152676,336.11377081218995,436.22813815519623,0.6449579831932774,347.78104320819887
xgb1__hier__none__history__extra__ridge100,hierarchy,none,history,extra,ridge100,development,238,344.50311202902293,268.5593696972063,168.363012470964,365.68472667314376,343.86838742343264,364.77117021638884,0.6008403361344538,349.6398345386556
xgb1__hier__none__history__extra__ridge100,hierarchy,none,history,extra,ridge100,late,238,592.2074938629281,509.7221781620646,489.9717439648746,637.7709537082538,590.1066221832243,639.9452642485485,0.5126050420168067,603.0731409043336
xgb1__hier__none__history__extra__ridge100,hierarchy,none,history,extra,ridge100,four_year,476,484.4543889702577,389.1407739296355,329.16737821791924,519.8447406274048,466.9875048033284,639.9452642485485,0.5567226890756303,488.9352558428122
xgb1__hier__none__history__extra__ridge1000,hierarchy,none,history,extra,ridge1000,development,238,278.8769728226987,210.47440847439375,14.830364131184975,285.3866268028579,278.13934507897807,298.4092905596485,0.7100840336134454,280.31997938180837
xgb1__hier__none__history__extra__ridge1000,hierarchy,none,history,extra,ridge1000,late,238,454.58002750731276,372.01751108591293,329.9888530296077,481.8487064203764,454.27461925609384,470.9351026908624,0.5672268907563025,461.32084517277394
xgb1__hier__none__history__extra__ridge1000,hierarchy,none,history,extra,ridge1000,four_year,476,377.1043405871255,291.2459597801533,172.40960858039634,395.9947617310763,366.20698216753595,470.9351026908624,0.6386554621848739,379.1026062682158
xgb1__hier__none__history__extra__xgb1,hierarchy,none,history,extra,xgb1,development,238,275.0975550112092,207.58968989106805,2.2443117638876817,286.60398788972265,274.13432655531983,297.1351043075289,0.7394957983193278,277.7333561168652
xgb1__hier__none__history__extra__xgb1,hierarchy,none,history,extra,xgb1,late,238,403.00091586083846,312.2565925040445,240.4363507087046,435.1935395960228,401.29207867612865,438.36505773725065,0.5798319327731093,410.62186249845706
xgb1__hier__none__history__extra__xgb1,hierarchy,none,history,extra,xgb1,four_year,476,345.0278271080609,259.9231411975563,121.34033123629612,368.4665946733892,337.71320261572424,438.36505773725065,0.6596638655462185,349.0588628763088
xgb1__hier__none__history__extra__xgb2,hierarchy,none,history,extra,xgb2,development,238,274.4316145568847,207.25151931788233,-0.34897020997171413,285.63254207796604,273.48894538841927,296.21575375714445,0.7478991596638656,276.9961791450387
xgb1__hier__none__history__extra__xgb2,hierarchy,none,history,extra,xgb2,late,238,401.9026052761729,311.0871459854071,238.76475671440124,434.2973466035887,400.1962832151162,437.19140490138375,0.5756302521008403,409.57471009276264
xgb1__hier__none__history__extra__xgb2,hierarchy,none,history,extra,xgb2,four_year,476,344.12092002381496,259.1693326516447,119.20789325221473,367.55961037690116,336.8426143017677,437.19140490138375,0.6617647058823529,348.1610161815747
xgb1__hier__none__history__extra__zero,hierarchy,none,history,extra,zero,development,238,275.1696952614062,207.58886405248265,3.59067280099542,286.68578132449795,274.2015214374536,297.2641932610051,0.7352941176470589,277.806673321191
xgb1__hier__none__history__extra__zero,hierarchy,none,history,extra,zero,late,238,404.64476664676,313.92127792837545,242.83569659701558,436.9328090181996,402.898593187092,440.45003500325936,0.5798319327731093,412.2802338747029
xgb1__hier__none__history__extra__zero,hierarchy,none,history,extra,zero,four_year,476,346.0171587977004,260.75507099042903,123.21318469900551,369.5260591691554,338.55005731227277,440.45003500325936,0.657563025210084,350.0276085192072
xgb1__hier__none__history__ridge1000__extra,hierarchy,none,history,ridge1000,extra,development,238,310.8360800702435,236.15659292190898,136.98663660541553,334.6012019657001,309.9534432751507,333.3613837081062,0.6764705882352942,316.55670134533443
xgb1__hier__none__history__ridge1000__extra,hierarchy,none,history,ridge1000,extra,late,238,529.5284760996349,440.20547022241516,411.7661594472392,576.0023819009897,525.7848734659799,588.6392594288154,0.46638655462184875,540.2110518915599
xgb1__hier__none__history__ridge1000__extra,hierarchy,none,history,ridge1000,extra,four_year,476,434.17708119719794,338.18103157216206,274.37639802632737,471.0290374873427,417.8691583705653,588.6392594288154,0.5714285714285714,439.313089563076
xgb1__hier__none__history__ridge1000__ridge100,hierarchy,none,history,ridge1000,ridge100,development,238,447.32703701827376,363.9404945270802,322.4026906234096,487.3568892189484,447.0868277190382,461.74447172055204,0.5462184873949579,457.2744477436335
xgb1__hier__none__history__ridge1000__ridge100,hierarchy,none,history,ridge1000,ridge100,late,238,757.3394446952166,686.5540019594475,677.3712563845991,807.0609442635247,756.2793536828784,796.3364839378869,0.4579831932773109,769.5047968342091
xgb1__hier__none__history__ridge1000__ridge100,hierarchy,none,history,ridge1000,ridge100,four_year,476,621.9584039703971,525.2472482432638,499.8869735040044,666.6573727278137,601.6830907009582,796.3364839378869,0.5021008403361344,628.0643178423916
xgb1__hier__none__history__ridge1000__ridge1000,hierarchy,none,history,ridge1000,ridge1000,development,238,328.6675576611624,251.0177856695961,163.394882110539,350.59425836062536,327.71099388559446,352.76828714463085,0.6680672268907563,333.91009189213617
xgb1__hier__none__history__ridge1000__ridge1000,hierarchy,none,history,ridge1000,ridge1000,late,238,601.5111136715246,527.8516105006355,510.7989168419892,634.9959822082818,601.4960398794856,605.7544292057781,0.47058823529411764,609.8785623577041
xgb1__hier__none__history__ridge1000__ridge1000,hierarchy,none,history,ridge1000,ridge1000,four_year,476,484.6844248216108,389.43469808511577,337.0968994762641,512.901662804917,464.60351688254,605.7544292057781,0.569327731092437,486.7185073326697
xgb1__hier__none__history__ridge1000__xgb1,hierarchy,none,history,ridge1000,xgb1,development,238,320.2577139282531,243.4127555063618,150.4794455818625,344.7655409752215,319.7375286856893,337.9835167520784,0.6932773109243697,326.25462437935425
xgb1__hier__none__history__ridge1000__xgb1,hierarchy,none,history,ridge1000,xgb1,late,238,533.3509428697075,446.6635038592682,417.78867543180814,571.5933175600444,529.2663516888804,595.1477392725399,0.4579831932773109,541.8903887470849
xgb1__hier__none__history__ridge1000__xgb1,hierarchy,none,history,ridge1000,xgb1,four_year,476,439.90239348664426,345.03812968281505,284.13406050683534,472.00752055620626,424.50194018728484,595.1477392725399,0.5756302521008403,444.0785619291949
xgb1__hier__none__history__ridge1000__xgb2,hierarchy,none,history,ridge1000,xgb2,development,238,318.516712819748,242.26833267739602,147.79555728478053,342.70896168550246,318.0709196068436,334.9168819110487,0.6890756302521008,324.45332673296053
xgb1__hier__none__history__ridge1000__xgb2,hierarchy,none,history,ridge1000,xgb2,late,238,531.8944414547694,445.1976401580719,416.03086609370916,570.5296368414478,527.8383807091861,593.4001126935182,0.4579831932773109,540.5392251150431
xgb1__hier__none__history__ridge1000__xgb2,hierarchy,none,history,ridge1000,xgb2,four_year,476,438.3860132326184,343.73298641773397,281.91321168924486,470.6131632954976,422.95465015801483,593.4001126935182,0.5735294117647058,442.5849599796873
xgb1__hier__none__history__ridge1000__zero,hierarchy,none,history,ridge1000,zero,development,238,320.89077571132964,243.72974375428112,151.86769015692857,345.5815639064375,320.3175856115766,339.4887693149678,0.6974789915966386,326.92017523516836
xgb1__hier__none__history__ridge1000__zero,hierarchy,none,history,ridge1000,zero,late,238,535.4939094569211,448.7732829809132,420.2948336140191,573.6944358717138,531.3655703859773,597.7309052667878,0.46218487394957986,544.0119562928833
xgb1__hier__none__history__ridge1000__zero,hierarchy,none,history,ridge1000,zero,four_year,476,441.4321108630839,346.25151336759717,286.08126188547385,473.5778304894472,425.841577998777,597.7309052667878,0.5798319327731093,445.570907553598
xgb1__hier__none__history__ridge100__extra,hierarchy,none,history,ridge100,extra,development,238,304.5387844147819,233.14761291695928,102.94670833796623,333.3114893873845,304.08861982943415,320.64103666392907,0.6764705882352942,311.61941951159565
xgb1__hier__none__history__ridge100__extra,hierarchy,none,history,ridge100,extra,late,238,539.7630954953414,447.01265007538854,418.1449567079794,599.9128837820045,535.9031950617044,600.3389365517332,0.4579831932773109,553.835567458598
xgb1__hier__none__history__ridge100__extra,hierarchy,none,history,ridge100,extra,four_year,476,438.22829123160574,340.0801314961739,260.54583252297283,485.27930982336215,419.9959074455693,600.3389365517332,0.5672268907563025,445.43294993303573
xgb1__hier__none__history__ridge100__ridge100,hierarchy,none,history,ridge100,ridge100,development,238,428.38397759431746,342.1657784653795,286.74500384666305,482.59657782528285,428.36460574127807,432.43852371394996,0.5546218487394958,441.932284688799
xgb1__hier__none__history__ridge100__ridge100,hierarchy,none,history,ridge100,ridge100,late,238,768.1657166108708,693.8660769955798,684.1284981719634,834.008818237051,766.9141624220761,810.7460646479475,0.453781512605042,784.3136034702171
xgb1__hier__none__history__ridge100__ridge100,hierarchy,none,history,ridge100,ridge100,four_year,476,621.9290154172827,518.0159277304796,485.43675100931335,681.3479895860253,597.639384081677,810.7460646479475,0.5042016806722689,630.7113511255669
xgb1__hier__none__history__ridge100__ridge1000,hierarchy,none,history,ridge100,ridge1000,development,238,317.7694248946877,242.1125283305189,128.96900208173625,346.78190729629404,317.39767624152864,332.76395472326647,0.680672268907563,324.9296083317995
xgb1__hier__none__history__ridge100__ridge1000,hierarchy,none,history,ridge100,ridge1000,late,238,611.3715845743577,534.9704074359117,517.2448373107688,659.7866120881408,611.3469516362355,616.8350432939388,0.46218487394957986,623.469183218273
xgb1__hier__none__history__ridge100__ridge1000,hierarchy,none,history,ridge100,ridge1000,four_year,476,487.212798386322,388.5414678832153,323.10691969625253,527.0560049552621,464.37231393888203,616.8350432939388,0.5714285714285714,491.463478916697
xgb1__hier__none__history__ridge100__xgb1,hierarchy,none,history,ridge100,xgb1,development,238,311.2074760190222,237.58072042312904,116.22021708797361,342.19027478019115,310.99773857128434,322.42138657344873,0.6932773109243697,318.90074134737995
xgb1__hier__none__history__ridge100__xgb1,hierarchy,none,history,ridge100,xgb1,late,238,542.5538070106124,452.6794442535132,424.0692808333727,594.6295303929949,538.3678901534979,605.6333965693437,0.4579831932773109,554.5262586419294
xgb1__hier__none__history__ridge100__xgb1,hierarchy,none,history,ridge100,xgb1,four_year,476,442.2752121879764,345.1300823383211,270.14474896067316,485.11774991724246,424.6828143623911,605.6333965693437,0.5756302521008403,448.5877471638966
xgb1__hier__none__history__ridge100__xgb2,hierarchy,none,history,ridge100,xgb2,development,238,309.8856324833968,236.95464655498012,113.57547963946095,340.3453546725183,309.7058224718684,320.2608566574321,0.6932773109243697,317.4556105277951
xgb1__hier__none__history__ridge100__xgb2,hierarchy,none,history,ridge100,xgb2,late,238,541.1622187249783,451.2818245759775,422.316643588634,593.6164515653768,537.0102178263469,603.9174141914672,0.4579831932773109,553.2377767104201
xgb1__hier__none__history__ridge100__xgb2,hierarchy,none,history,ridge100,xgb2,four_year,476,440.9567168073167,344.11823556547876,267.94606161404755,483.8468001424788,423.35802014910763,603.9174141914672,0.5756302521008403,447.279563476555
xgb1__hier__none__history__ridge100__zero,hierarchy,none,history,ridge100,zero,development,238,311.6582870655884,237.61982531399883,117.5919278120358,342.9155634638608,311.42518472012915,323.47683268587036,0.6932773109243697,319.4143305787917
xgb1__hier__none__history__ridge100__zero,hierarchy,none,history,ridge100,zero,late,238,544.6649513220342,454.80662714593416,426.57452481155053,596.7176426719559,540.4338700090061,608.1918315022695,0.4579831932773109,556.6203538312576
xgb1__hier__none__history__ridge100__zero,hierarchy,none,history,ridge100,zero,four_year,476,443.72896969619336,346.2132262299665,272.08322631179317,486.6533821631743,425.92952736456766,608.1918315022695,0.5756302521008403,450.01021223003215
xgb1__hier__none__history__ridge10__extra,hierarchy,none,history,ridge10,extra,development,238,330.27309202111473,261.05733807462167,56.129584514363536,365.49560302318184,329.9839738984771,343.8003512585854,0.6680672268907563,339.0064402409721
xgb1__hier__none__history__ridge10__extra,hierarchy,none,history,ridge10,extra,late,238,582.1965451342609,480.3160084599521,451.82764315836977,669.1869715036694,576.7891568463131,655.9540841234142,0.4579831932773109,602.5923046546261
xgb1__hier__none__history__ridge10__extra,hierarchy,none,history,ridge10,extra,four_year,476,473.30388360938747,370.6866732672869,253.97861383636666,539.1652059710141,453.386565372395,655.9540841234142,0.5630252100840336,484.789884640546
xgb1__hier__none__history__ridge10__ridge100,hierarchy,none,history,ridge10,ridge100,development,238,429.43724547512517,333.6914535709316,237.47955667308386,511.0178896119266,427.84796373042184,464.7595842989445,0.6260504201680672,449.4350860731497
xgb1__hier__none__history__ridge10__ridge100,hierarchy,none,history,ridge10,ridge100,late,238,811.2674391187147,729.3705312300467,719.4716653655375,906.7988680023309,810.4056283932835,847.7897860369246,0.44537815126050423,834.9348436582609
xgb1__hier__none__history__ridge10__ridge100,hierarchy,none,history,ridge10,ridge100,four_year,476,649.0651760707473,531.5309924004893,478.4756110193107,736.0106896349182,619.1267960618527,847.7897860369246,0.5357142857142857,663.3169594595663
xgb1__hier__none__history__ridge10__ridge1000,hierarchy,none,history,ridge10,ridge1000,development,238,334.60044606754843,261.7994702704329,81.44403847929544,374.19723809179425,334.5428450364044,340.75117359977514,0.6722689075630253,344.4852438158239
xgb1__hier__none__history__ridge10__ridge1000,hierarchy,none,history,ridge10,ridge1000,late,238,652.4774824780999,568.4847408358129,551.3110269106508,729.28156616973,652.4614748244078,657.031924574469,0.453781512605042,671.6745014875844
xgb1__hier__none__history__ridge10__ridge1000,hierarchy,none,history,ridge10,ridge1000,four_year,476,518.499914970852,415.14210555312286,316.377532694973,579.6012317751323,493.5021599304061,657.031924574469,0.5630252100840336,527.5258054118106
xgb1__hier__none__history__ridge10__xgb1,hierarchy,none,history,ridge10,xgb1,development,238,331.6007379399922,260.111690546118,69.00948214532082,371.0773265993051,331.52362636128356,338.6744701304791,0.6722689075630253,341.45060721014323
xgb1__hier__none__history__ridge10__xgb1,hierarchy,none,history,ridge10,xgb1,late,238,583.6375730365359,485.76222462819277,457.6438485527138,662.727533333802,577.8534701152712,659.8179974165196,0.453781512605042,601.9640373805362
xgb1__hier__none__history__ridge10__xgb1,hierarchy,none,history,ridge10,xgb1,four_year,476,474.6534873264523,372.9369575871554,263.32666534901733,537.0782837514438,454.68854823827735,659.8179974165196,0.5630252100840336,485.2684516606564
xgb1__hier__none__history__ridge10__xgb2,hierarchy,none,history,ridge10,xgb2,development,238,331.0638421677167,260.0352340278552,66.43567972324513,369.56128815938763,330.9829330768314,338.3017856309283,0.6722689075630253,340.6679763929131
xgb1__hier__none__history__ridge10__xgb2,hierarchy,none,history,ridge10,xgb2,late,238,582.3102232070929,484.3922533637743,455.88716468657685,661.7520599767903,576.5783891247384,658.0802740465994,0.46218487394957986,600.7377238789286
xgb1__hier__none__history__ridge10__xgb2,hierarchy,none,history,ridge10,xgb2,four_year,476,473.649904276537,372.2137436958148,261.161422204911,535.9530457929833,453.7806611007848,658.0802740465994,0.5672268907563025,484.25837886171047
xgb1__hier__none__history__ridge10__zero,hierarchy,none,history,ridge10,zero,development,238,331.7523097213034,259.99555765812545,70.35265737788454,371.7356958470806,331.6729244594016,338.930071692832,0.6722689075630253,341.72830993727223
xgb1__hier__none__history__ridge10__zero,hierarchy,none,history,ridge10,zero,late,238,585.7348540670324,487.9043657257554,460.1623241850531,664.8291084374074,579.896435919859,662.391544116482,0.453781512605042,604.0488131228328
xgb1__hier__none__history__ridge10__zero,hierarchy,none,history,ridge10,zero,four_year,476,475.9962784908866,373.9499616919405,265.25749078146885,538.602437328588,455.7846801896303,662.391544116482,0.5630252100840336,486.5949186249979
xgb1__hier__none__history__xgb1__extra,hierarchy,none,history,xgb1,extra,development,238,313.3938848663406,238.37424982085864,143.79242855141723,336.2860139312887,312.41944164106667,337.11396646543426,0.680672268907563,318.8733063262591
xgb1__hier__none__history__xgb1__extra,hierarchy,none,history,xgb1,extra,late,238,529.6041761426351,440.8191758846128,412.63760907486414,574.0806476009999,525.8635955300979,588.6972034471742,0.46638655462184875,539.788148854092
xgb1__hier__none__history__xgb1__extra,hierarchy,none,history,xgb1,extra,four_year,476,435.1415347098783,339.5967128527358,278.2150188131407,470.45556278769754,419.1415185855823,588.6972034471742,0.5735294117647058,439.97003769825903
xgb1__hier__none__history__xgb1__ridge100,hierarchy,none,history,xgb1,ridge100,development,238,452.0417351392459,368.8689140836261,329.52242002646113,489.92606966752305,451.7031039159423,469.19699486117264,0.5462184873949579,461.42816096548927
xgb1__hier__none__history__xgb1__ridge100,hierarchy,none,history,xgb1,ridge100,late,238,757.5986251355662,687.3688245282844,678.2950906327806,804.9409135276214,756.5737974096392,795.9662571000216,0.4579831932773109,769.1779903020982
xgb1__hier__none__history__xgb1__ridge100,hierarchy,none,history,xgb1,ridge100,four_year,476,623.8178448533675,528.1188693059552,503.9087553296208,666.3172772825827,604.1384506627908,795.9662571000216,0.5021008403361344,629.5228544130271
xgb1__hier__none__history__xgb1__ridge1000,hierarchy,none,history,xgb1,ridge1000,development,238,331.9550141775255,254.1249672492045,170.26840190984342,352.69752613993774,330.8767899856907,357.6103136286059,0.6554621848739496,336.8710861201699
xgb1__hier__none__history__xgb1__ridge1000,hierarchy,none,history,xgb1,ridge1000,late,238,601.7815996853503,528.5136505796502,511.7004888447317,633.0790387509813,601.7686458788082,605.7171338229133,0.46638655462184875,609.6027210001225
xgb1__hier__none__history__xgb1__ridge1000,hierarchy,none,history,xgb1,ridge1000,four_year,476,485.9707939565198,391.3193089144274,340.9844453772876,512.4376129106345,466.3227179322495,605.7171338229133,0.5609243697478992,487.6754796889809
xgb1__hier__none__history__xgb1__xgb1,hierarchy,none,history,xgb1,xgb1,development,238,323.25613526512575,246.29610621229085,157.32454132350668,346.62925223598876,322.6713612083156,342.1064234031732,0.6890756302521008,328.953220993639
xgb1__hier__none__history__xgb1__xgb1,hierarchy,none,history,xgb1,xgb1,late,238,533.6011006379168,447.3716059048306,418.6787287371109,569.8101450872575,529.514468815652,595.4277597126645,0.4579831932773109,541.6317037946858
xgb1__hier__none__history__xgb1__xgb1,hierarchy,none,history,xgb1,xgb1,four_year,476,441.1488771313725,346.83385605856074,288.0016350303088,471.61183188616155,426.0929150119838,595.4277597126645,0.5735294117647058,445.0006252902226
xgb1__hier__none__history__xgb1__xgb2,hierarchy,none,history,xgb1,xgb2,development,238,321.4482866744127,245.04364550316419,154.63378066002417,344.53458424610807,320.9466011121858,338.8987664537512,0.6932773109243697,327.0944396767798
xgb1__hier__none__history__xgb1__xgb2,hierarchy,none,history,xgb1,xgb2,late,238,532.1324696183647,445.8881001818827,416.9192705547273,568.7377034840325,528.0738365329271,593.6710040901863,0.4579831932773109,540.2691198134222
xgb1__hier__none__history__xgb1__xgb2,hierarchy,none,history,xgb1,xgb2,four_year,476,439.5986614106413,345.4658728425234,285.7765256073757,470.1949888641572,424.51021882255645,593.6710040901863,0.5756302521008403,443.4756326269991
xgb1__hier__none__history__xgb1__zero,hierarchy,none,history,xgb1,zero,development,238,323.9199472191204,246.61757123403748,158.71574631916167,347.4650759485243,323.2763337716778,343.68574899065294,0.6848739495798319,329.6453260396107
xgb1__hier__none__history__xgb1__zero,hierarchy,none,history,xgb1,zero,late,238,535.7520286786809,449.48235264097184,421.18611068117156,571.91542067007,531.6218438710785,598.0180135831694,0.4579831932773109,543.7603304746276
xgb1__hier__none__history__xgb1__zero,hierarchy,none,history,xgb1,zero,four_year,476,442.6931038765794,348.04996193750463,289.9509285001666,473.1908850581005,427.4490888213781,598.0180135831694,0.5714285714285714,446.50654540815935
xgb1__hier__none__physical__extra__extra,hierarchy,none,physical,extra,extra,development,238,386.93789985391527,310.4586905654855,198.00124446483588,424.03964074036105,379.4166690785483,455.33721681562616,0.6764705882352942,394.33302738168493
xgb1__hier__none__physical__extra__extra,hierarchy,none,physical,extra,extra,late,238,499.05912556774183,391.96092945058524,332.05476174662766,558.4856361405599,485.91091455446406,599.7115908674078,0.47478991596638653,510.6287004576269
xgb1__hier__none__physical__extra__extra,hierarchy,none,physical,extra,extra,four_year,476,446.53160535162436,351.2098100080354,265.0280031057318,495.8406108289943,432.6637918165062,599.7115908674078,0.5756302521008403,455.3919033371873
xgb1__hier__none__physical__extra__ridge100,hierarchy,none,physical,extra,ridge100,development,238,538.956682127909,442.78852344081105,386.90346359996084,597.4433279216757,524.5724122133727,648.2578582244834,0.5378151260504201,549.9822760977165
xgb1__hier__none__physical__extra__ridge100,hierarchy,none,physical,extra,ridge100,late,238,682.6314588706557,603.9110546139939,590.290062254961,730.1790429836693,681.578184205277,719.4844825647483,0.44537815126050423,694.2550362325644
xgb1__hier__none__physical__extra__ridge100,hierarchy,none,physical,extra,ridge100,four_year,476,615.0040706573428,523.3497890274025,488.5967629274609,667.1206655810755,603.0752982093248,719.4844825647483,0.49159663865546216,625.0510262762715
xgb1__hier__none__physical__extra__ridge1000,hierarchy,none,physical,extra,ridge1000,development,238,406.1380116702327,325.28977007988976,224.79552860037833,442.07242064980954,398.49998486015124,476.89543491887144,0.6722689075630253,413.21210721260655
xgb1__hier__none__physical__extra__ridge1000,hierarchy,none,physical,extra,ridge1000,late,238,545.0448915928802,456.3903125735333,427.71691851856525,583.2432851317589,541.4967277344433,603.5872077163583,0.46218487394957986,553.7074490129905
xgb1__hier__none__physical__extra__ridge1000,hierarchy,none,physical,extra,ridge1000,four_year,476,480.6360464920128,390.84004132671157,326.2562235594718,517.4943259353034,469.9983562972973,603.5872077163583,0.5672268907563025,487.19119380415657
xgb1__hier__none__physical__extra__xgb1,hierarchy,none,physical,extra,xgb1,development,238,406.48729777134145,325.15558646378213,212.4877473231318,445.37029897172147,398.103167033571,480.23593544720615,0.6890756302521008,414.11201538699385
xgb1__hier__none__physical__extra__xgb1,hierarchy,none,physical,extra,xgb1,late,238,502.7637750074437,399.8656153552015,338.02387183140615,555.2459710660103,489.59780339647693,603.9018031912356,0.47058823529411764,512.5928311193437
xgb1__hier__none__physical__extra__xgb1,hierarchy,none,physical,extra,xgb1,four_year,476,457.1670026965981,362.51060090949176,275.25580957726896,503.3154038926274,443.850485215024,603.9018031912356,0.5798319327731093,465.3749736252119
xgb1__hier__none__physical__extra__xgb2,hierarchy,none,physical,extra,xgb2,development,238,405.6655769916126,324.89643544933335,209.8566312381648,444.2815197752664,397.1166454821713,479.9594498584447,0.6974789915966386,413.1823298101657
xgb1__hier__none__physical__extra__xgb2,hierarchy,none,physical,extra,xgb2,late,238,501.2487904216805,398.14747464272625,336.27757324226593,553.9102232538733,488.0774768089143,602.2296845450833,0.46638655462184875,511.12132022653714
xgb1__hier__none__physical__extra__xgb2,hierarchy,none,physical,extra,xgb2,four_year,476,455.9686997235313,361.5219550460298,273.0671022402153,502.0969051084543,442.5970611455428,602.2296845450833,0.5819327731092437,464.1578414252649
xgb1__hier__none__physical__extra__zero,hierarchy,none,physical,extra,zero,development,238,406.30994995019165,324.93734922837416,213.81579987015573,445.2714866634357,398.0021328513752,479.7461092305771,0.6890756302521008,413.9733798537985
xgb1__hier__none__physical__extra__zero,hierarchy,none,physical,extra,zero,late,238,504.7799745516419,401.9497894771515,340.4980915444109,557.314394948714,491.5276506503661,606.4336616092706,0.46638655462184875,514.600498675591
xgb1__hier__none__physical__extra__zero,hierarchy,none,physical,extra,zero,four_year,476,458.19788199907885,363.44356935276284,277.1569457072833,504.41353652163093,444.7648917508707,606.4336616092706,0.5777310924369747,466.3935480676648
xgb1__hier__none__physical__ridge1000__extra,hierarchy,none,physical,ridge1000,extra,development,238,380.27974804251807,303.7470940203209,185.4120131314158,422.1400446923633,374.0246751686168,442.7140421499164,0.680672268907563,389.181053986504
xgb1__hier__none__physical__ridge1000__extra,hierarchy,none,physical,ridge1000,extra,late,238,441.07087698442285,342.75151076829604,263.69683861842736,488.6465936711727,432.934699742287,517.2618263556353,0.49159663865546216,450.93076184557634
xgb1__hier__none__physical__ridge1000__extra,hierarchy,none,physical,ridge1000,extra,four_year,476,411.798619045213,323.2493023943085,224.55442587492155,456.605798714444,403.4796874554519,517.2618263556353,0.5861344537815126,420.92068106508043
xgb1__hier__none__physical__ridge1000__ridge100,hierarchy,none,physical,ridge1000,ridge100,development,238,530.114879963866,432.84941937837766,373.8163596058187,594.9414899417368,516.9500664589968,634.3571137225352,0.5462184873949579,543.0303290821164
xgb1__hier__none__physical__ridge1000__ridge100,hierarchy,none,physical,ridge1000,ridge100,late,238,615.7868477257438,535.8774264011017,518.5241031015634,659.7178562971384,615.4845618699187,634.7769420186368,0.4579831932773109,626.6940284046361
xgb1__hier__none__physical__ridge1000__ridge100,hierarchy,none,physical,ridge1000,ridge100,four_year,476,574.5499228923072,484.3634228897396,446.1702313536911,628.1651957771082,566.2173141644578,634.7769420186368,0.5021008403361344,585.8705889315452
xgb1__hier__none__physical__ridge1000__ridge1000,hierarchy,none,physical,ridge1000,ridge1000,development,238,398.96754471728735,317.69508986129256,212.1289729269394,440.2592349343926,392.5140387490283,463.98313082852104,0.6722689075630253,407.6770907794989
xgb1__hier__none__physical__ridge1000__ridge1000,hierarchy,none,physical,ridge1000,ridge1000,late,238,482.87518075792667,395.8546263951907,358.23168161895063,514.1606498748904,481.1085160898755,522.3763720772954,0.4831932773109244,490.2548818701548
xgb1__hier__none__physical__ridge1000__ridge1000,hierarchy,none,physical,ridge1000,ridge1000,four_year,476,442.9128254689296,356.7748581282416,285.180327272945,478.6383644385322,436.81127741945187,522.3763720772954,0.5777310924369747,450.31882319896084
xgb1__hier__none__physical__ridge1000__xgb1,hierarchy,none,physical,ridge1000,xgb1,development,238,399.0653268040328,317.76351247489845,199.80209627819474,443.19893129632834,391.98559472118677,466.8216060278233,0.6932773109243697,408.32879490639516
xgb1__hier__none__physical__ridge1000__xgb1,hierarchy,none,physical,ridge1000,xgb1,late,238,444.4060138237687,349.505174213654,269.54950739253405,485.5542841963262,436.15217578368544,521.4046518878368,0.5084033613445378,452.6296219068872
xgb1__hier__none__physical__ridge1000__xgb1,hierarchy,none,physical,ridge1000,xgb1,four_year,476,422.34455139136173,333.63434334427626,234.6758018353644,464.8592559063519,414.0688852524361,521.4046518878368,0.6008403361344538,430.9043109853779
xgb1__hier__none__physical__ridge1000__xgb2,hierarchy,none,physical,ridge1000,xgb2,development,238,398.2529928969139,317.58971875430086,197.17447097130807,442.09261432906175,391.03431557462267,466.5168327188976,0.6974789915966386,407.4082289243781
xgb1__hier__none__physical__ridge1000__xgb2,hierarchy,none,physical,ridge1000,xgb2,late,238,443.08145787567196,348.05821065654015,267.84486523646626,484.37589794265057,434.8412294562236,519.8958206211382,0.5084033613445378,451.34501078755454
xgb1__hier__none__physical__ridge1000__xgb2,hierarchy,none,physical,ridge1000,xgb2,four_year,476,421.26394615761996,332.8239647054205,232.50966810388718,463.71644900308075,412.93777251542315,519.8958206211382,0.6029411764705882,429.79552845843597
xgb1__hier__none__physical__ridge1000__zero,hierarchy,none,physical,ridge1000,zero,development,238,398.8979480736642,317.5519125654783,201.13056934092526,443.1184112292944,391.8802826549395,466.37469213420457,0.6932773109243697,408.1986475078906
xgb1__hier__none__physical__ridge1000__zero,hierarchy,none,physical,ridge1000,zero,late,238,446.21335642027657,351.26582027049017,271.978355235782,487.46538723485315,437.8599102081005,523.7962731774685,0.5084033613445378,454.4380025708767
xgb1__hier__none__physical__ridge1000__zero,hierarchy,none,physical,ridge1000,zero,four_year,476,423.2173982867602,334.4088664179842,236.55446228835362,465.81993845390485,414.87009643152,523.7962731774685,0.6008403361344538,431.7812078647363
xgb1__hier__none__physical__ridge100__extra,hierarchy,none,physical,ridge100,extra,development,238,437.38311981146336,343.95437736041106,151.27966491634862,516.8024842857075,423.73347708186236,532.1490382164324,0.6890756302521008,453.82555024762416
xgb1__hier__none__physical__ridge100__extra,hierarchy,none,physical,ridge100,extra,late,238,384.6885592859672,304.2579859099878,-159.53557918501656,395.56339802005766,379.4621003525457,442.6586353963884,0.6680672268907563,386.10065423613446
xgb1__hier__none__physical__ridge100__extra,hierarchy,none,physical,ridge100,extra,four_year,476,411.8794005176284,324.10618163519945,-4.127957134333967,460.1930082134308,401.597788717204,532.1490382164324,0.6785714285714286,421.38739949147293
xgb1__hier__none__physical__ridge100__ridge100,hierarchy,none,physical,ridge100,ridge100,development,238,573.4820031914579,444.3520913270638,338.80163515076475,684.1122449645317,538.8496584673777,735.1215452827789,0.6218487394957983,592.4814774537062
xgb1__hier__none__physical__ridge100__ridge100,hierarchy,none,physical,ridge100,ridge100,late,238,333.16025715884274,255.5630588755675,69.73041554150468,349.99886304394005,332.80018269621104,348.285509541803,0.6890756302521008,337.27989001445917
xgb1__hier__none__physical__ridge100__ridge100,hierarchy,none,physical,ridge100,ridge100,four_year,476,468.97620671769346,349.9575751013156,204.2660253461347,543.3731534785566,435.82492058179434,735.1215452827789,0.6554621848739496,479.2876218739344
xgb1__hier__none__physical__ridge100__ridge1000,hierarchy,none,physical,ridge100,ridge1000,development,238,450.31567569413875,354.45174711965313,177.57723120689167,530.9988485858734,434.8265465622233,551.9166066896285,0.6848739495798319,466.6141866340935
xgb1__hier__none__physical__ridge100__ridge1000,hierarchy,none,physical,ridge100,ridge1000,late,238,331.32200496957995,254.630956046992,-74.53012158480564,332.6616125450305,329.4779866661959,364.38539675993417,0.7226890756302521,331.1959022875966
xgb1__hier__none__physical__ridge100__ridge1000,hierarchy,none,physical,ridge100,ridge1000,four_year,476,395.32169100172774,304.5413515833225,51.523554811042985,443.07083274606515,382.15226661420957,551.9166066896285,0.7037815126050421,403.96662034093254
xgb1__hier__none__physical__ridge100__xgb1,hierarchy,none,physical,ridge100,xgb1,development,238,454.8981485080678,357.8593967670612,165.71518534748165,538.1833995461164,440.55225214477434,553.8926185030812,0.6932773109243697,472.1329871767566
xgb1__hier__none__physical__ridge100__xgb1,hierarchy,none,physical,ridge100,xgb1,late,238,381.1540928712368,299.99666355506287,-154.56464788779658,395.4147424834528,374.3871527268467,445.89031619239,0.6638655462184874,383.02752023819323
xgb1__hier__none__physical__ridge100__xgb1,hierarchy,none,physical,ridge100,xgb1,four_year,476,419.64912011617724,328.928030161062,5.57526872984252,472.2256823385774,407.4697024358105,553.8926185030812,0.6785714285714286,429.74840625168565
xgb1__hier__none__physical__ridge100__xgb2,hierarchy,none,physical,ridge100,xgb2,development,238,454.72442455360857,358.1713624386578,163.15798447712731,537.6197658910384,440.51516679285726,553.3012036550133,0.6932773109243697,471.8959454477782
xgb1__hier__none__physical__ridge100__xgb2,hierarchy,none,physical,ridge100,xgb2,late,238,381.3696557243742,300.0757345671574,-156.07009824714797,394.98181958110433,374.73049415558796,445.5815425404675,0.6680672268907563,383.11290629636017
xgb1__hier__none__physical__ridge100__xgb2,hierarchy,none,physical,ridge100,xgb2,four_year,476,419.6529021661462,329.1235485029076,3.543943114989632,471.7232506864247,407.6228304742226,553.3012036550133,0.680672268907563,429.66297137323494
xgb1__hier__none__physical__ridge100__zero,hierarchy,none,physical,ridge100,zero,development,238,454.37927356613665,357.1304000782095,166.99996689223264,537.7708153618173,439.90951657195893,553.664259224366,0.6932773109243697,471.60971976651234
xgb1__hier__none__physical__ridge100__zero,hierarchy,none,physical,ridge100,zero,late,238,380.65117181945044,299.5536758732304,-152.38655941899336,395.48134435844713,373.9316382640551,445.1386920767261,0.6596638655462185,382.6788315653507
xgb1__hier__none__physical__ridge100__zero,hierarchy,none,physical,ridge100,zero,four_year,476,419.13949876742157,328.34203797572,7.306703736619629,472.01850789480625,406.920577418007,553.664259224366,0.6764705882352942,429.3045207119141
xgb1__hier__none__physical__ridge10__extra,hierarchy,none,physical,ridge10,extra,development,238,394.71681222462416,302.58191665631625,22.823462392071487,466.66263985646646,392.190744466354,436.7752912028214,0.680672268907563,412.07175219301723
xgb1__hier__none__physical__ridge10__extra,hierarchy,none,physical,ridge10,extra,late,238,699.5270274777728,631.2435342513941,-617.1813044015647,691.0411257756933,694.0147032942829,781.6597475537117,0.5672268907563025,696.0274710063804
xgb1__hier__none__physical__ridge10__extra,hierarchy,none,physical,ridge10,extra,four_year,476,567.9522092679356,466.91272545385516,-297.1789210047466,589.6235481013049,543.1027238803184,781.6597475537117,0.6239495798319328,567.1576726293737
xgb1__hier__none__physical__ridge10__ridge100,hierarchy,none,physical,ridge10,ridge100,development,238,491.0000456406489,363.965642065251,204.74959670947422,598.6496886941342,468.680040478655,615.0359917619753,0.6848739495798319,512.3324551135217
xgb1__hier__none__physical__ridge10__ridge100,hierarchy,none,physical,ridge10,ridge100,late,238,521.6537803614871,448.18181105764967,-414.0944749960225,500.6883165739817,521.3552772320014,539.0001480950478,0.6260504201680672,516.3377886322393
xgb1__hier__none__physical__ridge10__ridge100,hierarchy,none,physical,ridge10,ridge100,four_year,476,506.5588373449574,406.0737265614503,-104.67243914327415,551.8470078415174,495.01765885532814,615.0359917619753,0.6554621848739496,514.9955853466901
xgb1__hier__none__physical__ridge10__ridge1000,hierarchy,none,physical,ridge10,ridge1000,development,238,398.8469612049391,304.9503166576322,48.18978397157287,473.39061381903605,394.980166929077,450.3838328284801,0.6764705882352942,416.51617578949777
xgb1__hier__none__physical__ridge10__ridge1000,hierarchy,none,physical,ridge10,ridge1000,late,238,626.0713198080823,558.3020972493816,-541.5623872801352,614.5362212702469,624.8673947651725,663.6750801589195,0.5840336134453782,622.886563912896
xgb1__hier__none__physical__ridge10__ridge1000,hierarchy,none,physical,ridge10,ridge1000,four_year,476,524.9019889220502,431.6262069535069,-246.68630165428112,548.5223060665253,509.9237808471248,663.6750801589195,0.6302521008403361,527.0625161894377
xgb1__hier__none__physical__ridge10__xgb1,hierarchy,none,physical,ridge10,xgb1,development,238,405.1355732358737,309.8788319416453,36.45093000393756,483.84531708486315,402.55281026647083,448.22629981704836,0.6932773109243697,424.1673184557703
xgb1__hier__none__physical__ridge10__xgb1,hierarchy,none,physical,ridge10,xgb1,late,238,695.255825254963,625.8318905576003,-613.0272429571368,694.0045076947645,688.6532734043835,784.2426639264855,0.5672268907563025,693.2923579022685
xgb1__hier__none__physical__ridge10__xgb1,hierarchy,none,physical,ridge10,xgb1,four_year,476,568.997142019237,467.8553612496229,-288.2881564765995,598.2259387412101,545.6030418354272,784.2426639264855,0.6302521008403361,570.4558161537778
xgb1__hier__none__physical__ridge10__xgb2,hierarchy,none,physical,ridge10,xgb2,development,238,405.4211272786257,310.7309621255482,33.947516420514056,483.7622939786983,402.9925073197671,447.3019813405575,0.6932773109243697,424.39926396392923
xgb1__hier__none__physical__ridge10__xgb2,hierarchy,none,physical,ridge10,xgb2,late,238,696.1590483550184,627.164857176978,-614.3191557019542,694.2832384776729,689.7021820230132,784.2977459742864,0.5672268907563025,694.0758793026807
xgb1__hier__none__physical__ridge10__xgb2,hierarchy,none,physical,ridge10,xgb2,four_year,476,569.650643399284,468.94790965126316,-290.18581964072,598.3540642072123,546.3473446713901,784.2977459742864,0.6302521008403361,571.0006739192927
xgb1__hier__none__physical__ridge10__zero,hierarchy,none,physical,ridge10,zero,development,238,404.4711176771545,309.0102885906987,37.7238388420462,483.200233638254,401.78364026366694,448.3324474608752,0.6974789915966386,423.4815273140575
xgb1__hier__none__physical__ridge10__zero,hierarchy,none,physical,ridge10,zero,late,238,693.7391512726779,624.0191660855264,-611.1229448865977,692.7997779432161,687.0567719253422,783.1140577503313,0.5672268907563025,691.8337131034785
xgb1__hier__none__physical__ridge10__zero,hierarchy,none,physical,ridge10,zero,four_year,476,567.833996447704,466.51472733811255,-286.6995530222757,597.2662714846005,544.4202060945047,783.1140577503313,0.6323529411764706,569.3386176186282
xgb1__hier__none__physical__xgb1__extra,hierarchy,none,physical,xgb1,extra,development,238,313.3938848663406,238.37424982085864,143.79242855141723,336.2860139312887,312.41944164106667,337.11396646543426,0.680672268907563,318.8733063262591
xgb1__hier__none__physical__xgb1__extra,hierarchy,none,physical,xgb1,extra,late,238,529.6041761426351,440.8191758846128,412.63760907486414,574.0806476009999,525.8635955300979,588.6972034471742,0.46638655462184875,539.788148854092
xgb1__hier__none__physical__xgb1__extra,hierarchy,none,physical,xgb1,extra,four_year,476,435.1415347098783,339.5967128527358,278.2150188131407,470.45556278769754,419.1415185855823,588.6972034471742,0.5735294117647058,439.97003769825903
xgb1__hier__none__physical__xgb1__ridge100,hierarchy,none,physical,xgb1,ridge100,development,238,452.0417351392459,368.8689140836261,329.52242002646113,489.92606966752305,451.7031039159423,469.19699486117264,0.5462184873949579,461.42816096548927
xgb1__hier__none__physical__xgb1__ridge100,hierarchy,none,physical,xgb1,ridge100,late,238,757.5986251355662,687.3688245282844,678.2950906327806,804.9409135276214,756.5737974096392,795.9662571000216,0.4579831932773109,769.1779903020982
xgb1__hier__none__physical__xgb1__ridge100,hierarchy,none,physical,xgb1,ridge100,four_year,476,623.8178448533675,528.1188693059552,503.9087553296208,666.3172772825827,604.1384506627908,795.9662571000216,0.5021008403361344,629.5228544130271
xgb1__hier__none__physical__xgb1__ridge1000,hierarchy,none,physical,xgb1,ridge1000,development,238,331.9550141775255,254.1249672492045,170.26840190984342,352.69752613993774,330.8767899856907,357.6103136286059,0.6554621848739496,336.8710861201699
xgb1__hier__none__physical__xgb1__ridge1000,hierarchy,none,physical,xgb1,ridge1000,late,238,601.7815996853503,528.5136505796502,511.7004888447317,633.0790387509813,601.7686458788082,605.7171338229133,0.46638655462184875,609.6027210001225
xgb1__hier__none__physical__xgb1__ridge1000,hierarchy,none,physical,xgb1,ridge1000,four_year,476,485.9707939565198,391.3193089144274,340.9844453772876,512.4376129106345,466.3227179322495,605.7171338229133,0.5609243697478992,487.6754796889809
xgb1__hier__none__physical__xgb1__xgb1,hierarchy,none,physical,xgb1,xgb1,development,238,323.25613526512575,246.29610621229085,157.32454132350668,346.62925223598876,322.6713612083156,342.1064234031732,0.6890756302521008,328.953220993639
xgb1__hier__none__physical__xgb1__xgb1,hierarchy,none,physical,xgb1,xgb1,late,238,533.6011006379168,447.3716059048306,418.6787287371109,569.8101450872575,529.514468815652,595.4277597126645,0.4579831932773109,541.6317037946858
xgb1__hier__none__physical__xgb1__xgb1,hierarchy,none,physical,xgb1,xgb1,four_year,476,441.1488771313725,346.83385605856074,288.0016350303088,471.61183188616155,426.0929150119838,595.4277597126645,0.5735294117647058,445.0006252902226
xgb1__hier__none__physical__xgb1__xgb2,hierarchy,none,physical,xgb1,xgb2,development,238,321.4482866744127,245.04364550316419,154.63378066002417,344.53458424610807,320.9466011121858,338.8987664537512,0.6932773109243697,327.0944396767798
xgb1__hier__none__physical__xgb1__xgb2,hierarchy,none,physical,xgb1,xgb2,late,238,532.1324696183647,445.8881001818827,416.9192705547273,568.7377034840325,528.0738365329271,593.6710040901863,0.4579831932773109,540.2691198134222
xgb1__hier__none__physical__xgb1__xgb2,hierarchy,none,physical,xgb1,xgb2,four_year,476,439.5986614106413,345.4658728425234,285.7765256073757,470.1949888641572,424.51021882255645,593.6710040901863,0.5756302521008403,443.4756326269991
xgb1__hier__none__physical__xgb1__zero,hierarchy,none,physical,xgb1,zero,development,238,323.9199472191204,246.61757123403748,158.71574631916167,347.4650759485243,323.2763337716778,343.68574899065294,0.6848739495798319,329.6453260396107
xgb1__hier__none__physical__xgb1__zero,hierarchy,none,physical,xgb1,zero,late,238,535.7520286786809,449.48235264097184,421.18611068117156,571.91542067007,531.6218438710785,598.0180135831694,0.4579831932773109,543.7603304746276
xgb1__hier__none__physical__xgb1__zero,hierarchy,none,physical,xgb1,zero,four_year,476,442.6931038765794,348.04996193750463,289.9509285001666,473.1908850581005,427.4490888213781,598.0180135831694,0.5714285714285714,446.50654540815935
xgb1__hier__scratch__encoder__extra__extra,hierarchy,scratch,encoder,extra,extra,development,238,393.5067616941611,316.4525156803106,195.4417651764412,432.81745805702667,385.5485520768627,464.28790367731733,0.6722689075630253,401.3448833805529
xgb1__hier__scratch__encoder__extra__extra,hierarchy,scratch,encoder,extra,extra,late,238,498.3438470331159,392.04940767533793,328.0849802680305,554.4839778657366,483.74193050583915,603.4930663929343,0.46638655462184875,508.7284006094519
xgb1__hier__scratch__encoder__extra__extra,hierarchy,scratch,encoder,extra,extra,four_year,476,448.99563548813643,354.2509616778243,261.7633727222359,497.3848779912578,434.6452412913509,603.4930663929343,0.569327731092437,457.5053475647204
xgb1__hier__scratch__encoder__extra__ridge100,hierarchy,scratch,encoder,extra,ridge100,development,238,419.2643069326717,344.8805557369439,140.70968073160847,462.92018691236694,415.25885262103566,473.0744594032404,0.6680672268907563,429.1769133496865
xgb1__hier__scratch__encoder__extra__ridge100,hierarchy,scratch,encoder,extra,ridge100,late,238,546.3663096103502,456.48123296691693,426.44458962909624,550.7112589549243,544.2441416261097,592.3529618454004,0.542016806722689,546.9220049504336
xgb1__hier__scratch__encoder__extra__ridge100,hierarchy,scratch,encoder,extra,ridge100,four_year,476,486.979826761318,400.6808943519305,283.5771351803523,508.713077377955,479.7514971235727,592.3529618454004,0.6050420168067226,490.60605700604094
xgb1__hier__scratch__encoder__extra__ridge1000,hierarchy,scratch,encoder,extra,ridge1000,development,238,384.42765570448205,309.72562217532095,165.8067702113672,418.13156084439066,380.07179866906426,437.77838691430827,0.6974789915966386,391.76466773060474
xgb1__hier__scratch__encoder__extra__ridge1000,hierarchy,scratch,encoder,extra,ridge1000,late,238,512.5913696626666,418.15174434522277,384.33434992321526,538.049697425467,508.36654567561834,574.042777986005,0.5042016806722689,517.8997456066046
xgb1__hier__scratch__encoder__extra__ridge1000,hierarchy,scratch,encoder,extra,ridge1000,four_year,476,453.0643081964702,363.9386832602719,275.07056006729124,481.83580142710593,444.21917217234136,574.042777986005,0.6008403361344538,458.04589749809696
xgb1__hier__scratch__encoder__extra__xgb1,hierarchy,scratch,encoder,extra,xgb1,development,238,411.55719910036953,329.1290707296933,210.11117409560873,452.31632093121107,403.11521301839537,486.04562459626544,0.6848739495798319,419.63648303758634
xgb1__hier__scratch__encoder__extra__xgb1,hierarchy,scratch,encoder,extra,xgb1,late,238,502.0505868702939,399.88865422017426,334.0974064038364,550.7228281442827,487.59529956740215,607.201384766199,0.4831932773109244,510.6048253630682
xgb1__hier__scratch__encoder__extra__xgb1,hierarchy,scratch,encoder,extra,xgb1,four_year,476,459.03927931504273,364.5088624749338,272.10429024972257,503.9274191885095,445.35525629289873,607.201384766199,0.5840336134453782,466.84030852787345
xgb1__hier__scratch__encoder__extra__xgb2,hierarchy,scratch,encoder,extra,xgb2,development,238,410.57766562200555,328.8022063819358,207.5709868063139,451.01958981216495,402.0429792434278,485.3224025644623,0.6890756302521008,418.554475074901
xgb1__hier__scratch__encoder__extra__xgb2,hierarchy,scratch,encoder,extra,xgb2,late,238,500.464107039507,398.0533733582109,332.3393863912666,549.2238365731107,486.0285024329845,605.362559841595,0.47478991596638653,509.0451382712773
xgb1__hier__scratch__encoder__extra__xgb2,hierarchy,scratch,encoder,extra,xgb2,four_year,476,457.732641365277,363.4277898700733,269.95518659879025,502.52636401208866,444.03574083820615,605.362559841595,0.5819327731092437,465.5068468952122
xgb1__hier__scratch__encoder__extra__zero,hierarchy,scratch,encoder,extra,zero,development,238,411.3043867878727,328.79826640503023,211.3878280689238,452.1493506430375,402.9291025685677,485.50898446625916,0.6848739495798319,419.4218066968377
xgb1__hier__scratch__encoder__extra__zero,hierarchy,scratch,encoder,extra,zero,late,238,503.89997936358594,401.77785911234145,336.35923400540537,552.6073164122062,489.3585085147424,609.5393694987157,0.4789915966386555,512.4414459135301
xgb1__hier__scratch__encoder__extra__zero,hierarchy,scratch,encoder,extra,zero,four_year,476,459.93830444613457,365.2880627586858,273.8735310371645,504.883096092165,446.14380554165507,609.5393694987157,0.5819327731092437,467.7258776315223
xgb1__hier__scratch__encoder__ridge1000__extra,hierarchy,scratch,encoder,ridge1000,extra,development,238,364.71018459682733,290.3198239826495,153.12400353641942,405.26644264517705,361.933736953254,406.850201681732,0.680672268907563,374.15513719802146
xgb1__hier__scratch__encoder__ridge1000__extra,hierarchy,scratch,encoder,ridge1000,extra,late,238,453.0138831690761,350.26660751923566,293.87545769595965,505.6230656804099,447.5215810192417,517.8494763806391,0.48739495798319327,464.79310325945096
xgb1__hier__scratch__encoder__ridge1000__extra,hierarchy,scratch,encoder,ridge1000,extra,four_year,476,411.2390406397338,320.2932157509425,223.49973061618954,458.2005969454496,404.72765898624783,517.8494763806391,0.5840336134453782,421.35158430279125
xgb1__hier__scratch__encoder__ridge1000__ridge100,hierarchy,scratch,encoder,ridge1000,ridge100,development,238,396.48182606936115,326.74720825207356,98.84965029436347,440.6328146092804,395.6853481389604,420.80394028590985,0.6638655462184874,407.3204537217408
xgb1__hier__scratch__encoder__ridge1000__ridge100,hierarchy,scratch,encoder,ridge1000,ridge100,late,238,514.8206300221509,428.126948224582,393.04314738926615,529.4714616902019,514.7372823983659,524.0007161866145,0.5882352941176471,518.4625010332174
xgb1__hier__scratch__encoder__ridge1000__ridge100,hierarchy,scratch,encoder,ridge1000,ridge100,four_year,476,459.4769414778611,377.4370782383278,245.94639884181478,487.081772423715,455.21131526866316,524.0007161866145,0.6260504201680672,465.3117426620251
xgb1__hier__scratch__encoder__ridge1000__ridge1000,hierarchy,scratch,encoder,ridge1000,ridge1000,development,238,359.84429072700186,287.1405381814034,123.87982720196901,395.50120446238884,358.999623174372,383.64072967302474,0.7016806722689075,368.5473522726911
xgb1__hier__scratch__encoder__ridge1000__ridge1000,hierarchy,scratch,encoder,ridge1000,ridge1000,late,238,475.7298663093732,387.9303046948985,350.70895210884674,504.4097550036504,475.57520020066926,487.70510757160264,0.5462184873949579,482.8611719557665
xgb1__hier__scratch__encoder__ridge1000__ridge1000,hierarchy,scratch,encoder,ridge1000,ridge1000,four_year,476,421.7859760989886,337.53542143815093,237.29438965540788,453.23857055310447,417.2874116875206,487.70510757160264,0.6239495798319328,428.5244836096506
xgb1__hier__scratch__encoder__ridge1000__xgb1,hierarchy,scratch,encoder,ridge1000,xgb1,development,238,381.62025247276824,302.35153251095926,167.59557330022196,424.6848448833745,378.6432329876774,426.21758752895124,0.6932773109243697,391.6421457041471
xgb1__hier__scratch__encoder__ridge1000__xgb1,hierarchy,scratch,encoder,ridge1000,xgb1,late,238,454.8106713923815,357.09998008307423,299.64539992364564,500.22060013601185,449.2570446978028,520.1150336742426,0.49159663865546216,464.7747469046444
xgb1__hier__scratch__encoder__ridge1000__xgb1,hierarchy,scratch,encoder,ridge1000,xgb1,four_year,476,419.8135085426434,329.72575629701674,233.62048661193376,463.99238478344,413.9501388427401,520.1150336742426,0.592436974789916,429.3923851778667
xgb1__hier__scratch__encoder__ridge1000__xgb2,hierarchy,scratch,encoder,ridge1000,xgb2,development,238,380.6279744475761,302.05585780866227,165.05991250967776,423.43697077704024,377.6095288161034,425.4498745437943,0.6932773109243697,390.57561212207395
xgb1__hier__scratch__encoder__ridge1000__xgb2,hierarchy,scratch,encoder,ridge1000,xgb2,late,238,453.51481432261045,355.65571377886664,297.93310942378423,499.0676979482837,447.99523359446357,518.5357006096023,0.49159663865546216,463.523140046992
xgb1__hier__scratch__encoder__ridge1000__xgb2,hierarchy,scratch,encoder,ridge1000,xgb2,four_year,476,418.6605676094516,328.8557857937645,231.49651096673102,462.7998678458299,412.8023812052835,518.5357006096023,0.592436974789916,428.2308460675041
xgb1__hier__scratch__encoder__ridge1000__zero,hierarchy,scratch,encoder,ridge1000,zero,development,238,381.38203524922585,301.98533130870106,168.8745150097479,424.4522833242292,378.43354622951784,425.7654371593454,0.6848739495798319,391.4124750130497
xgb1__hier__scratch__encoder__ridge1000__zero,hierarchy,scratch,encoder,ridge1000,zero,late,238,456.4992344195591,358.8334260673098,301.8733200804239,501.9657733774373,450.8896466060873,522.2344264367188,0.49159663865546216,466.4634722056607
xgb1__hier__scratch__encoder__ridge1000__zero,hierarchy,scratch,encoder,ridge1000,zero,four_year,476,420.6208553058712,330.40937868800546,235.37391754508587,464.8275908665279,414.66159641780257,522.2344264367188,0.5882352941176471,430.1827244740182
xgb1__hier__scratch__encoder__ridge100__extra,hierarchy,scratch,encoder,ridge100,extra,development,238,450.65441978280734,345.98706259723895,15.945347130994096,550.4429263248619,450.6246771030571,455.80217220631647,0.6932773109243697,475.59411074838346
xgb1__hier__scratch__encoder__ridge100__extra,hierarchy,scratch,encoder,ridge100,extra,late,238,346.201455283512,258.3052584680495,52.09759716449879,372.79024486594255,346.20004236418544,347.1891366255133,0.6932773109243697,352.84829944928805
xgb1__hier__scratch__encoder__ridge100__extra,hierarchy,scratch,encoder,ridge100,extra,four_year,476,401.83631848689356,302.1461605326442,34.021472147746444,470.08508900426034,398.41235973362126,455.80217220631647,0.6932773109243697,418.04252142791717
xgb1__hier__scratch__encoder__ridge100__ridge100,hierarchy,scratch,encoder,ridge100,ridge100,development,238,506.4016473005498,400.71264891215685,-34.32670056272849,612.6769327244733,505.81021197599455,530.277697533566,0.6680672268907563,532.8226098253919
xgb1__hier__scratch__encoder__ridge100__ridge100,hierarchy,scratch,encoder,ridge100,ridge100,late,238,392.1883958214015,307.4154859372584,147.83304056465252,419.4435047848915,385.5705829151973,457.3136202595924,0.6890756302521008,397.34771983572296
xgb1__hier__scratch__encoder__ridge100__ridge100,hierarchy,scratch,encoder,ridge100,ridge100,four_year,476,452.909685370977,354.0640674247076,56.753170000962,525.0266077061724,445.6903974455959,530.277697533566,0.6785714285714286,469.1340939734306
xgb1__hier__scratch__encoder__ridge100__ridge1000,hierarchy,scratch,encoder,ridge100,ridge1000,development,238,452.8276838227612,349.99976412614956,-12.338259563663545,549.6966281054245,452.34840892520265,473.17695133998,0.6848739495798319,476.92510116903736
xgb1__hier__scratch__encoder__ridge100__ridge1000,hierarchy,scratch,encoder,ridge100,ridge1000,late,238,361.4077362252172,276.37166645654116,107.37209392888346,384.0231199616107,358.8216441823489,401.97925613797,0.6974789915966386,366.4150591485985
xgb1__hier__scratch__encoder__ridge100__ridge1000,hierarchy,scratch,encoder,ridge100,ridge1000,four_year,476,409.6757638912282,313.18571529134533,47.51691718260997,474.1519480164154,405.5850265537758,473.17695133998,0.6911764705882353,424.77212558816194
xgb1__hier__scratch__encoder__ridge100__xgb1,hierarchy,scratch,encoder,ridge100,xgb1,development,238,463.03598158114363,352.35974358059826,30.23983424193492,568.6539649687577,463.01396108067706,467.5297205067812,0.6974789915966386,489.4349723029305
xgb1__hier__scratch__encoder__ridge100__xgb1,hierarchy,scratch,encoder,ridge100,xgb1,late,238,339.2449162889327,254.71623171566776,56.99104414568349,364.01583299492626,339.2034666110816,344.5064343565827,0.6932773109243697,345.42728304596835
xgb1__hier__scratch__encoder__ridge100__xgb1,hierarchy,scratch,encoder,ridge100,xgb1,four_year,476,405.887566615866,303.537987648133,43.61543919380922,477.4279309726648,401.1087138458793,467.5297205067812,0.6953781512605042,422.577944512569
xgb1__hier__scratch__encoder__ridge100__xgb2,hierarchy,scratch,encoder,ridge100,xgb2,development,238,462.9994116525651,352.8524971382439,27.810212403151166,568.3113931073823,462.98766999177525,466.2850365483586,0.6932773109243697,489.32447160107193
xgb1__hier__scratch__encoder__ridge100__xgb2,hierarchy,scratch,encoder,ridge100,xgb2,late,238,339.3040077528708,254.67307160235276,55.43914206202065,363.8867356479853,339.26778412432407,344.2256397627294,0.6890756302521008,345.44063381951275
xgb1__hier__scratch__encoder__ridge100__xgb2,hierarchy,scratch,encoder,ridge100,xgb2,four_year,476,405.8914047302441,303.76278437029833,41.62467723258591,477.1747038120317,401.12772705804963,466.2850365483586,0.6911764705882353,422.5213100826424
xgb1__hier__scratch__encoder__ridge100__zero,hierarchy,scratch,encoder,ridge100,zero,development,238,462.2059578912038,351.4730220425675,31.438703094733935,567.7399627877753,462.17479376800367,467.5420570956729,0.7016806722689075,488.5816680845466
xgb1__hier__scratch__encoder__ridge100__zero,hierarchy,scratch,encoder,ridge100,zero,late,238,339.59899916084004,254.93031581389295,59.06194360535522,364.7853434219992,339.5560626415827,344.95611397373244,0.6932773109243697,345.8848510963155
xgb1__hier__scratch__encoder__ridge100__zero,hierarchy,scratch,encoder,ridge100,zero,four_year,476,405.5624660524994,303.2016689282302,45.25032335004459,477.1776462292477,400.86542820479315,467.5420570956729,0.6974789915966386,422.2920016347599
xgb1__hier__scratch__encoder__ridge10__extra,hierarchy,scratch,encoder,ridge10,extra,development,238,508.18484272074176,407.5215427655565,-214.69249586868887,604.5812135053002,501.2872290817901,584.7315118733986,0.6722689075630253,530.5595320071434
xgb1__hier__scratch__encoder__ridge10__extra,hierarchy,scratch,encoder,ridge10,extra,late,238,412.2310248472365,341.0236310232054,-172.6157636470938,374.5977378092047,411.30993051773197,438.85187859882126,0.6764705882352942,402.5924295053524
xgb1__hier__scratch__encoder__ridge10__extra,hierarchy,scratch,encoder,ridge10,extra,four_year,476,462.7019841202909,374.27258689438094,-193.65412975789135,502.91247195477024,456.298579799761,584.7315118733986,0.6743697478991597,471.15375499877825
xgb1__hier__scratch__encoder__ridge10__ridge100,hierarchy,scratch,encoder,ridge10,ridge100,development,238,574.9593439919995,462.7679897262588,-261.2360589445557,677.2333527368417,565.3739738749371,669.923086298584,0.6680672268907563,598.1315036489444
xgb1__hier__scratch__encoder__ridge10__ridge100,hierarchy,scratch,encoder,ridge10,ridge100,late,238,403.89959525555076,321.80808679378214,-82.38680519448248,397.8787431026606,403.8987087825272,404.7449306240441,0.6974789915966386,402.39416059907234
xgb1__hier__scratch__encoder__ridge10__ridge100,hierarchy,scratch,encoder,ridge10,ridge100,four_year,476,496.8466213487359,392.28803826002047,-171.8114320695191,555.4063864739658,484.63634132873216,669.923086298584,0.6827731092436975,508.43399262504244
xgb1__hier__scratch__encoder__ridge10__ridge1000,hierarchy,scratch,encoder,ridge10,ridge1000,development,238,522.1208403971607,417.46124944536297,-241.3253080629125,617.3032858010027,512.5652743998405,611.998726801201,0.6680672268907563,543.5275602487911
xgb1__hier__scratch__encoder__ridge10__ridge1000,hierarchy,scratch,encoder,ridge10,ridge1000,late,238,397.9811042417634,323.44275141193714,-120.44719975484072,372.92473245901454,397.21599795045677,421.8819726061648,0.6848739495798319,391.5257347232495
xgb1__hier__scratch__encoder__ridge10__ridge1000,hierarchy,scratch,encoder,ridge10,ridge1000,four_year,476,464.2193077148616,370.45200042865,-180.8862539088766,509.9687258746079,454.8906361751486,611.998726801201,0.6764705882352942,473.3244943698699
xgb1__hier__scratch__encoder__ridge10__xgb1,hierarchy,scratch,encoder,ridge10,xgb1,development,238,511.12589036866984,399.64739867483075,-201.40508666349436,617.0837347091923,502.7027876397345,595.1126523967266,0.6722689075630253,535.5095757715667
xgb1__hier__scratch__encoder__ridge10__xgb1,hierarchy,scratch,encoder,ridge10,xgb1,late,238,400.95016134007165,329.55970154244744,-168.46738729477931,365.48433145490725,400.3538232147124,422.2135605414116,0.6764705882352942,391.9346193374407
xgb1__hier__scratch__encoder__ridge10__xgb1,hierarchy,scratch,encoder,ridge10,xgb1,four_year,476,459.35319073877946,364.6035501086391,-184.93623697913682,507.1346626792953,451.5283054272235,595.1126523967266,0.6743697478991597,469.3423373960194
xgb1__hier__scratch__encoder__ridge10__xgb2,hierarchy,scratch,encoder,ridge10,xgb2,development,238,511.769689947186,400.6202945122472,-203.73846836929354,617.4869386804455,503.0387826252342,597.1674112329072,0.6722689075630253,536.0162753000129
xgb1__hier__scratch__encoder__ridge10__xgb2,hierarchy,scratch,encoder,ridge10,xgb2,late,238,402.00928544171495,330.3452894748246,-169.88784341281158,366.09907327564815,401.3816756963393,423.8364301273485,0.6764705882352942,392.8748299638543
xgb1__hier__scratch__encoder__ridge10__xgb2,hierarchy,scratch,encoder,ridge10,xgb2,four_year,476,460.17370694662526,365.48279199353584,-186.81315589105256,507.60154200624555,452.21022916078675,597.1674112329072,0.6743697478991597,470.03979626507066
xgb1__hier__scratch__encoder__ridge10__zero,hierarchy,scratch,encoder,ridge10,zero,development,238,510.1507825188394,398.86414464599386,-200.2440883647454,615.8424136301661,501.96782290513727,592.974007708484,0.6722689075630253,534.5279503932455
xgb1__hier__scratch__encoder__ridge10__zero,hierarchy,scratch,encoder,ridge10,zero,late,238,400.053367154937,328.76555588964374,-166.53347785550355,365.1784065493128,399.4722942510619,421.02647476890735,0.6764705882352942,391.1893587775622
xgb1__hier__scratch__encoder__ridge10__zero,hierarchy,scratch,encoder,ridge10,zero,four_year,476,458.41930450003247,363.8148502678188,-183.3887831101245,506.2692697743582,450.72005857809955,592.974007708484,0.6743697478991597,468.45698433813067
xgb1__hier__scratch__encoder__xgb1__extra,hierarchy,scratch,encoder,xgb1,extra,development,238,313.333047112888,238.54740922727476,143.54512413209494,336.4677717195248,312.5002554421312,335.32981438771765,0.6890756302521008,318.908530346858
xgb1__hier__scratch__encoder__xgb1__extra,hierarchy,scratch,encoder,xgb1,extra,late,238,530.0919295016431,441.1159853120382,412.8388128975463,575.1284165394102,526.2268832949868,590.1230570491273,0.46638655462184875,540.3847897094208
xgb1__hier__scratch__encoder__xgb1__extra,hierarchy,scratch,encoder,xgb1,extra,four_year,476,435.41649723903566,339.8316972696565,278.19196851482064,471.1598756881954,419.363569368559,590.1230570491273,0.5777310924369747,440.33910988370644
xgb1__hier__scratch__encoder__xgb1__ridge100,hierarchy,scratch,encoder,xgb1,ridge100,development,238,324.01840729167765,259.53170542756504,87.27061890704938,331.4847495917994,323.82397753467393,335.0471605706263,0.6554621848739496,325.8363854274572
xgb1__hier__scratch__encoder__xgb1__ridge100,hierarchy,scratch,encoder,xgb1,ridge100,late,238,615.5073233667088,531.6074364156793,515.9274916174242,623.6219878966132,614.9790842923431,640.4740053748138,0.5504201680672269,617.4039297305934
xgb1__hier__scratch__encoder__xgb1__ridge100,hierarchy,scratch,encoder,xgb1,ridge100,four_year,476,491.8522102125219,395.56957092162224,301.59905526223673,499.3928929210254,469.4015309135085,640.4740053748138,0.6029411764705882,488.1247110648944
xgb1__hier__scratch__encoder__xgb1__ridge1000,hierarchy,scratch,encoder,xgb1,ridge1000,development,238,307.7581965000159,232.67261105735113,114.23611481657825,320.90797534312156,306.7032439009582,332.1635599550013,0.680672268907563,310.78190306102795
xgb1__hier__scratch__encoder__xgb1__ridge1000,hierarchy,scratch,encoder,xgb1,ridge1000,late,238,568.5491129667688,489.97282290987255,471.94969586302386,589.5451061294817,568.5392491886399,571.8882770053639,0.48739495798319327,573.7956453129149
xgb1__hier__scratch__encoder__xgb1__ridge1000,hierarchy,scratch,encoder,xgb1,ridge1000,four_year,476,457.14505431440574,361.3227169836119,293.09290533980106,474.6289923719596,437.6212465447991,571.8882770053639,0.5840336134453782,456.63508688639257
xgb1__hier__scratch__encoder__xgb1__xgb1,hierarchy,scratch,encoder,xgb1,xgb1,development,238,323.26848939976276,246.312518328126,157.36964110402346,346.62899372821437,322.68450179976315,342.1068738753662,0.6890756302521008,328.96261858187574
xgb1__hier__scratch__encoder__xgb1__xgb1,hierarchy,scratch,encoder,xgb1,xgb1,late,238,533.783054590277,447.55839135862317,418.89398337838526,569.9996934409583,529.6918054935667,595.6534652717448,0.4579831932773109,541.8144020287697
xgb1__hier__scratch__encoder__xgb1__xgb1,hierarchy,scratch,encoder,xgb1,xgb1,four_year,476,441.26345056356706,346.93545484337454,288.13181224120433,471.72624996698084,426.1881536466649,595.6534652717448,0.5735294117647058,445.11032618519494
xgb1__hier__scratch__encoder__xgb1__xgb2,hierarchy,scratch,encoder,xgb1,xgb2,development,238,321.4613310873707,245.02781132286628,154.7821455883074,344.5307289954974,320.941430896042,339.21669611614806,0.6974789915966386,327.0987055165702
xgb1__hier__scratch__encoder__xgb1__xgb2,hierarchy,scratch,encoder,xgb1,xgb2,late,238,532.2849637018852,446.1013772296633,417.12736907801195,568.8212648358334,528.2341101181406,593.7780456943123,0.4579831932773109,540.406325589436
xgb1__hier__scratch__encoder__xgb1__xgb2,hierarchy,scratch,encoder,xgb1,xgb2,four_year,476,439.69573000404574,345.5645942762648,285.9547573331597,470.2441145573255,424.5877705070913,593.7780456943123,0.5777310924369747,443.55583626812705
xgb1__hier__scratch__encoder__xgb1__zero,hierarchy,scratch,encoder,xgb1,zero,development,238,323.9199472191204,246.61757123403748,158.71574631916167,347.4650759485243,323.2763337716778,343.68574899065294,0.6848739495798319,329.6453260396107
xgb1__hier__scratch__encoder__xgb1__zero,hierarchy,scratch,encoder,xgb1,zero,late,238,535.7520286786809,449.48235264097184,421.18611068117156,571.91542067007,531.6218438710785,598.0180135831694,0.4579831932773109,543.7603304746276
xgb1__hier__scratch__encoder__xgb1__zero,hierarchy,scratch,encoder,xgb1,zero,four_year,476,442.6931038765794,348.04996193750463,289.9509285001666,473.1908850581005,427.4490888213781,598.0180135831694,0.5714285714285714,446.50654540815935
xgb1__hier__scratch__history__extra__extra,hierarchy,scratch,history,extra,extra,development,238,272.98633322305227,209.3928666566082,-10.885284996377907,279.4358689403251,272.3190866708895,291.39402209148545,0.7226890756302521,274.4319055143298
xgb1__hier__scratch__history__extra__extra,hierarchy,scratch,history,extra,extra,late,238,401.93791350630903,306.9841387005394,234.98210338386315,440.6181392577656,400.2187339578371,437.35431397203826,0.5714285714285714,411.1781750570552
xgb1__hier__scratch__history__extra__extra,hierarchy,scratch,history,extra,extra,four_year,476,343.5663141522845,258.1885026785738,112.04840919374263,368.9368167406245,336.2689103143633,437.35431397203826,0.6470588235294118,348.0845888398892
xgb1__hier__scratch__history__extra__ridge100,hierarchy,scratch,history,extra,ridge100,development,238,311.95524552967805,245.03067512739872,-65.11005034122452,306.66329211244465,311.19001149046585,333.0269517991597,0.7142857142857143,310.4409486655667
xgb1__hier__scratch__history__extra__ridge100,hierarchy,scratch,history,extra,ridge100,late,238,468.19377725987414,383.2666504518485,333.82172521878664,474.7700219439794,466.9027440840784,501.6481125758106,0.6302521008403361,469.51508013695155
xgb1__hier__scratch__history__extra__ridge100,hierarchy,scratch,history,extra,ridge100,four_year,476,397.8199896173836,314.1486627896236,134.3558374387811,399.6554443929978,389.04637778727215,501.6481125758106,0.6722689075630253,396.0854503537593
xgb1__hier__scratch__history__extra__ridge1000,hierarchy,scratch,history,extra,ridge1000,development,238,282.55425694298634,216.84923757827784,-39.19000622831536,283.98699794828116,282.0690053850742,298.62147703368817,0.6890756302521008,282.791129304832
xgb1__hier__scratch__history__extra__ridge1000,hierarchy,scratch,history,extra,ridge1000,late,238,427.3750214183187,343.39691136699076,291.7260815392987,444.5925379247963,427.07131581399165,443.1803238906619,0.5966386554621849,431.6034741438564
xgb1__hier__scratch__history__extra__ridge1000,hierarchy,scratch,history,extra,ridge1000,four_year,476,362.2749763983924,280.12307447263436,126.2680376554917,373.03561477564614,354.5701605995329,443.1803238906619,0.6428571428571429,363.038932042991
xgb1__hier__scratch__history__extra__xgb1,hierarchy,scratch,history,extra,xgb1,development,238,275.08414884038734,207.57825399135527,2.2877369711495246,286.5877150424477,274.1208622547728,297.121771365942,0.7394957983193278,277.7192187444988
xgb1__hier__scratch__history__extra__xgb1,hierarchy,scratch,history,extra,xgb1,late,238,403.1376079215231,312.39457383521443,240.64270917963793,435.3467986007645,401.42415392770283,438.5533818231984,0.5798319327731093,410.76154209287836
xgb1__hier__scratch__history__extra__xgb1,hierarchy,scratch,history,extra,xgb1,four_year,476,345.1023180622872,259.9864139132848,121.46522307539375,368.55077904217336,337.7725080912378,438.5533818231984,0.6596638655462185,349.1319808144964
xgb1__hier__scratch__history__extra__xgb2,hierarchy,scratch,history,extra,xgb2,development,238,274.3851068416809,207.2577089453099,-0.20583195513114036,285.5852619431279,273.4340679474426,296.25943414897284,0.7478991596638656,276.9473858934831
xgb1__hier__scratch__history__extra__xgb2,hierarchy,scratch,history,extra,xgb2,late,238,402.0093581576012,311.14314578469543,238.9629399802007,434.33554663116854,400.30853679788027,437.24902154059356,0.5798319327731093,409.66569993606277
xgb1__hier__scratch__history__extra__xgb2,hierarchy,scratch,history,extra,xgb2,four_year,476,344.16472139282894,259.20042736500267,119.37855401253478,367.56381004291006,336.8713023726614,437.24902154059356,0.6638655462184874,348.19113880030733
xgb1__hier__scratch__history__extra__zero,hierarchy,scratch,history,extra,zero,development,238,275.1696952614062,207.58886405248265,3.59067280099542,286.68578132449795,274.2015214374536,297.2641932610051,0.7352941176470589,277.806673321191
xgb1__hier__scratch__history__extra__zero,hierarchy,scratch,history,extra,zero,late,238,404.64476664676,313.92127792837545,242.83569659701558,436.9328090181996,402.898593187092,440.45003500325936,0.5798319327731093,412.2802338747029
xgb1__hier__scratch__history__extra__zero,hierarchy,scratch,history,extra,zero,four_year,476,346.0171587977004,260.75507099042903,123.21318469900551,369.5260591691554,338.55005731227277,440.45003500325936,0.657563025210084,350.0276085192072
xgb1__hier__scratch__history__ridge1000__extra,hierarchy,scratch,history,ridge1000,extra,development,238,310.81587106264044,236.39778959879158,136.74252187204002,334.8156126623488,310.0630597872813,331.68260325555894,0.6764705882352942,316.62760364372775
xgb1__hier__scratch__history__ridge1000__extra,hierarchy,scratch,history,ridge1000,extra,late,238,530.0264163183427,440.5194407692572,411.9682547977308,577.0619289953046,526.1596798277308,590.0658087892391,0.46218487394957986,540.8186103649302
xgb1__hier__scratch__history__ridge1000__extra,hierarchy,scratch,history,ridge1000,extra,four_year,476,434.47353642062774,338.4586151840243,274.35538833488545,471.75309451992257,418.1113698075061,590.0658087892391,0.569327731092437,439.702884292171
xgb1__hier__scratch__history__ridge1000__ridge100,hierarchy,scratch,history,ridge1000,ridge100,development,238,322.8059121928571,259.0777663299194,80.57000077484868,330.82951765043384,322.639045663259,333.01705896851115,0.6596638655462185,324.7700969248517
xgb1__hier__scratch__history__ridge1000__ridge100,hierarchy,scratch,history,ridge1000,ridge100,late,238,614.9295175085479,530.9817247597888,514.9876895484286,625.2559291500459,614.3684096800112,640.6318574839344,0.5504201680672269,617.3708434617881
xgb1__hier__scratch__history__ridge1000__ridge100,hierarchy,scratch,history,ridge1000,ridge100,four_year,476,491.0916250812866,395.0297455448541,297.7788451616386,500.19653471715793,468.50372767163503,640.6318574839344,0.6050420168067226,487.72087813784157
xgb1__hier__scratch__history__ridge1000__ridge1000,hierarchy,scratch,history,ridge1000,ridge1000,development,238,305.396848680792,231.05383915387884,107.45152110420266,319.268922055012,304.4386295248634,328.6120868113486,0.680672268907563,308.62531223536485
xgb1__hier__scratch__history__ridge1000__ridge1000,hierarchy,scratch,history,ridge1000,ridge1000,late,238,568.1788259753035,489.3971330373344,471.0413416775479,591.3003126221104,568.1671710305812,571.8064085579323,0.49159663865546216,573.9562839008247
xgb1__hier__scratch__history__ridge1000__ridge1000,hierarchy,scratch,history,ridge1000,ridge1000,four_year,476,456.12192091086393,360.22548609560664,289.2464313908753,475.1677094969601,436.3029002777223,571.8064085579323,0.5861344537815126,455.9286128991026
xgb1__hier__scratch__history__ridge1000__xgb1,hierarchy,scratch,history,ridge1000,xgb1,development,238,320.26864489726273,243.42688336145628,150.5244407814076,344.76437570676416,319.7491640774293,337.9831152705779,0.6932773109243697,326.26270739467975
xgb1__hier__scratch__history__ridge1000__xgb1,hierarchy,scratch,history,ridge1000,xgb1,late,238,533.5324603360535,446.8502312946876,418.00385685068886,571.7827923669489,529.443263041333,595.3729032071071,0.4579831932773109,542.0727440200973
xgb1__hier__scratch__history__ridge1000__xgb1,hierarchy,scratch,history,ridge1000,xgb1,four_year,476,440.0164151123067,345.13855732807195,284.26414881604825,472.12182559346917,424.59621355938117,595.3729032071071,0.5756302521008403,444.1877173443659
xgb1__hier__scratch__history__ridge1000__xgb2,hierarchy,scratch,history,ridge1000,xgb2,development,238,318.52150853150073,242.23618606775696,147.94324650588624,342.69812776647296,318.05882429979295,335.2208662009286,0.6890756302521008,324.4499922823169
xgb1__hier__scratch__history__ridge1000__xgb2,hierarchy,scratch,history,ridge1000,xgb2,late,238,532.046561190944,445.41087350666004,416.23887892438654,570.6137924865196,527.9984356150746,593.5056509668412,0.4579831932773109,540.6763376208705
xgb1__hier__scratch__history__ridge1000__xgb2,hierarchy,scratch,history,ridge1000,xgb2,four_year,476,438.48004211839094,343.82352978720854,282.0910627151364,470.6602314570962,423.02862995743385,593.5056509668412,0.5735294117647058,442.662236412828
xgb1__hier__scratch__history__ridge1000__zero,hierarchy,scratch,history,ridge1000,zero,development,238,320.89077571132964,243.72974375428112,151.86769015692857,345.5815639064375,320.3175856115766,339.4887693149678,0.6974789915966386,326.92017523516836
xgb1__hier__scratch__history__ridge1000__zero,hierarchy,scratch,history,ridge1000,zero,late,238,535.4939094569211,448.7732829809132,420.2948336140191,573.6944358717138,531.3655703859773,597.7309052667878,0.46218487394957986,544.0119562928833
xgb1__hier__scratch__history__ridge1000__zero,hierarchy,scratch,history,ridge1000,zero,four_year,476,441.4321108630839,346.25151336759717,286.08126188547385,473.5778304894472,425.841577998777,597.7309052667878,0.5798319327731093,445.570907553598
xgb1__hier__scratch__history__ridge100__extra,hierarchy,scratch,history,ridge100,extra,development,238,304.7959065860939,233.83658011388684,102.72410887289205,333.73899574216915,304.41730460882707,319.6044480642452,0.6722689075630253,311.93702838079605
xgb1__hier__scratch__history__ridge100__extra,hierarchy,scratch,history,ridge100,extra,late,238,540.3276081641542,447.35950323812085,418.35372117486196,601.0553520841427,536.3512612252343,601.7825131351304,0.4579831932773109,554.5154574094213
xgb1__hier__scratch__history__ridge100__extra,hierarchy,scratch,history,ridge100,extra,four_year,476,438.6652874436469,340.5980416760038,260.538915023877,486.1323140606806,420.38428291703065,601.7825131351304,0.5651260504201681,445.9617929662512
xgb1__hier__scratch__history__ridge100__ridge100,hierarchy,scratch,history,ridge100,ridge100,development,238,323.1314106100557,261.68156604644724,47.07497517832793,334.0975523306511,323.0835999454202,328.6420142113862,0.6596638655462185,325.8609933740457
xgb1__hier__scratch__history__ridge100__ridge100,hierarchy,scratch,history,ridge100,ridge100,late,238,622.7773477304693,538.5002455073594,521.2083839933358,648.1716842430546,622.0193667789736,652.7363359993001,0.5378151260504201,628.9364366207417
xgb1__hier__scratch__history__ridge100__ridge100,hierarchy,scratch,history,ridge100,ridge100,four_year,476,496.1176943876535,400.0909057769033,284.14167958583187,515.629569908384,472.5514833621969,652.7363359993001,0.5987394957983193,495.10411051147196
xgb1__hier__scratch__history__ridge100__ridge1000,hierarchy,scratch,history,ridge100,ridge1000,development,238,299.39799207426046,230.14130817167785,73.47229563658678,317.0485063748239,298.88505112284395,316.4031524296031,0.680672268907563,303.6823854115472
xgb1__hier__scratch__history__ridge100__ridge1000,hierarchy,scratch,history,ridge100,ridge1000,late,238,577.0975472968831,496.6673223434899,477.3380402215591,614.750230636237,577.0782887466669,581.7929205771252,0.5,586.5059034941676
xgb1__hier__scratch__history__ridge100__ridge1000,hierarchy,scratch,history,ridge100,ridge1000,four_year,476,459.71770509421174,363.4043152575839,275.40516792907295,489.09999052433716,437.9816699347554,581.7929205771252,0.5903361344537815,461.62926766187906
xgb1__hier__scratch__history__ridge100__xgb1,hierarchy,scratch,history,ridge100,xgb1,development,238,311.2101856014736,237.58638328264186,116.2646398112481,342.18403303997536,311.00075729906,322.4160357238207,0.6932773109243697,318.90129038549566
xgb1__hier__scratch__history__ridge100__xgb1,hierarchy,scratch,history,ridge100,xgb1,late,238,542.7343607148766,452.86998811882,424.28457590744244,594.8200113410045,538.5439693639065,605.8565191770992,0.4579831932773109,554.708175533666
xgb1__hier__scratch__history__ridge100__xgb1,hierarchy,scratch,history,ridge100,xgb1,four_year,476,442.3869154499766,345.22818570073093,270.2746078593453,485.23229404029547,424.77236333148323,605.8565191770992,0.5756302521008403,448.694622067933
xgb1__hier__scratch__history__ridge100__xgb2,hierarchy,scratch,history,ridge100,xgb2,development,238,309.8375698789916,236.89951422280126,113.71898941321774,340.2903783616191,309.64826418823304,320.47749286497765,0.6932773109243697,317.4034455769588
xgb1__hier__scratch__history__ridge100__xgb2,hierarchy,scratch,history,ridge100,xgb2,late,238,541.3143237061753,451.49231974792104,422.52479226100286,593.707283339972,537.1713182260734,604.0157041140188,0.4579831932773109,553.376812244599
xgb1__hier__scratch__history__ridge100__xgb2,hierarchy,scratch,history,ridge100,xgb2,four_year,476,441.0331715177403,344.1959169853612,268.1218908371103,483.88318832979917,423.40979120715315,604.0157041140188,0.5756302521008403,447.3398306431082
xgb1__hier__scratch__history__ridge100__zero,hierarchy,scratch,history,ridge100,zero,development,238,311.6582870655884,237.61982531399883,117.5919278120358,342.9155634638608,311.42518472012915,323.47683268587036,0.6932773109243697,319.4143305787917
xgb1__hier__scratch__history__ridge100__zero,hierarchy,scratch,history,ridge100,zero,late,238,544.6649513220342,454.80662714593416,426.57452481155053,596.7176426719559,540.4338700090061,608.1918315022695,0.4579831932773109,556.6203538312576
xgb1__hier__scratch__history__ridge100__zero,hierarchy,scratch,history,ridge100,zero,four_year,476,443.72896969619336,346.2132262299665,272.08322631179317,486.6533821631743,425.92952736456766,608.1918315022695,0.5756302521008403,450.01021223003215
xgb1__hier__scratch__history__ridge10__extra,hierarchy,scratch,history,ridge10,extra,development,238,331.0461025959638,261.686946956389,55.95513529141539,366.26975909076197,330.7874660306937,343.87082802102606,0.6680672268907563,339.7873575783458
xgb1__hier__scratch__history__ridge10__extra,hierarchy,scratch,history,ridge10,extra,late,238,582.8938734711048,480.69913194945485,452.0534791608444,670.4786447650066,577.365043516346,657.4579536614791,0.4579831932773109,603.4078588058906
xgb1__hier__scratch__history__ridge10__extra,hierarchy,scratch,history,ridge10,extra,four_year,476,474.0025262454441,371.193039452922,254.0043072261299,540.2291872484884,454.07625477351985,657.4579536614791,0.5630252100840336,485.5776236282241
xgb1__hier__scratch__history__ridge10__ridge100,hierarchy,scratch,history,ridge10,ridge100,development,238,354.7733905060406,287.46452693927233,1.0261620166541763,368.470734075951,354.75420196270306,358.44402593645157,0.6596638655462185,358.19292926268383
xgb1__hier__scratch__history__ridge10__ridge100,hierarchy,scratch,history,ridge10,ridge100,late,238,659.5273223733728,572.090721421129,554.8153999448355,712.8974318059621,658.995000310156,685.487990386938,0.49159663865546216,672.7367692157159
xgb1__hier__scratch__history__ridge10__ridge100,hierarchy,scratch,history,ridge10,ridge100,four_year,476,529.547187495195,429.7776241802007,277.9207809807448,567.4475438954717,506.8746011364295,685.487990386938,0.5756302521008403,533.3541300055728
xgb1__hier__scratch__history__ridge10__ridge1000,hierarchy,scratch,history,ridge10,ridge1000,development,238,323.14068641209764,255.82636063045777,26.569665801444415,344.4474961197583,322.77742629159127,338.09526855014695,0.6764705882352942,328.3765738088862
xgb1__hier__scratch__history__ridge10__ridge1000,hierarchy,scratch,history,ridge10,ridge1000,late,238,616.1920235423742,529.7956593866975,510.94247309891745,681.7008684983986,616.1693435461375,621.456114882949,0.46638655462184875,632.5635647823211
xgb1__hier__scratch__history__ridge10__ridge1000,hierarchy,scratch,history,ridge10,ridge1000,four_year,476,491.9921305733087,392.8110100085776,268.7560694501809,540.0741392136092,469.4733849188644,621.456114882949,0.5714285714285714,498.38294631977277
xgb1__hier__scratch__history__ridge10__xgb1,hierarchy,scratch,history,ridge10,xgb1,development,238,331.59054338149804,260.1041146198127,69.0529654894323,371.063716138288,331.5134835968647,338.66181581553275,0.6722689075630253,341.43957162453717
xgb1__hier__scratch__history__ridge10__xgb1,hierarchy,scratch,history,ridge10,xgb1,late,238,583.819535463258,485.95413060375745,457.860525247457,662.9219854308783,578.0306801412901,660.0415501764998,0.453781512605042,602.1479341246711
xgb1__hier__scratch__history__ridge10__xgb1,hierarchy,scratch,history,ridge10,xgb1,four_year,476,474.7618026171501,373.0291226117851,263.4567453684447,537.1935592512133,454.77208186907734,660.0415501764998,0.5630252100840336,485.3723115886477
xgb1__hier__scratch__history__ridge10__xgb2,hierarchy,scratch,history,ridge10,xgb2,development,238,330.9228836541589,259.9442823104262,66.5708244801431,369.432559292228,330.83753488029043,338.35288186606635,0.6722689075630253,340.52896537020905
xgb1__hier__scratch__history__ridge10__xgb2,hierarchy,scratch,history,ridge10,xgb2,late,238,582.4644379326083,484.57639258254886,456.09673861333255,661.855161597823,576.7444401870515,658.1733795727145,0.46218487394957986,600.8821194125228
xgb1__hier__scratch__history__ridge10__xgb2,hierarchy,scratch,history,ridge10,xgb2,four_year,476,473.69545933127404,372.26033744648754,261.33378154673784,535.9723270836313,453.79098753367094,658.1733795727145,0.5672268907563025,484.2885583199626
xgb1__hier__scratch__history__ridge10__zero,hierarchy,scratch,history,ridge10,zero,development,238,331.7523097213034,259.99555765812545,70.35265737788454,371.7356958470806,331.6729244594016,338.930071692832,0.6722689075630253,341.72830993727223
xgb1__hier__scratch__history__ridge10__zero,hierarchy,scratch,history,ridge10,zero,late,238,585.7348540670324,487.9043657257554,460.1623241850531,664.8291084374074,579.896435919859,662.391544116482,0.453781512605042,604.0488131228328
xgb1__hier__scratch__history__ridge10__zero,hierarchy,scratch,history,ridge10,zero,four_year,476,475.9962784908866,373.9499616919405,265.25749078146885,538.602437328588,455.7846801896303,662.391544116482,0.5630252100840336,486.5949186249979
xgb1__hier__scratch__history__xgb1__extra,hierarchy,scratch,history,xgb1,extra,development,238,313.333047112888,238.54740922727476,143.54512413209494,336.4677717195248,312.5002554421312,335.32981438771765,0.6890756302521008,318.908530346858
xgb1__hier__scratch__history__xgb1__extra,hierarchy,scratch,history,xgb1,extra,late,238,530.0919295016431,441.1159853120382,412.8388128975463,575.1284165394102,526.2268832949868,590.1230570491273,0.46638655462184875,540.3847897094208
xgb1__hier__scratch__history__xgb1__extra,hierarchy,scratch,history,xgb1,extra,four_year,476,435.41649723903566,339.8316972696565,278.19196851482064,471.1598756881954,419.363569368559,590.1230570491273,0.5777310924369747,440.33910988370644
xgb1__hier__scratch__history__xgb1__ridge100,hierarchy,scratch,history,xgb1,ridge100,development,238,324.01840729167765,259.53170542756504,87.27061890704938,331.4847495917994,323.82397753467393,335.0471605706263,0.6554621848739496,325.8363854274572
xgb1__hier__scratch__history__xgb1__ridge100,hierarchy,scratch,history,xgb1,ridge100,late,238,615.5073233667088,531.6074364156793,515.9274916174242,623.6219878966132,614.9790842923431,640.4740053748138,0.5504201680672269,617.4039297305934
xgb1__hier__scratch__history__xgb1__ridge100,hierarchy,scratch,history,xgb1,ridge100,four_year,476,491.8522102125219,395.56957092162224,301.59905526223673,499.3928929210254,469.4015309135085,640.4740053748138,0.6029411764705882,488.1247110648944
xgb1__hier__scratch__history__xgb1__ridge1000,hierarchy,scratch,history,xgb1,ridge1000,development,238,307.7581965000159,232.67261105735113,114.23611481657825,320.90797534312156,306.7032439009582,332.1635599550013,0.680672268907563,310.78190306102795
xgb1__hier__scratch__history__xgb1__ridge1000,hierarchy,scratch,history,xgb1,ridge1000,late,238,568.5491129667688,489.97282290987255,471.94969586302386,589.5451061294817,568.5392491886399,571.8882770053639,0.48739495798319327,573.7956453129149
xgb1__hier__scratch__history__xgb1__ridge1000,hierarchy,scratch,history,xgb1,ridge1000,four_year,476,457.14505431440574,361.3227169836119,293.09290533980106,474.6289923719596,437.6212465447991,571.8882770053639,0.5840336134453782,456.63508688639257
xgb1__hier__scratch__history__xgb1__xgb1,hierarchy,scratch,history,xgb1,xgb1,development,238,323.26848939976276,246.312518328126,157.36964110402346,346.62899372821437,322.68450179976315,342.1068738753662,0.6890756302521008,328.96261858187574
xgb1__hier__scratch__history__xgb1__xgb1,hierarchy,scratch,history,xgb1,xgb1,late,238,533.783054590277,447.55839135862317,418.89398337838526,569.9996934409583,529.6918054935667,595.6534652717448,0.4579831932773109,541.8144020287697
xgb1__hier__scratch__history__xgb1__xgb1,hierarchy,scratch,history,xgb1,xgb1,four_year,476,441.26345056356706,346.93545484337454,288.13181224120433,471.72624996698084,426.1881536466649,595.6534652717448,0.5735294117647058,445.11032618519494
xgb1__hier__scratch__history__xgb1__xgb2,hierarchy,scratch,history,xgb1,xgb2,development,238,321.4613310873707,245.02781132286628,154.7821455883074,344.5307289954974,320.941430896042,339.21669611614806,0.6974789915966386,327.0987055165702
xgb1__hier__scratch__history__xgb1__xgb2,hierarchy,scratch,history,xgb1,xgb2,late,238,532.2849637018852,446.1013772296633,417.12736907801195,568.8212648358334,528.2341101181406,593.7780456943123,0.4579831932773109,540.406325589436
xgb1__hier__scratch__history__xgb1__xgb2,hierarchy,scratch,history,xgb1,xgb2,four_year,476,439.69573000404574,345.5645942762648,285.9547573331597,470.2441145573255,424.5877705070913,593.7780456943123,0.5777310924369747,443.55583626812705
xgb1__hier__scratch__history__xgb1__zero,hierarchy,scratch,history,xgb1,zero,development,238,323.9199472191204,246.61757123403748,158.71574631916167,347.4650759485243,323.2763337716778,343.68574899065294,0.6848739495798319,329.6453260396107
xgb1__hier__scratch__history__xgb1__zero,hierarchy,scratch,history,xgb1,zero,late,238,535.7520286786809,449.48235264097184,421.18611068117156,571.91542067007,531.6218438710785,598.0180135831694,0.4579831932773109,543.7603304746276
xgb1__hier__scratch__history__xgb1__zero,hierarchy,scratch,history,xgb1,zero,four_year,476,442.6931038765794,348.04996193750463,289.9509285001666,473.1908850581005,427.4490888213781,598.0180135831694,0.5714285714285714,446.50654540815935
xgb1__hier__scratch__physical__extra__extra,hierarchy,scratch,physical,extra,extra,development,238,388.7764537322203,312.1934159361461,197.90816900257968,426.36118169493085,380.92596955290514,458.65972474831847,0.6764705882352942,396.2100146780692
xgb1__hier__scratch__physical__extra__extra,hierarchy,scratch,physical,extra,extra,late,238,499.7132621259076,392.1854521561052,332.2718990778503,559.6003746269083,486.3419050550374,601.1674062816944,0.46638655462184875,511.3422009834402
xgb1__hier__scratch__physical__extra__extra,hierarchy,scratch,physical,extra,extra,four_year,476,447.6943574142505,352.18943404612565,265.09003404021496,497.4617756867727,433.63393730397127,601.1674062816944,0.5714285714285714,456.62110695481124
xgb1__hier__scratch__physical__extra__ridge100,hierarchy,scratch,physical,extra,ridge100,development,238,413.1376942014376,339.7818043333543,142.9940688039833,454.06158588133786,408.9285593533184,467.75191963900863,0.6680672268907563,422.31638340938287
xgb1__hier__scratch__physical__extra__ridge100,hierarchy,scratch,physical,extra,ridge100,late,238,549.0868572309201,460.5255510092372,430.8170388526543,557.9655255851042,547.7372745974342,586.2113541875152,0.542016806722689,550.9691286610946
xgb1__hier__scratch__physical__extra__ridge100,hierarchy,scratch,physical,extra,ridge100,four_year,476,485.89048722619043,400.15367767129567,286.90555382831883,508.6734962205802,478.33291697537624,586.2113541875152,0.6050420168067226,489.69684691208437
xgb1__hier__scratch__physical__extra__ridge1000,hierarchy,scratch,physical,extra,ridge1000,development,238,379.15658278693223,304.3772807351458,168.22674910333737,410.5846829176433,374.7415432774809,432.43461056182383,0.7016806722689075,385.9098479422472
xgb1__hier__scratch__physical__extra__ridge1000,hierarchy,scratch,physical,extra,ridge1000,late,238,515.4175116247492,421.3729374785186,388.6985423882302,544.7703324520731,512.1501188869009,570.0937726686711,0.49159663865546216,521.9388686471182
xgb1__hier__scratch__physical__extra__ridge1000,hierarchy,scratch,physical,extra,ridge1000,four_year,476,452.4460882580997,362.87510910683227,278.46264574578373,482.36630114806104,443.4458310821909,570.0937726686711,0.5966386554621849,457.6760771866128
xgb1__hier__scratch__physical__extra__xgb1,hierarchy,scratch,physical,extra,xgb1,development,238,406.5097008076216,325.18370152210565,212.53390499786906,445.3688029833941,398.12044726295585,480.2803299420713,0.6890756302521008,414.12716296539827
xgb1__hier__scratch__physical__extra__xgb1,hierarchy,scratch,physical,extra,xgb1,late,238,502.9289108447471,400.03252614283406,338.23593410470545,555.422083188152,489.7515330881632,604.1234055100022,0.47058823529411764,512.7578594914523
xgb1__hier__scratch__physical__extra__xgb1,hierarchy,scratch,physical,extra,xgb1,four_year,476,457.26776959139903,362.6081138324699,275.3849195512872,503.4118895913801,443.93599017555954,604.1234055100022,0.5798319327731093,465.4708547374344
xgb1__hier__scratch__physical__extra__xgb2,hierarchy,scratch,physical,extra,xgb2,development,238,405.4779732205274,324.7348928815718,209.98955791619363,444.01080811388334,396.9802137456941,479.5580355954488,0.6974789915966386,412.9867420751581
xgb1__hier__scratch__physical__extra__xgb2,hierarchy,scratch,physical,extra,xgb2,late,238,501.3637465779632,398.2062352756989,336.4800510648481,553.9481355474286,488.2044462843545,602.3185339811804,0.46638655462184875,511.2200187469274
xgb1__hier__scratch__physical__extra__xgb2,hierarchy,scratch,physical,extra,xgb2,four_year,476,455.9484582437574,361.47056407863533,273.23480449052084,501.9980749955203,442.59233001502423,602.3185339811804,0.5819327731092437,464.12183037451484
xgb1__hier__scratch__physical__extra__zero,hierarchy,scratch,physical,extra,zero,development,238,406.30994995019165,324.93734922837416,213.81579987015573,445.2714866634357,398.0021328513752,479.7461092305771,0.6890756302521008,413.9733798537985
xgb1__hier__scratch__physical__extra__zero,hierarchy,scratch,physical,extra,zero,late,238,504.7799745516419,401.9497894771515,340.4980915444109,557.314394948714,491.5276506503661,606.4336616092706,0.46638655462184875,514.600498675591
xgb1__hier__scratch__physical__extra__zero,hierarchy,scratch,physical,extra,zero,four_year,476,458.19788199907885,363.44356935276284,277.1569457072833,504.41353652163093,444.7648917508707,606.4336616092706,0.5777310924369747,466.3935480676648
xgb1__hier__scratch__physical__ridge1000__extra,hierarchy,scratch,physical,ridge1000,extra,development,238,382.08946711376063,305.5033911333758,185.31479866364734,424.43480556208664,375.54533981577913,445.95882305534417,0.680672268907563,391.03976990134674
xgb1__hier__scratch__physical__ridge1000__extra,hierarchy,scratch,physical,ridge1000,extra,late,238,441.72959448820495,343.06439604637217,263.9115190591448,489.63288811547244,433.44556848517686,518.5923465056975,0.49159663865546216,451.6344113942648
xgb1__hier__scratch__physical__ridge1000__extra,hierarchy,scratch,physical,ridge1000,extra,four_year,476,412.9875273697691,324.283893589874,224.61315886139602,458.1949744905683,404.495454150478,518.5923465056975,0.5861344537815126,422.16637084514616
xgb1__hier__scratch__physical__ridge1000__ridge100,hierarchy,scratch,physical,ridge1000,ridge100,development,238,407.671708468237,335.826938600702,130.51113596268976,451.7402280808657,404.26232792553674,456.87593933586504,0.6596638655462185,417.8364932357191
xgb1__hier__scratch__physical__ridge1000__ridge100,hierarchy,scratch,physical,ridge1000,ridge100,late,238,490.53119458627503,403.6931094829649,361.586392931079,495.3078302743233,489.98712657947715,513.0840668232713,0.5756302521008403,491.58933650658764
xgb1__hier__scratch__physical__ridge1000__ridge100,hierarchy,scratch,physical,ridge1000,ridge100,four_year,476,451.0083562128584,369.7600240418335,246.04876444688438,474.02483078295086,447.12472725250694,513.0840668232713,0.6176470588235294,455.7915676152937
xgb1__hier__scratch__physical__ridge1000__ridge1000,hierarchy,scratch,physical,ridge1000,ridge1000,development,238,373.0525969891606,298.33826323913826,155.70475093200784,408.9578540656154,369.5677631799854,420.43925360929467,0.6932773109243697,381.1577028059805
xgb1__hier__scratch__physical__ridge1000__ridge1000,hierarchy,scratch,physical,ridge1000,ridge1000,late,238,455.4458634791425,365.74204325743074,319.77859621301536,477.6627167617382,453.8542497572746,491.89704851765885,0.5504201680672269,460.6021733693244
xgb1__hier__scratch__physical__ridge1000__ridge1000,hierarchy,scratch,physical,ridge1000,ridge1000,four_year,476,416.2926702937603,332.0401532482845,237.7416735725116,444.63929054130926,411.71100646863,491.89704851765885,0.6218487394957983,422.23390939936496
xgb1__hier__scratch__physical__ridge1000__xgb1,hierarchy,scratch,physical,ridge1000,xgb1,development,238,399.0847170931895,317.78732475272625,199.8479769941291,443.19630319499686,392.00051145006256,466.861786086823,0.6932773109243697,408.34156220785957
xgb1__hier__scratch__physical__ridge1000__xgb1,hierarchy,scratch,physical,ridge1000,xgb1,late,238,444.5531536614115,349.6483271434363,269.75792743629347,485.7162184094275,436.28709941296984,521.6163049414637,0.5084033613445378,452.7774062863051
xgb1__hier__scratch__physical__ridge1000__xgb1,hierarchy,scratch,physical,ridge1000,xgb1,four_year,476,422.43112920786126,333.7178259480813,234.80295221521126,464.94258139670654,414.14380543151617,521.6163049414637,0.6008403361344538,430.98716131098627
xgb1__hier__scratch__physical__ridge1000__xgb2,hierarchy,scratch,physical,ridge1000,xgb2,development,238,398.06595257189696,317.4221479282748,197.30750297805884,441.82874493462333,390.89561314998565,466.1094564041929,0.7016806722689075,407.2140658071007
xgb1__hier__scratch__physical__ridge1000__xgb2,hierarchy,scratch,physical,ridge1000,xgb2,late,238,443.17961989942495,348.1123052565111,268.0436276503336,484.39411224199046,434.9459007147576,519.9767124574843,0.5084033613445378,451.4248131888995
xgb1__hier__scratch__physical__ridge1000__xgb2,hierarchy,scratch,physical,ridge1000,xgb2,four_year,476,421.2271822254415,332.76722659239294,232.6755653141962,463.6002026666999,412.92075693237166,519.9767124574843,0.6050420168067226,429.7438310124886
xgb1__hier__scratch__physical__ridge1000__zero,hierarchy,scratch,physical,ridge1000,zero,development,238,398.8979480736642,317.5519125654783,201.13056934092526,443.1184112292944,391.8802826549395,466.37469213420457,0.6932773109243697,408.1986475078906
xgb1__hier__scratch__physical__ridge1000__zero,hierarchy,scratch,physical,ridge1000,zero,late,238,446.21335642027657,351.26582027049017,271.978355235782,487.46538723485315,437.8599102081005,523.7962731774685,0.5084033613445378,454.4380025708767
xgb1__hier__scratch__physical__ridge1000__zero,hierarchy,scratch,physical,ridge1000,zero,four_year,476,423.2173982867602,334.4088664179842,236.55446228835362,465.81993845390485,414.87009643152,523.7962731774685,0.6008403361344538,431.7812078647363
xgb1__hier__scratch__physical__ridge100__extra,hierarchy,scratch,physical,ridge100,extra,development,238,439.8545689917747,346.3034710550983,151.26681872266607,519.7754871038343,426.0451137037119,535.3959388132239,0.6890756302521008,456.38243469777393
xgb1__hier__scratch__physical__ridge100__extra,hierarchy,scratch,physical,ridge100,extra,late,238,385.105322610868,304.47414175712413,-159.33805573491864,395.6452961933555,379.81344769494865,443.43619876166395,0.6638655462184874,386.41734727751
xgb1__hier__scratch__physical__ridge100__extra,hierarchy,scratch,physical,ridge100,extra,four_year,476,413.3873192093346,325.38880640611114,-4.035618506126274,461.89920837448733,402.92928069933026,535.3959388132239,0.6764705882352942,422.9007818731217
xgb1__hier__scratch__physical__ridge100__ridge100,hierarchy,scratch,physical,ridge100,ridge100,development,238,477.2549269167242,386.03469889509824,98.16448967939826,560.9284745302606,470.56764721833133,550.181431563078,0.6932773109243697,496.50149389551007
xgb1__hier__scratch__physical__ridge100__ridge100,hierarchy,scratch,physical,ridge100,ridge100,late,238,329.8656653130526,248.4312905046403,-72.22630825700874,319.06795414158023,328.57933873060404,357.68217900061535,0.7100840336134454,326.84465587457237
xgb1__hier__scratch__physical__ridge100__ridge100,hierarchy,scratch,physical,ridge100,ridge100,four_year,476,410.2338494192736,317.23299469986927,12.96909071119473,456.31409845573404,399.5734929744677,550.181431563078,0.7016806722689075,419.0888225671872
xgb1__hier__scratch__physical__ridge100__ridge1000,hierarchy,scratch,physical,ridge100,ridge1000,development,238,430.1901188958414,341.71024122182683,121.64742863908806,503.7249065968549,421.9220779643142,505.85835451917075,0.7016806722689075,446.50680558821296
xgb1__hier__scratch__physical__ridge100__ridge1000,hierarchy,scratch,physical,ridge100,ridge1000,late,238,341.05716019915894,261.4956987187402,-109.35349488945448,340.08295920824327,338.53553923464807,379.93209945673436,0.7016806722689075,340.1832047103023
xgb1__hier__scratch__physical__ridge100__ridge1000,hierarchy,scratch,physical,ridge100,ridge1000,four_year,476,388.1903688390098,301.6029699702835,6.146966874816803,429.764587111273,380.2288085994811,505.85835451917075,0.7016806722689075,396.59353334719344
xgb1__hier__scratch__physical__ridge100__xgb1,hierarchy,scratch,physical,ridge100,xgb1,development,238,454.90528234619063,357.87313264635975,165.7601793462595,538.1715828979098,440.55390983747213,553.9164628846926,0.6932773109243697,472.13401435694084
xgb1__hier__scratch__physical__ridge100__xgb1,hierarchy,scratch,physical,ridge100,xgb1,late,238,381.09729505182577,299.943259176,-154.3770718337328,395.39617530121825,374.3405186131224,445.7850734810541,0.6638655462184874,382.982821004498
xgb1__hier__scratch__physical__ridge100__xgb1,hierarchy,scratch,physical,ridge100,xgb1,four_year,476,419.6271941868673,328.9081959111799,5.691553756263358,472.2111752604303,407.4472142252973,553.9164628846926,0.6785714285714286,429.72819446486557
xgb1__hier__scratch__physical__ridge100__xgb2,hierarchy,scratch,physical,ridge100,xgb2,development,238,454.42139900997944,357.9376928226603,163.27754324241835,537.2295327431447,440.2426514074073,552.8713145441193,0.6932773109243697,471.5787455426277
xgb1__hier__scratch__physical__ridge100__xgb2,hierarchy,scratch,physical,ridge100,xgb2,late,238,381.27267906595864,300.02903165461663,-155.895596111496,394.8305017590424,374.62789975106006,445.4995621433251,0.6680672268907563,383.00093991050494
xgb1__hier__scratch__physical__ridge100__xgb2,hierarchy,scratch,physical,ridge100,xgb2,four_year,476,419.44467077334554,328.98336223863845,3.6909735654611753,471.4375334923572,407.4352755792337,552.8713145441193,0.680672268907563,429.44053765457045
xgb1__hier__scratch__physical__ridge100__zero,hierarchy,scratch,physical,ridge100,zero,development,238,454.37927356613665,357.1304000782095,166.99996689223264,537.7708153618173,439.90951657195893,553.664259224366,0.6932773109243697,471.60971976651234
xgb1__hier__scratch__physical__ridge100__zero,hierarchy,scratch,physical,ridge100,zero,late,238,380.65117181945044,299.5536758732304,-152.38655941899336,395.48134435844713,373.9316382640551,445.1386920767261,0.6596638655462185,382.6788315653507
xgb1__hier__scratch__physical__ridge100__zero,hierarchy,scratch,physical,ridge100,zero,four_year,476,419.13949876742157,328.34203797572,7.306703736619629,472.01850789480625,406.920577418007,553.664259224366,0.6764705882352942,429.3045207119141
xgb1__hier__scratch__physical__ridge10__extra,hierarchy,scratch,physical,ridge10,extra,development,238,396.8382254744779,304.54446676271164,22.766195919479454,469.40230602382877,394.3124603006115,439.0143713270007,0.6848739495798319,414.347804318349
xgb1__hier__scratch__physical__ridge10__extra,hierarchy,scratch,physical,ridge10,extra,late,238,699.5314480266654,631.1063251883413,-617.0119033220034,690.4177740027169,693.8845758625234,782.5888156618101,0.5672268907563025,695.8413114796427
xgb1__hier__scratch__physical__ridge10__extra,hierarchy,scratch,physical,ridge10,extra,four_year,476,568.6936011491672,467.82539597552653,-297.12285370126204,590.3453343422623,544.0985180815675,782.5888156618101,0.6260504201680672,567.957763680541
xgb1__hier__scratch__physical__ridge10__ridge100,hierarchy,scratch,physical,ridge10,ridge100,development,238,450.0874469753567,363.69822878863437,-28.889033244161105,524.7136504288793,449.7170377551139,467.973430541203,0.6512605042016807,468.6513955336767
xgb1__hier__scratch__physical__ridge10__ridge100,hierarchy,scratch,physical,ridge10,ridge100,late,238,625.7891222781374,556.3560024943467,-539.4231097154718,623.383722385256,625.5344532126014,643.3858790843188,0.6008403361344538,625.124105038533
xgb1__hier__scratch__physical__ridge10__ridge100,hierarchy,scratch,physical,ridge10,ridge100,four_year,476,545.0645537394796,460.02711564149064,-284.1560714798165,576.1647682222933,537.6257454838576,643.3858790843188,0.6260504201680672,550.9799052962776
xgb1__hier__scratch__physical__ridge10__ridge1000,hierarchy,scratch,physical,ridge10,ridge1000,development,238,394.635892923928,309.5328744465568,-6.116769331321206,460.2401502484538,393.96215429647316,417.0122945552184,0.680672268907563,410.8685225981958
xgb1__hier__scratch__physical__ridge10__ridge1000,hierarchy,scratch,physical,ridge10,ridge1000,late,238,653.6062013553545,587.5090603996545,-572.3499834269967,648.7283768773073,652.4349101936241,691.5469851937287,0.5798319327731093,652.09392244541
xgb1__hier__scratch__physical__ridge10__ridge1000,hierarchy,scratch,physical,ridge10,ridge1000,four_year,476,539.8789468177298,448.5209674231056,-289.233376379159,562.4364421277238,523.1985322450487,691.5469851937287,0.6302521008403361,541.348217002058
xgb1__hier__scratch__physical__ridge10__xgb1,hierarchy,scratch,physical,ridge10,xgb1,development,238,405.1209567913095,309.87267285909996,36.493973307529174,483.8210727675049,402.53709381140897,448.21945077086343,0.6932773109243697,424.15002004038325
xgb1__hier__scratch__physical__ridge10__xgb1,hierarchy,scratch,physical,ridge10,xgb1,late,238,695.1157688534814,625.6765240820704,-612.8624169127861,693.8764006687973,688.5096487770359,784.1150652014697,0.5672268907563025,693.1543967881989
xgb1__hier__scratch__physical__ridge10__xgb1,hierarchy,scratch,physical,ridge10,xgb1,four_year,476,568.9063726749212,467.7745984705851,-288.18422180262854,598.1418267681105,545.5233712942224,784.1150652014697,0.6302521008403361,570.3694858530439
xgb1__hier__scratch__physical__ridge10__xgb2,hierarchy,scratch,physical,ridge10,xgb2,development,238,405.0820600867209,310.4681854255356,34.064138029807005,483.3300852973281,402.6563734106347,446.92058418974256,0.6932773109243697,424.0376447203512
xgb1__hier__scratch__physical__ridge10__xgb2,hierarchy,scratch,physical,ridge10,xgb2,late,238,696.0252830161189,627.0248042665886,-614.1680797117812,694.1323180838936,689.5646513397271,784.1785309789701,0.5672268907563025,693.9368838639646
xgb1__hier__scratch__physical__ridge10__xgb2,hierarchy,scratch,physical,ridge10,xgb2,four_year,476,569.4482724540352,468.74649484606215,-290.05197084098705,598.0918183531865,546.110512375181,784.1785309789701,0.6302521008403361,570.7747189091094
xgb1__hier__scratch__physical__ridge10__zero,hierarchy,scratch,physical,ridge10,zero,development,238,404.4711176771545,309.0102885906987,37.7238388420462,483.200233638254,401.78364026366694,448.3324474608752,0.6974789915966386,423.4815273140575
xgb1__hier__scratch__physical__ridge10__zero,hierarchy,scratch,physical,ridge10,zero,late,238,693.7391512726779,624.0191660855264,-611.1229448865977,692.7997779432161,687.0567719253422,783.1140577503313,0.5672268907563025,691.8337131034785
xgb1__hier__scratch__physical__ridge10__zero,hierarchy,scratch,physical,ridge10,zero,four_year,476,567.833996447704,466.51472733811255,-286.6995530222757,597.2662714846005,544.4202060945047,783.1140577503313,0.6323529411764706,569.3386176186282
xgb1__hier__scratch__physical__xgb1__extra,hierarchy,scratch,physical,xgb1,extra,development,238,313.333047112888,238.54740922727476,143.54512413209494,336.4677717195248,312.5002554421312,335.32981438771765,0.6890756302521008,318.908530346858
xgb1__hier__scratch__physical__xgb1__extra,hierarchy,scratch,physical,xgb1,extra,late,238,530.0919295016431,441.1159853120382,412.8388128975463,575.1284165394102,526.2268832949868,590.1230570491273,0.46638655462184875,540.3847897094208
xgb1__hier__scratch__physical__xgb1__extra,hierarchy,scratch,physical,xgb1,extra,four_year,476,435.41649723903566,339.8316972696565,278.19196851482064,471.1598756881954,419.363569368559,590.1230570491273,0.5777310924369747,440.33910988370644
xgb1__hier__scratch__physical__xgb1__ridge100,hierarchy,scratch,physical,xgb1,ridge100,development,238,324.01840729167765,259.53170542756504,87.27061890704938,331.4847495917994,323.82397753467393,335.0471605706263,0.6554621848739496,325.8363854274572
xgb1__hier__scratch__physical__xgb1__ridge100,hierarchy,scratch,physical,xgb1,ridge100,late,238,615.5073233667088,531.6074364156793,515.9274916174242,623.6219878966132,614.9790842923431,640.4740053748138,0.5504201680672269,617.4039297305934
xgb1__hier__scratch__physical__xgb1__ridge100,hierarchy,scratch,physical,xgb1,ridge100,four_year,476,491.8522102125219,395.56957092162224,301.59905526223673,499.3928929210254,469.4015309135085,640.4740053748138,0.6029411764705882,488.1247110648944
xgb1__hier__scratch__physical__xgb1__ridge1000,hierarchy,scratch,physical,xgb1,ridge1000,development,238,307.7581965000159,232.67261105735113,114.23611481657825,320.90797534312156,306.7032439009582,332.1635599550013,0.680672268907563,310.78190306102795
xgb1__hier__scratch__physical__xgb1__ridge1000,hierarchy,scratch,physical,xgb1,ridge1000,late,238,568.5491129667688,489.97282290987255,471.94969586302386,589.5451061294817,568.5392491886399,571.8882770053639,0.48739495798319327,573.7956453129149
xgb1__hier__scratch__physical__xgb1__ridge1000,hierarchy,scratch,physical,xgb1,ridge1000,four_year,476,457.14505431440574,361.3227169836119,293.09290533980106,474.6289923719596,437.6212465447991,571.8882770053639,0.5840336134453782,456.63508688639257
xgb1__hier__scratch__physical__xgb1__xgb1,hierarchy,scratch,physical,xgb1,xgb1,development,238,323.26848939976276,246.312518328126,157.36964110402346,346.62899372821437,322.68450179976315,342.1068738753662,0.6890756302521008,328.96261858187574
xgb1__hier__scratch__physical__xgb1__xgb1,hierarchy,scratch,physical,xgb1,xgb1,late,238,533.783054590277,447.55839135862317,418.89398337838526,569.9996934409583,529.6918054935667,595.6534652717448,0.4579831932773109,541.8144020287697
xgb1__hier__scratch__physical__xgb1__xgb1,hierarchy,scratch,physical,xgb1,xgb1,four_year,476,441.26345056356706,346.93545484337454,288.13181224120433,471.72624996698084,426.1881536466649,595.6534652717448,0.5735294117647058,445.11032618519494
xgb1__hier__scratch__physical__xgb1__xgb2,hierarchy,scratch,physical,xgb1,xgb2,development,238,321.4613310873707,245.02781132286628,154.7821455883074,344.5307289954974,320.941430896042,339.21669611614806,0.6974789915966386,327.0987055165702
xgb1__hier__scratch__physical__xgb1__xgb2,hierarchy,scratch,physical,xgb1,xgb2,late,238,532.2849637018852,446.1013772296633,417.12736907801195,568.8212648358334,528.2341101181406,593.7780456943123,0.4579831932773109,540.406325589436
xgb1__hier__scratch__physical__xgb1__xgb2,hierarchy,scratch,physical,xgb1,xgb2,four_year,476,439.69573000404574,345.5645942762648,285.9547573331597,470.2441145573255,424.5877705070913,593.7780456943123,0.5777310924369747,443.55583626812705
xgb1__hier__scratch__physical__xgb1__zero,hierarchy,scratch,physical,xgb1,zero,development,238,323.9199472191204,246.61757123403748,158.71574631916167,347.4650759485243,323.2763337716778,343.68574899065294,0.6848739495798319,329.6453260396107
xgb1__hier__scratch__physical__xgb1__zero,hierarchy,scratch,physical,xgb1,zero,late,238,535.7520286786809,449.48235264097184,421.18611068117156,571.91542067007,531.6218438710785,598.0180135831694,0.4579831932773109,543.7603304746276
xgb1__hier__scratch__physical__xgb1__zero,hierarchy,scratch,physical,xgb1,zero,four_year,476,442.6931038765794,348.04996193750463,289.9509285001666,473.1908850581005,427.4490888213781,598.0180135831694,0.5714285714285714,446.50654540815935
