district_id,state_name,district_name,season_label,season_start_year,season_end_year,area_ha,production_tonnes,yield_ton_per_ha,yield_kg_per_ha,crop,season,source,source_file,proxy_filled,proxy_source_district,proxy_overlap_years,proxy_selection_rmse,proxy_selection_mae
IND013001,Haryana,Ambala,2010 - 2011,2010,2011,86795.0,314000.0,3.62,3620.0,Wheat,Rabi,DES APY Query Report,/Users/aaryan/Downloads/ugp/expansion_2010_workspace/data/yields/des_apy_wheat_rabi_2010_2022.html,False,,,,
IND013001,Haryana,Ambala,2011 - 2012,2011,2012,87061.0,423000.0,4.86,4860.0,Wheat,Rabi,DES APY Query Report,/Users/aaryan/Downloads/ugp/expansion_2010_workspace/data/yields/des_apy_wheat_rabi_2010_2022.html,False,,,,
IND013001,Haryana,Ambala,2012 - 2013,2012,2013,87168.0,366000.0,4.2,4200.0,Wheat,Rabi,DES APY Query Report,/Users/aaryan/Downloads/ugp/expansion_2010_workspace/data/yields/des_apy_wheat_rabi_2010_2022.html,False,,,,
IND013001,Haryana,Ambala,2013 - 2014,2013,2014,86000.0,398000.0,4.63,4630.0,Wheat,Rabi,DES APY Query Report,/Users/aaryan/Downloads/ugp/expansion_2010_workspace/data/yields/des_apy_wheat_rabi_2010_2022.html,False,,,,
IND013001,Haryana,Ambala,2014 - 2015,2014,2015,88000.0,322000.0,3.66,3660.0,Wheat,Rabi,DES APY Query Report,/Users/aaryan/Downloads/ugp/expansion_2010_workspace/data/yields/des_apy_wheat_rabi_2010_2022.html,False,,,,
IND013001,Haryana,Ambala,2015 - 2016,2015,2016,174000.0,797000.0,4.58,4580.0,Wheat,Rabi,DES APY Query Report,/Users/aaryan/Downloads/ugp/expansion_2010_workspace/data/yields/des_apy_wheat_rabi_2010_2022.html,False,,,,
IND013001,Haryana,Ambala,2016 - 2017,2016,2017,87000.0,392000.0,4.51,4510.0,Wheat,Rabi,DES APY Query Report,/Users/aaryan/Downloads/ugp/expansion_2010_workspace/data/yields/des_apy_wheat_rabi_2010_2022.html,False,,,,
IND013001,Haryana,Ambala,2017 - 2018,2017,2018,87200.0,405600.0,4.65,4650.0,Wheat,Rabi,DES APY Query Report,/Users/aaryan/Downloads/ugp/expansion_2010_workspace/data/yields/des_apy_wheat_rabi_2010_2022.html,False,,,,
IND013001,Haryana,Ambala,2018 - 2019,2018,2019,88000.0,418000.0,4.75,4750.0,Wheat,Rabi,DES APY Query Report,/Users/aaryan/Downloads/ugp/expansion_2010_workspace/data/yields/des_apy_wheat_rabi_2010_2022.html,False,,,,
IND013001,Haryana,Ambala,2019 - 2020,2019,2020,90900.0,380100.0,4.18,4180.0,Wheat,Rabi,DES APY Query Report,/Users/aaryan/Downloads/ugp/expansion_2010_workspace/data/yields/des_apy_wheat_rabi_2010_2022.html,False,,,,
IND013001,Haryana,Ambala,2020 - 2021,2020,2021,93890.0,475080.0,5.06,5060.0,Wheat,Rabi,DES APY Query Report,/Users/aaryan/Downloads/ugp/expansion_2010_workspace/data/yields/des_apy_wheat_rabi_2010_2022.html,False,,,,
IND013001,Haryana,Ambala,2021 - 2022,2021,2022,87884.0,360940.0,4.11,4110.0,Wheat,Rabi,DES APY Query Report,/Users/aaryan/Downloads/ugp/expansion_2010_workspace/data/yields/des_apy_wheat_rabi_2010_2022.html,False,,,,
IND013001,Haryana,Ambala,2022 - 2023,2022,2023,88860.0,412220.0,4.64,4640.0,Wheat,Rabi,DES APY Query Report,/Users/aaryan/Downloads/ugp/expansion_2010_workspace/data/yields/des_apy_wheat_rabi_2010_2022.html,False,,,,
IND013002,Haryana,Bhiwani,2010 - 2011,2010,2011,158991.0,710000.0,4.47,4470.0,Wheat,Rabi,DES APY Query Report,/Users/aaryan/Downloads/ugp/expansion_2010_workspace/data/yields/des_apy_wheat_rabi_2010_2022.html,False,,,,
IND013002,Haryana,Bhiwani,2011 - 2012,2011,2012,151368.0,650000.0,4.29,4290.0,Wheat,Rabi,DES APY Query Report,/Users/aaryan/Downloads/ugp/expansion_2010_workspace/data/yields/des_apy_wheat_rabi_2010_2022.html,False,,,,
IND013002,Haryana,Bhiwani,2012 - 2013,2012,2013,162442.0,657000.0,4.04,4040.0,Wheat,Rabi,DES APY Query Report,/Users/aaryan/Downloads/ugp/expansion_2010_workspace/data/yields/des_apy_wheat_rabi_2010_2022.html,False,,,,
IND013002,Haryana,Bhiwani,2013 - 2014,2013,2014,167000.0,706000.0,4.23,4230.0,Wheat,Rabi,DES APY Query Report,/Users/aaryan/Downloads/ugp/expansion_2010_workspace/data/yields/des_apy_wheat_rabi_2010_2022.html,False,,,,
IND013002,Haryana,Bhiwani,2014 - 2015,2014,2015,219000.0,843000.0,3.85,3850.0,Wheat,Rabi,DES APY Query Report,/Users/aaryan/Downloads/ugp/expansion_2010_workspace/data/yields/des_apy_wheat_rabi_2010_2022.html,False,,,,
IND013002,Haryana,Bhiwani,2015 - 2016,2015,2016,181000.0,714000.0,3.94,3940.0,Wheat,Rabi,DES APY Query Report,/Users/aaryan/Downloads/ugp/expansion_2010_workspace/data/yields/des_apy_wheat_rabi_2010_2022.html,False,,,,
IND013002,Haryana,Bhiwani,2016 - 2017,2016,2017,180000.0,778000.0,4.32,4320.0,Wheat,Rabi,DES APY Query Report,/Users/aaryan/Downloads/ugp/expansion_2010_workspace/data/yields/des_apy_wheat_rabi_2010_2022.html,False,,,,
IND013002,Haryana,Bhiwani,2017 - 2018,2017,2018,117400.0,507700.0,4.32,4320.0,Wheat,Rabi,DES APY Query Report,/Users/aaryan/Downloads/ugp/expansion_2010_workspace/data/yields/des_apy_wheat_rabi_2010_2022.html,False,,,,
IND013002,Haryana,Bhiwani,2018 - 2019,2018,2019,113000.0,500000.0,4.42,4420.0,Wheat,Rabi,DES APY Query Report,/Users/aaryan/Downloads/ugp/expansion_2010_workspace/data/yields/des_apy_wheat_rabi_2010_2022.html,False,,,,
IND013002,Haryana,Bhiwani,2019 - 2020,2019,2020,107400.0,449600.0,4.19,4190.0,Wheat,Rabi,DES APY Query Report,/Users/aaryan/Downloads/ugp/expansion_2010_workspace/data/yields/des_apy_wheat_rabi_2010_2022.html,False,,,,
IND013002,Haryana,Bhiwani,2020 - 2021,2020,2021,116330.0,493120.0,4.24,4240.0,Wheat,Rabi,DES APY Query Report,/Users/aaryan/Downloads/ugp/expansion_2010_workspace/data/yields/des_apy_wheat_rabi_2010_2022.html,False,,,,
IND013002,Haryana,Bhiwani,2021 - 2022,2021,2022,86914.0,371210.0,4.27,4270.0,Wheat,Rabi,DES APY Query Report,/Users/aaryan/Downloads/ugp/expansion_2010_workspace/data/yields/des_apy_wheat_rabi_2010_2022.html,False,,,,
IND013002,Haryana,Bhiwani,2022 - 2023,2022,2023,90640.0,371410.0,4.1,4100.0,Wheat,Rabi,DES APY Query Report,/Users/aaryan/Downloads/ugp/expansion_2010_workspace/data/yields/des_apy_wheat_rabi_2010_2022.html,False,,,,
IND013003,Haryana,Charkhi Dadri,2010 - 2011,2010,2011,101635.0,464000.0,4.57,4570.0,Wheat,Rabi,DES APY Query Report,/Users/aaryan/Downloads/ugp/expansion_2010_workspace/data/yields/des_apy_wheat_rabi_2010_2022.html,True,Rohtak,6,380.81053906984596,358.3333333333333
IND013003,Haryana,Charkhi Dadri,2011 - 2012,2011,2012,102483.0,512000.0,5.0,5000.0,Wheat,Rabi,DES APY Query Report,/Users/aaryan/Downloads/ugp/expansion_2010_workspace/data/yields/des_apy_wheat_rabi_2010_2022.html,True,Rohtak,6,380.81053906984596,358.3333333333333
IND013003,Haryana,Charkhi Dadri,2012 - 2013,2012,2013,104032.0,389000.0,3.74,3740.0,Wheat,Rabi,DES APY Query Report,/Users/aaryan/Downloads/ugp/expansion_2010_workspace/data/yields/des_apy_wheat_rabi_2010_2022.html,True,Rohtak,6,380.81053906984596,358.3333333333333
IND013003,Haryana,Charkhi Dadri,2013 - 2014,2013,2014,102000.0,400000.0,3.92,3920.0,Wheat,Rabi,DES APY Query Report,/Users/aaryan/Downloads/ugp/expansion_2010_workspace/data/yields/des_apy_wheat_rabi_2010_2022.html,True,Rohtak,6,380.81053906984596,358.3333333333333
IND013003,Haryana,Charkhi Dadri,2014 - 2015,2014,2015,107000.0,371000.0,3.47,3470.0,Wheat,Rabi,DES APY Query Report,/Users/aaryan/Downloads/ugp/expansion_2010_workspace/data/yields/des_apy_wheat_rabi_2010_2022.html,True,Rohtak,6,380.81053906984596,358.3333333333333
IND013003,Haryana,Charkhi Dadri,2015 - 2016,2015,2016,107000.0,418000.0,3.91,3910.0,Wheat,Rabi,DES APY Query Report,/Users/aaryan/Downloads/ugp/expansion_2010_workspace/data/yields/des_apy_wheat_rabi_2010_2022.html,True,Rohtak,6,380.81053906984596,358.3333333333333
IND013003,Haryana,Charkhi Dadri,2016 - 2017,2016,2017,105100.0,483000.0,4.6,4600.0,Wheat,Rabi,DES APY Query Report,/Users/aaryan/Downloads/ugp/expansion_2010_workspace/data/yields/des_apy_wheat_rabi_2010_2022.html,True,Rohtak,6,380.81053906984596,358.3333333333333
IND013003,Haryana,Charkhi Dadri,2017 - 2018,2017,2018,54800.0,225600.0,4.12,4120.0,Wheat,Rabi,DES APY Query Report,/Users/aaryan/Downloads/ugp/expansion_2010_workspace/data/yields/des_apy_wheat_rabi_2010_2022.html,False,,,,
IND013003,Haryana,Charkhi Dadri,2018 - 2019,2018,2019,54600.0,273000.0,5.0,5000.0,Wheat,Rabi,DES APY Query Report,/Users/aaryan/Downloads/ugp/expansion_2010_workspace/data/yields/des_apy_wheat_rabi_2010_2022.html,False,,,,
IND013003,Haryana,Charkhi Dadri,2019 - 2020,2019,2020,50100.0,228900.0,4.57,4570.0,Wheat,Rabi,DES APY Query Report,/Users/aaryan/Downloads/ugp/expansion_2010_workspace/data/yields/des_apy_wheat_rabi_2010_2022.html,False,,,,
IND013003,Haryana,Charkhi Dadri,2020 - 2021,2020,2021,5090.0,25390.0,4.99,4990.0,Wheat,Rabi,DES APY Query Report,/Users/aaryan/Downloads/ugp/expansion_2010_workspace/data/yields/des_apy_wheat_rabi_2010_2022.html,False,,,,
IND013003,Haryana,Charkhi Dadri,2021 - 2022,2021,2022,33188.0,136870.0,4.12,4120.0,Wheat,Rabi,DES APY Query Report,/Users/aaryan/Downloads/ugp/expansion_2010_workspace/data/yields/des_apy_wheat_rabi_2010_2022.html,False,,,,
IND013003,Haryana,Charkhi Dadri,2022 - 2023,2022,2023,37690.0,137940.0,3.66,3660.0,Wheat,Rabi,DES APY Query Report,/Users/aaryan/Downloads/ugp/expansion_2010_workspace/data/yields/des_apy_wheat_rabi_2010_2022.html,False,,,,
IND013004,Haryana,Faridabad,2010 - 2011,2010,2011,31683.0,145000.0,4.58,4580.0,Wheat,Rabi,DES APY Query Report,/Users/aaryan/Downloads/ugp/expansion_2010_workspace/data/yields/des_apy_wheat_rabi_2010_2022.html,False,,,,
IND013004,Haryana,Faridabad,2011 - 2012,2011,2012,30475.0,150000.0,4.92,4920.0,Wheat,Rabi,DES APY Query Report,/Users/aaryan/Downloads/ugp/expansion_2010_workspace/data/yields/des_apy_wheat_rabi_2010_2022.html,False,,,,
IND013004,Haryana,Faridabad,2012 - 2013,2012,2013,31055.0,141000.0,4.54,4540.0,Wheat,Rabi,DES APY Query Report,/Users/aaryan/Downloads/ugp/expansion_2010_workspace/data/yields/des_apy_wheat_rabi_2010_2022.html,False,,,,
IND013004,Haryana,Faridabad,2013 - 2014,2013,2014,30000.0,140000.0,4.67,4670.0,Wheat,Rabi,DES APY Query Report,/Users/aaryan/Downloads/ugp/expansion_2010_workspace/data/yields/des_apy_wheat_rabi_2010_2022.html,False,,,,
IND013004,Haryana,Faridabad,2014 - 2015,2014,2015,28000.0,93000.0,3.32,3320.0,Wheat,Rabi,DES APY Query Report,/Users/aaryan/Downloads/ugp/expansion_2010_workspace/data/yields/des_apy_wheat_rabi_2010_2022.html,False,,,,
IND013004,Haryana,Faridabad,2015 - 2016,2015,2016,100000.0,399000.0,3.99,3990.0,Wheat,Rabi,DES APY Query Report,/Users/aaryan/Downloads/ugp/expansion_2010_workspace/data/yields/des_apy_wheat_rabi_2010_2022.html,False,,,,
IND013004,Haryana,Faridabad,2016 - 2017,2016,2017,30000.0,141000.0,4.7,4700.0,Wheat,Rabi,DES APY Query Report,/Users/aaryan/Downloads/ugp/expansion_2010_workspace/data/yields/des_apy_wheat_rabi_2010_2022.html,False,,,,
IND013004,Haryana,Faridabad,2017 - 2018,2017,2018,30000.0,133600.0,4.45,4450.0,Wheat,Rabi,DES APY Query Report,/Users/aaryan/Downloads/ugp/expansion_2010_workspace/data/yields/des_apy_wheat_rabi_2010_2022.html,False,,,,
IND013004,Haryana,Faridabad,2018 - 2019,2018,2019,29600.0,152000.0,5.14,5140.0,Wheat,Rabi,DES APY Query Report,/Users/aaryan/Downloads/ugp/expansion_2010_workspace/data/yields/des_apy_wheat_rabi_2010_2022.html,False,,,,
IND013004,Haryana,Faridabad,2019 - 2020,2019,2020,30700.0,128800.0,4.2,4200.0,Wheat,Rabi,DES APY Query Report,/Users/aaryan/Downloads/ugp/expansion_2010_workspace/data/yields/des_apy_wheat_rabi_2010_2022.html,False,,,,
IND013004,Haryana,Faridabad,2020 - 2021,2020,2021,30660.0,103320.0,3.37,3370.0,Wheat,Rabi,DES APY Query Report,/Users/aaryan/Downloads/ugp/expansion_2010_workspace/data/yields/des_apy_wheat_rabi_2010_2022.html,False,,,,
IND013004,Haryana,Faridabad,2021 - 2022,2021,2022,28646.0,112180.0,3.92,3920.0,Wheat,Rabi,DES APY Query Report,/Users/aaryan/Downloads/ugp/expansion_2010_workspace/data/yields/des_apy_wheat_rabi_2010_2022.html,False,,,,
IND013004,Haryana,Faridabad,2022 - 2023,2022,2023,28440.0,117700.0,4.14,4140.0,Wheat,Rabi,DES APY Query Report,/Users/aaryan/Downloads/ugp/expansion_2010_workspace/data/yields/des_apy_wheat_rabi_2010_2022.html,False,,,,
IND013005,Haryana,Fatehabad,2010 - 2011,2010,2011,186622.0,950000.0,5.09,5090.0,Wheat,Rabi,DES APY Query Report,/Users/aaryan/Downloads/ugp/expansion_2010_workspace/data/yields/des_apy_wheat_rabi_2010_2022.html,False,,,,
IND013005,Haryana,Fatehabad,2011 - 2012,2011,2012,189331.0,1034000.0,5.46,5460.0,Wheat,Rabi,DES APY Query Report,/Users/aaryan/Downloads/ugp/expansion_2010_workspace/data/yields/des_apy_wheat_rabi_2010_2022.html,False,,,,
IND013005,Haryana,Fatehabad,2012 - 2013,2012,2013,188020.0,880000.0,4.68,4680.0,Wheat,Rabi,DES APY Query Report,/Users/aaryan/Downloads/ugp/expansion_2010_workspace/data/yields/des_apy_wheat_rabi_2010_2022.html,False,,,,
IND013005,Haryana,Fatehabad,2013 - 2014,2013,2014,189000.0,1005000.0,5.32,5320.0,Wheat,Rabi,DES APY Query Report,/Users/aaryan/Downloads/ugp/expansion_2010_workspace/data/yields/des_apy_wheat_rabi_2010_2022.html,False,,,,
IND013005,Haryana,Fatehabad,2014 - 2015,2014,2015,190000.0,923000.0,4.86,4860.0,Wheat,Rabi,DES APY Query Report,/Users/aaryan/Downloads/ugp/expansion_2010_workspace/data/yields/des_apy_wheat_rabi_2010_2022.html,False,,,,
IND013005,Haryana,Fatehabad,2015 - 2016,2015,2016,189000.0,858000.0,4.54,4540.0,Wheat,Rabi,DES APY Query Report,/Users/aaryan/Downloads/ugp/expansion_2010_workspace/data/yields/des_apy_wheat_rabi_2010_2022.html,False,,,,
IND013005,Haryana,Fatehabad,2016 - 2017,2016,2017,189000.0,995000.0,5.26,5260.0,Wheat,Rabi,DES APY Query Report,/Users/aaryan/Downloads/ugp/expansion_2010_workspace/data/yields/des_apy_wheat_rabi_2010_2022.html,False,,,,
IND013005,Haryana,Fatehabad,2017 - 2018,2017,2018,188200.0,1013200.0,5.38,5380.0,Wheat,Rabi,DES APY Query Report,/Users/aaryan/Downloads/ugp/expansion_2010_workspace/data/yields/des_apy_wheat_rabi_2010_2022.html,False,,,,
IND013005,Haryana,Fatehabad,2018 - 2019,2018,2019,187200.0,1008000.0,5.38,5380.0,Wheat,Rabi,DES APY Query Report,/Users/aaryan/Downloads/ugp/expansion_2010_workspace/data/yields/des_apy_wheat_rabi_2010_2022.html,False,,,,
IND013005,Haryana,Fatehabad,2019 - 2020,2019,2020,191900.0,931500.0,4.85,4850.0,Wheat,Rabi,DES APY Query Report,/Users/aaryan/Downloads/ugp/expansion_2010_workspace/data/yields/des_apy_wheat_rabi_2010_2022.html,False,,,,
IND013005,Haryana,Fatehabad,2020 - 2021,2020,2021,189790.0,955970.0,5.04,5040.0,Wheat,Rabi,DES APY Query Report,/Users/aaryan/Downloads/ugp/expansion_2010_workspace/data/yields/des_apy_wheat_rabi_2010_2022.html,False,,,,
IND013005,Haryana,Fatehabad,2021 - 2022,2021,2022,184207.0,859330.0,4.67,4670.0,Wheat,Rabi,DES APY Query Report,/Users/aaryan/Downloads/ugp/expansion_2010_workspace/data/yields/des_apy_wheat_rabi_2010_2022.html,False,,,,
IND013005,Haryana,Fatehabad,2022 - 2023,2022,2023,182260.0,936570.0,5.14,5140.0,Wheat,Rabi,DES APY Query Report,/Users/aaryan/Downloads/ugp/expansion_2010_workspace/data/yields/des_apy_wheat_rabi_2010_2022.html,False,,,,
IND013006,Haryana,Gurgaon,2010 - 2011,2010,2011,50833.0,240000.0,4.72,4720.0,Wheat,Rabi,DES APY Query Report,/Users/aaryan/Downloads/ugp/expansion_2010_workspace/data/yields/des_apy_wheat_rabi_2010_2022.html,False,,,,
IND013006,Haryana,Gurgaon,2011 - 2012,2011,2012,52388.0,258000.0,4.92,4920.0,Wheat,Rabi,DES APY Query Report,/Users/aaryan/Downloads/ugp/expansion_2010_workspace/data/yields/des_apy_wheat_rabi_2010_2022.html,False,,,,
IND013006,Haryana,Gurgaon,2012 - 2013,2012,2013,44667.0,205000.0,4.59,4590.0,Wheat,Rabi,DES APY Query Report,/Users/aaryan/Downloads/ugp/expansion_2010_workspace/data/yields/des_apy_wheat_rabi_2010_2022.html,False,,,,
IND013006,Haryana,Gurgaon,2013 - 2014,2013,2014,48000.0,215000.0,4.48,4480.0,Wheat,Rabi,DES APY Query Report,/Users/aaryan/Downloads/ugp/expansion_2010_workspace/data/yields/des_apy_wheat_rabi_2010_2022.html,False,,,,
IND013006,Haryana,Gurgaon,2014 - 2015,2014,2015,49000.0,155000.0,3.16,3160.0,Wheat,Rabi,DES APY Query Report,/Users/aaryan/Downloads/ugp/expansion_2010_workspace/data/yields/des_apy_wheat_rabi_2010_2022.html,False,,,,
IND013006,Haryana,Gurgaon,2015 - 2016,2015,2016,50000.0,215000.0,4.3,4300.0,Wheat,Rabi,DES APY Query Report,/Users/aaryan/Downloads/ugp/expansion_2010_workspace/data/yields/des_apy_wheat_rabi_2010_2022.html,False,,,,
IND013006,Haryana,Gurgaon,2016 - 2017,2016,2017,48000.0,224000.0,4.67,4670.0,Wheat,Rabi,DES APY Query Report,/Users/aaryan/Downloads/ugp/expansion_2010_workspace/data/yields/des_apy_wheat_rabi_2010_2022.html,False,,,,
IND013006,Haryana,Gurgaon,2017 - 2018,2017,2018,43000.0,211000.0,4.91,4910.0,Wheat,Rabi,DES APY Query Report,/Users/aaryan/Downloads/ugp/expansion_2010_workspace/data/yields/des_apy_wheat_rabi_2010_2022.html,False,,,,
IND013006,Haryana,Gurgaon,2018 - 2019,2018,2019,43000.0,213000.0,4.95,4950.0,Wheat,Rabi,DES APY Query Report,/Users/aaryan/Downloads/ugp/expansion_2010_workspace/data/yields/des_apy_wheat_rabi_2010_2022.html,False,,,,
IND013006,Haryana,Gurgaon,2019 - 2020,2019,2020,40600.0,205600.0,5.06,5060.0,Wheat,Rabi,DES APY Query Report,/Users/aaryan/Downloads/ugp/expansion_2010_workspace/data/yields/des_apy_wheat_rabi_2010_2022.html,False,,,,
IND013006,Haryana,Gurgaon,2020 - 2021,2020,2021,41830.0,198320.0,4.74,4740.0,Wheat,Rabi,DES APY Query Report,/Users/aaryan/Downloads/ugp/expansion_2010_workspace/data/yields/des_apy_wheat_rabi_2010_2022.html,False,,,,
IND013006,Haryana,Gurgaon,2021 - 2022,2021,2022,36086.0,168630.0,4.67,4670.0,Wheat,Rabi,DES APY Query Report,/Users/aaryan/Downloads/ugp/expansion_2010_workspace/data/yields/des_apy_wheat_rabi_2010_2022.html,False,,,,
IND013006,Haryana,Gurgaon,2022 - 2023,2022,2023,33640.0,151340.0,4.5,4500.0,Wheat,Rabi,DES APY Query Report,/Users/aaryan/Downloads/ugp/expansion_2010_workspace/data/yields/des_apy_wheat_rabi_2010_2022.html,False,,,,
IND013007,Haryana,Hissar,2010 - 2011,2010,2011,221814.0,1026000.0,4.63,4630.0,Wheat,Rabi,DES APY Query Report,/Users/aaryan/Downloads/ugp/expansion_2010_workspace/data/yields/des_apy_wheat_rabi_2010_2022.html,False,,,,
IND013007,Haryana,Hissar,2011 - 2012,2011,2012,237072.0,1208000.0,5.1,5100.0,Wheat,Rabi,DES APY Query Report,/Users/aaryan/Downloads/ugp/expansion_2010_workspace/data/yields/des_apy_wheat_rabi_2010_2022.html,False,,,,
IND013007,Haryana,Hissar,2012 - 2013,2012,2013,231555.0,987000.0,4.26,4260.0,Wheat,Rabi,DES APY Query Report,/Users/aaryan/Downloads/ugp/expansion_2010_workspace/data/yields/des_apy_wheat_rabi_2010_2022.html,False,,,,
IND013007,Haryana,Hissar,2013 - 2014,2013,2014,226000.0,1012000.0,4.48,4480.0,Wheat,Rabi,DES APY Query Report,/Users/aaryan/Downloads/ugp/expansion_2010_workspace/data/yields/des_apy_wheat_rabi_2010_2022.html,False,,,,
IND013007,Haryana,Hissar,2014 - 2015,2014,2015,230000.0,961000.0,4.18,4180.0,Wheat,Rabi,DES APY Query Report,/Users/aaryan/Downloads/ugp/expansion_2010_workspace/data/yields/des_apy_wheat_rabi_2010_2022.html,False,,,,
IND013007,Haryana,Hissar,2015 - 2016,2015,2016,226000.0,1050000.0,4.65,4650.0,Wheat,Rabi,DES APY Query Report,/Users/aaryan/Downloads/ugp/expansion_2010_workspace/data/yields/des_apy_wheat_rabi_2010_2022.html,False,,,,
IND013007,Haryana,Hissar,2016 - 2017,2016,2017,226000.0,1075000.0,4.76,4760.0,Wheat,Rabi,DES APY Query Report,/Users/aaryan/Downloads/ugp/expansion_2010_workspace/data/yields/des_apy_wheat_rabi_2010_2022.html,False,,,,
IND013007,Haryana,Hissar,2017 - 2018,2017,2018,223900.0,1100400.0,4.91,4910.0,Wheat,Rabi,DES APY Query Report,/Users/aaryan/Downloads/ugp/expansion_2010_workspace/data/yields/des_apy_wheat_rabi_2010_2022.html,False,,,,
IND013007,Haryana,Hissar,2018 - 2019,2018,2019,221100.0,1096000.0,4.96,4960.0,Wheat,Rabi,DES APY Query Report,/Users/aaryan/Downloads/ugp/expansion_2010_workspace/data/yields/des_apy_wheat_rabi_2010_2022.html,False,,,,
IND013007,Haryana,Hissar,2019 - 2020,2019,2020,224300.0,1022800.0,4.56,4560.0,Wheat,Rabi,DES APY Query Report,/Users/aaryan/Downloads/ugp/expansion_2010_workspace/data/yields/des_apy_wheat_rabi_2010_2022.html,False,,,,
IND013007,Haryana,Hissar,2020 - 2021,2020,2021,231250.0,1149780.0,4.97,4970.0,Wheat,Rabi,DES APY Query Report,/Users/aaryan/Downloads/ugp/expansion_2010_workspace/data/yields/des_apy_wheat_rabi_2010_2022.html,False,,,,
IND013007,Haryana,Hissar,2021 - 2022,2021,2022,206860.0,960660.0,4.64,4640.0,Wheat,Rabi,DES APY Query Report,/Users/aaryan/Downloads/ugp/expansion_2010_workspace/data/yields/des_apy_wheat_rabi_2010_2022.html,False,,,,
IND013007,Haryana,Hissar,2022 - 2023,2022,2023,208130.0,1038630.0,4.99,4990.0,Wheat,Rabi,DES APY Query Report,/Users/aaryan/Downloads/ugp/expansion_2010_workspace/data/yields/des_apy_wheat_rabi_2010_2022.html,False,,,,
IND013008,Haryana,Jhajjar,2010 - 2011,2010,2011,100978.0,455000.0,4.51,4510.0,Wheat,Rabi,DES APY Query Report,/Users/aaryan/Downloads/ugp/expansion_2010_workspace/data/yields/des_apy_wheat_rabi_2010_2022.html,False,,,,
IND013008,Haryana,Jhajjar,2011 - 2012,2011,2012,98419.0,481000.0,4.89,4890.0,Wheat,Rabi,DES APY Query Report,/Users/aaryan/Downloads/ugp/expansion_2010_workspace/data/yields/des_apy_wheat_rabi_2010_2022.html,False,,,,
IND013008,Haryana,Jhajjar,2012 - 2013,2012,2013,95856.0,377000.0,3.93,3930.0,Wheat,Rabi,DES APY Query Report,/Users/aaryan/Downloads/ugp/expansion_2010_workspace/data/yields/des_apy_wheat_rabi_2010_2022.html,False,,,,
IND013008,Haryana,Jhajjar,2013 - 2014,2013,2014,98000.0,442000.0,4.51,4510.0,Wheat,Rabi,DES APY Query Report,/Users/aaryan/Downloads/ugp/expansion_2010_workspace/data/yields/des_apy_wheat_rabi_2010_2022.html,False,,,,
IND013008,Haryana,Jhajjar,2014 - 2015,2014,2015,114000.0,421000.0,3.69,3690.0,Wheat,Rabi,DES APY Query Report,/Users/aaryan/Downloads/ugp/expansion_2010_workspace/data/yields/des_apy_wheat_rabi_2010_2022.html,False,,,,
IND013008,Haryana,Jhajjar,2015 - 2016,2015,2016,111000.0,430000.0,3.87,3870.0,Wheat,Rabi,DES APY Query Report,/Users/aaryan/Downloads/ugp/expansion_2010_workspace/data/yields/des_apy_wheat_rabi_2010_2022.html,False,,,,
IND013008,Haryana,Jhajjar,2016 - 2017,2016,2017,93000.0,473000.0,5.09,5090.0,Wheat,Rabi,DES APY Query Report,/Users/aaryan/Downloads/ugp/expansion_2010_workspace/data/yields/des_apy_wheat_rabi_2010_2022.html,False,,,,
IND013008,Haryana,Jhajjar,2017 - 2018,2017,2018,106200.0,494300.0,4.65,4650.0,Wheat,Rabi,DES APY Query Report,/Users/aaryan/Downloads/ugp/expansion_2010_workspace/data/yields/des_apy_wheat_rabi_2010_2022.html,False,,,,
IND013008,Haryana,Jhajjar,2018 - 2019,2018,2019,105200.0,501000.0,4.76,4760.0,Wheat,Rabi,DES APY Query Report,/Users/aaryan/Downloads/ugp/expansion_2010_workspace/data/yields/des_apy_wheat_rabi_2010_2022.html,False,,,,
IND013008,Haryana,Jhajjar,2019 - 2020,2019,2020,106600.0,512600.0,4.81,4810.0,Wheat,Rabi,DES APY Query Report,/Users/aaryan/Downloads/ugp/expansion_2010_workspace/data/yields/des_apy_wheat_rabi_2010_2022.html,False,,,,
IND013008,Haryana,Jhajjar,2020 - 2021,2020,2021,102140.0,462800.0,4.53,4530.0,Wheat,Rabi,DES APY Query Report,/Users/aaryan/Downloads/ugp/expansion_2010_workspace/data/yields/des_apy_wheat_rabi_2010_2022.html,False,,,,
IND013008,Haryana,Jhajjar,2021 - 2022,2021,2022,80310.0,353360.0,4.4,4400.0,Wheat,Rabi,DES APY Query Report,/Users/aaryan/Downloads/ugp/expansion_2010_workspace/data/yields/des_apy_wheat_rabi_2010_2022.html,False,,,,
IND013008,Haryana,Jhajjar,2022 - 2023,2022,2023,94710.0,412490.0,4.36,4360.0,Wheat,Rabi,DES APY Query Report,/Users/aaryan/Downloads/ugp/expansion_2010_workspace/data/yields/des_apy_wheat_rabi_2010_2022.html,False,,,,
IND013009,Haryana,Jind,2010 - 2011,2010,2011,215854.0,982000.0,4.55,4550.0,Wheat,Rabi,DES APY Query Report,/Users/aaryan/Downloads/ugp/expansion_2010_workspace/data/yields/des_apy_wheat_rabi_2010_2022.html,False,,,,
IND013009,Haryana,Jind,2011 - 2012,2011,2012,216610.0,1136000.0,5.24,5240.0,Wheat,Rabi,DES APY Query Report,/Users/aaryan/Downloads/ugp/expansion_2010_workspace/data/yields/des_apy_wheat_rabi_2010_2022.html,False,,,,
IND013009,Haryana,Jind,2012 - 2013,2012,2013,215979.0,922000.0,4.27,4270.0,Wheat,Rabi,DES APY Query Report,/Users/aaryan/Downloads/ugp/expansion_2010_workspace/data/yields/des_apy_wheat_rabi_2010_2022.html,False,,,,
IND013009,Haryana,Jind,2013 - 2014,2013,2014,217000.0,987000.0,4.55,4550.0,Wheat,Rabi,DES APY Query Report,/Users/aaryan/Downloads/ugp/expansion_2010_workspace/data/yields/des_apy_wheat_rabi_2010_2022.html,False,,,,
IND013009,Haryana,Jind,2014 - 2015,2014,2015,219000.0,799000.0,3.65,3650.0,Wheat,Rabi,DES APY Query Report,/Users/aaryan/Downloads/ugp/expansion_2010_workspace/data/yields/des_apy_wheat_rabi_2010_2022.html,False,,,,
IND013009,Haryana,Jind,2015 - 2016,2015,2016,91000.0,408000.0,4.48,4480.0,Wheat,Rabi,DES APY Query Report,/Users/aaryan/Downloads/ugp/expansion_2010_workspace/data/yields/des_apy_wheat_rabi_2010_2022.html,False,,,,
IND013009,Haryana,Jind,2016 - 2017,2016,2017,194000.0,944000.0,4.87,4870.0,Wheat,Rabi,DES APY Query Report,/Users/aaryan/Downloads/ugp/expansion_2010_workspace/data/yields/des_apy_wheat_rabi_2010_2022.html,False,,,,
IND013009,Haryana,Jind,2017 - 2018,2017,2018,216300.0,1091600.0,5.05,5050.0,Wheat,Rabi,DES APY Query Report,/Users/aaryan/Downloads/ugp/expansion_2010_workspace/data/yields/des_apy_wheat_rabi_2010_2022.html,False,,,,
IND013009,Haryana,Jind,2018 - 2019,2018,2019,215000.0,1127000.0,5.24,5240.0,Wheat,Rabi,DES APY Query Report,/Users/aaryan/Downloads/ugp/expansion_2010_workspace/data/yields/des_apy_wheat_rabi_2010_2022.html,False,,,,
IND013009,Haryana,Jind,2019 - 2020,2019,2020,214400.0,1030600.0,4.81,4810.0,Wheat,Rabi,DES APY Query Report,/Users/aaryan/Downloads/ugp/expansion_2010_workspace/data/yields/des_apy_wheat_rabi_2010_2022.html,False,,,,
IND013009,Haryana,Jind,2020 - 2021,2020,2021,215600.0,1080370.0,5.01,5010.0,Wheat,Rabi,DES APY Query Report,/Users/aaryan/Downloads/ugp/expansion_2010_workspace/data/yields/des_apy_wheat_rabi_2010_2022.html,False,,,,
IND013009,Haryana,Jind,2021 - 2022,2021,2022,205354.0,956950.0,4.66,4660.0,Wheat,Rabi,DES APY Query Report,/Users/aaryan/Downloads/ugp/expansion_2010_workspace/data/yields/des_apy_wheat_rabi_2010_2022.html,False,,,,
IND013009,Haryana,Jind,2022 - 2023,2022,2023,202120.0,984620.0,4.87,4870.0,Wheat,Rabi,DES APY Query Report,/Users/aaryan/Downloads/ugp/expansion_2010_workspace/data/yields/des_apy_wheat_rabi_2010_2022.html,False,,,,
IND013010,Haryana,Kaithal,2010 - 2011,2010,2011,177464.0,835000.0,4.71,4710.0,Wheat,Rabi,DES APY Query Report,/Users/aaryan/Downloads/ugp/expansion_2010_workspace/data/yields/des_apy_wheat_rabi_2010_2022.html,False,,,,
IND013010,Haryana,Kaithal,2011 - 2012,2011,2012,173134.0,943000.0,5.45,5450.0,Wheat,Rabi,DES APY Query Report,/Users/aaryan/Downloads/ugp/expansion_2010_workspace/data/yields/des_apy_wheat_rabi_2010_2022.html,False,,,,
IND013010,Haryana,Kaithal,2012 - 2013,2012,2013,172302.0,806000.0,4.68,4680.0,Wheat,Rabi,DES APY Query Report,/Users/aaryan/Downloads/ugp/expansion_2010_workspace/data/yields/des_apy_wheat_rabi_2010_2022.html,False,,,,
IND013010,Haryana,Kaithal,2013 - 2014,2013,2014,174000.0,838000.0,4.82,4820.0,Wheat,Rabi,DES APY Query Report,/Users/aaryan/Downloads/ugp/expansion_2010_workspace/data/yields/des_apy_wheat_rabi_2010_2022.html,False,,,,
IND013010,Haryana,Kaithal,2014 - 2015,2014,2015,175000.0,744000.0,4.25,4250.0,Wheat,Rabi,DES APY Query Report,/Users/aaryan/Downloads/ugp/expansion_2010_workspace/data/yields/des_apy_wheat_rabi_2010_2022.html,False,,,,
IND013010,Haryana,Kaithal,2015 - 2016,2015,2016,113000.0,512000.0,4.53,4530.0,Wheat,Rabi,DES APY Query Report,/Users/aaryan/Downloads/ugp/expansion_2010_workspace/data/yields/des_apy_wheat_rabi_2010_2022.html,False,,,,
IND013010,Haryana,Kaithal,2016 - 2017,2016,2017,173000.0,861000.0,4.98,4980.0,Wheat,Rabi,DES APY Query Report,/Users/aaryan/Downloads/ugp/expansion_2010_workspace/data/yields/des_apy_wheat_rabi_2010_2022.html,False,,,,
IND013010,Haryana,Kaithal,2017 - 2018,2017,2018,173600.0,838900.0,4.83,4830.0,Wheat,Rabi,DES APY Query Report,/Users/aaryan/Downloads/ugp/expansion_2010_workspace/data/yields/des_apy_wheat_rabi_2010_2022.html,False,,,,
IND013010,Haryana,Kaithal,2018 - 2019,2018,2019,215000.0,1057000.0,4.92,4920.0,Wheat,Rabi,DES APY Query Report,/Users/aaryan/Downloads/ugp/expansion_2010_workspace/data/yields/des_apy_wheat_rabi_2010_2022.html,False,,,,
IND013010,Haryana,Kaithal,2019 - 2020,2019,2020,182200.0,839000.0,4.6,4600.0,Wheat,Rabi,DES APY Query Report,/Users/aaryan/Downloads/ugp/expansion_2010_workspace/data/yields/des_apy_wheat_rabi_2010_2022.html,False,,,,
IND013010,Haryana,Kaithal,2020 - 2021,2020,2021,182000.0,900720.0,4.95,4950.0,Wheat,Rabi,DES APY Query Report,/Users/aaryan/Downloads/ugp/expansion_2010_workspace/data/yields/des_apy_wheat_rabi_2010_2022.html,False,,,,
IND013010,Haryana,Kaithal,2021 - 2022,2021,2022,176551.0,816200.0,4.62,4620.0,Wheat,Rabi,DES APY Query Report,/Users/aaryan/Downloads/ugp/expansion_2010_workspace/data/yields/des_apy_wheat_rabi_2010_2022.html,False,,,,
IND013010,Haryana,Kaithal,2022 - 2023,2022,2023,180060.0,847540.0,4.71,4710.0,Wheat,Rabi,DES APY Query Report,/Users/aaryan/Downloads/ugp/expansion_2010_workspace/data/yields/des_apy_wheat_rabi_2010_2022.html,False,,,,
IND013011,Haryana,Karnal,2010 - 2011,2010,2011,170864.0,760000.0,4.45,4450.0,Wheat,Rabi,DES APY Query Report,/Users/aaryan/Downloads/ugp/expansion_2010_workspace/data/yields/des_apy_wheat_rabi_2010_2022.html,False,,,,
IND013011,Haryana,Karnal,2011 - 2012,2011,2012,171771.0,975000.0,5.68,5680.0,Wheat,Rabi,DES APY Query Report,/Users/aaryan/Downloads/ugp/expansion_2010_workspace/data/yields/des_apy_wheat_rabi_2010_2022.html,False,,,,
IND013011,Haryana,Karnal,2012 - 2013,2012,2013,172790.0,808000.0,4.68,4680.0,Wheat,Rabi,DES APY Query Report,/Users/aaryan/Downloads/ugp/expansion_2010_workspace/data/yields/des_apy_wheat_rabi_2010_2022.html,False,,,,
IND013011,Haryana,Karnal,2013 - 2014,2013,2014,172000.0,845000.0,4.91,4910.0,Wheat,Rabi,DES APY Query Report,/Users/aaryan/Downloads/ugp/expansion_2010_workspace/data/yields/des_apy_wheat_rabi_2010_2022.html,False,,,,
IND013011,Haryana,Karnal,2014 - 2015,2014,2015,174000.0,704000.0,4.05,4050.0,Wheat,Rabi,DES APY Query Report,/Users/aaryan/Downloads/ugp/expansion_2010_workspace/data/yields/des_apy_wheat_rabi_2010_2022.html,False,,,,
IND013011,Haryana,Karnal,2015 - 2016,2015,2016,27000.0,93000.0,3.44,3440.0,Wheat,Rabi,DES APY Query Report,/Users/aaryan/Downloads/ugp/expansion_2010_workspace/data/yields/des_apy_wheat_rabi_2010_2022.html,False,,,,
IND013011,Haryana,Karnal,2016 - 2017,2016,2017,197000.0,1027000.0,5.21,5210.0,Wheat,Rabi,DES APY Query Report,/Users/aaryan/Downloads/ugp/expansion_2010_workspace/data/yields/des_apy_wheat_rabi_2010_2022.html,False,,,,
IND013011,Haryana,Karnal,2017 - 2018,2017,2018,176000.0,866500.0,4.92,4920.0,Wheat,Rabi,DES APY Query Report,/Users/aaryan/Downloads/ugp/expansion_2010_workspace/data/yields/des_apy_wheat_rabi_2010_2022.html,False,,,,
IND013011,Haryana,Karnal,2018 - 2019,2018,2019,178500.0,1007000.0,5.64,5640.0,Wheat,Rabi,DES APY Query Report,/Users/aaryan/Downloads/ugp/expansion_2010_workspace/data/yields/des_apy_wheat_rabi_2010_2022.html,False,,,,
IND013011,Haryana,Karnal,2019 - 2020,2019,2020,178400.0,864500.0,4.85,4850.0,Wheat,Rabi,DES APY Query Report,/Users/aaryan/Downloads/ugp/expansion_2010_workspace/data/yields/des_apy_wheat_rabi_2010_2022.html,False,,,,
IND013011,Haryana,Karnal,2020 - 2021,2020,2021,186700.0,967300.0,5.18,5180.0,Wheat,Rabi,DES APY Query Report,/Users/aaryan/Downloads/ugp/expansion_2010_workspace/data/yields/des_apy_wheat_rabi_2010_2022.html,False,,,,
IND013011,Haryana,Karnal,2021 - 2022,2021,2022,176594.0,901510.0,5.1,5100.0,Wheat,Rabi,DES APY Query Report,/Users/aaryan/Downloads/ugp/expansion_2010_workspace/data/yields/des_apy_wheat_rabi_2010_2022.html,False,,,,
IND013011,Haryana,Karnal,2022 - 2023,2022,2023,186280.0,1003050.0,5.38,5380.0,Wheat,Rabi,DES APY Query Report,/Users/aaryan/Downloads/ugp/expansion_2010_workspace/data/yields/des_apy_wheat_rabi_2010_2022.html,False,,,,
IND013012,Haryana,Kurukshetra,2010 - 2011,2010,2011,114241.0,510000.0,4.46,4460.0,Wheat,Rabi,DES APY Query Report,/Users/aaryan/Downloads/ugp/expansion_2010_workspace/data/yields/des_apy_wheat_rabi_2010_2022.html,False,,,,
IND013012,Haryana,Kurukshetra,2011 - 2012,2011,2012,112004.0,609000.0,5.44,5440.0,Wheat,Rabi,DES APY Query Report,/Users/aaryan/Downloads/ugp/expansion_2010_workspace/data/yields/des_apy_wheat_rabi_2010_2022.html,False,,,,
IND013012,Haryana,Kurukshetra,2012 - 2013,2012,2013,112658.0,526000.0,4.67,4670.0,Wheat,Rabi,DES APY Query Report,/Users/aaryan/Downloads/ugp/expansion_2010_workspace/data/yields/des_apy_wheat_rabi_2010_2022.html,False,,,,
IND013012,Haryana,Kurukshetra,2013 - 2014,2013,2014,112000.0,546000.0,4.88,4880.0,Wheat,Rabi,DES APY Query Report,/Users/aaryan/Downloads/ugp/expansion_2010_workspace/data/yields/des_apy_wheat_rabi_2010_2022.html,False,,,,
IND013012,Haryana,Kurukshetra,2014 - 2015,2014,2015,113000.0,459000.0,4.06,4059.9999999999995,Wheat,Rabi,DES APY Query Report,/Users/aaryan/Downloads/ugp/expansion_2010_workspace/data/yields/des_apy_wheat_rabi_2010_2022.html,False,,,,
IND013012,Haryana,Kurukshetra,2015 - 2016,2015,2016,84000.0,371000.0,4.42,4420.0,Wheat,Rabi,DES APY Query Report,/Users/aaryan/Downloads/ugp/expansion_2010_workspace/data/yields/des_apy_wheat_rabi_2010_2022.html,False,,,,
IND013012,Haryana,Kurukshetra,2016 - 2017,2016,2017,106000.0,506000.0,4.77,4770.0,Wheat,Rabi,DES APY Query Report,/Users/aaryan/Downloads/ugp/expansion_2010_workspace/data/yields/des_apy_wheat_rabi_2010_2022.html,False,,,,
IND013012,Haryana,Kurukshetra,2017 - 2018,2017,2018,112600.0,542900.0,4.82,4820.0,Wheat,Rabi,DES APY Query Report,/Users/aaryan/Downloads/ugp/expansion_2010_workspace/data/yields/des_apy_wheat_rabi_2010_2022.html,False,,,,
IND013012,Haryana,Kurukshetra,2018 - 2019,2018,2019,113000.0,560000.0,4.96,4960.0,Wheat,Rabi,DES APY Query Report,/Users/aaryan/Downloads/ugp/expansion_2010_workspace/data/yields/des_apy_wheat_rabi_2010_2022.html,False,,,,
IND013012,Haryana,Kurukshetra,2019 - 2020,2019,2020,110400.0,520200.0,4.71,4710.0,Wheat,Rabi,DES APY Query Report,/Users/aaryan/Downloads/ugp/expansion_2010_workspace/data/yields/des_apy_wheat_rabi_2010_2022.html,False,,,,
IND013012,Haryana,Kurukshetra,2020 - 2021,2020,2021,111280.0,573540.0,5.15,5150.0,Wheat,Rabi,DES APY Query Report,/Users/aaryan/Downloads/ugp/expansion_2010_workspace/data/yields/des_apy_wheat_rabi_2010_2022.html,False,,,,
IND013012,Haryana,Kurukshetra,2021 - 2022,2021,2022,104134.0,443190.0,4.26,4260.0,Wheat,Rabi,DES APY Query Report,/Users/aaryan/Downloads/ugp/expansion_2010_workspace/data/yields/des_apy_wheat_rabi_2010_2022.html,False,,,,
IND013012,Haryana,Kurukshetra,2022 - 2023,2022,2023,105750.0,505730.0,4.78,4780.0,Wheat,Rabi,DES APY Query Report,/Users/aaryan/Downloads/ugp/expansion_2010_workspace/data/yields/des_apy_wheat_rabi_2010_2022.html,False,,,,
IND013013,Haryana,Mahendragarh,2010 - 2011,2010,2011,46017.0,213000.0,4.63,4630.0,Wheat,Rabi,DES APY Query Report,/Users/aaryan/Downloads/ugp/expansion_2010_workspace/data/yields/des_apy_wheat_rabi_2010_2022.html,False,,,,
IND013013,Haryana,Mahendragarh,2011 - 2012,2011,2012,41029.0,189000.0,4.61,4610.0,Wheat,Rabi,DES APY Query Report,/Users/aaryan/Downloads/ugp/expansion_2010_workspace/data/yields/des_apy_wheat_rabi_2010_2022.html,False,,,,
IND013013,Haryana,Mahendragarh,2012 - 2013,2012,2013,42876.0,205000.0,4.78,4780.0,Wheat,Rabi,DES APY Query Report,/Users/aaryan/Downloads/ugp/expansion_2010_workspace/data/yields/des_apy_wheat_rabi_2010_2022.html,False,,,,
IND013013,Haryana,Mahendragarh,2013 - 2014,2013,2014,46000.0,231000.0,5.02,5020.0,Wheat,Rabi,DES APY Query Report,/Users/aaryan/Downloads/ugp/expansion_2010_workspace/data/yields/des_apy_wheat_rabi_2010_2022.html,False,,,,
IND013013,Haryana,Mahendragarh,2014 - 2015,2014,2015,49000.0,207000.0,4.22,4220.0,Wheat,Rabi,DES APY Query Report,/Users/aaryan/Downloads/ugp/expansion_2010_workspace/data/yields/des_apy_wheat_rabi_2010_2022.html,False,,,,
IND013013,Haryana,Mahendragarh,2015 - 2016,2015,2016,217000.0,946000.0,4.36,4360.0,Wheat,Rabi,DES APY Query Report,/Users/aaryan/Downloads/ugp/expansion_2010_workspace/data/yields/des_apy_wheat_rabi_2010_2022.html,False,,,,
IND013013,Haryana,Mahendragarh,2016 - 2017,2016,2017,50000.0,236000.0,4.72,4720.0,Wheat,Rabi,DES APY Query Report,/Users/aaryan/Downloads/ugp/expansion_2010_workspace/data/yields/des_apy_wheat_rabi_2010_2022.html,False,,,,
IND013013,Haryana,Mahendragarh,2017 - 2018,2017,2018,49100.0,209500.0,4.27,4270.0,Wheat,Rabi,DES APY Query Report,/Users/aaryan/Downloads/ugp/expansion_2010_workspace/data/yields/des_apy_wheat_rabi_2010_2022.html,False,,,,
IND013013,Haryana,Mahendragarh,2018 - 2019,2018,2019,44300.0,210000.0,4.74,4740.0,Wheat,Rabi,DES APY Query Report,/Users/aaryan/Downloads/ugp/expansion_2010_workspace/data/yields/des_apy_wheat_rabi_2010_2022.html,False,,,,
IND013013,Haryana,Mahendragarh,2019 - 2020,2019,2020,36600.0,163800.0,4.48,4480.0,Wheat,Rabi,DES APY Query Report,/Users/aaryan/Downloads/ugp/expansion_2010_workspace/data/yields/des_apy_wheat_rabi_2010_2022.html,False,,,,
IND013013,Haryana,Mahendragarh,2020 - 2021,2020,2021,34630.0,167640.0,4.84,4840.0,Wheat,Rabi,DES APY Query Report,/Users/aaryan/Downloads/ugp/expansion_2010_workspace/data/yields/des_apy_wheat_rabi_2010_2022.html,False,,,,
IND013013,Haryana,Mahendragarh,2021 - 2022,2021,2022,25905.0,120380.0,4.65,4650.0,Wheat,Rabi,DES APY Query Report,/Users/aaryan/Downloads/ugp/expansion_2010_workspace/data/yields/des_apy_wheat_rabi_2010_2022.html,False,,,,
IND013013,Haryana,Mahendragarh,2022 - 2023,2022,2023,30080.0,133200.0,4.43,4430.0,Wheat,Rabi,DES APY Query Report,/Users/aaryan/Downloads/ugp/expansion_2010_workspace/data/yields/des_apy_wheat_rabi_2010_2022.html,False,,,,
IND013014,Haryana,Mewat,2010 - 2011,2010,2011,72167.0,306000.0,4.24,4240.0,Wheat,Rabi,DES APY Query Report,/Users/aaryan/Downloads/ugp/expansion_2010_workspace/data/yields/des_apy_wheat_rabi_2010_2022.html,False,,,,
IND013014,Haryana,Mewat,2011 - 2012,2011,2012,71378.0,312000.0,4.37,4370.0,Wheat,Rabi,DES APY Query Report,/Users/aaryan/Downloads/ugp/expansion_2010_workspace/data/yields/des_apy_wheat_rabi_2010_2022.html,False,,,,
IND013014,Haryana,Mewat,2012 - 2013,2012,2013,71677.0,296000.0,4.13,4130.0,Wheat,Rabi,DES APY Query Report,/Users/aaryan/Downloads/ugp/expansion_2010_workspace/data/yields/des_apy_wheat_rabi_2010_2022.html,False,,,,
IND013014,Haryana,Mewat,2013 - 2014,2013,2014,74000.0,318000.0,4.3,4300.0,Wheat,Rabi,DES APY Query Report,/Users/aaryan/Downloads/ugp/expansion_2010_workspace/data/yields/des_apy_wheat_rabi_2010_2022.html,False,,,,
IND013014,Haryana,Mewat,2014 - 2015,2014,2015,77000.0,247000.0,3.21,3210.0,Wheat,Rabi,DES APY Query Report,/Users/aaryan/Downloads/ugp/expansion_2010_workspace/data/yields/des_apy_wheat_rabi_2010_2022.html,False,,,,
IND013014,Haryana,Mewat,2015 - 2016,2015,2016,80000.0,317000.0,3.96,3960.0,Wheat,Rabi,DES APY Query Report,/Users/aaryan/Downloads/ugp/expansion_2010_workspace/data/yields/des_apy_wheat_rabi_2010_2022.html,False,,,,
IND013014,Haryana,Mewat,2016 - 2017,2016,2017,81000.0,338000.0,4.17,4170.0,Wheat,Rabi,DES APY Query Report,/Users/aaryan/Downloads/ugp/expansion_2010_workspace/data/yields/des_apy_wheat_rabi_2010_2022.html,False,,,,
IND013014,Haryana,Mewat,2017 - 2018,2017,2018,77100.0,332800.0,4.32,4320.0,Wheat,Rabi,DES APY Query Report,/Users/aaryan/Downloads/ugp/expansion_2010_workspace/data/yields/des_apy_wheat_rabi_2010_2022.html,False,,,,
IND013014,Haryana,Mewat,2018 - 2019,2018,2019,76400.0,347000.0,4.54,4540.0,Wheat,Rabi,DES APY Query Report,/Users/aaryan/Downloads/ugp/expansion_2010_workspace/data/yields/des_apy_wheat_rabi_2010_2022.html,False,,,,
IND013014,Haryana,Mewat,2019 - 2020,2019,2020,78700.0,362300.0,4.6,4600.0,Wheat,Rabi,DES APY Query Report,/Users/aaryan/Downloads/ugp/expansion_2010_workspace/data/yields/des_apy_wheat_rabi_2010_2022.html,False,,,,
IND013014,Haryana,Mewat,2020 - 2021,2020,2021,73760.0,311560.0,4.22,4220.0,Wheat,Rabi,DES APY Query Report,/Users/aaryan/Downloads/ugp/expansion_2010_workspace/data/yields/des_apy_wheat_rabi_2010_2022.html,False,,,,
IND013014,Haryana,Mewat,2021 - 2022,2021,2022,62170.0,264970.0,4.26,4260.0,Wheat,Rabi,DES APY Query Report,/Users/aaryan/Downloads/ugp/expansion_2010_workspace/data/yields/des_apy_wheat_rabi_2010_2022.html,False,,,,
IND013014,Haryana,Mewat,2022 - 2023,2022,2023,68630.0,267460.0,3.9,3900.0,Wheat,Rabi,DES APY Query Report,/Users/aaryan/Downloads/ugp/expansion_2010_workspace/data/yields/des_apy_wheat_rabi_2010_2022.html,False,,,,
IND013015,Haryana,Palwal,2010 - 2011,2010,2011,97589.0,449000.0,4.6,4600.0,Wheat,Rabi,DES APY Query Report,/Users/aaryan/Downloads/ugp/expansion_2010_workspace/data/yields/des_apy_wheat_rabi_2010_2022.html,False,,,,
IND013015,Haryana,Palwal,2011 - 2012,2011,2012,99588.0,507000.0,5.09,5090.0,Wheat,Rabi,DES APY Query Report,/Users/aaryan/Downloads/ugp/expansion_2010_workspace/data/yields/des_apy_wheat_rabi_2010_2022.html,False,,,,
IND013015,Haryana,Palwal,2012 - 2013,2012,2013,96044.0,442000.0,4.6,4600.0,Wheat,Rabi,DES APY Query Report,/Users/aaryan/Downloads/ugp/expansion_2010_workspace/data/yields/des_apy_wheat_rabi_2010_2022.html,False,,,,
IND013015,Haryana,Palwal,2013 - 2014,2013,2014,97000.0,441000.0,4.55,4550.0,Wheat,Rabi,DES APY Query Report,/Users/aaryan/Downloads/ugp/expansion_2010_workspace/data/yields/des_apy_wheat_rabi_2010_2022.html,False,,,,
IND013015,Haryana,Palwal,2014 - 2015,2014,2015,105000.0,356000.0,3.39,3390.0,Wheat,Rabi,DES APY Query Report,/Users/aaryan/Downloads/ugp/expansion_2010_workspace/data/yields/des_apy_wheat_rabi_2010_2022.html,False,,,,
IND013015,Haryana,Palwal,2015 - 2016,2015,2016,51000.0,226000.0,4.43,4430.0,Wheat,Rabi,DES APY Query Report,/Users/aaryan/Downloads/ugp/expansion_2010_workspace/data/yields/des_apy_wheat_rabi_2010_2022.html,False,,,,
IND013015,Haryana,Palwal,2016 - 2017,2016,2017,97000.0,424000.0,4.37,4370.0,Wheat,Rabi,DES APY Query Report,/Users/aaryan/Downloads/ugp/expansion_2010_workspace/data/yields/des_apy_wheat_rabi_2010_2022.html,False,,,,
IND013015,Haryana,Palwal,2017 - 2018,2017,2018,93600.0,425800.0,4.55,4550.0,Wheat,Rabi,DES APY Query Report,/Users/aaryan/Downloads/ugp/expansion_2010_workspace/data/yields/des_apy_wheat_rabi_2010_2022.html,False,,,,
IND013015,Haryana,Palwal,2018 - 2019,2018,2019,95000.0,402000.0,4.23,4230.0,Wheat,Rabi,DES APY Query Report,/Users/aaryan/Downloads/ugp/expansion_2010_workspace/data/yields/des_apy_wheat_rabi_2010_2022.html,False,,,,
IND013015,Haryana,Palwal,2019 - 2020,2019,2020,100700.0,487100.0,4.84,4840.0,Wheat,Rabi,DES APY Query Report,/Users/aaryan/Downloads/ugp/expansion_2010_workspace/data/yields/des_apy_wheat_rabi_2010_2022.html,False,,,,
IND013015,Haryana,Palwal,2020 - 2021,2020,2021,10060.0,44720.0,4.45,4450.0,Wheat,Rabi,DES APY Query Report,/Users/aaryan/Downloads/ugp/expansion_2010_workspace/data/yields/des_apy_wheat_rabi_2010_2022.html,False,,,,
IND013015,Haryana,Palwal,2021 - 2022,2021,2022,94678.0,439400.0,4.64,4640.0,Wheat,Rabi,DES APY Query Report,/Users/aaryan/Downloads/ugp/expansion_2010_workspace/data/yields/des_apy_wheat_rabi_2010_2022.html,False,,,,
IND013015,Haryana,Palwal,2022 - 2023,2022,2023,97690.0,413960.0,4.24,4240.0,Wheat,Rabi,DES APY Query Report,/Users/aaryan/Downloads/ugp/expansion_2010_workspace/data/yields/des_apy_wheat_rabi_2010_2022.html,False,,,,
IND013016,Haryana,Panchkula,2010 - 2011,2010,2011,16270.0,42000.0,2.58,2580.0,Wheat,Rabi,DES APY Query Report,/Users/aaryan/Downloads/ugp/expansion_2010_workspace/data/yields/des_apy_wheat_rabi_2010_2022.html,False,,,,
IND013016,Haryana,Panchkula,2011 - 2012,2011,2012,15987.0,57000.0,3.57,3570.0,Wheat,Rabi,DES APY Query Report,/Users/aaryan/Downloads/ugp/expansion_2010_workspace/data/yields/des_apy_wheat_rabi_2010_2022.html,False,,,,
IND013016,Haryana,Panchkula,2012 - 2013,2012,2013,16823.0,59000.0,3.51,3510.0,Wheat,Rabi,DES APY Query Report,/Users/aaryan/Downloads/ugp/expansion_2010_workspace/data/yields/des_apy_wheat_rabi_2010_2022.html,False,,,,
IND013016,Haryana,Panchkula,2013 - 2014,2013,2014,17000.0,59000.0,3.47,3470.0,Wheat,Rabi,DES APY Query Report,/Users/aaryan/Downloads/ugp/expansion_2010_workspace/data/yields/des_apy_wheat_rabi_2010_2022.html,False,,,,
IND013016,Haryana,Panchkula,2014 - 2015,2014,2015,18000.0,53000.0,2.94,2940.0,Wheat,Rabi,DES APY Query Report,/Users/aaryan/Downloads/ugp/expansion_2010_workspace/data/yields/des_apy_wheat_rabi_2010_2022.html,False,,,,
IND013016,Haryana,Panchkula,2015 - 2016,2015,2016,88000.0,378000.0,4.3,4300.0,Wheat,Rabi,DES APY Query Report,/Users/aaryan/Downloads/ugp/expansion_2010_workspace/data/yields/des_apy_wheat_rabi_2010_2022.html,False,,,,
IND013016,Haryana,Panchkula,2016 - 2017,2016,2017,18000.0,69000.0,3.83,3830.0,Wheat,Rabi,DES APY Query Report,/Users/aaryan/Downloads/ugp/expansion_2010_workspace/data/yields/des_apy_wheat_rabi_2010_2022.html,False,,,,
IND013016,Haryana,Panchkula,2017 - 2018,2017,2018,18000.0,67300.0,3.74,3740.0,Wheat,Rabi,DES APY Query Report,/Users/aaryan/Downloads/ugp/expansion_2010_workspace/data/yields/des_apy_wheat_rabi_2010_2022.html,False,,,,
IND013016,Haryana,Panchkula,2018 - 2019,2018,2019,18000.0,71000.0,3.94,3940.0,Wheat,Rabi,DES APY Query Report,/Users/aaryan/Downloads/ugp/expansion_2010_workspace/data/yields/des_apy_wheat_rabi_2010_2022.html,False,,,,
IND013016,Haryana,Panchkula,2019 - 2020,2019,2020,18800.0,78400.0,4.17,4170.0,Wheat,Rabi,DES APY Query Report,/Users/aaryan/Downloads/ugp/expansion_2010_workspace/data/yields/des_apy_wheat_rabi_2010_2022.html,False,,,,
IND013016,Haryana,Panchkula,2020 - 2021,2020,2021,20360.0,73210.0,3.6,3600.0,Wheat,Rabi,DES APY Query Report,/Users/aaryan/Downloads/ugp/expansion_2010_workspace/data/yields/des_apy_wheat_rabi_2010_2022.html,False,,,,
IND013016,Haryana,Panchkula,2021 - 2022,2021,2022,19266.0,72670.0,3.77,3770.0,Wheat,Rabi,DES APY Query Report,/Users/aaryan/Downloads/ugp/expansion_2010_workspace/data/yields/des_apy_wheat_rabi_2010_2022.html,False,,,,
IND013016,Haryana,Panchkula,2022 - 2023,2022,2023,19380.0,74260.0,3.83,3830.0,Wheat,Rabi,DES APY Query Report,/Users/aaryan/Downloads/ugp/expansion_2010_workspace/data/yields/des_apy_wheat_rabi_2010_2022.html,False,,,,
IND013017,Haryana,Panipat,2010 - 2011,2010,2011,86569.0,399000.0,4.61,4610.0,Wheat,Rabi,DES APY Query Report,/Users/aaryan/Downloads/ugp/expansion_2010_workspace/data/yields/des_apy_wheat_rabi_2010_2022.html,False,,,,
IND013017,Haryana,Panipat,2011 - 2012,2011,2012,86807.0,483000.0,5.56,5560.0,Wheat,Rabi,DES APY Query Report,/Users/aaryan/Downloads/ugp/expansion_2010_workspace/data/yields/des_apy_wheat_rabi_2010_2022.html,False,,,,
IND013017,Haryana,Panipat,2012 - 2013,2012,2013,85907.0,395000.0,4.6,4600.0,Wheat,Rabi,DES APY Query Report,/Users/aaryan/Downloads/ugp/expansion_2010_workspace/data/yields/des_apy_wheat_rabi_2010_2022.html,False,,,,
IND013017,Haryana,Panipat,2013 - 2014,2013,2014,86000.0,421000.0,4.9,4900.0,Wheat,Rabi,DES APY Query Report,/Users/aaryan/Downloads/ugp/expansion_2010_workspace/data/yields/des_apy_wheat_rabi_2010_2022.html,False,,,,
IND013017,Haryana,Panipat,2014 - 2015,2014,2015,84000.0,301000.0,3.58,3580.0,Wheat,Rabi,DES APY Query Report,/Users/aaryan/Downloads/ugp/expansion_2010_workspace/data/yields/des_apy_wheat_rabi_2010_2022.html,False,,,,
IND013017,Haryana,Panipat,2015 - 2016,2015,2016,174000.0,858000.0,4.93,4930.0,Wheat,Rabi,DES APY Query Report,/Users/aaryan/Downloads/ugp/expansion_2010_workspace/data/yields/des_apy_wheat_rabi_2010_2022.html,False,,,,
IND013017,Haryana,Panipat,2016 - 2017,2016,2017,82000.0,419000.0,5.11,5110.0,Wheat,Rabi,DES APY Query Report,/Users/aaryan/Downloads/ugp/expansion_2010_workspace/data/yields/des_apy_wheat_rabi_2010_2022.html,False,,,,
IND013017,Haryana,Panipat,2017 - 2018,2017,2018,84300.0,437100.0,5.19,5190.0,Wheat,Rabi,DES APY Query Report,/Users/aaryan/Downloads/ugp/expansion_2010_workspace/data/yields/des_apy_wheat_rabi_2010_2022.html,False,,,,
IND013017,Haryana,Panipat,2018 - 2019,2018,2019,83000.0,433000.0,5.22,5220.0,Wheat,Rabi,DES APY Query Report,/Users/aaryan/Downloads/ugp/expansion_2010_workspace/data/yields/des_apy_wheat_rabi_2010_2022.html,False,,,,
IND013017,Haryana,Panipat,2019 - 2020,2019,2020,89800.0,426200.0,4.75,4750.0,Wheat,Rabi,DES APY Query Report,/Users/aaryan/Downloads/ugp/expansion_2010_workspace/data/yields/des_apy_wheat_rabi_2010_2022.html,False,,,,
IND013017,Haryana,Panipat,2020 - 2021,2020,2021,94630.0,467090.0,4.94,4940.0,Wheat,Rabi,DES APY Query Report,/Users/aaryan/Downloads/ugp/expansion_2010_workspace/data/yields/des_apy_wheat_rabi_2010_2022.html,False,,,,
IND013017,Haryana,Panipat,2021 - 2022,2021,2022,83977.0,388980.0,4.63,4630.0,Wheat,Rabi,DES APY Query Report,/Users/aaryan/Downloads/ugp/expansion_2010_workspace/data/yields/des_apy_wheat_rabi_2010_2022.html,False,,,,
IND013017,Haryana,Panipat,2022 - 2023,2022,2023,83820.0,374960.0,4.47,4470.0,Wheat,Rabi,DES APY Query Report,/Users/aaryan/Downloads/ugp/expansion_2010_workspace/data/yields/des_apy_wheat_rabi_2010_2022.html,False,,,,
IND013018,Haryana,Rewari,2010 - 2011,2010,2011,50513.0,243000.0,4.81,4810.0,Wheat,Rabi,DES APY Query Report,/Users/aaryan/Downloads/ugp/expansion_2010_workspace/data/yields/des_apy_wheat_rabi_2010_2022.html,False,,,,
IND013018,Haryana,Rewari,2011 - 2012,2011,2012,48291.0,240000.0,4.97,4970.0,Wheat,Rabi,DES APY Query Report,/Users/aaryan/Downloads/ugp/expansion_2010_workspace/data/yields/des_apy_wheat_rabi_2010_2022.html,False,,,,
IND013018,Haryana,Rewari,2012 - 2013,2012,2013,44652.0,222000.0,4.97,4970.0,Wheat,Rabi,DES APY Query Report,/Users/aaryan/Downloads/ugp/expansion_2010_workspace/data/yields/des_apy_wheat_rabi_2010_2022.html,False,,,,
IND013018,Haryana,Rewari,2013 - 2014,2013,2014,45000.0,222000.0,4.93,4930.0,Wheat,Rabi,DES APY Query Report,/Users/aaryan/Downloads/ugp/expansion_2010_workspace/data/yields/des_apy_wheat_rabi_2010_2022.html,False,,,,
IND013018,Haryana,Rewari,2014 - 2015,2014,2015,50000.0,181000.0,3.62,3620.0,Wheat,Rabi,DES APY Query Report,/Users/aaryan/Downloads/ugp/expansion_2010_workspace/data/yields/des_apy_wheat_rabi_2010_2022.html,False,,,,
IND013018,Haryana,Rewari,2015 - 2016,2015,2016,51000.0,207000.0,4.06,4059.9999999999995,Wheat,Rabi,DES APY Query Report,/Users/aaryan/Downloads/ugp/expansion_2010_workspace/data/yields/des_apy_wheat_rabi_2010_2022.html,False,,,,
IND013018,Haryana,Rewari,2016 - 2017,2016,2017,48000.0,241000.0,5.02,5020.0,Wheat,Rabi,DES APY Query Report,/Users/aaryan/Downloads/ugp/expansion_2010_workspace/data/yields/des_apy_wheat_rabi_2010_2022.html,False,,,,
IND013018,Haryana,Rewari,2017 - 2018,2017,2018,46100.0,225800.0,4.9,4900.0,Wheat,Rabi,DES APY Query Report,/Users/aaryan/Downloads/ugp/expansion_2010_workspace/data/yields/des_apy_wheat_rabi_2010_2022.html,False,,,,
IND013018,Haryana,Rewari,2018 - 2019,2018,2019,41000.0,203000.0,4.95,4950.0,Wheat,Rabi,DES APY Query Report,/Users/aaryan/Downloads/ugp/expansion_2010_workspace/data/yields/des_apy_wheat_rabi_2010_2022.html,False,,,,
IND013018,Haryana,Rewari,2019 - 2020,2019,2020,37700.0,166100.0,4.41,4410.0,Wheat,Rabi,DES APY Query Report,/Users/aaryan/Downloads/ugp/expansion_2010_workspace/data/yields/des_apy_wheat_rabi_2010_2022.html,False,,,,
IND013018,Haryana,Rewari,2020 - 2021,2020,2021,37480.0,176080.0,4.7,4700.0,Wheat,Rabi,DES APY Query Report,/Users/aaryan/Downloads/ugp/expansion_2010_workspace/data/yields/des_apy_wheat_rabi_2010_2022.html,False,,,,
IND013018,Haryana,Rewari,2021 - 2022,2021,2022,27921.0,127850.0,4.58,4580.0,Wheat,Rabi,DES APY Query Report,/Users/aaryan/Downloads/ugp/expansion_2010_workspace/data/yields/des_apy_wheat_rabi_2010_2022.html,False,,,,
IND013018,Haryana,Rewari,2022 - 2023,2022,2023,33490.0,139090.0,4.15,4150.0,Wheat,Rabi,DES APY Query Report,/Users/aaryan/Downloads/ugp/expansion_2010_workspace/data/yields/des_apy_wheat_rabi_2010_2022.html,False,,,,
IND013019,Haryana,Rohtak,2010 - 2011,2010,2011,101635.0,464000.0,4.57,4570.0,Wheat,Rabi,DES APY Query Report,/Users/aaryan/Downloads/ugp/expansion_2010_workspace/data/yields/des_apy_wheat_rabi_2010_2022.html,False,,,,
IND013019,Haryana,Rohtak,2011 - 2012,2011,2012,102483.0,512000.0,5.0,5000.0,Wheat,Rabi,DES APY Query Report,/Users/aaryan/Downloads/ugp/expansion_2010_workspace/data/yields/des_apy_wheat_rabi_2010_2022.html,False,,,,
IND013019,Haryana,Rohtak,2012 - 2013,2012,2013,104032.0,389000.0,3.74,3740.0,Wheat,Rabi,DES APY Query Report,/Users/aaryan/Downloads/ugp/expansion_2010_workspace/data/yields/des_apy_wheat_rabi_2010_2022.html,False,,,,
IND013019,Haryana,Rohtak,2013 - 2014,2013,2014,102000.0,400000.0,3.92,3920.0,Wheat,Rabi,DES APY Query Report,/Users/aaryan/Downloads/ugp/expansion_2010_workspace/data/yields/des_apy_wheat_rabi_2010_2022.html,False,,,,
IND013019,Haryana,Rohtak,2014 - 2015,2014,2015,107000.0,371000.0,3.47,3470.0,Wheat,Rabi,DES APY Query Report,/Users/aaryan/Downloads/ugp/expansion_2010_workspace/data/yields/des_apy_wheat_rabi_2010_2022.html,False,,,,
IND013019,Haryana,Rohtak,2015 - 2016,2015,2016,107000.0,418000.0,3.91,3910.0,Wheat,Rabi,DES APY Query Report,/Users/aaryan/Downloads/ugp/expansion_2010_workspace/data/yields/des_apy_wheat_rabi_2010_2022.html,False,,,,
IND013019,Haryana,Rohtak,2016 - 2017,2016,2017,105100.0,483000.0,4.6,4600.0,Wheat,Rabi,DES APY Query Report,/Users/aaryan/Downloads/ugp/expansion_2010_workspace/data/yields/des_apy_wheat_rabi_2010_2022.html,False,,,,
IND013019,Haryana,Rohtak,2017 - 2018,2017,2018,104400.0,483000.0,4.63,4630.0,Wheat,Rabi,DES APY Query Report,/Users/aaryan/Downloads/ugp/expansion_2010_workspace/data/yields/des_apy_wheat_rabi_2010_2022.html,False,,,,
IND013019,Haryana,Rohtak,2018 - 2019,2018,2019,104200.0,476000.0,4.57,4570.0,Wheat,Rabi,DES APY Query Report,/Users/aaryan/Downloads/ugp/expansion_2010_workspace/data/yields/des_apy_wheat_rabi_2010_2022.html,False,,,,
IND013019,Haryana,Rohtak,2019 - 2020,2019,2020,106800.0,461300.0,4.32,4320.0,Wheat,Rabi,DES APY Query Report,/Users/aaryan/Downloads/ugp/expansion_2010_workspace/data/yields/des_apy_wheat_rabi_2010_2022.html,False,,,,
IND013019,Haryana,Rohtak,2020 - 2021,2020,2021,42790.0,205050.0,4.79,4790.0,Wheat,Rabi,DES APY Query Report,/Users/aaryan/Downloads/ugp/expansion_2010_workspace/data/yields/des_apy_wheat_rabi_2010_2022.html,False,,,,
IND013019,Haryana,Rohtak,2021 - 2022,2021,2022,100983.0,441600.0,4.37,4370.0,Wheat,Rabi,DES APY Query Report,/Users/aaryan/Downloads/ugp/expansion_2010_workspace/data/yields/des_apy_wheat_rabi_2010_2022.html,False,,,,
IND013019,Haryana,Rohtak,2022 - 2023,2022,2023,103170.0,430240.0,4.17,4170.0,Wheat,Rabi,DES APY Query Report,/Users/aaryan/Downloads/ugp/expansion_2010_workspace/data/yields/des_apy_wheat_rabi_2010_2022.html,False,,,,
IND013020,Haryana,Sirsa,2010 - 2011,2010,2011,289967.0,1488000.0,5.13,5130.0,Wheat,Rabi,DES APY Query Report,/Users/aaryan/Downloads/ugp/expansion_2010_workspace/data/yields/des_apy_wheat_rabi_2010_2022.html,False,,,,
IND013020,Haryana,Sirsa,2011 - 2012,2011,2012,299053.0,1602000.0,5.36,5360.0,Wheat,Rabi,DES APY Query Report,/Users/aaryan/Downloads/ugp/expansion_2010_workspace/data/yields/des_apy_wheat_rabi_2010_2022.html,False,,,,
IND013020,Haryana,Sirsa,2012 - 2013,2012,2013,293495.0,1423000.0,4.85,4850.0,Wheat,Rabi,DES APY Query Report,/Users/aaryan/Downloads/ugp/expansion_2010_workspace/data/yields/des_apy_wheat_rabi_2010_2022.html,False,,,,
IND013020,Haryana,Sirsa,2013 - 2014,2013,2014,285000.0,1524000.0,5.35,5350.0,Wheat,Rabi,DES APY Query Report,/Users/aaryan/Downloads/ugp/expansion_2010_workspace/data/yields/des_apy_wheat_rabi_2010_2022.html,False,,,,
IND013020,Haryana,Sirsa,2014 - 2015,2014,2015,304000.0,1431000.0,4.71,4710.0,Wheat,Rabi,DES APY Query Report,/Users/aaryan/Downloads/ugp/expansion_2010_workspace/data/yields/des_apy_wheat_rabi_2010_2022.html,False,,,,
IND013020,Haryana,Sirsa,2015 - 2016,2015,2016,301000.0,1456000.0,4.84,4840.0,Wheat,Rabi,DES APY Query Report,/Users/aaryan/Downloads/ugp/expansion_2010_workspace/data/yields/des_apy_wheat_rabi_2010_2022.html,False,,,,
IND013020,Haryana,Sirsa,2016 - 2017,2016,2017,304500.0,1544000.0,5.07,5070.0,Wheat,Rabi,DES APY Query Report,/Users/aaryan/Downloads/ugp/expansion_2010_workspace/data/yields/des_apy_wheat_rabi_2010_2022.html,False,,,,
IND013020,Haryana,Sirsa,2017 - 2018,2017,2018,295300.0,1494700.0,5.06,5060.0,Wheat,Rabi,DES APY Query Report,/Users/aaryan/Downloads/ugp/expansion_2010_workspace/data/yields/des_apy_wheat_rabi_2010_2022.html,False,,,,
IND013020,Haryana,Sirsa,2018 - 2019,2018,2019,293100.0,1484000.0,5.06,5060.0,Wheat,Rabi,DES APY Query Report,/Users/aaryan/Downloads/ugp/expansion_2010_workspace/data/yields/des_apy_wheat_rabi_2010_2022.html,False,,,,
IND013020,Haryana,Sirsa,2019 - 2020,2019,2020,296900.0,1443800.0,4.86,4860.0,Wheat,Rabi,DES APY Query Report,/Users/aaryan/Downloads/ugp/expansion_2010_workspace/data/yields/des_apy_wheat_rabi_2010_2022.html,False,,,,
IND013020,Haryana,Sirsa,2020 - 2021,2020,2021,293660.0,1362290.0,4.64,4640.0,Wheat,Rabi,DES APY Query Report,/Users/aaryan/Downloads/ugp/expansion_2010_workspace/data/yields/des_apy_wheat_rabi_2010_2022.html,False,,,,
IND013020,Haryana,Sirsa,2021 - 2022,2021,2022,257738.0,1106470.0,4.29,4290.0,Wheat,Rabi,DES APY Query Report,/Users/aaryan/Downloads/ugp/expansion_2010_workspace/data/yields/des_apy_wheat_rabi_2010_2022.html,False,,,,
IND013020,Haryana,Sirsa,2022 - 2023,2022,2023,269930.0,1204660.0,4.46,4460.0,Wheat,Rabi,DES APY Query Report,/Users/aaryan/Downloads/ugp/expansion_2010_workspace/data/yields/des_apy_wheat_rabi_2010_2022.html,False,,,,
IND013021,Haryana,Sonepat,2010 - 2011,2010,2011,143694.0,669000.0,4.66,4660.0,Wheat,Rabi,DES APY Query Report,/Users/aaryan/Downloads/ugp/expansion_2010_workspace/data/yields/des_apy_wheat_rabi_2010_2022.html,False,,,,
IND013021,Haryana,Sonepat,2011 - 2012,2011,2012,162264.0,894000.0,5.51,5510.0,Wheat,Rabi,DES APY Query Report,/Users/aaryan/Downloads/ugp/expansion_2010_workspace/data/yields/des_apy_wheat_rabi_2010_2022.html,False,,,,
IND013021,Haryana,Sonepat,2012 - 2013,2012,2013,141805.0,642000.0,4.53,4530.0,Wheat,Rabi,DES APY Query Report,/Users/aaryan/Downloads/ugp/expansion_2010_workspace/data/yields/des_apy_wheat_rabi_2010_2022.html,False,,,,
IND013021,Haryana,Sonepat,2013 - 2014,2013,2014,143000.0,665000.0,4.65,4650.0,Wheat,Rabi,DES APY Query Report,/Users/aaryan/Downloads/ugp/expansion_2010_workspace/data/yields/des_apy_wheat_rabi_2010_2022.html,False,,,,
IND013021,Haryana,Sonepat,2014 - 2015,2014,2015,147000.0,548000.0,3.73,3730.0,Wheat,Rabi,DES APY Query Report,/Users/aaryan/Downloads/ugp/expansion_2010_workspace/data/yields/des_apy_wheat_rabi_2010_2022.html,False,,,,
IND013021,Haryana,Sonepat,2015 - 2016,2015,2016,143000.0,637000.0,4.45,4450.0,Wheat,Rabi,DES APY Query Report,/Users/aaryan/Downloads/ugp/expansion_2010_workspace/data/yields/des_apy_wheat_rabi_2010_2022.html,False,,,,
IND013021,Haryana,Sonepat,2016 - 2017,2016,2017,144500.0,741000.0,5.13,5130.0,Wheat,Rabi,DES APY Query Report,/Users/aaryan/Downloads/ugp/expansion_2010_workspace/data/yields/des_apy_wheat_rabi_2010_2022.html,False,,,,
IND013021,Haryana,Sonepat,2017 - 2018,2017,2018,144400.0,732100.0,5.07,5070.0,Wheat,Rabi,DES APY Query Report,/Users/aaryan/Downloads/ugp/expansion_2010_workspace/data/yields/des_apy_wheat_rabi_2010_2022.html,False,,,,
IND013021,Haryana,Sonepat,2018 - 2019,2018,2019,144100.0,645000.0,4.48,4480.0,Wheat,Rabi,DES APY Query Report,/Users/aaryan/Downloads/ugp/expansion_2010_workspace/data/yields/des_apy_wheat_rabi_2010_2022.html,False,,,,
IND013021,Haryana,Sonepat,2019 - 2020,2019,2020,146400.0,716200.0,4.89,4890.0,Wheat,Rabi,DES APY Query Report,/Users/aaryan/Downloads/ugp/expansion_2010_workspace/data/yields/des_apy_wheat_rabi_2010_2022.html,False,,,,
IND013021,Haryana,Sonepat,2020 - 2021,2020,2021,143560.0,720530.0,5.02,5020.0,Wheat,Rabi,DES APY Query Report,/Users/aaryan/Downloads/ugp/expansion_2010_workspace/data/yields/des_apy_wheat_rabi_2010_2022.html,False,,,,
IND013021,Haryana,Sonepat,2021 - 2022,2021,2022,136834.0,645860.0,4.72,4720.0,Wheat,Rabi,DES APY Query Report,/Users/aaryan/Downloads/ugp/expansion_2010_workspace/data/yields/des_apy_wheat_rabi_2010_2022.html,False,,,,
IND013021,Haryana,Sonepat,2022 - 2023,2022,2023,139000.0,629690.0,4.53,4530.0,Wheat,Rabi,DES APY Query Report,/Users/aaryan/Downloads/ugp/expansion_2010_workspace/data/yields/des_apy_wheat_rabi_2010_2022.html,False,,,,
IND013022,Haryana,Yamuna Nagar,2010 - 2011,2010,2011,83403.0,378000.0,4.53,4530.0,Wheat,Rabi,DES APY Query Report,/Users/aaryan/Downloads/ugp/expansion_2010_workspace/data/yields/des_apy_wheat_rabi_2010_2022.html,False,,,,
IND013022,Haryana,Yamuna Nagar,2011 - 2012,2011,2012,84789.0,456000.0,5.38,5380.0,Wheat,Rabi,DES APY Query Report,/Users/aaryan/Downloads/ugp/expansion_2010_workspace/data/yields/des_apy_wheat_rabi_2010_2022.html,False,,,,
IND013022,Haryana,Yamuna Nagar,2012 - 2013,2012,2013,85102.0,369000.0,4.34,4340.0,Wheat,Rabi,DES APY Query Report,/Users/aaryan/Downloads/ugp/expansion_2010_workspace/data/yields/des_apy_wheat_rabi_2010_2022.html,False,,,,
IND013022,Haryana,Yamuna Nagar,2013 - 2014,2013,2014,85000.0,385000.0,4.53,4530.0,Wheat,Rabi,DES APY Query Report,/Users/aaryan/Downloads/ugp/expansion_2010_workspace/data/yields/des_apy_wheat_rabi_2010_2022.html,False,,,,
IND013022,Haryana,Yamuna Nagar,2014 - 2015,2014,2015,88000.0,338000.0,3.84,3840.0,Wheat,Rabi,DES APY Query Report,/Users/aaryan/Downloads/ugp/expansion_2010_workspace/data/yields/des_apy_wheat_rabi_2010_2022.html,False,,,,
IND013022,Haryana,Yamuna Nagar,2015 - 2016,2015,2016,18000.0,60000.0,3.33,3330.0,Wheat,Rabi,DES APY Query Report,/Users/aaryan/Downloads/ugp/expansion_2010_workspace/data/yields/des_apy_wheat_rabi_2010_2022.html,False,,,,
IND013022,Haryana,Yamuna Nagar,2016 - 2017,2016,2017,89000.0,399000.0,4.48,4480.0,Wheat,Rabi,DES APY Query Report,/Users/aaryan/Downloads/ugp/expansion_2010_workspace/data/yields/des_apy_wheat_rabi_2010_2022.html,False,,,,
IND013022,Haryana,Yamuna Nagar,2017 - 2018,2017,2018,89000.0,425700.0,4.78,4780.0,Wheat,Rabi,DES APY Query Report,/Users/aaryan/Downloads/ugp/expansion_2010_workspace/data/yields/des_apy_wheat_rabi_2010_2022.html,False,,,,
IND013022,Haryana,Yamuna Nagar,2018 - 2019,2018,2019,90800.0,390000.0,4.3,4300.0,Wheat,Rabi,DES APY Query Report,/Users/aaryan/Downloads/ugp/expansion_2010_workspace/data/yields/des_apy_wheat_rabi_2010_2022.html,False,,,,
IND013022,Haryana,Yamuna Nagar,2019 - 2020,2019,2020,93500.0,457500.0,4.89,4890.0,Wheat,Rabi,DES APY Query Report,/Users/aaryan/Downloads/ugp/expansion_2010_workspace/data/yields/des_apy_wheat_rabi_2010_2022.html,False,,,,
IND013022,Haryana,Yamuna Nagar,2020 - 2021,2020,2021,96520.0,492350.0,5.1,5100.0,Wheat,Rabi,DES APY Query Report,/Users/aaryan/Downloads/ugp/expansion_2010_workspace/data/yields/des_apy_wheat_rabi_2010_2022.html,False,,,,
IND013022,Haryana,Yamuna Nagar,2021 - 2022,2021,2022,94499.0,426190.0,4.51,4510.0,Wheat,Rabi,DES APY Query Report,/Users/aaryan/Downloads/ugp/expansion_2010_workspace/data/yields/des_apy_wheat_rabi_2010_2022.html,False,,,,
IND013022,Haryana,Yamuna Nagar,2022 - 2023,2022,2023,92840.0,477490.0,5.14,5140.0,Wheat,Rabi,DES APY Query Report,/Users/aaryan/Downloads/ugp/expansion_2010_workspace/data/yields/des_apy_wheat_rabi_2010_2022.html,False,,,,
IND028001,Punjab,Amritsar,2010 - 2011,2010,2011,189000.0,810000.0,4.29,4290.0,Wheat,Rabi,DES APY Query Report,/Users/aaryan/Downloads/ugp/expansion_2010_workspace/data/yields/des_apy_wheat_rabi_2010_2022.html,False,,,,
IND028001,Punjab,Amritsar,2011 - 2012,2011,2012,190000.0,945000.0,4.97,4970.0,Wheat,Rabi,DES APY Query Report,/Users/aaryan/Downloads/ugp/expansion_2010_workspace/data/yields/des_apy_wheat_rabi_2010_2022.html,False,,,,
IND028001,Punjab,Amritsar,2012 - 2013,2012,2013,190000.0,884000.0,4.65,4650.0,Wheat,Rabi,DES APY Query Report,/Users/aaryan/Downloads/ugp/expansion_2010_workspace/data/yields/des_apy_wheat_rabi_2010_2022.html,False,,,,
IND028001,Punjab,Amritsar,2013 - 2014,2013,2014,188000.0,934000.0,4.97,4970.0,Wheat,Rabi,DES APY Query Report,/Users/aaryan/Downloads/ugp/expansion_2010_workspace/data/yields/des_apy_wheat_rabi_2010_2022.html,False,,,,
IND028001,Punjab,Amritsar,2014 - 2015,2014,2015,188000.0,736000.0,3.91,3910.0,Wheat,Rabi,DES APY Query Report,/Users/aaryan/Downloads/ugp/expansion_2010_workspace/data/yields/des_apy_wheat_rabi_2010_2022.html,False,,,,
IND028001,Punjab,Amritsar,2015 - 2016,2015,2016,188000.0,842000.0,4.48,4480.0,Wheat,Rabi,DES APY Query Report,/Users/aaryan/Downloads/ugp/expansion_2010_workspace/data/yields/des_apy_wheat_rabi_2010_2022.html,False,,,,
IND028001,Punjab,Amritsar,2016 - 2017,2016,2017,188000.0,930000.0,4.95,4950.0,Wheat,Rabi,DES APY Query Report,/Users/aaryan/Downloads/ugp/expansion_2010_workspace/data/yields/des_apy_wheat_rabi_2010_2022.html,False,,,,
IND028001,Punjab,Amritsar,2017 - 2018,2017,2018,189000.0,920000.0,4.87,4870.0,Wheat,Rabi,DES APY Query Report,/Users/aaryan/Downloads/ugp/expansion_2010_workspace/data/yields/des_apy_wheat_rabi_2010_2022.html,False,,,,
IND028001,Punjab,Amritsar,2018 - 2019,2018,2019,189000.0,910000.0,4.81,4810.0,Wheat,Rabi,DES APY Query Report,/Users/aaryan/Downloads/ugp/expansion_2010_workspace/data/yields/des_apy_wheat_rabi_2010_2022.html,False,,,,
IND028001,Punjab,Amritsar,2019 - 2020,2019,2020,188000.0,852000.0,4.53,4530.0,Wheat,Rabi,DES APY Query Report,/Users/aaryan/Downloads/ugp/expansion_2010_workspace/data/yields/des_apy_wheat_rabi_2010_2022.html,False,,,,
IND028001,Punjab,Amritsar,2020 - 2021,2020,2021,189000.0,900000.0,4.76,4760.0,Wheat,Rabi,DES APY Query Report,/Users/aaryan/Downloads/ugp/expansion_2010_workspace/data/yields/des_apy_wheat_rabi_2010_2022.html,False,,,,
IND028001,Punjab,Amritsar,2021 - 2022,2021,2022,189300.0,843000.0,4.45,4450.0,Wheat,Rabi,DES APY Query Report,/Users/aaryan/Downloads/ugp/expansion_2010_workspace/data/yields/des_apy_wheat_rabi_2010_2022.html,False,,,,
IND028001,Punjab,Amritsar,2022 - 2023,2022,2023,189100.0,905400.0,4.79,4790.0,Wheat,Rabi,DES APY Query Report,/Users/aaryan/Downloads/ugp/expansion_2010_workspace/data/yields/des_apy_wheat_rabi_2010_2022.html,False,,,,
IND028002,Punjab,Barnala,2010 - 2011,2010,2011,115000.0,572000.0,4.97,4970.0,Wheat,Rabi,DES APY Query Report,/Users/aaryan/Downloads/ugp/expansion_2010_workspace/data/yields/des_apy_wheat_rabi_2010_2022.html,False,,,,
IND028002,Punjab,Barnala,2011 - 2012,2011,2012,115000.0,615000.0,5.35,5350.0,Wheat,Rabi,DES APY Query Report,/Users/aaryan/Downloads/ugp/expansion_2010_workspace/data/yields/des_apy_wheat_rabi_2010_2022.html,False,,,,
IND028002,Punjab,Barnala,2012 - 2013,2012,2013,114000.0,567000.0,4.97,4970.0,Wheat,Rabi,DES APY Query Report,/Users/aaryan/Downloads/ugp/expansion_2010_workspace/data/yields/des_apy_wheat_rabi_2010_2022.html,False,,,,
IND028002,Punjab,Barnala,2013 - 2014,2013,2014,114000.0,596000.0,5.23,5230.0,Wheat,Rabi,DES APY Query Report,/Users/aaryan/Downloads/ugp/expansion_2010_workspace/data/yields/des_apy_wheat_rabi_2010_2022.html,False,,,,
IND028002,Punjab,Barnala,2014 - 2015,2014,2015,114000.0,527000.0,4.62,4620.0,Wheat,Rabi,DES APY Query Report,/Users/aaryan/Downloads/ugp/expansion_2010_workspace/data/yields/des_apy_wheat_rabi_2010_2022.html,False,,,,
IND028002,Punjab,Barnala,2015 - 2016,2015,2016,115000.0,565000.0,4.91,4910.0,Wheat,Rabi,DES APY Query Report,/Users/aaryan/Downloads/ugp/expansion_2010_workspace/data/yields/des_apy_wheat_rabi_2010_2022.html,False,,,,
IND028002,Punjab,Barnala,2016 - 2017,2016,2017,114000.0,626000.0,5.49,5490.0,Wheat,Rabi,DES APY Query Report,/Users/aaryan/Downloads/ugp/expansion_2010_workspace/data/yields/des_apy_wheat_rabi_2010_2022.html,False,,,,
IND028002,Punjab,Barnala,2017 - 2018,2017,2018,114000.0,609000.0,5.34,5340.0,Wheat,Rabi,DES APY Query Report,/Users/aaryan/Downloads/ugp/expansion_2010_workspace/data/yields/des_apy_wheat_rabi_2010_2022.html,False,,,,
IND028002,Punjab,Barnala,2018 - 2019,2018,2019,115000.0,641000.0,5.57,5570.0,Wheat,Rabi,DES APY Query Report,/Users/aaryan/Downloads/ugp/expansion_2010_workspace/data/yields/des_apy_wheat_rabi_2010_2022.html,False,,,,
IND028002,Punjab,Barnala,2019 - 2020,2019,2020,114000.0,599000.0,5.25,5250.0,Wheat,Rabi,DES APY Query Report,/Users/aaryan/Downloads/ugp/expansion_2010_workspace/data/yields/des_apy_wheat_rabi_2010_2022.html,False,,,,
IND028002,Punjab,Barnala,2020 - 2021,2020,2021,113700.0,546000.0,4.8,4800.0,Wheat,Rabi,DES APY Query Report,/Users/aaryan/Downloads/ugp/expansion_2010_workspace/data/yields/des_apy_wheat_rabi_2010_2022.html,False,,,,
IND028002,Punjab,Barnala,2021 - 2022,2021,2022,114800.0,525000.0,4.57,4570.0,Wheat,Rabi,DES APY Query Report,/Users/aaryan/Downloads/ugp/expansion_2010_workspace/data/yields/des_apy_wheat_rabi_2010_2022.html,False,,,,
IND028002,Punjab,Barnala,2022 - 2023,2022,2023,113400.0,574100.0,5.06,5060.0,Wheat,Rabi,DES APY Query Report,/Users/aaryan/Downloads/ugp/expansion_2010_workspace/data/yields/des_apy_wheat_rabi_2010_2022.html,False,,,,
IND028003,Punjab,Bathinda,2010 - 2011,2010,2011,253000.0,1166000.0,4.61,4610.0,Wheat,Rabi,DES APY Query Report,/Users/aaryan/Downloads/ugp/expansion_2010_workspace/data/yields/des_apy_wheat_rabi_2010_2022.html,False,,,,
IND028003,Punjab,Bathinda,2011 - 2012,2011,2012,252000.0,1260000.0,5.0,5000.0,Wheat,Rabi,DES APY Query Report,/Users/aaryan/Downloads/ugp/expansion_2010_workspace/data/yields/des_apy_wheat_rabi_2010_2022.html,False,,,,
IND028003,Punjab,Bathinda,2012 - 2013,2012,2013,254000.0,1216000.0,4.79,4790.0,Wheat,Rabi,DES APY Query Report,/Users/aaryan/Downloads/ugp/expansion_2010_workspace/data/yields/des_apy_wheat_rabi_2010_2022.html,False,,,,
IND028003,Punjab,Bathinda,2013 - 2014,2013,2014,254000.0,1259000.0,4.96,4960.0,Wheat,Rabi,DES APY Query Report,/Users/aaryan/Downloads/ugp/expansion_2010_workspace/data/yields/des_apy_wheat_rabi_2010_2022.html,False,,,,
IND028003,Punjab,Bathinda,2014 - 2015,2014,2015,254000.0,1218000.0,4.8,4800.0,Wheat,Rabi,DES APY Query Report,/Users/aaryan/Downloads/ugp/expansion_2010_workspace/data/yields/des_apy_wheat_rabi_2010_2022.html,False,,,,
IND028003,Punjab,Bathinda,2015 - 2016,2015,2016,253000.0,1184000.0,4.68,4680.0,Wheat,Rabi,DES APY Query Report,/Users/aaryan/Downloads/ugp/expansion_2010_workspace/data/yields/des_apy_wheat_rabi_2010_2022.html,False,,,,
IND028003,Punjab,Bathinda,2016 - 2017,2016,2017,252000.0,1335000.0,5.3,5300.0,Wheat,Rabi,DES APY Query Report,/Users/aaryan/Downloads/ugp/expansion_2010_workspace/data/yields/des_apy_wheat_rabi_2010_2022.html,False,,,,
IND028003,Punjab,Bathinda,2017 - 2018,2017,2018,254000.0,1345000.0,5.3,5300.0,Wheat,Rabi,DES APY Query Report,/Users/aaryan/Downloads/ugp/expansion_2010_workspace/data/yields/des_apy_wheat_rabi_2010_2022.html,False,,,,
IND028003,Punjab,Bathinda,2018 - 2019,2018,2019,255000.0,1428000.0,5.6,5600.0,Wheat,Rabi,DES APY Query Report,/Users/aaryan/Downloads/ugp/expansion_2010_workspace/data/yields/des_apy_wheat_rabi_2010_2022.html,False,,,,
IND028003,Punjab,Bathinda,2019 - 2020,2019,2020,256000.0,1387000.0,5.42,5420.0,Wheat,Rabi,DES APY Query Report,/Users/aaryan/Downloads/ugp/expansion_2010_workspace/data/yields/des_apy_wheat_rabi_2010_2022.html,False,,,,
IND028003,Punjab,Bathinda,2020 - 2021,2020,2021,255600.0,1266000.0,4.95,4950.0,Wheat,Rabi,DES APY Query Report,/Users/aaryan/Downloads/ugp/expansion_2010_workspace/data/yields/des_apy_wheat_rabi_2010_2022.html,False,,,,
IND028003,Punjab,Bathinda,2021 - 2022,2021,2022,260700.0,1149000.0,4.41,4410.0,Wheat,Rabi,DES APY Query Report,/Users/aaryan/Downloads/ugp/expansion_2010_workspace/data/yields/des_apy_wheat_rabi_2010_2022.html,False,,,,
IND028003,Punjab,Bathinda,2022 - 2023,2022,2023,254000.0,1257300.0,4.95,4950.0,Wheat,Rabi,DES APY Query Report,/Users/aaryan/Downloads/ugp/expansion_2010_workspace/data/yields/des_apy_wheat_rabi_2010_2022.html,False,,,,
IND028004,Punjab,Faridkot,2010 - 2011,2010,2011,117000.0,563000.0,4.81,4810.0,Wheat,Rabi,DES APY Query Report,/Users/aaryan/Downloads/ugp/expansion_2010_workspace/data/yields/des_apy_wheat_rabi_2010_2022.html,False,,,,
IND028004,Punjab,Faridkot,2011 - 2012,2011,2012,117000.0,616000.0,5.26,5260.0,Wheat,Rabi,DES APY Query Report,/Users/aaryan/Downloads/ugp/expansion_2010_workspace/data/yields/des_apy_wheat_rabi_2010_2022.html,False,,,,
IND028004,Punjab,Faridkot,2012 - 2013,2012,2013,117000.0,553000.0,4.73,4730.0,Wheat,Rabi,DES APY Query Report,/Users/aaryan/Downloads/ugp/expansion_2010_workspace/data/yields/des_apy_wheat_rabi_2010_2022.html,False,,,,
IND028004,Punjab,Faridkot,2013 - 2014,2013,2014,116000.0,601000.0,5.18,5180.0,Wheat,Rabi,DES APY Query Report,/Users/aaryan/Downloads/ugp/expansion_2010_workspace/data/yields/des_apy_wheat_rabi_2010_2022.html,False,,,,
IND028004,Punjab,Faridkot,2014 - 2015,2014,2015,116000.0,558000.0,4.81,4810.0,Wheat,Rabi,DES APY Query Report,/Users/aaryan/Downloads/ugp/expansion_2010_workspace/data/yields/des_apy_wheat_rabi_2010_2022.html,False,,,,
IND028004,Punjab,Faridkot,2015 - 2016,2015,2016,117000.0,550000.0,4.7,4700.0,Wheat,Rabi,DES APY Query Report,/Users/aaryan/Downloads/ugp/expansion_2010_workspace/data/yields/des_apy_wheat_rabi_2010_2022.html,False,,,,
IND028004,Punjab,Faridkot,2016 - 2017,2016,2017,117000.0,609000.0,5.21,5210.0,Wheat,Rabi,DES APY Query Report,/Users/aaryan/Downloads/ugp/expansion_2010_workspace/data/yields/des_apy_wheat_rabi_2010_2022.html,False,,,,
IND028004,Punjab,Faridkot,2017 - 2018,2017,2018,116000.0,619000.0,5.34,5340.0,Wheat,Rabi,DES APY Query Report,/Users/aaryan/Downloads/ugp/expansion_2010_workspace/data/yields/des_apy_wheat_rabi_2010_2022.html,False,,,,
IND028004,Punjab,Faridkot,2018 - 2019,2018,2019,116000.0,620000.0,5.34,5340.0,Wheat,Rabi,DES APY Query Report,/Users/aaryan/Downloads/ugp/expansion_2010_workspace/data/yields/des_apy_wheat_rabi_2010_2022.html,False,,,,
IND028004,Punjab,Faridkot,2019 - 2020,2019,2020,116000.0,646000.0,5.57,5570.0,Wheat,Rabi,DES APY Query Report,/Users/aaryan/Downloads/ugp/expansion_2010_workspace/data/yields/des_apy_wheat_rabi_2010_2022.html,False,,,,
IND028004,Punjab,Faridkot,2020 - 2021,2020,2021,116000.0,588000.0,5.07,5070.0,Wheat,Rabi,DES APY Query Report,/Users/aaryan/Downloads/ugp/expansion_2010_workspace/data/yields/des_apy_wheat_rabi_2010_2022.html,False,,,,
IND028004,Punjab,Faridkot,2021 - 2022,2021,2022,115500.0,529000.0,4.58,4580.0,Wheat,Rabi,DES APY Query Report,/Users/aaryan/Downloads/ugp/expansion_2010_workspace/data/yields/des_apy_wheat_rabi_2010_2022.html,False,,,,
IND028004,Punjab,Faridkot,2022 - 2023,2022,2023,115300.0,504500.0,4.38,4380.0,Wheat,Rabi,DES APY Query Report,/Users/aaryan/Downloads/ugp/expansion_2010_workspace/data/yields/des_apy_wheat_rabi_2010_2022.html,False,,,,
IND028005,Punjab,Fatehgarh Sahib,2010 - 2011,2010,2011,85000.0,417000.0,4.91,4910.0,Wheat,Rabi,DES APY Query Report,/Users/aaryan/Downloads/ugp/expansion_2010_workspace/data/yields/des_apy_wheat_rabi_2010_2022.html,False,,,,
IND028005,Punjab,Fatehgarh Sahib,2011 - 2012,2011,2012,85000.0,449000.0,5.28,5280.0,Wheat,Rabi,DES APY Query Report,/Users/aaryan/Downloads/ugp/expansion_2010_workspace/data/yields/des_apy_wheat_rabi_2010_2022.html,False,,,,
IND028005,Punjab,Fatehgarh Sahib,2012 - 2013,2012,2013,85000.0,440000.0,5.18,5180.0,Wheat,Rabi,DES APY Query Report,/Users/aaryan/Downloads/ugp/expansion_2010_workspace/data/yields/des_apy_wheat_rabi_2010_2022.html,False,,,,
IND028005,Punjab,Fatehgarh Sahib,2013 - 2014,2013,2014,84000.0,427000.0,5.08,5080.0,Wheat,Rabi,DES APY Query Report,/Users/aaryan/Downloads/ugp/expansion_2010_workspace/data/yields/des_apy_wheat_rabi_2010_2022.html,False,,,,
IND028005,Punjab,Fatehgarh Sahib,2014 - 2015,2014,2015,84000.0,340000.0,4.05,4050.0,Wheat,Rabi,DES APY Query Report,/Users/aaryan/Downloads/ugp/expansion_2010_workspace/data/yields/des_apy_wheat_rabi_2010_2022.html,False,,,,
IND028005,Punjab,Fatehgarh Sahib,2015 - 2016,2015,2016,84000.0,394000.0,4.69,4690.0,Wheat,Rabi,DES APY Query Report,/Users/aaryan/Downloads/ugp/expansion_2010_workspace/data/yields/des_apy_wheat_rabi_2010_2022.html,False,,,,
IND028005,Punjab,Fatehgarh Sahib,2016 - 2017,2016,2017,84000.0,436000.0,5.19,5190.0,Wheat,Rabi,DES APY Query Report,/Users/aaryan/Downloads/ugp/expansion_2010_workspace/data/yields/des_apy_wheat_rabi_2010_2022.html,False,,,,
IND028005,Punjab,Fatehgarh Sahib,2017 - 2018,2017,2018,85000.0,454000.0,5.34,5340.0,Wheat,Rabi,DES APY Query Report,/Users/aaryan/Downloads/ugp/expansion_2010_workspace/data/yields/des_apy_wheat_rabi_2010_2022.html,False,,,,
IND028005,Punjab,Fatehgarh Sahib,2018 - 2019,2018,2019,85000.0,440000.0,5.18,5180.0,Wheat,Rabi,DES APY Query Report,/Users/aaryan/Downloads/ugp/expansion_2010_workspace/data/yields/des_apy_wheat_rabi_2010_2022.html,False,,,,
IND028005,Punjab,Fatehgarh Sahib,2019 - 2020,2019,2020,85000.0,374000.0,4.4,4400.0,Wheat,Rabi,DES APY Query Report,/Users/aaryan/Downloads/ugp/expansion_2010_workspace/data/yields/des_apy_wheat_rabi_2010_2022.html,False,,,,
IND028005,Punjab,Fatehgarh Sahib,2020 - 2021,2020,2021,85100.0,422000.0,4.96,4960.0,Wheat,Rabi,DES APY Query Report,/Users/aaryan/Downloads/ugp/expansion_2010_workspace/data/yields/des_apy_wheat_rabi_2010_2022.html,False,,,,
IND028005,Punjab,Fatehgarh Sahib,2021 - 2022,2021,2022,85300.0,290000.0,3.4,3400.0,Wheat,Rabi,DES APY Query Report,/Users/aaryan/Downloads/ugp/expansion_2010_workspace/data/yields/des_apy_wheat_rabi_2010_2022.html,False,,,,
IND028005,Punjab,Fatehgarh Sahib,2022 - 2023,2022,2023,84500.0,404700.0,4.79,4790.0,Wheat,Rabi,DES APY Query Report,/Users/aaryan/Downloads/ugp/expansion_2010_workspace/data/yields/des_apy_wheat_rabi_2010_2022.html,False,,,,
IND028006,Punjab,Fazilka,2010 - 2011,2010,2011,397000.0,1850000.0,4.66,4660.0,Wheat,Rabi,DES APY Query Report,/Users/aaryan/Downloads/ugp/expansion_2010_workspace/data/yields/des_apy_wheat_rabi_2010_2022.html,True,Firozpur,11,260.0524422636187,239.0909090909091
IND028006,Punjab,Fazilka,2011 - 2012,2011,2012,394000.0,1969000.0,5.0,5000.0,Wheat,Rabi,DES APY Query Report,/Users/aaryan/Downloads/ugp/expansion_2010_workspace/data/yields/des_apy_wheat_rabi_2010_2022.html,True,Firozpur,11,260.0524422636187,239.0909090909091
IND028006,Punjab,Fazilka,2012 - 2013,2012,2013,208000.0,972000.0,4.67,4670.0,Wheat,Rabi,DES APY Query Report,/Users/aaryan/Downloads/ugp/expansion_2010_workspace/data/yields/des_apy_wheat_rabi_2010_2022.html,False,,,,
IND028006,Punjab,Fazilka,2013 - 2014,2013,2014,211000.0,1039000.0,4.92,4920.0,Wheat,Rabi,DES APY Query Report,/Users/aaryan/Downloads/ugp/expansion_2010_workspace/data/yields/des_apy_wheat_rabi_2010_2022.html,False,,,,
IND028006,Punjab,Fazilka,2014 - 2015,2014,2015,206000.0,913000.0,4.43,4430.0,Wheat,Rabi,DES APY Query Report,/Users/aaryan/Downloads/ugp/expansion_2010_workspace/data/yields/des_apy_wheat_rabi_2010_2022.html,False,,,,
IND028006,Punjab,Fazilka,2015 - 2016,2015,2016,209000.0,939000.0,4.49,4490.0,Wheat,Rabi,DES APY Query Report,/Users/aaryan/Downloads/ugp/expansion_2010_workspace/data/yields/des_apy_wheat_rabi_2010_2022.html,False,,,,
IND028006,Punjab,Fazilka,2016 - 2017,2016,2017,207000.0,1023000.0,4.94,4940.0,Wheat,Rabi,DES APY Query Report,/Users/aaryan/Downloads/ugp/expansion_2010_workspace/data/yields/des_apy_wheat_rabi_2010_2022.html,False,,,,
IND028006,Punjab,Fazilka,2017 - 2018,2017,2018,210000.0,1007000.0,4.8,4800.0,Wheat,Rabi,DES APY Query Report,/Users/aaryan/Downloads/ugp/expansion_2010_workspace/data/yields/des_apy_wheat_rabi_2010_2022.html,False,,,,
IND028006,Punjab,Fazilka,2018 - 2019,2018,2019,208000.0,1052000.0,5.06,5060.0,Wheat,Rabi,DES APY Query Report,/Users/aaryan/Downloads/ugp/expansion_2010_workspace/data/yields/des_apy_wheat_rabi_2010_2022.html,False,,,,
IND028006,Punjab,Fazilka,2019 - 2020,2019,2020,206000.0,1016000.0,4.93,4930.0,Wheat,Rabi,DES APY Query Report,/Users/aaryan/Downloads/ugp/expansion_2010_workspace/data/yields/des_apy_wheat_rabi_2010_2022.html,False,,,,
IND028006,Punjab,Fazilka,2020 - 2021,2020,2021,207500.0,984000.0,4.74,4740.0,Wheat,Rabi,DES APY Query Report,/Users/aaryan/Downloads/ugp/expansion_2010_workspace/data/yields/des_apy_wheat_rabi_2010_2022.html,False,,,,
IND028006,Punjab,Fazilka,2021 - 2022,2021,2022,204100.0,873000.0,4.28,4280.0,Wheat,Rabi,DES APY Query Report,/Users/aaryan/Downloads/ugp/expansion_2010_workspace/data/yields/des_apy_wheat_rabi_2010_2022.html,False,,,,
IND028006,Punjab,Fazilka,2022 - 2023,2022,2023,200000.0,925000.0,4.63,4630.0,Wheat,Rabi,DES APY Query Report,/Users/aaryan/Downloads/ugp/expansion_2010_workspace/data/yields/des_apy_wheat_rabi_2010_2022.html,False,,,,
IND028007,Punjab,Firozpur,2010 - 2011,2010,2011,397000.0,1850000.0,4.66,4660.0,Wheat,Rabi,DES APY Query Report,/Users/aaryan/Downloads/ugp/expansion_2010_workspace/data/yields/des_apy_wheat_rabi_2010_2022.html,False,,,,
IND028007,Punjab,Firozpur,2011 - 2012,2011,2012,394000.0,1969000.0,5.0,5000.0,Wheat,Rabi,DES APY Query Report,/Users/aaryan/Downloads/ugp/expansion_2010_workspace/data/yields/des_apy_wheat_rabi_2010_2022.html,False,,,,
IND028007,Punjab,Firozpur,2012 - 2013,2012,2013,185000.0,911000.0,4.92,4920.0,Wheat,Rabi,DES APY Query Report,/Users/aaryan/Downloads/ugp/expansion_2010_workspace/data/yields/des_apy_wheat_rabi_2010_2022.html,False,,,,
IND028007,Punjab,Firozpur,2013 - 2014,2013,2014,189000.0,1001000.0,5.3,5300.0,Wheat,Rabi,DES APY Query Report,/Users/aaryan/Downloads/ugp/expansion_2010_workspace/data/yields/des_apy_wheat_rabi_2010_2022.html,False,,,,
IND028007,Punjab,Firozpur,2014 - 2015,2014,2015,188000.0,877000.0,4.66,4660.0,Wheat,Rabi,DES APY Query Report,/Users/aaryan/Downloads/ugp/expansion_2010_workspace/data/yields/des_apy_wheat_rabi_2010_2022.html,False,,,,
IND028007,Punjab,Firozpur,2015 - 2016,2015,2016,188000.0,862000.0,4.59,4590.0,Wheat,Rabi,DES APY Query Report,/Users/aaryan/Downloads/ugp/expansion_2010_workspace/data/yields/des_apy_wheat_rabi_2010_2022.html,False,,,,
IND028007,Punjab,Firozpur,2016 - 2017,2016,2017,184000.0,959000.0,5.21,5210.0,Wheat,Rabi,DES APY Query Report,/Users/aaryan/Downloads/ugp/expansion_2010_workspace/data/yields/des_apy_wheat_rabi_2010_2022.html,False,,,,
IND028007,Punjab,Firozpur,2017 - 2018,2017,2018,187000.0,977000.0,5.22,5220.0,Wheat,Rabi,DES APY Query Report,/Users/aaryan/Downloads/ugp/expansion_2010_workspace/data/yields/des_apy_wheat_rabi_2010_2022.html,False,,,,
IND028007,Punjab,Firozpur,2018 - 2019,2018,2019,187000.0,1010000.0,5.4,5400.0,Wheat,Rabi,DES APY Query Report,/Users/aaryan/Downloads/ugp/expansion_2010_workspace/data/yields/des_apy_wheat_rabi_2010_2022.html,False,,,,
IND028007,Punjab,Firozpur,2019 - 2020,2019,2020,187000.0,957000.0,5.12,5120.0,Wheat,Rabi,DES APY Query Report,/Users/aaryan/Downloads/ugp/expansion_2010_workspace/data/yields/des_apy_wheat_rabi_2010_2022.html,False,,,,
IND028007,Punjab,Firozpur,2020 - 2021,2020,2021,196100.0,967000.0,4.93,4930.0,Wheat,Rabi,DES APY Query Report,/Users/aaryan/Downloads/ugp/expansion_2010_workspace/data/yields/des_apy_wheat_rabi_2010_2022.html,False,,,,
IND028007,Punjab,Firozpur,2021 - 2022,2021,2022,187800.0,821000.0,4.37,4370.0,Wheat,Rabi,DES APY Query Report,/Users/aaryan/Downloads/ugp/expansion_2010_workspace/data/yields/des_apy_wheat_rabi_2010_2022.html,False,,,,
IND028007,Punjab,Firozpur,2022 - 2023,2022,2023,188700.0,906000.0,4.8,4800.0,Wheat,Rabi,DES APY Query Report,/Users/aaryan/Downloads/ugp/expansion_2010_workspace/data/yields/des_apy_wheat_rabi_2010_2022.html,False,,,,
IND028008,Punjab,Gurdaspur,2010 - 2011,2010,2011,226000.0,919000.0,4.07,4070.0000000000005,Wheat,Rabi,DES APY Query Report,/Users/aaryan/Downloads/ugp/expansion_2010_workspace/data/yields/des_apy_wheat_rabi_2010_2022.html,False,,,,
IND028008,Punjab,Gurdaspur,2011 - 2012,2011,2012,231000.0,1098000.0,4.75,4750.0,Wheat,Rabi,DES APY Query Report,/Users/aaryan/Downloads/ugp/expansion_2010_workspace/data/yields/des_apy_wheat_rabi_2010_2022.html,False,,,,
IND028008,Punjab,Gurdaspur,2012 - 2013,2012,2013,184000.0,825000.0,4.48,4480.0,Wheat,Rabi,DES APY Query Report,/Users/aaryan/Downloads/ugp/expansion_2010_workspace/data/yields/des_apy_wheat_rabi_2010_2022.html,False,,,,
IND028008,Punjab,Gurdaspur,2013 - 2014,2013,2014,184000.0,822000.0,4.47,4470.0,Wheat,Rabi,DES APY Query Report,/Users/aaryan/Downloads/ugp/expansion_2010_workspace/data/yields/des_apy_wheat_rabi_2010_2022.html,False,,,,
IND028008,Punjab,Gurdaspur,2014 - 2015,2014,2015,187000.0,627000.0,3.35,3350.0,Wheat,Rabi,DES APY Query Report,/Users/aaryan/Downloads/ugp/expansion_2010_workspace/data/yields/des_apy_wheat_rabi_2010_2022.html,False,,,,
IND028008,Punjab,Gurdaspur,2015 - 2016,2015,2016,184000.0,856000.0,4.65,4650.0,Wheat,Rabi,DES APY Query Report,/Users/aaryan/Downloads/ugp/expansion_2010_workspace/data/yields/des_apy_wheat_rabi_2010_2022.html,False,,,,
IND028008,Punjab,Gurdaspur,2016 - 2017,2016,2017,184000.0,848000.0,4.61,4610.0,Wheat,Rabi,DES APY Query Report,/Users/aaryan/Downloads/ugp/expansion_2010_workspace/data/yields/des_apy_wheat_rabi_2010_2022.html,False,,,,
IND028008,Punjab,Gurdaspur,2017 - 2018,2017,2018,185000.0,876000.0,4.74,4740.0,Wheat,Rabi,DES APY Query Report,/Users/aaryan/Downloads/ugp/expansion_2010_workspace/data/yields/des_apy_wheat_rabi_2010_2022.html,False,,,,
IND028008,Punjab,Gurdaspur,2018 - 2019,2018,2019,184000.0,868000.0,4.72,4720.0,Wheat,Rabi,DES APY Query Report,/Users/aaryan/Downloads/ugp/expansion_2010_workspace/data/yields/des_apy_wheat_rabi_2010_2022.html,False,,,,
IND028008,Punjab,Gurdaspur,2019 - 2020,2019,2020,185000.0,772000.0,4.17,4170.0,Wheat,Rabi,DES APY Query Report,/Users/aaryan/Downloads/ugp/expansion_2010_workspace/data/yields/des_apy_wheat_rabi_2010_2022.html,False,,,,
IND028008,Punjab,Gurdaspur,2020 - 2021,2020,2021,185600.0,840000.0,4.53,4530.0,Wheat,Rabi,DES APY Query Report,/Users/aaryan/Downloads/ugp/expansion_2010_workspace/data/yields/des_apy_wheat_rabi_2010_2022.html,False,,,,
IND028008,Punjab,Gurdaspur,2021 - 2022,2021,2022,184100.0,777000.0,4.22,4220.0,Wheat,Rabi,DES APY Query Report,/Users/aaryan/Downloads/ugp/expansion_2010_workspace/data/yields/des_apy_wheat_rabi_2010_2022.html,False,,,,
IND028008,Punjab,Gurdaspur,2022 - 2023,2022,2023,185100.0,820400.0,4.43,4430.0,Wheat,Rabi,DES APY Query Report,/Users/aaryan/Downloads/ugp/expansion_2010_workspace/data/yields/des_apy_wheat_rabi_2010_2022.html,False,,,,
IND028009,Punjab,Hoshiarpur,2010 - 2011,2010,2011,154000.0,661000.0,4.29,4290.0,Wheat,Rabi,DES APY Query Report,/Users/aaryan/Downloads/ugp/expansion_2010_workspace/data/yields/des_apy_wheat_rabi_2010_2022.html,False,,,,
IND028009,Punjab,Hoshiarpur,2011 - 2012,2011,2012,154000.0,694000.0,4.51,4510.0,Wheat,Rabi,DES APY Query Report,/Users/aaryan/Downloads/ugp/expansion_2010_workspace/data/yields/des_apy_wheat_rabi_2010_2022.html,False,,,,
IND028009,Punjab,Hoshiarpur,2012 - 2013,2012,2013,149000.0,629000.0,4.22,4220.0,Wheat,Rabi,DES APY Query Report,/Users/aaryan/Downloads/ugp/expansion_2010_workspace/data/yields/des_apy_wheat_rabi_2010_2022.html,False,,,,
IND028009,Punjab,Hoshiarpur,2013 - 2014,2013,2014,148000.0,671000.0,4.53,4530.0,Wheat,Rabi,DES APY Query Report,/Users/aaryan/Downloads/ugp/expansion_2010_workspace/data/yields/des_apy_wheat_rabi_2010_2022.html,False,,,,
IND028009,Punjab,Hoshiarpur,2014 - 2015,2014,2015,150000.0,540000.0,3.6,3600.0,Wheat,Rabi,DES APY Query Report,/Users/aaryan/Downloads/ugp/expansion_2010_workspace/data/yields/des_apy_wheat_rabi_2010_2022.html,False,,,,
IND028009,Punjab,Hoshiarpur,2015 - 2016,2015,2016,145000.0,591000.0,4.08,4080.0,Wheat,Rabi,DES APY Query Report,/Users/aaryan/Downloads/ugp/expansion_2010_workspace/data/yields/des_apy_wheat_rabi_2010_2022.html,False,,,,
IND028009,Punjab,Hoshiarpur,2016 - 2017,2016,2017,147000.0,606000.0,4.12,4120.0,Wheat,Rabi,DES APY Query Report,/Users/aaryan/Downloads/ugp/expansion_2010_workspace/data/yields/des_apy_wheat_rabi_2010_2022.html,False,,,,
IND028009,Punjab,Hoshiarpur,2017 - 2018,2017,2018,143000.0,620000.0,4.34,4340.0,Wheat,Rabi,DES APY Query Report,/Users/aaryan/Downloads/ugp/expansion_2010_workspace/data/yields/des_apy_wheat_rabi_2010_2022.html,False,,,,
IND028009,Punjab,Hoshiarpur,2018 - 2019,2018,2019,144000.0,611000.0,4.24,4240.0,Wheat,Rabi,DES APY Query Report,/Users/aaryan/Downloads/ugp/expansion_2010_workspace/data/yields/des_apy_wheat_rabi_2010_2022.html,False,,,,
IND028009,Punjab,Hoshiarpur,2019 - 2020,2019,2020,142000.0,609000.0,4.29,4290.0,Wheat,Rabi,DES APY Query Report,/Users/aaryan/Downloads/ugp/expansion_2010_workspace/data/yields/des_apy_wheat_rabi_2010_2022.html,False,,,,
IND028009,Punjab,Hoshiarpur,2020 - 2021,2020,2021,141900.0,588000.0,4.14,4140.0,Wheat,Rabi,DES APY Query Report,/Users/aaryan/Downloads/ugp/expansion_2010_workspace/data/yields/des_apy_wheat_rabi_2010_2022.html,False,,,,
IND028009,Punjab,Hoshiarpur,2021 - 2022,2021,2022,142200.0,515000.0,3.62,3620.0,Wheat,Rabi,DES APY Query Report,/Users/aaryan/Downloads/ugp/expansion_2010_workspace/data/yields/des_apy_wheat_rabi_2010_2022.html,False,,,,
IND028009,Punjab,Hoshiarpur,2022 - 2023,2022,2023,141700.0,570800.0,4.03,4030.0000000000005,Wheat,Rabi,DES APY Query Report,/Users/aaryan/Downloads/ugp/expansion_2010_workspace/data/yields/des_apy_wheat_rabi_2010_2022.html,False,,,,
IND028010,Punjab,Jalandhar,2010 - 2011,2010,2011,169000.0,793000.0,4.69,4690.0,Wheat,Rabi,DES APY Query Report,/Users/aaryan/Downloads/ugp/expansion_2010_workspace/data/yields/des_apy_wheat_rabi_2010_2022.html,False,,,,
IND028010,Punjab,Jalandhar,2011 - 2012,2011,2012,171000.0,866000.0,5.06,5060.0,Wheat,Rabi,DES APY Query Report,/Users/aaryan/Downloads/ugp/expansion_2010_workspace/data/yields/des_apy_wheat_rabi_2010_2022.html,False,,,,
IND028010,Punjab,Jalandhar,2012 - 2013,2012,2013,169000.0,773000.0,4.57,4570.0,Wheat,Rabi,DES APY Query Report,/Users/aaryan/Downloads/ugp/expansion_2010_workspace/data/yields/des_apy_wheat_rabi_2010_2022.html,False,,,,
IND028010,Punjab,Jalandhar,2013 - 2014,2013,2014,169000.0,837000.0,4.95,4950.0,Wheat,Rabi,DES APY Query Report,/Users/aaryan/Downloads/ugp/expansion_2010_workspace/data/yields/des_apy_wheat_rabi_2010_2022.html,False,,,,
IND028010,Punjab,Jalandhar,2014 - 2015,2014,2015,167000.0,685000.0,4.1,4100.0,Wheat,Rabi,DES APY Query Report,/Users/aaryan/Downloads/ugp/expansion_2010_workspace/data/yields/des_apy_wheat_rabi_2010_2022.html,False,,,,
IND028010,Punjab,Jalandhar,2015 - 2016,2015,2016,171000.0,762000.0,4.46,4460.0,Wheat,Rabi,DES APY Query Report,/Users/aaryan/Downloads/ugp/expansion_2010_workspace/data/yields/des_apy_wheat_rabi_2010_2022.html,False,,,,
IND028010,Punjab,Jalandhar,2016 - 2017,2016,2017,167000.0,809000.0,4.84,4840.0,Wheat,Rabi,DES APY Query Report,/Users/aaryan/Downloads/ugp/expansion_2010_workspace/data/yields/des_apy_wheat_rabi_2010_2022.html,False,,,,
IND028010,Punjab,Jalandhar,2017 - 2018,2017,2018,170000.0,861000.0,5.06,5060.0,Wheat,Rabi,DES APY Query Report,/Users/aaryan/Downloads/ugp/expansion_2010_workspace/data/yields/des_apy_wheat_rabi_2010_2022.html,False,,,,
IND028010,Punjab,Jalandhar,2018 - 2019,2018,2019,170000.0,845000.0,4.97,4970.0,Wheat,Rabi,DES APY Query Report,/Users/aaryan/Downloads/ugp/expansion_2010_workspace/data/yields/des_apy_wheat_rabi_2010_2022.html,False,,,,
IND028010,Punjab,Jalandhar,2019 - 2020,2019,2020,173000.0,870000.0,5.03,5030.0,Wheat,Rabi,DES APY Query Report,/Users/aaryan/Downloads/ugp/expansion_2010_workspace/data/yields/des_apy_wheat_rabi_2010_2022.html,False,,,,
IND028010,Punjab,Jalandhar,2020 - 2021,2020,2021,172400.0,845000.0,4.9,4900.0,Wheat,Rabi,DES APY Query Report,/Users/aaryan/Downloads/ugp/expansion_2010_workspace/data/yields/des_apy_wheat_rabi_2010_2022.html,False,,,,
IND028010,Punjab,Jalandhar,2021 - 2022,2021,2022,173300.0,732000.0,4.22,4220.0,Wheat,Rabi,DES APY Query Report,/Users/aaryan/Downloads/ugp/expansion_2010_workspace/data/yields/des_apy_wheat_rabi_2010_2022.html,False,,,,
IND028010,Punjab,Jalandhar,2022 - 2023,2022,2023,173400.0,754300.0,4.35,4350.0,Wheat,Rabi,DES APY Query Report,/Users/aaryan/Downloads/ugp/expansion_2010_workspace/data/yields/des_apy_wheat_rabi_2010_2022.html,False,,,,
IND028011,Punjab,Kapurthala,2010 - 2011,2010,2011,108000.0,480000.0,4.44,4440.0,Wheat,Rabi,DES APY Query Report,/Users/aaryan/Downloads/ugp/expansion_2010_workspace/data/yields/des_apy_wheat_rabi_2010_2022.html,False,,,,
IND028011,Punjab,Kapurthala,2011 - 2012,2011,2012,110000.0,542000.0,4.93,4930.0,Wheat,Rabi,DES APY Query Report,/Users/aaryan/Downloads/ugp/expansion_2010_workspace/data/yields/des_apy_wheat_rabi_2010_2022.html,False,,,,
IND028011,Punjab,Kapurthala,2012 - 2013,2012,2013,110000.0,510000.0,4.64,4640.0,Wheat,Rabi,DES APY Query Report,/Users/aaryan/Downloads/ugp/expansion_2010_workspace/data/yields/des_apy_wheat_rabi_2010_2022.html,False,,,,
IND028011,Punjab,Kapurthala,2013 - 2014,2013,2014,111000.0,548000.0,4.94,4940.0,Wheat,Rabi,DES APY Query Report,/Users/aaryan/Downloads/ugp/expansion_2010_workspace/data/yields/des_apy_wheat_rabi_2010_2022.html,False,,,,
IND028011,Punjab,Kapurthala,2014 - 2015,2014,2015,110000.0,429000.0,3.9,3900.0,Wheat,Rabi,DES APY Query Report,/Users/aaryan/Downloads/ugp/expansion_2010_workspace/data/yields/des_apy_wheat_rabi_2010_2022.html,False,,,,
IND028011,Punjab,Kapurthala,2015 - 2016,2015,2016,110000.0,469000.0,4.26,4260.0,Wheat,Rabi,DES APY Query Report,/Users/aaryan/Downloads/ugp/expansion_2010_workspace/data/yields/des_apy_wheat_rabi_2010_2022.html,False,,,,
IND028011,Punjab,Kapurthala,2016 - 2017,2016,2017,106000.0,522000.0,4.92,4920.0,Wheat,Rabi,DES APY Query Report,/Users/aaryan/Downloads/ugp/expansion_2010_workspace/data/yields/des_apy_wheat_rabi_2010_2022.html,False,,,,
IND028011,Punjab,Kapurthala,2017 - 2018,2017,2018,108000.0,523000.0,4.84,4840.0,Wheat,Rabi,DES APY Query Report,/Users/aaryan/Downloads/ugp/expansion_2010_workspace/data/yields/des_apy_wheat_rabi_2010_2022.html,False,,,,
IND028011,Punjab,Kapurthala,2018 - 2019,2018,2019,109000.0,516000.0,4.73,4730.0,Wheat,Rabi,DES APY Query Report,/Users/aaryan/Downloads/ugp/expansion_2010_workspace/data/yields/des_apy_wheat_rabi_2010_2022.html,False,,,,
IND028011,Punjab,Kapurthala,2019 - 2020,2019,2020,109000.0,507000.0,4.65,4650.0,Wheat,Rabi,DES APY Query Report,/Users/aaryan/Downloads/ugp/expansion_2010_workspace/data/yields/des_apy_wheat_rabi_2010_2022.html,False,,,,
IND028011,Punjab,Kapurthala,2020 - 2021,2020,2021,105200.0,486000.0,4.62,4620.0,Wheat,Rabi,DES APY Query Report,/Users/aaryan/Downloads/ugp/expansion_2010_workspace/data/yields/des_apy_wheat_rabi_2010_2022.html,False,,,,
IND028011,Punjab,Kapurthala,2021 - 2022,2021,2022,110000.0,439000.0,3.99,3990.0,Wheat,Rabi,DES APY Query Report,/Users/aaryan/Downloads/ugp/expansion_2010_workspace/data/yields/des_apy_wheat_rabi_2010_2022.html,False,,,,
IND028011,Punjab,Kapurthala,2022 - 2023,2022,2023,108600.0,484300.0,4.46,4460.0,Wheat,Rabi,DES APY Query Report,/Users/aaryan/Downloads/ugp/expansion_2010_workspace/data/yields/des_apy_wheat_rabi_2010_2022.html,False,,,,
IND028012,Punjab,Ludhiana,2010 - 2011,2010,2011,257000.0,1276000.0,4.96,4960.0,Wheat,Rabi,DES APY Query Report,/Users/aaryan/Downloads/ugp/expansion_2010_workspace/data/yields/des_apy_wheat_rabi_2010_2022.html,False,,,,
IND028012,Punjab,Ludhiana,2011 - 2012,2011,2012,257000.0,1381000.0,5.37,5370.0,Wheat,Rabi,DES APY Query Report,/Users/aaryan/Downloads/ugp/expansion_2010_workspace/data/yields/des_apy_wheat_rabi_2010_2022.html,False,,,,
IND028012,Punjab,Ludhiana,2012 - 2013,2012,2013,256000.0,1242000.0,4.85,4850.0,Wheat,Rabi,DES APY Query Report,/Users/aaryan/Downloads/ugp/expansion_2010_workspace/data/yields/des_apy_wheat_rabi_2010_2022.html,False,,,,
IND028012,Punjab,Ludhiana,2013 - 2014,2013,2014,254000.0,1327000.0,5.22,5220.0,Wheat,Rabi,DES APY Query Report,/Users/aaryan/Downloads/ugp/expansion_2010_workspace/data/yields/des_apy_wheat_rabi_2010_2022.html,False,,,,
IND028012,Punjab,Ludhiana,2014 - 2015,2014,2015,253000.0,1129000.0,4.46,4460.0,Wheat,Rabi,DES APY Query Report,/Users/aaryan/Downloads/ugp/expansion_2010_workspace/data/yields/des_apy_wheat_rabi_2010_2022.html,False,,,,
IND028012,Punjab,Ludhiana,2015 - 2016,2015,2016,251000.0,1172000.0,4.67,4670.0,Wheat,Rabi,DES APY Query Report,/Users/aaryan/Downloads/ugp/expansion_2010_workspace/data/yields/des_apy_wheat_rabi_2010_2022.html,False,,,,
IND028012,Punjab,Ludhiana,2016 - 2017,2016,2017,250000.0,1273000.0,5.09,5090.0,Wheat,Rabi,DES APY Query Report,/Users/aaryan/Downloads/ugp/expansion_2010_workspace/data/yields/des_apy_wheat_rabi_2010_2022.html,False,,,,
IND028012,Punjab,Ludhiana,2017 - 2018,2017,2018,252000.0,1296000.0,5.14,5140.0,Wheat,Rabi,DES APY Query Report,/Users/aaryan/Downloads/ugp/expansion_2010_workspace/data/yields/des_apy_wheat_rabi_2010_2022.html,False,,,,
IND028012,Punjab,Ludhiana,2018 - 2019,2018,2019,251000.0,1288000.0,5.13,5130.0,Wheat,Rabi,DES APY Query Report,/Users/aaryan/Downloads/ugp/expansion_2010_workspace/data/yields/des_apy_wheat_rabi_2010_2022.html,False,,,,
IND028012,Punjab,Ludhiana,2019 - 2020,2019,2020,250000.0,1275000.0,5.1,5100.0,Wheat,Rabi,DES APY Query Report,/Users/aaryan/Downloads/ugp/expansion_2010_workspace/data/yields/des_apy_wheat_rabi_2010_2022.html,False,,,,
IND028012,Punjab,Ludhiana,2020 - 2021,2020,2021,249700.0,1241000.0,4.97,4970.0,Wheat,Rabi,DES APY Query Report,/Users/aaryan/Downloads/ugp/expansion_2010_workspace/data/yields/des_apy_wheat_rabi_2010_2022.html,False,,,,
IND028012,Punjab,Ludhiana,2021 - 2022,2021,2022,244200.0,1044000.0,4.28,4280.0,Wheat,Rabi,DES APY Query Report,/Users/aaryan/Downloads/ugp/expansion_2010_workspace/data/yields/des_apy_wheat_rabi_2010_2022.html,False,,,,
IND028012,Punjab,Ludhiana,2022 - 2023,2022,2023,244700.0,1123400.0,4.59,4590.0,Wheat,Rabi,DES APY Query Report,/Users/aaryan/Downloads/ugp/expansion_2010_workspace/data/yields/des_apy_wheat_rabi_2010_2022.html,False,,,,
IND028013,Punjab,Mansa,2010 - 2011,2010,2011,170000.0,830000.0,4.88,4880.0,Wheat,Rabi,DES APY Query Report,/Users/aaryan/Downloads/ugp/expansion_2010_workspace/data/yields/des_apy_wheat_rabi_2010_2022.html,False,,,,
IND028013,Punjab,Mansa,2011 - 2012,2011,2012,170000.0,841000.0,4.95,4950.0,Wheat,Rabi,DES APY Query Report,/Users/aaryan/Downloads/ugp/expansion_2010_workspace/data/yields/des_apy_wheat_rabi_2010_2022.html,False,,,,
IND028013,Punjab,Mansa,2012 - 2013,2012,2013,171000.0,759000.0,4.44,4440.0,Wheat,Rabi,DES APY Query Report,/Users/aaryan/Downloads/ugp/expansion_2010_workspace/data/yields/des_apy_wheat_rabi_2010_2022.html,False,,,,
IND028013,Punjab,Mansa,2013 - 2014,2013,2014,170000.0,854000.0,5.02,5020.0,Wheat,Rabi,DES APY Query Report,/Users/aaryan/Downloads/ugp/expansion_2010_workspace/data/yields/des_apy_wheat_rabi_2010_2022.html,False,,,,
IND028013,Punjab,Mansa,2014 - 2015,2014,2015,166000.0,742000.0,4.47,4470.0,Wheat,Rabi,DES APY Query Report,/Users/aaryan/Downloads/ugp/expansion_2010_workspace/data/yields/des_apy_wheat_rabi_2010_2022.html,False,,,,
IND028013,Punjab,Mansa,2015 - 2016,2015,2016,170000.0,789000.0,4.64,4640.0,Wheat,Rabi,DES APY Query Report,/Users/aaryan/Downloads/ugp/expansion_2010_workspace/data/yields/des_apy_wheat_rabi_2010_2022.html,False,,,,
IND028013,Punjab,Mansa,2016 - 2017,2016,2017,171000.0,876000.0,5.12,5120.0,Wheat,Rabi,DES APY Query Report,/Users/aaryan/Downloads/ugp/expansion_2010_workspace/data/yields/des_apy_wheat_rabi_2010_2022.html,False,,,,
IND028013,Punjab,Mansa,2017 - 2018,2017,2018,172000.0,890000.0,5.17,5170.0,Wheat,Rabi,DES APY Query Report,/Users/aaryan/Downloads/ugp/expansion_2010_workspace/data/yields/des_apy_wheat_rabi_2010_2022.html,False,,,,
IND028013,Punjab,Mansa,2018 - 2019,2018,2019,171000.0,932000.0,5.45,5450.0,Wheat,Rabi,DES APY Query Report,/Users/aaryan/Downloads/ugp/expansion_2010_workspace/data/yields/des_apy_wheat_rabi_2010_2022.html,False,,,,
IND028013,Punjab,Mansa,2019 - 2020,2019,2020,171000.0,922000.0,5.39,5390.0,Wheat,Rabi,DES APY Query Report,/Users/aaryan/Downloads/ugp/expansion_2010_workspace/data/yields/des_apy_wheat_rabi_2010_2022.html,False,,,,
IND028013,Punjab,Mansa,2020 - 2021,2020,2021,171600.0,852000.0,4.97,4970.0,Wheat,Rabi,DES APY Query Report,/Users/aaryan/Downloads/ugp/expansion_2010_workspace/data/yields/des_apy_wheat_rabi_2010_2022.html,False,,,,
IND028013,Punjab,Mansa,2021 - 2022,2021,2022,172500.0,768000.0,4.45,4450.0,Wheat,Rabi,DES APY Query Report,/Users/aaryan/Downloads/ugp/expansion_2010_workspace/data/yields/des_apy_wheat_rabi_2010_2022.html,False,,,,
IND028013,Punjab,Mansa,2022 - 2023,2022,2023,170800.0,854200.0,5.0,5000.0,Wheat,Rabi,DES APY Query Report,/Users/aaryan/Downloads/ugp/expansion_2010_workspace/data/yields/des_apy_wheat_rabi_2010_2022.html,False,,,,
IND028014,Punjab,Moga,2010 - 2011,2010,2011,177000.0,887000.0,5.01,5010.0,Wheat,Rabi,DES APY Query Report,/Users/aaryan/Downloads/ugp/expansion_2010_workspace/data/yields/des_apy_wheat_rabi_2010_2022.html,False,,,,
IND028014,Punjab,Moga,2011 - 2012,2011,2012,176000.0,961000.0,5.46,5460.0,Wheat,Rabi,DES APY Query Report,/Users/aaryan/Downloads/ugp/expansion_2010_workspace/data/yields/des_apy_wheat_rabi_2010_2022.html,False,,,,
IND028014,Punjab,Moga,2012 - 2013,2012,2013,176000.0,871000.0,4.95,4950.0,Wheat,Rabi,DES APY Query Report,/Users/aaryan/Downloads/ugp/expansion_2010_workspace/data/yields/des_apy_wheat_rabi_2010_2022.html,False,,,,
IND028014,Punjab,Moga,2013 - 2014,2013,2014,176000.0,922000.0,5.24,5240.0,Wheat,Rabi,DES APY Query Report,/Users/aaryan/Downloads/ugp/expansion_2010_workspace/data/yields/des_apy_wheat_rabi_2010_2022.html,False,,,,
IND028014,Punjab,Moga,2014 - 2015,2014,2015,175000.0,794000.0,4.54,4540.0,Wheat,Rabi,DES APY Query Report,/Users/aaryan/Downloads/ugp/expansion_2010_workspace/data/yields/des_apy_wheat_rabi_2010_2022.html,False,,,,
IND028014,Punjab,Moga,2015 - 2016,2015,2016,175000.0,805000.0,4.6,4600.0,Wheat,Rabi,DES APY Query Report,/Users/aaryan/Downloads/ugp/expansion_2010_workspace/data/yields/des_apy_wheat_rabi_2010_2022.html,False,,,,
IND028014,Punjab,Moga,2016 - 2017,2016,2017,174000.0,918000.0,5.28,5280.0,Wheat,Rabi,DES APY Query Report,/Users/aaryan/Downloads/ugp/expansion_2010_workspace/data/yields/des_apy_wheat_rabi_2010_2022.html,False,,,,
IND028014,Punjab,Moga,2017 - 2018,2017,2018,175000.0,908000.0,5.19,5190.0,Wheat,Rabi,DES APY Query Report,/Users/aaryan/Downloads/ugp/expansion_2010_workspace/data/yields/des_apy_wheat_rabi_2010_2022.html,False,,,,
IND028014,Punjab,Moga,2018 - 2019,2018,2019,175000.0,941000.0,5.38,5380.0,Wheat,Rabi,DES APY Query Report,/Users/aaryan/Downloads/ugp/expansion_2010_workspace/data/yields/des_apy_wheat_rabi_2010_2022.html,False,,,,
IND028014,Punjab,Moga,2019 - 2020,2019,2020,176000.0,942000.0,5.35,5350.0,Wheat,Rabi,DES APY Query Report,/Users/aaryan/Downloads/ugp/expansion_2010_workspace/data/yields/des_apy_wheat_rabi_2010_2022.html,False,,,,
IND028014,Punjab,Moga,2020 - 2021,2020,2021,177000.0,911000.0,5.15,5150.0,Wheat,Rabi,DES APY Query Report,/Users/aaryan/Downloads/ugp/expansion_2010_workspace/data/yields/des_apy_wheat_rabi_2010_2022.html,False,,,,
IND028014,Punjab,Moga,2021 - 2022,2021,2022,177900.0,778000.0,4.37,4370.0,Wheat,Rabi,DES APY Query Report,/Users/aaryan/Downloads/ugp/expansion_2010_workspace/data/yields/des_apy_wheat_rabi_2010_2022.html,False,,,,
IND028014,Punjab,Moga,2022 - 2023,2022,2023,178100.0,846300.0,4.75,4750.0,Wheat,Rabi,DES APY Query Report,/Users/aaryan/Downloads/ugp/expansion_2010_workspace/data/yields/des_apy_wheat_rabi_2010_2022.html,False,,,,
IND028015,Punjab,Mohali,2010 - 2011,2010,2011,53000.0,227000.0,4.28,4280.0,Wheat,Rabi,DES APY Query Report,/Users/aaryan/Downloads/ugp/expansion_2010_workspace/data/yields/des_apy_wheat_rabi_2010_2022.html,False,,,,
IND028015,Punjab,Mohali,2011 - 2012,2011,2012,52000.0,249000.0,4.79,4790.0,Wheat,Rabi,DES APY Query Report,/Users/aaryan/Downloads/ugp/expansion_2010_workspace/data/yields/des_apy_wheat_rabi_2010_2022.html,False,,,,
IND028015,Punjab,Mohali,2012 - 2013,2012,2013,54000.0,233000.0,4.31,4310.0,Wheat,Rabi,DES APY Query Report,/Users/aaryan/Downloads/ugp/expansion_2010_workspace/data/yields/des_apy_wheat_rabi_2010_2022.html,False,,,,
IND028015,Punjab,Mohali,2013 - 2014,2013,2014,51000.0,228000.0,4.47,4470.0,Wheat,Rabi,DES APY Query Report,/Users/aaryan/Downloads/ugp/expansion_2010_workspace/data/yields/des_apy_wheat_rabi_2010_2022.html,False,,,,
IND028015,Punjab,Mohali,2014 - 2015,2014,2015,50000.0,198000.0,3.96,3960.0,Wheat,Rabi,DES APY Query Report,/Users/aaryan/Downloads/ugp/expansion_2010_workspace/data/yields/des_apy_wheat_rabi_2010_2022.html,False,,,,
IND028015,Punjab,Mohali,2015 - 2016,2015,2016,50000.0,232000.0,4.64,4640.0,Wheat,Rabi,DES APY Query Report,/Users/aaryan/Downloads/ugp/expansion_2010_workspace/data/yields/des_apy_wheat_rabi_2010_2022.html,False,,,,
IND028015,Punjab,Mohali,2016 - 2017,2016,2017,50000.0,235000.0,4.7,4700.0,Wheat,Rabi,DES APY Query Report,/Users/aaryan/Downloads/ugp/expansion_2010_workspace/data/yields/des_apy_wheat_rabi_2010_2022.html,False,,,,
IND028015,Punjab,Mohali,2017 - 2018,2017,2018,50000.0,248000.0,4.96,4960.0,Wheat,Rabi,DES APY Query Report,/Users/aaryan/Downloads/ugp/expansion_2010_workspace/data/yields/des_apy_wheat_rabi_2010_2022.html,False,,,,
IND028015,Punjab,Mohali,2018 - 2019,2018,2019,50000.0,232000.0,4.64,4640.0,Wheat,Rabi,DES APY Query Report,/Users/aaryan/Downloads/ugp/expansion_2010_workspace/data/yields/des_apy_wheat_rabi_2010_2022.html,False,,,,
IND028015,Punjab,Mohali,2019 - 2020,2019,2020,50000.0,226000.0,4.52,4520.0,Wheat,Rabi,DES APY Query Report,/Users/aaryan/Downloads/ugp/expansion_2010_workspace/data/yields/des_apy_wheat_rabi_2010_2022.html,False,,,,
IND028015,Punjab,Mohali,2020 - 2021,2020,2021,48500.0,212000.0,4.37,4370.0,Wheat,Rabi,DES APY Query Report,/Users/aaryan/Downloads/ugp/expansion_2010_workspace/data/yields/des_apy_wheat_rabi_2010_2022.html,False,,,,
IND028015,Punjab,Mohali,2021 - 2022,2021,2022,50100.0,186000.0,3.71,3710.0,Wheat,Rabi,DES APY Query Report,/Users/aaryan/Downloads/ugp/expansion_2010_workspace/data/yields/des_apy_wheat_rabi_2010_2022.html,False,,,,
IND028015,Punjab,Mohali,2022 - 2023,2022,2023,53000.0,217000.0,4.09,4090.0,Wheat,Rabi,DES APY Query Report,/Users/aaryan/Downloads/ugp/expansion_2010_workspace/data/yields/des_apy_wheat_rabi_2010_2022.html,False,,,,
IND028016,Punjab,Muktsar,2010 - 2011,2010,2011,192000.0,957000.0,4.98,4980.0,Wheat,Rabi,DES APY Query Report,/Users/aaryan/Downloads/ugp/expansion_2010_workspace/data/yields/des_apy_wheat_rabi_2010_2022.html,False,,,,
IND028016,Punjab,Muktsar,2011 - 2012,2011,2012,206000.0,1036000.0,5.03,5030.0,Wheat,Rabi,DES APY Query Report,/Users/aaryan/Downloads/ugp/expansion_2010_workspace/data/yields/des_apy_wheat_rabi_2010_2022.html,False,,,,
IND028016,Punjab,Muktsar,2012 - 2013,2012,2013,209000.0,996000.0,4.77,4770.0,Wheat,Rabi,DES APY Query Report,/Users/aaryan/Downloads/ugp/expansion_2010_workspace/data/yields/des_apy_wheat_rabi_2010_2022.html,False,,,,
IND028016,Punjab,Muktsar,2013 - 2014,2013,2014,209000.0,1058000.0,5.06,5060.0,Wheat,Rabi,DES APY Query Report,/Users/aaryan/Downloads/ugp/expansion_2010_workspace/data/yields/des_apy_wheat_rabi_2010_2022.html,False,,,,
IND028016,Punjab,Muktsar,2014 - 2015,2014,2015,208000.0,907000.0,4.36,4360.0,Wheat,Rabi,DES APY Query Report,/Users/aaryan/Downloads/ugp/expansion_2010_workspace/data/yields/des_apy_wheat_rabi_2010_2022.html,False,,,,
IND028016,Punjab,Muktsar,2015 - 2016,2015,2016,209000.0,969000.0,4.64,4640.0,Wheat,Rabi,DES APY Query Report,/Users/aaryan/Downloads/ugp/expansion_2010_workspace/data/yields/des_apy_wheat_rabi_2010_2022.html,False,,,,
IND028016,Punjab,Muktsar,2016 - 2017,2016,2017,213000.0,1093000.0,5.13,5130.0,Wheat,Rabi,DES APY Query Report,/Users/aaryan/Downloads/ugp/expansion_2010_workspace/data/yields/des_apy_wheat_rabi_2010_2022.html,False,,,,
IND028016,Punjab,Muktsar,2017 - 2018,2017,2018,211000.0,1108000.0,5.25,5250.0,Wheat,Rabi,DES APY Query Report,/Users/aaryan/Downloads/ugp/expansion_2010_workspace/data/yields/des_apy_wheat_rabi_2010_2022.html,False,,,,
IND028016,Punjab,Muktsar,2018 - 2019,2018,2019,214000.0,1192000.0,5.57,5570.0,Wheat,Rabi,DES APY Query Report,/Users/aaryan/Downloads/ugp/expansion_2010_workspace/data/yields/des_apy_wheat_rabi_2010_2022.html,False,,,,
IND028016,Punjab,Muktsar,2019 - 2020,2019,2020,214000.0,1168000.0,5.46,5460.0,Wheat,Rabi,DES APY Query Report,/Users/aaryan/Downloads/ugp/expansion_2010_workspace/data/yields/des_apy_wheat_rabi_2010_2022.html,False,,,,
IND028016,Punjab,Muktsar,2020 - 2021,2020,2021,215200.0,1087000.0,5.05,5050.0,Wheat,Rabi,DES APY Query Report,/Users/aaryan/Downloads/ugp/expansion_2010_workspace/data/yields/des_apy_wheat_rabi_2010_2022.html,False,,,,
IND028016,Punjab,Muktsar,2021 - 2022,2021,2022,219200.0,992000.0,4.53,4530.0,Wheat,Rabi,DES APY Query Report,/Users/aaryan/Downloads/ugp/expansion_2010_workspace/data/yields/des_apy_wheat_rabi_2010_2022.html,False,,,,
IND028016,Punjab,Muktsar,2022 - 2023,2022,2023,217100.0,1019100.0,4.69,4690.0,Wheat,Rabi,DES APY Query Report,/Users/aaryan/Downloads/ugp/expansion_2010_workspace/data/yields/des_apy_wheat_rabi_2010_2022.html,False,,,,
IND028017,Punjab,Nawan Shehar,2010 - 2011,2010,2011,74000.0,348000.0,4.7,4700.0,Wheat,Rabi,DES APY Query Report,/Users/aaryan/Downloads/ugp/expansion_2010_workspace/data/yields/des_apy_wheat_rabi_2010_2022.html,False,,,,
IND028017,Punjab,Nawan Shehar,2011 - 2012,2011,2012,75000.0,387000.0,5.16,5160.0,Wheat,Rabi,DES APY Query Report,/Users/aaryan/Downloads/ugp/expansion_2010_workspace/data/yields/des_apy_wheat_rabi_2010_2022.html,False,,,,
IND028017,Punjab,Nawan Shehar,2012 - 2013,2012,2013,80000.0,382000.0,4.78,4780.0,Wheat,Rabi,DES APY Query Report,/Users/aaryan/Downloads/ugp/expansion_2010_workspace/data/yields/des_apy_wheat_rabi_2010_2022.html,False,,,,
IND028017,Punjab,Nawan Shehar,2013 - 2014,2013,2014,75000.0,371000.0,4.95,4950.0,Wheat,Rabi,DES APY Query Report,/Users/aaryan/Downloads/ugp/expansion_2010_workspace/data/yields/des_apy_wheat_rabi_2010_2022.html,False,,,,
IND028017,Punjab,Nawan Shehar,2014 - 2015,2014,2015,76000.0,282000.0,3.71,3710.0,Wheat,Rabi,DES APY Query Report,/Users/aaryan/Downloads/ugp/expansion_2010_workspace/data/yields/des_apy_wheat_rabi_2010_2022.html,False,,,,
IND028017,Punjab,Nawan Shehar,2015 - 2016,2015,2016,78000.0,368000.0,4.72,4720.0,Wheat,Rabi,DES APY Query Report,/Users/aaryan/Downloads/ugp/expansion_2010_workspace/data/yields/des_apy_wheat_rabi_2010_2022.html,False,,,,
IND028017,Punjab,Nawan Shehar,2016 - 2017,2016,2017,76000.0,374000.0,4.92,4920.0,Wheat,Rabi,DES APY Query Report,/Users/aaryan/Downloads/ugp/expansion_2010_workspace/data/yields/des_apy_wheat_rabi_2010_2022.html,False,,,,
IND028017,Punjab,Nawan Shehar,2017 - 2018,2017,2018,77000.0,385000.0,5.0,5000.0,Wheat,Rabi,DES APY Query Report,/Users/aaryan/Downloads/ugp/expansion_2010_workspace/data/yields/des_apy_wheat_rabi_2010_2022.html,False,,,,
IND028017,Punjab,Nawan Shehar,2018 - 2019,2018,2019,77000.0,385000.0,5.0,5000.0,Wheat,Rabi,DES APY Query Report,/Users/aaryan/Downloads/ugp/expansion_2010_workspace/data/yields/des_apy_wheat_rabi_2010_2022.html,False,,,,
IND028017,Punjab,Nawan Shehar,2019 - 2020,2019,2020,77000.0,391000.0,5.08,5080.0,Wheat,Rabi,DES APY Query Report,/Users/aaryan/Downloads/ugp/expansion_2010_workspace/data/yields/des_apy_wheat_rabi_2010_2022.html,False,,,,
IND028017,Punjab,Nawan Shehar,2020 - 2021,2020,2021,77700.0,384000.0,4.94,4940.0,Wheat,Rabi,DES APY Query Report,/Users/aaryan/Downloads/ugp/expansion_2010_workspace/data/yields/des_apy_wheat_rabi_2010_2022.html,False,,,,
IND028017,Punjab,Nawan Shehar,2021 - 2022,2021,2022,77300.0,299000.0,3.87,3870.0,Wheat,Rabi,DES APY Query Report,/Users/aaryan/Downloads/ugp/expansion_2010_workspace/data/yields/des_apy_wheat_rabi_2010_2022.html,False,,,,
IND028017,Punjab,Nawan Shehar,2022 - 2023,2022,2023,78100.0,386300.0,4.95,4950.0,Wheat,Rabi,DES APY Query Report,/Users/aaryan/Downloads/ugp/expansion_2010_workspace/data/yields/des_apy_wheat_rabi_2010_2022.html,False,,,,
IND028018,Punjab,Pathankot,2010 - 2011,2010,2011,154000.0,661000.0,4.29,4290.0,Wheat,Rabi,DES APY Query Report,/Users/aaryan/Downloads/ugp/expansion_2010_workspace/data/yields/des_apy_wheat_rabi_2010_2022.html,True,Hoshiarpur,11,353.79757951790356,248.18181818181827
IND028018,Punjab,Pathankot,2011 - 2012,2011,2012,154000.0,694000.0,4.51,4510.0,Wheat,Rabi,DES APY Query Report,/Users/aaryan/Downloads/ugp/expansion_2010_workspace/data/yields/des_apy_wheat_rabi_2010_2022.html,True,Hoshiarpur,11,353.79757951790356,248.18181818181827
IND028018,Punjab,Pathankot,2012 - 2013,2012,2013,42000.0,173000.0,4.12,4120.0,Wheat,Rabi,DES APY Query Report,/Users/aaryan/Downloads/ugp/expansion_2010_workspace/data/yields/des_apy_wheat_rabi_2010_2022.html,False,,,,
IND028018,Punjab,Pathankot,2013 - 2014,2013,2014,42000.0,167000.0,3.98,3980.0,Wheat,Rabi,DES APY Query Report,/Users/aaryan/Downloads/ugp/expansion_2010_workspace/data/yields/des_apy_wheat_rabi_2010_2022.html,False,,,,
IND028018,Punjab,Pathankot,2014 - 2015,2014,2015,42000.0,115000.0,2.74,2740.0,Wheat,Rabi,DES APY Query Report,/Users/aaryan/Downloads/ugp/expansion_2010_workspace/data/yields/des_apy_wheat_rabi_2010_2022.html,False,,,,
IND028018,Punjab,Pathankot,2015 - 2016,2015,2016,41000.0,166000.0,4.05,4050.0,Wheat,Rabi,DES APY Query Report,/Users/aaryan/Downloads/ugp/expansion_2010_workspace/data/yields/des_apy_wheat_rabi_2010_2022.html,False,,,,
IND028018,Punjab,Pathankot,2016 - 2017,2016,2017,41000.0,168000.0,4.1,4100.0,Wheat,Rabi,DES APY Query Report,/Users/aaryan/Downloads/ugp/expansion_2010_workspace/data/yields/des_apy_wheat_rabi_2010_2022.html,False,,,,
IND028018,Punjab,Pathankot,2017 - 2018,2017,2018,41000.0,165000.0,4.02,4019.9999999999995,Wheat,Rabi,DES APY Query Report,/Users/aaryan/Downloads/ugp/expansion_2010_workspace/data/yields/des_apy_wheat_rabi_2010_2022.html,False,,,,
IND028018,Punjab,Pathankot,2018 - 2019,2018,2019,41000.0,163000.0,3.98,3980.0,Wheat,Rabi,DES APY Query Report,/Users/aaryan/Downloads/ugp/expansion_2010_workspace/data/yields/des_apy_wheat_rabi_2010_2022.html,False,,,,
IND028018,Punjab,Pathankot,2019 - 2020,2019,2020,40000.0,158000.0,3.95,3950.0,Wheat,Rabi,DES APY Query Report,/Users/aaryan/Downloads/ugp/expansion_2010_workspace/data/yields/des_apy_wheat_rabi_2010_2022.html,False,,,,
IND028018,Punjab,Pathankot,2020 - 2021,2020,2021,42000.0,182000.0,4.33,4330.0,Wheat,Rabi,DES APY Query Report,/Users/aaryan/Downloads/ugp/expansion_2010_workspace/data/yields/des_apy_wheat_rabi_2010_2022.html,False,,,,
IND028018,Punjab,Pathankot,2021 - 2022,2021,2022,39400.0,144000.0,3.65,3650.0,Wheat,Rabi,DES APY Query Report,/Users/aaryan/Downloads/ugp/expansion_2010_workspace/data/yields/des_apy_wheat_rabi_2010_2022.html,False,,,,
IND028018,Punjab,Pathankot,2022 - 2023,2022,2023,40100.0,160300.0,4.0,4000.0,Wheat,Rabi,DES APY Query Report,/Users/aaryan/Downloads/ugp/expansion_2010_workspace/data/yields/des_apy_wheat_rabi_2010_2022.html,False,,,,
IND028019,Punjab,Patiala,2010 - 2011,2010,2011,236000.0,1141000.0,4.83,4830.0,Wheat,Rabi,DES APY Query Report,/Users/aaryan/Downloads/ugp/expansion_2010_workspace/data/yields/des_apy_wheat_rabi_2010_2022.html,False,,,,
IND028019,Punjab,Patiala,2011 - 2012,2011,2012,237000.0,1297000.0,5.47,5470.0,Wheat,Rabi,DES APY Query Report,/Users/aaryan/Downloads/ugp/expansion_2010_workspace/data/yields/des_apy_wheat_rabi_2010_2022.html,False,,,,
IND028019,Punjab,Patiala,2012 - 2013,2012,2013,234000.0,1123000.0,4.8,4800.0,Wheat,Rabi,DES APY Query Report,/Users/aaryan/Downloads/ugp/expansion_2010_workspace/data/yields/des_apy_wheat_rabi_2010_2022.html,False,,,,
IND028019,Punjab,Patiala,2013 - 2014,2013,2014,232000.0,1153000.0,4.97,4970.0,Wheat,Rabi,DES APY Query Report,/Users/aaryan/Downloads/ugp/expansion_2010_workspace/data/yields/des_apy_wheat_rabi_2010_2022.html,False,,,,
IND028019,Punjab,Patiala,2014 - 2015,2014,2015,233000.0,1024000.0,4.39,4390.0,Wheat,Rabi,DES APY Query Report,/Users/aaryan/Downloads/ugp/expansion_2010_workspace/data/yields/des_apy_wheat_rabi_2010_2022.html,False,,,,
IND028019,Punjab,Patiala,2015 - 2016,2015,2016,234000.0,1073000.0,4.59,4590.0,Wheat,Rabi,DES APY Query Report,/Users/aaryan/Downloads/ugp/expansion_2010_workspace/data/yields/des_apy_wheat_rabi_2010_2022.html,False,,,,
IND028019,Punjab,Patiala,2016 - 2017,2016,2017,231000.0,1193000.0,5.16,5160.0,Wheat,Rabi,DES APY Query Report,/Users/aaryan/Downloads/ugp/expansion_2010_workspace/data/yields/des_apy_wheat_rabi_2010_2022.html,False,,,,
IND028019,Punjab,Patiala,2017 - 2018,2017,2018,232000.0,1223000.0,5.27,5270.0,Wheat,Rabi,DES APY Query Report,/Users/aaryan/Downloads/ugp/expansion_2010_workspace/data/yields/des_apy_wheat_rabi_2010_2022.html,False,,,,
IND028019,Punjab,Patiala,2018 - 2019,2018,2019,233000.0,1275000.0,5.47,5470.0,Wheat,Rabi,DES APY Query Report,/Users/aaryan/Downloads/ugp/expansion_2010_workspace/data/yields/des_apy_wheat_rabi_2010_2022.html,False,,,,
IND028019,Punjab,Patiala,2019 - 2020,2019,2020,234000.0,1116000.0,4.77,4770.0,Wheat,Rabi,DES APY Query Report,/Users/aaryan/Downloads/ugp/expansion_2010_workspace/data/yields/des_apy_wheat_rabi_2010_2022.html,False,,,,
IND028019,Punjab,Patiala,2020 - 2021,2020,2021,233700.0,1162000.0,4.97,4970.0,Wheat,Rabi,DES APY Query Report,/Users/aaryan/Downloads/ugp/expansion_2010_workspace/data/yields/des_apy_wheat_rabi_2010_2022.html,False,,,,
IND028019,Punjab,Patiala,2021 - 2022,2021,2022,233500.0,907000.0,3.88,3880.0,Wheat,Rabi,DES APY Query Report,/Users/aaryan/Downloads/ugp/expansion_2010_workspace/data/yields/des_apy_wheat_rabi_2010_2022.html,False,,,,
IND028019,Punjab,Patiala,2022 - 2023,2022,2023,233300.0,1145100.0,4.91,4910.0,Wheat,Rabi,DES APY Query Report,/Users/aaryan/Downloads/ugp/expansion_2010_workspace/data/yields/des_apy_wheat_rabi_2010_2022.html,False,,,,
IND028020,Punjab,Rupnagar,2010 - 2011,2010,2011,65000.0,253000.0,3.89,3890.0,Wheat,Rabi,DES APY Query Report,/Users/aaryan/Downloads/ugp/expansion_2010_workspace/data/yields/des_apy_wheat_rabi_2010_2022.html,False,,,,
IND028020,Punjab,Rupnagar,2011 - 2012,2011,2012,64000.0,297000.0,4.64,4640.0,Wheat,Rabi,DES APY Query Report,/Users/aaryan/Downloads/ugp/expansion_2010_workspace/data/yields/des_apy_wheat_rabi_2010_2022.html,False,,,,
IND028020,Punjab,Rupnagar,2012 - 2013,2012,2013,63000.0,284000.0,4.51,4510.0,Wheat,Rabi,DES APY Query Report,/Users/aaryan/Downloads/ugp/expansion_2010_workspace/data/yields/des_apy_wheat_rabi_2010_2022.html,False,,,,
IND028020,Punjab,Rupnagar,2013 - 2014,2013,2014,67000.0,307000.0,4.58,4580.0,Wheat,Rabi,DES APY Query Report,/Users/aaryan/Downloads/ugp/expansion_2010_workspace/data/yields/des_apy_wheat_rabi_2010_2022.html,False,,,,
IND028020,Punjab,Rupnagar,2014 - 2015,2014,2015,66000.0,266000.0,4.03,4030.0000000000005,Wheat,Rabi,DES APY Query Report,/Users/aaryan/Downloads/ugp/expansion_2010_workspace/data/yields/des_apy_wheat_rabi_2010_2022.html,False,,,,
IND028020,Punjab,Rupnagar,2015 - 2016,2015,2016,64000.0,274000.0,4.28,4280.0,Wheat,Rabi,DES APY Query Report,/Users/aaryan/Downloads/ugp/expansion_2010_workspace/data/yields/des_apy_wheat_rabi_2010_2022.html,False,,,,
IND028020,Punjab,Rupnagar,2016 - 2017,2016,2017,68000.0,328000.0,4.82,4820.0,Wheat,Rabi,DES APY Query Report,/Users/aaryan/Downloads/ugp/expansion_2010_workspace/data/yields/des_apy_wheat_rabi_2010_2022.html,False,,,,
IND028020,Punjab,Rupnagar,2017 - 2018,2017,2018,67000.0,326000.0,4.87,4870.0,Wheat,Rabi,DES APY Query Report,/Users/aaryan/Downloads/ugp/expansion_2010_workspace/data/yields/des_apy_wheat_rabi_2010_2022.html,False,,,,
IND028020,Punjab,Rupnagar,2018 - 2019,2018,2019,69000.0,315000.0,4.57,4570.0,Wheat,Rabi,DES APY Query Report,/Users/aaryan/Downloads/ugp/expansion_2010_workspace/data/yields/des_apy_wheat_rabi_2010_2022.html,False,,,,
IND028020,Punjab,Rupnagar,2019 - 2020,2019,2020,69000.0,299000.0,4.33,4330.0,Wheat,Rabi,DES APY Query Report,/Users/aaryan/Downloads/ugp/expansion_2010_workspace/data/yields/des_apy_wheat_rabi_2010_2022.html,False,,,,
IND028020,Punjab,Rupnagar,2020 - 2021,2020,2021,68700.0,310000.0,4.51,4510.0,Wheat,Rabi,DES APY Query Report,/Users/aaryan/Downloads/ugp/expansion_2010_workspace/data/yields/des_apy_wheat_rabi_2010_2022.html,False,,,,
IND028020,Punjab,Rupnagar,2021 - 2022,2021,2022,68600.0,248000.0,3.62,3620.0,Wheat,Rabi,DES APY Query Report,/Users/aaryan/Downloads/ugp/expansion_2010_workspace/data/yields/des_apy_wheat_rabi_2010_2022.html,False,,,,
IND028020,Punjab,Rupnagar,2022 - 2023,2022,2023,67900.0,306300.0,4.51,4510.0,Wheat,Rabi,DES APY Query Report,/Users/aaryan/Downloads/ugp/expansion_2010_workspace/data/yields/des_apy_wheat_rabi_2010_2022.html,False,,,,
IND028021,Punjab,Sangrur,2010 - 2011,2010,2011,287000.0,1472000.0,5.13,5130.0,Wheat,Rabi,DES APY Query Report,/Users/aaryan/Downloads/ugp/expansion_2010_workspace/data/yields/des_apy_wheat_rabi_2010_2022.html,False,,,,
IND028021,Punjab,Sangrur,2011 - 2012,2011,2012,287000.0,1577000.0,5.49,5490.0,Wheat,Rabi,DES APY Query Report,/Users/aaryan/Downloads/ugp/expansion_2010_workspace/data/yields/des_apy_wheat_rabi_2010_2022.html,False,,,,
IND028021,Punjab,Sangrur,2012 - 2013,2012,2013,285000.0,1473000.0,5.17,5170.0,Wheat,Rabi,DES APY Query Report,/Users/aaryan/Downloads/ugp/expansion_2010_workspace/data/yields/des_apy_wheat_rabi_2010_2022.html,False,,,,
IND028021,Punjab,Sangrur,2013 - 2014,2013,2014,285000.0,1567000.0,5.5,5500.0,Wheat,Rabi,DES APY Query Report,/Users/aaryan/Downloads/ugp/expansion_2010_workspace/data/yields/des_apy_wheat_rabi_2010_2022.html,False,,,,
IND028021,Punjab,Sangrur,2014 - 2015,2014,2015,284000.0,1366000.0,4.81,4810.0,Wheat,Rabi,DES APY Query Report,/Users/aaryan/Downloads/ugp/expansion_2010_workspace/data/yields/des_apy_wheat_rabi_2010_2022.html,False,,,,
IND028021,Punjab,Sangrur,2015 - 2016,2015,2016,286000.0,1373000.0,4.8,4800.0,Wheat,Rabi,DES APY Query Report,/Users/aaryan/Downloads/ugp/expansion_2010_workspace/data/yields/des_apy_wheat_rabi_2010_2022.html,False,,,,
IND028021,Punjab,Sangrur,2016 - 2017,2016,2017,286000.0,1589000.0,5.56,5560.0,Wheat,Rabi,DES APY Query Report,/Users/aaryan/Downloads/ugp/expansion_2010_workspace/data/yields/des_apy_wheat_rabi_2010_2022.html,False,,,,
IND028021,Punjab,Sangrur,2017 - 2018,2017,2018,288000.0,1599000.0,5.55,5550.0,Wheat,Rabi,DES APY Query Report,/Users/aaryan/Downloads/ugp/expansion_2010_workspace/data/yields/des_apy_wheat_rabi_2010_2022.html,False,,,,
IND028021,Punjab,Sangrur,2018 - 2019,2018,2019,290000.0,1682000.0,5.8,5800.0,Wheat,Rabi,DES APY Query Report,/Users/aaryan/Downloads/ugp/expansion_2010_workspace/data/yields/des_apy_wheat_rabi_2010_2022.html,False,,,,
IND028021,Punjab,Sangrur,2019 - 2020,2019,2020,291000.0,1678000.0,5.77,5770.0,Wheat,Rabi,DES APY Query Report,/Users/aaryan/Downloads/ugp/expansion_2010_workspace/data/yields/des_apy_wheat_rabi_2010_2022.html,False,,,,
IND028021,Punjab,Sangrur,2020 - 2021,2020,2021,291000.0,1532000.0,5.26,5260.0,Wheat,Rabi,DES APY Query Report,/Users/aaryan/Downloads/ugp/expansion_2010_workspace/data/yields/des_apy_wheat_rabi_2010_2022.html,False,,,,
IND028021,Punjab,Sangrur,2021 - 2022,2021,2022,291200.0,1216000.0,4.175824175824176,4175.824175824176,Wheat,Rabi,DES APY Query Report,/Users/aaryan/Downloads/ugp/expansion_2010_workspace/data/yields/des_apy_wheat_rabi_2010_2022.html,False,,,,
IND028021,Punjab,Sangrur,2022 - 2023,2022,2023,290800.0,1516200.0,5.213892709766163,5213.892709766163,Wheat,Rabi,DES APY Query Report,/Users/aaryan/Downloads/ugp/expansion_2010_workspace/data/yields/des_apy_wheat_rabi_2010_2022.html,False,,,,
IND028022,Punjab,Tarn Taran,2010 - 2011,2010,2011,186000.0,850000.0,4.57,4570.0,Wheat,Rabi,DES APY Query Report,/Users/aaryan/Downloads/ugp/expansion_2010_workspace/data/yields/des_apy_wheat_rabi_2010_2022.html,False,,,,
IND028022,Punjab,Tarn Taran,2011 - 2012,2011,2012,185000.0,902000.0,4.88,4880.0,Wheat,Rabi,DES APY Query Report,/Users/aaryan/Downloads/ugp/expansion_2010_workspace/data/yields/des_apy_wheat_rabi_2010_2022.html,False,,,,
IND028022,Punjab,Tarn Taran,2012 - 2013,2012,2013,182000.0,798000.0,4.38,4380.0,Wheat,Rabi,DES APY Query Report,/Users/aaryan/Downloads/ugp/expansion_2010_workspace/data/yields/des_apy_wheat_rabi_2010_2022.html,False,,,,
IND028022,Punjab,Tarn Taran,2013 - 2014,2013,2014,183000.0,931000.0,5.09,5090.0,Wheat,Rabi,DES APY Query Report,/Users/aaryan/Downloads/ugp/expansion_2010_workspace/data/yields/des_apy_wheat_rabi_2010_2022.html,False,,,,
IND028022,Punjab,Tarn Taran,2014 - 2015,2014,2015,188000.0,777000.0,4.13,4130.0,Wheat,Rabi,DES APY Query Report,/Users/aaryan/Downloads/ugp/expansion_2010_workspace/data/yields/des_apy_wheat_rabi_2010_2022.html,False,,,,
IND028022,Punjab,Tarn Taran,2015 - 2016,2015,2016,186000.0,842000.0,4.53,4530.0,Wheat,Rabi,DES APY Query Report,/Users/aaryan/Downloads/ugp/expansion_2010_workspace/data/yields/des_apy_wheat_rabi_2010_2022.html,False,,,,
IND028022,Punjab,Tarn Taran,2016 - 2017,2016,2017,185000.0,886000.0,4.79,4790.0,Wheat,Rabi,DES APY Query Report,/Users/aaryan/Downloads/ugp/expansion_2010_workspace/data/yields/des_apy_wheat_rabi_2010_2022.html,False,,,,
IND028022,Punjab,Tarn Taran,2017 - 2018,2017,2018,186000.0,871000.0,4.68,4680.0,Wheat,Rabi,DES APY Query Report,/Users/aaryan/Downloads/ugp/expansion_2010_workspace/data/yields/des_apy_wheat_rabi_2010_2022.html,False,,,,
IND028022,Punjab,Tarn Taran,2018 - 2019,2018,2019,187000.0,916000.0,4.9,4900.0,Wheat,Rabi,DES APY Query Report,/Users/aaryan/Downloads/ugp/expansion_2010_workspace/data/yields/des_apy_wheat_rabi_2010_2022.html,False,,,,
IND028022,Punjab,Tarn Taran,2019 - 2020,2019,2020,188000.0,855000.0,4.55,4550.0,Wheat,Rabi,DES APY Query Report,/Users/aaryan/Downloads/ugp/expansion_2010_workspace/data/yields/des_apy_wheat_rabi_2010_2022.html,False,,,,
IND028022,Punjab,Tarn Taran,2020 - 2021,2020,2021,187000.0,880000.0,4.71,4710.0,Wheat,Rabi,DES APY Query Report,/Users/aaryan/Downloads/ugp/expansion_2010_workspace/data/yields/des_apy_wheat_rabi_2010_2022.html,False,,,,
IND028022,Punjab,Tarn Taran,2021 - 2022,2021,2022,185500.0,796000.0,4.29,4290.0,Wheat,Rabi,DES APY Query Report,/Users/aaryan/Downloads/ugp/expansion_2010_workspace/data/yields/des_apy_wheat_rabi_2010_2022.html,False,,,,
IND028022,Punjab,Tarn Taran,2022 - 2023,2022,2023,189800.0,886400.0,4.67,4670.0,Wheat,Rabi,DES APY Query Report,/Users/aaryan/Downloads/ugp/expansion_2010_workspace/data/yields/des_apy_wheat_rabi_2010_2022.html,False,,,,
IND034001,Uttar Pradesh,Agra,2010 - 2011,2010,2011,138092.0,511421.0,3.7,3700.0,Wheat,Rabi,DES APY Query Report,/Users/aaryan/Downloads/ugp/expansion_2010_workspace/data/yields/des_apy_wheat_rabi_2010_2022.html,False,,,,
IND034001,Uttar Pradesh,Agra,2011 - 2012,2011,2012,134825.0,525413.0,3.9,3900.0,Wheat,Rabi,DES APY Query Report,/Users/aaryan/Downloads/ugp/expansion_2010_workspace/data/yields/des_apy_wheat_rabi_2010_2022.html,False,,,,
IND034001,Uttar Pradesh,Agra,2012 - 2013,2012,2013,134889.0,516890.0,3.83,3830.0,Wheat,Rabi,DES APY Query Report,/Users/aaryan/Downloads/ugp/expansion_2010_workspace/data/yields/des_apy_wheat_rabi_2010_2022.html,False,,,,
IND034001,Uttar Pradesh,Agra,2013 - 2014,2013,2014,132340.0,490452.0,3.71,3710.0,Wheat,Rabi,DES APY Query Report,/Users/aaryan/Downloads/ugp/expansion_2010_workspace/data/yields/des_apy_wheat_rabi_2010_2022.html,False,,,,
IND034001,Uttar Pradesh,Agra,2014 - 2015,2014,2015,136036.0,327983.0,2.41,2410.0,Wheat,Rabi,DES APY Query Report,/Users/aaryan/Downloads/ugp/expansion_2010_workspace/data/yields/des_apy_wheat_rabi_2010_2022.html,False,,,,
IND034001,Uttar Pradesh,Agra,2015 - 2016,2015,2016,120903.0,390033.0,3.23,3230.0,Wheat,Rabi,DES APY Query Report,/Users/aaryan/Downloads/ugp/expansion_2010_workspace/data/yields/des_apy_wheat_rabi_2010_2022.html,False,,,,
IND034001,Uttar Pradesh,Agra,2016 - 2017,2016,2017,128553.0,524496.0,4.08,4080.0,Wheat,Rabi,DES APY Query Report,/Users/aaryan/Downloads/ugp/expansion_2010_workspace/data/yields/des_apy_wheat_rabi_2010_2022.html,False,,,,
IND034001,Uttar Pradesh,Agra,2017 - 2018,2017,2018,137141.0,553638.0,4.04,4040.0,Wheat,Rabi,DES APY Query Report,/Users/aaryan/Downloads/ugp/expansion_2010_workspace/data/yields/des_apy_wheat_rabi_2010_2022.html,False,,,,
IND034001,Uttar Pradesh,Agra,2018 - 2019,2018,2019,132369.0,578320.0,4.37,4370.0,Wheat,Rabi,DES APY Query Report,/Users/aaryan/Downloads/ugp/expansion_2010_workspace/data/yields/des_apy_wheat_rabi_2010_2022.html,False,,,,
IND034001,Uttar Pradesh,Agra,2019 - 2020,2019,2020,137283.0,555307.0,4.04,4040.0,Wheat,Rabi,DES APY Query Report,/Users/aaryan/Downloads/ugp/expansion_2010_workspace/data/yields/des_apy_wheat_rabi_2010_2022.html,False,,,,
IND034001,Uttar Pradesh,Agra,2020 - 2021,2020,2021,137658.0,586148.0,4.26,4260.0,Wheat,Rabi,DES APY Query Report,/Users/aaryan/Downloads/ugp/expansion_2010_workspace/data/yields/des_apy_wheat_rabi_2010_2022.html,False,,,,
IND034001,Uttar Pradesh,Agra,2021 - 2022,2021,2022,141532.0,573205.0,4.05,4050.0,Wheat,Rabi,DES APY Query Report,/Users/aaryan/Downloads/ugp/expansion_2010_workspace/data/yields/des_apy_wheat_rabi_2010_2022.html,False,,,,
IND034001,Uttar Pradesh,Agra,2022 - 2023,2022,2023,130922.0,552753.0,4.22,4220.0,Wheat,Rabi,DES APY Query Report,/Users/aaryan/Downloads/ugp/expansion_2010_workspace/data/yields/des_apy_wheat_rabi_2010_2022.html,False,,,,
IND034002,Uttar Pradesh,Aligarh,2010 - 2011,2010,2011,221809.0,786313.0,3.55,3550.0,Wheat,Rabi,DES APY Query Report,/Users/aaryan/Downloads/ugp/expansion_2010_workspace/data/yields/des_apy_wheat_rabi_2010_2022.html,False,,,,
IND034002,Uttar Pradesh,Aligarh,2011 - 2012,2011,2012,217820.0,820310.0,3.77,3770.0,Wheat,Rabi,DES APY Query Report,/Users/aaryan/Downloads/ugp/expansion_2010_workspace/data/yields/des_apy_wheat_rabi_2010_2022.html,False,,,,
IND034002,Uttar Pradesh,Aligarh,2012 - 2013,2012,2013,218374.0,756666.0,3.47,3470.0,Wheat,Rabi,DES APY Query Report,/Users/aaryan/Downloads/ugp/expansion_2010_workspace/data/yields/des_apy_wheat_rabi_2010_2022.html,False,,,,
IND034002,Uttar Pradesh,Aligarh,2013 - 2014,2013,2014,225289.0,811266.0,3.6,3600.0,Wheat,Rabi,DES APY Query Report,/Users/aaryan/Downloads/ugp/expansion_2010_workspace/data/yields/des_apy_wheat_rabi_2010_2022.html,False,,,,
IND034002,Uttar Pradesh,Aligarh,2014 - 2015,2014,2015,223267.0,546558.0,2.45,2450.0,Wheat,Rabi,DES APY Query Report,/Users/aaryan/Downloads/ugp/expansion_2010_workspace/data/yields/des_apy_wheat_rabi_2010_2022.html,False,,,,
IND034002,Uttar Pradesh,Aligarh,2015 - 2016,2015,2016,216572.0,709923.0,3.28,3280.0,Wheat,Rabi,DES APY Query Report,/Users/aaryan/Downloads/ugp/expansion_2010_workspace/data/yields/des_apy_wheat_rabi_2010_2022.html,False,,,,
IND034002,Uttar Pradesh,Aligarh,2016 - 2017,2016,2017,218163.0,868289.0,3.98,3980.0,Wheat,Rabi,DES APY Query Report,/Users/aaryan/Downloads/ugp/expansion_2010_workspace/data/yields/des_apy_wheat_rabi_2010_2022.html,False,,,,
IND034002,Uttar Pradesh,Aligarh,2017 - 2018,2017,2018,223557.0,961295.0,4.3,4300.0,Wheat,Rabi,DES APY Query Report,/Users/aaryan/Downloads/ugp/expansion_2010_workspace/data/yields/des_apy_wheat_rabi_2010_2022.html,False,,,,
IND034002,Uttar Pradesh,Aligarh,2018 - 2019,2018,2019,221798.0,946190.0,4.27,4270.0,Wheat,Rabi,DES APY Query Report,/Users/aaryan/Downloads/ugp/expansion_2010_workspace/data/yields/des_apy_wheat_rabi_2010_2022.html,False,,,,
IND034002,Uttar Pradesh,Aligarh,2019 - 2020,2019,2020,223574.0,921572.0,4.12,4120.0,Wheat,Rabi,DES APY Query Report,/Users/aaryan/Downloads/ugp/expansion_2010_workspace/data/yields/des_apy_wheat_rabi_2010_2022.html,False,,,,
IND034002,Uttar Pradesh,Aligarh,2020 - 2021,2020,2021,223574.0,934986.0,4.18,4180.0,Wheat,Rabi,DES APY Query Report,/Users/aaryan/Downloads/ugp/expansion_2010_workspace/data/yields/des_apy_wheat_rabi_2010_2022.html,False,,,,
IND034002,Uttar Pradesh,Aligarh,2021 - 2022,2021,2022,232606.0,975782.0,4.19,4190.0,Wheat,Rabi,DES APY Query Report,/Users/aaryan/Downloads/ugp/expansion_2010_workspace/data/yields/des_apy_wheat_rabi_2010_2022.html,False,,,,
IND034002,Uttar Pradesh,Aligarh,2022 - 2023,2022,2023,182135.0,764238.0,4.2,4200.0,Wheat,Rabi,DES APY Query Report,/Users/aaryan/Downloads/ugp/expansion_2010_workspace/data/yields/des_apy_wheat_rabi_2010_2022.html,False,,,,
IND034003,Uttar Pradesh,Allahabad,2010 - 2011,2010,2011,210574.0,519125.0,2.47,2470.0,Wheat,Rabi,DES APY Query Report,/Users/aaryan/Downloads/ugp/expansion_2010_workspace/data/yields/des_apy_wheat_rabi_2010_2022.html,False,,,,
IND034003,Uttar Pradesh,Allahabad,2011 - 2012,2011,2012,216174.0,571545.0,2.64,2640.0,Wheat,Rabi,DES APY Query Report,/Users/aaryan/Downloads/ugp/expansion_2010_workspace/data/yields/des_apy_wheat_rabi_2010_2022.html,False,,,,
IND034003,Uttar Pradesh,Allahabad,2012 - 2013,2012,2013,220342.0,549112.0,2.49,2490.0,Wheat,Rabi,DES APY Query Report,/Users/aaryan/Downloads/ugp/expansion_2010_workspace/data/yields/des_apy_wheat_rabi_2010_2022.html,False,,,,
IND034003,Uttar Pradesh,Allahabad,2013 - 2014,2013,2014,214421.0,522361.0,2.44,2440.0,Wheat,Rabi,DES APY Query Report,/Users/aaryan/Downloads/ugp/expansion_2010_workspace/data/yields/des_apy_wheat_rabi_2010_2022.html,False,,,,
IND034003,Uttar Pradesh,Allahabad,2014 - 2015,2014,2015,213258.0,290829.0,1.36,1360.0,Wheat,Rabi,DES APY Query Report,/Users/aaryan/Downloads/ugp/expansion_2010_workspace/data/yields/des_apy_wheat_rabi_2010_2022.html,False,,,,
IND034003,Uttar Pradesh,Allahabad,2015 - 2016,2015,2016,234879.0,449089.0,1.91,1910.0,Wheat,Rabi,DES APY Query Report,/Users/aaryan/Downloads/ugp/expansion_2010_workspace/data/yields/des_apy_wheat_rabi_2010_2022.html,False,,,,
IND034003,Uttar Pradesh,Allahabad,2016 - 2017,2016,2017,223336.0,669621.0,3.0,3000.0,Wheat,Rabi,DES APY Query Report,/Users/aaryan/Downloads/ugp/expansion_2010_workspace/data/yields/des_apy_wheat_rabi_2010_2022.html,False,,,,
IND034003,Uttar Pradesh,Allahabad,2017 - 2018,2017,2018,210205.0,790673.0,3.76,3760.0,Wheat,Rabi,DES APY Query Report,/Users/aaryan/Downloads/ugp/expansion_2010_workspace/data/yields/des_apy_wheat_rabi_2010_2022.html,False,,,,
IND034003,Uttar Pradesh,Allahabad,2018 - 2019,2018,2019,210752.0,748837.0,3.55,3550.0,Wheat,Rabi,DES APY Query Report,/Users/aaryan/Downloads/ugp/expansion_2010_workspace/data/yields/des_apy_wheat_rabi_2010_2022.html,False,,,,
IND034003,Uttar Pradesh,Allahabad,2019 - 2020,2019,2020,210714.0,593160.0,2.82,2820.0,Wheat,Rabi,DES APY Query Report,/Users/aaryan/Downloads/ugp/expansion_2010_workspace/data/yields/des_apy_wheat_rabi_2010_2022.html,False,,,,
IND034003,Uttar Pradesh,Allahabad,2020 - 2021,2020,2021,210752.0,755631.0,3.59,3590.0,Wheat,Rabi,DES APY Query Report,/Users/aaryan/Downloads/ugp/expansion_2010_workspace/data/yields/des_apy_wheat_rabi_2010_2022.html,False,,,,
IND034003,Uttar Pradesh,Allahabad,2021 - 2022,2021,2022,222277.0,638602.0,2.87,2870.0,Wheat,Rabi,DES APY Query Report,/Users/aaryan/Downloads/ugp/expansion_2010_workspace/data/yields/des_apy_wheat_rabi_2010_2022.html,False,,,,
IND034003,Uttar Pradesh,Allahabad,2022 - 2023,2022,2023,244722.0,563350.0,2.3,2300.0,Wheat,Rabi,DES APY Query Report,/Users/aaryan/Downloads/ugp/expansion_2010_workspace/data/yields/des_apy_wheat_rabi_2010_2022.html,False,,,,
IND034004,Uttar Pradesh,Ambedkar Nagar,2010 - 2011,2010,2011,113528.0,380546.0,3.35,3350.0,Wheat,Rabi,DES APY Query Report,/Users/aaryan/Downloads/ugp/expansion_2010_workspace/data/yields/des_apy_wheat_rabi_2010_2022.html,False,,,,
IND034004,Uttar Pradesh,Ambedkar Nagar,2011 - 2012,2011,2012,118006.0,396146.0,3.36,3360.0,Wheat,Rabi,DES APY Query Report,/Users/aaryan/Downloads/ugp/expansion_2010_workspace/data/yields/des_apy_wheat_rabi_2010_2022.html,False,,,,
IND034004,Uttar Pradesh,Ambedkar Nagar,2012 - 2013,2012,2013,117083.0,391291.0,3.34,3340.0,Wheat,Rabi,DES APY Query Report,/Users/aaryan/Downloads/ugp/expansion_2010_workspace/data/yields/des_apy_wheat_rabi_2010_2022.html,False,,,,
IND034004,Uttar Pradesh,Ambedkar Nagar,2013 - 2014,2013,2014,118419.0,407835.0,3.44,3440.0,Wheat,Rabi,DES APY Query Report,/Users/aaryan/Downloads/ugp/expansion_2010_workspace/data/yields/des_apy_wheat_rabi_2010_2022.html,False,,,,
IND034004,Uttar Pradesh,Ambedkar Nagar,2014 - 2015,2014,2015,120131.0,275941.0,2.3,2300.0,Wheat,Rabi,DES APY Query Report,/Users/aaryan/Downloads/ugp/expansion_2010_workspace/data/yields/des_apy_wheat_rabi_2010_2022.html,False,,,,
IND034004,Uttar Pradesh,Ambedkar Nagar,2015 - 2016,2015,2016,120248.0,382749.0,3.18,3180.0,Wheat,Rabi,DES APY Query Report,/Users/aaryan/Downloads/ugp/expansion_2010_workspace/data/yields/des_apy_wheat_rabi_2010_2022.html,False,,,,
IND034004,Uttar Pradesh,Ambedkar Nagar,2016 - 2017,2016,2017,119766.0,425050.0,3.55,3550.0,Wheat,Rabi,DES APY Query Report,/Users/aaryan/Downloads/ugp/expansion_2010_workspace/data/yields/des_apy_wheat_rabi_2010_2022.html,False,,,,
IND034004,Uttar Pradesh,Ambedkar Nagar,2017 - 2018,2017,2018,117806.0,484300.0,4.11,4110.0,Wheat,Rabi,DES APY Query Report,/Users/aaryan/Downloads/ugp/expansion_2010_workspace/data/yields/des_apy_wheat_rabi_2010_2022.html,False,,,,
IND034004,Uttar Pradesh,Ambedkar Nagar,2018 - 2019,2018,2019,119235.0,488740.0,4.1,4100.0,Wheat,Rabi,DES APY Query Report,/Users/aaryan/Downloads/ugp/expansion_2010_workspace/data/yields/des_apy_wheat_rabi_2010_2022.html,False,,,,
IND034004,Uttar Pradesh,Ambedkar Nagar,2019 - 2020,2019,2020,119046.0,466422.0,3.92,3920.0,Wheat,Rabi,DES APY Query Report,/Users/aaryan/Downloads/ugp/expansion_2010_workspace/data/yields/des_apy_wheat_rabi_2010_2022.html,False,,,,
IND034004,Uttar Pradesh,Ambedkar Nagar,2020 - 2021,2020,2021,119547.0,459300.0,3.84,3840.0,Wheat,Rabi,DES APY Query Report,/Users/aaryan/Downloads/ugp/expansion_2010_workspace/data/yields/des_apy_wheat_rabi_2010_2022.html,False,,,,
IND034004,Uttar Pradesh,Ambedkar Nagar,2021 - 2022,2021,2022,123724.0,455799.0,3.68,3680.0,Wheat,Rabi,DES APY Query Report,/Users/aaryan/Downloads/ugp/expansion_2010_workspace/data/yields/des_apy_wheat_rabi_2010_2022.html,False,,,,
IND034004,Uttar Pradesh,Ambedkar Nagar,2022 - 2023,2022,2023,118413.0,402367.0,3.4,3400.0,Wheat,Rabi,DES APY Query Report,/Users/aaryan/Downloads/ugp/expansion_2010_workspace/data/yields/des_apy_wheat_rabi_2010_2022.html,False,,,,
IND034005,Uttar Pradesh,Amethi,2010 - 2011,2010,2011,83104.0,232109.0,2.79,2790.0,Wheat,Rabi,DES APY Query Report,/Users/aaryan/Downloads/ugp/expansion_2010_workspace/data/yields/des_apy_wheat_rabi_2010_2022.html,False,,,,
IND034005,Uttar Pradesh,Amethi,2011 - 2012,2011,2012,125328.0,360193.0,2.87,2870.0,Wheat,Rabi,DES APY Query Report,/Users/aaryan/Downloads/ugp/expansion_2010_workspace/data/yields/des_apy_wheat_rabi_2010_2022.html,False,,,,
IND034005,Uttar Pradesh,Amethi,2012 - 2013,2012,2013,126450.0,387190.0,3.06,3060.0,Wheat,Rabi,DES APY Query Report,/Users/aaryan/Downloads/ugp/expansion_2010_workspace/data/yields/des_apy_wheat_rabi_2010_2022.html,False,,,,
IND034005,Uttar Pradesh,Amethi,2013 - 2014,2013,2014,127180.0,302688.0,2.38,2380.0,Wheat,Rabi,DES APY Query Report,/Users/aaryan/Downloads/ugp/expansion_2010_workspace/data/yields/des_apy_wheat_rabi_2010_2022.html,False,,,,
IND034005,Uttar Pradesh,Amethi,2014 - 2015,2014,2015,95382.0,173595.0,1.82,1820.0,Wheat,Rabi,DES APY Query Report,/Users/aaryan/Downloads/ugp/expansion_2010_workspace/data/yields/des_apy_wheat_rabi_2010_2022.html,False,,,,
IND034005,Uttar Pradesh,Amethi,2015 - 2016,2015,2016,93992.0,223231.0,2.38,2380.0,Wheat,Rabi,DES APY Query Report,/Users/aaryan/Downloads/ugp/expansion_2010_workspace/data/yields/des_apy_wheat_rabi_2010_2022.html,False,,,,
IND034005,Uttar Pradesh,Amethi,2016 - 2017,2016,2017,126984.0,388698.0,3.06,3060.0,Wheat,Rabi,DES APY Query Report,/Users/aaryan/Downloads/ugp/expansion_2010_workspace/data/yields/des_apy_wheat_rabi_2010_2022.html,False,,,,
IND034005,Uttar Pradesh,Amethi,2017 - 2018,2017,2018,128799.0,499225.0,3.88,3880.0,Wheat,Rabi,DES APY Query Report,/Users/aaryan/Downloads/ugp/expansion_2010_workspace/data/yields/des_apy_wheat_rabi_2010_2022.html,False,,,,
IND034005,Uttar Pradesh,Amethi,2018 - 2019,2018,2019,129363.0,458204.0,3.54,3540.0,Wheat,Rabi,DES APY Query Report,/Users/aaryan/Downloads/ugp/expansion_2010_workspace/data/yields/des_apy_wheat_rabi_2010_2022.html,False,,,,
IND034005,Uttar Pradesh,Amethi,2019 - 2020,2019,2020,126155.0,389314.0,3.09,3090.0,Wheat,Rabi,DES APY Query Report,/Users/aaryan/Downloads/ugp/expansion_2010_workspace/data/yields/des_apy_wheat_rabi_2010_2022.html,False,,,,
IND034005,Uttar Pradesh,Amethi,2020 - 2021,2020,2021,127185.0,493223.0,3.88,3880.0,Wheat,Rabi,DES APY Query Report,/Users/aaryan/Downloads/ugp/expansion_2010_workspace/data/yields/des_apy_wheat_rabi_2010_2022.html,False,,,,
IND034005,Uttar Pradesh,Amethi,2021 - 2022,2021,2022,138543.0,445416.0,3.22,3220.0,Wheat,Rabi,DES APY Query Report,/Users/aaryan/Downloads/ugp/expansion_2010_workspace/data/yields/des_apy_wheat_rabi_2010_2022.html,False,,,,
IND034005,Uttar Pradesh,Amethi,2022 - 2023,2022,2023,129528.0,381460.0,2.95,2950.0,Wheat,Rabi,DES APY Query Report,/Users/aaryan/Downloads/ugp/expansion_2010_workspace/data/yields/des_apy_wheat_rabi_2010_2022.html,False,,,,
IND034006,Uttar Pradesh,Amroha,2010 - 2011,2010,2011,92023.0,291805.0,3.17,3170.0,Wheat,Rabi,DES APY Query Report,/Users/aaryan/Downloads/ugp/expansion_2010_workspace/data/yields/des_apy_wheat_rabi_2010_2022.html,False,,,,
IND034006,Uttar Pradesh,Amroha,2011 - 2012,2011,2012,91042.0,287966.0,3.16,3160.0,Wheat,Rabi,DES APY Query Report,/Users/aaryan/Downloads/ugp/expansion_2010_workspace/data/yields/des_apy_wheat_rabi_2010_2022.html,False,,,,
IND034006,Uttar Pradesh,Amroha,2012 - 2013,2012,2013,90059.0,289179.0,3.21,3210.0,Wheat,Rabi,DES APY Query Report,/Users/aaryan/Downloads/ugp/expansion_2010_workspace/data/yields/des_apy_wheat_rabi_2010_2022.html,False,,,,
IND034006,Uttar Pradesh,Amroha,2013 - 2014,2013,2014,92633.0,305040.0,3.29,3290.0,Wheat,Rabi,DES APY Query Report,/Users/aaryan/Downloads/ugp/expansion_2010_workspace/data/yields/des_apy_wheat_rabi_2010_2022.html,False,,,,
IND034006,Uttar Pradesh,Amroha,2014 - 2015,2014,2015,91563.0,193106.0,2.11,2110.0,Wheat,Rabi,DES APY Query Report,/Users/aaryan/Downloads/ugp/expansion_2010_workspace/data/yields/des_apy_wheat_rabi_2010_2022.html,False,,,,
IND034006,Uttar Pradesh,Amroha,2015 - 2016,2015,2016,92461.0,273869.0,2.96,2960.0,Wheat,Rabi,DES APY Query Report,/Users/aaryan/Downloads/ugp/expansion_2010_workspace/data/yields/des_apy_wheat_rabi_2010_2022.html,False,,,,
IND034006,Uttar Pradesh,Amroha,2016 - 2017,2016,2017,92704.0,325484.0,3.51,3510.0,Wheat,Rabi,DES APY Query Report,/Users/aaryan/Downloads/ugp/expansion_2010_workspace/data/yields/des_apy_wheat_rabi_2010_2022.html,False,,,,
IND034006,Uttar Pradesh,Amroha,2017 - 2018,2017,2018,90058.0,333755.0,3.71,3710.0,Wheat,Rabi,DES APY Query Report,/Users/aaryan/Downloads/ugp/expansion_2010_workspace/data/yields/des_apy_wheat_rabi_2010_2022.html,False,,,,
IND034006,Uttar Pradesh,Amroha,2018 - 2019,2018,2019,88417.0,336604.0,3.81,3810.0,Wheat,Rabi,DES APY Query Report,/Users/aaryan/Downloads/ugp/expansion_2010_workspace/data/yields/des_apy_wheat_rabi_2010_2022.html,False,,,,
IND034006,Uttar Pradesh,Amroha,2019 - 2020,2019,2020,89939.0,348334.0,3.87,3870.0,Wheat,Rabi,DES APY Query Report,/Users/aaryan/Downloads/ugp/expansion_2010_workspace/data/yields/des_apy_wheat_rabi_2010_2022.html,False,,,,
IND034006,Uttar Pradesh,Amroha,2020 - 2021,2020,2021,92094.0,370218.0,4.02,4019.9999999999995,Wheat,Rabi,DES APY Query Report,/Users/aaryan/Downloads/ugp/expansion_2010_workspace/data/yields/des_apy_wheat_rabi_2010_2022.html,False,,,,
IND034006,Uttar Pradesh,Amroha,2021 - 2022,2021,2022,96101.0,379407.0,3.95,3950.0,Wheat,Rabi,DES APY Query Report,/Users/aaryan/Downloads/ugp/expansion_2010_workspace/data/yields/des_apy_wheat_rabi_2010_2022.html,False,,,,
IND034006,Uttar Pradesh,Amroha,2022 - 2023,2022,2023,92734.0,381508.0,4.11,4110.0,Wheat,Rabi,DES APY Query Report,/Users/aaryan/Downloads/ugp/expansion_2010_workspace/data/yields/des_apy_wheat_rabi_2010_2022.html,False,,,,
IND034007,Uttar Pradesh,Auraiya,2010 - 2011,2010,2011,100626.0,377448.0,3.75,3750.0,Wheat,Rabi,DES APY Query Report,/Users/aaryan/Downloads/ugp/expansion_2010_workspace/data/yields/des_apy_wheat_rabi_2010_2022.html,False,,,,
IND034007,Uttar Pradesh,Auraiya,2011 - 2012,2011,2012,101534.0,390703.0,3.85,3850.0,Wheat,Rabi,DES APY Query Report,/Users/aaryan/Downloads/ugp/expansion_2010_workspace/data/yields/des_apy_wheat_rabi_2010_2022.html,False,,,,
IND034007,Uttar Pradesh,Auraiya,2012 - 2013,2012,2013,103644.0,376020.0,3.63,3630.0,Wheat,Rabi,DES APY Query Report,/Users/aaryan/Downloads/ugp/expansion_2010_workspace/data/yields/des_apy_wheat_rabi_2010_2022.html,False,,,,
IND034007,Uttar Pradesh,Auraiya,2013 - 2014,2013,2014,104354.0,398006.0,3.81,3810.0,Wheat,Rabi,DES APY Query Report,/Users/aaryan/Downloads/ugp/expansion_2010_workspace/data/yields/des_apy_wheat_rabi_2010_2022.html,False,,,,
IND034007,Uttar Pradesh,Auraiya,2014 - 2015,2014,2015,104341.0,236332.0,2.26,2260.0,Wheat,Rabi,DES APY Query Report,/Users/aaryan/Downloads/ugp/expansion_2010_workspace/data/yields/des_apy_wheat_rabi_2010_2022.html,False,,,,
IND034007,Uttar Pradesh,Auraiya,2015 - 2016,2015,2016,108461.0,334602.0,3.08,3080.0,Wheat,Rabi,DES APY Query Report,/Users/aaryan/Downloads/ugp/expansion_2010_workspace/data/yields/des_apy_wheat_rabi_2010_2022.html,False,,,,
IND034007,Uttar Pradesh,Auraiya,2016 - 2017,2016,2017,99678.0,400407.0,4.02,4019.9999999999995,Wheat,Rabi,DES APY Query Report,/Users/aaryan/Downloads/ugp/expansion_2010_workspace/data/yields/des_apy_wheat_rabi_2010_2022.html,False,,,,
IND034007,Uttar Pradesh,Auraiya,2017 - 2018,2017,2018,102134.0,396076.0,3.88,3880.0,Wheat,Rabi,DES APY Query Report,/Users/aaryan/Downloads/ugp/expansion_2010_workspace/data/yields/des_apy_wheat_rabi_2010_2022.html,False,,,,
IND034007,Uttar Pradesh,Auraiya,2018 - 2019,2018,2019,101049.0,417939.0,4.14,4140.0,Wheat,Rabi,DES APY Query Report,/Users/aaryan/Downloads/ugp/expansion_2010_workspace/data/yields/des_apy_wheat_rabi_2010_2022.html,False,,,,
IND034007,Uttar Pradesh,Auraiya,2019 - 2020,2019,2020,102910.0,399702.0,3.88,3880.0,Wheat,Rabi,DES APY Query Report,/Users/aaryan/Downloads/ugp/expansion_2010_workspace/data/yields/des_apy_wheat_rabi_2010_2022.html,False,,,,
IND034007,Uttar Pradesh,Auraiya,2020 - 2021,2020,2021,102110.0,423757.0,4.15,4150.0,Wheat,Rabi,DES APY Query Report,/Users/aaryan/Downloads/ugp/expansion_2010_workspace/data/yields/des_apy_wheat_rabi_2010_2022.html,False,,,,
IND034007,Uttar Pradesh,Auraiya,2021 - 2022,2021,2022,105757.0,419644.0,3.97,3970.0,Wheat,Rabi,DES APY Query Report,/Users/aaryan/Downloads/ugp/expansion_2010_workspace/data/yields/des_apy_wheat_rabi_2010_2022.html,False,,,,
IND034007,Uttar Pradesh,Auraiya,2022 - 2023,2022,2023,103008.0,429543.0,4.17,4170.0,Wheat,Rabi,DES APY Query Report,/Users/aaryan/Downloads/ugp/expansion_2010_workspace/data/yields/des_apy_wheat_rabi_2010_2022.html,False,,,,
IND034008,Uttar Pradesh,Azamgarh,2010 - 2011,2010,2011,232647.0,650714.0,2.8,2800.0,Wheat,Rabi,DES APY Query Report,/Users/aaryan/Downloads/ugp/expansion_2010_workspace/data/yields/des_apy_wheat_rabi_2010_2022.html,False,,,,
IND034008,Uttar Pradesh,Azamgarh,2011 - 2012,2011,2012,230874.0,667688.0,2.89,2890.0,Wheat,Rabi,DES APY Query Report,/Users/aaryan/Downloads/ugp/expansion_2010_workspace/data/yields/des_apy_wheat_rabi_2010_2022.html,False,,,,
IND034008,Uttar Pradesh,Azamgarh,2012 - 2013,2012,2013,235690.0,693636.0,2.94,2940.0,Wheat,Rabi,DES APY Query Report,/Users/aaryan/Downloads/ugp/expansion_2010_workspace/data/yields/des_apy_wheat_rabi_2010_2022.html,False,,,,
IND034008,Uttar Pradesh,Azamgarh,2013 - 2014,2013,2014,232130.0,718442.0,3.09,3090.0,Wheat,Rabi,DES APY Query Report,/Users/aaryan/Downloads/ugp/expansion_2010_workspace/data/yields/des_apy_wheat_rabi_2010_2022.html,False,,,,
IND034008,Uttar Pradesh,Azamgarh,2014 - 2015,2014,2015,243897.0,516574.0,2.12,2120.0,Wheat,Rabi,DES APY Query Report,/Users/aaryan/Downloads/ugp/expansion_2010_workspace/data/yields/des_apy_wheat_rabi_2010_2022.html,False,,,,
IND034008,Uttar Pradesh,Azamgarh,2015 - 2016,2015,2016,231153.0,630354.0,2.73,2730.0,Wheat,Rabi,DES APY Query Report,/Users/aaryan/Downloads/ugp/expansion_2010_workspace/data/yields/des_apy_wheat_rabi_2010_2022.html,False,,,,
IND034008,Uttar Pradesh,Azamgarh,2016 - 2017,2016,2017,231994.0,778114.0,3.35,3350.0,Wheat,Rabi,DES APY Query Report,/Users/aaryan/Downloads/ugp/expansion_2010_workspace/data/yields/des_apy_wheat_rabi_2010_2022.html,False,,,,
IND034008,Uttar Pradesh,Azamgarh,2017 - 2018,2017,2018,235094.0,808724.0,3.44,3440.0,Wheat,Rabi,DES APY Query Report,/Users/aaryan/Downloads/ugp/expansion_2010_workspace/data/yields/des_apy_wheat_rabi_2010_2022.html,False,,,,
IND034008,Uttar Pradesh,Azamgarh,2018 - 2019,2018,2019,230824.0,852201.0,3.69,3690.0,Wheat,Rabi,DES APY Query Report,/Users/aaryan/Downloads/ugp/expansion_2010_workspace/data/yields/des_apy_wheat_rabi_2010_2022.html,False,,,,
IND034008,Uttar Pradesh,Azamgarh,2019 - 2020,2019,2020,232369.0,802368.0,3.45,3450.0,Wheat,Rabi,DES APY Query Report,/Users/aaryan/Downloads/ugp/expansion_2010_workspace/data/yields/des_apy_wheat_rabi_2010_2022.html,False,,,,
IND034008,Uttar Pradesh,Azamgarh,2020 - 2021,2020,2021,240293.0,849680.0,3.54,3540.0,Wheat,Rabi,DES APY Query Report,/Users/aaryan/Downloads/ugp/expansion_2010_workspace/data/yields/des_apy_wheat_rabi_2010_2022.html,False,,,,
IND034008,Uttar Pradesh,Azamgarh,2021 - 2022,2021,2022,244953.0,850967.0,3.47,3470.0,Wheat,Rabi,DES APY Query Report,/Users/aaryan/Downloads/ugp/expansion_2010_workspace/data/yields/des_apy_wheat_rabi_2010_2022.html,False,,,,
IND034008,Uttar Pradesh,Azamgarh,2022 - 2023,2022,2023,234260.0,840759.0,3.59,3590.0,Wheat,Rabi,DES APY Query Report,/Users/aaryan/Downloads/ugp/expansion_2010_workspace/data/yields/des_apy_wheat_rabi_2010_2022.html,False,,,,
IND034009,Uttar Pradesh,Badaun,2010 - 2011,2010,2011,306477.0,1040796.0,3.4,3400.0,Wheat,Rabi,DES APY Query Report,/Users/aaryan/Downloads/ugp/expansion_2010_workspace/data/yields/des_apy_wheat_rabi_2010_2022.html,False,,,,
IND034009,Uttar Pradesh,Badaun,2011 - 2012,2011,2012,293435.0,1017926.0,3.47,3470.0,Wheat,Rabi,DES APY Query Report,/Users/aaryan/Downloads/ugp/expansion_2010_workspace/data/yields/des_apy_wheat_rabi_2010_2022.html,False,,,,
IND034009,Uttar Pradesh,Badaun,2012 - 2013,2012,2013,230265.0,765401.0,3.32,3320.0,Wheat,Rabi,DES APY Query Report,/Users/aaryan/Downloads/ugp/expansion_2010_workspace/data/yields/des_apy_wheat_rabi_2010_2022.html,False,,,,
IND034009,Uttar Pradesh,Badaun,2013 - 2014,2013,2014,245390.0,894447.0,3.65,3650.0,Wheat,Rabi,DES APY Query Report,/Users/aaryan/Downloads/ugp/expansion_2010_workspace/data/yields/des_apy_wheat_rabi_2010_2022.html,False,,,,
IND034009,Uttar Pradesh,Badaun,2014 - 2015,2014,2015,255586.0,538009.0,2.11,2110.0,Wheat,Rabi,DES APY Query Report,/Users/aaryan/Downloads/ugp/expansion_2010_workspace/data/yields/des_apy_wheat_rabi_2010_2022.html,False,,,,
IND034009,Uttar Pradesh,Badaun,2015 - 2016,2015,2016,251324.0,711498.0,2.83,2830.0,Wheat,Rabi,DES APY Query Report,/Users/aaryan/Downloads/ugp/expansion_2010_workspace/data/yields/des_apy_wheat_rabi_2010_2022.html,False,,,,
IND034009,Uttar Pradesh,Badaun,2016 - 2017,2016,2017,233621.0,819776.0,3.51,3510.0,Wheat,Rabi,DES APY Query Report,/Users/aaryan/Downloads/ugp/expansion_2010_workspace/data/yields/des_apy_wheat_rabi_2010_2022.html,False,,,,
IND034009,Uttar Pradesh,Badaun,2017 - 2018,2017,2018,222879.0,822869.0,3.69,3690.0,Wheat,Rabi,DES APY Query Report,/Users/aaryan/Downloads/ugp/expansion_2010_workspace/data/yields/des_apy_wheat_rabi_2010_2022.html,False,,,,
IND034009,Uttar Pradesh,Badaun,2018 - 2019,2018,2019,226358.0,880759.0,3.89,3890.0,Wheat,Rabi,DES APY Query Report,/Users/aaryan/Downloads/ugp/expansion_2010_workspace/data/yields/des_apy_wheat_rabi_2010_2022.html,False,,,,
IND034009,Uttar Pradesh,Badaun,2019 - 2020,2019,2020,250941.0,1023839.0,4.08,4080.0,Wheat,Rabi,DES APY Query Report,/Users/aaryan/Downloads/ugp/expansion_2010_workspace/data/yields/des_apy_wheat_rabi_2010_2022.html,False,,,,
IND034009,Uttar Pradesh,Badaun,2020 - 2021,2020,2021,232327.0,907237.0,3.91,3910.0,Wheat,Rabi,DES APY Query Report,/Users/aaryan/Downloads/ugp/expansion_2010_workspace/data/yields/des_apy_wheat_rabi_2010_2022.html,False,,,,
IND034009,Uttar Pradesh,Badaun,2021 - 2022,2021,2022,241713.0,939297.0,3.89,3890.0,Wheat,Rabi,DES APY Query Report,/Users/aaryan/Downloads/ugp/expansion_2010_workspace/data/yields/des_apy_wheat_rabi_2010_2022.html,False,,,,
IND034009,Uttar Pradesh,Badaun,2022 - 2023,2022,2023,215342.0,912619.0,4.24,4240.0,Wheat,Rabi,DES APY Query Report,/Users/aaryan/Downloads/ugp/expansion_2010_workspace/data/yields/des_apy_wheat_rabi_2010_2022.html,False,,,,
IND034010,Uttar Pradesh,Baghpat,2010 - 2011,2010,2011,55863.0,230100.0,4.12,4120.0,Wheat,Rabi,DES APY Query Report,/Users/aaryan/Downloads/ugp/expansion_2010_workspace/data/yields/des_apy_wheat_rabi_2010_2022.html,False,,,,
IND034010,Uttar Pradesh,Baghpat,2011 - 2012,2011,2012,54923.0,232874.0,4.24,4240.0,Wheat,Rabi,DES APY Query Report,/Users/aaryan/Downloads/ugp/expansion_2010_workspace/data/yields/des_apy_wheat_rabi_2010_2022.html,False,,,,
IND034010,Uttar Pradesh,Baghpat,2012 - 2013,2012,2013,53718.0,238830.0,4.45,4450.0,Wheat,Rabi,DES APY Query Report,/Users/aaryan/Downloads/ugp/expansion_2010_workspace/data/yields/des_apy_wheat_rabi_2010_2022.html,False,,,,
IND034010,Uttar Pradesh,Baghpat,2013 - 2014,2013,2014,55347.0,249172.0,4.5,4500.0,Wheat,Rabi,DES APY Query Report,/Users/aaryan/Downloads/ugp/expansion_2010_workspace/data/yields/des_apy_wheat_rabi_2010_2022.html,False,,,,
IND034010,Uttar Pradesh,Baghpat,2014 - 2015,2014,2015,51752.0,175439.0,3.39,3390.0,Wheat,Rabi,DES APY Query Report,/Users/aaryan/Downloads/ugp/expansion_2010_workspace/data/yields/des_apy_wheat_rabi_2010_2022.html,False,,,,
IND034010,Uttar Pradesh,Baghpat,2015 - 2016,2015,2016,52596.0,217747.0,4.14,4140.0,Wheat,Rabi,DES APY Query Report,/Users/aaryan/Downloads/ugp/expansion_2010_workspace/data/yields/des_apy_wheat_rabi_2010_2022.html,False,,,,
IND034010,Uttar Pradesh,Baghpat,2016 - 2017,2016,2017,53849.0,255083.0,4.74,4740.0,Wheat,Rabi,DES APY Query Report,/Users/aaryan/Downloads/ugp/expansion_2010_workspace/data/yields/des_apy_wheat_rabi_2010_2022.html,False,,,,
IND034010,Uttar Pradesh,Baghpat,2017 - 2018,2017,2018,56716.0,251309.0,4.43,4430.0,Wheat,Rabi,DES APY Query Report,/Users/aaryan/Downloads/ugp/expansion_2010_workspace/data/yields/des_apy_wheat_rabi_2010_2022.html,False,,,,
IND034010,Uttar Pradesh,Baghpat,2018 - 2019,2018,2019,54904.0,250307.0,4.56,4560.0,Wheat,Rabi,DES APY Query Report,/Users/aaryan/Downloads/ugp/expansion_2010_workspace/data/yields/des_apy_wheat_rabi_2010_2022.html,False,,,,
IND034010,Uttar Pradesh,Baghpat,2019 - 2020,2019,2020,55446.0,250782.0,4.52,4520.0,Wheat,Rabi,DES APY Query Report,/Users/aaryan/Downloads/ugp/expansion_2010_workspace/data/yields/des_apy_wheat_rabi_2010_2022.html,False,,,,
IND034010,Uttar Pradesh,Baghpat,2020 - 2021,2020,2021,55427.0,253468.0,4.57,4570.0,Wheat,Rabi,DES APY Query Report,/Users/aaryan/Downloads/ugp/expansion_2010_workspace/data/yields/des_apy_wheat_rabi_2010_2022.html,False,,,,
IND034010,Uttar Pradesh,Baghpat,2021 - 2022,2021,2022,57237.0,260486.0,4.55,4550.0,Wheat,Rabi,DES APY Query Report,/Users/aaryan/Downloads/ugp/expansion_2010_workspace/data/yields/des_apy_wheat_rabi_2010_2022.html,False,,,,
IND034010,Uttar Pradesh,Baghpat,2022 - 2023,2022,2023,54815.0,248696.0,4.54,4540.0,Wheat,Rabi,DES APY Query Report,/Users/aaryan/Downloads/ugp/expansion_2010_workspace/data/yields/des_apy_wheat_rabi_2010_2022.html,False,,,,
IND034011,Uttar Pradesh,Bahraich,2010 - 2011,2010,2011,159722.0,463983.0,2.9,2900.0,Wheat,Rabi,DES APY Query Report,/Users/aaryan/Downloads/ugp/expansion_2010_workspace/data/yields/des_apy_wheat_rabi_2010_2022.html,False,,,,
IND034011,Uttar Pradesh,Bahraich,2011 - 2012,2011,2012,152855.0,468782.0,3.07,3070.0,Wheat,Rabi,DES APY Query Report,/Users/aaryan/Downloads/ugp/expansion_2010_workspace/data/yields/des_apy_wheat_rabi_2010_2022.html,False,,,,
IND034011,Uttar Pradesh,Bahraich,2012 - 2013,2012,2013,160153.0,455635.0,2.84,2840.0,Wheat,Rabi,DES APY Query Report,/Users/aaryan/Downloads/ugp/expansion_2010_workspace/data/yields/des_apy_wheat_rabi_2010_2022.html,False,,,,
IND034011,Uttar Pradesh,Bahraich,2013 - 2014,2013,2014,167831.0,542765.0,3.23,3230.0,Wheat,Rabi,DES APY Query Report,/Users/aaryan/Downloads/ugp/expansion_2010_workspace/data/yields/des_apy_wheat_rabi_2010_2022.html,False,,,,
IND034011,Uttar Pradesh,Bahraich,2014 - 2015,2014,2015,165865.0,394095.0,2.38,2380.0,Wheat,Rabi,DES APY Query Report,/Users/aaryan/Downloads/ugp/expansion_2010_workspace/data/yields/des_apy_wheat_rabi_2010_2022.html,False,,,,
IND034011,Uttar Pradesh,Bahraich,2015 - 2016,2015,2016,183146.0,487352.0,2.66,2660.0,Wheat,Rabi,DES APY Query Report,/Users/aaryan/Downloads/ugp/expansion_2010_workspace/data/yields/des_apy_wheat_rabi_2010_2022.html,False,,,,
IND034011,Uttar Pradesh,Bahraich,2016 - 2017,2016,2017,159626.0,504737.0,3.16,3160.0,Wheat,Rabi,DES APY Query Report,/Users/aaryan/Downloads/ugp/expansion_2010_workspace/data/yields/des_apy_wheat_rabi_2010_2022.html,False,,,,
IND034011,Uttar Pradesh,Bahraich,2017 - 2018,2017,2018,167795.0,629399.0,3.75,3750.0,Wheat,Rabi,DES APY Query Report,/Users/aaryan/Downloads/ugp/expansion_2010_workspace/data/yields/des_apy_wheat_rabi_2010_2022.html,False,,,,
IND034011,Uttar Pradesh,Bahraich,2018 - 2019,2018,2019,160300.0,608016.0,3.79,3790.0,Wheat,Rabi,DES APY Query Report,/Users/aaryan/Downloads/ugp/expansion_2010_workspace/data/yields/des_apy_wheat_rabi_2010_2022.html,False,,,,
IND034011,Uttar Pradesh,Bahraich,2019 - 2020,2019,2020,157415.0,482160.0,3.06,3060.0,Wheat,Rabi,DES APY Query Report,/Users/aaryan/Downloads/ugp/expansion_2010_workspace/data/yields/des_apy_wheat_rabi_2010_2022.html,False,,,,
IND034011,Uttar Pradesh,Bahraich,2020 - 2021,2020,2021,161971.0,565765.0,3.49,3490.0,Wheat,Rabi,DES APY Query Report,/Users/aaryan/Downloads/ugp/expansion_2010_workspace/data/yields/des_apy_wheat_rabi_2010_2022.html,False,,,,
IND034011,Uttar Pradesh,Bahraich,2021 - 2022,2021,2022,165334.0,581645.0,3.52,3520.0,Wheat,Rabi,DES APY Query Report,/Users/aaryan/Downloads/ugp/expansion_2010_workspace/data/yields/des_apy_wheat_rabi_2010_2022.html,False,,,,
IND034011,Uttar Pradesh,Bahraich,2022 - 2023,2022,2023,187662.0,608400.0,3.24,3240.0,Wheat,Rabi,DES APY Query Report,/Users/aaryan/Downloads/ugp/expansion_2010_workspace/data/yields/des_apy_wheat_rabi_2010_2022.html,False,,,,
IND034012,Uttar Pradesh,Ballia,2010 - 2011,2010,2011,138783.0,407250.0,2.93,2930.0,Wheat,Rabi,DES APY Query Report,/Users/aaryan/Downloads/ugp/expansion_2010_workspace/data/yields/des_apy_wheat_rabi_2010_2022.html,False,,,,
IND034012,Uttar Pradesh,Ballia,2011 - 2012,2011,2012,139319.0,452261.0,3.25,3250.0,Wheat,Rabi,DES APY Query Report,/Users/aaryan/Downloads/ugp/expansion_2010_workspace/data/yields/des_apy_wheat_rabi_2010_2022.html,False,,,,
IND034012,Uttar Pradesh,Ballia,2012 - 2013,2012,2013,135902.0,459034.0,3.38,3380.0,Wheat,Rabi,DES APY Query Report,/Users/aaryan/Downloads/ugp/expansion_2010_workspace/data/yields/des_apy_wheat_rabi_2010_2022.html,False,,,,
IND034012,Uttar Pradesh,Ballia,2013 - 2014,2013,2014,137861.0,395888.0,2.87,2870.0,Wheat,Rabi,DES APY Query Report,/Users/aaryan/Downloads/ugp/expansion_2010_workspace/data/yields/des_apy_wheat_rabi_2010_2022.html,False,,,,
IND034012,Uttar Pradesh,Ballia,2014 - 2015,2014,2015,141821.0,321804.0,2.27,2270.0,Wheat,Rabi,DES APY Query Report,/Users/aaryan/Downloads/ugp/expansion_2010_workspace/data/yields/des_apy_wheat_rabi_2010_2022.html,False,,,,
IND034012,Uttar Pradesh,Ballia,2015 - 2016,2015,2016,139202.0,376862.0,2.71,2710.0,Wheat,Rabi,DES APY Query Report,/Users/aaryan/Downloads/ugp/expansion_2010_workspace/data/yields/des_apy_wheat_rabi_2010_2022.html,False,,,,
IND034012,Uttar Pradesh,Ballia,2016 - 2017,2016,2017,137665.0,542431.0,3.94,3940.0,Wheat,Rabi,DES APY Query Report,/Users/aaryan/Downloads/ugp/expansion_2010_workspace/data/yields/des_apy_wheat_rabi_2010_2022.html,False,,,,
IND034012,Uttar Pradesh,Ballia,2017 - 2018,2017,2018,136892.0,495067.0,3.62,3620.0,Wheat,Rabi,DES APY Query Report,/Users/aaryan/Downloads/ugp/expansion_2010_workspace/data/yields/des_apy_wheat_rabi_2010_2022.html,False,,,,
IND034012,Uttar Pradesh,Ballia,2018 - 2019,2018,2019,136836.0,525720.0,3.84,3840.0,Wheat,Rabi,DES APY Query Report,/Users/aaryan/Downloads/ugp/expansion_2010_workspace/data/yields/des_apy_wheat_rabi_2010_2022.html,False,,,,
IND034012,Uttar Pradesh,Ballia,2019 - 2020,2019,2020,137020.0,522432.0,3.81,3810.0,Wheat,Rabi,DES APY Query Report,/Users/aaryan/Downloads/ugp/expansion_2010_workspace/data/yields/des_apy_wheat_rabi_2010_2022.html,False,,,,
IND034012,Uttar Pradesh,Ballia,2020 - 2021,2020,2021,137921.0,519839.0,3.77,3770.0,Wheat,Rabi,DES APY Query Report,/Users/aaryan/Downloads/ugp/expansion_2010_workspace/data/yields/des_apy_wheat_rabi_2010_2022.html,False,,,,
IND034012,Uttar Pradesh,Ballia,2021 - 2022,2021,2022,142473.0,537408.0,3.77,3770.0,Wheat,Rabi,DES APY Query Report,/Users/aaryan/Downloads/ugp/expansion_2010_workspace/data/yields/des_apy_wheat_rabi_2010_2022.html,False,,,,
IND034012,Uttar Pradesh,Ballia,2022 - 2023,2022,2023,147717.0,514646.0,3.48,3480.0,Wheat,Rabi,DES APY Query Report,/Users/aaryan/Downloads/ugp/expansion_2010_workspace/data/yields/des_apy_wheat_rabi_2010_2022.html,False,,,,
IND034013,Uttar Pradesh,Balrampur,2010 - 2011,2010,2011,82877.0,235286.0,2.84,2840.0,Wheat,Rabi,DES APY Query Report,/Users/aaryan/Downloads/ugp/expansion_2010_workspace/data/yields/des_apy_wheat_rabi_2010_2022.html,False,,,,
IND034013,Uttar Pradesh,Balrampur,2011 - 2012,2011,2012,83270.0,239980.0,2.88,2880.0,Wheat,Rabi,DES APY Query Report,/Users/aaryan/Downloads/ugp/expansion_2010_workspace/data/yields/des_apy_wheat_rabi_2010_2022.html,False,,,,
IND034013,Uttar Pradesh,Balrampur,2012 - 2013,2012,2013,87826.0,238448.0,2.72,2720.0,Wheat,Rabi,DES APY Query Report,/Users/aaryan/Downloads/ugp/expansion_2010_workspace/data/yields/des_apy_wheat_rabi_2010_2022.html,False,,,,
IND034013,Uttar Pradesh,Balrampur,2013 - 2014,2013,2014,85817.0,236801.0,2.76,2760.0,Wheat,Rabi,DES APY Query Report,/Users/aaryan/Downloads/ugp/expansion_2010_workspace/data/yields/des_apy_wheat_rabi_2010_2022.html,False,,,,
IND034013,Uttar Pradesh,Balrampur,2014 - 2015,2014,2015,90246.0,189697.0,2.1,2100.0,Wheat,Rabi,DES APY Query Report,/Users/aaryan/Downloads/ugp/expansion_2010_workspace/data/yields/des_apy_wheat_rabi_2010_2022.html,False,,,,
IND034013,Uttar Pradesh,Balrampur,2015 - 2016,2015,2016,85833.0,205055.0,2.39,2390.0,Wheat,Rabi,DES APY Query Report,/Users/aaryan/Downloads/ugp/expansion_2010_workspace/data/yields/des_apy_wheat_rabi_2010_2022.html,False,,,,
IND034013,Uttar Pradesh,Balrampur,2016 - 2017,2016,2017,87648.0,251287.0,2.87,2870.0,Wheat,Rabi,DES APY Query Report,/Users/aaryan/Downloads/ugp/expansion_2010_workspace/data/yields/des_apy_wheat_rabi_2010_2022.html,False,,,,
IND034013,Uttar Pradesh,Balrampur,2017 - 2018,2017,2018,82709.0,301557.0,3.65,3650.0,Wheat,Rabi,DES APY Query Report,/Users/aaryan/Downloads/ugp/expansion_2010_workspace/data/yields/des_apy_wheat_rabi_2010_2022.html,False,,,,
IND034013,Uttar Pradesh,Balrampur,2018 - 2019,2018,2019,85602.0,299949.0,3.5,3500.0,Wheat,Rabi,DES APY Query Report,/Users/aaryan/Downloads/ugp/expansion_2010_workspace/data/yields/des_apy_wheat_rabi_2010_2022.html,False,,,,
IND034013,Uttar Pradesh,Balrampur,2019 - 2020,2019,2020,88122.0,324641.0,3.68,3680.0,Wheat,Rabi,DES APY Query Report,/Users/aaryan/Downloads/ugp/expansion_2010_workspace/data/yields/des_apy_wheat_rabi_2010_2022.html,False,,,,
IND034013,Uttar Pradesh,Balrampur,2020 - 2021,2020,2021,87202.0,296748.0,3.4,3400.0,Wheat,Rabi,DES APY Query Report,/Users/aaryan/Downloads/ugp/expansion_2010_workspace/data/yields/des_apy_wheat_rabi_2010_2022.html,False,,,,
IND034013,Uttar Pradesh,Balrampur,2021 - 2022,2021,2022,89161.0,294677.0,3.3,3300.0,Wheat,Rabi,DES APY Query Report,/Users/aaryan/Downloads/ugp/expansion_2010_workspace/data/yields/des_apy_wheat_rabi_2010_2022.html,False,,,,
IND034013,Uttar Pradesh,Balrampur,2022 - 2023,2022,2023,105224.0,320828.0,3.05,3050.0,Wheat,Rabi,DES APY Query Report,/Users/aaryan/Downloads/ugp/expansion_2010_workspace/data/yields/des_apy_wheat_rabi_2010_2022.html,False,,,,
IND034014,Uttar Pradesh,Banda,2010 - 2011,2010,2011,145680.0,264359.0,1.81,1810.0,Wheat,Rabi,DES APY Query Report,/Users/aaryan/Downloads/ugp/expansion_2010_workspace/data/yields/des_apy_wheat_rabi_2010_2022.html,False,,,,
IND034014,Uttar Pradesh,Banda,2011 - 2012,2011,2012,151114.0,315099.0,2.09,2090.0,Wheat,Rabi,DES APY Query Report,/Users/aaryan/Downloads/ugp/expansion_2010_workspace/data/yields/des_apy_wheat_rabi_2010_2022.html,False,,,,
IND034014,Uttar Pradesh,Banda,2012 - 2013,2012,2013,153753.0,343012.0,2.23,2230.0,Wheat,Rabi,DES APY Query Report,/Users/aaryan/Downloads/ugp/expansion_2010_workspace/data/yields/des_apy_wheat_rabi_2010_2022.html,False,,,,
IND034014,Uttar Pradesh,Banda,2013 - 2014,2013,2014,164065.0,311815.0,1.9,1900.0,Wheat,Rabi,DES APY Query Report,/Users/aaryan/Downloads/ugp/expansion_2010_workspace/data/yields/des_apy_wheat_rabi_2010_2022.html,False,,,,
IND034014,Uttar Pradesh,Banda,2014 - 2015,2014,2015,151692.0,137988.0,0.91,910.0,Wheat,Rabi,DES APY Query Report,/Users/aaryan/Downloads/ugp/expansion_2010_workspace/data/yields/des_apy_wheat_rabi_2010_2022.html,False,,,,
IND034014,Uttar Pradesh,Banda,2015 - 2016,2015,2016,22873.0,27447.0,1.2,1200.0,Wheat,Rabi,DES APY Query Report,/Users/aaryan/Downloads/ugp/expansion_2010_workspace/data/yields/des_apy_wheat_rabi_2010_2022.html,False,,,,
IND034014,Uttar Pradesh,Banda,2016 - 2017,2016,2017,197157.0,462309.0,2.34,2340.0,Wheat,Rabi,DES APY Query Report,/Users/aaryan/Downloads/ugp/expansion_2010_workspace/data/yields/des_apy_wheat_rabi_2010_2022.html,False,,,,
IND034014,Uttar Pradesh,Banda,2017 - 2018,2017,2018,158943.0,363699.0,2.29,2290.0,Wheat,Rabi,DES APY Query Report,/Users/aaryan/Downloads/ugp/expansion_2010_workspace/data/yields/des_apy_wheat_rabi_2010_2022.html,False,,,,
IND034014,Uttar Pradesh,Banda,2018 - 2019,2018,2019,159768.0,489299.0,3.06,3060.0,Wheat,Rabi,DES APY Query Report,/Users/aaryan/Downloads/ugp/expansion_2010_workspace/data/yields/des_apy_wheat_rabi_2010_2022.html,False,,,,
IND034014,Uttar Pradesh,Banda,2019 - 2020,2019,2020,161834.0,461299.0,2.85,2850.0,Wheat,Rabi,DES APY Query Report,/Users/aaryan/Downloads/ugp/expansion_2010_workspace/data/yields/des_apy_wheat_rabi_2010_2022.html,False,,,,
IND034014,Uttar Pradesh,Banda,2020 - 2021,2020,2021,161837.0,454302.0,2.81,2810.0,Wheat,Rabi,DES APY Query Report,/Users/aaryan/Downloads/ugp/expansion_2010_workspace/data/yields/des_apy_wheat_rabi_2010_2022.html,False,,,,
IND034014,Uttar Pradesh,Banda,2021 - 2022,2021,2022,167353.0,505406.0,3.02,3020.0,Wheat,Rabi,DES APY Query Report,/Users/aaryan/Downloads/ugp/expansion_2010_workspace/data/yields/des_apy_wheat_rabi_2010_2022.html,False,,,,
IND034014,Uttar Pradesh,Banda,2022 - 2023,2022,2023,193742.0,635086.0,3.28,3280.0,Wheat,Rabi,DES APY Query Report,/Users/aaryan/Downloads/ugp/expansion_2010_workspace/data/yields/des_apy_wheat_rabi_2010_2022.html,False,,,,
IND034015,Uttar Pradesh,Barabanki,2010 - 2011,2010,2011,167409.0,544396.0,3.25,3250.0,Wheat,Rabi,DES APY Query Report,/Users/aaryan/Downloads/ugp/expansion_2010_workspace/data/yields/des_apy_wheat_rabi_2010_2022.html,False,,,,
IND034015,Uttar Pradesh,Barabanki,2011 - 2012,2011,2012,161038.0,565243.0,3.51,3510.0,Wheat,Rabi,DES APY Query Report,/Users/aaryan/Downloads/ugp/expansion_2010_workspace/data/yields/des_apy_wheat_rabi_2010_2022.html,False,,,,
IND034015,Uttar Pradesh,Barabanki,2012 - 2013,2012,2013,162341.0,603259.0,3.72,3720.0,Wheat,Rabi,DES APY Query Report,/Users/aaryan/Downloads/ugp/expansion_2010_workspace/data/yields/des_apy_wheat_rabi_2010_2022.html,False,,,,
IND034015,Uttar Pradesh,Barabanki,2013 - 2014,2013,2014,166533.0,590693.0,3.55,3550.0,Wheat,Rabi,DES APY Query Report,/Users/aaryan/Downloads/ugp/expansion_2010_workspace/data/yields/des_apy_wheat_rabi_2010_2022.html,False,,,,
IND034015,Uttar Pradesh,Barabanki,2014 - 2015,2014,2015,165449.0,392114.0,2.37,2370.0,Wheat,Rabi,DES APY Query Report,/Users/aaryan/Downloads/ugp/expansion_2010_workspace/data/yields/des_apy_wheat_rabi_2010_2022.html,False,,,,
IND034015,Uttar Pradesh,Barabanki,2015 - 2016,2015,2016,167622.0,498340.0,2.97,2970.0,Wheat,Rabi,DES APY Query Report,/Users/aaryan/Downloads/ugp/expansion_2010_workspace/data/yields/des_apy_wheat_rabi_2010_2022.html,False,,,,
IND034015,Uttar Pradesh,Barabanki,2016 - 2017,2016,2017,166970.0,606936.0,3.64,3640.0,Wheat,Rabi,DES APY Query Report,/Users/aaryan/Downloads/ugp/expansion_2010_workspace/data/yields/des_apy_wheat_rabi_2010_2022.html,False,,,,
IND034015,Uttar Pradesh,Barabanki,2017 - 2018,2017,2018,168346.0,677088.0,4.02,4019.9999999999995,Wheat,Rabi,DES APY Query Report,/Users/aaryan/Downloads/ugp/expansion_2010_workspace/data/yields/des_apy_wheat_rabi_2010_2022.html,False,,,,
IND034015,Uttar Pradesh,Barabanki,2018 - 2019,2018,2019,162367.0,641351.0,3.95,3950.0,Wheat,Rabi,DES APY Query Report,/Users/aaryan/Downloads/ugp/expansion_2010_workspace/data/yields/des_apy_wheat_rabi_2010_2022.html,False,,,,
IND034015,Uttar Pradesh,Barabanki,2019 - 2020,2019,2020,166367.0,672289.0,4.04,4040.0,Wheat,Rabi,DES APY Query Report,/Users/aaryan/Downloads/ugp/expansion_2010_workspace/data/yields/des_apy_wheat_rabi_2010_2022.html,False,,,,
IND034015,Uttar Pradesh,Barabanki,2020 - 2021,2020,2021,166827.0,722528.0,4.33,4330.0,Wheat,Rabi,DES APY Query Report,/Users/aaryan/Downloads/ugp/expansion_2010_workspace/data/yields/des_apy_wheat_rabi_2010_2022.html,False,,,,
IND034015,Uttar Pradesh,Barabanki,2021 - 2022,2021,2022,173546.0,701473.0,4.04,4040.0,Wheat,Rabi,DES APY Query Report,/Users/aaryan/Downloads/ugp/expansion_2010_workspace/data/yields/des_apy_wheat_rabi_2010_2022.html,False,,,,
IND034015,Uttar Pradesh,Barabanki,2022 - 2023,2022,2023,165972.0,629698.0,3.79,3790.0,Wheat,Rabi,DES APY Query Report,/Users/aaryan/Downloads/ugp/expansion_2010_workspace/data/yields/des_apy_wheat_rabi_2010_2022.html,False,,,,
IND034016,Uttar Pradesh,Bareilly,2010 - 2011,2010,2011,204691.0,596470.0,2.91,2910.0,Wheat,Rabi,DES APY Query Report,/Users/aaryan/Downloads/ugp/expansion_2010_workspace/data/yields/des_apy_wheat_rabi_2010_2022.html,False,,,,
IND034016,Uttar Pradesh,Bareilly,2011 - 2012,2011,2012,199705.0,649640.0,3.25,3250.0,Wheat,Rabi,DES APY Query Report,/Users/aaryan/Downloads/ugp/expansion_2010_workspace/data/yields/des_apy_wheat_rabi_2010_2022.html,False,,,,
IND034016,Uttar Pradesh,Bareilly,2012 - 2013,2012,2013,200363.0,615114.0,3.07,3070.0,Wheat,Rabi,DES APY Query Report,/Users/aaryan/Downloads/ugp/expansion_2010_workspace/data/yields/des_apy_wheat_rabi_2010_2022.html,False,,,,
IND034016,Uttar Pradesh,Bareilly,2013 - 2014,2013,2014,200048.0,630351.0,3.15,3150.0,Wheat,Rabi,DES APY Query Report,/Users/aaryan/Downloads/ugp/expansion_2010_workspace/data/yields/des_apy_wheat_rabi_2010_2022.html,False,,,,
IND034016,Uttar Pradesh,Bareilly,2014 - 2015,2014,2015,212598.0,395007.0,1.86,1860.0,Wheat,Rabi,DES APY Query Report,/Users/aaryan/Downloads/ugp/expansion_2010_workspace/data/yields/des_apy_wheat_rabi_2010_2022.html,False,,,,
IND034016,Uttar Pradesh,Bareilly,2015 - 2016,2015,2016,209611.0,614160.0,2.93,2930.0,Wheat,Rabi,DES APY Query Report,/Users/aaryan/Downloads/ugp/expansion_2010_workspace/data/yields/des_apy_wheat_rabi_2010_2022.html,False,,,,
IND034016,Uttar Pradesh,Bareilly,2016 - 2017,2016,2017,214079.0,782673.0,3.66,3660.0,Wheat,Rabi,DES APY Query Report,/Users/aaryan/Downloads/ugp/expansion_2010_workspace/data/yields/des_apy_wheat_rabi_2010_2022.html,False,,,,
IND034016,Uttar Pradesh,Bareilly,2017 - 2018,2017,2018,195118.0,716278.0,3.67,3670.0,Wheat,Rabi,DES APY Query Report,/Users/aaryan/Downloads/ugp/expansion_2010_workspace/data/yields/des_apy_wheat_rabi_2010_2022.html,False,,,,
IND034016,Uttar Pradesh,Bareilly,2018 - 2019,2018,2019,198541.0,776097.0,3.91,3910.0,Wheat,Rabi,DES APY Query Report,/Users/aaryan/Downloads/ugp/expansion_2010_workspace/data/yields/des_apy_wheat_rabi_2010_2022.html,False,,,,
IND034016,Uttar Pradesh,Bareilly,2019 - 2020,2019,2020,199331.0,629487.0,3.16,3160.0,Wheat,Rabi,DES APY Query Report,/Users/aaryan/Downloads/ugp/expansion_2010_workspace/data/yields/des_apy_wheat_rabi_2010_2022.html,False,,,,
IND034016,Uttar Pradesh,Bareilly,2020 - 2021,2020,2021,200048.0,773586.0,3.87,3870.0,Wheat,Rabi,DES APY Query Report,/Users/aaryan/Downloads/ugp/expansion_2010_workspace/data/yields/des_apy_wheat_rabi_2010_2022.html,False,,,,
IND034016,Uttar Pradesh,Bareilly,2021 - 2022,2021,2022,208130.0,812956.0,3.91,3910.0,Wheat,Rabi,DES APY Query Report,/Users/aaryan/Downloads/ugp/expansion_2010_workspace/data/yields/des_apy_wheat_rabi_2010_2022.html,False,,,,
IND034016,Uttar Pradesh,Bareilly,2022 - 2023,2022,2023,207246.0,844527.0,4.07,4070.0000000000005,Wheat,Rabi,DES APY Query Report,/Users/aaryan/Downloads/ugp/expansion_2010_workspace/data/yields/des_apy_wheat_rabi_2010_2022.html,False,,,,
IND034017,Uttar Pradesh,Basti,2010 - 2011,2010,2011,115598.0,319744.0,2.77,2770.0,Wheat,Rabi,DES APY Query Report,/Users/aaryan/Downloads/ugp/expansion_2010_workspace/data/yields/des_apy_wheat_rabi_2010_2022.html,False,,,,
IND034017,Uttar Pradesh,Basti,2011 - 2012,2011,2012,116212.0,365952.0,3.15,3150.0,Wheat,Rabi,DES APY Query Report,/Users/aaryan/Downloads/ugp/expansion_2010_workspace/data/yields/des_apy_wheat_rabi_2010_2022.html,False,,,,
IND034017,Uttar Pradesh,Basti,2012 - 2013,2012,2013,119061.0,346825.0,2.91,2910.0,Wheat,Rabi,DES APY Query Report,/Users/aaryan/Downloads/ugp/expansion_2010_workspace/data/yields/des_apy_wheat_rabi_2010_2022.html,False,,,,
IND034017,Uttar Pradesh,Basti,2013 - 2014,2013,2014,119033.0,383048.0,3.22,3220.0,Wheat,Rabi,DES APY Query Report,/Users/aaryan/Downloads/ugp/expansion_2010_workspace/data/yields/des_apy_wheat_rabi_2010_2022.html,False,,,,
IND034017,Uttar Pradesh,Basti,2014 - 2015,2014,2015,119630.0,253855.0,2.12,2120.0,Wheat,Rabi,DES APY Query Report,/Users/aaryan/Downloads/ugp/expansion_2010_workspace/data/yields/des_apy_wheat_rabi_2010_2022.html,False,,,,
IND034017,Uttar Pradesh,Basti,2015 - 2016,2015,2016,113071.0,295681.0,2.62,2620.0,Wheat,Rabi,DES APY Query Report,/Users/aaryan/Downloads/ugp/expansion_2010_workspace/data/yields/des_apy_wheat_rabi_2010_2022.html,False,,,,
IND034017,Uttar Pradesh,Basti,2016 - 2017,2016,2017,119425.0,379652.0,3.18,3180.0,Wheat,Rabi,DES APY Query Report,/Users/aaryan/Downloads/ugp/expansion_2010_workspace/data/yields/des_apy_wheat_rabi_2010_2022.html,False,,,,
IND034017,Uttar Pradesh,Basti,2017 - 2018,2017,2018,119616.0,471766.0,3.94,3940.0,Wheat,Rabi,DES APY Query Report,/Users/aaryan/Downloads/ugp/expansion_2010_workspace/data/yields/des_apy_wheat_rabi_2010_2022.html,False,,,,
IND034017,Uttar Pradesh,Basti,2018 - 2019,2018,2019,119476.0,449349.0,3.76,3760.0,Wheat,Rabi,DES APY Query Report,/Users/aaryan/Downloads/ugp/expansion_2010_workspace/data/yields/des_apy_wheat_rabi_2010_2022.html,False,,,,
IND034017,Uttar Pradesh,Basti,2019 - 2020,2019,2020,120160.0,369252.0,3.07,3070.0,Wheat,Rabi,DES APY Query Report,/Users/aaryan/Downloads/ugp/expansion_2010_workspace/data/yields/des_apy_wheat_rabi_2010_2022.html,False,,,,
IND034017,Uttar Pradesh,Basti,2020 - 2021,2020,2021,119730.0,425880.0,3.56,3560.0,Wheat,Rabi,DES APY Query Report,/Users/aaryan/Downloads/ugp/expansion_2010_workspace/data/yields/des_apy_wheat_rabi_2010_2022.html,False,,,,
IND034017,Uttar Pradesh,Basti,2021 - 2022,2021,2022,124347.0,452374.0,3.64,3640.0,Wheat,Rabi,DES APY Query Report,/Users/aaryan/Downloads/ugp/expansion_2010_workspace/data/yields/des_apy_wheat_rabi_2010_2022.html,False,,,,
IND034017,Uttar Pradesh,Basti,2022 - 2023,2022,2023,141055.0,482549.0,3.42,3420.0,Wheat,Rabi,DES APY Query Report,/Users/aaryan/Downloads/ugp/expansion_2010_workspace/data/yields/des_apy_wheat_rabi_2010_2022.html,False,,,,
IND034018,Uttar Pradesh,Bijnor,2010 - 2011,2010,2011,111940.0,341193.0,3.05,3050.0,Wheat,Rabi,DES APY Query Report,/Users/aaryan/Downloads/ugp/expansion_2010_workspace/data/yields/des_apy_wheat_rabi_2010_2022.html,False,,,,
IND034018,Uttar Pradesh,Bijnor,2011 - 2012,2011,2012,109325.0,350059.0,3.2,3200.0,Wheat,Rabi,DES APY Query Report,/Users/aaryan/Downloads/ugp/expansion_2010_workspace/data/yields/des_apy_wheat_rabi_2010_2022.html,False,,,,
IND034018,Uttar Pradesh,Bijnor,2012 - 2013,2012,2013,103369.0,330057.0,3.19,3190.0,Wheat,Rabi,DES APY Query Report,/Users/aaryan/Downloads/ugp/expansion_2010_workspace/data/yields/des_apy_wheat_rabi_2010_2022.html,False,,,,
IND034018,Uttar Pradesh,Bijnor,2013 - 2014,2013,2014,147955.0,488843.0,3.3,3300.0,Wheat,Rabi,DES APY Query Report,/Users/aaryan/Downloads/ugp/expansion_2010_workspace/data/yields/des_apy_wheat_rabi_2010_2022.html,False,,,,
IND034018,Uttar Pradesh,Bijnor,2014 - 2015,2014,2015,116552.0,315040.0,2.7,2700.0,Wheat,Rabi,DES APY Query Report,/Users/aaryan/Downloads/ugp/expansion_2010_workspace/data/yields/des_apy_wheat_rabi_2010_2022.html,False,,,,
IND034018,Uttar Pradesh,Bijnor,2015 - 2016,2015,2016,99699.0,309067.0,3.1,3100.0,Wheat,Rabi,DES APY Query Report,/Users/aaryan/Downloads/ugp/expansion_2010_workspace/data/yields/des_apy_wheat_rabi_2010_2022.html,False,,,,
IND034018,Uttar Pradesh,Bijnor,2016 - 2017,2016,2017,148013.0,511681.0,3.46,3460.0,Wheat,Rabi,DES APY Query Report,/Users/aaryan/Downloads/ugp/expansion_2010_workspace/data/yields/des_apy_wheat_rabi_2010_2022.html,False,,,,
IND034018,Uttar Pradesh,Bijnor,2017 - 2018,2017,2018,157273.0,569328.0,3.62,3620.0,Wheat,Rabi,DES APY Query Report,/Users/aaryan/Downloads/ugp/expansion_2010_workspace/data/yields/des_apy_wheat_rabi_2010_2022.html,False,,,,
IND034018,Uttar Pradesh,Bijnor,2018 - 2019,2018,2019,148627.0,557500.0,3.75,3750.0,Wheat,Rabi,DES APY Query Report,/Users/aaryan/Downloads/ugp/expansion_2010_workspace/data/yields/des_apy_wheat_rabi_2010_2022.html,False,,,,
IND034018,Uttar Pradesh,Bijnor,2019 - 2020,2019,2020,145884.0,510448.0,3.5,3500.0,Wheat,Rabi,DES APY Query Report,/Users/aaryan/Downloads/ugp/expansion_2010_workspace/data/yields/des_apy_wheat_rabi_2010_2022.html,False,,,,
IND034018,Uttar Pradesh,Bijnor,2020 - 2021,2020,2021,155416.0,591669.0,3.81,3810.0,Wheat,Rabi,DES APY Query Report,/Users/aaryan/Downloads/ugp/expansion_2010_workspace/data/yields/des_apy_wheat_rabi_2010_2022.html,False,,,,
IND034018,Uttar Pradesh,Bijnor,2021 - 2022,2021,2022,160351.0,601797.0,3.75,3750.0,Wheat,Rabi,DES APY Query Report,/Users/aaryan/Downloads/ugp/expansion_2010_workspace/data/yields/des_apy_wheat_rabi_2010_2022.html,False,,,,
IND034018,Uttar Pradesh,Bijnor,2022 - 2023,2022,2023,152517.0,577887.0,3.79,3790.0,Wheat,Rabi,DES APY Query Report,/Users/aaryan/Downloads/ugp/expansion_2010_workspace/data/yields/des_apy_wheat_rabi_2010_2022.html,False,,,,
IND034019,Uttar Pradesh,Bulandshahr,2010 - 2011,2010,2011,192422.0,759490.0,3.95,3950.0,Wheat,Rabi,DES APY Query Report,/Users/aaryan/Downloads/ugp/expansion_2010_workspace/data/yields/des_apy_wheat_rabi_2010_2022.html,False,,,,
IND034019,Uttar Pradesh,Bulandshahr,2011 - 2012,2011,2012,197682.0,833427.0,4.22,4220.0,Wheat,Rabi,DES APY Query Report,/Users/aaryan/Downloads/ugp/expansion_2010_workspace/data/yields/des_apy_wheat_rabi_2010_2022.html,False,,,,
IND034019,Uttar Pradesh,Bulandshahr,2012 - 2013,2012,2013,193944.0,781594.0,4.03,4030.0000000000005,Wheat,Rabi,DES APY Query Report,/Users/aaryan/Downloads/ugp/expansion_2010_workspace/data/yields/des_apy_wheat_rabi_2010_2022.html,False,,,,
IND034019,Uttar Pradesh,Bulandshahr,2013 - 2014,2013,2014,191272.0,788232.0,4.12,4120.0,Wheat,Rabi,DES APY Query Report,/Users/aaryan/Downloads/ugp/expansion_2010_workspace/data/yields/des_apy_wheat_rabi_2010_2022.html,False,,,,
IND034019,Uttar Pradesh,Bulandshahr,2014 - 2015,2014,2015,195559.0,534072.0,2.73,2730.0,Wheat,Rabi,DES APY Query Report,/Users/aaryan/Downloads/ugp/expansion_2010_workspace/data/yields/des_apy_wheat_rabi_2010_2022.html,False,,,,
IND034019,Uttar Pradesh,Bulandshahr,2015 - 2016,2015,2016,197838.0,765040.0,3.87,3870.0,Wheat,Rabi,DES APY Query Report,/Users/aaryan/Downloads/ugp/expansion_2010_workspace/data/yields/des_apy_wheat_rabi_2010_2022.html,False,,,,
IND034019,Uttar Pradesh,Bulandshahr,2016 - 2017,2016,2017,195357.0,834370.0,4.27,4270.0,Wheat,Rabi,DES APY Query Report,/Users/aaryan/Downloads/ugp/expansion_2010_workspace/data/yields/des_apy_wheat_rabi_2010_2022.html,False,,,,
IND034019,Uttar Pradesh,Bulandshahr,2017 - 2018,2017,2018,191410.0,869193.0,4.54,4540.0,Wheat,Rabi,DES APY Query Report,/Users/aaryan/Downloads/ugp/expansion_2010_workspace/data/yields/des_apy_wheat_rabi_2010_2022.html,False,,,,
IND034019,Uttar Pradesh,Bulandshahr,2018 - 2019,2018,2019,201066.0,910427.0,4.53,4530.0,Wheat,Rabi,DES APY Query Report,/Users/aaryan/Downloads/ugp/expansion_2010_workspace/data/yields/des_apy_wheat_rabi_2010_2022.html,False,,,,
IND034019,Uttar Pradesh,Bulandshahr,2019 - 2020,2019,2020,192762.0,843719.0,4.38,4380.0,Wheat,Rabi,DES APY Query Report,/Users/aaryan/Downloads/ugp/expansion_2010_workspace/data/yields/des_apy_wheat_rabi_2010_2022.html,False,,,,
IND034019,Uttar Pradesh,Bulandshahr,2020 - 2021,2020,2021,194116.0,854887.0,4.4,4400.0,Wheat,Rabi,DES APY Query Report,/Users/aaryan/Downloads/ugp/expansion_2010_workspace/data/yields/des_apy_wheat_rabi_2010_2022.html,False,,,,
IND034019,Uttar Pradesh,Bulandshahr,2021 - 2022,2021,2022,201958.0,896088.0,4.44,4440.0,Wheat,Rabi,DES APY Query Report,/Users/aaryan/Downloads/ugp/expansion_2010_workspace/data/yields/des_apy_wheat_rabi_2010_2022.html,False,,,,
IND034019,Uttar Pradesh,Bulandshahr,2022 - 2023,2022,2023,195453.0,837712.0,4.29,4290.0,Wheat,Rabi,DES APY Query Report,/Users/aaryan/Downloads/ugp/expansion_2010_workspace/data/yields/des_apy_wheat_rabi_2010_2022.html,False,,,,
IND034020,Uttar Pradesh,Chandauli,2010 - 2011,2010,2011,95572.0,242996.0,2.54,2540.0,Wheat,Rabi,DES APY Query Report,/Users/aaryan/Downloads/ugp/expansion_2010_workspace/data/yields/des_apy_wheat_rabi_2010_2022.html,False,,,,
IND034020,Uttar Pradesh,Chandauli,2011 - 2012,2011,2012,92874.0,236179.0,2.54,2540.0,Wheat,Rabi,DES APY Query Report,/Users/aaryan/Downloads/ugp/expansion_2010_workspace/data/yields/des_apy_wheat_rabi_2010_2022.html,False,,,,
IND034020,Uttar Pradesh,Chandauli,2012 - 2013,2012,2013,101444.0,303318.0,2.99,2990.0,Wheat,Rabi,DES APY Query Report,/Users/aaryan/Downloads/ugp/expansion_2010_workspace/data/yields/des_apy_wheat_rabi_2010_2022.html,False,,,,
IND034020,Uttar Pradesh,Chandauli,2013 - 2014,2013,2014,102339.0,268640.0,2.63,2630.0,Wheat,Rabi,DES APY Query Report,/Users/aaryan/Downloads/ugp/expansion_2010_workspace/data/yields/des_apy_wheat_rabi_2010_2022.html,False,,,,
IND034020,Uttar Pradesh,Chandauli,2014 - 2015,2014,2015,95462.0,140204.0,1.47,1470.0,Wheat,Rabi,DES APY Query Report,/Users/aaryan/Downloads/ugp/expansion_2010_workspace/data/yields/des_apy_wheat_rabi_2010_2022.html,False,,,,
IND034020,Uttar Pradesh,Chandauli,2015 - 2016,2015,2016,97645.0,187312.0,1.92,1920.0,Wheat,Rabi,DES APY Query Report,/Users/aaryan/Downloads/ugp/expansion_2010_workspace/data/yields/des_apy_wheat_rabi_2010_2022.html,False,,,,
IND034020,Uttar Pradesh,Chandauli,2016 - 2017,2016,2017,98193.0,282313.0,2.88,2880.0,Wheat,Rabi,DES APY Query Report,/Users/aaryan/Downloads/ugp/expansion_2010_workspace/data/yields/des_apy_wheat_rabi_2010_2022.html,False,,,,
IND034020,Uttar Pradesh,Chandauli,2017 - 2018,2017,2018,111873.0,376676.0,3.37,3370.0,Wheat,Rabi,DES APY Query Report,/Users/aaryan/Downloads/ugp/expansion_2010_workspace/data/yields/des_apy_wheat_rabi_2010_2022.html,False,,,,
IND034020,Uttar Pradesh,Chandauli,2018 - 2019,2018,2019,101842.0,381704.0,3.75,3750.0,Wheat,Rabi,DES APY Query Report,/Users/aaryan/Downloads/ugp/expansion_2010_workspace/data/yields/des_apy_wheat_rabi_2010_2022.html,False,,,,
IND034020,Uttar Pradesh,Chandauli,2019 - 2020,2019,2020,100039.0,340833.0,3.41,3410.0,Wheat,Rabi,DES APY Query Report,/Users/aaryan/Downloads/ugp/expansion_2010_workspace/data/yields/des_apy_wheat_rabi_2010_2022.html,False,,,,
IND034020,Uttar Pradesh,Chandauli,2020 - 2021,2020,2021,99917.0,363998.0,3.64,3640.0,Wheat,Rabi,DES APY Query Report,/Users/aaryan/Downloads/ugp/expansion_2010_workspace/data/yields/des_apy_wheat_rabi_2010_2022.html,False,,,,
IND034020,Uttar Pradesh,Chandauli,2021 - 2022,2021,2022,105445.0,371483.0,3.52,3520.0,Wheat,Rabi,DES APY Query Report,/Users/aaryan/Downloads/ugp/expansion_2010_workspace/data/yields/des_apy_wheat_rabi_2010_2022.html,False,,,,
IND034020,Uttar Pradesh,Chandauli,2022 - 2023,2022,2023,114959.0,365340.0,3.18,3180.0,Wheat,Rabi,DES APY Query Report,/Users/aaryan/Downloads/ugp/expansion_2010_workspace/data/yields/des_apy_wheat_rabi_2010_2022.html,False,,,,
IND034021,Uttar Pradesh,Chitrakoot,2010 - 2011,2010,2011,48407.0,86336.0,1.78,1780.0,Wheat,Rabi,DES APY Query Report,/Users/aaryan/Downloads/ugp/expansion_2010_workspace/data/yields/des_apy_wheat_rabi_2010_2022.html,False,,,,
IND034021,Uttar Pradesh,Chitrakoot,2011 - 2012,2011,2012,48561.0,121581.0,2.5,2500.0,Wheat,Rabi,DES APY Query Report,/Users/aaryan/Downloads/ugp/expansion_2010_workspace/data/yields/des_apy_wheat_rabi_2010_2022.html,False,,,,
IND034021,Uttar Pradesh,Chitrakoot,2012 - 2013,2012,2013,54253.0,130500.0,2.41,2410.0,Wheat,Rabi,DES APY Query Report,/Users/aaryan/Downloads/ugp/expansion_2010_workspace/data/yields/des_apy_wheat_rabi_2010_2022.html,False,,,,
IND034021,Uttar Pradesh,Chitrakoot,2013 - 2014,2013,2014,52387.0,102460.0,1.96,1960.0,Wheat,Rabi,DES APY Query Report,/Users/aaryan/Downloads/ugp/expansion_2010_workspace/data/yields/des_apy_wheat_rabi_2010_2022.html,False,,,,
IND034021,Uttar Pradesh,Chitrakoot,2014 - 2015,2014,2015,54500.0,60877.0,1.12,1120.0,Wheat,Rabi,DES APY Query Report,/Users/aaryan/Downloads/ugp/expansion_2010_workspace/data/yields/des_apy_wheat_rabi_2010_2022.html,False,,,,
IND034021,Uttar Pradesh,Chitrakoot,2015 - 2016,2015,2016,59917.0,71499.0,1.19,1190.0,Wheat,Rabi,DES APY Query Report,/Users/aaryan/Downloads/ugp/expansion_2010_workspace/data/yields/des_apy_wheat_rabi_2010_2022.html,False,,,,
IND034021,Uttar Pradesh,Chitrakoot,2016 - 2017,2016,2017,49779.0,154137.0,3.1,3100.0,Wheat,Rabi,DES APY Query Report,/Users/aaryan/Downloads/ugp/expansion_2010_workspace/data/yields/des_apy_wheat_rabi_2010_2022.html,False,,,,
IND034021,Uttar Pradesh,Chitrakoot,2017 - 2018,2017,2018,49779.0,131412.0,2.64,2640.0,Wheat,Rabi,DES APY Query Report,/Users/aaryan/Downloads/ugp/expansion_2010_workspace/data/yields/des_apy_wheat_rabi_2010_2022.html,False,,,,
IND034021,Uttar Pradesh,Chitrakoot,2018 - 2019,2018,2019,49808.0,135073.0,2.71,2710.0,Wheat,Rabi,DES APY Query Report,/Users/aaryan/Downloads/ugp/expansion_2010_workspace/data/yields/des_apy_wheat_rabi_2010_2022.html,False,,,,
IND034021,Uttar Pradesh,Chitrakoot,2019 - 2020,2019,2020,53793.0,142714.0,2.65,2650.0,Wheat,Rabi,DES APY Query Report,/Users/aaryan/Downloads/ugp/expansion_2010_workspace/data/yields/des_apy_wheat_rabi_2010_2022.html,False,,,,
IND034021,Uttar Pradesh,Chitrakoot,2020 - 2021,2020,2021,49779.0,164687.0,3.31,3310.0,Wheat,Rabi,DES APY Query Report,/Users/aaryan/Downloads/ugp/expansion_2010_workspace/data/yields/des_apy_wheat_rabi_2010_2022.html,False,,,,
IND034021,Uttar Pradesh,Chitrakoot,2021 - 2022,2021,2022,50750.0,161842.0,3.19,3190.0,Wheat,Rabi,DES APY Query Report,/Users/aaryan/Downloads/ugp/expansion_2010_workspace/data/yields/des_apy_wheat_rabi_2010_2022.html,False,,,,
IND034021,Uttar Pradesh,Chitrakoot,2022 - 2023,2022,2023,79992.0,251175.0,3.14,3140.0,Wheat,Rabi,DES APY Query Report,/Users/aaryan/Downloads/ugp/expansion_2010_workspace/data/yields/des_apy_wheat_rabi_2010_2022.html,False,,,,
IND034022,Uttar Pradesh,Deoria,2010 - 2011,2010,2011,148681.0,440839.0,2.96,2960.0,Wheat,Rabi,DES APY Query Report,/Users/aaryan/Downloads/ugp/expansion_2010_workspace/data/yields/des_apy_wheat_rabi_2010_2022.html,False,,,,
IND034022,Uttar Pradesh,Deoria,2011 - 2012,2011,2012,148224.0,456975.0,3.08,3080.0,Wheat,Rabi,DES APY Query Report,/Users/aaryan/Downloads/ugp/expansion_2010_workspace/data/yields/des_apy_wheat_rabi_2010_2022.html,False,,,,
IND034022,Uttar Pradesh,Deoria,2012 - 2013,2012,2013,155756.0,483934.0,3.11,3110.0,Wheat,Rabi,DES APY Query Report,/Users/aaryan/Downloads/ugp/expansion_2010_workspace/data/yields/des_apy_wheat_rabi_2010_2022.html,False,,,,
IND034022,Uttar Pradesh,Deoria,2013 - 2014,2013,2014,156285.0,472628.0,3.02,3020.0,Wheat,Rabi,DES APY Query Report,/Users/aaryan/Downloads/ugp/expansion_2010_workspace/data/yields/des_apy_wheat_rabi_2010_2022.html,False,,,,
IND034022,Uttar Pradesh,Deoria,2014 - 2015,2014,2015,155105.0,291133.0,1.88,1880.0,Wheat,Rabi,DES APY Query Report,/Users/aaryan/Downloads/ugp/expansion_2010_workspace/data/yields/des_apy_wheat_rabi_2010_2022.html,False,,,,
IND034022,Uttar Pradesh,Deoria,2015 - 2016,2015,2016,156721.0,398853.0,2.54,2540.0,Wheat,Rabi,DES APY Query Report,/Users/aaryan/Downloads/ugp/expansion_2010_workspace/data/yields/des_apy_wheat_rabi_2010_2022.html,False,,,,
IND034022,Uttar Pradesh,Deoria,2016 - 2017,2016,2017,152148.0,508783.0,3.34,3340.0,Wheat,Rabi,DES APY Query Report,/Users/aaryan/Downloads/ugp/expansion_2010_workspace/data/yields/des_apy_wheat_rabi_2010_2022.html,False,,,,
IND034022,Uttar Pradesh,Deoria,2017 - 2018,2017,2018,153401.0,482139.0,3.14,3140.0,Wheat,Rabi,DES APY Query Report,/Users/aaryan/Downloads/ugp/expansion_2010_workspace/data/yields/des_apy_wheat_rabi_2010_2022.html,False,,,,
IND034022,Uttar Pradesh,Deoria,2018 - 2019,2018,2019,152006.0,505572.0,3.33,3330.0,Wheat,Rabi,DES APY Query Report,/Users/aaryan/Downloads/ugp/expansion_2010_workspace/data/yields/des_apy_wheat_rabi_2010_2022.html,False,,,,
IND034022,Uttar Pradesh,Deoria,2019 - 2020,2019,2020,153059.0,513972.0,3.36,3360.0,Wheat,Rabi,DES APY Query Report,/Users/aaryan/Downloads/ugp/expansion_2010_workspace/data/yields/des_apy_wheat_rabi_2010_2022.html,False,,,,
IND034022,Uttar Pradesh,Deoria,2020 - 2021,2020,2021,153125.0,533028.0,3.48,3480.0,Wheat,Rabi,DES APY Query Report,/Users/aaryan/Downloads/ugp/expansion_2010_workspace/data/yields/des_apy_wheat_rabi_2010_2022.html,False,,,,
IND034022,Uttar Pradesh,Deoria,2021 - 2022,2021,2022,159816.0,534585.0,3.35,3350.0,Wheat,Rabi,DES APY Query Report,/Users/aaryan/Downloads/ugp/expansion_2010_workspace/data/yields/des_apy_wheat_rabi_2010_2022.html,False,,,,
IND034022,Uttar Pradesh,Deoria,2022 - 2023,2022,2023,172605.0,636049.0,3.68,3680.0,Wheat,Rabi,DES APY Query Report,/Users/aaryan/Downloads/ugp/expansion_2010_workspace/data/yields/des_apy_wheat_rabi_2010_2022.html,False,,,,
IND034023,Uttar Pradesh,Etah,2010 - 2011,2010,2011,136560.0,442318.0,3.24,3240.0,Wheat,Rabi,DES APY Query Report,/Users/aaryan/Downloads/ugp/expansion_2010_workspace/data/yields/des_apy_wheat_rabi_2010_2022.html,False,,,,
IND034023,Uttar Pradesh,Etah,2011 - 2012,2011,2012,135549.0,475641.0,3.51,3510.0,Wheat,Rabi,DES APY Query Report,/Users/aaryan/Downloads/ugp/expansion_2010_workspace/data/yields/des_apy_wheat_rabi_2010_2022.html,False,,,,
IND034023,Uttar Pradesh,Etah,2012 - 2013,2012,2013,136461.0,462193.0,3.39,3390.0,Wheat,Rabi,DES APY Query Report,/Users/aaryan/Downloads/ugp/expansion_2010_workspace/data/yields/des_apy_wheat_rabi_2010_2022.html,False,,,,
IND034023,Uttar Pradesh,Etah,2013 - 2014,2013,2014,134108.0,484935.0,3.62,3620.0,Wheat,Rabi,DES APY Query Report,/Users/aaryan/Downloads/ugp/expansion_2010_workspace/data/yields/des_apy_wheat_rabi_2010_2022.html,False,,,,
IND034023,Uttar Pradesh,Etah,2014 - 2015,2014,2015,133604.0,264536.0,1.98,1980.0,Wheat,Rabi,DES APY Query Report,/Users/aaryan/Downloads/ugp/expansion_2010_workspace/data/yields/des_apy_wheat_rabi_2010_2022.html,False,,,,
IND034023,Uttar Pradesh,Etah,2015 - 2016,2015,2016,134326.0,389680.0,2.9,2900.0,Wheat,Rabi,DES APY Query Report,/Users/aaryan/Downloads/ugp/expansion_2010_workspace/data/yields/des_apy_wheat_rabi_2010_2022.html,False,,,,
IND034023,Uttar Pradesh,Etah,2016 - 2017,2016,2017,134940.0,523702.0,3.88,3880.0,Wheat,Rabi,DES APY Query Report,/Users/aaryan/Downloads/ugp/expansion_2010_workspace/data/yields/des_apy_wheat_rabi_2010_2022.html,False,,,,
IND034023,Uttar Pradesh,Etah,2017 - 2018,2017,2018,135296.0,528872.0,3.91,3910.0,Wheat,Rabi,DES APY Query Report,/Users/aaryan/Downloads/ugp/expansion_2010_workspace/data/yields/des_apy_wheat_rabi_2010_2022.html,False,,,,
IND034023,Uttar Pradesh,Etah,2018 - 2019,2018,2019,135884.0,522202.0,3.84,3840.0,Wheat,Rabi,DES APY Query Report,/Users/aaryan/Downloads/ugp/expansion_2010_workspace/data/yields/des_apy_wheat_rabi_2010_2022.html,False,,,,
IND034023,Uttar Pradesh,Etah,2019 - 2020,2019,2020,136510.0,566653.0,4.15,4150.0,Wheat,Rabi,DES APY Query Report,/Users/aaryan/Downloads/ugp/expansion_2010_workspace/data/yields/des_apy_wheat_rabi_2010_2022.html,False,,,,
IND034023,Uttar Pradesh,Etah,2020 - 2021,2020,2021,137493.0,567296.0,4.13,4130.0,Wheat,Rabi,DES APY Query Report,/Users/aaryan/Downloads/ugp/expansion_2010_workspace/data/yields/des_apy_wheat_rabi_2010_2022.html,False,,,,
IND034023,Uttar Pradesh,Etah,2021 - 2022,2021,2022,140723.0,547412.0,3.89,3890.0,Wheat,Rabi,DES APY Query Report,/Users/aaryan/Downloads/ugp/expansion_2010_workspace/data/yields/des_apy_wheat_rabi_2010_2022.html,False,,,,
IND034023,Uttar Pradesh,Etah,2022 - 2023,2022,2023,135849.0,562279.0,4.14,4140.0,Wheat,Rabi,DES APY Query Report,/Users/aaryan/Downloads/ugp/expansion_2010_workspace/data/yields/des_apy_wheat_rabi_2010_2022.html,False,,,,
IND034024,Uttar Pradesh,Etawah,2010 - 2011,2010,2011,94864.0,334111.0,3.52,3520.0,Wheat,Rabi,DES APY Query Report,/Users/aaryan/Downloads/ugp/expansion_2010_workspace/data/yields/des_apy_wheat_rabi_2010_2022.html,False,,,,
IND034024,Uttar Pradesh,Etawah,2011 - 2012,2011,2012,94353.0,363087.0,3.85,3850.0,Wheat,Rabi,DES APY Query Report,/Users/aaryan/Downloads/ugp/expansion_2010_workspace/data/yields/des_apy_wheat_rabi_2010_2022.html,False,,,,
IND034024,Uttar Pradesh,Etawah,2012 - 2013,2012,2013,93695.0,366688.0,3.91,3910.0,Wheat,Rabi,DES APY Query Report,/Users/aaryan/Downloads/ugp/expansion_2010_workspace/data/yields/des_apy_wheat_rabi_2010_2022.html,False,,,,
IND034024,Uttar Pradesh,Etawah,2013 - 2014,2013,2014,96592.0,360658.0,3.73,3730.0,Wheat,Rabi,DES APY Query Report,/Users/aaryan/Downloads/ugp/expansion_2010_workspace/data/yields/des_apy_wheat_rabi_2010_2022.html,False,,,,
IND034024,Uttar Pradesh,Etawah,2014 - 2015,2014,2015,96640.0,164868.0,1.71,1710.0,Wheat,Rabi,DES APY Query Report,/Users/aaryan/Downloads/ugp/expansion_2010_workspace/data/yields/des_apy_wheat_rabi_2010_2022.html,False,,,,
IND034024,Uttar Pradesh,Etawah,2015 - 2016,2015,2016,97645.0,324767.0,3.33,3330.0,Wheat,Rabi,DES APY Query Report,/Users/aaryan/Downloads/ugp/expansion_2010_workspace/data/yields/des_apy_wheat_rabi_2010_2022.html,False,,,,
IND034024,Uttar Pradesh,Etawah,2016 - 2017,2016,2017,99202.0,410696.0,4.14,4140.0,Wheat,Rabi,DES APY Query Report,/Users/aaryan/Downloads/ugp/expansion_2010_workspace/data/yields/des_apy_wheat_rabi_2010_2022.html,False,,,,
IND034024,Uttar Pradesh,Etawah,2017 - 2018,2017,2018,96033.0,360508.0,3.75,3750.0,Wheat,Rabi,DES APY Query Report,/Users/aaryan/Downloads/ugp/expansion_2010_workspace/data/yields/des_apy_wheat_rabi_2010_2022.html,False,,,,
IND034024,Uttar Pradesh,Etawah,2018 - 2019,2018,2019,96027.0,419734.0,4.37,4370.0,Wheat,Rabi,DES APY Query Report,/Users/aaryan/Downloads/ugp/expansion_2010_workspace/data/yields/des_apy_wheat_rabi_2010_2022.html,False,,,,
IND034024,Uttar Pradesh,Etawah,2019 - 2020,2019,2020,95396.0,392364.0,4.11,4110.0,Wheat,Rabi,DES APY Query Report,/Users/aaryan/Downloads/ugp/expansion_2010_workspace/data/yields/des_apy_wheat_rabi_2010_2022.html,False,,,,
IND034024,Uttar Pradesh,Etawah,2020 - 2021,2020,2021,95976.0,395887.0,4.12,4120.0,Wheat,Rabi,DES APY Query Report,/Users/aaryan/Downloads/ugp/expansion_2010_workspace/data/yields/des_apy_wheat_rabi_2010_2022.html,False,,,,
IND034024,Uttar Pradesh,Etawah,2021 - 2022,2021,2022,104603.0,400943.0,3.83,3830.0,Wheat,Rabi,DES APY Query Report,/Users/aaryan/Downloads/ugp/expansion_2010_workspace/data/yields/des_apy_wheat_rabi_2010_2022.html,False,,,,
IND034024,Uttar Pradesh,Etawah,2022 - 2023,2022,2023,100105.0,405625.0,4.05,4050.0,Wheat,Rabi,DES APY Query Report,/Users/aaryan/Downloads/ugp/expansion_2010_workspace/data/yields/des_apy_wheat_rabi_2010_2022.html,False,,,,
IND034025,Uttar Pradesh,Faizabad,2010 - 2011,2010,2011,108951.0,307133.0,2.82,2820.0,Wheat,Rabi,DES APY Query Report,/Users/aaryan/Downloads/ugp/expansion_2010_workspace/data/yields/des_apy_wheat_rabi_2010_2022.html,False,,,,
IND034025,Uttar Pradesh,Faizabad,2011 - 2012,2011,2012,109023.0,322926.0,2.96,2960.0,Wheat,Rabi,DES APY Query Report,/Users/aaryan/Downloads/ugp/expansion_2010_workspace/data/yields/des_apy_wheat_rabi_2010_2022.html,False,,,,
IND034025,Uttar Pradesh,Faizabad,2012 - 2013,2012,2013,108071.0,319782.0,2.96,2960.0,Wheat,Rabi,DES APY Query Report,/Users/aaryan/Downloads/ugp/expansion_2010_workspace/data/yields/des_apy_wheat_rabi_2010_2022.html,False,,,,
IND034025,Uttar Pradesh,Faizabad,2013 - 2014,2013,2014,109098.0,269145.0,2.47,2470.0,Wheat,Rabi,DES APY Query Report,/Users/aaryan/Downloads/ugp/expansion_2010_workspace/data/yields/des_apy_wheat_rabi_2010_2022.html,False,,,,
IND034025,Uttar Pradesh,Faizabad,2014 - 2015,2014,2015,110261.0,227138.0,2.06,2060.0,Wheat,Rabi,DES APY Query Report,/Users/aaryan/Downloads/ugp/expansion_2010_workspace/data/yields/des_apy_wheat_rabi_2010_2022.html,False,,,,
IND034025,Uttar Pradesh,Faizabad,2015 - 2016,2015,2016,109189.0,299178.0,2.74,2740.0,Wheat,Rabi,DES APY Query Report,/Users/aaryan/Downloads/ugp/expansion_2010_workspace/data/yields/des_apy_wheat_rabi_2010_2022.html,False,,,,
IND034025,Uttar Pradesh,Faizabad,2016 - 2017,2016,2017,110742.0,364230.0,3.29,3290.0,Wheat,Rabi,DES APY Query Report,/Users/aaryan/Downloads/ugp/expansion_2010_workspace/data/yields/des_apy_wheat_rabi_2010_2022.html,False,,,,
IND034025,Uttar Pradesh,Faizabad,2017 - 2018,2017,2018,109263.0,412905.0,3.78,3780.0,Wheat,Rabi,DES APY Query Report,/Users/aaryan/Downloads/ugp/expansion_2010_workspace/data/yields/des_apy_wheat_rabi_2010_2022.html,False,,,,
IND034025,Uttar Pradesh,Faizabad,2018 - 2019,2018,2019,106251.0,413104.0,3.89,3890.0,Wheat,Rabi,DES APY Query Report,/Users/aaryan/Downloads/ugp/expansion_2010_workspace/data/yields/des_apy_wheat_rabi_2010_2022.html,False,,,,
IND034025,Uttar Pradesh,Faizabad,2019 - 2020,2019,2020,110184.0,409113.0,3.71,3710.0,Wheat,Rabi,DES APY Query Report,/Users/aaryan/Downloads/ugp/expansion_2010_workspace/data/yields/des_apy_wheat_rabi_2010_2022.html,False,,,,
IND034025,Uttar Pradesh,Faizabad,2020 - 2021,2020,2021,112366.0,396436.0,3.53,3530.0,Wheat,Rabi,DES APY Query Report,/Users/aaryan/Downloads/ugp/expansion_2010_workspace/data/yields/des_apy_wheat_rabi_2010_2022.html,False,,,,
IND034025,Uttar Pradesh,Faizabad,2021 - 2022,2021,2022,115607.0,392601.0,3.4,3400.0,Wheat,Rabi,DES APY Query Report,/Users/aaryan/Downloads/ugp/expansion_2010_workspace/data/yields/des_apy_wheat_rabi_2010_2022.html,False,,,,
IND034025,Uttar Pradesh,Faizabad,2022 - 2023,2022,2023,107032.0,339077.0,3.17,3170.0,Wheat,Rabi,DES APY Query Report,/Users/aaryan/Downloads/ugp/expansion_2010_workspace/data/yields/des_apy_wheat_rabi_2010_2022.html,False,,,,
IND034026,Uttar Pradesh,Farrukhabad,2010 - 2011,2010,2011,73371.0,263012.0,3.58,3580.0,Wheat,Rabi,DES APY Query Report,/Users/aaryan/Downloads/ugp/expansion_2010_workspace/data/yields/des_apy_wheat_rabi_2010_2022.html,False,,,,
IND034026,Uttar Pradesh,Farrukhabad,2011 - 2012,2011,2012,74481.0,282655.0,3.79,3790.0,Wheat,Rabi,DES APY Query Report,/Users/aaryan/Downloads/ugp/expansion_2010_workspace/data/yields/des_apy_wheat_rabi_2010_2022.html,False,,,,
IND034026,Uttar Pradesh,Farrukhabad,2012 - 2013,2012,2013,75378.0,272429.0,3.61,3610.0,Wheat,Rabi,DES APY Query Report,/Users/aaryan/Downloads/ugp/expansion_2010_workspace/data/yields/des_apy_wheat_rabi_2010_2022.html,False,,,,
IND034026,Uttar Pradesh,Farrukhabad,2013 - 2014,2013,2014,75776.0,263950.0,3.48,3480.0,Wheat,Rabi,DES APY Query Report,/Users/aaryan/Downloads/ugp/expansion_2010_workspace/data/yields/des_apy_wheat_rabi_2010_2022.html,False,,,,
IND034026,Uttar Pradesh,Farrukhabad,2014 - 2015,2014,2015,77049.0,180327.0,2.34,2340.0,Wheat,Rabi,DES APY Query Report,/Users/aaryan/Downloads/ugp/expansion_2010_workspace/data/yields/des_apy_wheat_rabi_2010_2022.html,False,,,,
IND034026,Uttar Pradesh,Farrukhabad,2015 - 2016,2015,2016,72690.0,230500.0,3.17,3170.0,Wheat,Rabi,DES APY Query Report,/Users/aaryan/Downloads/ugp/expansion_2010_workspace/data/yields/des_apy_wheat_rabi_2010_2022.html,False,,,,
IND034026,Uttar Pradesh,Farrukhabad,2016 - 2017,2016,2017,76769.0,301011.0,3.92,3920.0,Wheat,Rabi,DES APY Query Report,/Users/aaryan/Downloads/ugp/expansion_2010_workspace/data/yields/des_apy_wheat_rabi_2010_2022.html,False,,,,
IND034026,Uttar Pradesh,Farrukhabad,2017 - 2018,2017,2018,75117.0,337876.0,4.5,4500.0,Wheat,Rabi,DES APY Query Report,/Users/aaryan/Downloads/ugp/expansion_2010_workspace/data/yields/des_apy_wheat_rabi_2010_2022.html,False,,,,
IND034026,Uttar Pradesh,Farrukhabad,2018 - 2019,2018,2019,75581.0,323638.0,4.28,4280.0,Wheat,Rabi,DES APY Query Report,/Users/aaryan/Downloads/ugp/expansion_2010_workspace/data/yields/des_apy_wheat_rabi_2010_2022.html,False,,,,
IND034026,Uttar Pradesh,Farrukhabad,2019 - 2020,2019,2020,76309.0,320956.0,4.21,4210.0,Wheat,Rabi,DES APY Query Report,/Users/aaryan/Downloads/ugp/expansion_2010_workspace/data/yields/des_apy_wheat_rabi_2010_2022.html,False,,,,
IND034026,Uttar Pradesh,Farrukhabad,2020 - 2021,2020,2021,76415.0,311773.0,4.08,4080.0,Wheat,Rabi,DES APY Query Report,/Users/aaryan/Downloads/ugp/expansion_2010_workspace/data/yields/des_apy_wheat_rabi_2010_2022.html,False,,,,
IND034026,Uttar Pradesh,Farrukhabad,2021 - 2022,2021,2022,78229.0,303294.0,3.88,3880.0,Wheat,Rabi,DES APY Query Report,/Users/aaryan/Downloads/ugp/expansion_2010_workspace/data/yields/des_apy_wheat_rabi_2010_2022.html,False,,,,
IND034026,Uttar Pradesh,Farrukhabad,2022 - 2023,2022,2023,75116.0,311055.0,4.14,4140.0,Wheat,Rabi,DES APY Query Report,/Users/aaryan/Downloads/ugp/expansion_2010_workspace/data/yields/des_apy_wheat_rabi_2010_2022.html,False,,,,
IND034027,Uttar Pradesh,Fatehpur,2010 - 2011,2010,2011,163606.0,535491.0,3.27,3270.0,Wheat,Rabi,DES APY Query Report,/Users/aaryan/Downloads/ugp/expansion_2010_workspace/data/yields/des_apy_wheat_rabi_2010_2022.html,False,,,,
IND034027,Uttar Pradesh,Fatehpur,2011 - 2012,2011,2012,169259.0,554352.0,3.28,3280.0,Wheat,Rabi,DES APY Query Report,/Users/aaryan/Downloads/ugp/expansion_2010_workspace/data/yields/des_apy_wheat_rabi_2010_2022.html,False,,,,
IND034027,Uttar Pradesh,Fatehpur,2012 - 2013,2012,2013,170681.0,560591.0,3.28,3280.0,Wheat,Rabi,DES APY Query Report,/Users/aaryan/Downloads/ugp/expansion_2010_workspace/data/yields/des_apy_wheat_rabi_2010_2022.html,False,,,,
IND034027,Uttar Pradesh,Fatehpur,2013 - 2014,2013,2014,174453.0,595895.0,3.42,3420.0,Wheat,Rabi,DES APY Query Report,/Users/aaryan/Downloads/ugp/expansion_2010_workspace/data/yields/des_apy_wheat_rabi_2010_2022.html,False,,,,
IND034027,Uttar Pradesh,Fatehpur,2014 - 2015,2014,2015,174246.0,341436.0,1.96,1960.0,Wheat,Rabi,DES APY Query Report,/Users/aaryan/Downloads/ugp/expansion_2010_workspace/data/yields/des_apy_wheat_rabi_2010_2022.html,False,,,,
IND034027,Uttar Pradesh,Fatehpur,2015 - 2016,2015,2016,185392.0,460640.0,2.48,2480.0,Wheat,Rabi,DES APY Query Report,/Users/aaryan/Downloads/ugp/expansion_2010_workspace/data/yields/des_apy_wheat_rabi_2010_2022.html,False,,,,
IND034027,Uttar Pradesh,Fatehpur,2016 - 2017,2016,2017,175797.0,614404.0,3.49,3490.0,Wheat,Rabi,DES APY Query Report,/Users/aaryan/Downloads/ugp/expansion_2010_workspace/data/yields/des_apy_wheat_rabi_2010_2022.html,False,,,,
IND034027,Uttar Pradesh,Fatehpur,2017 - 2018,2017,2018,170171.0,591435.0,3.48,3480.0,Wheat,Rabi,DES APY Query Report,/Users/aaryan/Downloads/ugp/expansion_2010_workspace/data/yields/des_apy_wheat_rabi_2010_2022.html,False,,,,
IND034027,Uttar Pradesh,Fatehpur,2018 - 2019,2018,2019,172432.0,687681.0,3.99,3990.0,Wheat,Rabi,DES APY Query Report,/Users/aaryan/Downloads/ugp/expansion_2010_workspace/data/yields/des_apy_wheat_rabi_2010_2022.html,False,,,,
IND034027,Uttar Pradesh,Fatehpur,2019 - 2020,2019,2020,179472.0,710602.0,3.96,3960.0,Wheat,Rabi,DES APY Query Report,/Users/aaryan/Downloads/ugp/expansion_2010_workspace/data/yields/des_apy_wheat_rabi_2010_2022.html,False,,,,
IND034027,Uttar Pradesh,Fatehpur,2020 - 2021,2020,2021,173279.0,657710.0,3.8,3800.0,Wheat,Rabi,DES APY Query Report,/Users/aaryan/Downloads/ugp/expansion_2010_workspace/data/yields/des_apy_wheat_rabi_2010_2022.html,False,,,,
IND034027,Uttar Pradesh,Fatehpur,2021 - 2022,2021,2022,179293.0,656212.0,3.66,3660.0,Wheat,Rabi,DES APY Query Report,/Users/aaryan/Downloads/ugp/expansion_2010_workspace/data/yields/des_apy_wheat_rabi_2010_2022.html,False,,,,
IND034027,Uttar Pradesh,Fatehpur,2022 - 2023,2022,2023,171841.0,645950.0,3.76,3760.0,Wheat,Rabi,DES APY Query Report,/Users/aaryan/Downloads/ugp/expansion_2010_workspace/data/yields/des_apy_wheat_rabi_2010_2022.html,False,,,,
IND034028,Uttar Pradesh,Firozabad,2010 - 2011,2010,2011,101839.0,371203.0,3.64,3640.0,Wheat,Rabi,DES APY Query Report,/Users/aaryan/Downloads/ugp/expansion_2010_workspace/data/yields/des_apy_wheat_rabi_2010_2022.html,False,,,,
IND034028,Uttar Pradesh,Firozabad,2011 - 2012,2011,2012,104278.0,376548.0,3.61,3610.0,Wheat,Rabi,DES APY Query Report,/Users/aaryan/Downloads/ugp/expansion_2010_workspace/data/yields/des_apy_wheat_rabi_2010_2022.html,False,,,,
IND034028,Uttar Pradesh,Firozabad,2012 - 2013,2012,2013,99498.0,368839.0,3.71,3710.0,Wheat,Rabi,DES APY Query Report,/Users/aaryan/Downloads/ugp/expansion_2010_workspace/data/yields/des_apy_wheat_rabi_2010_2022.html,False,,,,
IND034028,Uttar Pradesh,Firozabad,2013 - 2014,2013,2014,96543.0,348520.0,3.61,3610.0,Wheat,Rabi,DES APY Query Report,/Users/aaryan/Downloads/ugp/expansion_2010_workspace/data/yields/des_apy_wheat_rabi_2010_2022.html,False,,,,
IND034028,Uttar Pradesh,Firozabad,2014 - 2015,2014,2015,97764.0,188098.0,1.92,1920.0,Wheat,Rabi,DES APY Query Report,/Users/aaryan/Downloads/ugp/expansion_2010_workspace/data/yields/des_apy_wheat_rabi_2010_2022.html,False,,,,
IND034028,Uttar Pradesh,Firozabad,2015 - 2016,2015,2016,98225.0,322866.0,3.29,3290.0,Wheat,Rabi,DES APY Query Report,/Users/aaryan/Downloads/ugp/expansion_2010_workspace/data/yields/des_apy_wheat_rabi_2010_2022.html,False,,,,
IND034028,Uttar Pradesh,Firozabad,2016 - 2017,2016,2017,101518.0,385261.0,3.8,3800.0,Wheat,Rabi,DES APY Query Report,/Users/aaryan/Downloads/ugp/expansion_2010_workspace/data/yields/des_apy_wheat_rabi_2010_2022.html,False,,,,
IND034028,Uttar Pradesh,Firozabad,2017 - 2018,2017,2018,95997.0,325910.0,3.4,3400.0,Wheat,Rabi,DES APY Query Report,/Users/aaryan/Downloads/ugp/expansion_2010_workspace/data/yields/des_apy_wheat_rabi_2010_2022.html,False,,,,
IND034028,Uttar Pradesh,Firozabad,2018 - 2019,2018,2019,92948.0,350228.0,3.77,3770.0,Wheat,Rabi,DES APY Query Report,/Users/aaryan/Downloads/ugp/expansion_2010_workspace/data/yields/des_apy_wheat_rabi_2010_2022.html,False,,,,
IND034028,Uttar Pradesh,Firozabad,2019 - 2020,2019,2020,101892.0,412663.0,4.05,4050.0,Wheat,Rabi,DES APY Query Report,/Users/aaryan/Downloads/ugp/expansion_2010_workspace/data/yields/des_apy_wheat_rabi_2010_2022.html,False,,,,
IND034028,Uttar Pradesh,Firozabad,2020 - 2021,2020,2021,100567.0,416146.0,4.14,4140.0,Wheat,Rabi,DES APY Query Report,/Users/aaryan/Downloads/ugp/expansion_2010_workspace/data/yields/des_apy_wheat_rabi_2010_2022.html,False,,,,
IND034028,Uttar Pradesh,Firozabad,2021 - 2022,2021,2022,104209.0,368275.0,3.53,3530.0,Wheat,Rabi,DES APY Query Report,/Users/aaryan/Downloads/ugp/expansion_2010_workspace/data/yields/des_apy_wheat_rabi_2010_2022.html,False,,,,
IND034028,Uttar Pradesh,Firozabad,2022 - 2023,2022,2023,100972.0,427515.0,4.23,4230.0,Wheat,Rabi,DES APY Query Report,/Users/aaryan/Downloads/ugp/expansion_2010_workspace/data/yields/des_apy_wheat_rabi_2010_2022.html,False,,,,
IND034029,Uttar Pradesh,Gautam Buddha Nagar,2010 - 2011,2010,2011,56346.0,210227.0,3.73,3730.0,Wheat,Rabi,DES APY Query Report,/Users/aaryan/Downloads/ugp/expansion_2010_workspace/data/yields/des_apy_wheat_rabi_2010_2022.html,False,,,,
IND034029,Uttar Pradesh,Gautam Buddha Nagar,2011 - 2012,2011,2012,54549.0,204668.0,3.75,3750.0,Wheat,Rabi,DES APY Query Report,/Users/aaryan/Downloads/ugp/expansion_2010_workspace/data/yields/des_apy_wheat_rabi_2010_2022.html,False,,,,
IND034029,Uttar Pradesh,Gautam Buddha Nagar,2012 - 2013,2012,2013,45934.0,178591.0,3.89,3890.0,Wheat,Rabi,DES APY Query Report,/Users/aaryan/Downloads/ugp/expansion_2010_workspace/data/yields/des_apy_wheat_rabi_2010_2022.html,False,,,,
IND034029,Uttar Pradesh,Gautam Buddha Nagar,2013 - 2014,2013,2014,46130.0,192731.0,4.18,4180.0,Wheat,Rabi,DES APY Query Report,/Users/aaryan/Downloads/ugp/expansion_2010_workspace/data/yields/des_apy_wheat_rabi_2010_2022.html,False,,,,
IND034029,Uttar Pradesh,Gautam Buddha Nagar,2014 - 2015,2014,2015,40032.0,85909.0,2.15,2150.0,Wheat,Rabi,DES APY Query Report,/Users/aaryan/Downloads/ugp/expansion_2010_workspace/data/yields/des_apy_wheat_rabi_2010_2022.html,False,,,,
IND034029,Uttar Pradesh,Gautam Buddha Nagar,2015 - 2016,2015,2016,44330.0,151742.0,3.42,3420.0,Wheat,Rabi,DES APY Query Report,/Users/aaryan/Downloads/ugp/expansion_2010_workspace/data/yields/des_apy_wheat_rabi_2010_2022.html,False,,,,
IND034029,Uttar Pradesh,Gautam Buddha Nagar,2016 - 2017,2016,2017,44069.0,179846.0,4.08,4080.0,Wheat,Rabi,DES APY Query Report,/Users/aaryan/Downloads/ugp/expansion_2010_workspace/data/yields/des_apy_wheat_rabi_2010_2022.html,False,,,,
IND034029,Uttar Pradesh,Gautam Buddha Nagar,2017 - 2018,2017,2018,41229.0,160876.0,3.9,3900.0,Wheat,Rabi,DES APY Query Report,/Users/aaryan/Downloads/ugp/expansion_2010_workspace/data/yields/des_apy_wheat_rabi_2010_2022.html,False,,,,
IND034029,Uttar Pradesh,Gautam Buddha Nagar,2018 - 2019,2018,2019,44864.0,185647.0,4.14,4140.0,Wheat,Rabi,DES APY Query Report,/Users/aaryan/Downloads/ugp/expansion_2010_workspace/data/yields/des_apy_wheat_rabi_2010_2022.html,False,,,,
IND034029,Uttar Pradesh,Gautam Buddha Nagar,2019 - 2020,2019,2020,44802.0,189199.0,4.22,4220.0,Wheat,Rabi,DES APY Query Report,/Users/aaryan/Downloads/ugp/expansion_2010_workspace/data/yields/des_apy_wheat_rabi_2010_2022.html,False,,,,
IND034029,Uttar Pradesh,Gautam Buddha Nagar,2020 - 2021,2020,2021,44305.0,177973.0,4.02,4019.9999999999995,Wheat,Rabi,DES APY Query Report,/Users/aaryan/Downloads/ugp/expansion_2010_workspace/data/yields/des_apy_wheat_rabi_2010_2022.html,False,,,,
IND034029,Uttar Pradesh,Gautam Buddha Nagar,2021 - 2022,2021,2022,45969.0,176935.0,3.85,3850.0,Wheat,Rabi,DES APY Query Report,/Users/aaryan/Downloads/ugp/expansion_2010_workspace/data/yields/des_apy_wheat_rabi_2010_2022.html,False,,,,
IND034029,Uttar Pradesh,Gautam Buddha Nagar,2022 - 2023,2022,2023,44552.0,180792.0,4.06,4059.9999999999995,Wheat,Rabi,DES APY Query Report,/Users/aaryan/Downloads/ugp/expansion_2010_workspace/data/yields/des_apy_wheat_rabi_2010_2022.html,False,,,,
IND034030,Uttar Pradesh,Ghaziabad,2010 - 2011,2010,2011,76344.0,317667.0,4.16,4160.0,Wheat,Rabi,DES APY Query Report,/Users/aaryan/Downloads/ugp/expansion_2010_workspace/data/yields/des_apy_wheat_rabi_2010_2022.html,False,,,,
IND034030,Uttar Pradesh,Ghaziabad,2011 - 2012,2011,2012,75491.0,329594.0,4.37,4370.0,Wheat,Rabi,DES APY Query Report,/Users/aaryan/Downloads/ugp/expansion_2010_workspace/data/yields/des_apy_wheat_rabi_2010_2022.html,False,,,,
IND034030,Uttar Pradesh,Ghaziabad,2012 - 2013,2012,2013,28227.0,123550.0,4.38,4380.0,Wheat,Rabi,DES APY Query Report,/Users/aaryan/Downloads/ugp/expansion_2010_workspace/data/yields/des_apy_wheat_rabi_2010_2022.html,False,,,,
IND034030,Uttar Pradesh,Ghaziabad,2013 - 2014,2013,2014,28164.0,115726.0,4.11,4110.0,Wheat,Rabi,DES APY Query Report,/Users/aaryan/Downloads/ugp/expansion_2010_workspace/data/yields/des_apy_wheat_rabi_2010_2022.html,False,,,,
IND034030,Uttar Pradesh,Ghaziabad,2014 - 2015,2014,2015,26619.0,86645.0,3.26,3260.0,Wheat,Rabi,DES APY Query Report,/Users/aaryan/Downloads/ugp/expansion_2010_workspace/data/yields/des_apy_wheat_rabi_2010_2022.html,False,,,,
IND034030,Uttar Pradesh,Ghaziabad,2015 - 2016,2015,2016,27082.0,97766.0,3.61,3610.0,Wheat,Rabi,DES APY Query Report,/Users/aaryan/Downloads/ugp/expansion_2010_workspace/data/yields/des_apy_wheat_rabi_2010_2022.html,False,,,,
IND034030,Uttar Pradesh,Ghaziabad,2016 - 2017,2016,2017,28064.0,116858.0,4.16,4160.0,Wheat,Rabi,DES APY Query Report,/Users/aaryan/Downloads/ugp/expansion_2010_workspace/data/yields/des_apy_wheat_rabi_2010_2022.html,False,,,,
IND034030,Uttar Pradesh,Ghaziabad,2017 - 2018,2017,2018,27714.0,111743.0,4.03,4030.0000000000005,Wheat,Rabi,DES APY Query Report,/Users/aaryan/Downloads/ugp/expansion_2010_workspace/data/yields/des_apy_wheat_rabi_2010_2022.html,False,,,,
IND034030,Uttar Pradesh,Ghaziabad,2018 - 2019,2018,2019,28690.0,122019.0,4.25,4250.0,Wheat,Rabi,DES APY Query Report,/Users/aaryan/Downloads/ugp/expansion_2010_workspace/data/yields/des_apy_wheat_rabi_2010_2022.html,False,,,,
IND034030,Uttar Pradesh,Ghaziabad,2019 - 2020,2019,2020,29429.0,120894.0,4.11,4110.0,Wheat,Rabi,DES APY Query Report,/Users/aaryan/Downloads/ugp/expansion_2010_workspace/data/yields/des_apy_wheat_rabi_2010_2022.html,False,,,,
IND034030,Uttar Pradesh,Ghaziabad,2020 - 2021,2020,2021,28112.0,119926.0,4.27,4270.0,Wheat,Rabi,DES APY Query Report,/Users/aaryan/Downloads/ugp/expansion_2010_workspace/data/yields/des_apy_wheat_rabi_2010_2022.html,False,,,,
IND034030,Uttar Pradesh,Ghaziabad,2021 - 2022,2021,2022,29658.0,124534.0,4.2,4200.0,Wheat,Rabi,DES APY Query Report,/Users/aaryan/Downloads/ugp/expansion_2010_workspace/data/yields/des_apy_wheat_rabi_2010_2022.html,False,,,,
IND034030,Uttar Pradesh,Ghaziabad,2022 - 2023,2022,2023,28373.0,112783.0,3.98,3980.0,Wheat,Rabi,DES APY Query Report,/Users/aaryan/Downloads/ugp/expansion_2010_workspace/data/yields/des_apy_wheat_rabi_2010_2022.html,False,,,,
IND034031,Uttar Pradesh,Ghazipur,2010 - 2011,2010,2011,171211.0,462161.0,2.7,2700.0,Wheat,Rabi,DES APY Query Report,/Users/aaryan/Downloads/ugp/expansion_2010_workspace/data/yields/des_apy_wheat_rabi_2010_2022.html,False,,,,
IND034031,Uttar Pradesh,Ghazipur,2011 - 2012,2011,2012,173018.0,486392.0,2.81,2810.0,Wheat,Rabi,DES APY Query Report,/Users/aaryan/Downloads/ugp/expansion_2010_workspace/data/yields/des_apy_wheat_rabi_2010_2022.html,False,,,,
IND034031,Uttar Pradesh,Ghazipur,2012 - 2013,2012,2013,174612.0,501740.0,2.87,2870.0,Wheat,Rabi,DES APY Query Report,/Users/aaryan/Downloads/ugp/expansion_2010_workspace/data/yields/des_apy_wheat_rabi_2010_2022.html,False,,,,
IND034031,Uttar Pradesh,Ghazipur,2013 - 2014,2013,2014,174040.0,456998.0,2.63,2630.0,Wheat,Rabi,DES APY Query Report,/Users/aaryan/Downloads/ugp/expansion_2010_workspace/data/yields/des_apy_wheat_rabi_2010_2022.html,False,,,,
IND034031,Uttar Pradesh,Ghazipur,2014 - 2015,2014,2015,175209.0,309379.0,1.77,1770.0,Wheat,Rabi,DES APY Query Report,/Users/aaryan/Downloads/ugp/expansion_2010_workspace/data/yields/des_apy_wheat_rabi_2010_2022.html,False,,,,
IND034031,Uttar Pradesh,Ghazipur,2015 - 2016,2015,2016,193108.0,460775.0,2.39,2390.0,Wheat,Rabi,DES APY Query Report,/Users/aaryan/Downloads/ugp/expansion_2010_workspace/data/yields/des_apy_wheat_rabi_2010_2022.html,False,,,,
IND034031,Uttar Pradesh,Ghazipur,2016 - 2017,2016,2017,180106.0,577943.0,3.21,3210.0,Wheat,Rabi,DES APY Query Report,/Users/aaryan/Downloads/ugp/expansion_2010_workspace/data/yields/des_apy_wheat_rabi_2010_2022.html,False,,,,
IND034031,Uttar Pradesh,Ghazipur,2017 - 2018,2017,2018,166213.0,494151.0,2.97,2970.0,Wheat,Rabi,DES APY Query Report,/Users/aaryan/Downloads/ugp/expansion_2010_workspace/data/yields/des_apy_wheat_rabi_2010_2022.html,False,,,,
IND034031,Uttar Pradesh,Ghazipur,2018 - 2019,2018,2019,170198.0,560973.0,3.3,3300.0,Wheat,Rabi,DES APY Query Report,/Users/aaryan/Downloads/ugp/expansion_2010_workspace/data/yields/des_apy_wheat_rabi_2010_2022.html,False,,,,
IND034031,Uttar Pradesh,Ghazipur,2019 - 2020,2019,2020,184666.0,636359.0,3.45,3450.0,Wheat,Rabi,DES APY Query Report,/Users/aaryan/Downloads/ugp/expansion_2010_workspace/data/yields/des_apy_wheat_rabi_2010_2022.html,False,,,,
IND034031,Uttar Pradesh,Ghazipur,2020 - 2021,2020,2021,183259.0,638291.0,3.48,3480.0,Wheat,Rabi,DES APY Query Report,/Users/aaryan/Downloads/ugp/expansion_2010_workspace/data/yields/des_apy_wheat_rabi_2010_2022.html,False,,,,
IND034031,Uttar Pradesh,Ghazipur,2021 - 2022,2021,2022,180612.0,701136.0,3.88,3880.0,Wheat,Rabi,DES APY Query Report,/Users/aaryan/Downloads/ugp/expansion_2010_workspace/data/yields/des_apy_wheat_rabi_2010_2022.html,False,,,,
IND034031,Uttar Pradesh,Ghazipur,2022 - 2023,2022,2023,187825.0,675607.0,3.6,3600.0,Wheat,Rabi,DES APY Query Report,/Users/aaryan/Downloads/ugp/expansion_2010_workspace/data/yields/des_apy_wheat_rabi_2010_2022.html,False,,,,
IND034032,Uttar Pradesh,Gonda,2010 - 2011,2010,2011,160011.0,468992.0,2.93,2930.0,Wheat,Rabi,DES APY Query Report,/Users/aaryan/Downloads/ugp/expansion_2010_workspace/data/yields/des_apy_wheat_rabi_2010_2022.html,False,,,,
IND034032,Uttar Pradesh,Gonda,2011 - 2012,2011,2012,160915.0,483550.0,3.01,3010.0,Wheat,Rabi,DES APY Query Report,/Users/aaryan/Downloads/ugp/expansion_2010_workspace/data/yields/des_apy_wheat_rabi_2010_2022.html,False,,,,
IND034032,Uttar Pradesh,Gonda,2012 - 2013,2012,2013,155802.0,454007.0,2.91,2910.0,Wheat,Rabi,DES APY Query Report,/Users/aaryan/Downloads/ugp/expansion_2010_workspace/data/yields/des_apy_wheat_rabi_2010_2022.html,False,,,,
IND034032,Uttar Pradesh,Gonda,2013 - 2014,2013,2014,153277.0,456919.0,2.98,2980.0,Wheat,Rabi,DES APY Query Report,/Users/aaryan/Downloads/ugp/expansion_2010_workspace/data/yields/des_apy_wheat_rabi_2010_2022.html,False,,,,
IND034032,Uttar Pradesh,Gonda,2014 - 2015,2014,2015,154990.0,401889.0,2.59,2590.0,Wheat,Rabi,DES APY Query Report,/Users/aaryan/Downloads/ugp/expansion_2010_workspace/data/yields/des_apy_wheat_rabi_2010_2022.html,False,,,,
IND034032,Uttar Pradesh,Gonda,2015 - 2016,2015,2016,157831.0,436561.0,2.77,2770.0,Wheat,Rabi,DES APY Query Report,/Users/aaryan/Downloads/ugp/expansion_2010_workspace/data/yields/des_apy_wheat_rabi_2010_2022.html,False,,,,
IND034032,Uttar Pradesh,Gonda,2016 - 2017,2016,2017,155876.0,482592.0,3.1,3100.0,Wheat,Rabi,DES APY Query Report,/Users/aaryan/Downloads/ugp/expansion_2010_workspace/data/yields/des_apy_wheat_rabi_2010_2022.html,False,,,,
IND034032,Uttar Pradesh,Gonda,2017 - 2018,2017,2018,154304.0,463529.0,3.0,3000.0,Wheat,Rabi,DES APY Query Report,/Users/aaryan/Downloads/ugp/expansion_2010_workspace/data/yields/des_apy_wheat_rabi_2010_2022.html,False,,,,
IND034032,Uttar Pradesh,Gonda,2018 - 2019,2018,2019,146855.0,462593.0,3.15,3150.0,Wheat,Rabi,DES APY Query Report,/Users/aaryan/Downloads/ugp/expansion_2010_workspace/data/yields/des_apy_wheat_rabi_2010_2022.html,False,,,,
IND034032,Uttar Pradesh,Gonda,2019 - 2020,2019,2020,155438.0,510148.0,3.28,3280.0,Wheat,Rabi,DES APY Query Report,/Users/aaryan/Downloads/ugp/expansion_2010_workspace/data/yields/des_apy_wheat_rabi_2010_2022.html,False,,,,
IND034032,Uttar Pradesh,Gonda,2020 - 2021,2020,2021,154832.0,519461.0,3.35,3350.0,Wheat,Rabi,DES APY Query Report,/Users/aaryan/Downloads/ugp/expansion_2010_workspace/data/yields/des_apy_wheat_rabi_2010_2022.html,False,,,,
IND034032,Uttar Pradesh,Gonda,2021 - 2022,2021,2022,160294.0,524963.0,3.28,3280.0,Wheat,Rabi,DES APY Query Report,/Users/aaryan/Downloads/ugp/expansion_2010_workspace/data/yields/des_apy_wheat_rabi_2010_2022.html,False,,,,
IND034032,Uttar Pradesh,Gonda,2022 - 2023,2022,2023,153425.0,489119.0,3.19,3190.0,Wheat,Rabi,DES APY Query Report,/Users/aaryan/Downloads/ugp/expansion_2010_workspace/data/yields/des_apy_wheat_rabi_2010_2022.html,False,,,,
IND034033,Uttar Pradesh,Gorakhpur,2010 - 2011,2010,2011,190446.0,557387.0,2.93,2930.0,Wheat,Rabi,DES APY Query Report,/Users/aaryan/Downloads/ugp/expansion_2010_workspace/data/yields/des_apy_wheat_rabi_2010_2022.html,False,,,,
IND034033,Uttar Pradesh,Gorakhpur,2011 - 2012,2011,2012,188998.0,578523.0,3.06,3060.0,Wheat,Rabi,DES APY Query Report,/Users/aaryan/Downloads/ugp/expansion_2010_workspace/data/yields/des_apy_wheat_rabi_2010_2022.html,False,,,,
IND034033,Uttar Pradesh,Gorakhpur,2012 - 2013,2012,2013,190259.0,592467.0,3.11,3110.0,Wheat,Rabi,DES APY Query Report,/Users/aaryan/Downloads/ugp/expansion_2010_workspace/data/yields/des_apy_wheat_rabi_2010_2022.html,False,,,,
IND034033,Uttar Pradesh,Gorakhpur,2013 - 2014,2013,2014,190537.0,618676.0,3.25,3250.0,Wheat,Rabi,DES APY Query Report,/Users/aaryan/Downloads/ugp/expansion_2010_workspace/data/yields/des_apy_wheat_rabi_2010_2022.html,False,,,,
IND034033,Uttar Pradesh,Gorakhpur,2014 - 2015,2014,2015,190247.0,331410.0,1.74,1740.0,Wheat,Rabi,DES APY Query Report,/Users/aaryan/Downloads/ugp/expansion_2010_workspace/data/yields/des_apy_wheat_rabi_2010_2022.html,False,,,,
IND034033,Uttar Pradesh,Gorakhpur,2015 - 2016,2015,2016,190692.0,424862.0,2.23,2230.0,Wheat,Rabi,DES APY Query Report,/Users/aaryan/Downloads/ugp/expansion_2010_workspace/data/yields/des_apy_wheat_rabi_2010_2022.html,False,,,,
IND034033,Uttar Pradesh,Gorakhpur,2016 - 2017,2016,2017,191384.0,697598.0,3.65,3650.0,Wheat,Rabi,DES APY Query Report,/Users/aaryan/Downloads/ugp/expansion_2010_workspace/data/yields/des_apy_wheat_rabi_2010_2022.html,False,,,,
IND034033,Uttar Pradesh,Gorakhpur,2017 - 2018,2017,2018,192243.0,814341.0,4.24,4240.0,Wheat,Rabi,DES APY Query Report,/Users/aaryan/Downloads/ugp/expansion_2010_workspace/data/yields/des_apy_wheat_rabi_2010_2022.html,False,,,,
IND034033,Uttar Pradesh,Gorakhpur,2018 - 2019,2018,2019,181728.0,730099.0,4.02,4019.9999999999995,Wheat,Rabi,DES APY Query Report,/Users/aaryan/Downloads/ugp/expansion_2010_workspace/data/yields/des_apy_wheat_rabi_2010_2022.html,False,,,,
IND034033,Uttar Pradesh,Gorakhpur,2019 - 2020,2019,2020,190449.0,703896.0,3.7,3700.0,Wheat,Rabi,DES APY Query Report,/Users/aaryan/Downloads/ugp/expansion_2010_workspace/data/yields/des_apy_wheat_rabi_2010_2022.html,False,,,,
IND034033,Uttar Pradesh,Gorakhpur,2020 - 2021,2020,2021,190783.0,714103.0,3.74,3740.0,Wheat,Rabi,DES APY Query Report,/Users/aaryan/Downloads/ugp/expansion_2010_workspace/data/yields/des_apy_wheat_rabi_2010_2022.html,False,,,,
IND034033,Uttar Pradesh,Gorakhpur,2021 - 2022,2021,2022,202056.0,733463.0,3.63,3630.0,Wheat,Rabi,DES APY Query Report,/Users/aaryan/Downloads/ugp/expansion_2010_workspace/data/yields/des_apy_wheat_rabi_2010_2022.html,False,,,,
IND034033,Uttar Pradesh,Gorakhpur,2022 - 2023,2022,2023,196530.0,741901.0,3.78,3780.0,Wheat,Rabi,DES APY Query Report,/Users/aaryan/Downloads/ugp/expansion_2010_workspace/data/yields/des_apy_wheat_rabi_2010_2022.html,False,,,,
IND034034,Uttar Pradesh,Hamirpur,2010 - 2011,2010,2011,95371.0,254843.0,2.67,2670.0,Wheat,Rabi,DES APY Query Report,/Users/aaryan/Downloads/ugp/expansion_2010_workspace/data/yields/des_apy_wheat_rabi_2010_2022.html,False,,,,
IND034034,Uttar Pradesh,Hamirpur,2011 - 2012,2011,2012,91427.0,265718.0,2.91,2910.0,Wheat,Rabi,DES APY Query Report,/Users/aaryan/Downloads/ugp/expansion_2010_workspace/data/yields/des_apy_wheat_rabi_2010_2022.html,False,,,,
IND034034,Uttar Pradesh,Hamirpur,2012 - 2013,2012,2013,113299.0,322731.0,2.85,2850.0,Wheat,Rabi,DES APY Query Report,/Users/aaryan/Downloads/ugp/expansion_2010_workspace/data/yields/des_apy_wheat_rabi_2010_2022.html,False,,,,
IND034034,Uttar Pradesh,Hamirpur,2013 - 2014,2013,2014,111347.0,298733.0,2.68,2680.0,Wheat,Rabi,DES APY Query Report,/Users/aaryan/Downloads/ugp/expansion_2010_workspace/data/yields/des_apy_wheat_rabi_2010_2022.html,False,,,,
IND034034,Uttar Pradesh,Hamirpur,2014 - 2015,2014,2015,113329.0,171992.0,1.52,1520.0,Wheat,Rabi,DES APY Query Report,/Users/aaryan/Downloads/ugp/expansion_2010_workspace/data/yields/des_apy_wheat_rabi_2010_2022.html,False,,,,
IND034034,Uttar Pradesh,Hamirpur,2015 - 2016,2015,2016,97490.0,170850.0,1.75,1750.0,Wheat,Rabi,DES APY Query Report,/Users/aaryan/Downloads/ugp/expansion_2010_workspace/data/yields/des_apy_wheat_rabi_2010_2022.html,False,,,,
IND034034,Uttar Pradesh,Hamirpur,2016 - 2017,2016,2017,135069.0,410133.0,3.04,3040.0,Wheat,Rabi,DES APY Query Report,/Users/aaryan/Downloads/ugp/expansion_2010_workspace/data/yields/des_apy_wheat_rabi_2010_2022.html,False,,,,
IND034034,Uttar Pradesh,Hamirpur,2017 - 2018,2017,2018,113112.0,354013.0,3.13,3130.0,Wheat,Rabi,DES APY Query Report,/Users/aaryan/Downloads/ugp/expansion_2010_workspace/data/yields/des_apy_wheat_rabi_2010_2022.html,False,,,,
IND034034,Uttar Pradesh,Hamirpur,2018 - 2019,2018,2019,113456.0,364235.0,3.21,3210.0,Wheat,Rabi,DES APY Query Report,/Users/aaryan/Downloads/ugp/expansion_2010_workspace/data/yields/des_apy_wheat_rabi_2010_2022.html,False,,,,
IND034034,Uttar Pradesh,Hamirpur,2019 - 2020,2019,2020,111468.0,364655.0,3.27,3270.0,Wheat,Rabi,DES APY Query Report,/Users/aaryan/Downloads/ugp/expansion_2010_workspace/data/yields/des_apy_wheat_rabi_2010_2022.html,False,,,,
IND034034,Uttar Pradesh,Hamirpur,2020 - 2021,2020,2021,110320.0,354265.0,3.21,3210.0,Wheat,Rabi,DES APY Query Report,/Users/aaryan/Downloads/ugp/expansion_2010_workspace/data/yields/des_apy_wheat_rabi_2010_2022.html,False,,,,
IND034034,Uttar Pradesh,Hamirpur,2021 - 2022,2021,2022,117657.0,378150.0,3.21,3210.0,Wheat,Rabi,DES APY Query Report,/Users/aaryan/Downloads/ugp/expansion_2010_workspace/data/yields/des_apy_wheat_rabi_2010_2022.html,False,,,,
IND034034,Uttar Pradesh,Hamirpur,2022 - 2023,2022,2023,143552.0,461807.0,3.22,3220.0,Wheat,Rabi,DES APY Query Report,/Users/aaryan/Downloads/ugp/expansion_2010_workspace/data/yields/des_apy_wheat_rabi_2010_2022.html,False,,,,
IND034035,Uttar Pradesh,Hapur,2010 - 2011,2010,2011,76344.0,317667.0,4.16,4160.0,Wheat,Rabi,DES APY Query Report,/Users/aaryan/Downloads/ugp/expansion_2010_workspace/data/yields/des_apy_wheat_rabi_2010_2022.html,True,Ghaziabad,11,279.0894284828952,241.81818181818178
IND034035,Uttar Pradesh,Hapur,2011 - 2012,2011,2012,75491.0,329594.0,4.37,4370.0,Wheat,Rabi,DES APY Query Report,/Users/aaryan/Downloads/ugp/expansion_2010_workspace/data/yields/des_apy_wheat_rabi_2010_2022.html,True,Ghaziabad,11,279.0894284828952,241.81818181818178
IND034035,Uttar Pradesh,Hapur,2012 - 2013,2012,2013,43672.0,207835.0,4.76,4760.0,Wheat,Rabi,DES APY Query Report,/Users/aaryan/Downloads/ugp/expansion_2010_workspace/data/yields/des_apy_wheat_rabi_2010_2022.html,False,,,,
IND034035,Uttar Pradesh,Hapur,2013 - 2014,2013,2014,42412.0,197216.0,4.65,4650.0,Wheat,Rabi,DES APY Query Report,/Users/aaryan/Downloads/ugp/expansion_2010_workspace/data/yields/des_apy_wheat_rabi_2010_2022.html,False,,,,
IND034035,Uttar Pradesh,Hapur,2014 - 2015,2014,2015,44552.0,136507.0,3.06,3060.0,Wheat,Rabi,DES APY Query Report,/Users/aaryan/Downloads/ugp/expansion_2010_workspace/data/yields/des_apy_wheat_rabi_2010_2022.html,False,,,,
IND034035,Uttar Pradesh,Hapur,2015 - 2016,2015,2016,41873.0,160792.0,3.84,3840.0,Wheat,Rabi,DES APY Query Report,/Users/aaryan/Downloads/ugp/expansion_2010_workspace/data/yields/des_apy_wheat_rabi_2010_2022.html,False,,,,
IND034035,Uttar Pradesh,Hapur,2016 - 2017,2016,2017,42279.0,187000.0,4.42,4420.0,Wheat,Rabi,DES APY Query Report,/Users/aaryan/Downloads/ugp/expansion_2010_workspace/data/yields/des_apy_wheat_rabi_2010_2022.html,False,,,,
IND034035,Uttar Pradesh,Hapur,2017 - 2018,2017,2018,42670.0,177251.0,4.15,4150.0,Wheat,Rabi,DES APY Query Report,/Users/aaryan/Downloads/ugp/expansion_2010_workspace/data/yields/des_apy_wheat_rabi_2010_2022.html,False,,,,
IND034035,Uttar Pradesh,Hapur,2018 - 2019,2018,2019,42174.0,177848.0,4.22,4220.0,Wheat,Rabi,DES APY Query Report,/Users/aaryan/Downloads/ugp/expansion_2010_workspace/data/yields/des_apy_wheat_rabi_2010_2022.html,False,,,,
IND034035,Uttar Pradesh,Hapur,2019 - 2020,2019,2020,42066.0,188624.0,4.48,4480.0,Wheat,Rabi,DES APY Query Report,/Users/aaryan/Downloads/ugp/expansion_2010_workspace/data/yields/des_apy_wheat_rabi_2010_2022.html,False,,,,
IND034035,Uttar Pradesh,Hapur,2020 - 2021,2020,2021,43488.0,181823.0,4.18,4180.0,Wheat,Rabi,DES APY Query Report,/Users/aaryan/Downloads/ugp/expansion_2010_workspace/data/yields/des_apy_wheat_rabi_2010_2022.html,False,,,,
IND034035,Uttar Pradesh,Hapur,2021 - 2022,2021,2022,45245.0,197947.0,4.38,4380.0,Wheat,Rabi,DES APY Query Report,/Users/aaryan/Downloads/ugp/expansion_2010_workspace/data/yields/des_apy_wheat_rabi_2010_2022.html,False,,,,
IND034035,Uttar Pradesh,Hapur,2022 - 2023,2022,2023,40962.0,173761.0,4.24,4240.0,Wheat,Rabi,DES APY Query Report,/Users/aaryan/Downloads/ugp/expansion_2010_workspace/data/yields/des_apy_wheat_rabi_2010_2022.html,False,,,,
IND034036,Uttar Pradesh,Hardoi,2010 - 2011,2010,2011,341765.0,1139960.0,3.34,3340.0,Wheat,Rabi,DES APY Query Report,/Users/aaryan/Downloads/ugp/expansion_2010_workspace/data/yields/des_apy_wheat_rabi_2010_2022.html,False,,,,
IND034036,Uttar Pradesh,Hardoi,2011 - 2012,2011,2012,327969.0,1176241.0,3.59,3590.0,Wheat,Rabi,DES APY Query Report,/Users/aaryan/Downloads/ugp/expansion_2010_workspace/data/yields/des_apy_wheat_rabi_2010_2022.html,False,,,,
IND034036,Uttar Pradesh,Hardoi,2012 - 2013,2012,2013,327776.0,1041832.0,3.18,3180.0,Wheat,Rabi,DES APY Query Report,/Users/aaryan/Downloads/ugp/expansion_2010_workspace/data/yields/des_apy_wheat_rabi_2010_2022.html,False,,,,
IND034036,Uttar Pradesh,Hardoi,2013 - 2014,2013,2014,318253.0,1130771.0,3.55,3550.0,Wheat,Rabi,DES APY Query Report,/Users/aaryan/Downloads/ugp/expansion_2010_workspace/data/yields/des_apy_wheat_rabi_2010_2022.html,False,,,,
IND034036,Uttar Pradesh,Hardoi,2014 - 2015,2014,2015,326194.0,719258.0,2.21,2210.0,Wheat,Rabi,DES APY Query Report,/Users/aaryan/Downloads/ugp/expansion_2010_workspace/data/yields/des_apy_wheat_rabi_2010_2022.html,False,,,,
IND034036,Uttar Pradesh,Hardoi,2015 - 2016,2015,2016,326565.0,980017.0,3.0,3000.0,Wheat,Rabi,DES APY Query Report,/Users/aaryan/Downloads/ugp/expansion_2010_workspace/data/yields/des_apy_wheat_rabi_2010_2022.html,False,,,,
IND034036,Uttar Pradesh,Hardoi,2016 - 2017,2016,2017,314474.0,1143427.0,3.64,3640.0,Wheat,Rabi,DES APY Query Report,/Users/aaryan/Downloads/ugp/expansion_2010_workspace/data/yields/des_apy_wheat_rabi_2010_2022.html,False,,,,
IND034036,Uttar Pradesh,Hardoi,2017 - 2018,2017,2018,314432.0,1155223.0,3.67,3670.0,Wheat,Rabi,DES APY Query Report,/Users/aaryan/Downloads/ugp/expansion_2010_workspace/data/yields/des_apy_wheat_rabi_2010_2022.html,False,,,,
IND034036,Uttar Pradesh,Hardoi,2018 - 2019,2018,2019,311849.0,1159455.0,3.72,3720.0,Wheat,Rabi,DES APY Query Report,/Users/aaryan/Downloads/ugp/expansion_2010_workspace/data/yields/des_apy_wheat_rabi_2010_2022.html,False,,,,
IND034036,Uttar Pradesh,Hardoi,2019 - 2020,2019,2020,315210.0,1125615.0,3.57,3570.0,Wheat,Rabi,DES APY Query Report,/Users/aaryan/Downloads/ugp/expansion_2010_workspace/data/yields/des_apy_wheat_rabi_2010_2022.html,False,,,,
IND034036,Uttar Pradesh,Hardoi,2020 - 2021,2020,2021,320441.0,1200052.0,3.75,3750.0,Wheat,Rabi,DES APY Query Report,/Users/aaryan/Downloads/ugp/expansion_2010_workspace/data/yields/des_apy_wheat_rabi_2010_2022.html,False,,,,
IND034036,Uttar Pradesh,Hardoi,2021 - 2022,2021,2022,329234.0,1248455.0,3.79,3790.0,Wheat,Rabi,DES APY Query Report,/Users/aaryan/Downloads/ugp/expansion_2010_workspace/data/yields/des_apy_wheat_rabi_2010_2022.html,False,,,,
IND034036,Uttar Pradesh,Hardoi,2022 - 2023,2022,2023,305898.0,1196979.0,3.91,3910.0,Wheat,Rabi,DES APY Query Report,/Users/aaryan/Downloads/ugp/expansion_2010_workspace/data/yields/des_apy_wheat_rabi_2010_2022.html,False,,,,
IND034037,Uttar Pradesh,Hathras,2010 - 2011,2010,2011,80230.0,243177.0,3.03,3030.0,Wheat,Rabi,DES APY Query Report,/Users/aaryan/Downloads/ugp/expansion_2010_workspace/data/yields/des_apy_wheat_rabi_2010_2022.html,False,,,,
IND034037,Uttar Pradesh,Hathras,2011 - 2012,2011,2012,86515.0,290777.0,3.36,3360.0,Wheat,Rabi,DES APY Query Report,/Users/aaryan/Downloads/ugp/expansion_2010_workspace/data/yields/des_apy_wheat_rabi_2010_2022.html,False,,,,
IND034037,Uttar Pradesh,Hathras,2012 - 2013,2012,2013,76850.0,275584.0,3.59,3590.0,Wheat,Rabi,DES APY Query Report,/Users/aaryan/Downloads/ugp/expansion_2010_workspace/data/yields/des_apy_wheat_rabi_2010_2022.html,False,,,,
IND034037,Uttar Pradesh,Hathras,2013 - 2014,2013,2014,79227.0,308906.0,3.9,3900.0,Wheat,Rabi,DES APY Query Report,/Users/aaryan/Downloads/ugp/expansion_2010_workspace/data/yields/des_apy_wheat_rabi_2010_2022.html,False,,,,
IND034037,Uttar Pradesh,Hathras,2014 - 2015,2014,2015,82134.0,191947.0,2.34,2340.0,Wheat,Rabi,DES APY Query Report,/Users/aaryan/Downloads/ugp/expansion_2010_workspace/data/yields/des_apy_wheat_rabi_2010_2022.html,False,,,,
IND034037,Uttar Pradesh,Hathras,2015 - 2016,2015,2016,75908.0,265298.0,3.49,3490.0,Wheat,Rabi,DES APY Query Report,/Users/aaryan/Downloads/ugp/expansion_2010_workspace/data/yields/des_apy_wheat_rabi_2010_2022.html,False,,,,
IND034037,Uttar Pradesh,Hathras,2016 - 2017,2016,2017,78656.0,319815.0,4.07,4070.0000000000005,Wheat,Rabi,DES APY Query Report,/Users/aaryan/Downloads/ugp/expansion_2010_workspace/data/yields/des_apy_wheat_rabi_2010_2022.html,False,,,,
IND034037,Uttar Pradesh,Hathras,2017 - 2018,2017,2018,82643.0,312225.0,3.78,3780.0,Wheat,Rabi,DES APY Query Report,/Users/aaryan/Downloads/ugp/expansion_2010_workspace/data/yields/des_apy_wheat_rabi_2010_2022.html,False,,,,
IND034037,Uttar Pradesh,Hathras,2018 - 2019,2018,2019,81137.0,336232.0,4.14,4140.0,Wheat,Rabi,DES APY Query Report,/Users/aaryan/Downloads/ugp/expansion_2010_workspace/data/yields/des_apy_wheat_rabi_2010_2022.html,False,,,,
IND034037,Uttar Pradesh,Hathras,2019 - 2020,2019,2020,82795.0,330683.0,3.99,3990.0,Wheat,Rabi,DES APY Query Report,/Users/aaryan/Downloads/ugp/expansion_2010_workspace/data/yields/des_apy_wheat_rabi_2010_2022.html,False,,,,
IND034037,Uttar Pradesh,Hathras,2020 - 2021,2020,2021,82467.0,337785.0,4.1,4100.0,Wheat,Rabi,DES APY Query Report,/Users/aaryan/Downloads/ugp/expansion_2010_workspace/data/yields/des_apy_wheat_rabi_2010_2022.html,False,,,,
IND034037,Uttar Pradesh,Hathras,2021 - 2022,2021,2022,85798.0,340446.0,3.97,3970.0,Wheat,Rabi,DES APY Query Report,/Users/aaryan/Downloads/ugp/expansion_2010_workspace/data/yields/des_apy_wheat_rabi_2010_2022.html,False,,,,
IND034037,Uttar Pradesh,Hathras,2022 - 2023,2022,2023,78596.0,316585.0,4.03,4030.0000000000005,Wheat,Rabi,DES APY Query Report,/Users/aaryan/Downloads/ugp/expansion_2010_workspace/data/yields/des_apy_wheat_rabi_2010_2022.html,False,,,,
IND034038,Uttar Pradesh,Jalaun,2010 - 2011,2010,2011,135223.0,432152.0,3.2,3200.0,Wheat,Rabi,DES APY Query Report,/Users/aaryan/Downloads/ugp/expansion_2010_workspace/data/yields/des_apy_wheat_rabi_2010_2022.html,False,,,,
IND034038,Uttar Pradesh,Jalaun,2011 - 2012,2011,2012,142049.0,477297.0,3.36,3360.0,Wheat,Rabi,DES APY Query Report,/Users/aaryan/Downloads/ugp/expansion_2010_workspace/data/yields/des_apy_wheat_rabi_2010_2022.html,False,,,,
IND034038,Uttar Pradesh,Jalaun,2012 - 2013,2012,2013,145440.0,467112.0,3.21,3210.0,Wheat,Rabi,DES APY Query Report,/Users/aaryan/Downloads/ugp/expansion_2010_workspace/data/yields/des_apy_wheat_rabi_2010_2022.html,False,,,,
IND034038,Uttar Pradesh,Jalaun,2013 - 2014,2013,2014,149458.0,445320.0,2.98,2980.0,Wheat,Rabi,DES APY Query Report,/Users/aaryan/Downloads/ugp/expansion_2010_workspace/data/yields/des_apy_wheat_rabi_2010_2022.html,False,,,,
IND034038,Uttar Pradesh,Jalaun,2014 - 2015,2014,2015,155125.0,206239.0,1.33,1330.0,Wheat,Rabi,DES APY Query Report,/Users/aaryan/Downloads/ugp/expansion_2010_workspace/data/yields/des_apy_wheat_rabi_2010_2022.html,False,,,,
IND034038,Uttar Pradesh,Jalaun,2015 - 2016,2015,2016,158550.0,298118.0,1.88,1880.0,Wheat,Rabi,DES APY Query Report,/Users/aaryan/Downloads/ugp/expansion_2010_workspace/data/yields/des_apy_wheat_rabi_2010_2022.html,False,,,,
IND034038,Uttar Pradesh,Jalaun,2016 - 2017,2016,2017,147427.0,547846.0,3.72,3720.0,Wheat,Rabi,DES APY Query Report,/Users/aaryan/Downloads/ugp/expansion_2010_workspace/data/yields/des_apy_wheat_rabi_2010_2022.html,False,,,,
IND034038,Uttar Pradesh,Jalaun,2017 - 2018,2017,2018,160362.0,581167.0,3.62,3620.0,Wheat,Rabi,DES APY Query Report,/Users/aaryan/Downloads/ugp/expansion_2010_workspace/data/yields/des_apy_wheat_rabi_2010_2022.html,False,,,,
IND034038,Uttar Pradesh,Jalaun,2018 - 2019,2018,2019,143818.0,534094.0,3.71,3710.0,Wheat,Rabi,DES APY Query Report,/Users/aaryan/Downloads/ugp/expansion_2010_workspace/data/yields/des_apy_wheat_rabi_2010_2022.html,False,,,,
IND034038,Uttar Pradesh,Jalaun,2019 - 2020,2019,2020,149023.0,556303.0,3.73,3730.0,Wheat,Rabi,DES APY Query Report,/Users/aaryan/Downloads/ugp/expansion_2010_workspace/data/yields/des_apy_wheat_rabi_2010_2022.html,False,,,,
IND034038,Uttar Pradesh,Jalaun,2020 - 2021,2020,2021,144371.0,532022.0,3.69,3690.0,Wheat,Rabi,DES APY Query Report,/Users/aaryan/Downloads/ugp/expansion_2010_workspace/data/yields/des_apy_wheat_rabi_2010_2022.html,False,,,,
IND034038,Uttar Pradesh,Jalaun,2021 - 2022,2021,2022,135801.0,465118.0,3.42,3420.0,Wheat,Rabi,DES APY Query Report,/Users/aaryan/Downloads/ugp/expansion_2010_workspace/data/yields/des_apy_wheat_rabi_2010_2022.html,False,,,,
IND034038,Uttar Pradesh,Jalaun,2022 - 2023,2022,2023,163199.0,583926.0,3.58,3580.0,Wheat,Rabi,DES APY Query Report,/Users/aaryan/Downloads/ugp/expansion_2010_workspace/data/yields/des_apy_wheat_rabi_2010_2022.html,False,,,,
IND034039,Uttar Pradesh,Jaunpur,2010 - 2011,2010,2011,208204.0,594006.0,2.85,2850.0,Wheat,Rabi,DES APY Query Report,/Users/aaryan/Downloads/ugp/expansion_2010_workspace/data/yields/des_apy_wheat_rabi_2010_2022.html,False,,,,
IND034039,Uttar Pradesh,Jaunpur,2011 - 2012,2011,2012,205686.0,654758.0,3.18,3180.0,Wheat,Rabi,DES APY Query Report,/Users/aaryan/Downloads/ugp/expansion_2010_workspace/data/yields/des_apy_wheat_rabi_2010_2022.html,False,,,,
IND034039,Uttar Pradesh,Jaunpur,2012 - 2013,2012,2013,210453.0,655140.0,3.11,3110.0,Wheat,Rabi,DES APY Query Report,/Users/aaryan/Downloads/ugp/expansion_2010_workspace/data/yields/des_apy_wheat_rabi_2010_2022.html,False,,,,
IND034039,Uttar Pradesh,Jaunpur,2013 - 2014,2013,2014,210671.0,602940.0,2.86,2860.0,Wheat,Rabi,DES APY Query Report,/Users/aaryan/Downloads/ugp/expansion_2010_workspace/data/yields/des_apy_wheat_rabi_2010_2022.html,False,,,,
IND034039,Uttar Pradesh,Jaunpur,2014 - 2015,2014,2015,209445.0,405486.0,1.94,1940.0,Wheat,Rabi,DES APY Query Report,/Users/aaryan/Downloads/ugp/expansion_2010_workspace/data/yields/des_apy_wheat_rabi_2010_2022.html,False,,,,
IND034039,Uttar Pradesh,Jaunpur,2015 - 2016,2015,2016,219050.0,582892.0,2.66,2660.0,Wheat,Rabi,DES APY Query Report,/Users/aaryan/Downloads/ugp/expansion_2010_workspace/data/yields/des_apy_wheat_rabi_2010_2022.html,False,,,,
IND034039,Uttar Pradesh,Jaunpur,2016 - 2017,2016,2017,206881.0,668226.0,3.23,3230.0,Wheat,Rabi,DES APY Query Report,/Users/aaryan/Downloads/ugp/expansion_2010_workspace/data/yields/des_apy_wheat_rabi_2010_2022.html,False,,,,
IND034039,Uttar Pradesh,Jaunpur,2017 - 2018,2017,2018,207669.0,735148.0,3.54,3540.0,Wheat,Rabi,DES APY Query Report,/Users/aaryan/Downloads/ugp/expansion_2010_workspace/data/yields/des_apy_wheat_rabi_2010_2022.html,False,,,,
IND034039,Uttar Pradesh,Jaunpur,2018 - 2019,2018,2019,211334.0,784260.0,3.71,3710.0,Wheat,Rabi,DES APY Query Report,/Users/aaryan/Downloads/ugp/expansion_2010_workspace/data/yields/des_apy_wheat_rabi_2010_2022.html,False,,,,
IND034039,Uttar Pradesh,Jaunpur,2019 - 2020,2019,2020,210908.0,758214.0,3.59,3590.0,Wheat,Rabi,DES APY Query Report,/Users/aaryan/Downloads/ugp/expansion_2010_workspace/data/yields/des_apy_wheat_rabi_2010_2022.html,False,,,,
IND034039,Uttar Pradesh,Jaunpur,2020 - 2021,2020,2021,209293.0,773966.0,3.7,3700.0,Wheat,Rabi,DES APY Query Report,/Users/aaryan/Downloads/ugp/expansion_2010_workspace/data/yields/des_apy_wheat_rabi_2010_2022.html,False,,,,
IND034039,Uttar Pradesh,Jaunpur,2021 - 2022,2021,2022,218144.0,872794.0,4.0,4000.0,Wheat,Rabi,DES APY Query Report,/Users/aaryan/Downloads/ugp/expansion_2010_workspace/data/yields/des_apy_wheat_rabi_2010_2022.html,False,,,,
IND034039,Uttar Pradesh,Jaunpur,2022 - 2023,2022,2023,215069.0,857265.0,3.99,3990.0,Wheat,Rabi,DES APY Query Report,/Users/aaryan/Downloads/ugp/expansion_2010_workspace/data/yields/des_apy_wheat_rabi_2010_2022.html,False,,,,
IND034040,Uttar Pradesh,Jhansi,2010 - 2011,2010,2011,142456.0,384439.0,2.7,2700.0,Wheat,Rabi,DES APY Query Report,/Users/aaryan/Downloads/ugp/expansion_2010_workspace/data/yields/des_apy_wheat_rabi_2010_2022.html,False,,,,
IND034040,Uttar Pradesh,Jhansi,2011 - 2012,2011,2012,178532.0,558556.0,3.13,3130.0,Wheat,Rabi,DES APY Query Report,/Users/aaryan/Downloads/ugp/expansion_2010_workspace/data/yields/des_apy_wheat_rabi_2010_2022.html,False,,,,
IND034040,Uttar Pradesh,Jhansi,2012 - 2013,2012,2013,156091.0,434532.0,2.78,2780.0,Wheat,Rabi,DES APY Query Report,/Users/aaryan/Downloads/ugp/expansion_2010_workspace/data/yields/des_apy_wheat_rabi_2010_2022.html,False,,,,
IND034040,Uttar Pradesh,Jhansi,2013 - 2014,2013,2014,153384.0,235384.0,1.53,1530.0,Wheat,Rabi,DES APY Query Report,/Users/aaryan/Downloads/ugp/expansion_2010_workspace/data/yields/des_apy_wheat_rabi_2010_2022.html,False,,,,
IND034040,Uttar Pradesh,Jhansi,2014 - 2015,2014,2015,155061.0,183641.0,1.18,1180.0,Wheat,Rabi,DES APY Query Report,/Users/aaryan/Downloads/ugp/expansion_2010_workspace/data/yields/des_apy_wheat_rabi_2010_2022.html,False,,,,
IND034040,Uttar Pradesh,Jhansi,2015 - 2016,2015,2016,159541.0,337585.0,2.12,2120.0,Wheat,Rabi,DES APY Query Report,/Users/aaryan/Downloads/ugp/expansion_2010_workspace/data/yields/des_apy_wheat_rabi_2010_2022.html,False,,,,
IND034040,Uttar Pradesh,Jhansi,2016 - 2017,2016,2017,167702.0,514967.0,3.07,3070.0,Wheat,Rabi,DES APY Query Report,/Users/aaryan/Downloads/ugp/expansion_2010_workspace/data/yields/des_apy_wheat_rabi_2010_2022.html,False,,,,
IND034040,Uttar Pradesh,Jhansi,2017 - 2018,2017,2018,149640.0,394006.0,2.63,2630.0,Wheat,Rabi,DES APY Query Report,/Users/aaryan/Downloads/ugp/expansion_2010_workspace/data/yields/des_apy_wheat_rabi_2010_2022.html,False,,,,
IND034040,Uttar Pradesh,Jhansi,2018 - 2019,2018,2019,182907.0,595918.0,3.26,3260.0,Wheat,Rabi,DES APY Query Report,/Users/aaryan/Downloads/ugp/expansion_2010_workspace/data/yields/des_apy_wheat_rabi_2010_2022.html,False,,,,
IND034040,Uttar Pradesh,Jhansi,2019 - 2020,2019,2020,148822.0,508550.0,3.42,3420.0,Wheat,Rabi,DES APY Query Report,/Users/aaryan/Downloads/ugp/expansion_2010_workspace/data/yields/des_apy_wheat_rabi_2010_2022.html,False,,,,
IND034040,Uttar Pradesh,Jhansi,2020 - 2021,2020,2021,153236.0,463806.0,3.03,3030.0,Wheat,Rabi,DES APY Query Report,/Users/aaryan/Downloads/ugp/expansion_2010_workspace/data/yields/des_apy_wheat_rabi_2010_2022.html,False,,,,
IND034040,Uttar Pradesh,Jhansi,2021 - 2022,2021,2022,132473.0,448421.0,3.38,3380.0,Wheat,Rabi,DES APY Query Report,/Users/aaryan/Downloads/ugp/expansion_2010_workspace/data/yields/des_apy_wheat_rabi_2010_2022.html,False,,,,
IND034040,Uttar Pradesh,Jhansi,2022 - 2023,2022,2023,139381.0,478634.0,3.43,3430.0,Wheat,Rabi,DES APY Query Report,/Users/aaryan/Downloads/ugp/expansion_2010_workspace/data/yields/des_apy_wheat_rabi_2010_2022.html,False,,,,
IND034041,Uttar Pradesh,Kannauj,2010 - 2011,2010,2011,73545.0,262612.0,3.57,3570.0,Wheat,Rabi,DES APY Query Report,/Users/aaryan/Downloads/ugp/expansion_2010_workspace/data/yields/des_apy_wheat_rabi_2010_2022.html,False,,,,
IND034041,Uttar Pradesh,Kannauj,2011 - 2012,2011,2012,74109.0,277001.0,3.74,3740.0,Wheat,Rabi,DES APY Query Report,/Users/aaryan/Downloads/ugp/expansion_2010_workspace/data/yields/des_apy_wheat_rabi_2010_2022.html,False,,,,
IND034041,Uttar Pradesh,Kannauj,2012 - 2013,2012,2013,70105.0,268920.0,3.84,3840.0,Wheat,Rabi,DES APY Query Report,/Users/aaryan/Downloads/ugp/expansion_2010_workspace/data/yields/des_apy_wheat_rabi_2010_2022.html,False,,,,
IND034041,Uttar Pradesh,Kannauj,2013 - 2014,2013,2014,77569.0,297075.0,3.83,3830.0,Wheat,Rabi,DES APY Query Report,/Users/aaryan/Downloads/ugp/expansion_2010_workspace/data/yields/des_apy_wheat_rabi_2010_2022.html,False,,,,
IND034041,Uttar Pradesh,Kannauj,2014 - 2015,2014,2015,76686.0,108049.0,1.41,1410.0,Wheat,Rabi,DES APY Query Report,/Users/aaryan/Downloads/ugp/expansion_2010_workspace/data/yields/des_apy_wheat_rabi_2010_2022.html,False,,,,
IND034041,Uttar Pradesh,Kannauj,2015 - 2016,2015,2016,70564.0,229316.0,3.25,3250.0,Wheat,Rabi,DES APY Query Report,/Users/aaryan/Downloads/ugp/expansion_2010_workspace/data/yields/des_apy_wheat_rabi_2010_2022.html,False,,,,
IND034041,Uttar Pradesh,Kannauj,2016 - 2017,2016,2017,80792.0,332771.0,4.12,4120.0,Wheat,Rabi,DES APY Query Report,/Users/aaryan/Downloads/ugp/expansion_2010_workspace/data/yields/des_apy_wheat_rabi_2010_2022.html,False,,,,
IND034041,Uttar Pradesh,Kannauj,2017 - 2018,2017,2018,75546.0,342450.0,4.53,4530.0,Wheat,Rabi,DES APY Query Report,/Users/aaryan/Downloads/ugp/expansion_2010_workspace/data/yields/des_apy_wheat_rabi_2010_2022.html,False,,,,
IND034041,Uttar Pradesh,Kannauj,2018 - 2019,2018,2019,78024.0,358888.0,4.6,4600.0,Wheat,Rabi,DES APY Query Report,/Users/aaryan/Downloads/ugp/expansion_2010_workspace/data/yields/des_apy_wheat_rabi_2010_2022.html,False,,,,
IND034041,Uttar Pradesh,Kannauj,2019 - 2020,2019,2020,78249.0,348180.0,4.45,4450.0,Wheat,Rabi,DES APY Query Report,/Users/aaryan/Downloads/ugp/expansion_2010_workspace/data/yields/des_apy_wheat_rabi_2010_2022.html,False,,,,
IND034041,Uttar Pradesh,Kannauj,2020 - 2021,2020,2021,76169.0,315245.0,4.14,4140.0,Wheat,Rabi,DES APY Query Report,/Users/aaryan/Downloads/ugp/expansion_2010_workspace/data/yields/des_apy_wheat_rabi_2010_2022.html,False,,,,
IND034041,Uttar Pradesh,Kannauj,2021 - 2022,2021,2022,79473.0,306289.0,3.85,3850.0,Wheat,Rabi,DES APY Query Report,/Users/aaryan/Downloads/ugp/expansion_2010_workspace/data/yields/des_apy_wheat_rabi_2010_2022.html,False,,,,
IND034041,Uttar Pradesh,Kannauj,2022 - 2023,2022,2023,65342.0,260584.0,3.99,3990.0,Wheat,Rabi,DES APY Query Report,/Users/aaryan/Downloads/ugp/expansion_2010_workspace/data/yields/des_apy_wheat_rabi_2010_2022.html,False,,,,
IND034042,Uttar Pradesh,Kanpur,2010 - 2011,2010,2011,101518.0,353250.0,3.48,3480.0,Wheat,Rabi,DES APY Query Report,/Users/aaryan/Downloads/ugp/expansion_2010_workspace/data/yields/des_apy_wheat_rabi_2010_2022.html,False,,,,
IND034042,Uttar Pradesh,Kanpur,2011 - 2012,2011,2012,102955.0,356662.0,3.46,3460.0,Wheat,Rabi,DES APY Query Report,/Users/aaryan/Downloads/ugp/expansion_2010_workspace/data/yields/des_apy_wheat_rabi_2010_2022.html,False,,,,
IND034042,Uttar Pradesh,Kanpur,2012 - 2013,2012,2013,106886.0,380275.0,3.56,3560.0,Wheat,Rabi,DES APY Query Report,/Users/aaryan/Downloads/ugp/expansion_2010_workspace/data/yields/des_apy_wheat_rabi_2010_2022.html,False,,,,
IND034042,Uttar Pradesh,Kanpur,2013 - 2014,2013,2014,102821.0,395335.0,3.84,3840.0,Wheat,Rabi,DES APY Query Report,/Users/aaryan/Downloads/ugp/expansion_2010_workspace/data/yields/des_apy_wheat_rabi_2010_2022.html,False,,,,
IND034042,Uttar Pradesh,Kanpur,2014 - 2015,2014,2015,102753.0,155171.0,1.51,1510.0,Wheat,Rabi,DES APY Query Report,/Users/aaryan/Downloads/ugp/expansion_2010_workspace/data/yields/des_apy_wheat_rabi_2010_2022.html,False,,,,
IND034042,Uttar Pradesh,Kanpur,2015 - 2016,2015,2016,101576.0,215746.0,2.12,2120.0,Wheat,Rabi,DES APY Query Report,/Users/aaryan/Downloads/ugp/expansion_2010_workspace/data/yields/des_apy_wheat_rabi_2010_2022.html,False,,,,
IND034042,Uttar Pradesh,Kanpur,2016 - 2017,2016,2017,104388.0,424316.0,4.06,4059.9999999999995,Wheat,Rabi,DES APY Query Report,/Users/aaryan/Downloads/ugp/expansion_2010_workspace/data/yields/des_apy_wheat_rabi_2010_2022.html,False,,,,
IND034042,Uttar Pradesh,Kanpur,2017 - 2018,2017,2018,106047.0,408721.0,3.85,3850.0,Wheat,Rabi,DES APY Query Report,/Users/aaryan/Downloads/ugp/expansion_2010_workspace/data/yields/des_apy_wheat_rabi_2010_2022.html,False,,,,
IND034042,Uttar Pradesh,Kanpur,2018 - 2019,2018,2019,103752.0,432278.0,4.17,4170.0,Wheat,Rabi,DES APY Query Report,/Users/aaryan/Downloads/ugp/expansion_2010_workspace/data/yields/des_apy_wheat_rabi_2010_2022.html,False,,,,
IND034042,Uttar Pradesh,Kanpur,2019 - 2020,2019,2020,102937.0,418465.0,4.07,4070.0000000000005,Wheat,Rabi,DES APY Query Report,/Users/aaryan/Downloads/ugp/expansion_2010_workspace/data/yields/des_apy_wheat_rabi_2010_2022.html,False,,,,
IND034042,Uttar Pradesh,Kanpur,2020 - 2021,2020,2021,103150.0,407211.0,3.95,3950.0,Wheat,Rabi,DES APY Query Report,/Users/aaryan/Downloads/ugp/expansion_2010_workspace/data/yields/des_apy_wheat_rabi_2010_2022.html,False,,,,
IND034042,Uttar Pradesh,Kanpur,2021 - 2022,2021,2022,106742.0,371142.0,3.48,3480.0,Wheat,Rabi,DES APY Query Report,/Users/aaryan/Downloads/ugp/expansion_2010_workspace/data/yields/des_apy_wheat_rabi_2010_2022.html,False,,,,
IND034042,Uttar Pradesh,Kanpur,2022 - 2023,2022,2023,103833.0,407129.0,3.92,3920.0,Wheat,Rabi,DES APY Query Report,/Users/aaryan/Downloads/ugp/expansion_2010_workspace/data/yields/des_apy_wheat_rabi_2010_2022.html,False,,,,
IND034043,Uttar Pradesh,Kanpur Dehat,2010 - 2011,2010,2011,111495.0,435774.0,3.91,3910.0,Wheat,Rabi,DES APY Query Report,/Users/aaryan/Downloads/ugp/expansion_2010_workspace/data/yields/des_apy_wheat_rabi_2010_2022.html,False,,,,
IND034043,Uttar Pradesh,Kanpur Dehat,2011 - 2012,2011,2012,122856.0,486582.0,3.96,3960.0,Wheat,Rabi,DES APY Query Report,/Users/aaryan/Downloads/ugp/expansion_2010_workspace/data/yields/des_apy_wheat_rabi_2010_2022.html,False,,,,
IND034043,Uttar Pradesh,Kanpur Dehat,2012 - 2013,2012,2013,120580.0,435969.0,3.62,3620.0,Wheat,Rabi,DES APY Query Report,/Users/aaryan/Downloads/ugp/expansion_2010_workspace/data/yields/des_apy_wheat_rabi_2010_2022.html,False,,,,
IND034043,Uttar Pradesh,Kanpur Dehat,2013 - 2014,2013,2014,127503.0,457446.0,3.59,3590.0,Wheat,Rabi,DES APY Query Report,/Users/aaryan/Downloads/ugp/expansion_2010_workspace/data/yields/des_apy_wheat_rabi_2010_2022.html,False,,,,
IND034043,Uttar Pradesh,Kanpur Dehat,2014 - 2015,2014,2015,122103.0,203542.0,1.67,1670.0,Wheat,Rabi,DES APY Query Report,/Users/aaryan/Downloads/ugp/expansion_2010_workspace/data/yields/des_apy_wheat_rabi_2010_2022.html,False,,,,
IND034043,Uttar Pradesh,Kanpur Dehat,2015 - 2016,2015,2016,123990.0,373499.0,3.01,3010.0,Wheat,Rabi,DES APY Query Report,/Users/aaryan/Downloads/ugp/expansion_2010_workspace/data/yields/des_apy_wheat_rabi_2010_2022.html,False,,,,
IND034043,Uttar Pradesh,Kanpur Dehat,2016 - 2017,2016,2017,121200.0,556044.0,4.59,4590.0,Wheat,Rabi,DES APY Query Report,/Users/aaryan/Downloads/ugp/expansion_2010_workspace/data/yields/des_apy_wheat_rabi_2010_2022.html,False,,,,
IND034043,Uttar Pradesh,Kanpur Dehat,2017 - 2018,2017,2018,120743.0,517022.0,4.28,4280.0,Wheat,Rabi,DES APY Query Report,/Users/aaryan/Downloads/ugp/expansion_2010_workspace/data/yields/des_apy_wheat_rabi_2010_2022.html,False,,,,
IND034043,Uttar Pradesh,Kanpur Dehat,2018 - 2019,2018,2019,120774.0,535103.0,4.43,4430.0,Wheat,Rabi,DES APY Query Report,/Users/aaryan/Downloads/ugp/expansion_2010_workspace/data/yields/des_apy_wheat_rabi_2010_2022.html,False,,,,
IND034043,Uttar Pradesh,Kanpur Dehat,2019 - 2020,2019,2020,122451.0,520962.0,4.25,4250.0,Wheat,Rabi,DES APY Query Report,/Users/aaryan/Downloads/ugp/expansion_2010_workspace/data/yields/des_apy_wheat_rabi_2010_2022.html,False,,,,
IND034043,Uttar Pradesh,Kanpur Dehat,2020 - 2021,2020,2021,122414.0,498444.0,4.07,4070.0000000000005,Wheat,Rabi,DES APY Query Report,/Users/aaryan/Downloads/ugp/expansion_2010_workspace/data/yields/des_apy_wheat_rabi_2010_2022.html,False,,,,
IND034043,Uttar Pradesh,Kanpur Dehat,2021 - 2022,2021,2022,125428.0,475874.0,3.79,3790.0,Wheat,Rabi,DES APY Query Report,/Users/aaryan/Downloads/ugp/expansion_2010_workspace/data/yields/des_apy_wheat_rabi_2010_2022.html,False,,,,
IND034043,Uttar Pradesh,Kanpur Dehat,2022 - 2023,2022,2023,124650.0,503835.0,4.04,4040.0,Wheat,Rabi,DES APY Query Report,/Users/aaryan/Downloads/ugp/expansion_2010_workspace/data/yields/des_apy_wheat_rabi_2010_2022.html,False,,,,
IND034044,Uttar Pradesh,Kasganj,2010 - 2011,2010,2011,93870.0,319064.0,3.4,3400.0,Wheat,Rabi,DES APY Query Report,/Users/aaryan/Downloads/ugp/expansion_2010_workspace/data/yields/des_apy_wheat_rabi_2010_2022.html,False,,,,
IND034044,Uttar Pradesh,Kasganj,2011 - 2012,2011,2012,95125.0,345875.0,3.64,3640.0,Wheat,Rabi,DES APY Query Report,/Users/aaryan/Downloads/ugp/expansion_2010_workspace/data/yields/des_apy_wheat_rabi_2010_2022.html,False,,,,
IND034044,Uttar Pradesh,Kasganj,2012 - 2013,2012,2013,94210.0,320314.0,3.4,3400.0,Wheat,Rabi,DES APY Query Report,/Users/aaryan/Downloads/ugp/expansion_2010_workspace/data/yields/des_apy_wheat_rabi_2010_2022.html,False,,,,
IND034044,Uttar Pradesh,Kasganj,2013 - 2014,2013,2014,97331.0,342897.0,3.52,3520.0,Wheat,Rabi,DES APY Query Report,/Users/aaryan/Downloads/ugp/expansion_2010_workspace/data/yields/des_apy_wheat_rabi_2010_2022.html,False,,,,
IND034044,Uttar Pradesh,Kasganj,2014 - 2015,2014,2015,98653.0,229467.0,2.33,2330.0,Wheat,Rabi,DES APY Query Report,/Users/aaryan/Downloads/ugp/expansion_2010_workspace/data/yields/des_apy_wheat_rabi_2010_2022.html,False,,,,
IND034044,Uttar Pradesh,Kasganj,2015 - 2016,2015,2016,96881.0,298781.0,3.08,3080.0,Wheat,Rabi,DES APY Query Report,/Users/aaryan/Downloads/ugp/expansion_2010_workspace/data/yields/des_apy_wheat_rabi_2010_2022.html,False,,,,
IND034044,Uttar Pradesh,Kasganj,2016 - 2017,2016,2017,96241.0,357343.0,3.71,3710.0,Wheat,Rabi,DES APY Query Report,/Users/aaryan/Downloads/ugp/expansion_2010_workspace/data/yields/des_apy_wheat_rabi_2010_2022.html,False,,,,
IND034044,Uttar Pradesh,Kasganj,2017 - 2018,2017,2018,94430.0,375265.0,3.97,3970.0,Wheat,Rabi,DES APY Query Report,/Users/aaryan/Downloads/ugp/expansion_2010_workspace/data/yields/des_apy_wheat_rabi_2010_2022.html,False,,,,
IND034044,Uttar Pradesh,Kasganj,2018 - 2019,2018,2019,97339.0,415053.0,4.26,4260.0,Wheat,Rabi,DES APY Query Report,/Users/aaryan/Downloads/ugp/expansion_2010_workspace/data/yields/des_apy_wheat_rabi_2010_2022.html,False,,,,
IND034044,Uttar Pradesh,Kasganj,2019 - 2020,2019,2020,95297.0,373945.0,3.92,3920.0,Wheat,Rabi,DES APY Query Report,/Users/aaryan/Downloads/ugp/expansion_2010_workspace/data/yields/des_apy_wheat_rabi_2010_2022.html,False,,,,
IND034044,Uttar Pradesh,Kasganj,2020 - 2021,2020,2021,94618.0,360021.0,3.8,3800.0,Wheat,Rabi,DES APY Query Report,/Users/aaryan/Downloads/ugp/expansion_2010_workspace/data/yields/des_apy_wheat_rabi_2010_2022.html,False,,,,
IND034044,Uttar Pradesh,Kasganj,2021 - 2022,2021,2022,96900.0,379170.0,3.91,3910.0,Wheat,Rabi,DES APY Query Report,/Users/aaryan/Downloads/ugp/expansion_2010_workspace/data/yields/des_apy_wheat_rabi_2010_2022.html,False,,,,
IND034044,Uttar Pradesh,Kasganj,2022 - 2023,2022,2023,98291.0,407121.0,4.14,4140.0,Wheat,Rabi,DES APY Query Report,/Users/aaryan/Downloads/ugp/expansion_2010_workspace/data/yields/des_apy_wheat_rabi_2010_2022.html,False,,,,
IND034045,Uttar Pradesh,Kaushambi,2010 - 2011,2010,2011,71572.0,192775.0,2.69,2690.0,Wheat,Rabi,DES APY Query Report,/Users/aaryan/Downloads/ugp/expansion_2010_workspace/data/yields/des_apy_wheat_rabi_2010_2022.html,False,,,,
IND034045,Uttar Pradesh,Kaushambi,2011 - 2012,2011,2012,72593.0,209721.0,2.89,2890.0,Wheat,Rabi,DES APY Query Report,/Users/aaryan/Downloads/ugp/expansion_2010_workspace/data/yields/des_apy_wheat_rabi_2010_2022.html,False,,,,
IND034045,Uttar Pradesh,Kaushambi,2012 - 2013,2012,2013,75647.0,219631.0,2.9,2900.0,Wheat,Rabi,DES APY Query Report,/Users/aaryan/Downloads/ugp/expansion_2010_workspace/data/yields/des_apy_wheat_rabi_2010_2022.html,False,,,,
IND034045,Uttar Pradesh,Kaushambi,2013 - 2014,2013,2014,66491.0,161600.0,2.43,2430.0,Wheat,Rabi,DES APY Query Report,/Users/aaryan/Downloads/ugp/expansion_2010_workspace/data/yields/des_apy_wheat_rabi_2010_2022.html,False,,,,
IND034045,Uttar Pradesh,Kaushambi,2014 - 2015,2014,2015,70882.0,108449.0,1.53,1530.0,Wheat,Rabi,DES APY Query Report,/Users/aaryan/Downloads/ugp/expansion_2010_workspace/data/yields/des_apy_wheat_rabi_2010_2022.html,False,,,,
IND034045,Uttar Pradesh,Kaushambi,2015 - 2016,2015,2016,74280.0,161633.0,2.18,2180.0,Wheat,Rabi,DES APY Query Report,/Users/aaryan/Downloads/ugp/expansion_2010_workspace/data/yields/des_apy_wheat_rabi_2010_2022.html,False,,,,
IND034045,Uttar Pradesh,Kaushambi,2016 - 2017,2016,2017,74995.0,246377.0,3.29,3290.0,Wheat,Rabi,DES APY Query Report,/Users/aaryan/Downloads/ugp/expansion_2010_workspace/data/yields/des_apy_wheat_rabi_2010_2022.html,False,,,,
IND034045,Uttar Pradesh,Kaushambi,2017 - 2018,2017,2018,72909.0,231194.0,3.17,3170.0,Wheat,Rabi,DES APY Query Report,/Users/aaryan/Downloads/ugp/expansion_2010_workspace/data/yields/des_apy_wheat_rabi_2010_2022.html,False,,,,
IND034045,Uttar Pradesh,Kaushambi,2018 - 2019,2018,2019,77095.0,269358.0,3.49,3490.0,Wheat,Rabi,DES APY Query Report,/Users/aaryan/Downloads/ugp/expansion_2010_workspace/data/yields/des_apy_wheat_rabi_2010_2022.html,False,,,,
IND034045,Uttar Pradesh,Kaushambi,2019 - 2020,2019,2020,73961.0,230766.0,3.12,3120.0,Wheat,Rabi,DES APY Query Report,/Users/aaryan/Downloads/ugp/expansion_2010_workspace/data/yields/des_apy_wheat_rabi_2010_2022.html,False,,,,
IND034045,Uttar Pradesh,Kaushambi,2020 - 2021,2020,2021,75587.0,249908.0,3.31,3310.0,Wheat,Rabi,DES APY Query Report,/Users/aaryan/Downloads/ugp/expansion_2010_workspace/data/yields/des_apy_wheat_rabi_2010_2022.html,False,,,,
IND034045,Uttar Pradesh,Kaushambi,2021 - 2022,2021,2022,77760.0,261274.0,3.36,3360.0,Wheat,Rabi,DES APY Query Report,/Users/aaryan/Downloads/ugp/expansion_2010_workspace/data/yields/des_apy_wheat_rabi_2010_2022.html,False,,,,
IND034045,Uttar Pradesh,Kaushambi,2022 - 2023,2022,2023,79617.0,290682.0,3.65,3650.0,Wheat,Rabi,DES APY Query Report,/Users/aaryan/Downloads/ugp/expansion_2010_workspace/data/yields/des_apy_wheat_rabi_2010_2022.html,False,,,,
IND034046,Uttar Pradesh,Kushinagar,2010 - 2011,2010,2011,119090.0,345837.0,2.9,2900.0,Wheat,Rabi,DES APY Query Report,/Users/aaryan/Downloads/ugp/expansion_2010_workspace/data/yields/des_apy_wheat_rabi_2010_2022.html,False,,,,
IND034046,Uttar Pradesh,Kushinagar,2011 - 2012,2011,2012,113535.0,342535.0,3.02,3020.0,Wheat,Rabi,DES APY Query Report,/Users/aaryan/Downloads/ugp/expansion_2010_workspace/data/yields/des_apy_wheat_rabi_2010_2022.html,False,,,,
IND034046,Uttar Pradesh,Kushinagar,2012 - 2013,2012,2013,113917.0,330929.0,2.91,2910.0,Wheat,Rabi,DES APY Query Report,/Users/aaryan/Downloads/ugp/expansion_2010_workspace/data/yields/des_apy_wheat_rabi_2010_2022.html,False,,,,
IND034046,Uttar Pradesh,Kushinagar,2013 - 2014,2013,2014,115703.0,351737.0,3.04,3040.0,Wheat,Rabi,DES APY Query Report,/Users/aaryan/Downloads/ugp/expansion_2010_workspace/data/yields/des_apy_wheat_rabi_2010_2022.html,False,,,,
IND034046,Uttar Pradesh,Kushinagar,2014 - 2015,2014,2015,116559.0,193954.0,1.66,1660.0,Wheat,Rabi,DES APY Query Report,/Users/aaryan/Downloads/ugp/expansion_2010_workspace/data/yields/des_apy_wheat_rabi_2010_2022.html,False,,,,
IND034046,Uttar Pradesh,Kushinagar,2015 - 2016,2015,2016,117350.0,274130.0,2.34,2340.0,Wheat,Rabi,DES APY Query Report,/Users/aaryan/Downloads/ugp/expansion_2010_workspace/data/yields/des_apy_wheat_rabi_2010_2022.html,False,,,,
IND034046,Uttar Pradesh,Kushinagar,2016 - 2017,2016,2017,117710.0,351011.0,2.98,2980.0,Wheat,Rabi,DES APY Query Report,/Users/aaryan/Downloads/ugp/expansion_2010_workspace/data/yields/des_apy_wheat_rabi_2010_2022.html,False,,,,
IND034046,Uttar Pradesh,Kushinagar,2017 - 2018,2017,2018,117733.0,412419.0,3.5,3500.0,Wheat,Rabi,DES APY Query Report,/Users/aaryan/Downloads/ugp/expansion_2010_workspace/data/yields/des_apy_wheat_rabi_2010_2022.html,False,,,,
IND034046,Uttar Pradesh,Kushinagar,2018 - 2019,2018,2019,120236.0,383914.0,3.19,3190.0,Wheat,Rabi,DES APY Query Report,/Users/aaryan/Downloads/ugp/expansion_2010_workspace/data/yields/des_apy_wheat_rabi_2010_2022.html,False,,,,
IND034046,Uttar Pradesh,Kushinagar,2019 - 2020,2019,2020,119461.0,441528.0,3.7,3700.0,Wheat,Rabi,DES APY Query Report,/Users/aaryan/Downloads/ugp/expansion_2010_workspace/data/yields/des_apy_wheat_rabi_2010_2022.html,False,,,,
IND034046,Uttar Pradesh,Kushinagar,2020 - 2021,2020,2021,118046.0,441846.0,3.74,3740.0,Wheat,Rabi,DES APY Query Report,/Users/aaryan/Downloads/ugp/expansion_2010_workspace/data/yields/des_apy_wheat_rabi_2010_2022.html,False,,,,
IND034046,Uttar Pradesh,Kushinagar,2021 - 2022,2021,2022,121457.0,457043.0,3.76,3760.0,Wheat,Rabi,DES APY Query Report,/Users/aaryan/Downloads/ugp/expansion_2010_workspace/data/yields/des_apy_wheat_rabi_2010_2022.html,False,,,,
IND034046,Uttar Pradesh,Kushinagar,2022 - 2023,2022,2023,121800.0,450295.0,3.7,3700.0,Wheat,Rabi,DES APY Query Report,/Users/aaryan/Downloads/ugp/expansion_2010_workspace/data/yields/des_apy_wheat_rabi_2010_2022.html,False,,,,
IND034047,Uttar Pradesh,Lakhimpur Kheri,2010 - 2011,2010,2011,191001.0,652077.0,3.41,3410.0,Wheat,Rabi,DES APY Query Report,/Users/aaryan/Downloads/ugp/expansion_2010_workspace/data/yields/des_apy_wheat_rabi_2010_2022.html,False,,,,
IND034047,Uttar Pradesh,Lakhimpur Kheri,2011 - 2012,2011,2012,197303.0,671817.0,3.41,3410.0,Wheat,Rabi,DES APY Query Report,/Users/aaryan/Downloads/ugp/expansion_2010_workspace/data/yields/des_apy_wheat_rabi_2010_2022.html,False,,,,
IND034047,Uttar Pradesh,Lakhimpur Kheri,2012 - 2013,2012,2013,183938.0,640472.0,3.48,3480.0,Wheat,Rabi,DES APY Query Report,/Users/aaryan/Downloads/ugp/expansion_2010_workspace/data/yields/des_apy_wheat_rabi_2010_2022.html,False,,,,
IND034047,Uttar Pradesh,Lakhimpur Kheri,2013 - 2014,2013,2014,195575.0,705439.0,3.61,3610.0,Wheat,Rabi,DES APY Query Report,/Users/aaryan/Downloads/ugp/expansion_2010_workspace/data/yields/des_apy_wheat_rabi_2010_2022.html,False,,,,
IND034047,Uttar Pradesh,Lakhimpur Kheri,2014 - 2015,2014,2015,185828.0,498172.0,2.68,2680.0,Wheat,Rabi,DES APY Query Report,/Users/aaryan/Downloads/ugp/expansion_2010_workspace/data/yields/des_apy_wheat_rabi_2010_2022.html,False,,,,
IND034047,Uttar Pradesh,Lakhimpur Kheri,2015 - 2016,2015,2016,176599.0,599200.0,3.39,3390.0,Wheat,Rabi,DES APY Query Report,/Users/aaryan/Downloads/ugp/expansion_2010_workspace/data/yields/des_apy_wheat_rabi_2010_2022.html,False,,,,
IND034047,Uttar Pradesh,Lakhimpur Kheri,2016 - 2017,2016,2017,192359.0,727502.0,3.78,3780.0,Wheat,Rabi,DES APY Query Report,/Users/aaryan/Downloads/ugp/expansion_2010_workspace/data/yields/des_apy_wheat_rabi_2010_2022.html,False,,,,
IND034047,Uttar Pradesh,Lakhimpur Kheri,2017 - 2018,2017,2018,188602.0,775531.0,4.11,4110.0,Wheat,Rabi,DES APY Query Report,/Users/aaryan/Downloads/ugp/expansion_2010_workspace/data/yields/des_apy_wheat_rabi_2010_2022.html,False,,,,
IND034047,Uttar Pradesh,Lakhimpur Kheri,2018 - 2019,2018,2019,198051.0,841915.0,4.25,4250.0,Wheat,Rabi,DES APY Query Report,/Users/aaryan/Downloads/ugp/expansion_2010_workspace/data/yields/des_apy_wheat_rabi_2010_2022.html,False,,,,
IND034047,Uttar Pradesh,Lakhimpur Kheri,2019 - 2020,2019,2020,195264.0,826357.0,4.23,4230.0,Wheat,Rabi,DES APY Query Report,/Users/aaryan/Downloads/ugp/expansion_2010_workspace/data/yields/des_apy_wheat_rabi_2010_2022.html,False,,,,
IND034047,Uttar Pradesh,Lakhimpur Kheri,2020 - 2021,2020,2021,195061.0,802091.0,4.11,4110.0,Wheat,Rabi,DES APY Query Report,/Users/aaryan/Downloads/ugp/expansion_2010_workspace/data/yields/des_apy_wheat_rabi_2010_2022.html,False,,,,
IND034047,Uttar Pradesh,Lakhimpur Kheri,2021 - 2022,2021,2022,202178.0,827717.0,4.09,4090.0,Wheat,Rabi,DES APY Query Report,/Users/aaryan/Downloads/ugp/expansion_2010_workspace/data/yields/des_apy_wheat_rabi_2010_2022.html,False,,,,
IND034047,Uttar Pradesh,Lakhimpur Kheri,2022 - 2023,2022,2023,193565.0,798068.0,4.12,4120.0,Wheat,Rabi,DES APY Query Report,/Users/aaryan/Downloads/ugp/expansion_2010_workspace/data/yields/des_apy_wheat_rabi_2010_2022.html,False,,,,
IND034048,Uttar Pradesh,Lalitpur,2010 - 2011,2010,2011,125595.0,295996.0,2.36,2360.0,Wheat,Rabi,DES APY Query Report,/Users/aaryan/Downloads/ugp/expansion_2010_workspace/data/yields/des_apy_wheat_rabi_2010_2022.html,False,,,,
IND034048,Uttar Pradesh,Lalitpur,2011 - 2012,2011,2012,162594.0,423557.0,2.6,2600.0,Wheat,Rabi,DES APY Query Report,/Users/aaryan/Downloads/ugp/expansion_2010_workspace/data/yields/des_apy_wheat_rabi_2010_2022.html,False,,,,
IND034048,Uttar Pradesh,Lalitpur,2012 - 2013,2012,2013,163229.0,437611.0,2.68,2680.0,Wheat,Rabi,DES APY Query Report,/Users/aaryan/Downloads/ugp/expansion_2010_workspace/data/yields/des_apy_wheat_rabi_2010_2022.html,False,,,,
IND034048,Uttar Pradesh,Lalitpur,2013 - 2014,2013,2014,178578.0,372871.0,2.09,2090.0,Wheat,Rabi,DES APY Query Report,/Users/aaryan/Downloads/ugp/expansion_2010_workspace/data/yields/des_apy_wheat_rabi_2010_2022.html,False,,,,
IND034048,Uttar Pradesh,Lalitpur,2014 - 2015,2014,2015,173401.0,367957.0,2.12,2120.0,Wheat,Rabi,DES APY Query Report,/Users/aaryan/Downloads/ugp/expansion_2010_workspace/data/yields/des_apy_wheat_rabi_2010_2022.html,False,,,,
IND034048,Uttar Pradesh,Lalitpur,2015 - 2016,2015,2016,141798.0,246445.0,1.74,1740.0,Wheat,Rabi,DES APY Query Report,/Users/aaryan/Downloads/ugp/expansion_2010_workspace/data/yields/des_apy_wheat_rabi_2010_2022.html,False,,,,
IND034048,Uttar Pradesh,Lalitpur,2016 - 2017,2016,2017,171453.0,525509.0,3.07,3070.0,Wheat,Rabi,DES APY Query Report,/Users/aaryan/Downloads/ugp/expansion_2010_workspace/data/yields/des_apy_wheat_rabi_2010_2022.html,False,,,,
IND034048,Uttar Pradesh,Lalitpur,2017 - 2018,2017,2018,152659.0,424392.0,2.78,2780.0,Wheat,Rabi,DES APY Query Report,/Users/aaryan/Downloads/ugp/expansion_2010_workspace/data/yields/des_apy_wheat_rabi_2010_2022.html,False,,,,
IND034048,Uttar Pradesh,Lalitpur,2018 - 2019,2018,2019,188237.0,642076.0,3.41,3410.0,Wheat,Rabi,DES APY Query Report,/Users/aaryan/Downloads/ugp/expansion_2010_workspace/data/yields/des_apy_wheat_rabi_2010_2022.html,False,,,,
IND034048,Uttar Pradesh,Lalitpur,2019 - 2020,2019,2020,171271.0,548410.0,3.2,3200.0,Wheat,Rabi,DES APY Query Report,/Users/aaryan/Downloads/ugp/expansion_2010_workspace/data/yields/des_apy_wheat_rabi_2010_2022.html,False,,,,
IND034048,Uttar Pradesh,Lalitpur,2020 - 2021,2020,2021,171453.0,535282.0,3.12,3120.0,Wheat,Rabi,DES APY Query Report,/Users/aaryan/Downloads/ugp/expansion_2010_workspace/data/yields/des_apy_wheat_rabi_2010_2022.html,False,,,,
IND034048,Uttar Pradesh,Lalitpur,2021 - 2022,2021,2022,171462.0,620521.0,3.62,3620.0,Wheat,Rabi,DES APY Query Report,/Users/aaryan/Downloads/ugp/expansion_2010_workspace/data/yields/des_apy_wheat_rabi_2010_2022.html,False,,,,
IND034048,Uttar Pradesh,Lalitpur,2022 - 2023,2022,2023,170854.0,623617.0,3.65,3650.0,Wheat,Rabi,DES APY Query Report,/Users/aaryan/Downloads/ugp/expansion_2010_workspace/data/yields/des_apy_wheat_rabi_2010_2022.html,False,,,,
IND034049,Uttar Pradesh,Lucknow,2010 - 2011,2010,2011,83618.0,236473.0,2.83,2830.0,Wheat,Rabi,DES APY Query Report,/Users/aaryan/Downloads/ugp/expansion_2010_workspace/data/yields/des_apy_wheat_rabi_2010_2022.html,False,,,,
IND034049,Uttar Pradesh,Lucknow,2011 - 2012,2011,2012,82274.0,222469.0,2.7,2700.0,Wheat,Rabi,DES APY Query Report,/Users/aaryan/Downloads/ugp/expansion_2010_workspace/data/yields/des_apy_wheat_rabi_2010_2022.html,False,,,,
IND034049,Uttar Pradesh,Lucknow,2012 - 2013,2012,2013,83388.0,239490.0,2.87,2870.0,Wheat,Rabi,DES APY Query Report,/Users/aaryan/Downloads/ugp/expansion_2010_workspace/data/yields/des_apy_wheat_rabi_2010_2022.html,False,,,,
IND034049,Uttar Pradesh,Lucknow,2013 - 2014,2013,2014,81363.0,241811.0,2.97,2970.0,Wheat,Rabi,DES APY Query Report,/Users/aaryan/Downloads/ugp/expansion_2010_workspace/data/yields/des_apy_wheat_rabi_2010_2022.html,False,,,,
IND034049,Uttar Pradesh,Lucknow,2014 - 2015,2014,2015,79315.0,144512.0,1.82,1820.0,Wheat,Rabi,DES APY Query Report,/Users/aaryan/Downloads/ugp/expansion_2010_workspace/data/yields/des_apy_wheat_rabi_2010_2022.html,False,,,,
IND034049,Uttar Pradesh,Lucknow,2015 - 2016,2015,2016,78645.0,176399.0,2.24,2240.0,Wheat,Rabi,DES APY Query Report,/Users/aaryan/Downloads/ugp/expansion_2010_workspace/data/yields/des_apy_wheat_rabi_2010_2022.html,False,,,,
IND034049,Uttar Pradesh,Lucknow,2016 - 2017,2016,2017,80518.0,228832.0,2.84,2840.0,Wheat,Rabi,DES APY Query Report,/Users/aaryan/Downloads/ugp/expansion_2010_workspace/data/yields/des_apy_wheat_rabi_2010_2022.html,False,,,,
IND034049,Uttar Pradesh,Lucknow,2017 - 2018,2017,2018,81589.0,266225.0,3.26,3260.0,Wheat,Rabi,DES APY Query Report,/Users/aaryan/Downloads/ugp/expansion_2010_workspace/data/yields/des_apy_wheat_rabi_2010_2022.html,False,,,,
IND034049,Uttar Pradesh,Lucknow,2018 - 2019,2018,2019,78962.0,284658.0,3.6,3600.0,Wheat,Rabi,DES APY Query Report,/Users/aaryan/Downloads/ugp/expansion_2010_workspace/data/yields/des_apy_wheat_rabi_2010_2022.html,False,,,,
IND034049,Uttar Pradesh,Lucknow,2019 - 2020,2019,2020,83026.0,257381.0,3.1,3100.0,Wheat,Rabi,DES APY Query Report,/Users/aaryan/Downloads/ugp/expansion_2010_workspace/data/yields/des_apy_wheat_rabi_2010_2022.html,False,,,,
IND034049,Uttar Pradesh,Lucknow,2020 - 2021,2020,2021,81162.0,275302.0,3.39,3390.0,Wheat,Rabi,DES APY Query Report,/Users/aaryan/Downloads/ugp/expansion_2010_workspace/data/yields/des_apy_wheat_rabi_2010_2022.html,False,,,,
IND034049,Uttar Pradesh,Lucknow,2021 - 2022,2021,2022,85202.0,301700.0,3.54,3540.0,Wheat,Rabi,DES APY Query Report,/Users/aaryan/Downloads/ugp/expansion_2010_workspace/data/yields/des_apy_wheat_rabi_2010_2022.html,False,,,,
IND034049,Uttar Pradesh,Lucknow,2022 - 2023,2022,2023,80965.0,283216.0,3.5,3500.0,Wheat,Rabi,DES APY Query Report,/Users/aaryan/Downloads/ugp/expansion_2010_workspace/data/yields/des_apy_wheat_rabi_2010_2022.html,False,,,,
IND034050,Uttar Pradesh,Maharajganj,2010 - 2011,2010,2011,150724.0,479001.0,3.18,3180.0,Wheat,Rabi,DES APY Query Report,/Users/aaryan/Downloads/ugp/expansion_2010_workspace/data/yields/des_apy_wheat_rabi_2010_2022.html,False,,,,
IND034050,Uttar Pradesh,Maharajganj,2011 - 2012,2011,2012,149390.0,490896.0,3.29,3290.0,Wheat,Rabi,DES APY Query Report,/Users/aaryan/Downloads/ugp/expansion_2010_workspace/data/yields/des_apy_wheat_rabi_2010_2022.html,False,,,,
IND034050,Uttar Pradesh,Maharajganj,2012 - 2013,2012,2013,154351.0,510902.0,3.31,3310.0,Wheat,Rabi,DES APY Query Report,/Users/aaryan/Downloads/ugp/expansion_2010_workspace/data/yields/des_apy_wheat_rabi_2010_2022.html,False,,,,
IND034050,Uttar Pradesh,Maharajganj,2013 - 2014,2013,2014,148850.0,500136.0,3.36,3360.0,Wheat,Rabi,DES APY Query Report,/Users/aaryan/Downloads/ugp/expansion_2010_workspace/data/yields/des_apy_wheat_rabi_2010_2022.html,False,,,,
IND034050,Uttar Pradesh,Maharajganj,2014 - 2015,2014,2015,152333.0,361486.0,2.37,2370.0,Wheat,Rabi,DES APY Query Report,/Users/aaryan/Downloads/ugp/expansion_2010_workspace/data/yields/des_apy_wheat_rabi_2010_2022.html,False,,,,
IND034050,Uttar Pradesh,Maharajganj,2015 - 2016,2015,2016,153291.0,459260.0,3.0,3000.0,Wheat,Rabi,DES APY Query Report,/Users/aaryan/Downloads/ugp/expansion_2010_workspace/data/yields/des_apy_wheat_rabi_2010_2022.html,False,,,,
IND034050,Uttar Pradesh,Maharajganj,2016 - 2017,2016,2017,148918.0,525383.0,3.53,3530.0,Wheat,Rabi,DES APY Query Report,/Users/aaryan/Downloads/ugp/expansion_2010_workspace/data/yields/des_apy_wheat_rabi_2010_2022.html,False,,,,
IND034050,Uttar Pradesh,Maharajganj,2017 - 2018,2017,2018,145443.0,515741.0,3.55,3550.0,Wheat,Rabi,DES APY Query Report,/Users/aaryan/Downloads/ugp/expansion_2010_workspace/data/yields/des_apy_wheat_rabi_2010_2022.html,False,,,,
IND034050,Uttar Pradesh,Maharajganj,2018 - 2019,2018,2019,147751.0,610212.0,4.13,4130.0,Wheat,Rabi,DES APY Query Report,/Users/aaryan/Downloads/ugp/expansion_2010_workspace/data/yields/des_apy_wheat_rabi_2010_2022.html,False,,,,
IND034050,Uttar Pradesh,Maharajganj,2019 - 2020,2019,2020,148985.0,600708.0,4.03,4030.0000000000005,Wheat,Rabi,DES APY Query Report,/Users/aaryan/Downloads/ugp/expansion_2010_workspace/data/yields/des_apy_wheat_rabi_2010_2022.html,False,,,,
IND034050,Uttar Pradesh,Maharajganj,2020 - 2021,2020,2021,149744.0,560791.0,3.74,3740.0,Wheat,Rabi,DES APY Query Report,/Users/aaryan/Downloads/ugp/expansion_2010_workspace/data/yields/des_apy_wheat_rabi_2010_2022.html,False,,,,
IND034050,Uttar Pradesh,Maharajganj,2021 - 2022,2021,2022,155147.0,551392.0,3.55,3550.0,Wheat,Rabi,DES APY Query Report,/Users/aaryan/Downloads/ugp/expansion_2010_workspace/data/yields/des_apy_wheat_rabi_2010_2022.html,False,,,,
IND034050,Uttar Pradesh,Maharajganj,2022 - 2023,2022,2023,148897.0,550174.0,3.69,3690.0,Wheat,Rabi,DES APY Query Report,/Users/aaryan/Downloads/ugp/expansion_2010_workspace/data/yields/des_apy_wheat_rabi_2010_2022.html,False,,,,
IND034051,Uttar Pradesh,Mahoba,2010 - 2011,2010,2011,62202.0,76976.0,1.24,1240.0,Wheat,Rabi,DES APY Query Report,/Users/aaryan/Downloads/ugp/expansion_2010_workspace/data/yields/des_apy_wheat_rabi_2010_2022.html,False,,,,
IND034051,Uttar Pradesh,Mahoba,2011 - 2012,2011,2012,62984.0,116023.0,1.84,1840.0,Wheat,Rabi,DES APY Query Report,/Users/aaryan/Downloads/ugp/expansion_2010_workspace/data/yields/des_apy_wheat_rabi_2010_2022.html,False,,,,
IND034051,Uttar Pradesh,Mahoba,2012 - 2013,2012,2013,71221.0,140868.0,1.98,1980.0,Wheat,Rabi,DES APY Query Report,/Users/aaryan/Downloads/ugp/expansion_2010_workspace/data/yields/des_apy_wheat_rabi_2010_2022.html,False,,,,
IND034051,Uttar Pradesh,Mahoba,2013 - 2014,2013,2014,74888.0,129180.0,1.72,1720.0,Wheat,Rabi,DES APY Query Report,/Users/aaryan/Downloads/ugp/expansion_2010_workspace/data/yields/des_apy_wheat_rabi_2010_2022.html,False,,,,
IND034051,Uttar Pradesh,Mahoba,2014 - 2015,2014,2015,69598.0,67961.0,0.98,980.0,Wheat,Rabi,DES APY Query Report,/Users/aaryan/Downloads/ugp/expansion_2010_workspace/data/yields/des_apy_wheat_rabi_2010_2022.html,False,,,,
IND034051,Uttar Pradesh,Mahoba,2015 - 2016,2015,2016,23623.0,18593.0,0.79,790.0,Wheat,Rabi,DES APY Query Report,/Users/aaryan/Downloads/ugp/expansion_2010_workspace/data/yields/des_apy_wheat_rabi_2010_2022.html,False,,,,
IND034051,Uttar Pradesh,Mahoba,2016 - 2017,2016,2017,74140.0,187505.0,2.53,2530.0,Wheat,Rabi,DES APY Query Report,/Users/aaryan/Downloads/ugp/expansion_2010_workspace/data/yields/des_apy_wheat_rabi_2010_2022.html,False,,,,
IND034051,Uttar Pradesh,Mahoba,2017 - 2018,2017,2018,48394.0,86668.0,1.79,1790.0,Wheat,Rabi,DES APY Query Report,/Users/aaryan/Downloads/ugp/expansion_2010_workspace/data/yields/des_apy_wheat_rabi_2010_2022.html,False,,,,
IND034051,Uttar Pradesh,Mahoba,2018 - 2019,2018,2019,81887.0,230571.0,2.82,2820.0,Wheat,Rabi,DES APY Query Report,/Users/aaryan/Downloads/ugp/expansion_2010_workspace/data/yields/des_apy_wheat_rabi_2010_2022.html,False,,,,
IND034051,Uttar Pradesh,Mahoba,2019 - 2020,2019,2020,84331.0,242804.0,2.88,2880.0,Wheat,Rabi,DES APY Query Report,/Users/aaryan/Downloads/ugp/expansion_2010_workspace/data/yields/des_apy_wheat_rabi_2010_2022.html,False,,,,
IND034051,Uttar Pradesh,Mahoba,2020 - 2021,2020,2021,71779.0,194394.0,2.71,2710.0,Wheat,Rabi,DES APY Query Report,/Users/aaryan/Downloads/ugp/expansion_2010_workspace/data/yields/des_apy_wheat_rabi_2010_2022.html,False,,,,
IND034051,Uttar Pradesh,Mahoba,2021 - 2022,2021,2022,79923.0,227061.0,2.84,2840.0,Wheat,Rabi,DES APY Query Report,/Users/aaryan/Downloads/ugp/expansion_2010_workspace/data/yields/des_apy_wheat_rabi_2010_2022.html,False,,,,
IND034051,Uttar Pradesh,Mahoba,2022 - 2023,2022,2023,78392.0,308864.0,3.94,3940.0,Wheat,Rabi,DES APY Query Report,/Users/aaryan/Downloads/ugp/expansion_2010_workspace/data/yields/des_apy_wheat_rabi_2010_2022.html,False,,,,
IND034052,Uttar Pradesh,Mainpuri,2010 - 2011,2010,2011,160611.0,559880.0,3.49,3490.0,Wheat,Rabi,DES APY Query Report,/Users/aaryan/Downloads/ugp/expansion_2010_workspace/data/yields/des_apy_wheat_rabi_2010_2022.html,False,,,,
IND034052,Uttar Pradesh,Mainpuri,2011 - 2012,2011,2012,161486.0,603796.0,3.74,3740.0,Wheat,Rabi,DES APY Query Report,/Users/aaryan/Downloads/ugp/expansion_2010_workspace/data/yields/des_apy_wheat_rabi_2010_2022.html,False,,,,
IND034052,Uttar Pradesh,Mainpuri,2012 - 2013,2012,2013,152558.0,548751.0,3.6,3600.0,Wheat,Rabi,DES APY Query Report,/Users/aaryan/Downloads/ugp/expansion_2010_workspace/data/yields/des_apy_wheat_rabi_2010_2022.html,False,,,,
IND034052,Uttar Pradesh,Mainpuri,2013 - 2014,2013,2014,153478.0,581375.0,3.79,3790.0,Wheat,Rabi,DES APY Query Report,/Users/aaryan/Downloads/ugp/expansion_2010_workspace/data/yields/des_apy_wheat_rabi_2010_2022.html,False,,,,
IND034052,Uttar Pradesh,Mainpuri,2014 - 2015,2014,2015,149855.0,349312.0,2.33,2330.0,Wheat,Rabi,DES APY Query Report,/Users/aaryan/Downloads/ugp/expansion_2010_workspace/data/yields/des_apy_wheat_rabi_2010_2022.html,False,,,,
IND034052,Uttar Pradesh,Mainpuri,2015 - 2016,2015,2016,161770.0,539018.0,3.33,3330.0,Wheat,Rabi,DES APY Query Report,/Users/aaryan/Downloads/ugp/expansion_2010_workspace/data/yields/des_apy_wheat_rabi_2010_2022.html,False,,,,
IND034052,Uttar Pradesh,Mainpuri,2016 - 2017,2016,2017,149633.0,600776.0,4.01,4010.0,Wheat,Rabi,DES APY Query Report,/Users/aaryan/Downloads/ugp/expansion_2010_workspace/data/yields/des_apy_wheat_rabi_2010_2022.html,False,,,,
IND034052,Uttar Pradesh,Mainpuri,2017 - 2018,2017,2018,150750.0,666014.0,4.42,4420.0,Wheat,Rabi,DES APY Query Report,/Users/aaryan/Downloads/ugp/expansion_2010_workspace/data/yields/des_apy_wheat_rabi_2010_2022.html,False,,,,
IND034052,Uttar Pradesh,Mainpuri,2018 - 2019,2018,2019,152866.0,678878.0,4.44,4440.0,Wheat,Rabi,DES APY Query Report,/Users/aaryan/Downloads/ugp/expansion_2010_workspace/data/yields/des_apy_wheat_rabi_2010_2022.html,False,,,,
IND034052,Uttar Pradesh,Mainpuri,2019 - 2020,2019,2020,150224.0,635448.0,4.23,4230.0,Wheat,Rabi,DES APY Query Report,/Users/aaryan/Downloads/ugp/expansion_2010_workspace/data/yields/des_apy_wheat_rabi_2010_2022.html,False,,,,
IND034052,Uttar Pradesh,Mainpuri,2020 - 2021,2020,2021,150115.0,637839.0,4.25,4250.0,Wheat,Rabi,DES APY Query Report,/Users/aaryan/Downloads/ugp/expansion_2010_workspace/data/yields/des_apy_wheat_rabi_2010_2022.html,False,,,,
IND034052,Uttar Pradesh,Mainpuri,2021 - 2022,2021,2022,156761.0,604627.0,3.86,3860.0,Wheat,Rabi,DES APY Query Report,/Users/aaryan/Downloads/ugp/expansion_2010_workspace/data/yields/des_apy_wheat_rabi_2010_2022.html,False,,,,
IND034052,Uttar Pradesh,Mainpuri,2022 - 2023,2022,2023,149897.0,601087.0,4.01,4010.0,Wheat,Rabi,DES APY Query Report,/Users/aaryan/Downloads/ugp/expansion_2010_workspace/data/yields/des_apy_wheat_rabi_2010_2022.html,False,,,,
IND034053,Uttar Pradesh,Mathura,2010 - 2011,2010,2011,192631.0,722174.0,3.75,3750.0,Wheat,Rabi,DES APY Query Report,/Users/aaryan/Downloads/ugp/expansion_2010_workspace/data/yields/des_apy_wheat_rabi_2010_2022.html,False,,,,
IND034053,Uttar Pradesh,Mathura,2011 - 2012,2011,2012,193061.0,712202.0,3.69,3690.0,Wheat,Rabi,DES APY Query Report,/Users/aaryan/Downloads/ugp/expansion_2010_workspace/data/yields/des_apy_wheat_rabi_2010_2022.html,False,,,,
IND034053,Uttar Pradesh,Mathura,2012 - 2013,2012,2013,196974.0,735895.0,3.74,3740.0,Wheat,Rabi,DES APY Query Report,/Users/aaryan/Downloads/ugp/expansion_2010_workspace/data/yields/des_apy_wheat_rabi_2010_2022.html,False,,,,
IND034053,Uttar Pradesh,Mathura,2013 - 2014,2013,2014,194364.0,677553.0,3.49,3490.0,Wheat,Rabi,DES APY Query Report,/Users/aaryan/Downloads/ugp/expansion_2010_workspace/data/yields/des_apy_wheat_rabi_2010_2022.html,False,,,,
IND034053,Uttar Pradesh,Mathura,2014 - 2015,2014,2015,194214.0,407849.0,2.1,2100.0,Wheat,Rabi,DES APY Query Report,/Users/aaryan/Downloads/ugp/expansion_2010_workspace/data/yields/des_apy_wheat_rabi_2010_2022.html,False,,,,
IND034053,Uttar Pradesh,Mathura,2015 - 2016,2015,2016,178832.0,617507.0,3.45,3450.0,Wheat,Rabi,DES APY Query Report,/Users/aaryan/Downloads/ugp/expansion_2010_workspace/data/yields/des_apy_wheat_rabi_2010_2022.html,False,,,,
IND034053,Uttar Pradesh,Mathura,2016 - 2017,2016,2017,194285.0,797346.0,4.1,4100.0,Wheat,Rabi,DES APY Query Report,/Users/aaryan/Downloads/ugp/expansion_2010_workspace/data/yields/des_apy_wheat_rabi_2010_2022.html,False,,,,
IND034053,Uttar Pradesh,Mathura,2017 - 2018,2017,2018,200421.0,704480.0,3.52,3520.0,Wheat,Rabi,DES APY Query Report,/Users/aaryan/Downloads/ugp/expansion_2010_workspace/data/yields/des_apy_wheat_rabi_2010_2022.html,False,,,,
IND034053,Uttar Pradesh,Mathura,2018 - 2019,2018,2019,203721.0,850331.0,4.17,4170.0,Wheat,Rabi,DES APY Query Report,/Users/aaryan/Downloads/ugp/expansion_2010_workspace/data/yields/des_apy_wheat_rabi_2010_2022.html,False,,,,
IND034053,Uttar Pradesh,Mathura,2019 - 2020,2019,2020,195767.0,557349.0,2.85,2850.0,Wheat,Rabi,DES APY Query Report,/Users/aaryan/Downloads/ugp/expansion_2010_workspace/data/yields/des_apy_wheat_rabi_2010_2022.html,False,,,,
IND034053,Uttar Pradesh,Mathura,2020 - 2021,2020,2021,202884.0,712731.0,3.51,3510.0,Wheat,Rabi,DES APY Query Report,/Users/aaryan/Downloads/ugp/expansion_2010_workspace/data/yields/des_apy_wheat_rabi_2010_2022.html,False,,,,
IND034053,Uttar Pradesh,Mathura,2021 - 2022,2021,2022,203144.0,708973.0,3.49,3490.0,Wheat,Rabi,DES APY Query Report,/Users/aaryan/Downloads/ugp/expansion_2010_workspace/data/yields/des_apy_wheat_rabi_2010_2022.html,False,,,,
IND034053,Uttar Pradesh,Mathura,2022 - 2023,2022,2023,194250.0,695998.0,3.58,3580.0,Wheat,Rabi,DES APY Query Report,/Users/aaryan/Downloads/ugp/expansion_2010_workspace/data/yields/des_apy_wheat_rabi_2010_2022.html,False,,,,
IND034054,Uttar Pradesh,Maunathbhanjan,2010 - 2011,2010,2011,93122.0,262883.0,2.82,2820.0,Wheat,Rabi,DES APY Query Report,/Users/aaryan/Downloads/ugp/expansion_2010_workspace/data/yields/des_apy_wheat_rabi_2010_2022.html,False,,,,
IND034054,Uttar Pradesh,Maunathbhanjan,2011 - 2012,2011,2012,94869.0,284417.0,3.0,3000.0,Wheat,Rabi,DES APY Query Report,/Users/aaryan/Downloads/ugp/expansion_2010_workspace/data/yields/des_apy_wheat_rabi_2010_2022.html,False,,,,
IND034054,Uttar Pradesh,Maunathbhanjan,2012 - 2013,2012,2013,94885.0,315208.0,3.32,3320.0,Wheat,Rabi,DES APY Query Report,/Users/aaryan/Downloads/ugp/expansion_2010_workspace/data/yields/des_apy_wheat_rabi_2010_2022.html,False,,,,
IND034054,Uttar Pradesh,Maunathbhanjan,2013 - 2014,2013,2014,93556.0,285626.0,3.05,3050.0,Wheat,Rabi,DES APY Query Report,/Users/aaryan/Downloads/ugp/expansion_2010_workspace/data/yields/des_apy_wheat_rabi_2010_2022.html,False,,,,
IND034054,Uttar Pradesh,Maunathbhanjan,2014 - 2015,2014,2015,95097.0,198467.0,2.09,2090.0,Wheat,Rabi,DES APY Query Report,/Users/aaryan/Downloads/ugp/expansion_2010_workspace/data/yields/des_apy_wheat_rabi_2010_2022.html,False,,,,
IND034054,Uttar Pradesh,Maunathbhanjan,2015 - 2016,2015,2016,92953.0,232661.0,2.5,2500.0,Wheat,Rabi,DES APY Query Report,/Users/aaryan/Downloads/ugp/expansion_2010_workspace/data/yields/des_apy_wheat_rabi_2010_2022.html,False,,,,
IND034054,Uttar Pradesh,Maunathbhanjan,2016 - 2017,2016,2017,94754.0,315626.0,3.33,3330.0,Wheat,Rabi,DES APY Query Report,/Users/aaryan/Downloads/ugp/expansion_2010_workspace/data/yields/des_apy_wheat_rabi_2010_2022.html,False,,,,
IND034054,Uttar Pradesh,Maunathbhanjan,2017 - 2018,2017,2018,95373.0,352975.0,3.7,3700.0,Wheat,Rabi,DES APY Query Report,/Users/aaryan/Downloads/ugp/expansion_2010_workspace/data/yields/des_apy_wheat_rabi_2010_2022.html,False,,,,
IND034054,Uttar Pradesh,Maunathbhanjan,2018 - 2019,2018,2019,95550.0,367772.0,3.85,3850.0,Wheat,Rabi,DES APY Query Report,/Users/aaryan/Downloads/ugp/expansion_2010_workspace/data/yields/des_apy_wheat_rabi_2010_2022.html,False,,,,
IND034054,Uttar Pradesh,Maunathbhanjan,2019 - 2020,2019,2020,95061.0,329291.0,3.46,3460.0,Wheat,Rabi,DES APY Query Report,/Users/aaryan/Downloads/ugp/expansion_2010_workspace/data/yields/des_apy_wheat_rabi_2010_2022.html,False,,,,
IND034054,Uttar Pradesh,Maunathbhanjan,2020 - 2021,2020,2021,94569.0,356525.0,3.77,3770.0,Wheat,Rabi,DES APY Query Report,/Users/aaryan/Downloads/ugp/expansion_2010_workspace/data/yields/des_apy_wheat_rabi_2010_2022.html,False,,,,
IND034054,Uttar Pradesh,Maunathbhanjan,2021 - 2022,2021,2022,98616.0,364879.0,3.7,3700.0,Wheat,Rabi,DES APY Query Report,/Users/aaryan/Downloads/ugp/expansion_2010_workspace/data/yields/des_apy_wheat_rabi_2010_2022.html,False,,,,
IND034054,Uttar Pradesh,Maunathbhanjan,2022 - 2023,2022,2023,94319.0,323420.0,3.43,3430.0,Wheat,Rabi,DES APY Query Report,/Users/aaryan/Downloads/ugp/expansion_2010_workspace/data/yields/des_apy_wheat_rabi_2010_2022.html,False,,,,
IND034055,Uttar Pradesh,Meerut,2010 - 2011,2010,2011,81215.0,331357.0,4.08,4080.0,Wheat,Rabi,DES APY Query Report,/Users/aaryan/Downloads/ugp/expansion_2010_workspace/data/yields/des_apy_wheat_rabi_2010_2022.html,False,,,,
IND034055,Uttar Pradesh,Meerut,2011 - 2012,2011,2012,78449.0,330192.0,4.21,4210.0,Wheat,Rabi,DES APY Query Report,/Users/aaryan/Downloads/ugp/expansion_2010_workspace/data/yields/des_apy_wheat_rabi_2010_2022.html,False,,,,
IND034055,Uttar Pradesh,Meerut,2012 - 2013,2012,2013,78236.0,323115.0,4.13,4130.0,Wheat,Rabi,DES APY Query Report,/Users/aaryan/Downloads/ugp/expansion_2010_workspace/data/yields/des_apy_wheat_rabi_2010_2022.html,False,,,,
IND034055,Uttar Pradesh,Meerut,2013 - 2014,2013,2014,76532.0,328475.0,4.29,4290.0,Wheat,Rabi,DES APY Query Report,/Users/aaryan/Downloads/ugp/expansion_2010_workspace/data/yields/des_apy_wheat_rabi_2010_2022.html,False,,,,
IND034055,Uttar Pradesh,Meerut,2014 - 2015,2014,2015,76072.0,245180.0,3.22,3220.0,Wheat,Rabi,DES APY Query Report,/Users/aaryan/Downloads/ugp/expansion_2010_workspace/data/yields/des_apy_wheat_rabi_2010_2022.html,False,,,,
IND034055,Uttar Pradesh,Meerut,2015 - 2016,2015,2016,75480.0,308562.0,4.09,4090.0,Wheat,Rabi,DES APY Query Report,/Users/aaryan/Downloads/ugp/expansion_2010_workspace/data/yields/des_apy_wheat_rabi_2010_2022.html,False,,,,
IND034055,Uttar Pradesh,Meerut,2016 - 2017,2016,2017,76095.0,332002.0,4.36,4360.0,Wheat,Rabi,DES APY Query Report,/Users/aaryan/Downloads/ugp/expansion_2010_workspace/data/yields/des_apy_wheat_rabi_2010_2022.html,False,,,,
IND034055,Uttar Pradesh,Meerut,2017 - 2018,2017,2018,75592.0,329959.0,4.36,4360.0,Wheat,Rabi,DES APY Query Report,/Users/aaryan/Downloads/ugp/expansion_2010_workspace/data/yields/des_apy_wheat_rabi_2010_2022.html,False,,,,
IND034055,Uttar Pradesh,Meerut,2018 - 2019,2018,2019,80065.0,373423.0,4.66,4660.0,Wheat,Rabi,DES APY Query Report,/Users/aaryan/Downloads/ugp/expansion_2010_workspace/data/yields/des_apy_wheat_rabi_2010_2022.html,False,,,,
IND034055,Uttar Pradesh,Meerut,2019 - 2020,2019,2020,74650.0,340180.0,4.56,4560.0,Wheat,Rabi,DES APY Query Report,/Users/aaryan/Downloads/ugp/expansion_2010_workspace/data/yields/des_apy_wheat_rabi_2010_2022.html,False,,,,
IND034055,Uttar Pradesh,Meerut,2020 - 2021,2020,2021,79499.0,362992.0,4.57,4570.0,Wheat,Rabi,DES APY Query Report,/Users/aaryan/Downloads/ugp/expansion_2010_workspace/data/yields/des_apy_wheat_rabi_2010_2022.html,False,,,,
IND034055,Uttar Pradesh,Meerut,2021 - 2022,2021,2022,81074.0,338889.0,4.18,4180.0,Wheat,Rabi,DES APY Query Report,/Users/aaryan/Downloads/ugp/expansion_2010_workspace/data/yields/des_apy_wheat_rabi_2010_2022.html,False,,,,
IND034055,Uttar Pradesh,Meerut,2022 - 2023,2022,2023,77846.0,333337.0,4.28,4280.0,Wheat,Rabi,DES APY Query Report,/Users/aaryan/Downloads/ugp/expansion_2010_workspace/data/yields/des_apy_wheat_rabi_2010_2022.html,False,,,,
IND034056,Uttar Pradesh,Mirzapur,2010 - 2011,2010,2011,97121.0,224822.0,2.31,2310.0,Wheat,Rabi,DES APY Query Report,/Users/aaryan/Downloads/ugp/expansion_2010_workspace/data/yields/des_apy_wheat_rabi_2010_2022.html,False,,,,
IND034056,Uttar Pradesh,Mirzapur,2011 - 2012,2011,2012,98230.0,241442.0,2.46,2460.0,Wheat,Rabi,DES APY Query Report,/Users/aaryan/Downloads/ugp/expansion_2010_workspace/data/yields/des_apy_wheat_rabi_2010_2022.html,False,,,,
IND034056,Uttar Pradesh,Mirzapur,2012 - 2013,2012,2013,96784.0,253905.0,2.62,2620.0,Wheat,Rabi,DES APY Query Report,/Users/aaryan/Downloads/ugp/expansion_2010_workspace/data/yields/des_apy_wheat_rabi_2010_2022.html,False,,,,
IND034056,Uttar Pradesh,Mirzapur,2013 - 2014,2013,2014,97530.0,248407.0,2.55,2550.0,Wheat,Rabi,DES APY Query Report,/Users/aaryan/Downloads/ugp/expansion_2010_workspace/data/yields/des_apy_wheat_rabi_2010_2022.html,False,,,,
IND034056,Uttar Pradesh,Mirzapur,2014 - 2015,2014,2015,98339.0,174733.0,1.78,1780.0,Wheat,Rabi,DES APY Query Report,/Users/aaryan/Downloads/ugp/expansion_2010_workspace/data/yields/des_apy_wheat_rabi_2010_2022.html,False,,,,
IND034056,Uttar Pradesh,Mirzapur,2015 - 2016,2015,2016,90799.0,160943.0,1.77,1770.0,Wheat,Rabi,DES APY Query Report,/Users/aaryan/Downloads/ugp/expansion_2010_workspace/data/yields/des_apy_wheat_rabi_2010_2022.html,False,,,,
IND034056,Uttar Pradesh,Mirzapur,2016 - 2017,2016,2017,98525.0,275293.0,2.79,2790.0,Wheat,Rabi,DES APY Query Report,/Users/aaryan/Downloads/ugp/expansion_2010_workspace/data/yields/des_apy_wheat_rabi_2010_2022.html,False,,,,
IND034056,Uttar Pradesh,Mirzapur,2017 - 2018,2017,2018,94546.0,278692.0,2.95,2950.0,Wheat,Rabi,DES APY Query Report,/Users/aaryan/Downloads/ugp/expansion_2010_workspace/data/yields/des_apy_wheat_rabi_2010_2022.html,False,,,,
IND034056,Uttar Pradesh,Mirzapur,2018 - 2019,2018,2019,96564.0,303796.0,3.15,3150.0,Wheat,Rabi,DES APY Query Report,/Users/aaryan/Downloads/ugp/expansion_2010_workspace/data/yields/des_apy_wheat_rabi_2010_2022.html,False,,,,
IND034056,Uttar Pradesh,Mirzapur,2019 - 2020,2019,2020,96236.0,233240.0,2.42,2420.0,Wheat,Rabi,DES APY Query Report,/Users/aaryan/Downloads/ugp/expansion_2010_workspace/data/yields/des_apy_wheat_rabi_2010_2022.html,False,,,,
IND034056,Uttar Pradesh,Mirzapur,2020 - 2021,2020,2021,97635.0,319909.0,3.28,3280.0,Wheat,Rabi,DES APY Query Report,/Users/aaryan/Downloads/ugp/expansion_2010_workspace/data/yields/des_apy_wheat_rabi_2010_2022.html,False,,,,
IND034056,Uttar Pradesh,Mirzapur,2021 - 2022,2021,2022,100512.0,351993.0,3.5,3500.0,Wheat,Rabi,DES APY Query Report,/Users/aaryan/Downloads/ugp/expansion_2010_workspace/data/yields/des_apy_wheat_rabi_2010_2022.html,False,,,,
IND034056,Uttar Pradesh,Mirzapur,2022 - 2023,2022,2023,143382.0,478609.0,3.34,3340.0,Wheat,Rabi,DES APY Query Report,/Users/aaryan/Downloads/ugp/expansion_2010_workspace/data/yields/des_apy_wheat_rabi_2010_2022.html,False,,,,
IND034057,Uttar Pradesh,Moradabad,2010 - 2011,2010,2011,196087.0,612968.0,3.13,3130.0,Wheat,Rabi,DES APY Query Report,/Users/aaryan/Downloads/ugp/expansion_2010_workspace/data/yields/des_apy_wheat_rabi_2010_2022.html,False,,,,
IND034057,Uttar Pradesh,Moradabad,2011 - 2012,2011,2012,193634.0,615756.0,3.18,3180.0,Wheat,Rabi,DES APY Query Report,/Users/aaryan/Downloads/ugp/expansion_2010_workspace/data/yields/des_apy_wheat_rabi_2010_2022.html,False,,,,
IND034057,Uttar Pradesh,Moradabad,2012 - 2013,2012,2013,118320.0,362769.0,3.07,3070.0,Wheat,Rabi,DES APY Query Report,/Users/aaryan/Downloads/ugp/expansion_2010_workspace/data/yields/des_apy_wheat_rabi_2010_2022.html,False,,,,
IND034057,Uttar Pradesh,Moradabad,2013 - 2014,2013,2014,122018.0,394362.0,3.23,3230.0,Wheat,Rabi,DES APY Query Report,/Users/aaryan/Downloads/ugp/expansion_2010_workspace/data/yields/des_apy_wheat_rabi_2010_2022.html,False,,,,
IND034057,Uttar Pradesh,Moradabad,2014 - 2015,2014,2015,122232.0,196916.0,1.61,1610.0,Wheat,Rabi,DES APY Query Report,/Users/aaryan/Downloads/ugp/expansion_2010_workspace/data/yields/des_apy_wheat_rabi_2010_2022.html,False,,,,
IND034057,Uttar Pradesh,Moradabad,2015 - 2016,2015,2016,121759.0,375560.0,3.08,3080.0,Wheat,Rabi,DES APY Query Report,/Users/aaryan/Downloads/ugp/expansion_2010_workspace/data/yields/des_apy_wheat_rabi_2010_2022.html,False,,,,
IND034057,Uttar Pradesh,Moradabad,2016 - 2017,2016,2017,118927.0,417791.0,3.51,3510.0,Wheat,Rabi,DES APY Query Report,/Users/aaryan/Downloads/ugp/expansion_2010_workspace/data/yields/des_apy_wheat_rabi_2010_2022.html,False,,,,
IND034057,Uttar Pradesh,Moradabad,2017 - 2018,2017,2018,123231.0,456078.0,3.7,3700.0,Wheat,Rabi,DES APY Query Report,/Users/aaryan/Downloads/ugp/expansion_2010_workspace/data/yields/des_apy_wheat_rabi_2010_2022.html,False,,,,
IND034057,Uttar Pradesh,Moradabad,2018 - 2019,2018,2019,115217.0,460983.0,4.0,4000.0,Wheat,Rabi,DES APY Query Report,/Users/aaryan/Downloads/ugp/expansion_2010_workspace/data/yields/des_apy_wheat_rabi_2010_2022.html,False,,,,
IND034057,Uttar Pradesh,Moradabad,2019 - 2020,2019,2020,125107.0,471153.0,3.77,3770.0,Wheat,Rabi,DES APY Query Report,/Users/aaryan/Downloads/ugp/expansion_2010_workspace/data/yields/des_apy_wheat_rabi_2010_2022.html,False,,,,
IND034057,Uttar Pradesh,Moradabad,2020 - 2021,2020,2021,121959.0,528204.0,4.33,4330.0,Wheat,Rabi,DES APY Query Report,/Users/aaryan/Downloads/ugp/expansion_2010_workspace/data/yields/des_apy_wheat_rabi_2010_2022.html,False,,,,
IND034057,Uttar Pradesh,Moradabad,2021 - 2022,2021,2022,126886.0,527211.0,4.15,4150.0,Wheat,Rabi,DES APY Query Report,/Users/aaryan/Downloads/ugp/expansion_2010_workspace/data/yields/des_apy_wheat_rabi_2010_2022.html,False,,,,
IND034057,Uttar Pradesh,Moradabad,2022 - 2023,2022,2023,121331.0,507285.0,4.18,4180.0,Wheat,Rabi,DES APY Query Report,/Users/aaryan/Downloads/ugp/expansion_2010_workspace/data/yields/des_apy_wheat_rabi_2010_2022.html,False,,,,
IND034058,Uttar Pradesh,Muzaffarnagar,2010 - 2011,2010,2011,121871.0,411408.0,3.38,3380.0,Wheat,Rabi,DES APY Query Report,/Users/aaryan/Downloads/ugp/expansion_2010_workspace/data/yields/des_apy_wheat_rabi_2010_2022.html,False,,,,
IND034058,Uttar Pradesh,Muzaffarnagar,2011 - 2012,2011,2012,133841.0,525995.0,3.93,3930.0,Wheat,Rabi,DES APY Query Report,/Users/aaryan/Downloads/ugp/expansion_2010_workspace/data/yields/des_apy_wheat_rabi_2010_2022.html,False,,,,
IND034058,Uttar Pradesh,Muzaffarnagar,2012 - 2013,2012,2013,81418.0,297013.0,3.65,3650.0,Wheat,Rabi,DES APY Query Report,/Users/aaryan/Downloads/ugp/expansion_2010_workspace/data/yields/des_apy_wheat_rabi_2010_2022.html,False,,,,
IND034058,Uttar Pradesh,Muzaffarnagar,2013 - 2014,2013,2014,75244.0,279155.0,3.71,3710.0,Wheat,Rabi,DES APY Query Report,/Users/aaryan/Downloads/ugp/expansion_2010_workspace/data/yields/des_apy_wheat_rabi_2010_2022.html,False,,,,
IND034058,Uttar Pradesh,Muzaffarnagar,2014 - 2015,2014,2015,78843.0,221470.0,2.81,2810.0,Wheat,Rabi,DES APY Query Report,/Users/aaryan/Downloads/ugp/expansion_2010_workspace/data/yields/des_apy_wheat_rabi_2010_2022.html,False,,,,
IND034058,Uttar Pradesh,Muzaffarnagar,2015 - 2016,2015,2016,83021.0,295970.0,3.57,3570.0,Wheat,Rabi,DES APY Query Report,/Users/aaryan/Downloads/ugp/expansion_2010_workspace/data/yields/des_apy_wheat_rabi_2010_2022.html,False,,,,
IND034058,Uttar Pradesh,Muzaffarnagar,2016 - 2017,2016,2017,80254.0,334739.0,4.17,4170.0,Wheat,Rabi,DES APY Query Report,/Users/aaryan/Downloads/ugp/expansion_2010_workspace/data/yields/des_apy_wheat_rabi_2010_2022.html,False,,,,
IND034058,Uttar Pradesh,Muzaffarnagar,2017 - 2018,2017,2018,85624.0,341212.0,3.99,3990.0,Wheat,Rabi,DES APY Query Report,/Users/aaryan/Downloads/ugp/expansion_2010_workspace/data/yields/des_apy_wheat_rabi_2010_2022.html,False,,,,
IND034058,Uttar Pradesh,Muzaffarnagar,2018 - 2019,2018,2019,86395.0,366920.0,4.25,4250.0,Wheat,Rabi,DES APY Query Report,/Users/aaryan/Downloads/ugp/expansion_2010_workspace/data/yields/des_apy_wheat_rabi_2010_2022.html,False,,,,
IND034058,Uttar Pradesh,Muzaffarnagar,2019 - 2020,2019,2020,81330.0,323775.0,3.98,3980.0,Wheat,Rabi,DES APY Query Report,/Users/aaryan/Downloads/ugp/expansion_2010_workspace/data/yields/des_apy_wheat_rabi_2010_2022.html,False,,,,
IND034058,Uttar Pradesh,Muzaffarnagar,2020 - 2021,2020,2021,82486.0,357577.0,4.34,4340.0,Wheat,Rabi,DES APY Query Report,/Users/aaryan/Downloads/ugp/expansion_2010_workspace/data/yields/des_apy_wheat_rabi_2010_2022.html,False,,,,
IND034058,Uttar Pradesh,Muzaffarnagar,2021 - 2022,2021,2022,85686.0,339488.0,3.96,3960.0,Wheat,Rabi,DES APY Query Report,/Users/aaryan/Downloads/ugp/expansion_2010_workspace/data/yields/des_apy_wheat_rabi_2010_2022.html,False,,,,
IND034058,Uttar Pradesh,Muzaffarnagar,2022 - 2023,2022,2023,78088.0,343197.0,4.4,4400.0,Wheat,Rabi,DES APY Query Report,/Users/aaryan/Downloads/ugp/expansion_2010_workspace/data/yields/des_apy_wheat_rabi_2010_2022.html,False,,,,
IND034059,Uttar Pradesh,Pilibhit,2010 - 2011,2010,2011,149823.0,567230.0,3.79,3790.0,Wheat,Rabi,DES APY Query Report,/Users/aaryan/Downloads/ugp/expansion_2010_workspace/data/yields/des_apy_wheat_rabi_2010_2022.html,False,,,,
IND034059,Uttar Pradesh,Pilibhit,2011 - 2012,2011,2012,150414.0,575935.0,3.83,3830.0,Wheat,Rabi,DES APY Query Report,/Users/aaryan/Downloads/ugp/expansion_2010_workspace/data/yields/des_apy_wheat_rabi_2010_2022.html,False,,,,
IND034059,Uttar Pradesh,Pilibhit,2012 - 2013,2012,2013,136892.0,494317.0,3.61,3610.0,Wheat,Rabi,DES APY Query Report,/Users/aaryan/Downloads/ugp/expansion_2010_workspace/data/yields/des_apy_wheat_rabi_2010_2022.html,False,,,,
IND034059,Uttar Pradesh,Pilibhit,2013 - 2014,2013,2014,143500.0,525354.0,3.66,3660.0,Wheat,Rabi,DES APY Query Report,/Users/aaryan/Downloads/ugp/expansion_2010_workspace/data/yields/des_apy_wheat_rabi_2010_2022.html,False,,,,
IND034059,Uttar Pradesh,Pilibhit,2014 - 2015,2014,2015,144784.0,371371.0,2.57,2570.0,Wheat,Rabi,DES APY Query Report,/Users/aaryan/Downloads/ugp/expansion_2010_workspace/data/yields/des_apy_wheat_rabi_2010_2022.html,False,,,,
IND034059,Uttar Pradesh,Pilibhit,2015 - 2016,2015,2016,154256.0,598051.0,3.88,3880.0,Wheat,Rabi,DES APY Query Report,/Users/aaryan/Downloads/ugp/expansion_2010_workspace/data/yields/des_apy_wheat_rabi_2010_2022.html,False,,,,
IND034059,Uttar Pradesh,Pilibhit,2016 - 2017,2016,2017,140428.0,589798.0,4.2,4200.0,Wheat,Rabi,DES APY Query Report,/Users/aaryan/Downloads/ugp/expansion_2010_workspace/data/yields/des_apy_wheat_rabi_2010_2022.html,False,,,,
IND034059,Uttar Pradesh,Pilibhit,2017 - 2018,2017,2018,131987.0,559229.0,4.24,4240.0,Wheat,Rabi,DES APY Query Report,/Users/aaryan/Downloads/ugp/expansion_2010_workspace/data/yields/des_apy_wheat_rabi_2010_2022.html,False,,,,
IND034059,Uttar Pradesh,Pilibhit,2018 - 2019,2018,2019,148303.0,658762.0,4.44,4440.0,Wheat,Rabi,DES APY Query Report,/Users/aaryan/Downloads/ugp/expansion_2010_workspace/data/yields/des_apy_wheat_rabi_2010_2022.html,False,,,,
IND034059,Uttar Pradesh,Pilibhit,2019 - 2020,2019,2020,138554.0,594812.0,4.29,4290.0,Wheat,Rabi,DES APY Query Report,/Users/aaryan/Downloads/ugp/expansion_2010_workspace/data/yields/des_apy_wheat_rabi_2010_2022.html,False,,,,
IND034059,Uttar Pradesh,Pilibhit,2020 - 2021,2020,2021,141500.0,629534.0,4.45,4450.0,Wheat,Rabi,DES APY Query Report,/Users/aaryan/Downloads/ugp/expansion_2010_workspace/data/yields/des_apy_wheat_rabi_2010_2022.html,False,,,,
IND034059,Uttar Pradesh,Pilibhit,2021 - 2022,2021,2022,147217.0,590193.0,4.01,4010.0,Wheat,Rabi,DES APY Query Report,/Users/aaryan/Downloads/ugp/expansion_2010_workspace/data/yields/des_apy_wheat_rabi_2010_2022.html,False,,,,
IND034059,Uttar Pradesh,Pilibhit,2022 - 2023,2022,2023,141419.0,599192.0,4.24,4240.0,Wheat,Rabi,DES APY Query Report,/Users/aaryan/Downloads/ugp/expansion_2010_workspace/data/yields/des_apy_wheat_rabi_2010_2022.html,False,,,,
IND034060,Uttar Pradesh,Pratapgarh,2010 - 2011,2010,2011,147798.0,415599.0,2.81,2810.0,Wheat,Rabi,DES APY Query Report,/Users/aaryan/Downloads/ugp/expansion_2010_workspace/data/yields/des_apy_wheat_rabi_2010_2022.html,False,,,,
IND034060,Uttar Pradesh,Pratapgarh,2011 - 2012,2011,2012,148783.0,436512.0,2.93,2930.0,Wheat,Rabi,DES APY Query Report,/Users/aaryan/Downloads/ugp/expansion_2010_workspace/data/yields/des_apy_wheat_rabi_2010_2022.html,False,,,,
IND034060,Uttar Pradesh,Pratapgarh,2012 - 2013,2012,2013,146677.0,413042.0,2.82,2820.0,Wheat,Rabi,DES APY Query Report,/Users/aaryan/Downloads/ugp/expansion_2010_workspace/data/yields/des_apy_wheat_rabi_2010_2022.html,False,,,,
IND034060,Uttar Pradesh,Pratapgarh,2013 - 2014,2013,2014,147814.0,415653.0,2.81,2810.0,Wheat,Rabi,DES APY Query Report,/Users/aaryan/Downloads/ugp/expansion_2010_workspace/data/yields/des_apy_wheat_rabi_2010_2022.html,False,,,,
IND034060,Uttar Pradesh,Pratapgarh,2014 - 2015,2014,2015,138562.0,191903.0,1.38,1380.0,Wheat,Rabi,DES APY Query Report,/Users/aaryan/Downloads/ugp/expansion_2010_workspace/data/yields/des_apy_wheat_rabi_2010_2022.html,False,,,,
IND034060,Uttar Pradesh,Pratapgarh,2015 - 2016,2015,2016,169728.0,371365.0,2.19,2190.0,Wheat,Rabi,DES APY Query Report,/Users/aaryan/Downloads/ugp/expansion_2010_workspace/data/yields/des_apy_wheat_rabi_2010_2022.html,False,,,,
IND034060,Uttar Pradesh,Pratapgarh,2016 - 2017,2016,2017,150562.0,463731.0,3.08,3080.0,Wheat,Rabi,DES APY Query Report,/Users/aaryan/Downloads/ugp/expansion_2010_workspace/data/yields/des_apy_wheat_rabi_2010_2022.html,False,,,,
IND034060,Uttar Pradesh,Pratapgarh,2017 - 2018,2017,2018,148317.0,469720.0,3.17,3170.0,Wheat,Rabi,DES APY Query Report,/Users/aaryan/Downloads/ugp/expansion_2010_workspace/data/yields/des_apy_wheat_rabi_2010_2022.html,False,,,,
IND034060,Uttar Pradesh,Pratapgarh,2018 - 2019,2018,2019,150515.0,514761.0,3.42,3420.0,Wheat,Rabi,DES APY Query Report,/Users/aaryan/Downloads/ugp/expansion_2010_workspace/data/yields/des_apy_wheat_rabi_2010_2022.html,False,,,,
IND034060,Uttar Pradesh,Pratapgarh,2019 - 2020,2019,2020,148014.0,508428.0,3.43,3430.0,Wheat,Rabi,DES APY Query Report,/Users/aaryan/Downloads/ugp/expansion_2010_workspace/data/yields/des_apy_wheat_rabi_2010_2022.html,False,,,,
IND034060,Uttar Pradesh,Pratapgarh,2020 - 2021,2020,2021,147069.0,502535.0,3.42,3420.0,Wheat,Rabi,DES APY Query Report,/Users/aaryan/Downloads/ugp/expansion_2010_workspace/data/yields/des_apy_wheat_rabi_2010_2022.html,False,,,,
IND034060,Uttar Pradesh,Pratapgarh,2021 - 2022,2021,2022,153848.0,508621.0,3.31,3310.0,Wheat,Rabi,DES APY Query Report,/Users/aaryan/Downloads/ugp/expansion_2010_workspace/data/yields/des_apy_wheat_rabi_2010_2022.html,False,,,,
IND034060,Uttar Pradesh,Pratapgarh,2022 - 2023,2022,2023,160468.0,540296.0,3.37,3370.0,Wheat,Rabi,DES APY Query Report,/Users/aaryan/Downloads/ugp/expansion_2010_workspace/data/yields/des_apy_wheat_rabi_2010_2022.html,False,,,,
IND034061,Uttar Pradesh,Rae Bareli,2010 - 2011,2010,2011,166471.0,448960.0,2.7,2700.0,Wheat,Rabi,DES APY Query Report,/Users/aaryan/Downloads/ugp/expansion_2010_workspace/data/yields/des_apy_wheat_rabi_2010_2022.html,False,,,,
IND034061,Uttar Pradesh,Rae Bareli,2011 - 2012,2011,2012,132299.0,379830.0,2.87,2870.0,Wheat,Rabi,DES APY Query Report,/Users/aaryan/Downloads/ugp/expansion_2010_workspace/data/yields/des_apy_wheat_rabi_2010_2022.html,False,,,,
IND034061,Uttar Pradesh,Rae Bareli,2012 - 2013,2012,2013,131752.0,373644.0,2.84,2840.0,Wheat,Rabi,DES APY Query Report,/Users/aaryan/Downloads/ugp/expansion_2010_workspace/data/yields/des_apy_wheat_rabi_2010_2022.html,False,,,,
IND034061,Uttar Pradesh,Rae Bareli,2013 - 2014,2013,2014,134767.0,400393.0,2.97,2970.0,Wheat,Rabi,DES APY Query Report,/Users/aaryan/Downloads/ugp/expansion_2010_workspace/data/yields/des_apy_wheat_rabi_2010_2022.html,False,,,,
IND034061,Uttar Pradesh,Rae Bareli,2014 - 2015,2014,2015,167432.0,270235.0,1.61,1610.0,Wheat,Rabi,DES APY Query Report,/Users/aaryan/Downloads/ugp/expansion_2010_workspace/data/yields/des_apy_wheat_rabi_2010_2022.html,False,,,,
IND034061,Uttar Pradesh,Rae Bareli,2015 - 2016,2015,2016,167579.0,329963.0,1.97,1970.0,Wheat,Rabi,DES APY Query Report,/Users/aaryan/Downloads/ugp/expansion_2010_workspace/data/yields/des_apy_wheat_rabi_2010_2022.html,False,,,,
IND034061,Uttar Pradesh,Rae Bareli,2016 - 2017,2016,2017,133720.0,438200.0,3.28,3280.0,Wheat,Rabi,DES APY Query Report,/Users/aaryan/Downloads/ugp/expansion_2010_workspace/data/yields/des_apy_wheat_rabi_2010_2022.html,False,,,,
IND034061,Uttar Pradesh,Rae Bareli,2017 - 2018,2017,2018,132317.0,444982.0,3.36,3360.0,Wheat,Rabi,DES APY Query Report,/Users/aaryan/Downloads/ugp/expansion_2010_workspace/data/yields/des_apy_wheat_rabi_2010_2022.html,False,,,,
IND034061,Uttar Pradesh,Rae Bareli,2018 - 2019,2018,2019,133804.0,461089.0,3.45,3450.0,Wheat,Rabi,DES APY Query Report,/Users/aaryan/Downloads/ugp/expansion_2010_workspace/data/yields/des_apy_wheat_rabi_2010_2022.html,False,,,,
IND034061,Uttar Pradesh,Rae Bareli,2019 - 2020,2019,2020,133141.0,447753.0,3.36,3360.0,Wheat,Rabi,DES APY Query Report,/Users/aaryan/Downloads/ugp/expansion_2010_workspace/data/yields/des_apy_wheat_rabi_2010_2022.html,False,,,,
IND034061,Uttar Pradesh,Rae Bareli,2020 - 2021,2020,2021,135517.0,528381.0,3.9,3900.0,Wheat,Rabi,DES APY Query Report,/Users/aaryan/Downloads/ugp/expansion_2010_workspace/data/yields/des_apy_wheat_rabi_2010_2022.html,False,,,,
IND034061,Uttar Pradesh,Rae Bareli,2021 - 2022,2021,2022,139506.0,450604.0,3.23,3230.0,Wheat,Rabi,DES APY Query Report,/Users/aaryan/Downloads/ugp/expansion_2010_workspace/data/yields/des_apy_wheat_rabi_2010_2022.html,False,,,,
IND034061,Uttar Pradesh,Rae Bareli,2022 - 2023,2022,2023,168080.0,586095.0,3.49,3490.0,Wheat,Rabi,DES APY Query Report,/Users/aaryan/Downloads/ugp/expansion_2010_workspace/data/yields/des_apy_wheat_rabi_2010_2022.html,False,,,,
IND034062,Uttar Pradesh,Rampur,2010 - 2011,2010,2011,144796.0,491872.0,3.4,3400.0,Wheat,Rabi,DES APY Query Report,/Users/aaryan/Downloads/ugp/expansion_2010_workspace/data/yields/des_apy_wheat_rabi_2010_2022.html,False,,,,
IND034062,Uttar Pradesh,Rampur,2011 - 2012,2011,2012,144074.0,504115.0,3.5,3500.0,Wheat,Rabi,DES APY Query Report,/Users/aaryan/Downloads/ugp/expansion_2010_workspace/data/yields/des_apy_wheat_rabi_2010_2022.html,False,,,,
IND034062,Uttar Pradesh,Rampur,2012 - 2013,2012,2013,140318.0,487184.0,3.47,3470.0,Wheat,Rabi,DES APY Query Report,/Users/aaryan/Downloads/ugp/expansion_2010_workspace/data/yields/des_apy_wheat_rabi_2010_2022.html,False,,,,
IND034062,Uttar Pradesh,Rampur,2013 - 2014,2013,2014,147277.0,508106.0,3.45,3450.0,Wheat,Rabi,DES APY Query Report,/Users/aaryan/Downloads/ugp/expansion_2010_workspace/data/yields/des_apy_wheat_rabi_2010_2022.html,False,,,,
IND034062,Uttar Pradesh,Rampur,2014 - 2015,2014,2015,147846.0,264644.0,1.79,1790.0,Wheat,Rabi,DES APY Query Report,/Users/aaryan/Downloads/ugp/expansion_2010_workspace/data/yields/des_apy_wheat_rabi_2010_2022.html,False,,,,
IND034062,Uttar Pradesh,Rampur,2015 - 2016,2015,2016,133654.0,457498.0,3.42,3420.0,Wheat,Rabi,DES APY Query Report,/Users/aaryan/Downloads/ugp/expansion_2010_workspace/data/yields/des_apy_wheat_rabi_2010_2022.html,False,,,,
IND034062,Uttar Pradesh,Rampur,2016 - 2017,2016,2017,142046.0,556820.0,3.92,3920.0,Wheat,Rabi,DES APY Query Report,/Users/aaryan/Downloads/ugp/expansion_2010_workspace/data/yields/des_apy_wheat_rabi_2010_2022.html,False,,,,
IND034062,Uttar Pradesh,Rampur,2017 - 2018,2017,2018,149252.0,598202.0,4.01,4010.0,Wheat,Rabi,DES APY Query Report,/Users/aaryan/Downloads/ugp/expansion_2010_workspace/data/yields/des_apy_wheat_rabi_2010_2022.html,False,,,,
IND034062,Uttar Pradesh,Rampur,2018 - 2019,2018,2019,148838.0,639706.0,4.3,4300.0,Wheat,Rabi,DES APY Query Report,/Users/aaryan/Downloads/ugp/expansion_2010_workspace/data/yields/des_apy_wheat_rabi_2010_2022.html,False,,,,
IND034062,Uttar Pradesh,Rampur,2019 - 2020,2019,2020,145657.0,597776.0,4.1,4100.0,Wheat,Rabi,DES APY Query Report,/Users/aaryan/Downloads/ugp/expansion_2010_workspace/data/yields/des_apy_wheat_rabi_2010_2022.html,False,,,,
IND034062,Uttar Pradesh,Rampur,2020 - 2021,2020,2021,144307.0,610996.0,4.23,4230.0,Wheat,Rabi,DES APY Query Report,/Users/aaryan/Downloads/ugp/expansion_2010_workspace/data/yields/des_apy_wheat_rabi_2010_2022.html,False,,,,
IND034062,Uttar Pradesh,Rampur,2021 - 2022,2021,2022,158692.0,664126.0,4.18,4180.0,Wheat,Rabi,DES APY Query Report,/Users/aaryan/Downloads/ugp/expansion_2010_workspace/data/yields/des_apy_wheat_rabi_2010_2022.html,False,,,,
IND034062,Uttar Pradesh,Rampur,2022 - 2023,2022,2023,150410.0,619990.0,4.12,4120.0,Wheat,Rabi,DES APY Query Report,/Users/aaryan/Downloads/ugp/expansion_2010_workspace/data/yields/des_apy_wheat_rabi_2010_2022.html,False,,,,
IND034063,Uttar Pradesh,Saharanpur,2010 - 2011,2010,2011,106909.0,320727.0,3.0,3000.0,Wheat,Rabi,DES APY Query Report,/Users/aaryan/Downloads/ugp/expansion_2010_workspace/data/yields/des_apy_wheat_rabi_2010_2022.html,False,,,,
IND034063,Uttar Pradesh,Saharanpur,2011 - 2012,2011,2012,112582.0,391335.0,3.48,3480.0,Wheat,Rabi,DES APY Query Report,/Users/aaryan/Downloads/ugp/expansion_2010_workspace/data/yields/des_apy_wheat_rabi_2010_2022.html,False,,,,
IND034063,Uttar Pradesh,Saharanpur,2012 - 2013,2012,2013,110575.0,374739.0,3.39,3390.0,Wheat,Rabi,DES APY Query Report,/Users/aaryan/Downloads/ugp/expansion_2010_workspace/data/yields/des_apy_wheat_rabi_2010_2022.html,False,,,,
IND034063,Uttar Pradesh,Saharanpur,2013 - 2014,2013,2014,109144.0,378184.0,3.47,3470.0,Wheat,Rabi,DES APY Query Report,/Users/aaryan/Downloads/ugp/expansion_2010_workspace/data/yields/des_apy_wheat_rabi_2010_2022.html,False,,,,
IND034063,Uttar Pradesh,Saharanpur,2014 - 2015,2014,2015,118844.0,244224.0,2.05,2050.0,Wheat,Rabi,DES APY Query Report,/Users/aaryan/Downloads/ugp/expansion_2010_workspace/data/yields/des_apy_wheat_rabi_2010_2022.html,False,,,,
IND034063,Uttar Pradesh,Saharanpur,2015 - 2016,2015,2016,112433.0,377213.0,3.36,3360.0,Wheat,Rabi,DES APY Query Report,/Users/aaryan/Downloads/ugp/expansion_2010_workspace/data/yields/des_apy_wheat_rabi_2010_2022.html,False,,,,
IND034063,Uttar Pradesh,Saharanpur,2016 - 2017,2016,2017,112624.0,423128.0,3.76,3760.0,Wheat,Rabi,DES APY Query Report,/Users/aaryan/Downloads/ugp/expansion_2010_workspace/data/yields/des_apy_wheat_rabi_2010_2022.html,False,,,,
IND034063,Uttar Pradesh,Saharanpur,2017 - 2018,2017,2018,111963.0,435984.0,3.89,3890.0,Wheat,Rabi,DES APY Query Report,/Users/aaryan/Downloads/ugp/expansion_2010_workspace/data/yields/des_apy_wheat_rabi_2010_2022.html,False,,,,
IND034063,Uttar Pradesh,Saharanpur,2018 - 2019,2018,2019,111995.0,472283.0,4.22,4220.0,Wheat,Rabi,DES APY Query Report,/Users/aaryan/Downloads/ugp/expansion_2010_workspace/data/yields/des_apy_wheat_rabi_2010_2022.html,False,,,,
IND034063,Uttar Pradesh,Saharanpur,2019 - 2020,2019,2020,111829.0,435238.0,3.89,3890.0,Wheat,Rabi,DES APY Query Report,/Users/aaryan/Downloads/ugp/expansion_2010_workspace/data/yields/des_apy_wheat_rabi_2010_2022.html,False,,,,
IND034063,Uttar Pradesh,Saharanpur,2020 - 2021,2020,2021,112258.0,466881.0,4.16,4160.0,Wheat,Rabi,DES APY Query Report,/Users/aaryan/Downloads/ugp/expansion_2010_workspace/data/yields/des_apy_wheat_rabi_2010_2022.html,False,,,,
IND034063,Uttar Pradesh,Saharanpur,2021 - 2022,2021,2022,116564.0,474066.0,4.07,4070.0000000000005,Wheat,Rabi,DES APY Query Report,/Users/aaryan/Downloads/ugp/expansion_2010_workspace/data/yields/des_apy_wheat_rabi_2010_2022.html,False,,,,
IND034063,Uttar Pradesh,Saharanpur,2022 - 2023,2022,2023,111810.0,465912.0,4.17,4170.0,Wheat,Rabi,DES APY Query Report,/Users/aaryan/Downloads/ugp/expansion_2010_workspace/data/yields/des_apy_wheat_rabi_2010_2022.html,False,,,,
IND034064,Uttar Pradesh,Sambhal,2010 - 2011,2010,2011,306477.0,1040796.0,3.4,3400.0,Wheat,Rabi,DES APY Query Report,/Users/aaryan/Downloads/ugp/expansion_2010_workspace/data/yields/des_apy_wheat_rabi_2010_2022.html,True,Badaun,11,136.3818169698586,123.63636363636368
IND034064,Uttar Pradesh,Sambhal,2011 - 2012,2011,2012,293435.0,1017926.0,3.47,3470.0,Wheat,Rabi,DES APY Query Report,/Users/aaryan/Downloads/ugp/expansion_2010_workspace/data/yields/des_apy_wheat_rabi_2010_2022.html,True,Badaun,11,136.3818169698586,123.63636363636368
IND034064,Uttar Pradesh,Sambhal,2012 - 2013,2012,2013,140493.0,450702.0,3.21,3210.0,Wheat,Rabi,DES APY Query Report,/Users/aaryan/Downloads/ugp/expansion_2010_workspace/data/yields/des_apy_wheat_rabi_2010_2022.html,False,,,,
IND034064,Uttar Pradesh,Sambhal,2013 - 2014,2013,2014,139875.0,492500.0,3.52,3520.0,Wheat,Rabi,DES APY Query Report,/Users/aaryan/Downloads/ugp/expansion_2010_workspace/data/yields/des_apy_wheat_rabi_2010_2022.html,False,,,,
IND034064,Uttar Pradesh,Sambhal,2014 - 2015,2014,2015,143456.0,283613.0,1.98,1980.0,Wheat,Rabi,DES APY Query Report,/Users/aaryan/Downloads/ugp/expansion_2010_workspace/data/yields/des_apy_wheat_rabi_2010_2022.html,False,,,,
IND034064,Uttar Pradesh,Sambhal,2015 - 2016,2015,2016,135993.0,417499.0,3.07,3070.0,Wheat,Rabi,DES APY Query Report,/Users/aaryan/Downloads/ugp/expansion_2010_workspace/data/yields/des_apy_wheat_rabi_2010_2022.html,False,,,,
IND034064,Uttar Pradesh,Sambhal,2016 - 2017,2016,2017,136437.0,476574.0,3.49,3490.0,Wheat,Rabi,DES APY Query Report,/Users/aaryan/Downloads/ugp/expansion_2010_workspace/data/yields/des_apy_wheat_rabi_2010_2022.html,False,,,,
IND034064,Uttar Pradesh,Sambhal,2017 - 2018,2017,2018,140565.0,502098.0,3.57,3570.0,Wheat,Rabi,DES APY Query Report,/Users/aaryan/Downloads/ugp/expansion_2010_workspace/data/yields/des_apy_wheat_rabi_2010_2022.html,False,,,,
IND034064,Uttar Pradesh,Sambhal,2018 - 2019,2018,2019,139858.0,564047.0,4.03,4030.0000000000005,Wheat,Rabi,DES APY Query Report,/Users/aaryan/Downloads/ugp/expansion_2010_workspace/data/yields/des_apy_wheat_rabi_2010_2022.html,False,,,,
IND034064,Uttar Pradesh,Sambhal,2019 - 2020,2019,2020,138781.0,572194.0,4.12,4120.0,Wheat,Rabi,DES APY Query Report,/Users/aaryan/Downloads/ugp/expansion_2010_workspace/data/yields/des_apy_wheat_rabi_2010_2022.html,False,,,,
IND034064,Uttar Pradesh,Sambhal,2020 - 2021,2020,2021,138648.0,567764.0,4.1,4100.0,Wheat,Rabi,DES APY Query Report,/Users/aaryan/Downloads/ugp/expansion_2010_workspace/data/yields/des_apy_wheat_rabi_2010_2022.html,False,,,,
IND034064,Uttar Pradesh,Sambhal,2021 - 2022,2021,2022,144823.0,578858.0,4.0,4000.0,Wheat,Rabi,DES APY Query Report,/Users/aaryan/Downloads/ugp/expansion_2010_workspace/data/yields/des_apy_wheat_rabi_2010_2022.html,False,,,,
IND034064,Uttar Pradesh,Sambhal,2022 - 2023,2022,2023,138066.0,568004.0,4.11,4110.0,Wheat,Rabi,DES APY Query Report,/Users/aaryan/Downloads/ugp/expansion_2010_workspace/data/yields/des_apy_wheat_rabi_2010_2022.html,False,,,,
IND034065,Uttar Pradesh,Sant Kabir Nagar,2010 - 2011,2010,2011,90776.0,251903.0,2.77,2770.0,Wheat,Rabi,DES APY Query Report,/Users/aaryan/Downloads/ugp/expansion_2010_workspace/data/yields/des_apy_wheat_rabi_2010_2022.html,False,,,,
IND034065,Uttar Pradesh,Sant Kabir Nagar,2011 - 2012,2011,2012,91629.0,266457.0,2.91,2910.0,Wheat,Rabi,DES APY Query Report,/Users/aaryan/Downloads/ugp/expansion_2010_workspace/data/yields/des_apy_wheat_rabi_2010_2022.html,False,,,,
IND034065,Uttar Pradesh,Sant Kabir Nagar,2012 - 2013,2012,2013,91860.0,274110.0,2.98,2980.0,Wheat,Rabi,DES APY Query Report,/Users/aaryan/Downloads/ugp/expansion_2010_workspace/data/yields/des_apy_wheat_rabi_2010_2022.html,False,,,,
IND034065,Uttar Pradesh,Sant Kabir Nagar,2013 - 2014,2013,2014,92210.0,304201.0,3.3,3300.0,Wheat,Rabi,DES APY Query Report,/Users/aaryan/Downloads/ugp/expansion_2010_workspace/data/yields/des_apy_wheat_rabi_2010_2022.html,False,,,,
IND034065,Uttar Pradesh,Sant Kabir Nagar,2014 - 2015,2014,2015,90522.0,224042.0,2.48,2480.0,Wheat,Rabi,DES APY Query Report,/Users/aaryan/Downloads/ugp/expansion_2010_workspace/data/yields/des_apy_wheat_rabi_2010_2022.html,False,,,,
IND034065,Uttar Pradesh,Sant Kabir Nagar,2015 - 2016,2015,2016,90896.0,231058.0,2.54,2540.0,Wheat,Rabi,DES APY Query Report,/Users/aaryan/Downloads/ugp/expansion_2010_workspace/data/yields/des_apy_wheat_rabi_2010_2022.html,False,,,,
IND034065,Uttar Pradesh,Sant Kabir Nagar,2016 - 2017,2016,2017,91776.0,309944.0,3.38,3380.0,Wheat,Rabi,DES APY Query Report,/Users/aaryan/Downloads/ugp/expansion_2010_workspace/data/yields/des_apy_wheat_rabi_2010_2022.html,False,,,,
IND034065,Uttar Pradesh,Sant Kabir Nagar,2017 - 2018,2017,2018,90569.0,290274.0,3.21,3210.0,Wheat,Rabi,DES APY Query Report,/Users/aaryan/Downloads/ugp/expansion_2010_workspace/data/yields/des_apy_wheat_rabi_2010_2022.html,False,,,,
IND034065,Uttar Pradesh,Sant Kabir Nagar,2018 - 2019,2018,2019,91366.0,306624.0,3.36,3360.0,Wheat,Rabi,DES APY Query Report,/Users/aaryan/Downloads/ugp/expansion_2010_workspace/data/yields/des_apy_wheat_rabi_2010_2022.html,False,,,,
IND034065,Uttar Pradesh,Sant Kabir Nagar,2019 - 2020,2019,2020,90988.0,355399.0,3.91,3910.0,Wheat,Rabi,DES APY Query Report,/Users/aaryan/Downloads/ugp/expansion_2010_workspace/data/yields/des_apy_wheat_rabi_2010_2022.html,False,,,,
IND034065,Uttar Pradesh,Sant Kabir Nagar,2020 - 2021,2020,2021,91078.0,376972.0,4.14,4140.0,Wheat,Rabi,DES APY Query Report,/Users/aaryan/Downloads/ugp/expansion_2010_workspace/data/yields/des_apy_wheat_rabi_2010_2022.html,False,,,,
IND034065,Uttar Pradesh,Sant Kabir Nagar,2021 - 2022,2021,2022,95295.0,394521.0,4.14,4140.0,Wheat,Rabi,DES APY Query Report,/Users/aaryan/Downloads/ugp/expansion_2010_workspace/data/yields/des_apy_wheat_rabi_2010_2022.html,False,,,,
IND034065,Uttar Pradesh,Sant Kabir Nagar,2022 - 2023,2022,2023,104802.0,422981.0,4.04,4040.0,Wheat,Rabi,DES APY Query Report,/Users/aaryan/Downloads/ugp/expansion_2010_workspace/data/yields/des_apy_wheat_rabi_2010_2022.html,False,,,,
IND034066,Uttar Pradesh,Sant Ravi Das Nagar,2010 - 2011,2010,2011,44634.0,128055.0,2.87,2870.0,Wheat,Rabi,DES APY Query Report,/Users/aaryan/Downloads/ugp/expansion_2010_workspace/data/yields/des_apy_wheat_rabi_2010_2022.html,False,,,,
IND034066,Uttar Pradesh,Sant Ravi Das Nagar,2011 - 2012,2011,2012,47418.0,149041.0,3.14,3140.0,Wheat,Rabi,DES APY Query Report,/Users/aaryan/Downloads/ugp/expansion_2010_workspace/data/yields/des_apy_wheat_rabi_2010_2022.html,False,,,,
IND034066,Uttar Pradesh,Sant Ravi Das Nagar,2012 - 2013,2012,2013,48269.0,137416.0,2.85,2850.0,Wheat,Rabi,DES APY Query Report,/Users/aaryan/Downloads/ugp/expansion_2010_workspace/data/yields/des_apy_wheat_rabi_2010_2022.html,False,,,,
IND034066,Uttar Pradesh,Sant Ravi Das Nagar,2013 - 2014,2013,2014,48216.0,131630.0,2.73,2730.0,Wheat,Rabi,DES APY Query Report,/Users/aaryan/Downloads/ugp/expansion_2010_workspace/data/yields/des_apy_wheat_rabi_2010_2022.html,False,,,,
IND034066,Uttar Pradesh,Sant Ravi Das Nagar,2014 - 2015,2014,2015,48033.0,74114.0,1.54,1540.0,Wheat,Rabi,DES APY Query Report,/Users/aaryan/Downloads/ugp/expansion_2010_workspace/data/yields/des_apy_wheat_rabi_2010_2022.html,False,,,,
IND034066,Uttar Pradesh,Sant Ravi Das Nagar,2015 - 2016,2015,2016,48930.0,108576.0,2.22,2220.0,Wheat,Rabi,DES APY Query Report,/Users/aaryan/Downloads/ugp/expansion_2010_workspace/data/yields/des_apy_wheat_rabi_2010_2022.html,False,,,,
IND034066,Uttar Pradesh,Sant Ravi Das Nagar,2016 - 2017,2016,2017,47044.0,156092.0,3.32,3320.0,Wheat,Rabi,DES APY Query Report,/Users/aaryan/Downloads/ugp/expansion_2010_workspace/data/yields/des_apy_wheat_rabi_2010_2022.html,False,,,,
IND034066,Uttar Pradesh,Sant Ravi Das Nagar,2017 - 2018,2017,2018,49038.0,186639.0,3.81,3810.0,Wheat,Rabi,DES APY Query Report,/Users/aaryan/Downloads/ugp/expansion_2010_workspace/data/yields/des_apy_wheat_rabi_2010_2022.html,False,,,,
IND034066,Uttar Pradesh,Sant Ravi Das Nagar,2018 - 2019,2018,2019,49437.0,185620.0,3.75,3750.0,Wheat,Rabi,DES APY Query Report,/Users/aaryan/Downloads/ugp/expansion_2010_workspace/data/yields/des_apy_wheat_rabi_2010_2022.html,False,,,,
IND034066,Uttar Pradesh,Sant Ravi Das Nagar,2019 - 2020,2019,2020,46356.0,127287.0,2.75,2750.0,Wheat,Rabi,DES APY Query Report,/Users/aaryan/Downloads/ugp/expansion_2010_workspace/data/yields/des_apy_wheat_rabi_2010_2022.html,False,,,,
IND034066,Uttar Pradesh,Sant Ravi Das Nagar,2020 - 2021,2020,2021,47585.0,172591.0,3.63,3630.0,Wheat,Rabi,DES APY Query Report,/Users/aaryan/Downloads/ugp/expansion_2010_workspace/data/yields/des_apy_wheat_rabi_2010_2022.html,False,,,,
IND034066,Uttar Pradesh,Sant Ravi Das Nagar,2021 - 2022,2021,2022,49711.0,176872.0,3.56,3560.0,Wheat,Rabi,DES APY Query Report,/Users/aaryan/Downloads/ugp/expansion_2010_workspace/data/yields/des_apy_wheat_rabi_2010_2022.html,False,,,,
IND034066,Uttar Pradesh,Sant Ravi Das Nagar,2022 - 2023,2022,2023,48863.0,136621.0,2.8,2800.0,Wheat,Rabi,DES APY Query Report,/Users/aaryan/Downloads/ugp/expansion_2010_workspace/data/yields/des_apy_wheat_rabi_2010_2022.html,False,,,,
IND034067,Uttar Pradesh,Shahjahanpur,2010 - 2011,2010,2011,249556.0,898651.0,3.6,3600.0,Wheat,Rabi,DES APY Query Report,/Users/aaryan/Downloads/ugp/expansion_2010_workspace/data/yields/des_apy_wheat_rabi_2010_2022.html,False,,,,
IND034067,Uttar Pradesh,Shahjahanpur,2011 - 2012,2011,2012,247222.0,940185.0,3.8,3800.0,Wheat,Rabi,DES APY Query Report,/Users/aaryan/Downloads/ugp/expansion_2010_workspace/data/yields/des_apy_wheat_rabi_2010_2022.html,False,,,,
IND034067,Uttar Pradesh,Shahjahanpur,2012 - 2013,2012,2013,264247.0,959481.0,3.63,3630.0,Wheat,Rabi,DES APY Query Report,/Users/aaryan/Downloads/ugp/expansion_2010_workspace/data/yields/des_apy_wheat_rabi_2010_2022.html,False,,,,
IND034067,Uttar Pradesh,Shahjahanpur,2013 - 2014,2013,2014,255240.0,934689.0,3.66,3660.0,Wheat,Rabi,DES APY Query Report,/Users/aaryan/Downloads/ugp/expansion_2010_workspace/data/yields/des_apy_wheat_rabi_2010_2022.html,False,,,,
IND034067,Uttar Pradesh,Shahjahanpur,2014 - 2015,2014,2015,260462.0,517017.0,1.98,1980.0,Wheat,Rabi,DES APY Query Report,/Users/aaryan/Downloads/ugp/expansion_2010_workspace/data/yields/des_apy_wheat_rabi_2010_2022.html,False,,,,
IND034067,Uttar Pradesh,Shahjahanpur,2015 - 2016,2015,2016,253360.0,889040.0,3.51,3510.0,Wheat,Rabi,DES APY Query Report,/Users/aaryan/Downloads/ugp/expansion_2010_workspace/data/yields/des_apy_wheat_rabi_2010_2022.html,False,,,,
IND034067,Uttar Pradesh,Shahjahanpur,2016 - 2017,2016,2017,250679.0,1054356.0,4.21,4210.0,Wheat,Rabi,DES APY Query Report,/Users/aaryan/Downloads/ugp/expansion_2010_workspace/data/yields/des_apy_wheat_rabi_2010_2022.html,False,,,,
IND034067,Uttar Pradesh,Shahjahanpur,2017 - 2018,2017,2018,247700.0,989809.0,4.0,4000.0,Wheat,Rabi,DES APY Query Report,/Users/aaryan/Downloads/ugp/expansion_2010_workspace/data/yields/des_apy_wheat_rabi_2010_2022.html,False,,,,
IND034067,Uttar Pradesh,Shahjahanpur,2018 - 2019,2018,2019,272458.0,1216792.0,4.47,4470.0,Wheat,Rabi,DES APY Query Report,/Users/aaryan/Downloads/ugp/expansion_2010_workspace/data/yields/des_apy_wheat_rabi_2010_2022.html,False,,,,
IND034067,Uttar Pradesh,Shahjahanpur,2019 - 2020,2019,2020,256371.0,1113932.0,4.35,4350.0,Wheat,Rabi,DES APY Query Report,/Users/aaryan/Downloads/ugp/expansion_2010_workspace/data/yields/des_apy_wheat_rabi_2010_2022.html,False,,,,
IND034067,Uttar Pradesh,Shahjahanpur,2020 - 2021,2020,2021,252861.0,1126749.0,4.46,4460.0,Wheat,Rabi,DES APY Query Report,/Users/aaryan/Downloads/ugp/expansion_2010_workspace/data/yields/des_apy_wheat_rabi_2010_2022.html,False,,,,
IND034067,Uttar Pradesh,Shahjahanpur,2021 - 2022,2021,2022,266855.0,1192575.0,4.47,4470.0,Wheat,Rabi,DES APY Query Report,/Users/aaryan/Downloads/ugp/expansion_2010_workspace/data/yields/des_apy_wheat_rabi_2010_2022.html,False,,,,
IND034067,Uttar Pradesh,Shahjahanpur,2022 - 2023,2022,2023,231514.0,1006854.0,4.35,4350.0,Wheat,Rabi,DES APY Query Report,/Users/aaryan/Downloads/ugp/expansion_2010_workspace/data/yields/des_apy_wheat_rabi_2010_2022.html,False,,,,
IND034068,Uttar Pradesh,Shamli,2010 - 2011,2010,2011,55863.0,230100.0,4.12,4120.0,Wheat,Rabi,DES APY Query Report,/Users/aaryan/Downloads/ugp/expansion_2010_workspace/data/yields/des_apy_wheat_rabi_2010_2022.html,True,Baghpat,11,396.77105832869506,324.5454545454545
IND034068,Uttar Pradesh,Shamli,2011 - 2012,2011,2012,54923.0,232874.0,4.24,4240.0,Wheat,Rabi,DES APY Query Report,/Users/aaryan/Downloads/ugp/expansion_2010_workspace/data/yields/des_apy_wheat_rabi_2010_2022.html,True,Baghpat,11,396.77105832869506,324.5454545454545
IND034068,Uttar Pradesh,Shamli,2012 - 2013,2012,2013,50033.0,188124.0,3.76,3760.0,Wheat,Rabi,DES APY Query Report,/Users/aaryan/Downloads/ugp/expansion_2010_workspace/data/yields/des_apy_wheat_rabi_2010_2022.html,False,,,,
IND034068,Uttar Pradesh,Shamli,2013 - 2014,2013,2014,46385.0,173665.0,3.74,3740.0,Wheat,Rabi,DES APY Query Report,/Users/aaryan/Downloads/ugp/expansion_2010_workspace/data/yields/des_apy_wheat_rabi_2010_2022.html,False,,,,
IND034068,Uttar Pradesh,Shamli,2014 - 2015,2014,2015,49296.0,149367.0,3.03,3030.0,Wheat,Rabi,DES APY Query Report,/Users/aaryan/Downloads/ugp/expansion_2010_workspace/data/yields/des_apy_wheat_rabi_2010_2022.html,False,,,,
IND034068,Uttar Pradesh,Shamli,2015 - 2016,2015,2016,53363.0,217241.0,4.07,4070.0000000000005,Wheat,Rabi,DES APY Query Report,/Users/aaryan/Downloads/ugp/expansion_2010_workspace/data/yields/des_apy_wheat_rabi_2010_2022.html,False,,,,
IND034068,Uttar Pradesh,Shamli,2016 - 2017,2016,2017,49142.0,208608.0,4.25,4250.0,Wheat,Rabi,DES APY Query Report,/Users/aaryan/Downloads/ugp/expansion_2010_workspace/data/yields/des_apy_wheat_rabi_2010_2022.html,False,,,,
IND034068,Uttar Pradesh,Shamli,2017 - 2018,2017,2018,49633.0,228014.0,4.59,4590.0,Wheat,Rabi,DES APY Query Report,/Users/aaryan/Downloads/ugp/expansion_2010_workspace/data/yields/des_apy_wheat_rabi_2010_2022.html,False,,,,
IND034068,Uttar Pradesh,Shamli,2018 - 2019,2018,2019,48655.0,222451.0,4.57,4570.0,Wheat,Rabi,DES APY Query Report,/Users/aaryan/Downloads/ugp/expansion_2010_workspace/data/yields/des_apy_wheat_rabi_2010_2022.html,False,,,,
IND034068,Uttar Pradesh,Shamli,2019 - 2020,2019,2020,48689.0,231711.0,4.76,4760.0,Wheat,Rabi,DES APY Query Report,/Users/aaryan/Downloads/ugp/expansion_2010_workspace/data/yields/des_apy_wheat_rabi_2010_2022.html,False,,,,
IND034068,Uttar Pradesh,Shamli,2020 - 2021,2020,2021,50333.0,242001.0,4.81,4810.0,Wheat,Rabi,DES APY Query Report,/Users/aaryan/Downloads/ugp/expansion_2010_workspace/data/yields/des_apy_wheat_rabi_2010_2022.html,False,,,,
IND034068,Uttar Pradesh,Shamli,2021 - 2022,2021,2022,51942.0,226155.0,4.35,4350.0,Wheat,Rabi,DES APY Query Report,/Users/aaryan/Downloads/ugp/expansion_2010_workspace/data/yields/des_apy_wheat_rabi_2010_2022.html,False,,,,
IND034068,Uttar Pradesh,Shamli,2022 - 2023,2022,2023,55001.0,268845.0,4.89,4890.0,Wheat,Rabi,DES APY Query Report,/Users/aaryan/Downloads/ugp/expansion_2010_workspace/data/yields/des_apy_wheat_rabi_2010_2022.html,False,,,,
IND034069,Uttar Pradesh,Shravasti,2010 - 2011,2010,2011,62301.0,169210.0,2.72,2720.0,Wheat,Rabi,DES APY Query Report,/Users/aaryan/Downloads/ugp/expansion_2010_workspace/data/yields/des_apy_wheat_rabi_2010_2022.html,False,,,,
IND034069,Uttar Pradesh,Shravasti,2011 - 2012,2011,2012,67143.0,198340.0,2.95,2950.0,Wheat,Rabi,DES APY Query Report,/Users/aaryan/Downloads/ugp/expansion_2010_workspace/data/yields/des_apy_wheat_rabi_2010_2022.html,False,,,,
IND034069,Uttar Pradesh,Shravasti,2012 - 2013,2012,2013,63787.0,171523.0,2.69,2690.0,Wheat,Rabi,DES APY Query Report,/Users/aaryan/Downloads/ugp/expansion_2010_workspace/data/yields/des_apy_wheat_rabi_2010_2022.html,False,,,,
IND034069,Uttar Pradesh,Shravasti,2013 - 2014,2013,2014,70928.0,216401.0,3.05,3050.0,Wheat,Rabi,DES APY Query Report,/Users/aaryan/Downloads/ugp/expansion_2010_workspace/data/yields/des_apy_wheat_rabi_2010_2022.html,False,,,,
IND034069,Uttar Pradesh,Shravasti,2014 - 2015,2014,2015,68165.0,182410.0,2.68,2680.0,Wheat,Rabi,DES APY Query Report,/Users/aaryan/Downloads/ugp/expansion_2010_workspace/data/yields/des_apy_wheat_rabi_2010_2022.html,False,,,,
IND034069,Uttar Pradesh,Shravasti,2015 - 2016,2015,2016,70143.0,186300.0,2.66,2660.0,Wheat,Rabi,DES APY Query Report,/Users/aaryan/Downloads/ugp/expansion_2010_workspace/data/yields/des_apy_wheat_rabi_2010_2022.html,False,,,,
IND034069,Uttar Pradesh,Shravasti,2016 - 2017,2016,2017,70872.0,212687.0,3.0,3000.0,Wheat,Rabi,DES APY Query Report,/Users/aaryan/Downloads/ugp/expansion_2010_workspace/data/yields/des_apy_wheat_rabi_2010_2022.html,False,,,,
IND034069,Uttar Pradesh,Shravasti,2017 - 2018,2017,2018,68574.0,220945.0,3.22,3220.0,Wheat,Rabi,DES APY Query Report,/Users/aaryan/Downloads/ugp/expansion_2010_workspace/data/yields/des_apy_wheat_rabi_2010_2022.html,False,,,,
IND034069,Uttar Pradesh,Shravasti,2018 - 2019,2018,2019,72186.0,246948.0,3.42,3420.0,Wheat,Rabi,DES APY Query Report,/Users/aaryan/Downloads/ugp/expansion_2010_workspace/data/yields/des_apy_wheat_rabi_2010_2022.html,False,,,,
IND034069,Uttar Pradesh,Shravasti,2019 - 2020,2019,2020,70486.0,233943.0,3.32,3320.0,Wheat,Rabi,DES APY Query Report,/Users/aaryan/Downloads/ugp/expansion_2010_workspace/data/yields/des_apy_wheat_rabi_2010_2022.html,False,,,,
IND034069,Uttar Pradesh,Shravasti,2020 - 2021,2020,2021,70402.0,238944.0,3.39,3390.0,Wheat,Rabi,DES APY Query Report,/Users/aaryan/Downloads/ugp/expansion_2010_workspace/data/yields/des_apy_wheat_rabi_2010_2022.html,False,,,,
IND034069,Uttar Pradesh,Shravasti,2021 - 2022,2021,2022,73327.0,264124.0,3.6,3600.0,Wheat,Rabi,DES APY Query Report,/Users/aaryan/Downloads/ugp/expansion_2010_workspace/data/yields/des_apy_wheat_rabi_2010_2022.html,False,,,,
IND034069,Uttar Pradesh,Shravasti,2022 - 2023,2022,2023,98200.0,328970.0,3.35,3350.0,Wheat,Rabi,DES APY Query Report,/Users/aaryan/Downloads/ugp/expansion_2010_workspace/data/yields/des_apy_wheat_rabi_2010_2022.html,False,,,,
IND034070,Uttar Pradesh,Siddharth Nagar,2010 - 2011,2010,2011,159332.0,499984.0,3.14,3140.0,Wheat,Rabi,DES APY Query Report,/Users/aaryan/Downloads/ugp/expansion_2010_workspace/data/yields/des_apy_wheat_rabi_2010_2022.html,False,,,,
IND034070,Uttar Pradesh,Siddharth Nagar,2011 - 2012,2011,2012,157619.0,537638.0,3.41,3410.0,Wheat,Rabi,DES APY Query Report,/Users/aaryan/Downloads/ugp/expansion_2010_workspace/data/yields/des_apy_wheat_rabi_2010_2022.html,False,,,,
IND034070,Uttar Pradesh,Siddharth Nagar,2012 - 2013,2012,2013,159883.0,567105.0,3.55,3550.0,Wheat,Rabi,DES APY Query Report,/Users/aaryan/Downloads/ugp/expansion_2010_workspace/data/yields/des_apy_wheat_rabi_2010_2022.html,False,,,,
IND034070,Uttar Pradesh,Siddharth Nagar,2013 - 2014,2013,2014,157897.0,596693.0,3.78,3780.0,Wheat,Rabi,DES APY Query Report,/Users/aaryan/Downloads/ugp/expansion_2010_workspace/data/yields/des_apy_wheat_rabi_2010_2022.html,False,,,,
IND034070,Uttar Pradesh,Siddharth Nagar,2014 - 2015,2014,2015,161544.0,408222.0,2.53,2530.0,Wheat,Rabi,DES APY Query Report,/Users/aaryan/Downloads/ugp/expansion_2010_workspace/data/yields/des_apy_wheat_rabi_2010_2022.html,False,,,,
IND034070,Uttar Pradesh,Siddharth Nagar,2015 - 2016,2015,2016,150792.0,503947.0,3.34,3340.0,Wheat,Rabi,DES APY Query Report,/Users/aaryan/Downloads/ugp/expansion_2010_workspace/data/yields/des_apy_wheat_rabi_2010_2022.html,False,,,,
IND034070,Uttar Pradesh,Siddharth Nagar,2016 - 2017,2016,2017,156380.0,618796.0,3.96,3960.0,Wheat,Rabi,DES APY Query Report,/Users/aaryan/Downloads/ugp/expansion_2010_workspace/data/yields/des_apy_wheat_rabi_2010_2022.html,False,,,,
IND034070,Uttar Pradesh,Siddharth Nagar,2017 - 2018,2017,2018,158257.0,629705.0,3.98,3980.0,Wheat,Rabi,DES APY Query Report,/Users/aaryan/Downloads/ugp/expansion_2010_workspace/data/yields/des_apy_wheat_rabi_2010_2022.html,False,,,,
IND034070,Uttar Pradesh,Siddharth Nagar,2018 - 2019,2018,2019,157672.0,689815.0,4.38,4380.0,Wheat,Rabi,DES APY Query Report,/Users/aaryan/Downloads/ugp/expansion_2010_workspace/data/yields/des_apy_wheat_rabi_2010_2022.html,False,,,,
IND034070,Uttar Pradesh,Siddharth Nagar,2019 - 2020,2019,2020,157091.0,636847.0,4.05,4050.0,Wheat,Rabi,DES APY Query Report,/Users/aaryan/Downloads/ugp/expansion_2010_workspace/data/yields/des_apy_wheat_rabi_2010_2022.html,False,,,,
IND034070,Uttar Pradesh,Siddharth Nagar,2020 - 2021,2020,2021,156385.0,619597.0,3.96,3960.0,Wheat,Rabi,DES APY Query Report,/Users/aaryan/Downloads/ugp/expansion_2010_workspace/data/yields/des_apy_wheat_rabi_2010_2022.html,False,,,,
IND034070,Uttar Pradesh,Siddharth Nagar,2021 - 2022,2021,2022,163931.0,673101.0,4.11,4110.0,Wheat,Rabi,DES APY Query Report,/Users/aaryan/Downloads/ugp/expansion_2010_workspace/data/yields/des_apy_wheat_rabi_2010_2022.html,False,,,,
IND034070,Uttar Pradesh,Siddharth Nagar,2022 - 2023,2022,2023,180842.0,723911.0,4.0,4000.0,Wheat,Rabi,DES APY Query Report,/Users/aaryan/Downloads/ugp/expansion_2010_workspace/data/yields/des_apy_wheat_rabi_2010_2022.html,False,,,,
IND034071,Uttar Pradesh,Sitapur,2010 - 2011,2010,2011,217102.0,665418.0,3.07,3070.0,Wheat,Rabi,DES APY Query Report,/Users/aaryan/Downloads/ugp/expansion_2010_workspace/data/yields/des_apy_wheat_rabi_2010_2022.html,False,,,,
IND034071,Uttar Pradesh,Sitapur,2011 - 2012,2011,2012,215859.0,682114.0,3.16,3160.0,Wheat,Rabi,DES APY Query Report,/Users/aaryan/Downloads/ugp/expansion_2010_workspace/data/yields/des_apy_wheat_rabi_2010_2022.html,False,,,,
IND034071,Uttar Pradesh,Sitapur,2012 - 2013,2012,2013,212016.0,674635.0,3.18,3180.0,Wheat,Rabi,DES APY Query Report,/Users/aaryan/Downloads/ugp/expansion_2010_workspace/data/yields/des_apy_wheat_rabi_2010_2022.html,False,,,,
IND034071,Uttar Pradesh,Sitapur,2013 - 2014,2013,2014,210932.0,651569.0,3.09,3090.0,Wheat,Rabi,DES APY Query Report,/Users/aaryan/Downloads/ugp/expansion_2010_workspace/data/yields/des_apy_wheat_rabi_2010_2022.html,False,,,,
IND034071,Uttar Pradesh,Sitapur,2014 - 2015,2014,2015,208675.0,372484.0,1.78,1780.0,Wheat,Rabi,DES APY Query Report,/Users/aaryan/Downloads/ugp/expansion_2010_workspace/data/yields/des_apy_wheat_rabi_2010_2022.html,False,,,,
IND034071,Uttar Pradesh,Sitapur,2015 - 2016,2015,2016,214593.0,533264.0,2.49,2490.0,Wheat,Rabi,DES APY Query Report,/Users/aaryan/Downloads/ugp/expansion_2010_workspace/data/yields/des_apy_wheat_rabi_2010_2022.html,False,,,,
IND034071,Uttar Pradesh,Sitapur,2016 - 2017,2016,2017,212207.0,715562.0,3.37,3370.0,Wheat,Rabi,DES APY Query Report,/Users/aaryan/Downloads/ugp/expansion_2010_workspace/data/yields/des_apy_wheat_rabi_2010_2022.html,False,,,,
IND034071,Uttar Pradesh,Sitapur,2017 - 2018,2017,2018,210935.0,685961.0,3.25,3250.0,Wheat,Rabi,DES APY Query Report,/Users/aaryan/Downloads/ugp/expansion_2010_workspace/data/yields/des_apy_wheat_rabi_2010_2022.html,False,,,,
IND034071,Uttar Pradesh,Sitapur,2018 - 2019,2018,2019,205409.0,714823.0,3.48,3480.0,Wheat,Rabi,DES APY Query Report,/Users/aaryan/Downloads/ugp/expansion_2010_workspace/data/yields/des_apy_wheat_rabi_2010_2022.html,False,,,,
IND034071,Uttar Pradesh,Sitapur,2019 - 2020,2019,2020,208656.0,700876.0,3.36,3360.0,Wheat,Rabi,DES APY Query Report,/Users/aaryan/Downloads/ugp/expansion_2010_workspace/data/yields/des_apy_wheat_rabi_2010_2022.html,False,,,,
IND034071,Uttar Pradesh,Sitapur,2020 - 2021,2020,2021,210592.0,764449.0,3.63,3630.0,Wheat,Rabi,DES APY Query Report,/Users/aaryan/Downloads/ugp/expansion_2010_workspace/data/yields/des_apy_wheat_rabi_2010_2022.html,False,,,,
IND034071,Uttar Pradesh,Sitapur,2021 - 2022,2021,2022,219450.0,831935.0,3.79,3790.0,Wheat,Rabi,DES APY Query Report,/Users/aaryan/Downloads/ugp/expansion_2010_workspace/data/yields/des_apy_wheat_rabi_2010_2022.html,False,,,,
IND034071,Uttar Pradesh,Sitapur,2022 - 2023,2022,2023,209869.0,793305.0,3.78,3780.0,Wheat,Rabi,DES APY Query Report,/Users/aaryan/Downloads/ugp/expansion_2010_workspace/data/yields/des_apy_wheat_rabi_2010_2022.html,False,,,,
IND034072,Uttar Pradesh,Sonbhadra,2010 - 2011,2010,2011,53912.0,92894.0,1.72,1720.0,Wheat,Rabi,DES APY Query Report,/Users/aaryan/Downloads/ugp/expansion_2010_workspace/data/yields/des_apy_wheat_rabi_2010_2022.html,False,,,,
IND034072,Uttar Pradesh,Sonbhadra,2011 - 2012,2011,2012,55981.0,105693.0,1.89,1890.0,Wheat,Rabi,DES APY Query Report,/Users/aaryan/Downloads/ugp/expansion_2010_workspace/data/yields/des_apy_wheat_rabi_2010_2022.html,False,,,,
IND034072,Uttar Pradesh,Sonbhadra,2012 - 2013,2012,2013,54811.0,117261.0,2.14,2140.0,Wheat,Rabi,DES APY Query Report,/Users/aaryan/Downloads/ugp/expansion_2010_workspace/data/yields/des_apy_wheat_rabi_2010_2022.html,False,,,,
IND034072,Uttar Pradesh,Sonbhadra,2013 - 2014,2013,2014,57853.0,135887.0,2.35,2350.0,Wheat,Rabi,DES APY Query Report,/Users/aaryan/Downloads/ugp/expansion_2010_workspace/data/yields/des_apy_wheat_rabi_2010_2022.html,False,,,,
IND034072,Uttar Pradesh,Sonbhadra,2014 - 2015,2014,2015,57789.0,117617.0,2.04,2040.0,Wheat,Rabi,DES APY Query Report,/Users/aaryan/Downloads/ugp/expansion_2010_workspace/data/yields/des_apy_wheat_rabi_2010_2022.html,False,,,,
IND034072,Uttar Pradesh,Sonbhadra,2015 - 2016,2015,2016,58322.0,92744.0,1.59,1590.0,Wheat,Rabi,DES APY Query Report,/Users/aaryan/Downloads/ugp/expansion_2010_workspace/data/yields/des_apy_wheat_rabi_2010_2022.html,False,,,,
IND034072,Uttar Pradesh,Sonbhadra,2016 - 2017,2016,2017,56012.0,134857.0,2.41,2410.0,Wheat,Rabi,DES APY Query Report,/Users/aaryan/Downloads/ugp/expansion_2010_workspace/data/yields/des_apy_wheat_rabi_2010_2022.html,False,,,,
IND034072,Uttar Pradesh,Sonbhadra,2017 - 2018,2017,2018,54274.0,127922.0,2.36,2360.0,Wheat,Rabi,DES APY Query Report,/Users/aaryan/Downloads/ugp/expansion_2010_workspace/data/yields/des_apy_wheat_rabi_2010_2022.html,False,,,,
IND034072,Uttar Pradesh,Sonbhadra,2018 - 2019,2018,2019,57964.0,156734.0,2.7,2700.0,Wheat,Rabi,DES APY Query Report,/Users/aaryan/Downloads/ugp/expansion_2010_workspace/data/yields/des_apy_wheat_rabi_2010_2022.html,False,,,,
IND034072,Uttar Pradesh,Sonbhadra,2019 - 2020,2019,2020,60343.0,144001.0,2.39,2390.0,Wheat,Rabi,DES APY Query Report,/Users/aaryan/Downloads/ugp/expansion_2010_workspace/data/yields/des_apy_wheat_rabi_2010_2022.html,False,,,,
IND034072,Uttar Pradesh,Sonbhadra,2020 - 2021,2020,2021,57786.0,151646.0,2.62,2620.0,Wheat,Rabi,DES APY Query Report,/Users/aaryan/Downloads/ugp/expansion_2010_workspace/data/yields/des_apy_wheat_rabi_2010_2022.html,False,,,,
IND034072,Uttar Pradesh,Sonbhadra,2021 - 2022,2021,2022,63408.0,175957.0,2.77,2770.0,Wheat,Rabi,DES APY Query Report,/Users/aaryan/Downloads/ugp/expansion_2010_workspace/data/yields/des_apy_wheat_rabi_2010_2022.html,False,,,,
IND034072,Uttar Pradesh,Sonbhadra,2022 - 2023,2022,2023,81130.0,231058.0,2.85,2850.0,Wheat,Rabi,DES APY Query Report,/Users/aaryan/Downloads/ugp/expansion_2010_workspace/data/yields/des_apy_wheat_rabi_2010_2022.html,False,,,,
IND034073,Uttar Pradesh,Sultanpur,2010 - 2011,2010,2011,103237.0,327043.0,3.17,3170.0,Wheat,Rabi,DES APY Query Report,/Users/aaryan/Downloads/ugp/expansion_2010_workspace/data/yields/des_apy_wheat_rabi_2010_2022.html,False,,,,
IND034073,Uttar Pradesh,Sultanpur,2011 - 2012,2011,2012,104286.0,332464.0,3.19,3190.0,Wheat,Rabi,DES APY Query Report,/Users/aaryan/Downloads/ugp/expansion_2010_workspace/data/yields/des_apy_wheat_rabi_2010_2022.html,False,,,,
IND034073,Uttar Pradesh,Sultanpur,2012 - 2013,2012,2013,104661.0,325914.0,3.11,3110.0,Wheat,Rabi,DES APY Query Report,/Users/aaryan/Downloads/ugp/expansion_2010_workspace/data/yields/des_apy_wheat_rabi_2010_2022.html,False,,,,
IND034073,Uttar Pradesh,Sultanpur,2013 - 2014,2013,2014,104250.0,256247.0,2.46,2460.0,Wheat,Rabi,DES APY Query Report,/Users/aaryan/Downloads/ugp/expansion_2010_workspace/data/yields/des_apy_wheat_rabi_2010_2022.html,False,,,,
IND034073,Uttar Pradesh,Sultanpur,2014 - 2015,2014,2015,104295.0,238836.0,2.29,2290.0,Wheat,Rabi,DES APY Query Report,/Users/aaryan/Downloads/ugp/expansion_2010_workspace/data/yields/des_apy_wheat_rabi_2010_2022.html,False,,,,
IND034073,Uttar Pradesh,Sultanpur,2015 - 2016,2015,2016,116068.0,329401.0,2.84,2840.0,Wheat,Rabi,DES APY Query Report,/Users/aaryan/Downloads/ugp/expansion_2010_workspace/data/yields/des_apy_wheat_rabi_2010_2022.html,False,,,,
IND034073,Uttar Pradesh,Sultanpur,2016 - 2017,2016,2017,101118.0,342487.0,3.39,3390.0,Wheat,Rabi,DES APY Query Report,/Users/aaryan/Downloads/ugp/expansion_2010_workspace/data/yields/des_apy_wheat_rabi_2010_2022.html,False,,,,
IND034073,Uttar Pradesh,Sultanpur,2017 - 2018,2017,2018,114555.0,461653.0,4.03,4030.0000000000005,Wheat,Rabi,DES APY Query Report,/Users/aaryan/Downloads/ugp/expansion_2010_workspace/data/yields/des_apy_wheat_rabi_2010_2022.html,False,,,,
IND034073,Uttar Pradesh,Sultanpur,2018 - 2019,2018,2019,104661.0,436855.0,4.17,4170.0,Wheat,Rabi,DES APY Query Report,/Users/aaryan/Downloads/ugp/expansion_2010_workspace/data/yields/des_apy_wheat_rabi_2010_2022.html,False,,,,
IND034073,Uttar Pradesh,Sultanpur,2019 - 2020,2019,2020,104036.0,412815.0,3.97,3970.0,Wheat,Rabi,DES APY Query Report,/Users/aaryan/Downloads/ugp/expansion_2010_workspace/data/yields/des_apy_wheat_rabi_2010_2022.html,False,,,,
IND034073,Uttar Pradesh,Sultanpur,2020 - 2021,2020,2021,104600.0,403756.0,3.86,3860.0,Wheat,Rabi,DES APY Query Report,/Users/aaryan/Downloads/ugp/expansion_2010_workspace/data/yields/des_apy_wheat_rabi_2010_2022.html,False,,,,
IND034073,Uttar Pradesh,Sultanpur,2021 - 2022,2021,2022,109991.0,447663.0,4.07,4070.0000000000005,Wheat,Rabi,DES APY Query Report,/Users/aaryan/Downloads/ugp/expansion_2010_workspace/data/yields/des_apy_wheat_rabi_2010_2022.html,False,,,,
IND034073,Uttar Pradesh,Sultanpur,2022 - 2023,2022,2023,116559.0,449568.0,3.86,3860.0,Wheat,Rabi,DES APY Query Report,/Users/aaryan/Downloads/ugp/expansion_2010_workspace/data/yields/des_apy_wheat_rabi_2010_2022.html,False,,,,
IND034074,Uttar Pradesh,Unnao,2010 - 2011,2010,2011,239040.0,708754.0,2.97,2970.0,Wheat,Rabi,DES APY Query Report,/Users/aaryan/Downloads/ugp/expansion_2010_workspace/data/yields/des_apy_wheat_rabi_2010_2022.html,False,,,,
IND034074,Uttar Pradesh,Unnao,2011 - 2012,2011,2012,240711.0,718277.0,2.98,2980.0,Wheat,Rabi,DES APY Query Report,/Users/aaryan/Downloads/ugp/expansion_2010_workspace/data/yields/des_apy_wheat_rabi_2010_2022.html,False,,,,
IND034074,Uttar Pradesh,Unnao,2012 - 2013,2012,2013,240113.0,686003.0,2.86,2860.0,Wheat,Rabi,DES APY Query Report,/Users/aaryan/Downloads/ugp/expansion_2010_workspace/data/yields/des_apy_wheat_rabi_2010_2022.html,False,,,,
IND034074,Uttar Pradesh,Unnao,2013 - 2014,2013,2014,241717.0,736753.0,3.05,3050.0,Wheat,Rabi,DES APY Query Report,/Users/aaryan/Downloads/ugp/expansion_2010_workspace/data/yields/des_apy_wheat_rabi_2010_2022.html,False,,,,
IND034074,Uttar Pradesh,Unnao,2014 - 2015,2014,2015,243188.0,488078.0,2.01,2009.9999999999998,Wheat,Rabi,DES APY Query Report,/Users/aaryan/Downloads/ugp/expansion_2010_workspace/data/yields/des_apy_wheat_rabi_2010_2022.html,False,,,,
IND034074,Uttar Pradesh,Unnao,2015 - 2016,2015,2016,237761.0,528305.0,2.22,2220.0,Wheat,Rabi,DES APY Query Report,/Users/aaryan/Downloads/ugp/expansion_2010_workspace/data/yields/des_apy_wheat_rabi_2010_2022.html,False,,,,
IND034074,Uttar Pradesh,Unnao,2016 - 2017,2016,2017,242102.0,772547.0,3.19,3190.0,Wheat,Rabi,DES APY Query Report,/Users/aaryan/Downloads/ugp/expansion_2010_workspace/data/yields/des_apy_wheat_rabi_2010_2022.html,False,,,,
IND034074,Uttar Pradesh,Unnao,2017 - 2018,2017,2018,244358.0,798318.0,3.27,3270.0,Wheat,Rabi,DES APY Query Report,/Users/aaryan/Downloads/ugp/expansion_2010_workspace/data/yields/des_apy_wheat_rabi_2010_2022.html,False,,,,
IND034074,Uttar Pradesh,Unnao,2018 - 2019,2018,2019,241879.0,937039.0,3.87,3870.0,Wheat,Rabi,DES APY Query Report,/Users/aaryan/Downloads/ugp/expansion_2010_workspace/data/yields/des_apy_wheat_rabi_2010_2022.html,False,,,,
IND034074,Uttar Pradesh,Unnao,2019 - 2020,2019,2020,242533.0,801572.0,3.31,3310.0,Wheat,Rabi,DES APY Query Report,/Users/aaryan/Downloads/ugp/expansion_2010_workspace/data/yields/des_apy_wheat_rabi_2010_2022.html,False,,,,
IND034074,Uttar Pradesh,Unnao,2020 - 2021,2020,2021,242573.0,844154.0,3.48,3480.0,Wheat,Rabi,DES APY Query Report,/Users/aaryan/Downloads/ugp/expansion_2010_workspace/data/yields/des_apy_wheat_rabi_2010_2022.html,False,,,,
IND034074,Uttar Pradesh,Unnao,2021 - 2022,2021,2022,252710.0,861741.0,3.41,3410.0,Wheat,Rabi,DES APY Query Report,/Users/aaryan/Downloads/ugp/expansion_2010_workspace/data/yields/des_apy_wheat_rabi_2010_2022.html,False,,,,
IND034074,Uttar Pradesh,Unnao,2022 - 2023,2022,2023,241665.0,846794.0,3.5,3500.0,Wheat,Rabi,DES APY Query Report,/Users/aaryan/Downloads/ugp/expansion_2010_workspace/data/yields/des_apy_wheat_rabi_2010_2022.html,False,,,,
IND034075,Uttar Pradesh,Varanasi,2010 - 2011,2010,2011,70642.0,198007.0,2.8,2800.0,Wheat,Rabi,DES APY Query Report,/Users/aaryan/Downloads/ugp/expansion_2010_workspace/data/yields/des_apy_wheat_rabi_2010_2022.html,False,,,,
IND034075,Uttar Pradesh,Varanasi,2011 - 2012,2011,2012,69610.0,210381.0,3.02,3020.0,Wheat,Rabi,DES APY Query Report,/Users/aaryan/Downloads/ugp/expansion_2010_workspace/data/yields/des_apy_wheat_rabi_2010_2022.html,False,,,,
IND034075,Uttar Pradesh,Varanasi,2012 - 2013,2012,2013,69705.0,214609.0,3.08,3080.0,Wheat,Rabi,DES APY Query Report,/Users/aaryan/Downloads/ugp/expansion_2010_workspace/data/yields/des_apy_wheat_rabi_2010_2022.html,False,,,,
IND034075,Uttar Pradesh,Varanasi,2013 - 2014,2013,2014,69399.0,188955.0,2.72,2720.0,Wheat,Rabi,DES APY Query Report,/Users/aaryan/Downloads/ugp/expansion_2010_workspace/data/yields/des_apy_wheat_rabi_2010_2022.html,False,,,,
IND034075,Uttar Pradesh,Varanasi,2014 - 2015,2014,2015,68617.0,127010.0,1.85,1850.0,Wheat,Rabi,DES APY Query Report,/Users/aaryan/Downloads/ugp/expansion_2010_workspace/data/yields/des_apy_wheat_rabi_2010_2022.html,False,,,,
IND034075,Uttar Pradesh,Varanasi,2015 - 2016,2015,2016,68502.0,165021.0,2.41,2410.0,Wheat,Rabi,DES APY Query Report,/Users/aaryan/Downloads/ugp/expansion_2010_workspace/data/yields/des_apy_wheat_rabi_2010_2022.html,False,,,,
IND034075,Uttar Pradesh,Varanasi,2016 - 2017,2016,2017,70914.0,239146.0,3.37,3370.0,Wheat,Rabi,DES APY Query Report,/Users/aaryan/Downloads/ugp/expansion_2010_workspace/data/yields/des_apy_wheat_rabi_2010_2022.html,False,,,,
IND034075,Uttar Pradesh,Varanasi,2017 - 2018,2017,2018,69363.0,234528.0,3.38,3380.0,Wheat,Rabi,DES APY Query Report,/Users/aaryan/Downloads/ugp/expansion_2010_workspace/data/yields/des_apy_wheat_rabi_2010_2022.html,False,,,,
IND034075,Uttar Pradesh,Varanasi,2018 - 2019,2018,2019,68973.0,241128.0,3.5,3500.0,Wheat,Rabi,DES APY Query Report,/Users/aaryan/Downloads/ugp/expansion_2010_workspace/data/yields/des_apy_wheat_rabi_2010_2022.html,False,,,,
IND034075,Uttar Pradesh,Varanasi,2019 - 2020,2019,2020,68369.0,225602.0,3.3,3300.0,Wheat,Rabi,DES APY Query Report,/Users/aaryan/Downloads/ugp/expansion_2010_workspace/data/yields/des_apy_wheat_rabi_2010_2022.html,False,,,,
IND034075,Uttar Pradesh,Varanasi,2020 - 2021,2020,2021,69795.0,256304.0,3.67,3670.0,Wheat,Rabi,DES APY Query Report,/Users/aaryan/Downloads/ugp/expansion_2010_workspace/data/yields/des_apy_wheat_rabi_2010_2022.html,False,,,,
IND034075,Uttar Pradesh,Varanasi,2021 - 2022,2021,2022,72087.0,259153.0,3.6,3600.0,Wheat,Rabi,DES APY Query Report,/Users/aaryan/Downloads/ugp/expansion_2010_workspace/data/yields/des_apy_wheat_rabi_2010_2022.html,False,,,,
IND034075,Uttar Pradesh,Varanasi,2022 - 2023,2022,2023,70793.0,173726.0,2.45,2450.0,Wheat,Rabi,DES APY Query Report,/Users/aaryan/Downloads/ugp/expansion_2010_workspace/data/yields/des_apy_wheat_rabi_2010_2022.html,False,,,,
